gkg_record_id,date,source,url,headline,pipeline_stage,matcher_decision,trading_date,human_label,notes
20240101003000-591,20240101003000,indiatimes.com,https://economictimes.indiatimes.com/markets/stocks/news/after-a-lacklustre-2023-will-2024-be-a-year-of-mega-caps/articleshow/106428572.cms,"market: After a lacklustre 2023, will 2024 be a year of mega-caps?",REJECTED_ENTITY_MATCHER,False,,NOT_RELEVANT,No Axis Bank in headline — V2Org-only retrieval match
20240101021500-248,20240101021500,indiatimes.com,https://economictimes.indiatimes.com/markets/stocks/news/geopolitical-crises-crude-and-inflation-d-streets-top-concerns/articleshow/106428769.cms,"equities: Geopolitical crises, crude and inflation D-Street's top concerns",REJECTED_ENTITY_MATCHER,False,,NOT_RELEVANT,Unrelated topic — no Axis Bank material
20240101051500-337,20240101051500,thehindubusinessline.com,https://www.thehindubusinessline.com/markets/markets-off-to-weak-start-on-first-day-of-trade-of-2024/article67694596.ece,Markets off to weak start on first day of trade of 2024 - The Hindu BusinessLine,REJECTED_ENTITY_MATCHER,False,,NOT_RELEVANT,No Axis Bank in headline — V2Org-only retrieval match
20240101051500-T580,20240101051500,indiatimes.com,https://navbharattimes.indiatimes.com/business/share-market/share-news/sensex-starts-2024-on-tepid-note-drops-100-points-nifty-near-21700/articleshow/106432200.cms,"नए साल में कैसी रही शेयर मार्केट की शुरुआत, किन शेयरों में आई तेजी और किनमें रही गिरावट? यहां जानिए सबकुछ",REJECTED_ENTITY_MATCHER,False,,NOT_RELEVANT,No Axis Bank in headline — V2Org-only retrieval match
20240101060000-361,20240101060000,news18.com,https://www.news18.com/business/stock-market-updates-today-news-sensex-nifty-january-1-8724065.html,"Stock Market Updates: 2024 Sees A Flat Start, Sensex Down 207 Pts, Nifty Declines By 46 Pts",REJECTED_ENTITY_MATCHER,False,,NOT_RELEVANT,Generic market roundup/index update
20240101061500-575,20240101061500,thehindu.com,https://www.thehindu.com/business/markets/markets-off-to-weak-start-on-first-day-of-trade-of-2024/article67694610.ece,Markets off to weak start on first day of trade of 2024,REJECTED_ENTITY_MATCHER,False,,NOT_RELEVANT,No Axis Bank in headline — V2Org-only retrieval match
20240101063000-570,20240101063000,theweek.in,https://www.theweek.in/news/biz-tech/2024/01/01/markets-off-to-weak-start-on-first-trading-day-of-2024.html,Markets off to weak start on first trading day of 2024,REJECTED_ENTITY_MATCHER,False,,NOT_RELEVANT,No Axis Bank in headline — V2Org-only retrieval match
20240101063000-577,20240101063000,theweek.in,https://www.theweek.in/wire-updates/business/2024/01/01/del6-biz-stocks-open.html,Markets off to weak start on first day of trade of 2024,REJECTED_ENTITY_MATCHER,False,,NOT_RELEVANT,No Axis Bank in headline — V2Org-only retrieval match
20240101064500-570,20240101064500,indiatimes.com,https://economictimes.indiatimes.com/markets/stocks/stock-watch/stock-market-update-nifty-bank-index-falls-0-45-in-a-weak-market/articleshow/106437318.cms,Indices: Stock market update: Nifty Bank index falls 0.45% in a weak market,REJECTED_ENTITY_MATCHER,False,,NOT_RELEVANT,Generic market roundup/index update
20240101070000-85,20240101070000,telegraphindia.com,https://www.telegraphindia.com/feeds/business/markets-off-to-weak-start-on-first-day-of-trade-of-2024/cid/1990720,Stock market | Markets off to weak start on first day of trade of 2024,REJECTED_ENTITY_MATCHER,False,,NOT_RELEVANT,No Axis Bank in headline — V2Org-only retrieval match
20240101070000-209,20240101070000,telegraphindia.com,https://www.telegraphindia.com/business/markets-off-to-weak-start-on-first-day-of-trade-of-2024/cid/1990720,Stock market | Markets off to weak start on first day of trade of 2024,REJECTED_ENTITY_MATCHER,False,,NOT_RELEVANT,No Axis Bank in headline — V2Org-only retrieval match
20240101073000-419,20240101073000,businesstoday.in,https://www.businesstoday.in/personal-finance/investment/story/senior-citizen-investment-tools-senior-citizen-savings-scheme-vs-fds-for-senior-which-one-is-better-411429-2024-01-01,"Senior citizen investment tools: Senior Citizen Savings Scheme vs FDs for senior, which one is better",REJECTED_ENTITY_MATCHER,False,,NOT_RELEVANT,No Axis Bank in headline — V2Org-only retrieval match
20240101080000-T50,20240101080000,punjabkesari.in,https://www.punjabkesari.in/business/news/weak-start-to-the-new-year-bse-slipped-100-points-1922900,"नए साल की कमजोर शुरुआत, सेंसेक्स 100 अंक फिसला - weak start to the new year bse slipped 100 points",REJECTED_ENTITY_MATCHER,False,,NOT_RELEVANT,No Axis Bank in headline — V2Org-only retrieval match
20240101080000-T53,20240101080000,tarunmitra.in,https://www.tarunmitra.in/article/10831/continuous-decline-in-the-stock-market-let-us-know-the,"शेयर बाजार में लगातार गिरावट, आइये जाने वैश्विक बाजार का हाल…",REJECTED_ENTITY_MATCHER,False,,NOT_RELEVANT,No Axis Bank in headline — V2Org-only retrieval match
20240101084500-T420,20240101084500,pardaphash.com,https://hindi.pardaphash.com/shuats-university-vice-chancellor-prof-rb-lals-crime-horoscope-of-25-years-two-brothers-are-in-jail-and-search-for-the-third-continues/,"SHUATS University : कुलपति प्रो. आरबी लाल की पढ़ें 25 साल की क्राइम कुंडली,दो भाई जेल में और तीसरे की तलाश जारी",REJECTED_ENTITY_MATCHER,False,,NOT_RELEVANT,No Axis Bank in headline — V2Org-only retrieval match
20240101090000-68,20240101090000,india.com,https://zeenews.india.com/markets/markets-off-to-weak-start-on-first-day-of-trade-of-2024-2704856.html,Markets Off To Weak Start On First Day Of Trade Of 2024,REJECTED_ENTITY_MATCHER,False,,NOT_RELEVANT,No Axis Bank in headline — V2Org-only retrieval match
20240101111500-257,20240101111500,indiatimes.com,https://economictimes.indiatimes.com/markets/stocks/news/sensex-nifty-close-flat-in-new-years-first-trading-session-dragged-by-banking-stocks/articleshow/106453315.cms,"sensex today: Sensex, Nifty kick off 2024 on a flat note dragged by banking, auto stocks",REJECTED_ENTITY_MATCHER,False,,NOT_RELEVANT,No Axis Bank in headline — V2Org-only retrieval match
20240101113000-724,20240101113000,indiatimes.com,https://economictimes.indiatimes.com/markets/stocks/stock-watch/stock-market-update-nifty-bank-index-falls-0-45/articleshow/106453803.cms,Indices: Stock market update: Nifty Bank index falls 0.45%,REJECTED_ENTITY_MATCHER,False,,NOT_RELEVANT,Generic market roundup/index update
20240101120000-480,20240101120000,indiatimes.com,https://economictimes.indiatimes.com/markets/options/nifty-bank-closes-lower-amid-profit-booking-48000-may-act-as-strong-support/articleshow/106454451.cms,"nifty bank: Nifty Bank closes lower amid profit-booking; 48,000 may act as strong support",REJECTED_ENTITY_MATCHER,False,,NOT_RELEVANT,Generic market roundup/index update
20240101140000-65,20240101140000,eturbonews.com,https://eturbonews.com/indian-banks-cashing-domestic-travel-industry-growth/,Indian banks cashing in on domestic travel industry growth,REJECTED_ENTITY_MATCHER,False,,NOT_RELEVANT,No Axis Bank in headline — V2Org-only retrieval match
20240101141500-847,20240101141500,indiatimes.com,https://economictimes.indiatimes.com/markets/bonds/sale-of-30th-tranche-of-electoral-bonds-to-start-on-tuesday/articleshow/106456657.cms,electoral bonds: Sale of 30th tranche of electoral bonds to start on Tuesday,REJECTED_ENTITY_MATCHER,False,,NOT_RELEVANT,No Axis Bank in headline — V2Org-only retrieval match
20240101151500-180,20240101151500,indiablooms.com,https://www.indiablooms.com/finance-details/19676/indian-market-marginally-rises-by-31-68-points-to-touch-72-271-94-on-new-year-s-day.html,"Indian market marginally rises by 31.68 points to touch 72,271.94 on New Year's Day | Indiablooms - First Portal on Digital News Management",REJECTED_ENTITY_MATCHER,False,,NOT_RELEVANT,No Axis Bank in headline — V2Org-only retrieval match
20240101164500-535,20240101164500,trak.in,https://trak.in/stories/leverage-upi-for-investing-in-stock-market-upi-for-secondary-market-launches-from-january-1-2024/,"Leverage UPI For Investing In Stock Market: UPI For Secondary Market Launches From January 1, 2024 - Trak.in",REJECTED_ENTITY_MATCHER,False,,NOT_RELEVANT,Unrelated topic — no Axis Bank material
20240101173000-T1522,20240101173000,nobat.com,https://www.nobat.com/news5652-nd-3a2f0094313238313539.html,નિફ્ટી ફયુચર ૨૧૭૬૭ પોઈન્ટ મહત્ત્વની સપાટી...!!!,REJECTED_ENTITY_MATCHER,False,,NOT_RELEVANT,No Axis Bank in headline — V2Org-only retrieval match
20240101183000-714,20240101183000,centralchronicle.com,https://www.centralchronicle.com/sensex-improves-31-pts/,Sensex improves 31 pts – Central India's Premier English Daily,REJECTED_ENTITY_MATCHER,False,,NOT_RELEVANT,No Axis Bank in headline — V2Org-only retrieval match
20240101191500-18,20240101191500,moneycontrol.com,https://www.moneycontrol.com/news/business/hdfc-bank-goes-live-with-upi-in-secondary-market-platform-11984581.html,HDFC Bank goes live with UPI in secondary market platform,REJECTED_ENTITY_MATCHER,False,,NOT_RELEVANT,No Axis Bank in headline — V2Org-only retrieval match
20240101191500-551,20240101191500,prokerala.com,https://www.prokerala.com/news/articles/a1492967.html,Key UPI transaction changes that come into effect in New Year,REJECTED_ENTITY_MATCHER,False,,NOT_RELEVANT,Unrelated topic — no Axis Bank material
20240101203000-630,20240101203000,menafn.com,https://menafn.com/1107674190/Apple-Watch-Series-8-Available-For-Rs-23749-Check-Put-Flipkart-Deal-Details,"Apple Watch Series 8 Available For Rs 23,749? Check Put Flipkart Deal Details",REJECTED_ENTITY_MATCHER,False,,NOT_RELEVANT,Unrelated topic — no Axis Bank material
20240101214500-817,20240101214500,hindustantimes.com,https://www.hindustantimes.com/india-news/jewel-thief-in-bihar-jail-behind-spate-of-heists-101704133467945.html,Jewel thief in Bihar jail behind spate of heists?,REJECTED_ENTITY_MATCHER,False,,NOT_RELEVANT,Unrelated topic — no Axis Bank material
20240101220000-483,20240101220000,financialexpress.com,https://www.financialexpress.com/business/banking-finance-banks-fd-rates-unlikely-to-rise-further-in-2024-3352690/,Banks' FD rates unlikely to rise further in 2024 - Banking & Finance News,REJECTED_ENTITY_MATCHER,False,,NOT_RELEVANT,No Axis Bank in headline — V2Org-only retrieval match
20240102010000-655,20240102010000,indiatimes.com,https://economictimes.indiatimes.com/markets/stocks/news/most-sectors-now-overvalued-some-stocks-hold-promise-kotak-institutional-equities/articleshow/106462053.cms,"sectors: Most sectors now overvalued, some stocks hold promise: Kotak Institutional Equities",REJECTED_ENTITY_MATCHER,False,,NOT_RELEVANT,No Axis Bank in headline — V2Org-only retrieval match
20240102010000-69,20240102010000,indiatimes.com,https://economictimes.indiatimes.com/markets/stocks/news/ashok-vaswani-assumes-charge-as-kotak-banks-md-and-ceo/articleshow/106462046.cms,Ashok Vaswani assumes charge as Kotak Bank's MD and CEO,REJECTED_ENTITY_MATCHER,False,,NOT_RELEVANT,No Axis Bank in headline — V2Org-only retrieval match
20240102030000-419,20240102030000,indiatimes.com,https://economictimes.indiatimes.com/markets/commodities/news/gold-kicks-off-2024-on-higher-note-on-us-fed-rate-cut-hopes/articleshow/106463056.cms,Gold prices: Gold kicks off 2024 on higher note on US Fed rate-cut hopes,REJECTED_ENTITY_MATCHER,False,,NOT_RELEVANT,No Axis Bank in headline — V2Org-only retrieval match
20240102034500-652,20240102034500,businesstoday.in,https://www.businesstoday.in/technology/news/story/hdfc-bank-goes-live-with-upi-for-secondary-market-facility-in-stock-trading-see-details-411477-2024-01-02,HDFC Bank goes live with 'UPI for secondary market' facility in stock trading; see details,REJECTED_ENTITY_MATCHER,False,,NOT_RELEVANT,Unrelated topic — no Axis Bank material
20240102050000-235,20240102050000,indiatimes.com,https://timesofindia.indiatimes.com/city/ludhiana/man-runs-online-search-for-car-dealership-process-loses-65l/articleshow/106464477.cms,"Man Runs Online Search For Car Dealership Process, Loses 65l | Ludhiana News",REJECTED_ENTITY_MATCHER,False,,NOT_RELEVANT,No Axis Bank in headline — V2Org-only retrieval match
20240102050000-237,20240102050000,moneycontrol.com,https://www.moneycontrol.com/news/business/markets/nifty-sensex-open-marginally-in-red-volatility-to-persist-in-markets-analysts-11986101.html,"Nifty, Sensex open marginally in red, volatility to persist in markets: Analysts",REJECTED_ENTITY_MATCHER,False,,NOT_RELEVANT,No Axis Bank in headline — V2Org-only retrieval match
20240102053000-10,20240102053000,livemint.com,https://www.livemint.com/market/stock-market-news/jefferies-states-key-reasons-why-markets-could-scale-new-highs-nifty-december2024-target-stands-at-24000-11704166912236.html,Jefferies states key reasons why markets could scale new highs,REJECTED_ENTITY_MATCHER,False,,NOT_RELEVANT,No Axis Bank in headline — V2Org-only retrieval match
20240102053000-206,20240102053000,livemint.com,https://www.livemint.com/money/personal-finance/axis-bank-my-zone-credit-card-here-are-its-rewards-benefits-and-more-11703144057239.html,"Axis Bank My Zone Credit Card: Here are its rewards, benefits and more",ACCEPTED,True,2024-01-02,DIRECTLY_RELEVANT,Matches pattern: axis\s+bank.*(?:credit\s+card|debit\s+card|my\s+zone)
20240102060000-816,20240102060000,indiatimes.com,https://economictimes.indiatimes.com/markets/stocks/news/24k-in-2024-nifty-can-deliver-double-digit-returns-says-jefferies-adds-adani-ports/articleshow/106469548.cms,"nifty 2024 target: 24K in 2024? Nifty can deliver double-digit returns, says Jefferies, adds Adani Ports",REJECTED_ENTITY_MATCHER,False,,NOT_RELEVANT,No Axis Bank in headline — V2Org-only retrieval match
20240102074500-728,20240102074500,businesstoday.in,https://www.businesstoday.in/markets/stock-picks/story/adani-ports-icici-bank-jsw-energy-bharti-airtel-shares-among-jefferies-top-india-2024-picks-411491-2024-01-02,"Adani Ports, ICICI Bank, JSW Energy, Bharti Airtel shares among Jefferies' top India 2024 picks",REJECTED_ENTITY_MATCHER,False,,NOT_RELEVANT,No Axis Bank in headline — V2Org-only retrieval match
20240102074500-697,20240102074500,businesstoday.in,https://www.businesstoday.in/personal-finance/news/story/from-road-trips-to-international-vacations-how-credit-cards-help-you-save-on-travel-during-this-holiday-season-411506-2024-01-02,From road trips to international vacations: How credit cards help you save on travel during this holiday season,REJECTED_ENTITY_MATCHER,False,,NOT_RELEVANT,No Axis Bank in headline — V2Org-only retrieval match
20240102074500-112,20240102074500,moneylife.in,https://www.moneylife.in/article/key-upi-transaction-changes-that-come-into-effect-in-new-year/73008.html,Key UPI transaction changes that come into effect in New Year,REJECTED_ENTITY_MATCHER,False,,NOT_RELEVANT,Unrelated topic — no Axis Bank material
20240102083000-T1967,20240102083000,vtvgujarati.com,https://www.vtvgujarati.com/news-details/stock-market-rumbles-for-second-day-in-a-row-in-the-new-year-sensex-tumbles-see-which,"નવા વર્ષમાં સતત બીજા દિવસે શેર માર્કેટ કડડભૂસ: સેન્સેક્સનો કચ્ચરઘાણ, જુઓ કયા શેરમાં નુકસાન, અને કયા શેરમાં તેજી / Stock market rumbles for second day in a row in the new year: Sensex tumbles, see which stocks lose, which stocks gain",REJECTED_ENTITY_MATCHER,False,,NOT_RELEVANT,No Axis Bank in headline — V2Org-only retrieval match
20240102083000-521,20240102083000,livemint.com,https://www.livemint.com/money/personal-finance/up-to-7-50-fd-interest-rate-bank-of-india-launches-super-special-fixed-deposit-scheme-11704178081852.html,Up to 7.50% FD interest rate: Bank of India launches super special fixed deposit scheme,REJECTED_ENTITY_MATCHER,False,,NOT_RELEVANT,No Axis Bank in headline — V2Org-only retrieval match
20240102084500-203,20240102084500,ibtimes.co.in,https://www.ibtimes.co.in/key-upi-transaction-changes-that-come-into-effect-new-year-865091,Key UPI transaction changes that come into effect in New Year,REJECTED_ENTITY_MATCHER,False,,NOT_RELEVANT,Unrelated topic — no Axis Bank material
20240102091500-99,20240102091500,thestatesman.com,https://www.thestatesman.com/business/key-upi-transaction-changes-that-come-into-effect-in-new-year-1503255404.html,Key UPI transaction changes that come into effect in New Year,REJECTED_ENTITY_MATCHER,False,,NOT_RELEVANT,Unrelated topic — no Axis Bank material
20240102094500-825,20240102094500,siasat.com,https://www.siasat.com/key-upi-transaction-changes-that-come-into-effect-in-new-year-2947331/,Key UPI transaction changes that come into effect in New Year,REJECTED_ENTITY_MATCHER,False,,NOT_RELEVANT,Unrelated topic — no Axis Bank material
20240102110000-T2684,20240102110000,livehindustan.com,https://www.livehindustan.com/gadgets/story-redmi-note-12-price-cut-in-india-ahead-of-redmi-note-13-launch-check-all-deals-and-offer-9146789.html,"Redmi Note 12 price cut in India ahead of Redmi Note 13 launch check all deals and offer - Tech news hindi - बड़ा तोहफा: Redmi Note 13 के आने से पहले 3,000 रुपए सस्ता हुआ Note 12, खरीदने की मची होड़, गैजेट्स न्यूज",REJECTED_ENTITY_MATCHER,False,,NOT_RELEVANT,Unrelated topic — no Axis Bank material
20240102120000-T795,20240102120000,nobat.com,https://www.nobat.com/news8489-nd-3a2f0094313238313539.html,નિફ્ટી ફયુચર ૨૧૮૦૮ પોઈન્ટ મહત્ત્વની સપાટી...!!!,REJECTED_ENTITY_MATCHER,False,,NOT_RELEVANT,No Axis Bank in headline — V2Org-only retrieval match
20240102120000-1060,20240102120000,ibsintelligence.com,https://ibsintelligence.com/ibsi-news/7-major-credit-card-launches-in-december-2023-in-apac/,7 Major Credit Card launches in December 2023 in APAC,REJECTED_ENTITY_MATCHER,False,,NOT_RELEVANT,No Axis Bank in headline — V2Org-only retrieval match
20240102121500-T537,20240102121500,maalaimalar.com,https://www.maalaimalar.com:443/technology/mobilephone/redmi-note-12-4g-price-india-discount-696478,ரெட்மி நோட் ஸ்மார்ட்போனுக்கு ரூ. 4500 வரை தள்ளுபடி அறிவிப்பு.. சியோமி அசத்தல்,REJECTED_ENTITY_MATCHER,False,,NOT_RELEVANT,No Axis Bank in headline — V2Org-only retrieval match
20240102144500-T189,20240102144500,indiatimes.com,https://navbharattimes.indiatimes.com/business/share-market/share-news/stock-market-sensex-drops-379-pts-nifty-nears-21650-amid-covid-scare/articleshow/106486021.cms,"Stock Market: नए साल में दूसरे दिन गिरा शेयर बाजार, सेंसेक्स-निफ्टी लाल निशान पर बंद, जानिए क्या है वजह",REJECTED_ENTITY_MATCHER,False,,NOT_RELEVANT,No Axis Bank in headline — V2Org-only retrieval match
20240102163000-T8,20240102163000,nobat.com,https://www.nobat.com/news5901-nd-3a2f0094313238313539.html,નિફ્ટી ફયુચર ૨૧૮૦૮ પોઈન્ટ મહત્ત્વની સપાટી...!!!,REJECTED_ENTITY_MATCHER,False,,NOT_RELEVANT,No Axis Bank in headline — V2Org-only retrieval match
20240102163000-189,20240102163000,moneycontrol.com,https://www.moneycontrol.com/news/business/markets/banks-valuations-look-reasonable-2024s-credit-growth-to-be-around-15-jefferies-11989681.html,"Banks' valuations look reasonable, 2024's credit growth to be around 15%: Jefferies",REJECTED_ENTITY_MATCHER,False,,NOT_RELEVANT,No Axis Bank in headline — V2Org-only retrieval match
20240102163000-1354,20240102163000,newkerala.com,https://www.newkerala.com/news/2024/116.htm,Key UPI transaction changes that come into effect in New Year,REJECTED_ENTITY_MATCHER,False,,NOT_RELEVANT,Unrelated topic — no Axis Bank material
20240102163000-558,20240102163000,thehindubusinessline.com,https://www.thehindubusinessline.com/markets/alok-industries-shares-soar-on-3300-cr-fund-infusion-by-ril/article67698666.ece,"Alok Industries' shares soar on ₹3,300-cr fund infusion by RIL",REJECTED_ENTITY_MATCHER,False,,NOT_RELEVANT,No Axis Bank in headline — V2Org-only retrieval match
20240102181500-998,20240102181500,livemint.com,https://www.livemint.com/companies/news/bombay-hc-asks-zee-promoter-to-deposit-61-6-crore-over-default-to-axis-finance-11704214694966.html,Bombay HC asks Zee promoter to deposit ₹61.6 crore over default to Axis Finance,REJECTED_ENTITY_MATCHER,False,,NOT_RELEVANT,Axis Finance subsidiary — no parent bank nexus
20240102214500-507,20240102214500,menafn.com,https://menafn.com/1107678157/The-Launch-Of-UPI-For-Secondary-Market-Is-Set-To-Commence-In-Its-Beta-Phase,The Launch Of 'UPI For Secondary Market' Is Set To Commence In Its Beta Phase,REJECTED_ENTITY_MATCHER,False,,NOT_RELEVANT,Unrelated topic — no Axis Bank material
20240103014500-490,20240103014500,indiatimes.com,https://economictimes.indiatimes.com/markets/stocks/news/radhakishan-damani-acquires-1-4-more-in-vst-industries/articleshow/106497583.cms,Radhakishan Damani: Radhakishan Damani acquires 1.4% more in VST Industries,REJECTED_ENTITY_MATCHER,False,,NOT_RELEVANT,No Axis Bank in headline — V2Org-only retrieval match
20240103021500-460,20240103021500,moneycontrol.com,https://www.moneycontrol.com/news/business/markets/stock-market-today-top-10-things-to-know-before-the-market-opens-202-11986291.html,Stock Market Today: Top 10 things to know before the market opens,REJECTED_ENTITY_MATCHER,False,,NOT_RELEVANT,Generic market roundup/index update
20240103034500-463,20240103034500,indiatimes.com,https://economictimes.indiatimes.com/markets/stocks/news/philippines-stock-exchange-halts-trading/articleshow/106499754.cms,Philippines Stock Exchange: Philippines stock exchange halts trading,REJECTED_ENTITY_MATCHER,False,,NOT_RELEVANT,No Axis Bank in headline — V2Org-only retrieval match
20240103041500-685,20240103041500,forbes.com,https://www.forbes.com/sites/shivaramrajgopal/2024/01/02/tarred-by-the-same-brush-how-do-index-makers-deal-with-corporate-governance/,Tarred By The Same Brush: How Do Index Makers Deal With Corporate Governance?,REJECTED_ENTITY_MATCHER,False,,NOT_RELEVANT,No Axis Bank in headline — V2Org-only retrieval match
20240103043000-1352,20240103043000,indiatimes.com,https://economictimes.indiatimes.com/markets/options/fo-ban-list-iex-sail-among-6-stocks-under-trade-ban-on-wednesday/articleshow/106500446.cms,"stocks in f&o ban today: F&O Ban List: IEX, SAIL among 6 stocks under trade ban on Wednesday",REJECTED_ENTITY_MATCHER,False,,NOT_RELEVANT,No Axis Bank in headline — V2Org-only retrieval match
20240103051500-1013,20240103051500,businesstoday.in,https://www.businesstoday.in/markets/market-commentary/story/sensex-falls-over-200-points-nifty-tests-21600-national-aluminium-vodafone-idea-mphasis-slip-up-to-3-411660-2024-01-03,"Sensex falls over 200 points, Nifty tests 21,600; National Aluminium, Vodafone Idea & Mphasis slip up to 3%",REJECTED_ENTITY_MATCHER,False,,NOT_RELEVANT,No Axis Bank in headline — V2Org-only retrieval match
20240103053000-150,20240103053000,indiatimes.com,https://economictimes.indiatimes.com/markets/stocks/stock-watch/stock-market-update-power-stocks-up-as-market-falls/articleshow/106503114.cms,Stock Market Sectors: Stock market update: Power stocks up as market falls,REJECTED_ENTITY_MATCHER,False,,NOT_RELEVANT,Generic market roundup/index update
20240103053000-710,20240103053000,indiatimes.com,https://economictimes.indiatimes.com/markets/stocks/news/hrh-next-services-debuts-on-nse-sme-with-14-premium/articleshow/106502164.cms,HRH Next Services debuts on NSE SME with 14% premium,REJECTED_ENTITY_MATCHER,False,,NOT_RELEVANT,No Axis Bank in headline — V2Org-only retrieval match
20240103061500-675,20240103061500,indiatimes.com,https://economictimes.indiatimes.com/markets/stocks/stock-watch/stock-market-update-mining-stocks-down-as-market-falls/articleshow/106504419.cms,Stock Market Sectors: Stock market update: Mining stocks down as market falls,REJECTED_ENTITY_MATCHER,False,,NOT_RELEVANT,Generic market roundup/index update
20240103073000-41,20240103073000,indiatimes.com,https://economictimes.indiatimes.com/markets/expert-view/chakri-lokapriya-on-his-top-largecap-midcap-and-smallcap-ideas-for-2024/articleshow/106507267.cms,"stock picks fpr 2024: Chakri Lokapriya on his top largecap, midcap and smallcap ideas for 2024",REJECTED_ENTITY_MATCHER,False,,NOT_RELEVANT,No Axis Bank in headline — V2Org-only retrieval match
20240103084500-1072,20240103084500,indiatimes.com,https://retail.economictimes.indiatimes.com/news/food-entertainment/food-services/vro-hospitality-raises-10-million-in-bridge-round-to-aid-expansion-plans/106504428,"VRO Hospitality raises $10 million in bridge round to aid expansion plans, ET Retail",REJECTED_ENTITY_MATCHER,False,,NOT_RELEVANT,Minor startup investment by Axis Bank — not material parent event
20240103094500-447,20240103094500,businesstoday.in,https://www.businesstoday.in/markets/stock-picks/story/paytm-sbi-axis-icici-kotak-bank-hdfc-bank-shares-bernstein-sees-up-to-47-upside-heres-why-411692-2024-01-03,"Paytm, SBI, Axis, ICICI, Kotak Bank, HDFC Bank shares: Bernstein sees up to 47% upside. Here's why",REJECTED_ENTITY_MATCHER,False,,NOT_RELEVANT,No Axis Bank in headline — V2Org-only retrieval match
20240103104500-1192,20240103104500,indiatimes.com,https://economictimes.indiatimes.com/markets/stocks/news/sensex-extends-losing-run-to-2nd-day-slides-536-pts-nifty-below-21550-ahead-of-fed-minutes/articleshow/106514979.cms,"Sensex extends losing run to 2nd day, slides 536 pts; Nifty below 21,550 ahead of Fed minute",REJECTED_ENTITY_MATCHER,False,,NOT_RELEVANT,No Axis Bank in headline — V2Org-only retrieval match
20240103110000-899,20240103110000,thehindubusinessline.com,https://www.thehindubusinessline.com/companies/vro-hospitality-raises-10-million-in-bridge-round/article67698877.ece,VRO Hospitality raises $10 million in bridge round - The Hindu BusinessLine,REJECTED_ENTITY_MATCHER,False,,NOT_RELEVANT,Minor startup investment by Axis Bank — not material parent event
20240103111500-730,20240103111500,thehindubusinessline.com,https://www.thehindubusinessline.com/companies/pe-exits-worth-97500-crore-seen-in-2023-as-indian-equities-sizzled/article67701544.ece,"PE exits worth ₹97,500 crore seen in 2023 as Indian equities sizzled",REJECTED_ENTITY_MATCHER,False,,NOT_RELEVANT,Unrelated topic — no Axis Bank material
20240103113000-426,20240103113000,indiatimes.com,https://economictimes.indiatimes.com/markets/options/nifty-bank-falls-for-4th-day-in-a-row-next-support-seen-at-20-dma/articleshow/106516793.cms,nifty bank: Nifty Bank falls for 4th day in a row; next support seen at 20-DMA,REJECTED_ENTITY_MATCHER,False,,NOT_RELEVANT,Generic market roundup/index update
20240103113000-720,20240103113000,indiatimes.com,https://economictimes.indiatimes.com/wealth/invest/3-year-potd-interest-rate-hiked-fd-rates-of-sbi-vs-icici-bank-vs-hdfc-bank-vs-pnb-vs-post-office-time-deposit/articleshow/106516301.cms,3-year POTD interest rate hiked; FD rates of SBI vs ICICI Bank vs HDFC Bank vs PNB vs post office time deposit,REJECTED_ENTITY_MATCHER,False,,NOT_RELEVANT,No Axis Bank in headline — V2Org-only retrieval match
20240103120000-T311,20240103120000,nobat.com,https://www.nobat.com/news1254-nd-3a2f0094313238313539.html,નિફ્ટી ફયુચર ૨૧૬૦૬ પોઈન્ટ મહત્ત્વની સપાટી...!!!,REJECTED_ENTITY_MATCHER,False,,NOT_RELEVANT,No Axis Bank in headline — V2Org-only retrieval match
20240103120000-264,20240103120000,indiatimes.com,https://economictimes.indiatimes.com/markets/stocks/stock-watch/stock-market-update-nifty-bank-index-falls-0-45/articleshow/106517209.cms,Indices: Stock market update: Nifty Bank index falls 0.45%,REJECTED_ENTITY_MATCHER,False,,NOT_RELEVANT,Generic market roundup/index update
20240103120000-965,20240103120000,businesstoday.in,https://www.businesstoday.in/markets/market-commentary/story/riding-the-rally-record-pe-vc-exits-in-2023-worth-rs-97500-crore-check-details-here-411715-2024-01-03,"Riding the rally: Record PE, VC exits in 2023 worth Rs 97,500 crore; check details here",REJECTED_ENTITY_MATCHER,False,,NOT_RELEVANT,No Axis Bank in headline — V2Org-only retrieval match
20240103143000-117,20240103143000,livemint.com,https://www.livemint.com/money/personal-finance/fd-rate-hikes-latest-fixed-deposit-rates-by-sbi-hdfc-bank-icici-bank-axis-bank-dcb-bank-bank-of-baroda-11704283999893.html,"FD rate hikes: Latest fixed deposit rates by 6 major lenders including SBI, HDFC Bank and ICICI Bank",REJECTED_ENTITY_MATCHER,False,,NOT_RELEVANT,No Axis Bank in headline — V2Org-only retrieval match
20240103154500-787,20240103154500,thehindubusinessline.com,https://www.thehindubusinessline.com/markets/pe-exits-worth-97500-crore-seen-in-2023-as-indian-equities-sizzled/article67701544.ece,"PE exits worth ₹97,500 crore seen in 2023 as Indian equities sizzled",REJECTED_ENTITY_MATCHER,False,,NOT_RELEVANT,Unrelated topic — no Axis Bank material
20240103163000-779,20240103163000,investegate.co.uk,https://www.investegate.co.uk:443/announcement/rns/axis-bank-limited--axb/board-meeting-intimation-/7973644,Investegate | Company Announcement,REJECTED_ENTITY_MATCHER,False,,NOT_RELEVANT,Unrelated topic — no Axis Bank material
20240103173000-930,20240103173000,indiatimes.com,https://economictimes.indiatimes.com/news/economy/indicators/global-turmoil-may-restrict-domestic-impact-say-economists/articleshow/106523625.cms,"Global turmoil may restrict domestic impact, say economists",REJECTED_ENTITY_MATCHER,False,,NOT_RELEVANT,Unrelated topic — no Axis Bank material
20240103193000-433,20240103193000,indiatimes.com,https://economictimes.indiatimes.com/news/economy/indicators/indias-no-longer-fragile-can-weather-global-market-volatility/articleshow/106524747.cms,"global financial markets: India's no longer 'fragile', can weather global market volatility",REJECTED_ENTITY_MATCHER,False,,NOT_RELEVANT,No Axis Bank in headline — V2Org-only retrieval match
20240103204500-T209,20240103204500,digit.in,https://www.digit.in/ml/news/mobile-phones/new-year-deal-google-pixel-7-pro-at-a-special-price-of-rs-48999.html,"New Year Deal: 48,999 രൂപയ്ക്ക് സ്പെഷ്യൽ ഓഫറിൽ Google Pixel 7 Pro ഇപ്പോൾ വാങ്ങാം...",REJECTED_ENTITY_MATCHER,False,,NOT_RELEVANT,Unrelated topic — no Axis Bank material
20240103211500-863,20240103211500,businesstelegraph.co.uk,https://www.businesstelegraph.co.uk/global-turmoil-may-restrict-domestic-impact-say-economists/,"Global turmoil may restrict domestic impact, say economists",REJECTED_ENTITY_MATCHER,False,,NOT_RELEVANT,Unrelated topic — no Axis Bank material
20240104013000-296,20240104013000,indiatimes.com,https://economictimes.indiatimes.com/markets/stocks/news/future-enterprises-lenders-appoint-pwc-as-sale-advisor/articleshow/106527770.cms,Future enterprises' lenders appoint PwC as sale advisor,REJECTED_ENTITY_MATCHER,False,,NOT_RELEVANT,No Axis Bank in headline — V2Org-only retrieval match
20240104030000-1299,20240104030000,yourstory.com,https://social.yourstory.com:443/2024/01/funding-vro-hospitality-usd-10-million-nikhil-kamath-gruhas-axis-bank,VRO Hospitality raises $10M in bridge round led by Axis Bank and Nikhil Kamath's Gruhas,ACCEPTED,True,2024-01-04,NOT_RELEVANT,Minor startup investment by Axis Bank — not material parent event
20240104040000-1015,20240104040000,yourstory.com,https://her.yourstory.com:443/2024/01/funding-vro-hospitality-usd-10-million-nikhil-kamath-gruhas-axis-bank,VRO Hospitality raises $10M in bridge round led by Axis Bank and Nikhil Kamath's Gruhas,ACCEPTED,True,2024-01-04,NOT_RELEVANT,Minor startup investment by Axis Bank — not material parent event
20240104043000-714,20240104043000,yourstory.com,https://yourstory.com:443/2024/01/funding-vro-hospitality-usd-10-million-nikhil-kamath-gruhas-axis-bank,VRO Hospitality raises $10M in bridge round led by Axis Bank and Nikhil Kamath's Gruhas,ACCEPTED,True,2024-01-04,NOT_RELEVANT,Minor startup investment by Axis Bank — not material parent event
20240104051500-1140,20240104051500,indiatimes.com,https://economictimes.indiatimes.com/markets/stocks/stock-watch/stock-market-update-nifty-bank-index-advances-0-54-in-an-upbeat-market/articleshow/106532870.cms,Indices: Stock market update: Nifty Bank index advances 0.54% in an upbeat market,REJECTED_ENTITY_MATCHER,False,,NOT_RELEVANT,Generic market roundup/index update
20240104064500-1058,20240104064500,businesstoday.in,https://www.businesstoday.in/markets/market-commentary/story/sensex-jumps-over-300-points-nifty-tops-21600-torrent-power-adani-total-gas-surge-up-to-6-411804-2024-01-04,"Sensex jumps over 300 points, Nifty tops 21,600; Torrent Power, Adani Total Gas surge up to 6%",REJECTED_ENTITY_MATCHER,False,,NOT_RELEVANT,No Axis Bank in headline — V2Org-only retrieval match
20240104073000-806,20240104073000,moneycontrol.com,https://www.moneycontrol.com/news/business/mid-day-mood-nifty-reclaims-21600-as-investors-resume-buying-sensex-rises-450-points-11997111.html,"Mid-day Mood | Nifty reclaims 21,600 as investors resume buying, Sensex rises 450 points",REJECTED_ENTITY_MATCHER,False,,NOT_RELEVANT,No Axis Bank in headline — V2Org-only retrieval match
20240104074500-620,20240104074500,indiatimes.com,https://economictimes.indiatimes.com/wealth/save/upi-limit-for-payments-to-hospitals-and-educational-services-increased-to-rs-5-lakh-when-is-this-applicable/articleshow/106537878.cms,UPI limit for payments to hospitals and educational services increased to Rs 5 lakh; when is this applicable,REJECTED_ENTITY_MATCHER,False,,NOT_RELEVANT,No Axis Bank in headline — V2Org-only retrieval match
20240104081500-498,20240104081500,financialexpress.com,https://www.financialexpress.com/market/axis-bank-icici-bank-indusind-bank-sbi-bandhan-bank-remain-top-picks-for-jefferies-in-banking-sectornbsp-3355241/,"Axis Bank, ICICI Bank, IndusInd Bank, SBI, Bandhan Bank remain top picks for Jefferies in Banking sector - Market News",ACCEPTED,True,2024-01-04,DIRECTLY_RELEVANT,Axis Bank is primary subject
20240104103000-T351,20240104103000,livehindustan.com,https://www.livehindustan.com/business/story-bandhan-bank-result-share-hit-3-percent-top-pick-of-jefferies-deposit-detail-here-9155651.html,"Business News : Bandhan Bank result share hit 3 percent top pick of jefferies deposit detail here - Business News India - ₹1.17 लाख करोड़ डिपॉजिट वाले बैंक के शेयर ने चौंकाया, खरीदने की मची लूट",REJECTED_ENTITY_MATCHER,False,,NOT_RELEVANT,No Axis Bank in headline — V2Org-only retrieval match
20240104104500-266,20240104104500,livemint.com,https://www.livemint.com/market/stock-market-news/how-will-hdfc-bank-axis-bank-sbi-icici-kotak-perform-in-2024-5-key-trends-that-will-determine-banks-performance-11704357131792.html,"How will HDFC Bank, Axis Bank, SBI and others perform in 2024? 5 key trends that will determine banks' performance",ACCEPTED,True,2024-01-05,NOT_RELEVANT,Axis Bank incidentally mentioned in peer bank list
20240104104500-856,20240104104500,livemint.com,https://www.livemint.com/companies/company-results/q3-result-preview-banking-sectors-earnings-could-moderate-nim-compression-to-ease-from-q2-levels-says-motilal-oswal-11704359972859.html,"Q3 result preview: Banking sector's earnings could moderate; NIM compression to ease from Q2 levels, says Motilal Oswal",REJECTED_ENTITY_MATCHER,False,,NOT_RELEVANT,No Axis Bank in headline — V2Org-only retrieval match
20240104110000-959,20240104110000,zawya.com,https://www.zawya.com/en/world/indian-sub-continent/indias-digital-currency-transactions-top-1mln-day-in-dec-sources-b67gvgqo,India's digital currency transactions top 1mln/day in Dec -sources,REJECTED_ENTITY_MATCHER,False,,NOT_RELEVANT,No Axis Bank in headline — V2Org-only retrieval match
20240104110000-T1385,20240104110000,nobat.com,https://www.nobat.com/news8484-nd-3a2f0094313238313539.html,નિફ્ટી ફયુચર ૨૧૬૦૬ પોઈન્ટ મહત્ત્વની સપાટી...!!!,REJECTED_ENTITY_MATCHER,False,,NOT_RELEVANT,No Axis Bank in headline — V2Org-only retrieval match
20240104111500-189,20240104111500,hindustantimes.com,https://www.hindustantimes.com/cities/noida-news/godman-and-vice-chancellor-of-state-aided-varsity-in-the-dock-101704364267542.html,Godman and vice chancellor of state-aided varsity in the dock,REJECTED_ENTITY_MATCHER,False,,NOT_RELEVANT,No Axis Bank in headline — V2Org-only retrieval match
20240104113000-1080,20240104113000,indianexpress.com,https://indianexpress.com/article/business/market/markets-rebound-after-fall-sensex-jumps-9095172/,Markets rebound after falling for two days; Sensex jumps 491 points,REJECTED_ENTITY_MATCHER,False,,NOT_RELEVANT,No Axis Bank in headline — V2Org-only retrieval match
20240104113000-316,20240104113000,indiatimes.com,https://economictimes.indiatimes.com/markets/stocks/stock-watch/share-market-update-most-active-stocks-of-the-day-in-terms-of-traded-value/articleshow/106545906.cms,active stocks: Share market update: Most active stocks of the day in terms of traded value,REJECTED_ENTITY_MATCHER,False,,NOT_RELEVANT,Generic market roundup/index update
20240104114500-890,20240104114500,rediff.com,https://www.rediff.com/business/report/sensex-jumps-491-points-to-close-at-71848/20240104.htm,"Sensex jumps 491 points to close at 71,848",REJECTED_ENTITY_MATCHER,False,,NOT_RELEVANT,No Axis Bank in headline — V2Org-only retrieval match
20240104120000-489,20240104120000,thehindu.com,https://www.thehindu.com/business/markets/markets-rebound-after-falling-for-two-days-sensex-jumps-491-points/article67705590.ece,Markets rebound after falling for two days; Sensex jumps 491 points,REJECTED_ENTITY_MATCHER,False,,NOT_RELEVANT,No Axis Bank in headline — V2Org-only retrieval match
20240104121500-769,20240104121500,indiatimes.com,https://economictimes.indiatimes.com/markets/options/nifty-bank-snaps-4-day-losing-streak-next-target-seen-at-49500-50000/articleshow/106547133.cms,"nifty bank: Nifty Bank snaps 4-day losing streak; next target seen at 49,500-50,000",REJECTED_ENTITY_MATCHER,False,,NOT_RELEVANT,Generic market roundup/index update
20240104121500-1052,20240104121500,indiatimes.com,https://economictimes.indiatimes.com/markets/stocks/stock-watch/stock-market-update-nifty-bank-index-advances-1-03/articleshow/106547498.cms,Indices: Stock market update: Nifty Bank index advances 1.03%,REJECTED_ENTITY_MATCHER,False,,NOT_RELEVANT,Generic market roundup/index update
20240104123000-T1909,20240104123000,moneycontrol.com,https://hindi.moneycontrol.com/news/markets/stock-market-today-sensex-nifty-rise-after-two-days-of-profit-booking-investors-earns-over-rs-3-lakh-crore-1698231.html,"Share Market: शेयर बाजार में 2 दिन बाद लौटी रौनक, निवेशक मालामाल... ₹3.35 लाख करोड़ बढ़ी संपत्ति",REJECTED_ENTITY_MATCHER,False,,NOT_RELEVANT,No Axis Bank in headline — V2Org-only retrieval match
20240104124500-907,20240104124500,tribuneindia.com,https://www.tribuneindia.com/news/business/markets-rebound-after-falling-for-two-days-sensex-jumps-491-points-578215,Markets rebound after falling for two days; Sensex jumps 491 points,REJECTED_ENTITY_MATCHER,False,,NOT_RELEVANT,No Axis Bank in headline — V2Org-only retrieval match
20240104124500-1438,20240104124500,financialexpress.com,https://www.financialexpress.com/market/markets-rebound-after-falling-for-two-days-sensex-jumps-491-points-3355482/,Markets rebound after falling for two days; Sensex jumps 491 points,REJECTED_ENTITY_MATCHER,False,,NOT_RELEVANT,No Axis Bank in headline — V2Org-only retrieval match
20240104130000-220,20240104130000,livemint.com,https://www.livemint.com/market/stock-market-news/these-5-stocks-command-almost-70-of-the-nifty-50-gains-today-11704366862151.html,"These 5 stocks including HDFC Bank, Bajaj Finance command 71% of the Nifty 50 gains today",REJECTED_ENTITY_MATCHER,False,,NOT_RELEVANT,No Axis Bank in headline — V2Org-only retrieval match
20240104131500-1218,20240104131500,telegraphindia.com,https://www.telegraphindia.com/feeds/business/markets-rebound-after-falling-for-two-days-sensex-jumps-491-points/cid/1991523,Stock market | Markets rebound after falling for two days; Sensex jumps 491 points,REJECTED_ENTITY_MATCHER,False,,NOT_RELEVANT,No Axis Bank in headline — V2Org-only retrieval match
20240104133000-850,20240104133000,telegraphindia.com,https://www.telegraphindia.com/business/markets-rebound-after-falling-for-two-days-sensex-jumps-491-points/cid/1991523,Stock market | Markets rebound after falling for two days; Sensex jumps 491 points,REJECTED_ENTITY_MATCHER,False,,NOT_RELEVANT,No Axis Bank in headline — V2Org-only retrieval match
20240104133000-192,20240104133000,news18.com,https://www.news18.com/india/equity-investors-become-richer-by-rs-3-24-lakh-crore-as-markets-rally-8728127.html,Equity Investors Become Richer by Rs 3.24 Lakh Crore as Markets Rally,REJECTED_ENTITY_MATCHER,False,,NOT_RELEVANT,No Axis Bank in headline — V2Org-only retrieval match
20240104141500-189,20240104141500,theweek.in,https://www.theweek.in/news/biz-tech/2024/01/04/markets-rebound-after-falling-for-two-days-sensex-jumps-491-points.html,Markets rebound after falling for two days; Sensex jumps 491 points,REJECTED_ENTITY_MATCHER,False,,NOT_RELEVANT,No Axis Bank in headline — V2Org-only retrieval match
20240104141500-1049,20240104141500,livelaw.in,https://www.livelaw.in/round-ups/yearly/annual-digest-of-direct-tax-cases-supreme-court-high-court-245858,"Annual Digest Of Direct Tax Cases: January-December, 2023",REJECTED_ENTITY_MATCHER,False,,NOT_RELEVANT,Unrelated topic — no Axis Bank material
20240104141500-1312,20240104141500,financialexpress.com,https://www.financialexpress.com/market/equity-investors-become-richer-by-rs-3-24-lakh-crore-as-markets-rally-3355619/,Equity investors become richer by Rs 3.24 lakh crore as markets rally,REJECTED_ENTITY_MATCHER,False,,NOT_RELEVANT,No Axis Bank in headline — V2Org-only retrieval match
20240104141500-1054,20240104141500,thehindubusinessline.com,https://www.thehindubusinessline.com/markets/markets-rebound-after-falling-for-two-days-sensex-jumps-491-points/article67705560.ece,Markets rebound after falling for two days; Sensex jumps 491 points,REJECTED_ENTITY_MATCHER,False,,NOT_RELEVANT,No Axis Bank in headline — V2Org-only retrieval match
20240104143000-1558,20240104143000,india.com,https://zeenews.india.com/markets/markets-rebound-after-2-day-slump-sensex-jumps-491-points-2706171.html,Markets Rebound After 2-Day Slump; Sensex Jumps 491 Points,REJECTED_ENTITY_MATCHER,False,,NOT_RELEVANT,No Axis Bank in headline — V2Org-only retrieval match
20240104153000-T1723,20240104153000,punjabkesari.in,https://www.punjabkesari.in/business/news/the-trend-of-decline-in-the-stock-market-for-two-days-stopped-1924400,"शेयर बाजार में दो दिन से जारी गिरावट का सिलसिला थमा, सेंसेक्स 491 अंक उछला - the trend of decline in the stock market for two days stopped",REJECTED_ENTITY_MATCHER,False,,NOT_RELEVANT,No Axis Bank in headline — V2Org-only retrieval match
20240104164500-621,20240104164500,rediff.com,https://www.rediff.com/business/report/investors-become-richer-by-rs-324-lakh-cr-as-markets-rally/20240104.htm,Investors become richer by Rs 3.24 lakh cr as markets rally,REJECTED_ENTITY_MATCHER,False,,NOT_RELEVANT,No Axis Bank in headline — V2Org-only retrieval match
20240104164500-568,20240104164500,indiatimes.com,https://economictimes.indiatimes.com/markets/stocks/news/ahead-of-market-10-things-that-will-decide-d-street-action-on-friday/articleshow/106552496.cms,Ahead of Market: 10 things that will decide D-Street action on Friday,REJECTED_ENTITY_MATCHER,False,,NOT_RELEVANT,Generic market roundup/index update
20240104170000-644,20240104170000,indiatimes.com,https://timesofindia.indiatimes.com/mumbai/mumbai-cop-duped-in-kyc-fraud/articleshow/106551233.cms,Mumbai cop duped in KYC fraud; loses Rs 5 lakhs,REJECTED_ENTITY_MATCHER,False,,NOT_RELEVANT,No Axis Bank in headline — V2Org-only retrieval match
20240104184500-T2556,20240104184500,indiatimes.com,https://navbharattimes.indiatimes.com/business/share-market/share-news/stock-market-investors-wealth-increased-by-rs-3-24-lakh-crore-due-to-rise-in-stock-market/articleshow/106553592.cms,"Stock Market News,शेयर बाजार में उछाल से निवेशकों की हुई छप्परफाड़ कमाई, इतने लाख करोड़ बढ़ी दौलत, पूरी डिटेल - stock market investors wealth increased by rs 3.24 lakh crore due to rise in stock market",REJECTED_ENTITY_MATCHER,False,,NOT_RELEVANT,No Axis Bank in headline — V2Org-only retrieval match
20240104191500-1570,20240104191500,ndtv.com,https://www.ndtv.com/feature/will-there-be-a-recession-in-2024-heres-what-internet-has-to-say-4801159,Will There Be A Recession In 2024? Here's What Internet Has To Say,REJECTED_ENTITY_MATCHER,False,,NOT_RELEVANT,Unrelated topic — no Axis Bank material
20240104193000-1320,20240104193000,coindesk.com,https://www.coindesk.com/policy/2024/01/04/indias-digital-rupee-crossed-a-million-transactions-on-one-day-with-some-help-from-banks/,India's Digital Rupee Crossed a Million Transactions in 1 Day With Some Help From Banks,REJECTED_ENTITY_MATCHER,False,,NOT_RELEVANT,Unrelated topic — no Axis Bank material
20240104203000-367,20240104203000,livemint.com,https://www.livemint.com/companies/news/the-road-to-enter-bankruptcy-court-is-now-7-000-companies-long-11704391030798.html,"The road to enter bankruptcy court is now 7,000 companies long",REJECTED_ENTITY_MATCHER,False,,NOT_RELEVANT,No Axis Bank in headline — V2Org-only retrieval match
20240104220000-325,20240104220000,dailyexcelsior.com,https://www.dailyexcelsior.com/markets-rebound-after-2-day-slump-sensex-jumps-491-points/,Markets rebound after 2-day slump; Sensex jumps 491 points,REJECTED_ENTITY_MATCHER,False,,NOT_RELEVANT,No Axis Bank in headline — V2Org-only retrieval match
20240105011500-563,20240105011500,livemint.com,https://www.livemint.com/companies/news/chrys-cap-kedaara-prepare-their-biggest-funds-ever-11704379184824.html,"Chrys Cap, Kedaara prepare their biggest funds ever",REJECTED_ENTITY_MATCHER,False,,NOT_RELEVANT,No Axis Bank in headline — V2Org-only retrieval match
20240105021500-77,20240105021500,moneycontrol.com,https://www.moneycontrol.com/news/trends/deepika-padukone-turns-38-a-look-at-her-net-worth-assets-and-more-11999351.html,"Deepika Padukone turns 38: A look at her net worth, assets and more",REJECTED_ENTITY_MATCHER,False,,NOT_RELEVANT,Unrelated topic — no Axis Bank material
20240105040000-T1097,20240105040000,indiatimes.com,https://navbharattimes.indiatimes.com/business/share-market/share-news/stock-market-prediction-today-there-are-signs-of-bumper-bullish-trend-in-these-stocks-including-bandhan-bank/articleshow/106552837.cms,"Stock Market Prediction: आज Bandhan Bank सहित इन स्टॉक्स पर रखें नजर, करा सकते हैं तगड़ी कमाई, न चूकें मौका",REJECTED_ENTITY_MATCHER,False,,NOT_RELEVANT,No Axis Bank in headline — V2Org-only retrieval match
20240105043000-T585,20240105043000,livehindustan.com,https://www.livehindustan.com/business/story-stock-market-live-5-january-2024-sensex-nifty-today-bse-nse-top-gainer-adani-ports-ril-tata-motors-ntpc-9159605.html,"Business News : Stock Market Live 5 January 2024 sensex nifty today bse nse top gainer adani ports ril tata motors ntpc - Stock Market Live:शेयर मार्केट की मजबूत शुरुआत, सेंसेक्स 72000 और निफ्टी 21700 के पार खुला",REJECTED_ENTITY_MATCHER,False,,NOT_RELEVANT,No Axis Bank in headline — V2Org-only retrieval match
20240105044500-691,20240105044500,indiatimes.com,https://economictimes.indiatimes.com/markets/options/fo-ban-list-gnfc-escorts-kubota-among-11-stocks-under-trade-ban-on-friday/articleshow/106559531.cms,"stocks in f&o ban today: F&O Ban List: GNFC, Escorts Kubota among 11 stocks under trade ban on Friday",REJECTED_ENTITY_MATCHER,False,,NOT_RELEVANT,No Axis Bank in headline — V2Org-only retrieval match
20240105044500-245,20240105044500,indiatimes.com,https://economictimes.indiatimes.com/markets/options/fo-stock-strategy-how-to-trade-axis-bank-oberoi-realty/articleshow/106560339.cms,"F&O stock strategy: How to trade Axis Bank, Oberoi Realty?",ACCEPTED,True,2024-01-05,DIRECTLY_RELEVANT,Axis Bank appears in headline with specific context
20240105051500-116,20240105051500,business-standard.com,https://www.business-standard.com/finance/personal-finance/travelling-overseas-for-a-holiday-how-to-best-use-your-cards-for-maximum-gains-124010500183_1.html,Travelling overseas for a holiday? How to best use your cards for maximum gains,REJECTED_ENTITY_MATCHER,False,,NOT_RELEVANT,No Axis Bank in headline — V2Org-only retrieval match
20240105051500-157,20240105051500,moneycontrol.com,https://www.moneycontrol.com/news/business/stocks/buy-axis-bank-target-of-rs-1350-sharekhan-12002911.html,Buy Axis Bank; target of Rs 1350: Sharekhan,ACCEPTED,True,2024-01-05,DIRECTLY_RELEVANT,Matches pattern: axis\s+bank.*(?:share(?:s)?|stock|target\s+price|buy|sell|ho
20240105053000-1003,20240105053000,businesstoday.in,https://www.businesstoday.in/latest/trends/story/deepika-padukone-turns-38-a-look-at-how-much-money-she-makes-411949-2024-01-05,Deepika Padukone turns 38: A look at how much money she makes,REJECTED_ENTITY_MATCHER,False,,NOT_RELEVANT,Unrelated topic — no Axis Bank material
20240105053000-340,20240105053000,businesstoday.in,https://www.businesstoday.in/markets/market-commentary/story/sensex-rises-over-300-points-nifty-trades-near-21750-nhpc-finolex-industries-surge-up-to-8-411965-2024-01-05,"Sensex rises over 300 points, Nifty trades near 21,750; NHPC, Finolex Industries surge up to 8%",REJECTED_ENTITY_MATCHER,False,,NOT_RELEVANT,No Axis Bank in headline — V2Org-only retrieval match
20240105060000-768,20240105060000,businesstoday.in,https://www.businesstoday.in/markets/company-stock/story/ceat-zeel-what-kiran-jani-of-jainam-broking-says-on-these-2-stocks-411973-2024-01-05,CEAT & ZEEL: What Kiran Jani of Jainam Broking says on these 2 stocks,REJECTED_ENTITY_MATCHER,False,,NOT_RELEVANT,No Axis Bank in headline — V2Org-only retrieval match
20240105061500-180,20240105061500,indiatimes.com,https://economictimes.indiatimes.com/markets/stocks/stock-watch/stock-market-update-nifty-bank-index-falls-0-14-in-an-upbeat-market/articleshow/106563913.cms,Indices: Stock market update: Nifty Bank index falls 0.14% in an upbeat market,REJECTED_ENTITY_MATCHER,False,,NOT_RELEVANT,Generic market roundup/index update
20240105073000-828,20240105073000,rediff.com,https://www.rediff.com/business/column/bank-liable-for-employee-oversight/20240105.htm,Bank Liable For Employee Oversight,REJECTED_ENTITY_MATCHER,False,,NOT_RELEVANT,No Axis Bank in headline — V2Org-only retrieval match
20240105081500-550,20240105081500,indiatimes.com,https://economictimes.indiatimes.com/markets/ipos/fpos/jyoti-cnc-automation-ipo-gmp-robust-ahead-of-issue-opening-next-week/articleshow/106568818.cms,Jyoti CNC Automation IPO: GMP robust ahead of issue opening next week,REJECTED_ENTITY_MATCHER,False,,NOT_RELEVANT,No Axis Bank in headline — V2Org-only retrieval match
20240105081500-1072,20240105081500,freepressjournal.in,https://www.freepressjournal.in/mumbai/fpj-cyber-secure-mumbai-police-inspector-loses-5-lakh-after-falling-prey-to-online-kyc-fraud-case-filed,FPJ Cyber Secure: Mumbai Police Inspector Loses ₹5 Lakh After Falling Prey To Online KYC Fraud; Case Filed,REJECTED_ENTITY_MATCHER,False,,NOT_RELEVANT,No Axis Bank in headline — V2Org-only retrieval match
20240105110000-261,20240105110000,indiatimes.com,https://economictimes.indiatimes.com/markets/stocks/stock-watch/stock-market-update-mining-stocks-down-as-market-rises/articleshow/106574079.cms,Stock Market Sectors: Stock market update: Mining stocks down as market rises,REJECTED_ENTITY_MATCHER,False,,NOT_RELEVANT,Generic market roundup/index update
20240105110000-1037,20240105110000,moneylife.in,https://www.moneylife.in/article/karvy-once-again-buying-time-and-negotiating-a-foreign-buyer-for-its-data-management-business/63951.html,Karvy Once Again Buying Time and Negotiating a Foreign Buyer for Its Data Management Business,REJECTED_ENTITY_MATCHER,False,,NOT_RELEVANT,No Axis Bank in headline — V2Org-only retrieval match
20240105111500-118,20240105111500,indiatimes.com,https://economictimes.indiatimes.com/markets/stocks/stock-watch/stock-market-update-fertilisers-stocks-down-as-market-rises/articleshow/106574767.cms,Stock Market Sectors: Stock market update: Fertilisers stocks down as market rises,REJECTED_ENTITY_MATCHER,False,,NOT_RELEVANT,Generic market roundup/index update
20240105111500-538,20240105111500,indiatimes.com,https://economictimes.indiatimes.com/markets/stocks/stock-watch/stock-market-update-power-stocks-up-as-market-rises/articleshow/106574882.cms,Stock Market Sectors: Stock market update: Power stocks up as market rises,REJECTED_ENTITY_MATCHER,False,,NOT_RELEVANT,Generic market roundup/index update
20240105111500-1025,20240105111500,freepressjournal.in,https://www.freepressjournal.in/business/share-market-closing-january-5-with-sensex-at-7202615-nifty-above-21700-indices-end-week-in-green,"Share Market Closing January 5: With Sensex At 72,026.15, Nifty Above 21,700; Indices End Week In Green",REJECTED_ENTITY_MATCHER,False,,NOT_RELEVANT,No Axis Bank in headline — V2Org-only retrieval match
20240105113000-449,20240105113000,indiatimes.com,https://economictimes.indiatimes.com/markets/stocks/stock-watch/stock-market-update-fmcg-stocks-down-as-market-rises/articleshow/106575302.cms,Stock Market Sectors: Stock market update: FMCG stocks down as market rises,REJECTED_ENTITY_MATCHER,False,,NOT_RELEVANT,Generic market roundup/index update
20240105113000-657,20240105113000,indiatimes.com,https://economictimes.indiatimes.com/markets/stocks/stock-watch/stock-market-update-sugar-stocks-up-as-market-rises/articleshow/106575135.cms,Stock Market Sectors: Stock market update: Sugar stocks up as market rises,REJECTED_ENTITY_MATCHER,False,,NOT_RELEVANT,Generic market roundup/index update
20240105113000-455,20240105113000,businesstoday.in,https://www.businesstoday.in/markets/stock-picks/story/jefferies-chris-wood-ups-weighting-of-adani-ports-sbi-in-long-only-portfolio-see-the-details-here-412045-2024-01-05,"Jefferies' Chris Wood ups weighting of Adani Ports, SBI in long-only portfolio. See the details here",REJECTED_ENTITY_MATCHER,False,,NOT_RELEVANT,No Axis Bank in headline — V2Org-only retrieval match
20240105113000-38,20240105113000,theweek.in,https://www.theweek.in/news/biz-tech/2024/01/05/markets-extend-gains-for-second-session-on-fresh-foreign-fund-inflows-it-stocks-shine.html,Markets extend gains for second session on fresh foreign fund inflows; IT stocks shine,REJECTED_ENTITY_MATCHER,False,,NOT_RELEVANT,No Axis Bank in headline — V2Org-only retrieval match
20240105113000-1266,20240105113000,theweek.in,https://www.theweek.in/wire-updates/business/2024/01/05/del48-biz-stocks-close.html,Markets extend gains for 2nd session on fresh foreign fund inflows IT stocks shine,REJECTED_ENTITY_MATCHER,False,,NOT_RELEVANT,No Axis Bank in headline — V2Org-only retrieval match
20240105113000-479,20240105113000,orissapost.com,https://www.orissapost.com/markets-extend-gains-for-second-session-on-fresh-foreign-fund-inflows-it-stocks-shine/,Markets extend gains for second session on fresh foreign fund inflows; IT stocks shine,REJECTED_ENTITY_MATCHER,False,,NOT_RELEVANT,No Axis Bank in headline — V2Org-only retrieval match
20240105120000-357,20240105120000,rediff.com,https://www.rediff.com/business/report/sensex-gains-179-points-to-cross-72k-it-stocks-shine/20240105.htm,Sensex gains 179 points to cross 72K; IT stocks shine,REJECTED_ENTITY_MATCHER,False,,NOT_RELEVANT,No Axis Bank in headline — V2Org-only retrieval match
20240105120000-459,20240105120000,indiatimes.com,https://economictimes.indiatimes.com/markets/options/nifty-bank-took-support-above-20-dma-a-close-above-48200-crucial-for-bulls-next-week/articleshow/106575870.cms,"Nifty Bank took support above 20-DMA; a close above 48,200 crucial for bulls next week",REJECTED_ENTITY_MATCHER,False,,NOT_RELEVANT,No Axis Bank in headline — V2Org-only retrieval match
20240105121500-418,20240105121500,indiatimes.com,https://economictimes.indiatimes.com/markets/stocks/stock-watch/stock-market-update-nifty-bank-index-falls-0-08/articleshow/106576340.cms,Indices: Stock market update: Nifty Bank index falls 0.08%,REJECTED_ENTITY_MATCHER,False,,NOT_RELEVANT,Generic market roundup/index update
20240105121500-1045,20240105121500,indiatimes.com,https://economictimes.indiatimes.com/markets/stocks/news/paytm-dabur-india-among-bofa-securities-top-10-stock-picks-in-apac-basket/articleshow/106576401.cms,"Paytm, Dabur India among BofA Securities' top 10 stock picks in APAC basket",REJECTED_ENTITY_MATCHER,False,,NOT_RELEVANT,No Axis Bank in headline — V2Org-only retrieval match
20240105121500-1218,20240105121500,indianexpress.com,https://indianexpress.com/article/business/markets-extend-gains-foreign-fund-inflows-it-stocks-shine-9096758/,Markets extend gains for 2nd session on fresh foreign fund inflows; IT stocks shine,REJECTED_ENTITY_MATCHER,False,,NOT_RELEVANT,No Axis Bank in headline — V2Org-only retrieval match
20240105123000-319,20240105123000,thehindu.com,https://www.thehindu.com/business/markets/markets-extend-gains-for-second-session-on-fresh-foreign-fund-inflows-it-stocks-shine/article67709519.ece,Markets extend gains for second session on fresh foreign fund inflows; IT stocks shine,REJECTED_ENTITY_MATCHER,False,,NOT_RELEVANT,No Axis Bank in headline — V2Org-only retrieval match
20240105133000-43,20240105133000,telegraphindia.com,https://www.telegraphindia.com/feeds/business/markets-extend-gains-for-second-session-on-fresh-foreign-fund-inflows-it-stocks-shine/cid/1991801,Stock market | Markets extend gains for second session on fresh foreign fund inflows; IT stocks shine,REJECTED_ENTITY_MATCHER,False,,NOT_RELEVANT,No Axis Bank in headline — V2Org-only retrieval match
20240105140000-312,20240105140000,theweek.in,https://www.theweek.in/news/biz-tech/2024/01/05/as-credit-growth-continue-to-outpace-deposit-growth-banks-raise-fd-rates.html,"As credit growth continue to outpace deposit growth, banks raise FD rates",REJECTED_ENTITY_MATCHER,False,,NOT_RELEVANT,No Axis Bank in headline — V2Org-only retrieval match
20240105140000-T1554,20240105140000,punjabkesari.in,https://www.punjabkesari.in/business/news/market-rises-for-second-consecutive-day-bse-rises-179-points-1924845,"बाजार में लगातार दूसरे दिन तेजी, सेंसेक्स 179 अंक चढ़ा - market rises for second consecutive day bse rises 179 points",REJECTED_ENTITY_MATCHER,False,,NOT_RELEVANT,No Axis Bank in headline — V2Org-only retrieval match
20240105141500-775,20240105141500,telegraphindia.com,https://www.telegraphindia.com/business/markets-extend-gains-for-second-session-on-fresh-foreign-fund-inflows-it-stocks-shine/cid/1991801,Stock market | Markets extend gains for second session on fresh foreign fund inflows; IT stocks shine,REJECTED_ENTITY_MATCHER,False,,NOT_RELEVANT,No Axis Bank in headline — V2Org-only retrieval match
20240105143000-160,20240105143000,gqindia.com,https://www.gqindia.com/content/deepika-padukones-5-sources-of-income-besides-acting-that-add-to-her-net-worth-of-rs-500-crore,5 sources of income besides acting that adds to Deepika Padukone's massive net worth of Rs 500 Crore,REJECTED_ENTITY_MATCHER,False,,NOT_RELEVANT,Unrelated topic — no Axis Bank material
20240105150000-1344,20240105150000,tribuneindia.com,https://www.tribuneindia.com/news/business/markets-extend-gains-for-2nd-session-on-fresh-foreign-fund-inflows-it-stocks-shine-578523,Markets extend gains for 2nd session on fresh foreign fund inflows; IT stocks shine,REJECTED_ENTITY_MATCHER,False,,NOT_RELEVANT,No Axis Bank in headline — V2Org-only retrieval match
20240105163000-1440,20240105163000,thehindubusinessline.com,https://www.thehindubusinessline.com/portfolio/personal-finance/have-you-signed-the-new-locker-agreement-with-your-bank-yet/article67706989.ece,Have You Signed The New Locker Agreement With Your Bank Yet?,REJECTED_ENTITY_MATCHER,False,,NOT_RELEVANT,No Axis Bank in headline — V2Org-only retrieval match
20240105221500-2081,20240105221500,econotimes.com,http://www.econotimes.com/Indian-Banks-Disburse-Employee-Benefits-Through-Digital-Rupee-Boosting-RBIs-Target-Transactions-1669021,"Indian Banks Disburse Employee Benefits Through Digital Rupee, Boosting RBI's Target Transactions",REJECTED_ENTITY_MATCHER,False,,NOT_RELEVANT,Unrelated topic — no Axis Bank material
20240105224500-T1366,20240105224500,navabharat.com,https://navabharat.com/nbwp/?p=171908,शेयर बाजार में तेजी जारी -,REJECTED_ENTITY_MATCHER,False,,NOT_RELEVANT,No Axis Bank in headline — V2Org-only retrieval match
20240106013000-T745,20240106013000,indiatimes.com,https://navbharattimes.indiatimes.com/business/share-market/share-news/stock-market-prediction-which-stock-increase-next-week-know-all-details/articleshow/106582158.cms,"Stock Market Prediction: अगले हफ्ते कैसी रहेगी बाजार की चाल, जानिए कौन से शेयरों में रहेगा कमाई का मौका",REJECTED_ENTITY_MATCHER,False,,NOT_RELEVANT,No Axis Bank in headline — V2Org-only retrieval match
20240106044500-522,20240106044500,thewire.in,https://thewire.in/law/nearly-7000-companies-waiting-in-queue-for-nclt-to-admit-cases-for-bankruptcy-resolution-report,"Nearly 7,000 Companies Waiting in Queue for NCLT to Admit Cases for Bankruptcy Resolution: Report",REJECTED_ENTITY_MATCHER,False,,NOT_RELEVANT,No Axis Bank in headline — V2Org-only retrieval match
20240106050000-895,20240106050000,indiatimes.com,https://economictimes.indiatimes.com/markets/stocks/news/smallcaps-usher-in-2024-with-a-bang-as-over-100-stocks-see-double-digit-weekly-gains/articleshow/106589173.cms,smallcap stocks: Smallcaps usher in 2024 with a bang as over 100 stocks see double-digit weekly gains,REJECTED_ENTITY_MATCHER,False,,NOT_RELEVANT,No Axis Bank in headline — V2Org-only retrieval match
20240106063000-29,20240106063000,indiatimes.com,https://economictimes.indiatimes.com/markets/stocks/news/rs-8800-crore-worth-block-deals-take-place-this-week-itc-vodafone-idea-among-stocks-with-significant-action/articleshow/106590826.cms,"Rs 8,800-crore worth block deals take place this week; ITC, Vodafone Idea among stocks with significant action",REJECTED_ENTITY_MATCHER,False,,NOT_RELEVANT,No Axis Bank in headline — V2Org-only retrieval match
20240106103000-527,20240106103000,businesstoday.in,https://www.businesstoday.in/markets/top-story/story/weekly-market-wrap-d-street-ended-first-week-of-2024-in-red-amid-sluggish-global-cues-what-lies-ahead-412122-2024-01-06,Weekly Market Wrap: D-street ended first week of 2024 in red amid sluggish global cues. What lies ahead?,REJECTED_ENTITY_MATCHER,False,,NOT_RELEVANT,Generic market roundup/index update
20240106124500-T1205,20240106124500,livehindustan.com,https://www.livehindustan.com/gadgets/story-flipkart-big-bachat-dhamaal-sale-offer-on-motorola-edge-30-fusion-9164983.html,"flipkart big bachat dhamaal sale offer on motorola edge 30 fusion - Tech news hindi - Motorola का एक और गिफ्ट, 15 हजार रुपये सस्ता हुआ 32MP सेल्फी कैमरे वाला फोन, 7 जनवरी तक मौका , गैजेट्स न्यूज",REJECTED_ENTITY_MATCHER,False,,NOT_RELEVANT,Unrelated topic — no Axis Bank material
20240106193000-665,20240106193000,indiatimes.com,https://economictimes.indiatimes.com/jobs/fresher/specialised-skills-are-killing-it-mba-seen-losing-edge/articleshow/106602383.cms,MBA: Specialised skills are killing it! MBA seen losing edge,REJECTED_ENTITY_MATCHER,False,,NOT_RELEVANT,Unrelated topic — no Axis Bank material
20240106210000-789,20240106210000,pragativadi.com,https://pragativadi.com/odisha-cm-awards-champion-banks-for-credit-to-core-sector-in-2021-22/,Odisha CM Awards Champion Banks for Credit to Core Sector in 2021-22,REJECTED_ENTITY_MATCHER,False,,NOT_RELEVANT,Unrelated topic — no Axis Bank material
20240107114500-T2728,20240107114500,livehindustan.com,https://www.livehindustan.com/gadgets/story-flipkart-offer-on-motorola-bestseller-motorola-g32-smartphone-9168783.html,"flipkart offer on motorola bestseller motorola g32 smartphone - Tech news hindi - गजब ऑफर! 19 हजार रुपये MRP वाला Motorola फोन 10 हजार में, तगड़ा एक्सचेंज बोनस भी, गैजेट्स न्यूज",REJECTED_ENTITY_MATCHER,False,,NOT_RELEVANT,Unrelated topic — no Axis Bank material
20240107161500-238,20240107161500,rediff.com,https://www.rediff.com/business/report/brokers-target-march-end-for-secondary-mkt-asba/20240107.htm,Brokers target March-end for secondary mkt ASBA,REJECTED_ENTITY_MATCHER,False,,NOT_RELEVANT,No Axis Bank in headline — V2Org-only retrieval match
20240108004500-119,20240108004500,indiatimes.com,https://economictimes.indiatimes.com/markets/stocks/news/nifty-looks-strong-resistance-at-21800-21850-analysts/articleshow/106620284.cms,"Nifty: Nifty looks strong; resistance at 21,800-21,850: Analysts",REJECTED_ENTITY_MATCHER,False,,NOT_RELEVANT,No Axis Bank in headline — V2Org-only retrieval match
20240108013000-T585,20240108013000,indiatimes.com,https://navbharattimes.indiatimes.com/business/share-market/share-news/stock-market-prediction-today-there-are-signs-of-bumper-bullish-trend-in-these-stocks-including-adani-ports/articleshow/106614752.cms,"Stock Market Prediction: मुनाफा कमाने के लिए आज Adani Ports सहित इन शेयरों पर रखें नजर, दिख रहे तेजी के संकेत",REJECTED_ENTITY_MATCHER,False,,NOT_RELEVANT,No Axis Bank in headline — V2Org-only retrieval match
20240108030000-496,20240108030000,vervetimes.com,https://vervetimes.com/nifty-nifty-looks-strong-resistance-at-21800-21850-analysts/,"Nifty: Nifty looks strong; resistance at 21,800-21,850: Analysts",REJECTED_ENTITY_MATCHER,False,,NOT_RELEVANT,No Axis Bank in headline — V2Org-only retrieval match
20240108041500-618,20240108041500,indiatimes.com,https://economictimes.indiatimes.com/markets/options/fo-ban-list-piramal-enterprises-iex-among-11-stocks-under-trade-ban-on-monday/articleshow/106622956.cms,"stocks in f&o ban today: F&O Ban List: Piramal Enterprises, IEX among 11 stocks under trade ban on Monday",REJECTED_ENTITY_MATCHER,False,,NOT_RELEVANT,No Axis Bank in headline — V2Org-only retrieval match
20240108041500-282,20240108041500,indiatimes.com,https://economictimes.indiatimes.com/markets/options/fo-stocks-to-buy-today-7-short-term-trading-ideas-by-experts-for-8-january-2024/articleshow/106623838.cms,"F&O stocks to buy today: 7 short-term trading ideas by experts for 8 January, 2024",REJECTED_ENTITY_MATCHER,False,,NOT_RELEVANT,No Axis Bank in headline — V2Org-only retrieval match
20240108053000-311,20240108053000,livemint.com,https://www.livemint.com/money/personal-finance/fd-interest-rates-should-investors-lock-their-money-in-fixed-deposits-now-banks-sbi-icici-hdfc-bank-11704618810500.html,FD interest rates: Should investors lock their savings in fixed deposits now?,REJECTED_ENTITY_MATCHER,False,,NOT_RELEVANT,No Axis Bank in headline — V2Org-only retrieval match
20240108053000-203,20240108053000,thenationalnews.com,https://www.thenationalnews.com/business/money/2024/01/08/celebrity-net-worth-john-abraham-buys-9-million-villa-in-mumbai/,Celebrity Net Worth: John Abraham buys $9 million villa in Mumbai,REJECTED_ENTITY_MATCHER,False,,NOT_RELEVANT,No Axis Bank in headline — V2Org-only retrieval match
20240108054500-882,20240108054500,indiatimes.com,https://economictimes.indiatimes.com/markets/expert-view/expect-volatility-in-it-stocks-ahead-of-q3-earnings-invest-for-long-term-says-aamar-deo-singh/articleshow/106625827.cms,"IT stocks: Expect volatility in IT stocks ahead of Q3 earnings, invest for long term, says Aamar Deo Singh",REJECTED_ENTITY_MATCHER,False,,NOT_RELEVANT,No Axis Bank in headline — V2Org-only retrieval match
20240108070000-T1972,20240108070000,bhaskar.com,https://www.bhaskar.com/business/news/credit-card-free-movies-rblplay-pvr-kotak-sbi-elite-free-tickets-discounts-132411074.html,"Credit Card Free Movies: RBLPlay, PVR Kotak, SBI Elite Free Tickets & Discounts | क्रेडिट कार्ड के जरिए फ्री में देख सकते हैं मूवी: RBLप्ले, PVR कोटक और SBI एलीट सहित इन क्रेडिट कार्ड पर मिलते हैं फ्री टिकट और डिस्काउंट",REJECTED_ENTITY_MATCHER,False,,NOT_RELEVANT,No Axis Bank in headline — V2Org-only retrieval match
20240108071500-694,20240108071500,businesstoday.in,https://www.businesstoday.in/personal-finance/top-story/story/why-are-credit-card-providers-curtailing-airport-lounge-access-benefit-412228-2024-01-08,Why are credit card providers curtailing airport lounge access benefit?,REJECTED_ENTITY_MATCHER,False,,NOT_RELEVANT,No Axis Bank in headline — V2Org-only retrieval match
20240108073000-T1373,20240108073000,arrobajuarez.com,https://arrobajuarez.com/2024/01/08/tasas-de-interes-de-depositos-fijos-comparacion-entre-sbi-icici-bank-hdfc-bank-axis-bank-y-pnb/,"Tasas de interés de depósitos fijos: comparación entre SBI, ICICI Bank, HDFC Bank, Axis Bank y PNB",ACCEPTED,True,2024-01-08,DIRECTLY_RELEVANT,Axis Bank appears in headline with specific context
20240108074500-1164,20240108074500,indiatimes.com,https://timesofindia.indiatimes.com/business/india-business/fixed-deposit-interest-rates-sbi-vs-icici-bank-vs-hdfc-bank-vs-axis-bank-vs-pnb-fd-rate-compared/articleshow/106629390.cms,Fixed deposit interest rates: SBI vs ICICI Bank vs HDFC Bank vs Axis Bank vs PNB compared,ACCEPTED,True,2024-01-08,NOT_RELEVANT,Multi-bank FD/interest rate comparison table
20240108101500-790,20240108101500,indiatimes.com,https://economictimes.indiatimes.com/markets/stocks/news/motilal-oswal-tweaks-model-portfolio-ahead-of-q3fy24-earnings-heres-what-changed/articleshow/106634925.cms,motilal oswal portfolio tweaks: Motilal Oswal tweaks model portfolio ahead of Q3FY24 earnings. Here's what changed,REJECTED_ENTITY_MATCHER,False,,NOT_RELEVANT,No Axis Bank in headline — V2Org-only retrieval match
20240108103000-823,20240108103000,indiatimes.com,https://economictimes.indiatimes.com/wealth/spend/new-credit-card-rules-know-major-changes-in-hdfc-bank-sbi-card-icici-bank-and-axis-bank-credit-cards/articleshow/106635457.cms,"New credit card rules: Know major changes in HDFC Bank SBI Card, ICICI Bank and Axis Bank credit cards",ACCEPTED,True,2024-01-09,NOT_RELEVANT,Multi-bank credit card rule comparison
20240108114500-1021,20240108114500,menafn.com,https://menafn.com/1107694760/Sensex-Sinks-More-Than-500-Points,Sensex Sinks More Than 500 Points,REJECTED_ENTITY_MATCHER,False,,NOT_RELEVANT,No Axis Bank in headline — V2Org-only retrieval match
20240108114500-358,20240108114500,prokerala.com,https://www.prokerala.com/news/articles/a1494910.html,Sensex sinks more than 500 points,REJECTED_ENTITY_MATCHER,False,,NOT_RELEVANT,No Axis Bank in headline — V2Org-only retrieval match
20240108123000-T1158,20240108123000,nobat.com,https://www.nobat.com/news9772-nd-3a2f0094313238313539.html,નિફ્ટી ફયુચર ૨૧૬૭૬ પોઈન્ટ મહત્ત્વની સપાટી...!!!,REJECTED_ENTITY_MATCHER,False,,NOT_RELEVANT,No Axis Bank in headline — V2Org-only retrieval match
20240108130000-843,20240108130000,livemint.com,https://www.livemint.com/market/stock-market-news/bandhan-bank-share-price-drops-10-6-in-two-sessions-what-should-you-do-11704706139017.html,Bandhan Bank shares drop 10.6% in two sessions; what should you do?,REJECTED_ENTITY_MATCHER,False,,NOT_RELEVANT,No Axis Bank in headline — V2Org-only retrieval match
20240108161500-T943,20240108161500,moneycontrol.com,https://hindi.moneycontrol.com/news/your-money/fixed-deposit-these-bank-offering-8-percent-interest-rate-how-to-make-27000-interest-income-1705531.html,"ये बैंक 3 साल की FD पर दे रहें है 8% का ब्याज, चेक करें कहां मिलेगा 27000 रुपये का इंटरेस्ट",REJECTED_ENTITY_MATCHER,False,,NOT_RELEVANT,No Axis Bank in headline — V2Org-only retrieval match
20240109010000-910,20240109010000,financialexpress.com,https://www.financialexpress.com/opinion/the-nudge-that-upi-needs-npci-chief-proposes-upi-fee-for-large-merchants-sparks-debate-on-digital-payments/3359191/,"The nudge that UPI needs: NPCI chief proposes UPI fee for large merchants, sparks debate on digital payments",REJECTED_ENTITY_MATCHER,False,,NOT_RELEVANT,No Axis Bank in headline — V2Org-only retrieval match
20240109010000-994,20240109010000,indiatimes.com,https://economictimes.indiatimes.com/markets/forex/weak-rupee-takes-its-toll-on-cos-with-huge-foreign-debt/articleshow/3546158.cms,Weak rupee takes its toll on cos with huge foreign debt,REJECTED_ENTITY_MATCHER,False,,NOT_RELEVANT,No Axis Bank in headline — V2Org-only retrieval match
20240109010000-1793,20240109010000,indiatimes.com,https://economictimes.indiatimes.com/markets/stocks/recos/prabhudas-lilladher-has-a-reduce-rating-on-infosys/articleshow/3798718.cms,Prabhudas Lilladher has a 'reduce' rating on Infosys,REJECTED_ENTITY_MATCHER,False,,NOT_RELEVANT,No Axis Bank in headline — V2Org-only retrieval match
20240109041500-274,20240109041500,indiatimes.com,https://economictimes.indiatimes.com/markets/stocks/news/nvidia-rallies-to-record-high-as-chipmaker-announces-ai-related-components/articleshow/106651059.cms,Nvidia rallies to record high as chipmaker announces AI-related components,REJECTED_ENTITY_MATCHER,False,,NOT_RELEVANT,No Axis Bank in headline — V2Org-only retrieval match
20240109041500-915,20240109041500,indiatimes.com,https://economictimes.indiatimes.com/markets/options/fo-ban-list-bandhan-bank-escorts-among-13-stocks-under-trade-ban-on-tuesday/articleshow/106652774.cms,"stocks in f&o ban today: F&O Ban List: Bandhan Bank, Escorts among 13 stocks under trade ban on Tuesday",REJECTED_ENTITY_MATCHER,False,,NOT_RELEVANT,No Axis Bank in headline — V2Org-only retrieval match
20240109041500-872,20240109041500,moneycontrol.com,https://www.moneycontrol.com/news/business/markets/zee-entertainment-stock-likely-to-plunge-as-reports-say-sony-plans-to-call-off-merger-12020031.html,Zee Entertainment stock plunges 10% as reports say Sony plans to call off merger,REJECTED_ENTITY_MATCHER,False,,NOT_RELEVANT,No Axis Bank in headline — V2Org-only retrieval match
20240109050000-876,20240109050000,thehindubusinessline.com,https://www.thehindubusinessline.com/markets/share-market-nifty-sensex-live-updates-09-january-2024/article67720535.ece,"Stock Market Live Updates: Sensex, Nifty rise as Asian markets rebound; ZEEL tanks over 10%",REJECTED_ENTITY_MATCHER,False,,NOT_RELEVANT,Generic market roundup/index update
20240109064500-941,20240109064500,businessworld.in,https://www.businessworld.in/article/ICICI-Bank-Foresees-Record-Fundraising-Aims-For-30-New-Recruits/09-01-2024-505228/,ICICI Bank Foresees Record Fundraising Aims For 30 New Recruits - BW Businessworld,REJECTED_ENTITY_MATCHER,False,,NOT_RELEVANT,No Axis Bank in headline — V2Org-only retrieval match
20240109073000-533,20240109073000,indiatimes.com,https://economictimes.indiatimes.com/markets/expert-view/lazy-investor-or-master-strategist-why-was-milind-karmakar-never-tempted-to-sell-trent/articleshow/106659273.cms,trent: Lazy investor or master strategist? Why was Milind Karmakar never tempted to sell Trent?,REJECTED_ENTITY_MATCHER,False,,NOT_RELEVANT,No Axis Bank in headline — V2Org-only retrieval match
20240109083000-T1799,20240109083000,mangalam.com,https://www.mangalam.com/news/detail/681309-mobile-realme-11-5g-is-now-selling-for-rs-16-199-on-flipkart-details-inside.html,realme-11-5g-is-now-selling-for-rs-16-199-on-flipkart-details-inside | റിയല്‍മി 11 5ജി ഇപ്പോള്‍ ഓഫര്‍ വിലയില്‍ ആമസോണില്‍ നിന്ന് സ്വന്തമാക്കാന്‍ അവസരം,REJECTED_ENTITY_MATCHER,False,,NOT_RELEVANT,Unrelated topic — no Axis Bank material
20240109103000-629,20240109103000,freepressjournal.in,https://www.freepressjournal.in/business/stock-market-closing-january-9-with-sensex-at-7138621-nifty-above-21500-indices-end-day-in-green,"Stock Market Closing January 9: With Sensex At 71,386.21, Nifty Above 21,500; Indices End Day In Green",REJECTED_ENTITY_MATCHER,False,,NOT_RELEVANT,No Axis Bank in headline — V2Org-only retrieval match
20240109111500-1178,20240109111500,indiatimes.com,https://economictimes.indiatimes.com/markets/stocks/stock-watch/stock-market-update-nifty-bank-index-falls-0-44/articleshow/106667590.cms,Indices: Stock market update: Nifty Bank index falls 0.44%,REJECTED_ENTITY_MATCHER,False,,NOT_RELEVANT,Generic market roundup/index update
20240109113000-654,20240109113000,indiatimes.com,https://economictimes.indiatimes.com/markets/stocks/stock-watch/stock-market-update-fertilisers-stocks-up-as-market-rises/articleshow/106667906.cms,Stock Market Sectors: Stock market update: Fertilisers stocks up as market rises,REJECTED_ENTITY_MATCHER,False,,NOT_RELEVANT,Generic market roundup/index update
20240109113000-415,20240109113000,indiatimes.com,https://economictimes.indiatimes.com/markets/stocks/stock-watch/stock-market-update-power-stocks-up-as-market-rises/articleshow/106668179.cms,Stock Market Sectors: Stock market update: Power stocks up as market rises,REJECTED_ENTITY_MATCHER,False,,NOT_RELEVANT,Generic market roundup/index update
20240109113000-585,20240109113000,livemint.com,https://www.livemint.com/market/stock-market-news/stock-market-today-nifty-50-sensex-end-flat-bse-smallcap-hits-fresh-all-time-high-11704794167454.html,"Stock market today: Nifty 50, Sensex end flat; BSE Smallcap hits fresh all-time high",REJECTED_ENTITY_MATCHER,False,,NOT_RELEVANT,Generic market roundup/index update
20240109113000-626,20240109113000,livemint.com,https://www.livemint.com/market/stock-market-news/2024-top-stock-picks-iifl-lists-axis-bank-bpcl-bajaj-finance-nykaa-among-buys-tvs-motor-in-sells-check-list-11704793252506.html,"2024 top stock picks: IIFL lists Axis Bank, BPCL, Bajaj Finance, Nykaa among 'buys'; TVS Motor in 'sells' – check list",ACCEPTED,True,2024-01-10,DIRECTLY_RELEVANT,Matches pattern: axis\s+bank.*(?:share(?:s)?|stock|target\s+price|buy|sell|ho
20240109113000-695,20240109113000,orissapost.com,https://www.orissapost.com/market-rebound-loses-steam-in-fag-end-trade/,Market rebound loses steam in fag-end trade,REJECTED_ENTITY_MATCHER,False,,NOT_RELEVANT,No Axis Bank in headline — V2Org-only retrieval match
20240109114500-814,20240109114500,indiatimes.com,https://economictimes.indiatimes.com/markets/stocks/stock-watch/stock-market-update-sugar-stocks-down-as-market-rises/articleshow/106668814.cms,Stock Market Sectors: Stock market update: Sugar stocks down as market rises,REJECTED_ENTITY_MATCHER,False,,NOT_RELEVANT,Generic market roundup/index update
20240109120000-1203,20240109120000,indiatimes.com,https://economictimes.indiatimes.com/markets/stocks/stock-watch/stock-market-update-mining-stocks-up-as-market-rises/articleshow/106669328.cms,Stock Market Sectors: Stock market update: Mining stocks up as market rises,REJECTED_ENTITY_MATCHER,False,,NOT_RELEVANT,Generic market roundup/index update
20240109121500-T2425,20240109121500,bhaskar.com,https://www.bhaskar.com/business/news/bank-fd-vs-post-office-nsc-scheme-benefits-and-interest-rates-132416999.html,"Bank FD Vs Post Office NSC Scheme; Benefits And Interest Rates | टैक्स सेविंग्स FD Vs नेशनल सेविंग्स सर्टिफिकेट स्कीम: कई बैंकों ने ब्याज दरों में किया बदलाव, देखें अब कहां निवेश करना रहेगा सही",REJECTED_ENTITY_MATCHER,False,,NOT_RELEVANT,No Axis Bank in headline — V2Org-only retrieval match
20240109123000-1247,20240109123000,yourstory.com,https://yourstory.com:443/2024/01/slice-triples-revenue-from-fees-commissions-interests-fintech,"Slice revenue nearly triples from fees, commissions, and interest; losses up 60%",REJECTED_ENTITY_MATCHER,False,,NOT_RELEVANT,No Axis Bank in headline — V2Org-only retrieval match
20240109123000-58,20240109123000,thehindu.com,https://www.thehindu.com/business/markets/equity-benchmarks-sensex-nifty-close-moderately-higher/article67722983.ece,"Equity benchmarks Sensex, Nifty close moderately higher",REJECTED_ENTITY_MATCHER,False,,NOT_RELEVANT,No Axis Bank in headline — V2Org-only retrieval match
20240109123000-454,20240109123000,indiatimes.com,https://economictimes.indiatimes.com/markets/stocks/news/nifty-bank-forms-bearish-candle-falls-below-20-dma-support-seen-at-47000/articleshow/106669813.cms,"Nifty Bank forms bearish candle, falls below 20-DMA; support seen at 47,000",REJECTED_ENTITY_MATCHER,False,,NOT_RELEVANT,No Axis Bank in headline — V2Org-only retrieval match
20240109130000-836,20240109130000,india.com,https://zeenews.india.com/markets/sensex-and-nifty-rebound-loses-steam-in-fag-end-trade-2707837.html,Sensex And Nifty Rebound Loses Steam In Fag-end Trade,REJECTED_ENTITY_MATCHER,False,,NOT_RELEVANT,No Axis Bank in headline — V2Org-only retrieval match
20240109131500-1727,20240109131500,theweek.in,https://www.theweek.in/news/biz-tech/2024/01/09/market-rebound-loses-steam-in-fag-end-trade-as-investors-book-profits-ahead-of-earnings-season.html,Market rebound loses steam in fag-end trade as investors book profits ahead of earnings season,REJECTED_ENTITY_MATCHER,False,,NOT_RELEVANT,No Axis Bank in headline — V2Org-only retrieval match
20240109134500-414,20240109134500,yourstory.com,https://social.yourstory.com:443/2024/01/slice-triples-revenue-from-fees-commissions-interests-fintech,"Slice revenue nearly triples from fees, commissions, and interest; losses up 60%",REJECTED_ENTITY_MATCHER,False,,NOT_RELEVANT,No Axis Bank in headline — V2Org-only retrieval match
20240109140000-T768,20240109140000,jagran.com,https://www.jagran.com/business/biz-new-credit-card-rules-for-sbi-hdfc-icici-and-axis-bank-customers-check-details-23624951.html,"New credit card rules: SBI, HDFC, ICICI और Axis Bank के ग्राहक ध्यान दें, क्रेडिट कार्ड को लेकर बदल गए हैं अब नियम - New credit card rules For SBI HDFC ICICI And Axis Bank Customers Check Details",ACCEPTED,True,2024-01-10,NOT_RELEVANT,Multi-bank credit card rule comparison
20240109141500-1392,20240109141500,yourstory.com,https://her.yourstory.com:443/2024/01/slice-triples-revenue-from-fees-commissions-interests-fintech,"Slice revenue nearly triples from fees, commissions, and interest; losses up 60%",REJECTED_ENTITY_MATCHER,False,,NOT_RELEVANT,No Axis Bank in headline — V2Org-only retrieval match
20240109143000-560,20240109143000,thehindubusinessline.com,https://www.thehindubusinessline.com/money-and-banking/fuel-credit-cards-top-in-tier-2-3-cities-demand-for-travel-and-e-commerce-cards-rises/article67723735.ece,Fuel credit cards top in tier 2-3 cities; demand for travel and e-commerce cards rises,REJECTED_ENTITY_MATCHER,False,,NOT_RELEVANT,No Axis Bank in headline — V2Org-only retrieval match
20240109150000-1461,20240109150000,tribuneindia.com,https://www.tribuneindia.com/news/business/market-rebound-loses-steam-in-fag-end-trade-579717,Market rebound loses steam in fag-end trade,REJECTED_ENTITY_MATCHER,False,,NOT_RELEVANT,No Axis Bank in headline — V2Org-only retrieval match
20240109151500-1363,20240109151500,rediff.com,https://www.rediff.com/business/report/sensex-loses-steam-on-fag-end-profit-taking/20240109.htm,Sensex loses steam on fag-end profit-taking,REJECTED_ENTITY_MATCHER,False,,NOT_RELEVANT,No Axis Bank in headline — V2Org-only retrieval match
20240109154500-1895,20240109154500,outlookindia.com,https://business.outlookindia.com/corporate/back-forth-what-is-going-wrong-with-the-sony-zee-merger,Back-&-Forth: What Is Going Wrong With The Sony-Zee Merger,REJECTED_ENTITY_MATCHER,False,,NOT_RELEVANT,No Axis Bank in headline — V2Org-only retrieval match
20240109161500-T2081,20240109161500,navabharat.com,https://navabharat.com/nbwp/?p=173226,गिरावट से उबरा शेयर बाजार -,REJECTED_ENTITY_MATCHER,False,,NOT_RELEVANT,No Axis Bank in headline — V2Org-only retrieval match
20240109190000-375,20240109190000,indiatimes.com,https://timesofindia.indiatimes.com/business/india-business/fuel-credit-cards-led-demand-surge-in-2023-across-smaller-indian-cities/articleshow/106676045.cms,Fuel credit cards led demand surge in 2023 across smaller Indian cities,REJECTED_ENTITY_MATCHER,False,,NOT_RELEVANT,No Axis Bank in headline — V2Org-only retrieval match
20240110011500-T651,20240110011500,indiatimes.com,https://navbharattimes.indiatimes.com/business/share-market/share-news/stock-market-prediction-today-there-are-signs-of-bumper-bullish-trend-in-these-stocks-including-tata-motors/articleshow/106675477.cms,"Stock Market Prediction: बाजार में आज Tata Motors सहित इन शेयरों में कमाई का मौका, दिख रहे उछाल के सभी संकेत",REJECTED_ENTITY_MATCHER,False,,NOT_RELEVANT,No Axis Bank in headline — V2Org-only retrieval match
20240110021500-1023,20240110021500,indiatimes.com,https://economictimes.indiatimes.com/markets/stocks/news/ncgtc-to-conduct-detailed-audit-of-claims-submitted-by-bandhan-bank-against-non-performing-loans/articleshow/106680477.cms,"Small biz loan claims under audit, Bandhan says in filing",REJECTED_ENTITY_MATCHER,False,,NOT_RELEVANT,No Axis Bank in headline — V2Org-only retrieval match
20240110021500-T36,20240110021500,livehindustan.com,https://www.livehindustan.com/gadgets/story-samsung-galaxy-a34-5g-and-galaxy-a54-5g-available-with-attractive-deals-on-official-website-9181430.html,"samsung galaxy a34 5g and galaxy a54 5g available with attractive deals on official website - Tech news hindi - Samsung ने फिर दिया गिफ्ट, इस बार इन 5G फोन की कीमत हुई कम, डील ऐसी कि हर कोई खरीदेगा, गैजेट्स न्यूज",REJECTED_ENTITY_MATCHER,False,,NOT_RELEVANT,Unrelated topic — no Axis Bank material
20240110043000-384,20240110043000,indiatimes.com,https://economictimes.indiatimes.com/markets/stocks/news/sensex-nifty-open-on-a-flat-note-tracking-negative-asian-cues/articleshow/106684334.cms,"sensex today: Sensex, Nifty open on a flat note tracking negative Asian cues",REJECTED_ENTITY_MATCHER,False,,NOT_RELEVANT,No Axis Bank in headline — V2Org-only retrieval match
20240110043000-957,20240110043000,thehindubusinessline.com,https://www.thehindubusinessline.com/markets/share-market-nifty-sensex-live-updates-10-january-2024/article67724321.ece,"Stock Market Live Updates: Sensex, Nifty open weak amidst lack of positive cues",REJECTED_ENTITY_MATCHER,False,,NOT_RELEVANT,Generic market roundup/index update
20240110053000-122,20240110053000,indiatimes.com,https://timesofindia.indiatimes.com/business/india-business/stock-market-soars-in-green-sensex-and-nifty-rally-in-positive-opening/articleshow/106684573.cms,Stock market soars in green: Sensex and Nifty rally in positive opening,REJECTED_ENTITY_MATCHER,False,,NOT_RELEVANT,No Axis Bank in headline — V2Org-only retrieval match
20240110053000-225,20240110053000,bignewsnetwork.com,https://www.bignewsnetwork.com/news/274090283/stock-market-soars-in-green-sensex-and-nifty-rally-in-positive-opening,Stock market soars in green: Sensex and Nifty rally in positive opening,REJECTED_ENTITY_MATCHER,False,,NOT_RELEVANT,No Axis Bank in headline — V2Org-only retrieval match
20240110053000-471,20240110053000,indiatimes.com,https://economictimes.indiatimes.com/markets/forex/rupee-falls-4-paise-to-83-17-against-us-dollar-in-early-trade/articleshow/106685822.cms,Rupee falls 4 paise to 83.17 against US dollar in early trade,REJECTED_ENTITY_MATCHER,False,,NOT_RELEVANT,No Axis Bank in headline — V2Org-only retrieval match
20240110053000-7,20240110053000,indiatimes.com,https://economictimes.indiatimes.com/markets/stocks/news/hot-stocks-brokerages-view-on-ril-ongc-bpcl-godrej-consumer-and-infosys/articleshow/106685955.cms,"infosys shares: Hot Stocks: Brokerages view on RIL, ONGC, BPCL, Godrej Consumer and Infosys",REJECTED_ENTITY_MATCHER,False,,NOT_RELEVANT,No Axis Bank in headline — V2Org-only retrieval match
20240110054500-1166,20240110054500,oklahomacitysun.com,https://www.oklahomacitysun.com/news/274090283/stock-market-soars-in-green-sensex-and-nifty-rally-in-positive-opening,Stock market soars in green: Sensex and Nifty rally in positive opening,REJECTED_ENTITY_MATCHER,False,,NOT_RELEVANT,No Axis Bank in headline — V2Org-only retrieval match
20240110054500-T882,20240110054500,amarujala.com,https://www.amarujala.com/business/business-diary/sensex-opening-bell-share-market-opening-sensex-nifty-share-market-new-and-updates-2024-01-10,"Sensex Opening Bell Share Market Opening Sensex Nifty Share Market New And Updates - Amar Ujala Hindi News Live - Sensex Opening Bell:शेयर बाजार में गिरावट; सेंसेक्स 133 अंक फिसला, निफ्टी 21550 के नीचे",REJECTED_ENTITY_MATCHER,False,,NOT_RELEVANT,No Axis Bank in headline — V2Org-only retrieval match
20240110054500-T861,20240110054500,prabhatkhabar.com,https://www.prabhatkhabar.com/business/sensex-nifty-update-flat-opening-of-stock-market-ntpc-power-grid-bajaj-finserv-state-bank-of-india-jsw-steel-mdn,"sensex nifty update flat opening of stock market ntpc power grid bajaj finserv state bank of india jsw steel mdn | Stock Market: शेयर बाजार की सपाट ओपनिंग, निफ्टी फिसला, सेंसेक्स 71400 के करीब",REJECTED_ENTITY_MATCHER,False,,NOT_RELEVANT,No Axis Bank in headline — V2Org-only retrieval match
20240110060000-202,20240110060000,thehindu.com,https://www.thehindu.com/business/markets/sensex-updates-on-january-10-2024/article67725862.ece,Markets decline in early trade on fresh foreign fund outflows,REJECTED_ENTITY_MATCHER,False,,NOT_RELEVANT,No Axis Bank in headline — V2Org-only retrieval match
20240110061500-36,20240110061500,indiatimes.com,https://economictimes.indiatimes.com/markets/stocks/stock-watch/stock-market-update-power-stocks-up-as-market-rises/articleshow/106687806.cms,Stock Market Sectors: Stock market update: Power stocks up as market rises,REJECTED_ENTITY_MATCHER,False,,NOT_RELEVANT,Generic market roundup/index update
20240110063000-119,20240110063000,indiatimes.com,https://economictimes.indiatimes.com/markets/stocks/stock-watch/stock-market-update-sugar-stocks-down-as-market-rises/articleshow/106687938.cms,Stock Market Sectors: Stock market update: Sugar stocks down as market rises,REJECTED_ENTITY_MATCHER,False,,NOT_RELEVANT,Generic market roundup/index update
20240110063000-365,20240110063000,latestly.com,https://www.latestly.com/agency-news/india-news-markets-decline-in-early-trade-on-fresh-foreign-fund-outflows-weak-global-trends-5682721.html,"India News | Markets Decline in Early Trade on Fresh Foreign Fund Outflows, Weak Global Trends",REJECTED_ENTITY_MATCHER,False,,NOT_RELEVANT,No Axis Bank in headline — V2Org-only retrieval match
20240110064500-1080,20240110064500,webindia123.com,https://news.webindia123.com/news/Articles/Business/20240110/4157499.html,Stock market soars in green: Sensex and Nifty rally in positive opening,REJECTED_ENTITY_MATCHER,False,,NOT_RELEVANT,No Axis Bank in headline — V2Org-only retrieval match
20240110064500-1155,20240110064500,hindustantimes.com,https://www.hindustantimes.com/india-news/kochi-metro-introduces-whatsapp-based-ticketing-facility-101704865855055.html,Kochi Metro introduces WhatsApp-based ticketing facility,REJECTED_ENTITY_MATCHER,False,,NOT_RELEVANT,No Axis Bank in headline — V2Org-only retrieval match
20240110064500-906,20240110064500,news18.com,https://www.news18.com/business/stock-market-updates-sensex-down-marginally-nifty-below-21550-delta-corp-down-4-8734374.html,"Stock Market Updates: Sensex Down Marginally, Nifty Below 21,550; Delta Corp Down 4%",REJECTED_ENTITY_MATCHER,False,,NOT_RELEVANT,Generic market roundup/index update
20240110070000-483,20240110070000,telegraphindia.com,https://www.telegraphindia.com/feeds/business/sensex-declines-over-81-points-to-71304-in-early-trade-nifty-dips-27-points-to-21517/cid/1992772,"Stock market | Sensex declines over 81 points to 71,304 in early trade; Nifty dips 27 points to 21,517",REJECTED_ENTITY_MATCHER,False,,NOT_RELEVANT,No Axis Bank in headline — V2Org-only retrieval match
20240110071500-483,20240110071500,indiatimes.com,https://economictimes.indiatimes.com/wealth/invest/scss-vs-senior-citizen-fds-of-sbi-hdfc-bank-icici-bank-axis-bank-pnb-which-offers-highest-interest/articleshow/106689140.cms,"SCSS vs senior citizen FDs of SBI, HDFC Bank, ICICI Bank, Axis Bank, PNB: Which offers highest interest rate?",ACCEPTED,True,2024-01-10,NOT_RELEVANT,Multi-bank FD/interest rate comparison table
20240110073000-100,20240110073000,tribuneindia.com,https://www.tribuneindia.com/news/business/markets-decline-in-early-trade-on-fresh-foreign-fund-outflows-weak-global-trends-580013,"Markets decline in early trade on fresh foreign fund outflows, weak global trends",REJECTED_ENTITY_MATCHER,False,,NOT_RELEVANT,No Axis Bank in headline — V2Org-only retrieval match
20240110074500-T1377,20240110074500,punjabijagran.com,https://www.punjabijagran.com/business/general-new-credit-card-rules-attention-customers-of-sbi-hdfc-icici-and-axis-bank-rules-have-changed-regarding-credit-cards-9322173.html,"New Credit Card Rules : SBI, HDFC, ICICI ਤੇ Axis Bank ਦੇ ਗਾਹਕ ਧਿਆਨ ਦੇਣ, ਕ੍ਰੈਡਿਟ ਕਾਰਡ ਨੂੰ ਲੈ ਕੇ ਬਦਲ ਗਏ ਹਨ ਨਿਯਮ",ACCEPTED,True,2024-01-10,NOT_RELEVANT,Multi-bank credit card rule comparison
20240110074500-718,20240110074500,aninews.in,https://aninews.in/news/business/business/stock-market-soars-in-green-sensex-and-nifty-rally-in-positive-opening20240110093046/,Stock market soars in green: Sensex and Nifty rally in positive opening,REJECTED_ENTITY_MATCHER,False,,NOT_RELEVANT,No Axis Bank in headline — V2Org-only retrieval match
20240110074500-31,20240110074500,northkoreatimes.com,https://www.northkoreatimes.com/news/274090283/stock-market-soars-in-green-sensex-and-nifty-rally-in-positive-opening,Stock market soars in green: Sensex and Nifty rally in positive opening,REJECTED_ENTITY_MATCHER,False,,NOT_RELEVANT,No Axis Bank in headline — V2Org-only retrieval match
20240110080000-911,20240110080000,india.com,https://zeenews.india.com/markets/markets-decline-in-early-trade-on-fresh-foreign-fund-outflows-weak-global-trends-2708122.html,"Markets Decline In Early Trade On Fresh Foreign Fund Outflows, Weak Global Trends",REJECTED_ENTITY_MATCHER,False,,NOT_RELEVANT,No Axis Bank in headline — V2Org-only retrieval match
20240110080000-539,20240110080000,india.com,https://zeenews.india.com/railways/whatsapp-based-ticketing-facility-introduced-for-kochi-metro-with-added-discounts-2708151.html,WhatsApp-Based Ticketing Facility Introduced For Kochi Metro With Added Discounts,REJECTED_ENTITY_MATCHER,False,,NOT_RELEVANT,No Axis Bank in headline — V2Org-only retrieval match
20240110083000-519,20240110083000,newzealandstar.com,https://www.newzealandstar.com/news/274090283/stock-market-soars-in-green-sensex-and-nifty-rally-in-positive-opening,Stock market soars in green: Sensex and Nifty rally in positive opening,REJECTED_ENTITY_MATCHER,False,,NOT_RELEVANT,No Axis Bank in headline — V2Org-only retrieval match
20240110083000-1118,20240110083000,nigeriasun.com,https://www.nigeriasun.com/news/274090283/stock-market-soars-in-green-sensex-and-nifty-rally-in-positive-opening,Stock market soars in green: Sensex and Nifty rally in positive opening,REJECTED_ENTITY_MATCHER,False,,NOT_RELEVANT,No Axis Bank in headline — V2Org-only retrieval match
20240110084500-85,20240110084500,indiatimes.com,https://economictimes.indiatimes.com/wealth/tax/tax-saving-fixed-deposits-with-up-to-7-interest-rate-top-banks-offering-best-rates-on-tax-saving-fds/articleshow/106692292.cms,Tax-saving fixed deposits with up to 7% interest rate: Top banks offering best rates on tax-saving FDs,REJECTED_ENTITY_MATCHER,False,,NOT_RELEVANT,No Axis Bank in headline — V2Org-only retrieval match
20240110084500-470,20240110084500,bnnbloomberg.ca,https://www.bnnbloomberg.ca/icici-bank-ends-axis-16-year-run-as-rupee-bond-market-king-1.2020040,ICICI Bank Ends Axis' 16-Year Run as Rupee Bond Market King,REJECTED_ENTITY_MATCHER,False,,NOT_RELEVANT,No Axis Bank in headline — V2Org-only retrieval match
20240110090000-262,20240110090000,telegraphindia.com,https://www.telegraphindia.com/business/sensex-declines-over-81-points-to-71304-in-early-trade-nifty-dips-27-points-to-21517/cid/1992772,"Stock market | Sensex declines over 81 points to 71,304 in early trade; Nifty dips 27 points to 21,517",REJECTED_ENTITY_MATCHER,False,,NOT_RELEVANT,No Axis Bank in headline — V2Org-only retrieval match
20240110090000-252,20240110090000,thehindubusinessline.com,https://www.thehindubusinessline.com/news/now-you-can-book-your-kochi-metro-ticket-on-whatsapp/article67726205.ece,Now you can book your Kochi Metro ticket on WhatsApp - The Hindu BusinessLine,REJECTED_ENTITY_MATCHER,False,,NOT_RELEVANT,No Axis Bank in headline — V2Org-only retrieval match
20240110090000-111,20240110090000,thehindubusinessline.com,https://www.thehindubusinessline.com/markets/markets-decline-in-early-trade-on-fresh-foreign-fund-outflows-weak-global-trends/article67725859.ece,"Markets decline in early trade on fresh foreign fund outflows, weak global trends",REJECTED_ENTITY_MATCHER,False,,NOT_RELEVANT,No Axis Bank in headline — V2Org-only retrieval match
20240110093000-332,20240110093000,indiatimes.com,https://economictimes.indiatimes.com/markets/stocks/news/china-stocks-hover-near-five-year-low-on-weak-sentiment/articleshow/106694391.cms,China stocks hover near five-year low on weak sentiment,REJECTED_ENTITY_MATCHER,False,,NOT_RELEVANT,No Axis Bank in headline — V2Org-only retrieval match
20240110093000-791,20240110093000,yahoo.com,https://finance.yahoo.com/news/icici-bank-ends-axis-16-070912385.html,ICICI Bank Ends Axis' 16-Year Run as Rupee Bond Market King,REJECTED_ENTITY_MATCHER,False,,NOT_RELEVANT,No Axis Bank in headline — V2Org-only retrieval match
20240110093000-918,20240110093000,moneycontrol.com,https://www.moneycontrol.com/news/business/icici-bank-ends-axis-16-year-run-as-rupee-bond-market-king-12028601.html,ICICI Bank ends Axis' 16-year run as rupee bond market king,REJECTED_ENTITY_MATCHER,False,,NOT_RELEVANT,No Axis Bank in headline — V2Org-only retrieval match
20240110110000-155,20240110110000,indiatimes.com,https://economictimes.indiatimes.com/markets/stocks/news/fag-end-buying-drives-sensex-272-pts-higher-nifty-tops-21600/articleshow/106697055.cms,"sensex today: Fag-end buying drives Sensex 272 pts higher led by IT stocks; Nifty tops 21,600",REJECTED_ENTITY_MATCHER,False,,NOT_RELEVANT,No Axis Bank in headline — V2Org-only retrieval match
20240110110000-T505,20240110110000,samacharjagat.com,https://www.samacharjagat.com/news/business/credit-card-if-you-also-have-credit-cards-of-these-banks-including-sbi-hdfc-there-have-been-changes-in-the-rules-it-will-affect-you-306688,"Credit Card: If you also have credit cards of these banks including SBI, HDFC, there have been changes in the rules, it will affect you.| business News in Hindi | Credit Card: आपके पास भी है SBI, HDFC सहित इन बैंकों के क्रेडिट कार्ड तो हो गए है नियमों में बदलाव, पड़ेगा आप पर असर",REJECTED_ENTITY_MATCHER,False,,NOT_RELEVANT,No Axis Bank in headline — V2Org-only retrieval match
20240110111500-194,20240110111500,indiatimes.com,https://economictimes.indiatimes.com/markets/stocks/stock-watch/stock-market-update-sugar-stocks-down-as-market-rises/articleshow/106698228.cms,Stock Market Sectors: Stock market update: Sugar stocks down as market rises,REJECTED_ENTITY_MATCHER,False,,NOT_RELEVANT,Generic market roundup/index update
20240110111500-T822,20240110111500,moneycontrol.com,https://hindi.moneycontrol.com/news/your-money/these-10-banks-offering-fixed-deposit-interest-rate-7-percent-on-tax-saving-fd-check-details-1709911.html,"ये 10 बैंक टैक्स सेविंग FD पर दे रहे हैं 7% का ब्याज, यहां पैसा बचाने के साथ कमाने का मिल रहा है मौका",REJECTED_ENTITY_MATCHER,False,,NOT_RELEVANT,No Axis Bank in headline — V2Org-only retrieval match
20240110114500-428,20240110114500,indiatimes.com,https://economictimes.indiatimes.com/markets/options/nifty-bank-snaps-3-day-losing-streak-should-one-adopt-sell-on-rise-strategy/articleshow/106699695.cms,Nifty Bank snaps 3-day losing streak; should one adopt 'sell on rise' strategy?,REJECTED_ENTITY_MATCHER,False,,NOT_RELEVANT,Generic market roundup/index update
20240110114500-493,20240110114500,indiatimes.com,https://economictimes.indiatimes.com/markets/stocks/stock-watch/stock-market-update-fmcg-stocks-down-as-market-rises/articleshow/106699682.cms,Stock Market Sectors: Stock market update: FMCG stocks down as market rises,REJECTED_ENTITY_MATCHER,False,,NOT_RELEVANT,Generic market roundup/index update
20240110114500-857,20240110114500,indiatimes.com,https://economictimes.indiatimes.com/markets/stocks/stock-watch/stock-market-update-power-stocks-up-as-market-rises/articleshow/106698660.cms,Stock Market Sectors: Stock market update: Power stocks up as market rises,REJECTED_ENTITY_MATCHER,False,,NOT_RELEVANT,Generic market roundup/index update
20240110114500-1174,20240110114500,indiatimes.com,https://timesofindia.indiatimes.com/business/india-business/senior-citizen-saving-scheme-vs-sbi-hdfc-bank-icici-bank-axis-bank-and-pnb-fixed-deposits-which-gives-the-highest-interest-rate/articleshow/106697910.cms,"Senior Citizen Saving Scheme vs SBI, HDFC Bank, ICICI Bank, Axis Bank, and PNB fixed deposits: Which gives the highest interest rate?",ACCEPTED,True,2024-01-11,NOT_RELEVANT,Multi-bank FD/interest rate comparison table
20240110114500-1177,20240110114500,indiatimes.com,https://economictimes.indiatimes.com/markets/stocks/stock-watch/stock-market-update-fertilisers-stocks-down-as-market-rises/articleshow/106699179.cms,Stock Market Sectors: Stock market update: Fertilisers stocks down as market rises,REJECTED_ENTITY_MATCHER,False,,NOT_RELEVANT,Generic market roundup/index update
20240110114500-1223,20240110114500,moneylife.in,https://www.moneylife.in/article/cybercrime-threatens-indias-digital-future-unless-quick-action-is-initiated/73096.html,Cybercrime Threatens India's Digital Future unless Quick Action Is Initiated,REJECTED_ENTITY_MATCHER,False,,NOT_RELEVANT,Unrelated topic — no Axis Bank material
20240110114500-1211,20240110114500,thehindu.com,https://www.thehindu.com/business/markets/late-buying-helps-sensex-jump-270-points-ril-icici-bank-shine/article67726728.ece,"Late buying helps Sensex jump 270 points; RIL, ICICI Bank shine",REJECTED_ENTITY_MATCHER,False,,NOT_RELEVANT,No Axis Bank in headline — V2Org-only retrieval match
20240110114500-T999,20240110114500,livehindustan.com,https://www.livehindustan.com/gadgets/story-motorola-two-most-affordable-phones-moto-e13-and-g14-available-with-massive-discount-in-flipkart-deal-9182070.html,"motorola two most affordable phones moto e13 and g14 available with massive discount in flipkart deal - Tech news hindi - Motorola ने कराई मौज, मात्र 6499 रुपये में मिल रहा यह दमदार फोन, G14 भी हुआ सस्ता, गैजेट्स न्यूज",REJECTED_ENTITY_MATCHER,False,,NOT_RELEVANT,Unrelated topic — no Axis Bank material
20240110120000-867,20240110120000,indiatimes.com,https://economictimes.indiatimes.com/markets/stocks/stock-watch/stock-market-update-mining-stocks-mixed-as-market-rises/articleshow/106700328.cms,Stock Market Sectors: Stock market update: Mining stocks mixed as market rises,REJECTED_ENTITY_MATCHER,False,,NOT_RELEVANT,Generic market roundup/index update
20240110120000-1298,20240110120000,orissapost.com,https://www.orissapost.com/late-buying-helps-sensex-jump-270-pts-ril-icici-bank-shine/,"Late buying helps Sensex jump 270 pts; RIL, ICICI Bank shine",REJECTED_ENTITY_MATCHER,False,,NOT_RELEVANT,No Axis Bank in headline — V2Org-only retrieval match
20240110121500-63,20240110121500,indiatimes.com,https://economictimes.indiatimes.com/markets/stocks/stock-watch/stock-market-update-nifty-bank-index-advances-0-25/articleshow/106700942.cms,Indices: Stock market update: Nifty Bank index advances 0.25%,REJECTED_ENTITY_MATCHER,False,,NOT_RELEVANT,Generic market roundup/index update
20240110121500-727,20240110121500,telegraphindia.com,https://www.telegraphindia.com/business/late-buying-helps-sensex-jump-270-points-reliance-industries-icici-bank-shine/cid/1992867,"Stock market | Late buying helps Sensex jump 270 points; Reliance Industries, ICICI Bank shine",REJECTED_ENTITY_MATCHER,False,,NOT_RELEVANT,No Axis Bank in headline — V2Org-only retrieval match
20240110121500-1368,20240110121500,telegraphindia.com,https://www.telegraphindia.com/feeds/business/late-buying-helps-sensex-jump-270-points-reliance-industries-icici-bank-shine/cid/1992867,"Stock market | Late buying helps Sensex jump 270 points; Reliance Industries, ICICI Bank shine",REJECTED_ENTITY_MATCHER,False,,NOT_RELEVANT,No Axis Bank in headline — V2Org-only retrieval match
20240110123000-520,20240110123000,theweek.in,https://www.theweek.in/news/biz-tech/2024/01/10/late-buying-helps-sensex-jump-270-points-reliance-icici-bank-shine.html,"Late buying helps Sensex jump 270 points; Reliance, ICICI Bank shine",REJECTED_ENTITY_MATCHER,False,,NOT_RELEVANT,No Axis Bank in headline — V2Org-only retrieval match
20240110124500-365,20240110124500,india.com,https://zeenews.india.com/markets/late-buying-helps-sensex-jump-270-points-ril-icici-bank-shine-2708370.html,"Late Buying Helps Sensex Jump 270 Points; RIL, ICICI Bank Shine",REJECTED_ENTITY_MATCHER,False,,NOT_RELEVANT,No Axis Bank in headline — V2Org-only retrieval match
20240110130000-202,20240110130000,financialexpress.com,https://www.financialexpress.com/market/late-buying-helps-sensex-jump-270-pts-ril-icici-bank-shine-3360935/,"Late buying helps Sensex jump 270 pts; RIL, ICICI Bank shine",REJECTED_ENTITY_MATCHER,False,,NOT_RELEVANT,No Axis Bank in headline — V2Org-only retrieval match
20240110130000-1005,20240110130000,financialexpress.com,https://www.financialexpress.com/life/technology-as-samsung-galaxy-s24-ultra-launch-draws-near-flipkart-is-selling-s23-ultra-for-less-than-rs-80000-if-you-do-this-3360964/,"As Samsung Galaxy S24 Ultra launch draws near, Flipkart is selling S23 Ultra for less than Rs 80,000 — if you do this",REJECTED_ENTITY_MATCHER,False,,NOT_RELEVANT,Unrelated topic — no Axis Bank material
20240110131500-979,20240110131500,siliconindia.com,https://www.siliconindia.com/news/general/axis-bank-guarantco-enable-inr-1-billion-loan-for-everest-fleets-electric-taxis-nid-227322-cid-1.html,"Axis Bank, GuarantCo Enable INR 1 Billion Loan for Everest Fleet's Electric Taxis",ACCEPTED,True,2024-01-11,DIRECTLY_RELEVANT,Matches pattern: axis\s+bank.*(?:loan|lend|borrow|ncd|debenture)
20240110144500-714,20240110144500,rediff.com,https://www.rediff.com/business/report/late-buying-helps-sensex-jump-270-pts-ril-icici-bank-shine/20240110.htm,"Late buying helps Sensex jump 270 pts; RIL, ICICI Bank shine",REJECTED_ENTITY_MATCHER,False,,NOT_RELEVANT,No Axis Bank in headline — V2Org-only retrieval match
20240110150000-760,20240110150000,tribuneindia.com,https://www.tribuneindia.com/news/business/late-buying-helps-sensex-jump-270-points-ril-icici-bank-shine-580067,"Late buying helps Sensex jump 270 points; RIL, ICICI Bank shine",REJECTED_ENTITY_MATCHER,False,,NOT_RELEVANT,No Axis Bank in headline — V2Org-only retrieval match
20240110183000-2220,20240110183000,orissadiary.com,https://orissadiary.com/axis-bank-foundation-marks-a-decade-of-creating-inclusive-work-opportunities-for-over-24000-youths-with-disabilities-in-partnership-with-youth4jobs-y4j/,"Axis Bank Foundation marks a decade of creating inclusive work opportunities for over 24000+ youths with disabilities, in partnership with Youth4Jobs (Y4J)",ACCEPTED,True,2024-01-11,NOT_RELEVANT,Axis Bank Foundation CSR — not parent bank financial operations
20240110184500-2095,20240110184500,indiatimes.com,https://economictimes.indiatimes.com/markets/cryptocurrency/regulators-set-to-decide-whether-to-ok-a-new-bitcoin-fund-heres-what-investors-need-to-know/articleshow/106707575.cms,bitcoin ETF: Regulators set to decide whether to OK a new bitcoin fund. Here's what investors need to know,REJECTED_ENTITY_MATCHER,False,,NOT_RELEVANT,No Axis Bank in headline — V2Org-only retrieval match
20240111011500-T1209,20240111011500,indiatimes.com,https://navbharattimes.indiatimes.com/business/share-market/share-news/stock-market-prediction-today-there-are-signs-of-bumper-bullish-trend-in-these-stocks-including-sun-pharma/articleshow/106706411.cms,"Stock Market Prediction: स्टॉक मार्केट में आज तगड़ी कमाई करा सकते हैं Sun Pharma सहित ये शेयर, बनाए रखें नजर",REJECTED_ENTITY_MATCHER,False,,NOT_RELEVANT,No Axis Bank in headline — V2Org-only retrieval match
20240111043000-361,20240111043000,indiatimes.com,https://economictimes.indiatimes.com/markets/stocks/news/sensex-climbs-250-pts-nifty-above-21700-it-bluechips-in-focus-ahead-of-earnings/articleshow/106715471.cms,"sensex today: Sensex climbs 250 pts, Nifty above 21,700; IT bluechips in focus ahead of earnings",REJECTED_ENTITY_MATCHER,False,,NOT_RELEVANT,No Axis Bank in headline — V2Org-only retrieval match
20240111051500-1350,20240111051500,hindustantimes.com,https://www.hindustantimes.com/business/bullish-surge-at-market-opening-nifty-rockets-with-gains-global-momentum-fuels-optimism-101704946930727.html,"Bullish surge at market opening: Nifty rockets with gains, global momentum fuels optimism",REJECTED_ENTITY_MATCHER,False,,NOT_RELEVANT,No Axis Bank in headline — V2Org-only retrieval match
20240111051500-865,20240111051500,freepressjournal.in,https://www.freepressjournal.in/business/stock-market-opening-january-11-indices-open-in-green-sensex-at-7191035-nifty-above-21700,"Stock Market Opening January 11: Indices Open in Green; Sensex At 71,910.35 & Nifty Above 21,700",REJECTED_ENTITY_MATCHER,False,,NOT_RELEVANT,No Axis Bank in headline — V2Org-only retrieval match
20240111051500-524,20240111051500,oklahomacitysun.com,https://www.oklahomacitysun.com/news/274091494/bullish-surge-at-market-opening-nifty-rockets-with-gains-global-momentum-fuels-optimism,"Bullish surge at market opening: Nifty rockets with gains, global momentum fuels optimism",REJECTED_ENTITY_MATCHER,False,,NOT_RELEVANT,No Axis Bank in headline — V2Org-only retrieval match
20240111051500-422,20240111051500,indiatimes.com,https://economictimes.indiatimes.com/markets/stocks/recos/buy-axis-bank-target-price-rs-1250-prabhudas-lilladher/articleshow/106716724.cms,"Axis Bank stocks: Buy Axis Bank, target price Rs 1250: Prabhudas Lilladher",ACCEPTED,True,2024-01-11,DIRECTLY_RELEVANT,Matches pattern: axis\s+bank.*(?:share(?:s)?|stock|target\s+price|buy|sell|ho
20240111053000-313,20240111053000,indiatimes.com,https://economictimes.indiatimes.com/markets/stocks/stock-watch/stock-market-update-power-stocks-up-as-market-rises/articleshow/106717273.cms,Stock Market Sectors: Stock market update: Power stocks up as market rises,REJECTED_ENTITY_MATCHER,False,,NOT_RELEVANT,Generic market roundup/index update
20240111053000-955,20240111053000,bignewsnetwork.com,https://www.bignewsnetwork.com/news/274091494/bullish-surge-at-market-opening-nifty-rockets-with-gains-global-momentum-fuels-optimism,"Bullish surge at market opening: Nifty rockets with gains, global momentum fuels optimism",REJECTED_ENTITY_MATCHER,False,,NOT_RELEVANT,No Axis Bank in headline — V2Org-only retrieval match
20240111053000-1061,20240111053000,newzealandstar.com,https://www.newzealandstar.com/news/274091494/bullish-surge-at-market-opening-nifty-rockets-with-gains-global-momentum-fuels-optimism,"Bullish surge at market opening: Nifty rockets with gains, global momentum fuels optimism",REJECTED_ENTITY_MATCHER,False,,NOT_RELEVANT,No Axis Bank in headline — V2Org-only retrieval match
20240111053000-262,20240111053000,rttnews.com,https://www.rttnews.com/3416053/sensex-nifty-edge-higher-in-cautious-trade-auto-and-financials-climb.aspx,"Sensex, Nifty Edge Higher In Cautious Trade; Auto And Financials Climb",REJECTED_ENTITY_MATCHER,False,,NOT_RELEVANT,No Axis Bank in headline — V2Org-only retrieval match
20240111054500-960,20240111054500,theweek.in,https://www.theweek.in/wire-updates/business/2024/01/11/del8-biz-stocks-open.html,Markets climb in early trade on firm global trends,REJECTED_ENTITY_MATCHER,False,,NOT_RELEVANT,No Axis Bank in headline — V2Org-only retrieval match
20240111054500-354,20240111054500,indiatimes.com,https://economictimes.indiatimes.com/markets/stocks/stock-watch/stock-market-update-mining-stocks-mixed-as-market-rises/articleshow/106718022.cms,Stock Market Sectors: Stock market update: Mining stocks mixed as market rises,REJECTED_ENTITY_MATCHER,False,,NOT_RELEVANT,Generic market roundup/index update
20240111054500-522,20240111054500,indiatimes.com,https://economictimes.indiatimes.com/markets/stocks/stock-watch/stock-market-update-nifty-bank-index-advances-0-3-in-an-upbeat-market/articleshow/106717723.cms,Indices: Stock market update: Nifty Bank index advances 0.3% in an upbeat market,REJECTED_ENTITY_MATCHER,False,,NOT_RELEVANT,Generic market roundup/index update
20240111054500-1307,20240111054500,telegraphindia.com,https://www.telegraphindia.com/feeds/business/sensex-jumps-over-341-points-to-71999-in-early-trade-nifty-climbs-107-points-to-21726/cid/1993006,"Stock market | Sensex jumps over 341 points to 71,999 in early trade; Nifty climbs 107 points to 21,726",REJECTED_ENTITY_MATCHER,False,,NOT_RELEVANT,No Axis Bank in headline — V2Org-only retrieval match
20240111054500-T1166,20240111054500,amarujala.com,https://www.amarujala.com/business/bazaar/sensex-opening-bell-share-market-opening-bell-share-market-news-and-updates-2024-01-11,"Sensex Opening Bell Share Market Opening Bell Share Market News And Updates - Amar Ujala Hindi News Live - Sensex Opeing Bell:शेयर बाजार में पॉजिटिव शुरुआत; सेंसेक्स 251 अंक उछला, निफ्टी 21700 के पार",REJECTED_ENTITY_MATCHER,False,,NOT_RELEVANT,No Axis Bank in headline — V2Org-only retrieval match
20240111060000-T385,20240111060000,prabhatkhabar.com,https://www.prabhatkhabar.com/business/sensex-nifty-update-indian-stock-market-rose-sensex-crossed-71900-level-nifty-near-21700-level-mdn,"sensex nifty update indian stock market rose sensex crossed 71900 level nifty near 21700 level mdn | Share Market: भारतीय शेयर बाजार में दिखी तूफानी तेजी, सेंसेक्स 341.76 अंक उछला, निफ्टी भी 21726 के ऊपर",REJECTED_ENTITY_MATCHER,False,,NOT_RELEVANT,No Axis Bank in headline — V2Org-only retrieval match
20240111061500-103,20240111061500,thehindu.com,https://www.thehindu.com/business/markets/sensex-updates-on-january-11-2024/article67729464.ece,Sensex climbs 341 points in early trade,REJECTED_ENTITY_MATCHER,False,,NOT_RELEVANT,No Axis Bank in headline — V2Org-only retrieval match
20240111063000-1155,20240111063000,india.com,https://www.india.com/business/share-market-news-manaksia-shares-jump-over-10-amid-rally-in-stock-markets-check-details-here-6647551/,Manaksia Shares Jump Over 10 Amid Rally in Stock Markets,REJECTED_ENTITY_MATCHER,False,,NOT_RELEVANT,No Axis Bank in headline — V2Org-only retrieval match
20240111063000-T1837,20240111063000,prabhasakshi.com,https://www.prabhasakshi.com/business/share-market-in-domestic-market-early-trading-rose-the-shares-of-many-companies-fell,"Share Market: घरेलू बाजारों में शुरुआती कारोबार में तेजी, कई कंपनियों के शेयर में आई गिरावट",REJECTED_ENTITY_MATCHER,False,,NOT_RELEVANT,No Axis Bank in headline — V2Org-only retrieval match
20240111064500-450,20240111064500,indiatimes.com,https://economictimes.indiatimes.com/tech/technology/phonepe-paytm-sbi-and-others-go-live-on-india-singapore-cross-border-upi-based-payments/articleshow/106720084.cms,"India-Singapore: PhonePe, Paytm, SBI and others go live on India-Singapore cross-border UPI-based payments",REJECTED_ENTITY_MATCHER,False,,NOT_RELEVANT,No Axis Bank in headline — V2Org-only retrieval match
20240111064500-827,20240111064500,thehindubusinessline.com,https://www.thehindubusinessline.com/portfolio/personal-finance/360-one-prime-ncds-offer-up-to-965-yield-should-you-invest/article67728272.ece,360 One Prime NCDs offer up to 9.65% yield: Should you invest?,REJECTED_ENTITY_MATCHER,False,,NOT_RELEVANT,No Axis Bank in headline — V2Org-only retrieval match
20240111064500-282,20240111064500,webindia123.com,https://news.webindia123.com/news/Articles/Business/20240111/4157774.html,"Bullish surge at market opening: Nifty rockets with gains, global momentum fuels optimism",REJECTED_ENTITY_MATCHER,False,,NOT_RELEVANT,No Axis Bank in headline — V2Org-only retrieval match
20240111064500-T407,20240111064500,livehindustan.com,https://www.livehindustan.com/business/story-share-market-live-today-11-january-sensex-nifty-tcs-bse-infosys-nse-top-gainers-trending-stocks-9185810.html,"Share Market Live today 11 January sensex nifty tcs bse infosys nse top gainers trending stocks - Share Market Live today 11 January: शेयर मार्केट में बढ़त बरकरार, ऑटो स्टाॅक्स में तेजी, सेंसेक्स-निफ्टी हरे निशान पर, Business News",REJECTED_ENTITY_MATCHER,False,,NOT_RELEVANT,No Axis Bank in headline — V2Org-only retrieval match
20240111071500-618,20240111071500,indiatimes.com,https://economictimes.indiatimes.com/wealth/save/upi-paynow-linkage-major-upi-apps-enabled-to-receive-remittances-from-singapore-who-can-use/articleshow/106721077.cms,UPI-PayNow Linkage: Major UPI apps enabled to receive remittances from Singapore; who can use,REJECTED_ENTITY_MATCHER,False,,NOT_RELEVANT,No Axis Bank in headline — V2Org-only retrieval match
20240111073000-18,20240111073000,moneycontrol.com,https://www.moneycontrol.com/news/business/markets/mid-day-mood-sensex-nifty-inch-higher-amid-positive-global-cues-it-stocks-in-focus-12033281.html,"Mid-day Mood | Sensex, Nifty inch higher amid positive global cues; IT stocks in focus",REJECTED_ENTITY_MATCHER,False,,NOT_RELEVANT,No Axis Bank in headline — V2Org-only retrieval match
20240111074500-252,20240111074500,telegraphindia.com,https://www.telegraphindia.com/business/sensex-jumps-over-341-points-to-71999-in-early-trade-nifty-climbs-107-points-to-21726/cid/1993006,"Stock market | Sensex jumps over 341 points to 71,999 in early trade; Nifty climbs 107 points to 21,726",REJECTED_ENTITY_MATCHER,False,,NOT_RELEVANT,No Axis Bank in headline — V2Org-only retrieval match
20240111074500-91,20240111074500,india.com,https://zeenews.india.com/markets/markets-climb-in-early-trade-on-firm-global-trends-2708520.html,Markets Climb In Early Trade On Firm Global Trends,REJECTED_ENTITY_MATCHER,False,,NOT_RELEVANT,No Axis Bank in headline — V2Org-only retrieval match
20240111074500-255,20240111074500,northkoreatimes.com,https://www.northkoreatimes.com/news/274091494/bullish-surge-at-market-opening-nifty-rockets-with-gains-global-momentum-fuels-optimism,"Bullish surge at market opening: Nifty rockets with gains, global momentum fuels optimism",REJECTED_ENTITY_MATCHER,False,,NOT_RELEVANT,No Axis Bank in headline — V2Org-only retrieval match
20240111074500-667,20240111074500,thehindubusinessline.com,https://www.thehindubusinessline.com/markets/sensex-nifty-climb-in-early-trade-on-firm-global-trends/article67729430.ece,"Sensex, Nifty climb in early trade on firm global trends - The Hindu BusinessLine",REJECTED_ENTITY_MATCHER,False,,NOT_RELEVANT,No Axis Bank in headline — V2Org-only retrieval match
20240111080000-187,20240111080000,businesstoday.in,https://www.businesstoday.in/personal-finance/story/upi-remittances-abroad-heres-how-bhim-phonepe-and-paytm-app-users-can-transfer-money-to-singapore-via-smartphone-412820-2024-01-11,"UPI remittances abroad: Here's how BHIM, PhonePe, and Paytm app users can transfer money to Singapore via smartphone",REJECTED_ENTITY_MATCHER,False,,NOT_RELEVANT,No Axis Bank in headline — V2Org-only retrieval match
20240111080000-1162,20240111080000,aninews.in,https://aninews.in/news/business/business/bullish-surge-at-market-opening-nifty-rockets-with-gains-global-momentum-fuels-optimism20240111094458/,"Bullish surge at market opening: Nifty rockets with gains, global momentum fuels optimism",REJECTED_ENTITY_MATCHER,False,,NOT_RELEVANT,No Axis Bank in headline — V2Org-only retrieval match
20240111081500-1105,20240111081500,nigeriasun.com,https://www.nigeriasun.com/news/274091494/bullish-surge-at-market-opening-nifty-rockets-with-gains-global-momentum-fuels-optimism,"Bullish surge at market opening: Nifty rockets with gains, global momentum fuels optimism",REJECTED_ENTITY_MATCHER,False,,NOT_RELEVANT,No Axis Bank in headline — V2Org-only retrieval match
20240111083000-877,20240111083000,livemint.com,https://www.livemint.com/money/personal-finance/major-upi-apps-such-as-bhim-phonepe-paytm-enabled-to-receive-remittances-from-singapore-11704958309238.html,Major UPI apps enabled to receive direct remittances from Singapore,REJECTED_ENTITY_MATCHER,False,,NOT_RELEVANT,No Axis Bank in headline — V2Org-only retrieval match
20240111084500-T2071,20240111084500,punjabkesari.com,https://www.punjabkesari.com/business-news/bumper-start-in-stock-market-today-sensex-crosses-71900-nifty-above-21700/,"Bumper Start In Stock Market Today, Sensex Crosses 71900, Nifty Above 21700 - शेयर बाजार में आज बम्पर शुरुआत, सेंसेक्स 71900 पार, निफ्टी 21700 के ऊपर",REJECTED_ENTITY_MATCHER,False,,NOT_RELEVANT,Generic market roundup/index update
20240111090000-1000,20240111090000,indiatimes.com,https://timesofindia.indiatimes.com/gadgets-news/npci-expands-upis-linkage-with-singapores-paynow-heres-what-this-means-for-users/articleshow/106725146.cms,NPCI expands UPI's linkage with Singapore's PayNow: Here's what this means for users,REJECTED_ENTITY_MATCHER,False,,NOT_RELEVANT,No Axis Bank in headline — V2Org-only retrieval match
20240111093000-827,20240111093000,devdiscourse.com,https://www.devdiscourse.com/article/business/2772487-bullish-surge-at-market-opening-nifty-rockets-with-gains-global-momentum-fuels-optimism,"Bullish surge at market opening: Nifty rockets with gains, global momentum fuels optimism",REJECTED_ENTITY_MATCHER,False,,NOT_RELEVANT,No Axis Bank in headline — V2Org-only retrieval match
20240111093000-351,20240111093000,rttnews.com,https://www.rttnews.com/story.aspx?Id=3416053,"Sensex, Nifty Edge Higher In Cautious Trade; Auto And Financials Climb",REJECTED_ENTITY_MATCHER,False,,NOT_RELEVANT,No Axis Bank in headline — V2Org-only retrieval match
20240111100000-1146,20240111100000,2lt.com.au,https://www.2lt.com.au/bullish-surge-at-market-opening-nifty-rockets-with-gains-global-momentum-fuels-optimism/,"Bullish surge at market opening: Nifty rockets with gains, global momentum fuels optimism",REJECTED_ENTITY_MATCHER,False,,NOT_RELEVANT,No Axis Bank in headline — V2Org-only retrieval match
20240111100000-T1435,20240111100000,bhaskar.com,https://www.bhaskar.com/business/news/fd-interst-rates-mahila-samman-saving-certificate-scheme-details-132426661.html,"FD Interst Rates; Mahila Samman Saving Certificate Scheme Details | FD Vs महिला सम्मान सेविंग्स सर्टिफिकेट: SBI और PNB सहित कई बैंकों ने ब्याज दरों में किया बदलाव, जानें अब कहां पैसा लगाना फायदेमंद",REJECTED_ENTITY_MATCHER,False,,NOT_RELEVANT,No Axis Bank in headline — V2Org-only retrieval match
20240111104500-T78,20240111104500,amarujala.com,https://www.amarujala.com/dehradun/husband-fraudulently-got-the-wife-signature-and-took-the-loan-by-mortgaging-the-car-dehradun-news-2024-01-11,"Husband Fraudulently Got The Wife Signature And Took The Loan By Mortgaging The Car Dehradun News - Amar Ujala Hindi News Live - हैरान कर देगी फ्रॉड की ये कहानी:चेक बुक पर साइन कराए, गिरवी रखी कार और... पति ने पत्नी को बनाया शिकार",REJECTED_ENTITY_MATCHER,False,,NOT_RELEVANT,No Axis Bank in headline — V2Org-only retrieval match
20240111104500-787,20240111104500,indiatimes.com,https://timesofindia.indiatimes.com/business/india-business/8-best-cashback-credit-cards-for-holiday-shopping/articleshow/106728726.cms,8 best cashback credit cards for holiday shopping,REJECTED_ENTITY_MATCHER,False,,NOT_RELEVANT,No Axis Bank in headline — V2Org-only retrieval match
20240111104500-464,20240111104500,moneycontrol.com,https://www.moneycontrol.com/news/business/markets/taking-stock-market-ends-with-minor-gains-amid-volatility-small-midcaps-shine-12035101.html,"Taking Stock: Market ends with minor gains amid volatility; small, midcaps shine",REJECTED_ENTITY_MATCHER,False,,NOT_RELEVANT,No Axis Bank in headline — V2Org-only retrieval match
20240111110000-T232,20240111110000,moneycontrol.com,https://hindi.moneycontrol.com/news/markets/share-market-today-sensex-nifty-ends-in-gree-third-straight-day-investors-wealth-surges-1-76-lakh-crore-in-day-1712461.html,"Share Market: शेयर बाजार ने लगातार तीसरे दिन किया मालामाल, निवेशकों की ₹1.76 लाख करोड़ बढ़ गई संपत्ति",REJECTED_ENTITY_MATCHER,False,,NOT_RELEVANT,No Axis Bank in headline — V2Org-only retrieval match
20240111111500-535,20240111111500,indiatimes.com,https://economictimes.indiatimes.com/markets/stocks/stock-watch/stock-market-update-stocks-that-hit-52-week-lows-on-nse-in-todays-trade/articleshow/106729779.cms,52 week high stocks: Stock market update: Stocks that hit 52-week lows on NSE in today's trade,REJECTED_ENTITY_MATCHER,False,,NOT_RELEVANT,Generic market roundup/index update
20240111111500-1463,20240111111500,dailypioneer.com,https://www.dailypioneer.com/2024/business/markets-climb-in-early-trade-on-firm-global-trends.html,Markets climb in early trade on firm global trends,REJECTED_ENTITY_MATCHER,False,,NOT_RELEVANT,No Axis Bank in headline — V2Org-only retrieval match
20240111111500-1383,20240111111500,indiatimes.com,https://economictimes.indiatimes.com/markets/stocks/news/sensex-ekes-out-marginal-gains-ahead-of-tcs-infosys-results-us-inflation-data/articleshow/106729351.cms,"sensex today: Sensex ekes out marginal gains ahead of TCS, Infosys results; US inflation data",REJECTED_ENTITY_MATCHER,False,,NOT_RELEVANT,No Axis Bank in headline — V2Org-only retrieval match
20240111111500-690,20240111111500,mbauniverse.com,https://www.mbauniverse.com/articles/iim-indore-admission,"IIM Indore Admission 2024: Check Eligibility, Fees, Placements, Cut Off, Selection Criteria Revamped",REJECTED_ENTITY_MATCHER,False,,NOT_RELEVANT,No Axis Bank in headline — V2Org-only retrieval match
20240111113000-236,20240111113000,indiatimes.com,https://economictimes.indiatimes.com/nri/invest/major-upi-apps-enabled-to-receive-remittances-from-singapore-via-upi-paynow-linkage-npci/articleshow/106727984.cms,upi: Indians can now receive instant remittances from Singapore via major UPI apps: NPCI,REJECTED_ENTITY_MATCHER,False,,NOT_RELEVANT,No Axis Bank in headline — V2Org-only retrieval match
20240111113000-762,20240111113000,financialexpress.com,https://www.financialexpress.com/market/markets-end-high-after-volatile-day-nifty-closes-near-21600-top-gainers-on-january-09-include-hero-motocorp-and-bajaj-auto-whereas-media-and-it-stocks-among-key-losers-3361919/,"Markets end high after volatile day; Nifty closes near 21,600 top gainers on January 09 include Hero MotoCorp and Bajaj Auto whereas Media and IT stocks among key losers",REJECTED_ENTITY_MATCHER,False,,NOT_RELEVANT,No Axis Bank in headline — V2Org-only retrieval match
20240111113000-T18,20240111113000,prabhasakshi.com,https://www.prabhasakshi.com/currentaffairs/foreign-companies-are-trying-to-influence-india-banking-insurance-sector-and-stock-market,"भारत के बैंकिंग, बीमा क्षेत्र और शेयर बाजार को प्रभावित करने का प्रयास कर रहीं हैं विदेशी कंपनियां",REJECTED_ENTITY_MATCHER,False,,NOT_RELEVANT,No Axis Bank in headline — V2Org-only retrieval match
20240111114500-1065,20240111114500,indiatimes.com,https://economictimes.indiatimes.com/markets/stocks/stock-watch/share-market-update-most-active-stocks-of-the-day-in-terms-of-traded-value/articleshow/106731449.cms,active stocks: Share market update: Most active stocks of the day in terms of traded value,REJECTED_ENTITY_MATCHER,False,,NOT_RELEVANT,Generic market roundup/index update
20240111114500-16,20240111114500,indiatimes.com,https://economictimes.indiatimes.com/markets/stocks/stock-watch/stock-market-update-nifty-bank-index-advances-0-16/articleshow/106731159.cms,Indices: Stock market update: Nifty Bank index advances 0.16%,REJECTED_ENTITY_MATCHER,False,,NOT_RELEVANT,Generic market roundup/index update
20240111114500-680,20240111114500,indianexpress.com,https://indianexpress.com/article/business/market/markets-marginally-higher-tcs-infosys-quarterly-results-9105236/,"Markets settle marginally higher; TCS, Infosys quarterly results eyed",REJECTED_ENTITY_MATCHER,False,,NOT_RELEVANT,No Axis Bank in headline — V2Org-only retrieval match
20240111114500-1249,20240111114500,thehindu.com,https://www.thehindu.com/business/markets/markets-settle-marginally-higher-tcs-infosys-quarterly-results-eyed/article67730103.ece,"Markets settle marginally higher; TCS, Infosys quarterly results eyed",REJECTED_ENTITY_MATCHER,False,,NOT_RELEVANT,No Axis Bank in headline — V2Org-only retrieval match
20240111120000-862,20240111120000,moneycontrol.com,https://www.moneycontrol.com/news/business/banks-q3-fy24-earnings-top-five-things-to-watch-out-for-12035671.html,Banks' Q3 FY24 earnings: Top five things to watch out for,REJECTED_ENTITY_MATCHER,False,,NOT_RELEVANT,No Axis Bank in headline — V2Org-only retrieval match
20240111120000-678,20240111120000,freepressjournal.in,https://www.freepressjournal.in/business/stock-market-closing-january-11-with-sensex-at-7172118-nifty-above-21600-indices-end-day-in-green,"Stock Market Closing January 11: With Sensex At 71,721.18, Nifty Above 21,600; Indices End Day In Green",REJECTED_ENTITY_MATCHER,False,,NOT_RELEVANT,No Axis Bank in headline — V2Org-only retrieval match
20240111121500-T1528,20240111121500,indiatimes.com,https://navbharattimes.indiatimes.com/tech/gadgets-news/upi-payment-phonepe-paytm-live-in-singapore-check-details/articleshow/106726443.cms,"UPI में सिंगापुर भारत की राह पर! PhonePe, Paytm यूजर्स की मौज",REJECTED_ENTITY_MATCHER,False,,NOT_RELEVANT,No Axis Bank in headline — V2Org-only retrieval match
20240111121500-531,20240111121500,indiatimes.com,https://economictimes.indiatimes.com/markets/stocks/stock-watch/stock-market-update-stocks-that-hit-52-week-highs-on-nse-in-todays-trade/articleshow/106732312.cms,52 week high stocks: Stock market update: Stocks that hit 52-week highs on NSE in today's trade,REJECTED_ENTITY_MATCHER,False,,NOT_RELEVANT,Generic market roundup/index update
20240111121500-288,20240111121500,india.com,https://zeenews.india.com/markets/markets-settle-marginally-higher-tcs-infosys-quarterly-results-eyed-2708648.html,"Markets Settle Marginally Higher; TCS, Infosys Quarterly Results Eyed",REJECTED_ENTITY_MATCHER,False,,NOT_RELEVANT,No Axis Bank in headline — V2Org-only retrieval match
20240111123000-1099,20240111123000,businessworld.in,https://www.businessworld.in/article/Nifty-Sensex-Dip-Ahead-Of-IT-Earnings-And-US-Inflation-Data/11-01-2024-505647/,Nifty Sensex Dip Ahead Of IT Earnings And US Inflation Data - BW Businessworld,REJECTED_ENTITY_MATCHER,False,,NOT_RELEVANT,No Axis Bank in headline — V2Org-only retrieval match
20240111133000-2110,20240111133000,devdiscourse.com,https://www.devdiscourse.com/article/headlines/2772944-equity-benchmarks-end-with-marginal-gains-as-investors-watch-it-bellwethers-q3-show,Equity benchmarks end with marginal gains as investors watch IT bellwethers' Q3 show,REJECTED_ENTITY_MATCHER,False,,NOT_RELEVANT,No Axis Bank in headline — V2Org-only retrieval match
20240111133000-1837,20240111133000,businesstoday.in,https://www.businesstoday.in/visualstories/stock/hero-motocorp-bajaj-auto-top-gainers-on-nifty50-ril-infosys-most-active-on-january-11-87947-11-01-2024,"Hero MotoCorp, Bajaj Auto top gainers on Nifty50; RIL, Infosys most active on January 11",REJECTED_ENTITY_MATCHER,False,,NOT_RELEVANT,No Axis Bank in headline — V2Org-only retrieval match
20240111133000-T1752,20240111133000,punjabkesari.in,https://www.punjabkesari.in/business/news/stock-market-continues-to-rise-1927370,"शेयर बाजार में तेजी जारी, सेंसेक्स 63 अंक के पार - stock market continues to rise",REJECTED_ENTITY_MATCHER,False,,NOT_RELEVANT,No Axis Bank in headline — V2Org-only retrieval match
20240111134500-1126,20240111134500,moneycontrol.com,https://www.moneycontrol.com/news/business/banks-treasury-income-to-rise-in-q3-as-bond-yields-ease-say-experts-12036081.html,"Banks' treasury income to rise in Q3 as bond yields ease, say experts",REJECTED_ENTITY_MATCHER,False,,NOT_RELEVANT,No Axis Bank in headline — V2Org-only retrieval match
20240111141500-1587,20240111141500,rttnews.com,https://www.rttnews.com/story.aspx?Id=3416161,"Sensex, Nifty Extend Gains For Third Day",REJECTED_ENTITY_MATCHER,False,,NOT_RELEVANT,No Axis Bank in headline — V2Org-only retrieval match
20240111141500-1955,20240111141500,rediff.com,https://www.rediff.com/business/report/sensex-pares-intra-day-gains-settles-63-points-higher/20240111.htm,Sensex pares intra-day gains; settles 63 points higher,REJECTED_ENTITY_MATCHER,False,,NOT_RELEVANT,No Axis Bank in headline — V2Org-only retrieval match
20240111151500-648,20240111151500,tribuneindia.com,https://www.tribuneindia.com/news/business/equity-benchmarks-end-with-marginal-gains-as-investors-watch-it-bellwethers-q3-show-580367,Equity benchmarks end with marginal gains as investors watch IT bellwethers' Q3 show : The Tribune India,REJECTED_ENTITY_MATCHER,False,,NOT_RELEVANT,No Axis Bank in headline — V2Org-only retrieval match
20240111153000-1224,20240111153000,telegraphindia.com,https://www.telegraphindia.com/feeds/business/markets-settle-marginally-higher-tata-consultancy-services-infosys-quarterly-results-eyed/cid/1993086,"Stock market | Markets settle marginally higher; Tata Consultancy Services, Infosys quarterly results eyed",REJECTED_ENTITY_MATCHER,False,,NOT_RELEVANT,No Axis Bank in headline — V2Org-only retrieval match
20240111153000-1039,20240111153000,thehindu.com,https://www.thehindu.com/news/national/tamil-nadu/consumer-forum-in-cuddalore-orders-axis-bank-to-pay-1-lakh-in-compensation-for-deficiency-in-service/article67730209.ece,Consumer forum in Cuddalore orders Axis Bank to pay ₹1 lakh in compensation for deficiency in service,ACCEPTED,True,2024-01-12,DIRECTLY_RELEVANT,Matches pattern: axis\s+bank.*(?:fraud|cheque|compensation|consumer\s+forum|c
20240111154500-1048,20240111154500,mbauniverse.com,https://www.mbauniverse.com/articles/iim-kashipur-mba-analytics-admission,"IIM Kashipur MBA Analytics Admission 2024: Check Fee, Cut Off, Criteria, Last Date",REJECTED_ENTITY_MATCHER,False,,NOT_RELEVANT,No Axis Bank in headline — V2Org-only retrieval match
20240111163000-1819,20240111163000,telegraphindia.com,https://www.telegraphindia.com/business/markets-settle-marginally-higher-tata-consultancy-services-infosys-quarterly-results-eyed/cid/1993086,"Stock market | Markets settle marginally higher; Tata Consultancy Services, Infosys quarterly results eyed",REJECTED_ENTITY_MATCHER,False,,NOT_RELEVANT,No Axis Bank in headline — V2Org-only retrieval match
20240111163000-757,20240111163000,rttnews.com,https://www.rttnews.com/3416161/sensex-nifty-extend-gains-for-third-day.aspx,"Sensex, Nifty Extend Gains For Third Day",REJECTED_ENTITY_MATCHER,False,,NOT_RELEVANT,No Axis Bank in headline — V2Org-only retrieval match
20240111164500-T1944,20240111164500,amarujala.com,https://www.amarujala.com/lucknow/lucknow-news-clues-found-of-investing-black-money-in-more-than-half-a-dozen-companies-2024-01-11,Lucknow News: Clues Found Of Investing Black Money In More Than Half A Dozen Companies - Amar Ujala Hindi News Live - Lucknow News :आधा दर्जन से ज्यादा कंपनियों में काली कमाई निवेश करने के मिले सुराग,REJECTED_ENTITY_MATCHER,False,,NOT_RELEVANT,No Axis Bank in headline — V2Org-only retrieval match
20240111180000-1390,20240111180000,orissadiary.com,https://orissadiary.com/axis-bank-extends-inr-1-billion-loan-to-everest-fleet-under-guarantco-partnership-for-purchase-of-electric-vehicles-ev-in-india/,Axis Bank extends INR 1 billion loan to Everest Fleet under GuarantCo partnership for purchase of Electric Vehicles (EV) in India,ACCEPTED,True,2024-01-12,DIRECTLY_RELEVANT,Matches pattern: axis\s+bank.*(?:loan|lend|borrow|ncd|debenture)
20240111201500-1201,20240111201500,thenorthlines.com,https://thenorthlines.com/sensex-pares-intra-day-gains-settles-63-points-higher/,Sensex pares intra-day gains; settles 63 points higher,REJECTED_ENTITY_MATCHER,False,,NOT_RELEVANT,No Axis Bank in headline — V2Org-only retrieval match
20240112013000-1500,20240112013000,financialexpress.com,https://www.financialexpress.com/market/clsa-raises-concerns-about-indias-stretched-valuation-bullish-on-ril-hdfc-bank-ongc-infosys-3362504/,"CLSA raises concerns about India's stretched valuation, bullish on RIL, HDFC Bank, ONGC, Infosys - Market News",REJECTED_ENTITY_MATCHER,False,,NOT_RELEVANT,No Axis Bank in headline — V2Org-only retrieval match
20240112023000-553,20240112023000,indiatimes.com,https://economictimes.indiatimes.com/tech/technology/hdfc-bank-rides-cobranded-credit-card-wave-issues-large-number-of-cards-with-swiggy-and-tata-neu/articleshow/106738146.cms,"co-branded credit cards: Cobranding with Tata Neu, Swiggy widens HDFC Bank cards' reach",REJECTED_ENTITY_MATCHER,False,,NOT_RELEVANT,No Axis Bank in headline — V2Org-only retrieval match
20240112023000-3,20240112023000,indiatimes.com,https://economictimes.indiatimes.com/tech/newsletters/morning-dispatch/cobranded-credit-card-rush-ban-threat-on-offshore-crypto-apps/articleshow/106743503.cms,Cobranded credit card rush; threat of complete ban on offshore crypto apps,REJECTED_ENTITY_MATCHER,False,,NOT_RELEVANT,No Axis Bank in headline — V2Org-only retrieval match
20240112031500-T1030,20240112031500,indiatimes.com,https://navbharattimes.indiatimes.com/business/share-market/share-news/stock-market-prediction-today-there-are-signs-of-bumper-bullish-trend-in-these-stocks-including/articleshow/106738288.cms,"Stock Market Prediction: आज Rail Vikas Nigam समेत इन शेयरों में रहेगा एक्शन, कमाई का न चूकें मौका",REJECTED_ENTITY_MATCHER,False,,NOT_RELEVANT,No Axis Bank in headline — V2Org-only retrieval match
20240112033000-T128,20240112033000,bhaskar.com,https://www.bhaskar.com/business/news/business-events-today-share-market-all-time-high-petrol-diesel-gold-silver-gst-132429850.html,"Business events today, Share Market all time high, petrol diesel, gold silver, GST | रिटेल महंगाई दर के आंकड़े आज आएंगे: 27 रुपए डिविडेंड देगी TCS, सरकार ने FY-24 में अब तक ₹14.70 लाख करोड़ नेट डायरेक्ट टैक्स वसूला",REJECTED_ENTITY_MATCHER,False,,NOT_RELEVANT,No Axis Bank in headline — V2Org-only retrieval match
20240112044500-880,20240112044500,thehindubusinessline.com,https://www.thehindubusinessline.com/markets/share-market-nifty-sensex-live-updates-12-january-2024/article67730865.ece,"Stock Market Live Updates: Sensex gains 350 pts, Nifty above 21,700 in early trade; IT sector in focus",REJECTED_ENTITY_MATCHER,False,,NOT_RELEVANT,Generic market roundup/index update
20240112051500-761,20240112051500,indiatimes.com,https://economictimes.indiatimes.com/markets/stocks/news/hot-stocks-brokerages-view-on-infosys-tcs-polycab-india-and-macrotech-developers/articleshow/106748287.cms,"infosys shares: Hot Stocks: Brokerages view on Infosys, TCS, Polycab India and Macrotech Developers",REJECTED_ENTITY_MATCHER,False,,NOT_RELEVANT,No Axis Bank in headline — V2Org-only retrieval match
20240112054500-172,20240112054500,indiatimes.com,https://economictimes.indiatimes.com/markets/stocks/stock-watch/stock-market-update-nifty-bank-index-advances-0-43-in-an-upbeat-market/articleshow/106749434.cms,Indices: Stock market update: Nifty Bank index advances 0.43% in an upbeat market,REJECTED_ENTITY_MATCHER,False,,NOT_RELEVANT,Generic market roundup/index update
20240112054500-1038,20240112054500,indiatimes.com,https://timesofindia.indiatimes.com/city/bhubaneswar/miscreants-loot-32l-from-atms/articleshow/106745926.cms,ATMs Balasore: Miscreants Loot 32l From Atms | Bhubaneswar News,REJECTED_ENTITY_MATCHER,False,,NOT_RELEVANT,No Axis Bank in headline — V2Org-only retrieval match
20240112060000-1034,20240112060000,thehindubusinessline.com,https://www.thehindubusinessline.com/portfolio/technical-analysis/bank-nifty-prediction-today-jan-12-2024-index-might-see-an-uptick/article67733288.ece,"Bank Nifty prediction today – Jan 12, 2024: Index might see an uptick",REJECTED_ENTITY_MATCHER,False,,NOT_RELEVANT,No Axis Bank in headline — V2Org-only retrieval match
20240112061500-603,20240112061500,indiatimes.com,https://economictimes.indiatimes.com/markets/expert-view/tcs-management-is-confident-that-fy25-will-be-better-than-fy24-heres-why/articleshow/106750640.cms,tcs q3 results: TCS management is confident that FY25 will be better than FY24. Here's why,REJECTED_ENTITY_MATCHER,False,,NOT_RELEVANT,No Axis Bank in headline — V2Org-only retrieval match
20240112074500-568,20240112074500,barandbench.com,https://www.barandbench.com/law-firms/dealstreet/luthra-advises-group-of-lenders-on-loan-facilities-availed-by-highways-infrastructure-trust,Luthra advises group of lenders on loan facilities availed by Highways Infrastructure Trust,REJECTED_ENTITY_MATCHER,False,,NOT_RELEVANT,No Axis Bank in headline — V2Org-only retrieval match
20240112094500-55,20240112094500,indiatimes.com,https://economictimes.indiatimes.com/markets/stocks/news/itc-zomato-2-tata-cos-among-top-10-largecap-stocks-shopped-by-mfs-in-december/articleshow/106761273.cms,"ITC, Zomato, 2 Tata cos among top 10 largecap stocks shopped by MFs in December",REJECTED_ENTITY_MATCHER,False,,NOT_RELEVANT,No Axis Bank in headline — V2Org-only retrieval match
20240112094500-523,20240112094500,indianexpress.com,https://indianexpress.com/article/technology/iphone-discounts-and-allowances-flipkart-republic-day-sale-9106634/,"iPhone 15, iPhone 14 & iPhone 13 get massive discounts ahead of Flipkart Republic Day sale",REJECTED_ENTITY_MATCHER,False,,NOT_RELEVANT,Unrelated topic — no Axis Bank material
20240112101500-706,20240112101500,indiainfoline.com,https://www.indiainfoline.com/article/news-top-story/axis-bank-on-the-right-axis-1705040775532_1.html,Axis Bank: On the right axis,ACCEPTED,True,2024-01-15,DIRECTLY_RELEVANT,Axis Bank appears in headline with specific context
20240112110000-1219,20240112110000,indiatimes.com,https://economictimes.indiatimes.com/markets/stocks/stock-watch/stock-market-update-mining-stocks-up-as-market-rises/articleshow/106765039.cms,Stock Market Sectors: Stock market update: Mining stocks up as market rises,REJECTED_ENTITY_MATCHER,False,,NOT_RELEVANT,Generic market roundup/index update
20240112110000-T593,20240112110000,moneycontrol.com,https://hindi.moneycontrol.com/news/markets/share-market-today-it-stocks-rally-push-sensenx-nifty-to-record-new-highs-investors-earnes-3-lakh-crore-in-a-day-1715011.html,"शेयर बाजार में पैसों की बारिश! सेंसेक्स ने बनाया रिकॉर्ड, ₹3 लाख करोड़ बढ़ी संपत्ति, जानें कारण",REJECTED_ENTITY_MATCHER,False,,NOT_RELEVANT,No Axis Bank in headline — V2Org-only retrieval match
20240112110000-T578,20240112110000,moneycontrol.com,https://hindi.moneycontrol.com/news/your-money/fd-rates-fixed-deposit-for-senior-citizen-banks-give-rupees-26000-interest-on-these-fd-1714401.html,"FD Rates: सीनियर सिटीजन को मिलेगा 26000 रुपये का इंटरेस्ट, चेक करें इन बैंकों का ऑफर",REJECTED_ENTITY_MATCHER,False,,NOT_RELEVANT,No Axis Bank in headline — V2Org-only retrieval match
20240112111500-951,20240112111500,freepressjournal.in,https://www.freepressjournal.in/business/stock-market-closing-january-12-with-sensex-at-7256845-nifty-above-21800-indices-end-at-record-high,"Stock Market Closing January 12: With Sensex At 72,568.45, Nifty Above 21,850; Indices End At Record High",REJECTED_ENTITY_MATCHER,False,,NOT_RELEVANT,No Axis Bank in headline — V2Org-only retrieval match
20240112121500-759,20240112121500,indiatimes.com,https://economictimes.indiatimes.com/markets/stocks/stock-watch/stock-market-update-nifty-bank-index-advances-0-57/articleshow/106768329.cms,Indices: Stock market update: Nifty Bank index advances 0.57%,REJECTED_ENTITY_MATCHER,False,,NOT_RELEVANT,Generic market roundup/index update
20240112121500-1,20240112121500,indiatimes.com,https://economictimes.indiatimes.com/markets/stocks/stock-watch/stock-market-update-power-stocks-up-as-market-rises/articleshow/106768586.cms,Stock Market Sectors: Stock market update: Power stocks up as market rises,REJECTED_ENTITY_MATCHER,False,,NOT_RELEVANT,Generic market roundup/index update
20240112121500-136,20240112121500,indiatimes.com,https://economictimes.indiatimes.com/markets/stocks/news/nifty-bank-falls-nearly-1-in-a-week-48000-crucial-for-bulls-next-week/articleshow/106768541.cms,Nifty Bank falls nearly 1% in a week; 48000 crucial for bulls next week,REJECTED_ENTITY_MATCHER,False,,NOT_RELEVANT,Generic market roundup/index update
20240112130000-T147,20240112130000,digit.in,https://www.digit.in/hi/news/mobile-phones/moto-razr-40-ultra-and-moto-edge-40-neo-introduced-in-new-color-in-india.html,"नए अवतार में लॉन्च हुए Motorola के दो तगड़े स्मार्टफोन्स, देखें इनका स्टाइलिश लुक और धांसू फीचर्स",REJECTED_ENTITY_MATCHER,False,,NOT_RELEVANT,Unrelated topic — no Axis Bank material
20240112134500-T2539,20240112134500,indiatimes.com,https://navbharattimes.indiatimes.com/business/share-market/share-news/stock-market-sensex-soars-847-pts-ends-above-72550-for-first-time-nifty-nears-21900/articleshow/106765595.cms,"Share Market News,शेयर बाजार में तूफानी तेजी, 1000 अंक उछला सेंसेक्स, ऑल टाइम हाई पर पहुंचा मार्केट - stock market sensex soars 847 pts ends above 72550 for first time nifty nears 21900",REJECTED_ENTITY_MATCHER,False,,NOT_RELEVANT,No Axis Bank in headline — V2Org-only retrieval match
20240112140000-279,20240112140000,livemint.com,https://www.livemint.com/market/sat-says-sebi-has-four-weeks-to-comply-with-karvy-order-11705066742067.html,SAT says Sebi has four weeks to comply with Karvy order,REJECTED_ENTITY_MATCHER,False,,NOT_RELEVANT,No Axis Bank in headline — V2Org-only retrieval match
20240112143000-41,20240112143000,hindustantimes.com,https://www.hindustantimes.com/india-news/masala-bonds-a-hot-issue-between-the-enforcement-directorate-and-a-former-kerala-fm-101705066078186.html,Masala Bonds: A hot issue between the ED and a former Kerala FM | Latest News India,REJECTED_ENTITY_MATCHER,False,,NOT_RELEVANT,No Axis Bank in headline — V2Org-only retrieval match
20240112161500-1735,20240112161500,indiatimes.com,https://economictimes.indiatimes.com/markets/stocks/news/karvy-case-sat-rejects-axis-banks-plea-on-invoking-pledged-shares/articleshow/106778088.cms,Karvy case: SAT rejects Axis Bank's plea on invoking pledged shares,ACCEPTED,True,2024-01-15,DIRECTLY_RELEVANT,Matches pattern: axis\s+bank.*(?:share(?:s)?|stock|target\s+price|buy|sell|ho
20240112193000-1186,20240112193000,dailypioneer.com,https://www.dailypioneer.com/2024/business/karvy-case--sat-rejects-axis-bank-plea-on-invoking-pledged-shares.html,Karvy case: SAT rejects Axis Bank plea on invoking pledged shares,ACCEPTED,True,2024-01-15,DIRECTLY_RELEVANT,Matches pattern: axis\s+bank.*(?:share(?:s)?|stock|target\s+price|buy|sell|ho
20240112201500-977,20240112201500,pymnts.com,https://www.pymnts.com/news/artificial-intelligence/2024/world-economic-forum-plays-both-sides-of-the-ai-debate/,World Economic Forum Plays Both Sides of the AI Debate,REJECTED_ENTITY_MATCHER,False,,NOT_RELEVANT,No Axis Bank in headline — V2Org-only retrieval match
20240112221500-T1262,20240112221500,amarujala.com,https://www.amarujala.com/chandigarh/wanted-ielts-certificate-without-giving-exam-miscreants-cheated-him-of-rs-361-lakh-chandigarh-news-c-16-sml1026-327558-2024-01-13,"Wanted Ielts Certificate Without Giving Exam, Miscreants Cheated Him Of Rs 3.61 Lakh - Chandigarh News - Chandigarh News:बिना परीक्षा दिए चाहता था आईलेट्स सर्टिफिकेट, शातिरों ने ठगे 3.61 लाख",REJECTED_ENTITY_MATCHER,False,,NOT_RELEVANT,No Axis Bank in headline — V2Org-only retrieval match
20240113024500-403,20240113024500,indiatimes.com,https://economictimes.indiatimes.com/markets/stocks/news/rbi-imposes-penalities-on-dhankaxmi-bank-punhab-sind-bank-and-esaf-small-finane-bank/articleshow/106795626.cms,"RBI penalises Dhanlaxmi, P&S Bank, ESAF for violations",REJECTED_ENTITY_MATCHER,False,,NOT_RELEVANT,No Axis Bank in headline — V2Org-only retrieval match
20240113051500-631,20240113051500,indiatimes.com,https://economictimes.indiatimes.com/markets/stocks/news/take-five-dilemmas-for-davos/articleshow/106799556.cms,5 world market themes for the week ahead,REJECTED_ENTITY_MATCHER,False,,NOT_RELEVANT,No Axis Bank in headline — V2Org-only retrieval match
20240113053000-19,20240113053000,indiatimes.com,https://economictimes.indiatimes.com/wealth/spend/rupay-credit-cards-on-upi-in-hdfc-bank-icici-bank-sbi-and-others-annual-fees-interest-key-features/articleshow/106799726.cms,"RuPay credit cards on UPI in HDFC Bank, ICICI Bank, SBI and others: Annual fees, interest rate, key features",REJECTED_ENTITY_MATCHER,False,,NOT_RELEVANT,No Axis Bank in headline — V2Org-only retrieval match
20240113064500-202,20240113064500,indiatimes.com,https://economictimes.indiatimes.com/wealth/invest/up-to-7-9-interest-rate-on-senior-citizen-tax-saving-fds-which-banks-are-offering-best-rate/articleshow/106800498.cms,Up to 7.9% interest rate on senior citizen tax saving FDs: Which banks are offering best rate?,REJECTED_ENTITY_MATCHER,False,,NOT_RELEVANT,No Axis Bank in headline — V2Org-only retrieval match
20240113071500-156,20240113071500,indiankanoon.org,https://indiankanoon.org/doc/47574125/,"Bilkis Yakub Rasool vs Union Of India on 8 January, 2024",REJECTED_ENTITY_MATCHER,False,,NOT_RELEVANT,No Axis Bank in headline — V2Org-only retrieval match
20240113084500-812,20240113084500,livelaw.in,https://www.livelaw.in/round-ups/yearly/annual-digest-of-consumer-cases-2023-scdrc-dcdrc-246627,Annual Digest of Consumer Cases 2023: Part-III,REJECTED_ENTITY_MATCHER,False,,NOT_RELEVANT,No Axis Bank in headline — V2Org-only retrieval match
20240113090000-610,20240113090000,businesstoday.in,https://www.businesstoday.in/personal-finance/story/tax-saving-investments-bank-fixed-deposit-schemes-with-up-to-7-interest-rate-that-can-help-you-save-taxes-413127-2024-01-13,Tax-saving investments: Bank Fixed Deposit schemes with up to 7% interest rate that can help you save taxes,REJECTED_ENTITY_MATCHER,False,,NOT_RELEVANT,No Axis Bank in headline — V2Org-only retrieval match
20240113093000-T357,20240113093000,livehindustan.com,https://www.livehindustan.com/uttar-pradesh/story-after-living-like-husband-and-wife-for-five-days-he-refused-to-marry-girl-accused-of-rape-9195309.html,"after living like husband and wife for five days he refused to marry girl accused of rape - पांच दिन तक पति-पत्‍नी की तरह रहने के बाद लड़के ने शादी से किया इनकार, लड़की ने दर्ज कराया रेप का केस, उत्तर प्रदेश न्यूज",REJECTED_ENTITY_MATCHER,False,,NOT_RELEVANT,No Axis Bank in headline — V2Org-only retrieval match
20240113110000-T2002,20240113110000,livehindustan.com,https://www.livehindustan.com/gadgets/story-flipkart-republic-day-sale-offering-best-deal-on-motorola-g54-5g-smartphone-9195441.html,"flipkart republic day sale offering best deal on motorola g54 5g smartphone - Tech news hindi - 6000mAh बैटरी और 50MP कैमरे वाला Motorola का 5G फोन हुआ सस्ता, चौंका देगी कीमत, 19 जनवरी तक मौका, गैजेट्स न्यूज",REJECTED_ENTITY_MATCHER,False,,NOT_RELEVANT,Unrelated topic — no Axis Bank material
20240113113000-667,20240113113000,bignewsnetwork.com,https://www.bignewsnetwork.com/news/274093984/indias-economy-is-poised-to-grow-rapidly-can-it-deliver,India's economy is poised to grow rapidly. Can it deliver,REJECTED_ENTITY_MATCHER,False,,NOT_RELEVANT,No Axis Bank in headline — V2Org-only retrieval match
20240113121500-96,20240113121500,shanghaisun.com,https://www.shanghaisun.com/news/274093984/indias-economy-is-poised-to-grow-rapidly-can-it-deliver,India's economy is poised to grow rapidly. Can it deliver,REJECTED_ENTITY_MATCHER,False,,NOT_RELEVANT,No Axis Bank in headline — V2Org-only retrieval match
20240114000000-430,20240114000000,indianexpress.com,https://indianexpress.com/article/india/among-sensex-firms-83-sexual-harassment-cases-from-it-banking-in-fy23-9108365/,"Among Sensex firms, 83% sexual harassment cases from IT, banking in FY23",REJECTED_ENTITY_MATCHER,False,,NOT_RELEVANT,No Axis Bank in headline — V2Org-only retrieval match
20240114024500-4,20240114024500,indianexpress.com,https://indianexpress.com/article/business/among-sensex-firms-83-sexual-harassment-cases-from-it-banking-in-fy23-9108365/,"Among Sensex firms, 83% sexual harassment cases from IT, banking in FY23",REJECTED_ENTITY_MATCHER,False,,NOT_RELEVANT,No Axis Bank in headline — V2Org-only retrieval match
20240114040000-207,20240114040000,indiatimes.com,https://economictimes.indiatimes.com/markets/expert-view/vikas-khemani-explains-why-big-money-can-be-made-in-pharma/articleshow/106816996.cms,pharma: Vikas Khemani explains why big money can be made in pharma,REJECTED_ENTITY_MATCHER,False,,NOT_RELEVANT,No Axis Bank in headline — V2Org-only retrieval match
20240114051500-671,20240114051500,indiatimes.com,https://economictimes.indiatimes.com/markets/stocks/news/morgan-stanley-banker-who-lifted-hedge-funds-from-kiddie-table-with-stock-tips/articleshow/106828188.cms,Morgan Stanley banker who lifted hedge funds from 'kiddie table' with stock tips,REJECTED_ENTITY_MATCHER,False,,NOT_RELEVANT,No Axis Bank in headline — V2Org-only retrieval match
20240114051500-429,20240114051500,indiatimes.com,https://economictimes.indiatimes.com/markets/stocks/earnings/q3-results-this-week-ril-hdfc-bank-icici-bank-hul-ultratech-cement-kotak-bank-and-others/articleshow/106828589.cms,"q3 earnings: Q3 results this week: RIL, HDFC Bank, ICICI Bank, HUL, UltraTech Cement, Kotak Bank and others",REJECTED_ENTITY_MATCHER,False,,NOT_RELEVANT,No Axis Bank in headline — V2Org-only retrieval match
20240114084500-305,20240114084500,indiatimes.com,https://economictimes.indiatimes.com/markets/ipos/fpos/medi-assist-healthcare-ipo-opens-on-monday-what-gmp-signals-ahead-of-subscription/articleshow/106832838.cms,Medi Assist Healthcare IPO opens on Monday. What GMP signals ahead of subscription?,REJECTED_ENTITY_MATCHER,False,,NOT_RELEVANT,No Axis Bank in headline — V2Org-only retrieval match
20240114090000-128,20240114090000,livelaw.in,https://www.livelaw.in/round-ups/yearly/annual-digest-of-consumer-cases-2023-246685,Annual Digest of Consumer Cases 2023: Part-IV,REJECTED_ENTITY_MATCHER,False,,NOT_RELEVANT,No Axis Bank in headline — V2Org-only retrieval match
20240114111500-773,20240114111500,thehindubusinessline.com,https://www.thehindubusinessline.com/specials/corporate-file/courseras-genai-push-for-executives/article67740056.ece,Coursera's GenAI push for executives - The Hindu BusinessLine,REJECTED_ENTITY_MATCHER,False,,NOT_RELEVANT,No Axis Bank in headline — V2Org-only retrieval match
20240114180000-218,20240114180000,indiatimes.com,https://www.indiatimes.com/news/education/mba-placement-demand-conundrum-these-specialised-skills-more-in-demand-now-than-mbas-625287.html,MBA Placement & Demand Conundrum: These Specialised Skills More In Demand Now Than MBAs,REJECTED_ENTITY_MATCHER,False,,NOT_RELEVANT,Unrelated topic — no Axis Bank material
20240114200000-44,20240114200000,indiatimes.com,https://economictimes.indiatimes.com/news/economy/policy/theres-no-real-reason-and-hurry-for-rbi-to-cut-rates-neeraj-gambhir-axis-bank/articleshow/106843211.cms,"There's no real reason and hurry for RBI to cut rates: Neeraj Gambhir, Axis Bank",ACCEPTED,True,2024-01-15,DIRECTLY_RELEVANT,Matches pattern: (?:ceo|md|amitabh|chaudhry|neeraj\s+gambhir).*axis\s+bank
20240115014500-747,20240115014500,indiatimes.com,https://economictimes.indiatimes.com/markets/expert-view/theres-no-real-reason-and-hurry-for-rbi-to-cut-rates-neeraj-gambhir-axis-bank/articleshow/106846686.cms,"There's no real reason and hurry for RBI to cut rates: Neeraj Gambhir, Axis Bank",ACCEPTED,True,2024-01-15,DIRECTLY_RELEVANT,Matches pattern: (?:ceo|md|amitabh|chaudhry|neeraj\s+gambhir).*axis\s+bank
20240115020000-332,20240115020000,indiatimes.com,https://economictimes.indiatimes.com/markets/stocks/news/tata-consumer-plans-rs-3500-crore-rights-issue/articleshow/106847443.cms,Tata Consumer Products Ltd: Tata Consumer plans Rs 3500 crore rights issue,REJECTED_ENTITY_MATCHER,False,,NOT_RELEVANT,No Axis Bank in headline — V2Org-only retrieval match
20240115040000-1033,20240115040000,thehindubusinessline.com,https://www.thehindubusinessline.com/markets/ipo-screener-medi-assist-healthcare-ipo-opens-today-at-rs-397-418/article67742545.ece,IPO Screener: Medi Assist Healthcare IPO opens today at Rs 397-418,REJECTED_ENTITY_MATCHER,False,,NOT_RELEVANT,No Axis Bank in headline — V2Org-only retrieval match
20240115041500-426,20240115041500,indiatimes.com,https://economictimes.indiatimes.com/markets/options/fo-ban-list-metropolis-delta-corp-among-15-stocks-under-trade-ban-on-monday/articleshow/106850417.cms,"stocks in f&o ban today: F&O Ban List: Metropolis, Delta Corp among 15 stocks under trade ban on Monday",REJECTED_ENTITY_MATCHER,False,,NOT_RELEVANT,No Axis Bank in headline — V2Org-only retrieval match
20240115053000-168,20240115053000,indiatimes.com,https://timesofindia.indiatimes.com/city/coimbatore/shops-in-city-witness-huge-footfall-on-pongal-eve/articleshow/106849650.cms,Pongal: Shops in City Witness Huge Footfall on Pongal Eve | Coimbatore News,REJECTED_ENTITY_MATCHER,False,,NOT_RELEVANT,No Axis Bank in headline — V2Org-only retrieval match
20240115053000-279,20240115053000,moneycontrol.com,https://www.moneycontrol.com/news/business/markets/cant-take-equity-capital-flows-for-granted-even-if-fed-cuts-rates-neelkanth-mishra-12052231.html,Can't take equity capital flows for granted even if Fed cuts rates: Neelkanth Mishra,REJECTED_ENTITY_MATCHER,False,,NOT_RELEVANT,No Axis Bank in headline — V2Org-only retrieval match
20240115053000-20,20240115053000,indiatimes.com,https://economictimes.indiatimes.com/markets/stocks/news/hot-stocks-brokerages-view-on-sbi-cards-wipro-hcl-technologies-and-polycab-india/articleshow/106852627.cms,"polycab shares: Hot Stocks: Brokerages view on SBI Cards, Wipro, HCL Technologies and Polycab India",REJECTED_ENTITY_MATCHER,False,,NOT_RELEVANT,No Axis Bank in headline — V2Org-only retrieval match
20240115063000-908,20240115063000,indiatimes.com,https://economictimes.indiatimes.com/markets/stocks/stock-watch/stock-market-update-nifty-bank-index-advances-0-7-in-an-upbeat-market/articleshow/106854993.cms,Indices: Stock market update: Nifty Bank index advances 0.7% in an upbeat market,REJECTED_ENTITY_MATCHER,False,,NOT_RELEVANT,Generic market roundup/index update
20240115064500-139,20240115064500,trak.in,https://trak.in/stories/upi-apps-of-these-banks-can-now-receive-money-directly-from-singapore-upi-becomes-global-check-eligible-banks-apps/,"UPI Apps Of These Banks Can Now Receive Money Directly From Singapore: UPI Becomes Global! (Check Eligible Banks, Apps) - Trak.in",REJECTED_ENTITY_MATCHER,False,,NOT_RELEVANT,No Axis Bank in headline — V2Org-only retrieval match
20240115090000-231,20240115090000,indiatimes.com,https://economictimes.indiatimes.com/markets/forex/investors-bet-via-options-that-indias-rupee-will-rise/articleshow/106860177.cms,Investors bet via options that India's rupee will rise,REJECTED_ENTITY_MATCHER,False,,NOT_RELEVANT,No Axis Bank in headline — V2Org-only retrieval match
20240115093000-421,20240115093000,themobileindian.com,https://www.themobileindian.com/news/samsung-galaxy-a54-5g-galaxy-a34-5g-prices-dropped-check-offer-details,"Samsung Galaxy A54 5G, Galaxy A34 5G Prices Dropped: Check Offer Details",REJECTED_ENTITY_MATCHER,False,,NOT_RELEVANT,Unrelated topic — no Axis Bank material
20240115111500-547,20240115111500,telegraphindia.com,https://www.telegraphindia.com/business/sensex-jumps-759-points-to-close-at-record-high-nifty-scales-22000-mount-on-sharp-gain-in-it-shares/cid/1993941,"Stock market | Sensex jumps 759 points to close at record high, Nifty scales 22,000 mount on sharp gain in IT shares",REJECTED_ENTITY_MATCHER,False,,NOT_RELEVANT,No Axis Bank in headline — V2Org-only retrieval match
20240115111500-1448,20240115111500,telegraphindia.com,https://www.telegraphindia.com/feeds/business/sensex-jumps-759-points-to-close-at-record-high-nifty-scales-22000-mount-on-sharp-gain-in-it-shares/cid/1993941,"Stock market | Sensex jumps 759 points to close at record high, Nifty scales 22,000 mount on sharp gain in IT shares",REJECTED_ENTITY_MATCHER,False,,NOT_RELEVANT,No Axis Bank in headline — V2Org-only retrieval match
20240115111500-1009,20240115111500,orissapost.com,https://www.orissapost.com/sensex-jumps-759-pts-to-close-at-record-high-nifty-scales-22k-mount-on-sharp-gain-in-it-shares/,"Sensex jumps 759 pts to close at record high, Nifty scales 22K mount on sharp gain in IT shares",REJECTED_ENTITY_MATCHER,False,,NOT_RELEVANT,No Axis Bank in headline — V2Org-only retrieval match
20240115113000-589,20240115113000,india.com,https://zeenews.india.com/markets/sensex-jumps-759-points-to-close-at-record-high-nifty-scales-22k-mount-on-sharp-gain-in-it-shares-2709930.html,"Sensex Jumps 759 Points To Close At Record High, Nifty Scales 22K Mount On Sharp Gain In It Shares",REJECTED_ENTITY_MATCHER,False,,NOT_RELEVANT,No Axis Bank in headline — V2Org-only retrieval match
20240115114500-105,20240115114500,indiatimes.com,https://economictimes.indiatimes.com/markets/stocks/stock-watch/stock-market-update-nifty-bank-index-advances-0-94/articleshow/106866626.cms,Indices: Stock market update: Nifty Bank index advances 0.94%,REJECTED_ENTITY_MATCHER,False,,NOT_RELEVANT,Generic market roundup/index update
20240115120000-1237,20240115120000,indiantelevision.com,"https://indiantelevision.com/mam/marketing/mam/samsung-announces-offers-on-galaxy-a54-5g,-a34-5g,-available-starting-rs-25999-240115","Samsung announces offers on Galaxy A54 5G, A34 5G, available Starting Rs 25999",REJECTED_ENTITY_MATCHER,False,,NOT_RELEVANT,Unrelated topic — no Axis Bank material
20240115120000-578,20240115120000,indiatimes.com,https://economictimes.indiatimes.com/markets/stocks/news/nifty-bank-closes-above-48000-next-target-seen-at-mt-50k-experts/articleshow/106866985.cms,"Nifty Bank closes above 48,000; next target seen at Mt 50K: Experts",REJECTED_ENTITY_MATCHER,False,,NOT_RELEVANT,Generic market roundup/index update
20240115121500-446,20240115121500,businesstoday.in,https://www.businesstoday.in/markets/stocks/story/sensex-ends-above-73k-for-first-time-nifty-at-record-high-it-shares-lead-gains-413333-2024-01-15,"Sensex ends above 73K for first time, Nifty at record high; IT shares lead gains",REJECTED_ENTITY_MATCHER,False,,NOT_RELEVANT,No Axis Bank in headline — V2Org-only retrieval match
20240115121500-T1900,20240115121500,indiatimes.com,https://navbharattimes.indiatimes.com/tech/gadgets-news/samsung-exciting-offers-on-galaxy-a54-5g-and-galaxy-a34-5g-check-details/articleshow/106861788.cms,"Samsung का बंपर डिस्काउंट, 5000 रुपये की छूट पर खरीदें Galaxy A54 और Galaxy A34, जानें डिटेल",REJECTED_ENTITY_MATCHER,False,,NOT_RELEVANT,Unrelated topic — no Axis Bank material
20240115123000-462,20240115123000,indianexpress.com,https://indianexpress.com/article/technology/tech-news-technology/samsung-galaxy-a54-a34-5g-discount-9110361/,Galaxy A54 and A34 5G now more affordable than ever: Check Samsung's latest offers | Technology News,REJECTED_ENTITY_MATCHER,False,,NOT_RELEVANT,Unrelated topic — no Axis Bank material
20240115123000-T2027,20240115123000,webdunia.com,https://hindi.webdunia.com/share-market-news/sensex-crosses-73-000-mark-for-the-first-time-124011500066_1.html,"Sensex पहली बार 73,000 अंक के पार, Nifty भी नए रिकॉर्ड स्तर पर",REJECTED_ENTITY_MATCHER,False,,NOT_RELEVANT,No Axis Bank in headline — V2Org-only retrieval match
20240115124500-36,20240115124500,tribuneindia.com,https://www.tribuneindia.com/news/business/sensex-jumps-759-points-to-close-at-record-high-nifty-scales-22k-mount-on-sharp-gain-in-it-shares-581459,"Sensex jumps 759 points to close at record high, Nifty scales 22K mount on sharp gain in IT shares",REJECTED_ENTITY_MATCHER,False,,NOT_RELEVANT,No Axis Bank in headline — V2Org-only retrieval match
20240115130000-188,20240115130000,indiatimes.com,https://timesofindia.indiatimes.com/business/india-business/markets-recordbreaking-rally-makes-investors-richer-by-rs-968-lakh-crore-in-five-days/articleshow/106868560.cms,Markets' Record-Breaking Rally Makes Investors Richer by Rs 9.68 Lakh Crore in Five Days | India Business News,REJECTED_ENTITY_MATCHER,False,,NOT_RELEVANT,No Axis Bank in headline — V2Org-only retrieval match
20240115131500-1518,20240115131500,thehindu.com,https://www.thehindu.com/business/markets/sensex-jumps-759-points-to-close-at-record-high-nifty-scales-22k/article67742983.ece,Sensex jumps 759 points to close at record high; Nifty scales 22K,REJECTED_ENTITY_MATCHER,False,,NOT_RELEVANT,No Axis Bank in headline — V2Org-only retrieval match
20240115133000-238,20240115133000,theweek.in,https://www.theweek.in/wire-updates/business/2024/01/15/del60-biz-stocks-wealth.html,Markets record-breaking rally make investors richer by Rs 9.68 lakh cr in five days,REJECTED_ENTITY_MATCHER,False,,NOT_RELEVANT,No Axis Bank in headline — V2Org-only retrieval match
20240115133000-608,20240115133000,firstpost.com,https://www.firstpost.com/business/markets-close-at-record-high-sensex-touches-73327-points-nifty-at-22097-13616882.html,"Markets close at record high, Sensex touches 73,327 points, Nifty at 22,097",REJECTED_ENTITY_MATCHER,False,,NOT_RELEVANT,No Axis Bank in headline — V2Org-only retrieval match
20240115143000-861,20240115143000,indianexpress.com,https://indianexpress.com/article/business/market/sensex-record-high-nifty-sharp-gain-9110580/,"Sensex jumps 759 pts to close at record high, Nifty scales 22K mount on sharp gain in IT shares",REJECTED_ENTITY_MATCHER,False,,NOT_RELEVANT,No Axis Bank in headline — V2Org-only retrieval match
20240115144500-749,20240115144500,indiatimes.com,https://economictimes.indiatimes.com/markets/stocks/news/mcx-launches-first-ever-steel-rebar-futures-in-india-begins-trading-with-3-contracts/articleshow/106871704.cms,"MCX launches first-ever Steel Rebar Futures in India, begins trading with 3 contracts",REJECTED_ENTITY_MATCHER,False,,NOT_RELEVANT,No Axis Bank in headline — V2Org-only retrieval match
20240115144500-286,20240115144500,businesstoday.in,https://www.businesstoday.in/markets/stock-picks/story/wipro-zomato-ril-lic-sbi-among-large-cap-buys-of-mutual-funds-in-december-413246-2024-01-15,"Wipro, Zomato, RIL, LIC, SBI among large-cap buys of mutual funds in December",REJECTED_ENTITY_MATCHER,False,,NOT_RELEVANT,No Axis Bank in headline — V2Org-only retrieval match
20240115144500-654,20240115144500,yourstory.com,https://yourstory.com/2024/01/sensex-nifty-stock-market-shares-it-reliance-wipro-tcs-hcltech,Sensex jumps 759 points to close at record high; Nifty scales 22K mount on sharp gain in IT shares,REJECTED_ENTITY_MATCHER,False,,NOT_RELEVANT,No Axis Bank in headline — V2Org-only retrieval match
20240115150000-1189,20240115150000,thehindubusinessline.com,https://www.thehindubusinessline.com/markets/sensex-jumps-759-pts-to-close-at-record-high-nifty-scales-22k-mount-on-sharp-gain-in-it-shares/article67742919.ece,"Sensex jumps 759 pts to close at record high, Nifty scales 22K mount on sharp gain in IT shares",REJECTED_ENTITY_MATCHER,False,,NOT_RELEVANT,No Axis Bank in headline — V2Org-only retrieval match
20240115151500-1004,20240115151500,bnnbloomberg.ca,https://www.bnnbloomberg.ca/axis-bank-ceo-says-india-in-a-better-place-for-economic-growth-1.2022022,Axis Bank CEO Says India in a Better Place for Economic Growth,ACCEPTED,True,2024-01-16,DIRECTLY_RELEVANT,Matches pattern: axis\s+bank.*(?:ceo|md|amitabh|chaudhry|neeraj\s+gambhir)
20240115151500-704,20240115151500,yourstory.com,https://yourstory.com:443/2024/01/sensex-nifty-stock-market-shares-it-reliance-wipro-tcs-hcltech,Sensex jumps 759 points to close at record high; Nifty scales 22K mount on sharp gain in IT shares,REJECTED_ENTITY_MATCHER,False,,NOT_RELEVANT,No Axis Bank in headline — V2Org-only retrieval match
20240115160000-1091,20240115160000,yahoo.com,https://news.yahoo.com/axis-bank-ceo-says-india-140104624.html,Axis Bank CEO Says India in a Better Place for Economic Growth,ACCEPTED,True,2024-01-16,DIRECTLY_RELEVANT,Matches pattern: axis\s+bank.*(?:ceo|md|amitabh|chaudhry|neeraj\s+gambhir)
20240115161500-587,20240115161500,indiatimes.com,https://economictimes.indiatimes.com/markets/forex/dollar-little-changed-on-mlk-day-sterling-slides-in-risk-off-trading/articleshow/106873497.cms,"dollar rate today: Dollar little changed on MLK Day, sterling slides in risk-off trading",REJECTED_ENTITY_MATCHER,False,,NOT_RELEVANT,No Axis Bank in headline — V2Org-only retrieval match
20240115163000-1439,20240115163000,pc-tablet.co.in,https://www.pc-tablet.co.in/samsung-unveils-offers-on-galaxy-a54-5g-and-a34-5g-models/4929/,Samsung Unveils Offers on Galaxy A54 5G and A34 5G Models,REJECTED_ENTITY_MATCHER,False,,NOT_RELEVANT,Unrelated topic — no Axis Bank material
20240115164500-1068,20240115164500,indiatimes.com,https://economictimes.indiatimes.com/markets/commodities/news/update-4-oil-drops-more-than-1-despite-middle-east-conflict/articleshow/106873582.cms,Oil slips about 1% despite Middle East conflict,REJECTED_ENTITY_MATCHER,False,,NOT_RELEVANT,No Axis Bank in headline — V2Org-only retrieval match
20240115173000-T1282,20240115173000,bhaskar.com,https://www.bhaskar.com/business/news/fastag-without-kyc-will-not-work-after-january-31-132447165.html,"Fastag without KYC will not work after January 31 | बिना KYC वाले फास्टैग 31 जनवरी के बाद बंद होंगे: बैंक डीएक्टिव या ब्लैकलिस्ट करेंगे, NHAI ने जारी किया नोटिफिकेशन",REJECTED_ENTITY_MATCHER,False,,NOT_RELEVANT,Unrelated topic — no Axis Bank material
20240115173000-597,20240115173000,yourstory.com,https://social.yourstory.com:443/2024/01/sensex-nifty-stock-market-shares-it-reliance-wipro-tcs-hcltech,Sensex jumps 759 points to close at record high; Nifty scales 22K mount on sharp gain in IT shares,REJECTED_ENTITY_MATCHER,False,,NOT_RELEVANT,No Axis Bank in headline — V2Org-only retrieval match
20240115173000-1877,20240115173000,yourstory.com,https://her.yourstory.com:443/2024/01/sensex-nifty-stock-market-shares-it-reliance-wipro-tcs-hcltech,Sensex jumps 759 points to close at record high; Nifty scales 22K mount on sharp gain in IT shares,REJECTED_ENTITY_MATCHER,False,,NOT_RELEVANT,No Axis Bank in headline — V2Org-only retrieval match
20240115183000-1663,20240115183000,rediff.com,https://www.rediff.com/business/report/investors-richer-by-rs-968-lakh-cr-in-five-days/20240115.htm,Investors richer by Rs 9.68 lakh cr in five days,REJECTED_ENTITY_MATCHER,False,,NOT_RELEVANT,No Axis Bank in headline — V2Org-only retrieval match
20240115214500-676,20240115214500,economist.com,https://www.economist.com/finance-and-economics/2024/01/15/how-strong-is-indias-economy-under-narendra-modi,How strong is India's economy under Narendra Modi?,REJECTED_ENTITY_MATCHER,False,,NOT_RELEVANT,No Axis Bank in headline — V2Org-only retrieval match
20240115214500-352,20240115214500,financialexpress.com,https://www.financialexpress.com/business/banking-finance-rbi-concerned-over-high-cd-ratios-of-banks-3365508/,RBI concerned over high CD ratios of banks,REJECTED_ENTITY_MATCHER,False,,NOT_RELEVANT,No Axis Bank in headline — V2Org-only retrieval match
20240115220000-87,20240115220000,yahoo.com,https://finance.yahoo.com/news/strong-india-economy-under-narendra-204033479.html,How strong is India's economy under Narendra Modi?,REJECTED_ENTITY_MATCHER,False,,NOT_RELEVANT,No Axis Bank in headline — V2Org-only retrieval match
20240115230000-640,20240115230000,aol.com,https://www.aol.com/finance/strong-india-economy-under-narendra-204033801.html,How strong is India's economy under Narendra Modi?,REJECTED_ENTITY_MATCHER,False,,NOT_RELEVANT,No Axis Bank in headline — V2Org-only retrieval match
20240116000000-37,20240116000000,indiatimes.com,https://timesofindia.indiatimes.com/business/india-business/5-super-premium-credit-cards-for-great-deals/articleshow/106728140.cms,5 super premium credit cards for great deals,REJECTED_ENTITY_MATCHER,False,,NOT_RELEVANT,No Axis Bank in headline — V2Org-only retrieval match
20240116003000-1212,20240116003000,indiatimes.com,https://economictimes.indiatimes.com/markets/stocks/news/reserve-bank-of-india-proposes-stricter-rules-for-housing-finance-companies/articleshow/106879612.cms,rbi: RBI proposes stricter rules for housing finance companies,REJECTED_ENTITY_MATCHER,False,,NOT_RELEVANT,No Axis Bank in headline — V2Org-only retrieval match
20240116013000-668,20240116013000,dailyexcelsior.com,https://www.dailyexcelsior.com/sensex-jumps-759-pts-to-close-at-record-high-nifty-scales-22k-mount-on-sharp-gain-in-it-shares/,"Sensex jumps 759 pts to close at record high, Nifty scales 22K mount on sharp gain in IT shares",REJECTED_ENTITY_MATCHER,False,,NOT_RELEVANT,No Axis Bank in headline — V2Org-only retrieval match
20240116033000-69,20240116033000,indiatimes.com,https://economictimes.indiatimes.com/markets/commodities/news/gold-slips-as-dollar-treasury-yields-gain/articleshow/106881532.cms,"Gold slips as dollar, Treasury yields gain",REJECTED_ENTITY_MATCHER,False,,NOT_RELEVANT,No Axis Bank in headline — V2Org-only retrieval match
20240116034500-225,20240116034500,moneycontrol.com,https://www.moneycontrol.com/news/business/axis-bank-ceo-amitabh-chaudhry-says-india-in-a-better-place-for-economic-growth-12058161.html,Axis Bank CEO Amitabh Chaudhry says India in a better place for economic growth,ACCEPTED,True,2024-01-16,DIRECTLY_RELEVANT,Matches pattern: axis\s+bank.*(?:ceo|md|amitabh|chaudhry|neeraj\s+gambhir)
20240116034500-428,20240116034500,thehindubusinessline.com,https://www.thehindubusinessline.com/markets/share-market-nifty-sensex-live-updates-16-january-2024/article67743130.ece,"Stock Market Live Updates: Sensex, Nifty set to open little changed; oil steady after Monday decline",REJECTED_ENTITY_MATCHER,False,,NOT_RELEVANT,Generic market roundup/index update
20240116043000-443,20240116043000,freepressjournal.in,https://www.freepressjournal.in/business/stock-market-opening-january-16-indices-open-in-red-sensex-at-7319586-nifty-below-22100,"Stock Market Opening January 16: Indices Open In Red; Sensex At 73,195.86 & Nifty Below 22,100",REJECTED_ENTITY_MATCHER,False,,NOT_RELEVANT,No Axis Bank in headline — V2Org-only retrieval match
20240116044500-200,20240116044500,indiatimes.com,https://economictimes.indiatimes.com/markets/options/fo-ban-list-biocon-among-15-stocks-under-trade-ban-on-tuesday-nalco-makes-exit/articleshow/106884372.cms,F&O Ban List: Biocon among 15 stocks under trade ban on Tuesday. NALCO makes exit,REJECTED_ENTITY_MATCHER,False,,NOT_RELEVANT,No Axis Bank in headline — V2Org-only retrieval match
20240116053000-1341,20240116053000,indiatimes.com,https://economictimes.indiatimes.com/markets/stocks/news/lic-sold-3-73-crore-shares-of-these-3-adani-stocks-in-q3/articleshow/106885462.cms,LIC sold 3.73 crore shares of these 3 Adani stocks in Q3,REJECTED_ENTITY_MATCHER,False,,NOT_RELEVANT,No Axis Bank in headline — V2Org-only retrieval match
20240116054500-923,20240116054500,moneycontrol.com,https://www.moneycontrol.com/news/business/markets/stock-market-today-top-10-things-to-know-before-the-market-opens-211-12044231.html,Stock Market Today: Top 10 things to know before the market opens,REJECTED_ENTITY_MATCHER,False,,NOT_RELEVANT,Generic market roundup/index update
20240116060000-470,20240116060000,mbauniverse.com,https://www.mbauniverse.com/articles/soil-pgdm-admission,"SOIL 2 Years PGDM Admission 2024: Check Fees, Placements, Selection Process; Last Date – January 20, 2024",REJECTED_ENTITY_MATCHER,False,,NOT_RELEVANT,No Axis Bank in headline — V2Org-only retrieval match
20240116064500-703,20240116064500,indiatimes.com,https://economictimes.indiatimes.com/markets/stocks/news/railway-stocks-rally-up-to-12-multibaggers-irfc-rvnl-top-gainers/articleshow/106888810.cms,"railway stocks: Railway stocks rally up to 12%; multibaggers IRFC, RVNL top gainers",REJECTED_ENTITY_MATCHER,False,,NOT_RELEVANT,No Axis Bank in headline — V2Org-only retrieval match
20240116074500-T2110,20240116074500,news18.com,https://hindi.news18.com/states/news/bihar/vaishali-bpsc-68-toppers-success-story-pratibha-singh-from-vaishali-gets-third-rank-secured-dsp-post-in-first-attempt-7989234.html,"BPSC Result: फेल होने पर ताने मारते थे रिश्तेदार, प्रेरणा ने DSP बन दिया करार जवाब, पाया 3रा रैंक",REJECTED_ENTITY_MATCHER,False,,NOT_RELEVANT,No Axis Bank in headline — V2Org-only retrieval match
20240116080000-958,20240116080000,sammobile.com,https://www.sammobile.com/news/galaxy-a34-a54-watch-4-discounts-india/,"Galaxy A34, A54, Watch 4 get discounts in India",REJECTED_ENTITY_MATCHER,False,,NOT_RELEVANT,No Axis Bank in headline — V2Org-only retrieval match
20240116081500-291,20240116081500,dailypioneer.com,https://www.dailypioneer.com/2024/state-editions/atm-loots--5-members-of-haryana-gang-held.html,ATM loots: 5 members of Haryana gang held,REJECTED_ENTITY_MATCHER,False,,NOT_RELEVANT,No Axis Bank in headline — V2Org-only retrieval match
20240116120000-T1143,20240116120000,livehindustan.com,https://www.livehindustan.com/gadgets/story-samsung-offering-galaxy-s23-ultra-smartphone-soundbar-and-50-inch-tv-free-in-future-fest-9208371.html,"samsung offering galaxy s23 ultra smartphone soundbar and 50 inch tv free in future fest - Tech news hindi - सैमसंग फ्री में दे रहा Galaxy S23 Ultra स्मार्टफोन, 50 इंच TV और साउंडबार भी फ्री, 31 जनवरी तक मौका, गैजेट्स न्यूज",REJECTED_ENTITY_MATCHER,False,,NOT_RELEVANT,Unrelated topic — no Axis Bank material
20240116131500-1059,20240116131500,udaipurkiran.com,https://udaipurkiran.com/samsung-galaxy-a54-5g-galaxy-a34-5g-get-discounts-in-india-check-revised-price-tags/,"Samsung Galaxy A54 5G, Galaxy A34 5G Get Discounts in India: Check Revised Price Tags",REJECTED_ENTITY_MATCHER,False,,NOT_RELEVANT,Unrelated topic — no Axis Bank material
20240116133000-1624,20240116133000,thehindubusinessline.com,https://www.thehindubusinessline.com/markets/share-market-highlights-16-january-2023/article67743130.ece,"Share Market Highlights 16 January 2023: Sensex sheds 199 pts, Nifty closes below 22,050; Divis Lab, HCL Tech top losers",REJECTED_ENTITY_MATCHER,False,,NOT_RELEVANT,No Axis Bank in headline — V2Org-only retrieval match
20240116140000-1586,20240116140000,moneycontrol.com,https://www.moneycontrol.com/news/business/davos-2024-banks-will-react-to-rbi-caution-on-unsecured-loans-regulator-watching-trend-closely-says-axis-bank-ceo-12063011.html,"Davos 2024: Banks will react to RBI caution on unsecured loans, regulator watching trend closely, says Axis Bank CEO",ACCEPTED,True,2024-01-17,DIRECTLY_RELEVANT,Matches pattern: axis\s+bank.*(?:ceo|md|amitabh|chaudhry|neeraj\s+gambhir)
20240116163000-113,20240116163000,indiatimes.com,https://economictimes.indiatimes.com/markets/stocks/news/supreme-court-to-hear-sebi-nsdl-appeal-against-sats-karvy-decision/articleshow/106905119.cms,"Supreme Court to hear Sebi, NSDL appeal against SAT's Karvy decision",REJECTED_ENTITY_MATCHER,False,,NOT_RELEVANT,No Axis Bank in headline — V2Org-only retrieval match
20240116171500-780,20240116171500,indiatoday.in,https://www.indiatoday.in/technology/news/story/samsung-galaxy-a54-5g-and-galaxy-a34-5g-price-drops-in-india-check-prices-and-other-details-2489520-2024-01-16,Samsung Galaxy A54 5G and Galaxy A34 5G price drops in India: Check prices and other details,REJECTED_ENTITY_MATCHER,False,,NOT_RELEVANT,Unrelated topic — no Axis Bank material
20240116230000-T1654,20240116230000,navabharat.com,https://navabharat.com/nbwp/?p=175529,शेयर बाजार की पांच दिन की तेजी पर ब्रेक -,REJECTED_ENTITY_MATCHER,False,,NOT_RELEVANT,No Axis Bank in headline — V2Org-only retrieval match
20240117011500-1044,20240117011500,indiatimes.com,https://economictimes.indiatimes.com/tech/funding/fintech-startup-upswing-raises-4-2-million-in-funding-led-by-quona-capital/articleshow/106905142.cms,upswing: Fintech startup Upswing raises $4.2 million in funding led by Quona Capital,REJECTED_ENTITY_MATCHER,False,,NOT_RELEVANT,No Axis Bank in headline — V2Org-only retrieval match
20240117034500-1141,20240117034500,moneycontrol.com,https://www.moneycontrol.com/news/business/davos-2024-pm-modis-likely-return-to-power-good-news-for-investors-says-axis-banks-chaudhry-12063211.html,"Davos 2024: PM Modi's likely return to power good news for investors, says Axis Bank's Chaudhry",ACCEPTED,True,2024-01-17,DIRECTLY_RELEVANT,Matches pattern: axis\s+bank.*(?:ceo|md|amitabh|chaudhry|neeraj\s+gambhir)
20240117034500-761,20240117034500,moneycontrol.com,https://www.moneycontrol.com/news/business/latest-daily-news-live-india-world-israel-hamas-war-delhi-fog-breaking-news-and-updates-liveblog-12064641.html,"Delhi Weather News LIVE Updates: Fog delays several flights, trains; residents seek refuge around bonfires",REJECTED_ENTITY_MATCHER,False,,NOT_RELEVANT,No Axis Bank in headline — V2Org-only retrieval match
20240117041500-513,20240117041500,businesstoday.in,https://www.businesstoday.in/markets/market-commentary/story/sensex-crashes-over-1000-points-nifty-trades-below-21750-hdfc-bank-iex-down-up-to-6-413669-2024-01-17,"Sensex crashes over 1,000 points, Nifty trades below 21,750; HDFC Bank, IEX down up to 6%",REJECTED_ENTITY_MATCHER,False,,NOT_RELEVANT,No Axis Bank in headline — V2Org-only retrieval match
20240117043000-7,20240117043000,indiatimes.com,https://economictimes.indiatimes.com/markets/options/fo-ban-list-ashok-leyland-polycab-among-15-stocks-under-trade-ban-on-wednesday/articleshow/106914188.cms,"stocks in f&o ban today: F&O Ban List: Ashok Leyland, Polycab among 15 stocks under trade ban on Wednesday",REJECTED_ENTITY_MATCHER,False,,NOT_RELEVANT,No Axis Bank in headline — V2Org-only retrieval match
20240117043000-6,20240117043000,indiatimes.com,https://economictimes.indiatimes.com/markets/stocks/news/bloodbath-on-d-street-investors-lose-rs-2-lakh-crore-in-15-mins-of-trade-as-sensex-crashes-800-points/articleshow/106914577.cms,sensex crash today: Bloodbath on D-Street! Investors lose Rs 2 lakh crore in 15 mins as Sensex crashes 800 points,REJECTED_ENTITY_MATCHER,False,,NOT_RELEVANT,No Axis Bank in headline — V2Org-only retrieval match
20240117043000-898,20240117043000,news18.com,https://www.news18.com/business/stock-market-updates-sensex-cracks-over-1150-pts-nifty-slides-to-21700-8743166.html,"Stock Market Updates: Sensex Cracks 845 pts, Nifty Slides To 21,650",REJECTED_ENTITY_MATCHER,False,,NOT_RELEVANT,Generic market roundup/index update
20240117044500-275,20240117044500,livemint.com,https://www.livemint.com/market/stock-market-news/massive-selloff-nifty-bank-and-nifty-financial-services-index-shed-over-2-5-as-hdfc-bank-tanks-post-q3-11705464719172.html,Massive Selloff: Nifty Bank and Nifty Financial Services index shed over 2.5%,REJECTED_ENTITY_MATCHER,False,,NOT_RELEVANT,No Axis Bank in headline — V2Org-only retrieval match
20240117050000-874,20240117050000,indiatimes.com,https://economictimes.indiatimes.com/markets/stocks/stock-watch/stock-market-update-nifty-bank-index-falls-2-19-in-a-weak-market/articleshow/106915542.cms,Indices: Stock market update: Nifty Bank index falls 2.19% in a weak market,REJECTED_ENTITY_MATCHER,False,,NOT_RELEVANT,Generic market roundup/index update
20240117050000-438,20240117050000,businesstoday.in,https://www.businesstoday.in/markets/stock-picks/story/moil-sunflag-iron-bhel-what-mileen-vasudeo-of-arihant-capital-says-on-these-3-stocks-413679-2024-01-17,"MOIL, Sunflag Iron & BHEL: What Mileen Vasudeo of Arihant Capital says on these 3 stocks",REJECTED_ENTITY_MATCHER,False,,NOT_RELEVANT,No Axis Bank in headline — V2Org-only retrieval match
20240117051500-433,20240117051500,freepressjournal.in,https://www.freepressjournal.in/business/stock-market-opening-january-17-indices-open-in-red-sensex-at-7205515-nifty-below-22000,"Stock Market Opening January 17: Indices Open In Red; Sensex At 72,055.15 & Nifty Below 22,000",REJECTED_ENTITY_MATCHER,False,,NOT_RELEVANT,No Axis Bank in headline — V2Org-only retrieval match
20240117053000-274,20240117053000,newzealandstar.com,https://www.newzealandstar.com/news/274097572/stock-market-tumbles-sensex-drops-900-points-nifty-sinks-243-points-amid-overall-weakness-in-key-sectors,"Stock market tumbles: Sensex drops 900 points, nifty sinks 243 points amid overall weakness in key sectors",REJECTED_ENTITY_MATCHER,False,,NOT_RELEVANT,No Axis Bank in headline — V2Org-only retrieval match
20240117053000-T1556,20240117053000,madhyamam.com,https://www.madhyamam.com/business/market/bloodbath-on-d-street-investors-lose-rs-2-lakh-crore-in-15-mins-as-sensex-crashes-800-points-1247841,15 മിനിറ്റിനുള്ളിൽ നിക്ഷേപകർക്ക് രണ്ട് ലക്ഷം കോടി നഷ്ടം; തകർന്നടിഞ്ഞ് സെൻസെക്സും നിഫ്റ്റിയും | Bloodbath on D-Street! Investors lose Rs 2 lakh crore in 15 mins as Sensex crashes 800 points,REJECTED_ENTITY_MATCHER,False,,NOT_RELEVANT,No Axis Bank in headline — V2Org-only retrieval match
20240117054500-501,20240117054500,indiatimes.com,https://economictimes.indiatimes.com/markets/stocks/stock-watch/share-market-update-most-active-stocks-of-the-day-in-terms-of-total-traded-value/articleshow/106916656.cms,active stocks: Share market update: Most active stocks of the day in terms of total traded value,REJECTED_ENTITY_MATCHER,False,,NOT_RELEVANT,Generic market roundup/index update
20240117054500-834,20240117054500,indiatimes.com,https://economictimes.indiatimes.com/markets/stocks/news/lic-beats-sbi-to-earn-indias-most-valued-psu-crown/articleshow/106916635.cms,LIC beats SBI to earn India's most-valued PSU crown,REJECTED_ENTITY_MATCHER,False,,NOT_RELEVANT,No Axis Bank in headline — V2Org-only retrieval match
20240117054500-133,20240117054500,businessinsider.in,https://www.businessinsider.in/stock-market/news/stock-market-tumbles-sensex-drops-900-points-nifty-sinks-243-points-amid-weakness-in-key-sectors/articleshow/106915927.cms,"Stock market tumbles: Sensex drops 900 points, nifty sinks 243 points amid weakness in key sectors",REJECTED_ENTITY_MATCHER,False,,NOT_RELEVANT,No Axis Bank in headline — V2Org-only retrieval match
20240117054500-25,20240117054500,thehindu.com,https://www.thehindu.com/business/markets/sensex-updates-on-january-17-2024/article67747446.ece,"Sensex plunges 1,371 points in early trade",REJECTED_ENTITY_MATCHER,False,,NOT_RELEVANT,No Axis Bank in headline — V2Org-only retrieval match
20240117060000-127,20240117060000,telegraphindia.com,https://www.telegraphindia.com/business/sensex-plunges-1371-points-in-early-trade-nifty-falls-below-22000-level-dragged-by-bank-stocks/cid/1994313,"Stock market | Sensex plunges 1,371 points in early trade; Nifty falls below 22,000-level dragged by bank stocks",REJECTED_ENTITY_MATCHER,False,,NOT_RELEVANT,No Axis Bank in headline — V2Org-only retrieval match
20240117061500-222,20240117061500,invezz.com,https://invezz.com/news/2024/01/17/heres-why-the-nifty-50-and-bse-sensex-indices-pulled-back/,Here's why the Nifty 50 and BSE Sensex indices pulled back,REJECTED_ENTITY_MATCHER,False,,NOT_RELEVANT,No Axis Bank in headline — V2Org-only retrieval match
20240117061500-813,20240117061500,latestly.com,https://www.latestly.com/agency-news/india-news-sensex-plunges-1371-points-in-early-trade-nifty-falls-below-22000-level-dragged-by-bank-stocks-5699590.html,"India News | Sensex Plunges 1,371 Points in Early Trade; Nifty Falls Below 22,000-level Dragged by Bank Stocks",REJECTED_ENTITY_MATCHER,False,,NOT_RELEVANT,No Axis Bank in headline — V2Org-only retrieval match
20240117061500-183,20240117061500,nigeriasun.com,https://www.nigeriasun.com/news/274097572/stock-market-tumbles-sensex-drops-900-points-nifty-sinks-243-points-amid-overall-weakness-in-key-sectors,"Stock market tumbles: Sensex drops 900 points, nifty sinks 243 points amid overall weakness in key sectors",REJECTED_ENTITY_MATCHER,False,,NOT_RELEVANT,No Axis Bank in headline — V2Org-only retrieval match
20240117063000-521,20240117063000,telegraphindia.com,https://www.telegraphindia.com/feeds/business/sensex-plunges-1371-points-in-early-trade-nifty-falls-below-22000-level-dragged-by-bank-stocks/cid/1994313,"Stock market | Sensex plunges 1,371 points in early trade; Nifty falls below 22,000-level dragged by bank stocks",REJECTED_ENTITY_MATCHER,False,,NOT_RELEVANT,No Axis Bank in headline — V2Org-only retrieval match
20240117064500-663,20240117064500,thehindubusinessline.com,https://www.thehindubusinessline.com/markets/morning-market-bse-sensex-down-by-700-pts-nifty-over-200-pts/article67747417.ece,Morning market: BSE Sensex down by 700 pts; Nifty over 200 pts,REJECTED_ENTITY_MATCHER,False,,NOT_RELEVANT,No Axis Bank in headline — V2Org-only retrieval match
20240117070000-T301,20240117070000,indiatimes.com,https://navbharattimes.indiatimes.com/business/share-market/share-news/stock-market-crash-why-share-market-fall-today/articleshow/106918612.cms,"Why Share Market Fall Today,Stock Market: आज मुंह के बल गिरा शेयर बाजार, सेंसेक्स में 1000 अंकों से ज्यादा की गिरावट, मचा कोहराम - stock market crash why share market fall today",REJECTED_ENTITY_MATCHER,False,,NOT_RELEVANT,No Axis Bank in headline — V2Org-only retrieval match
20240117071500-49,20240117071500,aninews.in,https://aninews.in/news/business/business/stock-market-tumbles-sensex-drops-900-points-nifty-sinks-243-points-amid-overall-weakness-in-key-sectors20240117100201/,"Stock market tumbles: Sensex drops 900 points, nifty sinks 243 points amid overall weakness in key sectors",REJECTED_ENTITY_MATCHER,False,,NOT_RELEVANT,No Axis Bank in headline — V2Org-only retrieval match
20240117074500-T2874,20240117074500,jagran.com,https://www.jagran.com/markets/stock-update-share-market-open-down-on-17-january-2024-share-market-today-23631254.html,"Share Market Breaking: बाजार में आई जबरदस्त गिरावट, सेंसेक्स 1020 अंक गिर गया - share market open down on 17 january 2024 share market today know more details",REJECTED_ENTITY_MATCHER,False,,NOT_RELEVANT,Generic market roundup/index update
20240117074500-253,20240117074500,businesstoday.in,https://www.businesstoday.in/markets/market-commentary/story/sensex-dives-over-1050-points-rs-24l-cr-investor-wealth-lost-hdfc-bank-iex-zomato-down-up-to-6-413691-2024-01-17,"Sensex dives over 1,050 points: Rs 2.4L cr investor wealth lost; HDFC Bank, IEX, Zomato down up to 6%",REJECTED_ENTITY_MATCHER,False,,NOT_RELEVANT,No Axis Bank in headline — V2Org-only retrieval match
20240117074500-873,20240117074500,orissapost.com,https://www.orissapost.com/private-sector-banks-lead-losses-as-sensex-plunges-1200-points/,"Private sector banks lead losses as Sensex plunges 1,200 points",REJECTED_ENTITY_MATCHER,False,,NOT_RELEVANT,No Axis Bank in headline — V2Org-only retrieval match
20240117074500-876,20240117074500,sammobile.com,https://www.sammobile.com/news/samsung-india-future-fest-brings-exciting-offers-on-ai-powered-premium-tvs/,Samsung India Future Fest brings exciting offers on AI-powered premium TVs,REJECTED_ENTITY_MATCHER,False,,NOT_RELEVANT,Unrelated topic — no Axis Bank material
20240117080000-249,20240117080000,prokerala.com,https://www.prokerala.com/news/articles/a1497603.html,"Private sector banks lead losses as Sensex plunges 1,200 points",REJECTED_ENTITY_MATCHER,False,,NOT_RELEVANT,No Axis Bank in headline — V2Org-only retrieval match
20240117080000-1264,20240117080000,theweek.in,https://www.theweek.in/news/biz-tech/2024/01/17/sensex-plunges-1371-points-early-trade-nifty-falls-below-22000-level-dragged-by-bank-stocks.html,"Sensex plunges 1,371 points in early trade; Nifty falls below 22.000-level dragged by bank stocks",REJECTED_ENTITY_MATCHER,False,,NOT_RELEVANT,Generic market roundup/index update
20240117080000-290,20240117080000,rttnews.com,https://www.rttnews.com/story.aspx?Id=3417052,"Sensex, Nifty Tumble On Interest Rate Worries",REJECTED_ENTITY_MATCHER,False,,NOT_RELEVANT,No Axis Bank in headline — V2Org-only retrieval match
20240117080000-707,20240117080000,rttnews.com,https://www.rttnews.com/3417052/sensex-nifty-tumble-on-interest-rate-worries.aspx,"Sensex, Nifty Tumble On Interest Rate Worries",REJECTED_ENTITY_MATCHER,False,,NOT_RELEVANT,No Axis Bank in headline — V2Org-only retrieval match
20240117080000-444,20240117080000,hindustantimes.com,https://www.hindustantimes.com/business/why-did-sensex-drop-over-1300-points-nifty-below-22-000-after-hitting-all-time-high-101705475874944.html,"Why did Sensex drop over 1300 points, Nifty below 22,000 after record high?",REJECTED_ENTITY_MATCHER,False,,NOT_RELEVANT,No Axis Bank in headline — V2Org-only retrieval match
20240117080000-771,20240117080000,moneycontrol.com,https://www.moneycontrol.com/news/technology/google-pay-joins-paytm-phonepe-to-offer-international-upi-service-12068031.html,"Google Pay joins Paytm, PhonePe to offer international UPI service",REJECTED_ENTITY_MATCHER,False,,NOT_RELEVANT,No Axis Bank in headline — V2Org-only retrieval match
20240117081500-731,20240117081500,dailypioneer.com,https://www.dailypioneer.com/2024/business/sensex-plunges-1-371-points-in-early-trade--nifty-falls-below-22-000-level-dragged-by-bank-stocks.html,"Sensex plunges 1,371 points in early trade; Nifty falls below 22,000-level dragged by bank stocks",REJECTED_ENTITY_MATCHER,False,,NOT_RELEVANT,Generic market roundup/index update
20240117081500-740,20240117081500,tribuneindia.com,https://www.tribuneindia.com/news/business/sensex-plunges-1-371-points-in-early-trade-nifty-falls-below-22-000-level-dragged-by-bank-stocks-582071,"Sensex plunges 1,371 points in early trade; Nifty falls below 22,000 level dragged by bank stocks",REJECTED_ENTITY_MATCHER,False,,NOT_RELEVANT,Generic market roundup/index update
20240117081500-274,20240117081500,indiatimes.com,https://economictimes.indiatimes.com/markets/stocks/news/multibagger-ireda-shares-climb-5-on-signing-green-power-co-finance-deal-with-indian-overseas-bank/articleshow/106920405.cms,ireda share price: Multibagger! IREDA shares climb 5% on signing green power co-finance deal with Indian Overseas Bank,REJECTED_ENTITY_MATCHER,False,,NOT_RELEVANT,No Axis Bank in headline — V2Org-only retrieval match
20240117083000-1255,20240117083000,oklahomacitysun.com,https://www.oklahomacitysun.com/news/274097572/stock-market-tumbles-sensex-drops-900-points-nifty-sinks-243-points-amid-overall-weakness-in-key-sectors,"Stock market tumbles: Sensex drops 900 points, nifty sinks 243 points amid overall weakness in key sectors",REJECTED_ENTITY_MATCHER,False,,NOT_RELEVANT,No Axis Bank in headline — V2Org-only retrieval match
20240117083000-T2607,20240117083000,webdunia.com,https://hindi.webdunia.com/share-market-news/latest-prices-of-mumbai-stock-market-17-january-2024-124011700020_1.html,"Share Bazar - सेंसेक्स में शुरुआती कारोबार में 1,371 अंक की बड़ी गिरावट, निफ्टी भी 395 अंक टूटा",REJECTED_ENTITY_MATCHER,False,,NOT_RELEVANT,No Axis Bank in headline — V2Org-only retrieval match
20240117084500-4,20240117084500,moneycontrol.com,https://www.moneycontrol.com/news/business/markets/hdfc-bank-tremors-rock-banking-stocks-nifty-bank-plunges-4-12065881.html,"HDFC Bank tremors rock banking stocks, Nifty Bank plunges 4%",REJECTED_ENTITY_MATCHER,False,,NOT_RELEVANT,No Axis Bank in headline — V2Org-only retrieval match
20240117084500-453,20240117084500,techstory.in,https://techstory.in/best-deals-on-samsung-galaxy-a34-5g-galaxy-a54-5g-smartphone/,Best Deals on Samsung Galaxy A34 5G & Galaxy A54 5G Smartphone,REJECTED_ENTITY_MATCHER,False,,NOT_RELEVANT,Unrelated topic — no Axis Bank material
20240117084500-T1037,20240117084500,prabhatkhabar.com,https://www.prabhatkhabar.com/business/why-share-market-crash-sensex-nifty-update-stock-news-mdn,"why share market crash sensex nifty update stock news mdn | Why Share Market Crash: बड़ा रिकॉर्ड बनाकर क्यों धम से गिरा शेयर बाजार, चार प्वाइंट में समझें पूरी बात",REJECTED_ENTITY_MATCHER,False,,NOT_RELEVANT,No Axis Bank in headline — V2Org-only retrieval match
20240117084500-T1071,20240117084500,tarunmitra.in,https://www.tarunmitra.in/article/15350/chaos-in-the-domestic-stock-market-big-fall-in-sensex,"घरेलू शेयर बाजार में कोहराम, सेंसेक्स और निफ्टी में बड़ी गिरावट",REJECTED_ENTITY_MATCHER,False,,NOT_RELEVANT,No Axis Bank in headline — V2Org-only retrieval match
20240117090000-321,20240117090000,indiatimes.com,https://economictimes.indiatimes.com/markets/stocks/news/nifty-bank-falls-1800-points-to-record-biggest-single-day-fall-since-march-2022/articleshow/106922765.cms,"nifty bank fall today: Nifty Bank falls 1,800 points to record biggest single-day fall since March 2022",REJECTED_ENTITY_MATCHER,False,,NOT_RELEVANT,Generic market roundup/index update
20240117090000-277,20240117090000,indiatimes.com,https://economictimes.indiatimes.com/markets/stocks/news/sensex-records-worst-single-day-plunge-in-16-months-should-you-book-profits/articleshow/106923011.cms,Sensex records worst single-day plunge in 16 months. Should you book profits?,REJECTED_ENTITY_MATCHER,False,,NOT_RELEVANT,No Axis Bank in headline — V2Org-only retrieval match
20240117090000-572,20240117090000,zawya.com,https://www.zawya.com/en/world/indian-sub-continent/indias-hdfc-bank-set-for-worst-day-in-nearly-4-years-on-margin-concerns-ep39ngt7,India's HDFC Bank set for worst day in nearly 4 years on margin concerns,REJECTED_ENTITY_MATCHER,False,,NOT_RELEVANT,No Axis Bank in headline — V2Org-only retrieval match
20240117094500-243,20240117094500,indianexpress.com,https://indianexpress.com/article/explained/explained-economics/sensex-nifty-fall-9113307/,What led to Sensex and Nifty falling over 1.7%?,REJECTED_ENTITY_MATCHER,False,,NOT_RELEVANT,No Axis Bank in headline — V2Org-only retrieval match
20240117094500-1156,20240117094500,fonearena.com,https://www.fonearena.com/blog/414344/the-future-fest-sale-offers-samsung-tv-india.html,The Future Fest sale: Offers on Samsung TVs in India,REJECTED_ENTITY_MATCHER,False,,NOT_RELEVANT,Unrelated topic — no Axis Bank material
20240117094500-867,20240117094500,yourstory.com,https://yourstory.com:443/2024/01/google-npci-mou-expand-upi-worldwide-simplify-remittance,"Google, NPCI ink MoU to expand UPI worldwide, simplify remittance",REJECTED_ENTITY_MATCHER,False,,NOT_RELEVANT,No Axis Bank in headline — V2Org-only retrieval match
20240117100000-1361,20240117100000,thehindubusinessline.com,https://www.thehindubusinessline.com/markets/mid-day-market-update-sensex-crashes-over-1300-pts-nifty-hovers-around-21650/article67747888.ece,"Mid-day market update: Sensex crashes over 1,300 pts; Nifty hovers around 21,650",REJECTED_ENTITY_MATCHER,False,,NOT_RELEVANT,Generic market roundup/index update
20240117101500-833,20240117101500,moneycontrol.com,https://www.moneycontrol.com/news/business/markets/nifty-can-fall-to-21400-investors-should-sit-out-earnings-season-say-analysts-12068551.html,"Nifty can fall to 21,400, investors should sit out earnings season, say analysts",REJECTED_ENTITY_MATCHER,False,,NOT_RELEVANT,No Axis Bank in headline — V2Org-only retrieval match
20240117101500-904,20240117101500,siasat.com,https://www.siasat.com/sensex-plunges-more-than-1600-points-led-by-hdfc-bank-2958325/,"Sensex plunges more than 1,600 points led by HDFC Bank",REJECTED_ENTITY_MATCHER,False,,NOT_RELEVANT,No Axis Bank in headline — V2Org-only retrieval match
20240117103000-1337,20240117103000,prokerala.com,https://www.prokerala.com/news/articles/a1497675.html,"Sensex plunges more than 1,600 points led by HDFC Bank",REJECTED_ENTITY_MATCHER,False,,NOT_RELEVANT,No Axis Bank in headline — V2Org-only retrieval match
20240117104500-T1910,20240117104500,indiatimes.com,https://navbharattimes.indiatimes.com/business/share-market/share-news/bloodbath-on-dalal-street-sensex-tanks-1600-points-worst-single-day-plunge-in-16-months/articleshow/106926413.cms,"शेयर मार्केट में कत्लेआम! सेंसेक्स 1,600 अंक गिरा, निवेशकों के 4.7 लाख करोड़ स्वाहा",REJECTED_ENTITY_MATCHER,False,,NOT_RELEVANT,No Axis Bank in headline — V2Org-only retrieval match
20240117104500-T1872,20240117104500,khaskhabar.com,https://www.khaskhabar.com/local/delhi-ncr/delhi-news/news-sensex-fell-by-more-than-1600-points-news-hindi-1-613084-KKN.html,"Sensex fell by more than 1,600 points, Delhi News in Hindi",REJECTED_ENTITY_MATCHER,False,,NOT_RELEVANT,No Axis Bank in headline — V2Org-only retrieval match
20240117104500-911,20240117104500,hindustantimes.com,https://www.hindustantimes.com/business/sensex-crashes-over-1600-points-closes-at-71-511-nifty-drops-to-21573-101705485210922.html,"Sensex tanks by 1,600 points; Nifty sees biggest single-day loss since 2022",REJECTED_ENTITY_MATCHER,False,,NOT_RELEVANT,No Axis Bank in headline — V2Org-only retrieval match
20240117104500-555,20240117104500,businesstoday.in,https://www.businesstoday.in/markets/stock-picks/story/yes-bank-hdfc-bank-rbl-bank-shares-lead-losers-as-bse-private-banks-index-tumbles-4-heres-why-413732-2024-01-17,"YES Bank, HDFC Bank, RBL Bank shares lead losers as BSE Private Banks index tumbles 4%. Here's why",REJECTED_ENTITY_MATCHER,False,,NOT_RELEVANT,No Axis Bank in headline — V2Org-only retrieval match
20240117113000-12,20240117113000,indiatimes.com,https://economictimes.indiatimes.com/markets/stocks/stock-watch/stock-market-update-power-stocks-down-as-market-falls/articleshow/106928788.cms,Stock Market Sectors: Stock market update: Power stocks down as market falls,REJECTED_ENTITY_MATCHER,False,,NOT_RELEVANT,Generic market roundup/index update
20240117113000-880,20240117113000,indiatimes.com,https://economictimes.indiatimes.com/markets/stocks/stock-watch/stock-market-update-stocks-that-hit-52-week-highs-on-nse-in-todays-trade/articleshow/106928253.cms,52 week high stocks: Stock market update: Stocks that hit 52-week highs on NSE in today's trade,REJECTED_ENTITY_MATCHER,False,,NOT_RELEVANT,Generic market roundup/index update
20240117113000-618,20240117113000,telegraphindia.com,https://www.telegraphindia.com/business/stock-markets-in-free-fall-sensex-tanks-1628-points-on-sharp-losses-in-banking-oil-shares/cid/1994403,"Stock market | Stock markets in free-fall: Sensex tanks 1,628 points on sharp losses in banking, oil shares",REJECTED_ENTITY_MATCHER,False,,NOT_RELEVANT,No Axis Bank in headline — V2Org-only retrieval match
20240117113000-1264,20240117113000,telegraphindia.com,https://www.telegraphindia.com/feeds/business/stock-markets-in-free-fall-sensex-tanks-1628-points-on-sharp-losses-in-banking-oil-shares/cid/1994403,"Stock market | Stock markets in free-fall: Sensex tanks 1,628 points on sharp losses in banking, oil shares",REJECTED_ENTITY_MATCHER,False,,NOT_RELEVANT,No Axis Bank in headline — V2Org-only retrieval match
20240117113000-1174,20240117113000,indiatimes.com,https://timesofindia.indiatimes.com/business/india-business/stock-market-today-bse-sensex-sees-worst-singleday-crash-in-16-months-is-market-rally-taking-a-breather/articleshow/106926200.cms,"Stock market today: BSE Sensex sees worst single-day crash in 16 months, is market rally taking a breather? | India Business News",REJECTED_ENTITY_MATCHER,False,,NOT_RELEVANT,Generic market roundup/index update
20240117113000-559,20240117113000,moneycontrol.com,https://www.moneycontrol.com/news/business/markets/taking-stock-sensex-nifty-sees-their-worst-single-day-fall-in-18-months-banks-bleed-12069541.html,"Taking Stock: Sensex, Nifty sees their worst single-day fall in 18 months; banks bleed",REJECTED_ENTITY_MATCHER,False,,NOT_RELEVANT,No Axis Bank in headline — V2Org-only retrieval match
20240117113000-133,20240117113000,yourstory.com,https://her.yourstory.com:443/2024/01/google-npci-mou-expand-upi-worldwide-simplify-remittance,"Google, NPCI ink MoU to expand UPI worldwide, simplify remittance",REJECTED_ENTITY_MATCHER,False,,NOT_RELEVANT,No Axis Bank in headline — V2Org-only retrieval match
20240117114500-1279,20240117114500,morungexpress.com,https://morungexpress.com/sensex-plunges-more-than-1600-points-led-by-hdfc-bank,"Sensex plunges more than 1,600 points led by HDFC Bank",REJECTED_ENTITY_MATCHER,False,,NOT_RELEVANT,No Axis Bank in headline — V2Org-only retrieval match
20240117114500-T579,20240117114500,palpalindia.com,https://www.palpalindia.com/2024/01/17/Samsung-these-two-phones-Rs-3500-flat-discount-news-in-hindi.html,"Samsung के इन दो फोन्स पर है 3,500 रुपये का फ्लैट डिस्काउंट news in hindi",REJECTED_ENTITY_MATCHER,False,,NOT_RELEVANT,Unrelated topic — no Axis Bank material
20240117114500-T603,20240117114500,webdunia.com,https://hindi.webdunia.com/stock-market/why-sensex-falls-1616-points-on-17-january-124011700068_1.html,"HDFC बैंक के रास्ते शेयर बाजार में कोहराम, सेंसेक्स 1616 अंक गिरा, निवेशकों को भारी नुकसान",REJECTED_ENTITY_MATCHER,False,,NOT_RELEVANT,No Axis Bank in headline — V2Org-only retrieval match
20240117120000-1367,20240117120000,indiatimes.com,https://economictimes.indiatimes.com/markets/stocks/stock-watch/stock-market-update-mining-stocks-down-as-market-falls/articleshow/106929356.cms,Stock Market Sectors: Stock market update: Mining stocks down as market falls,REJECTED_ENTITY_MATCHER,False,,NOT_RELEVANT,Generic market roundup/index update
20240117120000-459,20240117120000,indiatimes.com,https://economictimes.indiatimes.com/markets/stocks/stock-watch/stock-market-update-sugar-stocks-down-as-market-falls/articleshow/106929178.cms,Stock Market Sectors: Stock market update: Sugar stocks down as market falls,REJECTED_ENTITY_MATCHER,False,,NOT_RELEVANT,Generic market roundup/index update
20240117120000-1226,20240117120000,dailypioneer.com,https://www.dailypioneer.com/2024/business/stock-markets-in-free-fall--sensex-tanks-1-628-pts-on-sharp-losses-in-banking--oil-shares.html,"Stock markets in free-fall: Sensex tanks 1,628 pts on sharp losses in banking, oil shares",REJECTED_ENTITY_MATCHER,False,,NOT_RELEVANT,No Axis Bank in headline — V2Org-only retrieval match
20240117120000-1530,20240117120000,indiatimes.com,https://economictimes.indiatimes.com/markets/stocks/stock-watch/share-market-update-most-active-stocks-in-todays-market-in-terms-of-volume/articleshow/106929574.cms,share market: Share market update: Most active stocks in today's market in terms of volume,REJECTED_ENTITY_MATCHER,False,,NOT_RELEVANT,Generic market roundup/index update
20240117120000-1154,20240117120000,indiatimes.com,https://economictimes.indiatimes.com/markets/options/nifty-bank-cracks-2000-points-records-worst-fall-since-may-2020-what-should-traders-do/articleshow/106929863.cms,"Nifty Bank cracks 2000 points, records worst fall since May 2020; what should traders do?",REJECTED_ENTITY_MATCHER,False,,NOT_RELEVANT,No Axis Bank in headline — V2Org-only retrieval match
20240117121500-1395,20240117121500,indiatimes.com,https://economictimes.indiatimes.com/markets/stocks/stock-watch/share-market-update-most-active-stocks-of-the-day-in-terms-of-traded-value/articleshow/106930251.cms,active stocks: Share market update: Most active stocks of the day in terms of traded value,REJECTED_ENTITY_MATCHER,False,,NOT_RELEVANT,Generic market roundup/index update
20240117121500-129,20240117121500,tribuneindia.com,https://www.tribuneindia.com/news/business/stock-markets-in-free-fall-sensex-tanks-1-628-pts-on-sharp-losses-in-banking-oil-shares-582114,"Stock markets in free-fall: Sensex tanks 1,628 points, biggest losers...",REJECTED_ENTITY_MATCHER,False,,NOT_RELEVANT,No Axis Bank in headline — V2Org-only retrieval match
20240117121500-311,20240117121500,moneycontrol.com,https://www.moneycontrol.com/news/business/earnings/hdfc-bank-falls-8-2-in-biggest-drop-since-covid-bank-nifty-loses-over-4-12069701.html,HDFC Bank falls 8.2% in biggest drop since Covid; Bank Nifty loses over 4%,REJECTED_ENTITY_MATCHER,False,,NOT_RELEVANT,No Axis Bank in headline — V2Org-only retrieval match
20240117121500-T2736,20240117121500,jagran.com,https://www.jagran.com/markets/stock-update-share-market-close-sensex-plunges-1628-points-and-nifty-down-by-460-points-in-today-trade-23631487.html,"Share Market Close: शेयर बाजार में बिकवाली से भूचाल, 1600 अंकों की गिरावट के साथ सेंसेक्स 71500 से नीचे - Share Market Close Sensex plunges 1628 points and nifty down by 460 points in today trade",REJECTED_ENTITY_MATCHER,False,,NOT_RELEVANT,No Axis Bank in headline — V2Org-only retrieval match
20240117121500-T1275,20240117121500,maalaimalar.com,https://www.maalaimalar.com:443/technology/techfacts/get-galaxy-s23-ultra-on-purchase-samsung-neo-qled-4k-tv-698749,டி.வி.-க்கு ரூ. 1.2 லட்சம் விலை கொண்ட ஸ்மார்ட்போன் இலவசம் - சாம்சங் அதிரடி அறிவிப்பு,REJECTED_ENTITY_MATCHER,False,,NOT_RELEVANT,No Axis Bank in headline — V2Org-only retrieval match
20240117123000-T1399,20240117123000,digit.in,https://www.digit.in/ml/news/mobile-phones/16mp-front-camera-moto-g34-5g-at-10000-rs-sales-started-in-india.html,"16MP ഫ്രെണ്ട് ക്യാമറ, 10,000 രൂപയ്ക്ക് Moto G34 5G! വിൽപ്പന ആരംഭിച്ചു",REJECTED_ENTITY_MATCHER,False,,NOT_RELEVANT,No Axis Bank in headline — V2Org-only retrieval match
20240117123000-T719,20240117123000,loksatta.com,https://www.loksatta.com/business/market/why-did-sensex-fall-by-1628-degrees-print-eco-news-dvr-99-4163230/,सेन्सेक्समध्ये १६२८ अंशांची पडझड का झाली?,REJECTED_ENTITY_MATCHER,False,,NOT_RELEVANT,No Axis Bank in headline — V2Org-only retrieval match
20240117123000-557,20240117123000,businesstoday.in,https://www.businesstoday.in/markets/stocks/story/hdfc-bank-nifty-bank-nosedives-1800-points-logs-worst-intraday-fall-since-march-2022-413759-2024-01-17,"HDFC Bank: Nifty Bank nosedives 1,800 points, logs worst intraday fall since March 2022",REJECTED_ENTITY_MATCHER,False,,NOT_RELEVANT,No Axis Bank in headline — V2Org-only retrieval match
20240117123000-1036,20240117123000,businesstoday.in,https://www.businesstoday.in/markets/market-commentary/story/sensex-cracks-1628-points-nifty-tests-21550-should-you-press-the-panic-button-413761-2024-01-17,"Sensex cracks 1,628 points, Nifty tests 21,550; should you press the panic button?",REJECTED_ENTITY_MATCHER,False,,NOT_RELEVANT,No Axis Bank in headline — V2Org-only retrieval match
20240117123000-738,20240117123000,orissapost.com,https://www.orissapost.com/stock-market-crash-wipes-out-rs-4-59-lakh-cr-from-investors-wealth-in-single-day/,Stock market crash wipes out Rs 4.59 lakh cr from investors wealth in single day,REJECTED_ENTITY_MATCHER,False,,NOT_RELEVANT,No Axis Bank in headline — V2Org-only retrieval match
20240117123000-690,20240117123000,thehindu.com,https://www.thehindu.com/business/markets/stock-markets-in-free-fall-sensex-tanks-1628-points-on-sharp-losses-in-banking-oil-shares/article67748252.ece,"Stock markets in free-fall: Sensex tanks 1,628 points on sharp losses in banking, oil shares",REJECTED_ENTITY_MATCHER,False,,NOT_RELEVANT,No Axis Bank in headline — V2Org-only retrieval match
20240117124500-938,20240117124500,financialexpress.com,https://www.financialexpress.com/market/bloodbath-on-d-street-nifty-records-biggest-one-day-fall-in-19-months-dragged-by-banks-financial-services-3367053/,"Bloodbath on D-Street, Nifty records biggest one-day fall in 19 months dragged by banks, financial services",REJECTED_ENTITY_MATCHER,False,,NOT_RELEVANT,No Axis Bank in headline — V2Org-only retrieval match
20240117124500-1626,20240117124500,prokerala.com,https://www.prokerala.com/news/articles/a1497721.html,Domestic equities plunge 2 per cent,REJECTED_ENTITY_MATCHER,False,,NOT_RELEVANT,No Axis Bank in headline — V2Org-only retrieval match
20240117124500-231,20240117124500,rttnews.com,https://www.rttnews.com/story.aspx?Id=3417167,"Sensex, Nifty Plunge As Banks And Metal Stocks Drag",REJECTED_ENTITY_MATCHER,False,,NOT_RELEVANT,No Axis Bank in headline — V2Org-only retrieval match
20240117124500-1101,20240117124500,rttnews.com,https://www.rttnews.com/3417167/sensex-nifty-plunge-as-banks-and-metal-stocks-drag.aspx,"Sensex, Nifty Plunge As Banks And Metal Stocks Drag",REJECTED_ENTITY_MATCHER,False,,NOT_RELEVANT,No Axis Bank in headline — V2Org-only retrieval match
20240117124500-1807,20240117124500,thehindubusinessline.com,https://www.thehindubusinessline.com/markets/market-update-sensex-crashes-over-1600-pts-nifty-at-21500-level/article67748087.ece,"Market update: Sensex crashes over 1600 pts; Nifty at 21,500 level",REJECTED_ENTITY_MATCHER,False,,NOT_RELEVANT,Generic market roundup/index update
20240117131500-242,20240117131500,theweek.in,https://www.theweek.in/news/biz-tech/2024/01/17/market-mayhem-sensex-nifty-plunge-amid-global-weakness-sell-off-in-banking-stocks.html,"Market mayhem: Sensex, Nifty plunge amid global weakness, sell-off in banking stocks",REJECTED_ENTITY_MATCHER,False,,NOT_RELEVANT,No Axis Bank in headline — V2Org-only retrieval match
20240117133000-832,20240117133000,techstory.in,https://techstory.in/get-best-offers-on-samsung-galaxy-f13-for-a-direct-50-off/,Get Best offers on Samsung Galaxy F13 for a direct 50% off,REJECTED_ENTITY_MATCHER,False,,NOT_RELEVANT,Unrelated topic — no Axis Bank material
20240117134500-138,20240117134500,indiablooms.com,https://www.indiablooms.com/finance-details/19774/equity-market-witnesses-bloodbath-sensex-drops-1628-01-pts.html,"Equity market witnesses bloodbath, Sensex drops 1628.01 pts | Indiablooms - First Portal on Digital News Management",REJECTED_ENTITY_MATCHER,False,,NOT_RELEVANT,No Axis Bank in headline — V2Org-only retrieval match
20240117134500-1370,20240117134500,menafn.com,https://menafn.com/1107732356/Domestic-Equities-Plunge-2-Per-Cent,Domestic Equities Plunge 2 Per Cent,REJECTED_ENTITY_MATCHER,False,,NOT_RELEVANT,No Axis Bank in headline — V2Org-only retrieval match
20240117134500-788,20240117134500,siasat.com,https://www.siasat.com/stock-market-crash-wipes-out-rs-4-59-lakh-cr-from-investors-wealth-in-single-day-2958462/,Stock market crash wipes out investors' Rs 4.59 lakh crore in single day,REJECTED_ENTITY_MATCHER,False,,NOT_RELEVANT,No Axis Bank in headline — V2Org-only retrieval match
20240117140000-750,20240117140000,businesstoday.in,https://www.businesstoday.in/visualstories/stock/hdfc-bank-tata-steel-top-losers-on-nifty50-as-market-crashes-icici-bank-most-active-on-jan-17-92041-17-01-2024,"HDFC Bank, Tata Steel top losers on Nifty50 as market crashes; ICICI Bank most active on Jan 17",REJECTED_ENTITY_MATCHER,False,,NOT_RELEVANT,No Axis Bank in headline — V2Org-only retrieval match
20240117143000-1223,20240117143000,gujaratsamachar.com,https://www.gujaratsamachar.com/news/business/sensex-plunges-more-than-1-600-points-led-by-hdfc-bank,"Sensex plunges more than 1,600 points led by HDFC Bank",REJECTED_ENTITY_MATCHER,False,,NOT_RELEVANT,No Axis Bank in headline — V2Org-only retrieval match
20240117144500-T32,20240117144500,moneycontrol.com,https://hindi.moneycontrol.com/news/markets/nifty-may-fall-to-21400-investors-are-being-advised-to-stay-away-from-the-market-during-the-results-season-1724201.html,"21400 तक गिर सकता है निफ्टी, निवेशकों को नतीजों के मौसम में बाजार से दूर रहने की मिल रही सलाह",REJECTED_ENTITY_MATCHER,False,,NOT_RELEVANT,No Axis Bank in headline — V2Org-only retrieval match
20240117144500-T58,20240117144500,moneycontrol.com,https://hindi.moneycontrol.com/news/markets/share-market-sess-biggest-crash-in-the-last-18-months-how-much-more-the-sensex-will-crack-check-1724341.html,"Share Market Fall: शेयर बाजार में आई 18-महीने की सबसे बड़ी गिरावट, जानें अभी और कितना टूटेगा सेंसेक्स?",REJECTED_ENTITY_MATCHER,False,,NOT_RELEVANT,No Axis Bank in headline — V2Org-only retrieval match
20240117150000-1737,20240117150000,indiatimes.com,https://timesofindia.indiatimes.com/business/india-business/stock-market-today-bse-sensex-crash-investors-lose-rs-459-lakh-crore-in-wealth/articleshow/106932649.cms,BSE Sensex Crash Today: Investors Lose Rs 4.59 Lakh Crore in Wealth | India Business News,REJECTED_ENTITY_MATCHER,False,,NOT_RELEVANT,No Axis Bank in headline — V2Org-only retrieval match
20240117150000-707,20240117150000,indiatimes.com,https://economictimes.indiatimes.com/markets/forex/forex-dollar-reaches-one-month-high-as-sentiment-nervous-pound-jumps-on-inflation-data/articleshow/106934421.cms,"FOREX-Dollar reaches one month high as sentiment nervous , pound jumps on inflation data",REJECTED_ENTITY_MATCHER,False,,NOT_RELEVANT,No Axis Bank in headline — V2Org-only retrieval match
20240117150000-T2496,20240117150000,sharemanthan.in,https://www.sharemanthan.in/61-news/corporate-update/73799-sensex-nifty-bank-closing-review-17012024,"HDFC Bank के कमजोर नतीजों ने बनाया दबाव, बाजार भारी गिरावट के साथ बंद",REJECTED_ENTITY_MATCHER,False,,NOT_RELEVANT,No Axis Bank in headline — V2Org-only retrieval match
20240117151500-1794,20240117151500,indiatimes.com,https://economictimes.indiatimes.com/markets/bonds/india-bonds-india-bond-yields-end-higher-on-hawkish-commentary-data/articleshow/106934469.cms,"INDIA BONDS-India bond yields end higher on hawkish commentary, data",REJECTED_ENTITY_MATCHER,False,,NOT_RELEVANT,No Axis Bank in headline — V2Org-only retrieval match
20240117151500-T922,20240117151500,indiatimes.com,https://navbharattimes.indiatimes.com/business/business-news/banks-holiday-in-january-2024-bank-will-remain-closed-for-many-days-from-21-january-to-28-january-2024/articleshow/106927018.cms,"फटाफट निपटा लें सभी जरूरी काम, अगले हफ्ते इतने दिन बंद रहेंगे बैंक, नोट कर लें तारीख",REJECTED_ENTITY_MATCHER,False,,NOT_RELEVANT,No Axis Bank in headline — V2Org-only retrieval match
20240117153000-1778,20240117153000,india.com,https://zeenews.india.com/markets/stock-markets-in-free-fall-sensex-tanks-1628-points-on-sharp-losses-in-banking-oil-shares-2710645.html,"Stock Markets In Free-fall: Sensex Tanks 1,628 Points On Sharp Losses In Banking, Oil Shares",REJECTED_ENTITY_MATCHER,False,,NOT_RELEVANT,No Axis Bank in headline — V2Org-only retrieval match
20240117153000-1564,20240117153000,india.com,https://zeenews.india.com/markets/hdfc-bank-shares-plunge-over-8-pc-post-q3-earnings-mcap-erodes-by-rs-1-lakh-crore-2710649.html,HDFC Bank Shares Plunge Over 8 Pc Post Q3 Earnings; Mcap Erodes By Rs 1 Lakh Crore,REJECTED_ENTITY_MATCHER,False,,NOT_RELEVANT,No Axis Bank in headline — V2Org-only retrieval match
20240117161500-404,20240117161500,thehindubusinessline.com,https://www.thehindubusinessline.com/markets/indices-tank-over-2-on-fed-talk-shadow-over-bank-stocks/article67748670.ece,"Indices tank over 2% on Fed talk, shadow over bank stocks - The Hindu BusinessLine",REJECTED_ENTITY_MATCHER,False,,NOT_RELEVANT,No Axis Bank in headline — V2Org-only retrieval match
20240117163000-878,20240117163000,thehindu.com,https://www.thehindu.com/business/hdfc-bank-drags-sensex-22-lower-its-worst-fall-in-19-months/article67748899.ece,"HDFC Bank drags Sensex 2.2% lower, its worst fall in 19 months",REJECTED_ENTITY_MATCHER,False,,NOT_RELEVANT,No Axis Bank in headline — V2Org-only retrieval match
20240117163000-2286,20240117163000,indiatimes.com,https://economictimes.indiatimes.com/markets/commodities/news/gold-retreats-to-near-one-week-low-on-hawkish-fed-comments/articleshow/106935156.cms,Gold retreats to near one-week low on hawkish Fed comments,REJECTED_ENTITY_MATCHER,False,,NOT_RELEVANT,No Axis Bank in headline — V2Org-only retrieval match
20240117173000-743,20240117173000,indiatimes.com,https://economictimes.indiatimes.com/markets/stocks/news/ahead-of-market-10-things-that-will-decide-d-street-action-on-thursday/articleshow/106935825.cms,Ahead of Market: 10 things that will decide D-Street action on Thursday,REJECTED_ENTITY_MATCHER,False,,NOT_RELEVANT,Generic market roundup/index update
20240117173000-551,20240117173000,indiatimes.com,https://economictimes.indiatimes.com/markets/bonds/us-yields-rise-as-economic-data-dents-rate-cut-expectations/articleshow/106935801.cms,US yields rise as economic data dents rate cut expectations,REJECTED_ENTITY_MATCHER,False,,NOT_RELEVANT,No Axis Bank in headline — V2Org-only retrieval match
20240117173000-T717,20240117173000,nayaindia.com,https://www.nayaindia.com/business/sensex-share-market-443228.html,Sensex Fell By More Than 1600 Points सेंसेक्स 1600 अंक से अधिक टूटा,REJECTED_ENTITY_MATCHER,False,,NOT_RELEVANT,No Axis Bank in headline — V2Org-only retrieval match
20240117181500-736,20240117181500,indianewengland.com,https://indianewengland.com/sensex-plunges-more-than-1600-points-led-by-hdfc-bank/,"Sensex plunges more than 1,600 points led by HDFC Bank - INDIA New England News",REJECTED_ENTITY_MATCHER,False,,NOT_RELEVANT,No Axis Bank in headline — V2Org-only retrieval match
20240117183000-1410,20240117183000,livemint.com,https://www.livemint.com/market/stock-market-news/crack-in-hdfc-blood-on-the-street-11705511622033.html,Crack in HDFC; blood on the Street,REJECTED_ENTITY_MATCHER,False,,NOT_RELEVANT,No Axis Bank in headline — V2Org-only retrieval match
20240117191500-393,20240117191500,thehindubusinessline.com,https://www.thehindubusinessline.com/money-and-banking/over-8-slump-in-hdfc-bank-drags-on-nifty-bank-other-banks-down-too/article67749583.ece,"Over 8% slump in HDFC Bank drags on Nifty Bank, other banks down too",REJECTED_ENTITY_MATCHER,False,,NOT_RELEVANT,No Axis Bank in headline — V2Org-only retrieval match
20240117194500-T2839,20240117194500,janayugomonline.com,https://janayugomonline.com/stock-markets/,ദലാല്‍ സ്ട്രീറ്റില്‍ ചോരപ്പുഴ,REJECTED_ENTITY_MATCHER,False,,NOT_RELEVANT,No Axis Bank in headline — V2Org-only retrieval match
20240117201500-103,20240117201500,dailypioneer.com,https://www.dailypioneer.com/2024/page1/bloodbath-on-dalal-street.html,Bloodbath on Dalal Street,REJECTED_ENTITY_MATCHER,False,,NOT_RELEVANT,No Axis Bank in headline — V2Org-only retrieval match
20240117210000-2102,20240117210000,thenorthlines.com,https://thenorthlines.com/samsung-announces-exciting-offers-on-galaxy-a05s-a54-5g-a34-5g/,"Samsung announces exciting offers on Galaxy A05s, A54 5G, A34 5G",REJECTED_ENTITY_MATCHER,False,,NOT_RELEVANT,Unrelated topic — no Axis Bank material
20240117211500-265,20240117211500,indiatimes.com,https://timesofindia.indiatimes.com/business/india-business/sensex-tanks-over-1600-pts-biggest-crash-in-nearly-2-years/articleshow/106938175.cms,"Sensex tanks over 1,600 pts, biggest crash in nearly 2 years",REJECTED_ENTITY_MATCHER,False,,NOT_RELEVANT,No Axis Bank in headline — V2Org-only retrieval match
20240117224500-1678,20240117224500,techstory.in,https://techstory.in/google-pay-joins-global-upi-service-bandwagon-following-the-footsteps-of-phonepe-and-paytm/,Google Pay Joins Global UPI Service Bandwagon Following the Footsteps of PhonePe and Paytm,REJECTED_ENTITY_MATCHER,False,,NOT_RELEVANT,No Axis Bank in headline — V2Org-only retrieval match
20240118001500-1002,20240118001500,indianexpress.com,https://indianexpress.com/article/explained/explained-economics/black-wednesday-what-led-to-a-market-crash-of-2-23-9114390/,Black Wednesday: What led to a market crash of 2.23%?,REJECTED_ENTITY_MATCHER,False,,NOT_RELEVANT,No Axis Bank in headline — V2Org-only retrieval match
20240118013000-185,20240118013000,indiatimes.com,https://economictimes.indiatimes.com/markets/stocks/news/likely-recession-cyber-security-and-geopolitics-major-concerns-for-business-leaders-jp-morgan/articleshow/106940736.cms,"JP Morgan: Likely recession, cyber security and geopolitics major concerns for business leaders: JP Morgan",REJECTED_ENTITY_MATCHER,False,,NOT_RELEVANT,No Axis Bank in headline — V2Org-only retrieval match
20240118013000-1626,20240118013000,indiatimes.com,https://economictimes.indiatimes.com/markets/stocks/news/rbi-approves-praveen-kutty-as-dcb-bank-ceo/articleshow/106940992.cms,DCB Bank: RBI approves Praveen Kutty as DCB Bank CEO,REJECTED_ENTITY_MATCHER,False,,NOT_RELEVANT,No Axis Bank in headline — V2Org-only retrieval match
20240118013000-868,20240118013000,indiatimes.com,https://economictimes.indiatimes.com/markets/stocks/news/margin-funding-touches-new-high-in-step-with-d-street/articleshow/106940788.cms,Margin funding: Margin funding touches new high in step with D-Street,REJECTED_ENTITY_MATCHER,False,,NOT_RELEVANT,No Axis Bank in headline — V2Org-only retrieval match
20240118014500-T1262,20240118014500,livehindustan.com,https://www.livehindustan.com/business/story-biggest-fall-in-hdfc-bank-shares-in-three-years-9216341.html,"Biggest fall in HDFC Bank shares in three years - एचडीएफसी बैंक के शेयर में तीन साल की सबसे बड़ी गिरावट, Business News",REJECTED_ENTITY_MATCHER,False,,NOT_RELEVANT,No Axis Bank in headline — V2Org-only retrieval match
20240118023000-368,20240118023000,dailyexcelsior.com,https://www.dailyexcelsior.com/stock-markets-in-free-fall-sensex-tanks-1628-pts-on-sharp-losses-in-banking-oil-shares/,"Stock markets in free-fall: Sensex tanks 1,628 pts on sharp losses in banking, oil shares",REJECTED_ENTITY_MATCHER,False,,NOT_RELEVANT,No Axis Bank in headline — V2Org-only retrieval match
20240118030000-1299,20240118030000,indiatimes.com,https://economictimes.indiatimes.com/markets/stocks/news/ongc-videsh-raises-420-million-from-dbs-and-bob-banks/articleshow/106940825.cms,ONGC Videsh raises $420 million from DBS and BoB banks,REJECTED_ENTITY_MATCHER,False,,NOT_RELEVANT,No Axis Bank in headline — V2Org-only retrieval match
20240118034500-1186,20240118034500,tribuneindia.com,https://www.tribuneindia.com/news/india/sensex-sees-biggest-slide-in-18-months-582166,Sensex sees biggest slide in 18 months,REJECTED_ENTITY_MATCHER,False,,NOT_RELEVANT,No Axis Bank in headline — V2Org-only retrieval match
20240118043000-893,20240118043000,indiatimes.com,https://economictimes.indiatimes.com/markets/options/fo-ban-list-iex-among-13-stocks-under-trade-ban-on-thursday-biocon-pel-exit/articleshow/106943959.cms,"stocks in f&o ban today: F&O Ban List: IEX among 13 stocks under trade ban on Thursday; Biocon, PEL exit",REJECTED_ENTITY_MATCHER,False,,NOT_RELEVANT,No Axis Bank in headline — V2Org-only retrieval match
20240118051500-512,20240118051500,indiatimes.com,https://economictimes.indiatimes.com/markets/stocks/news/hot-stocks-3-concerns-behind-13-bn-rout-in-hdfc-bank-brokerages-downgrade-ltimindtree/articleshow/106945328.cms,hdfc bank shares: Hot Stocks: 3 concerns behind $13 bn rout in HDFC Bank; brokerages downgrade LTIMindtree,REJECTED_ENTITY_MATCHER,False,,NOT_RELEVANT,No Axis Bank in headline — V2Org-only retrieval match
20240118051500-592,20240118051500,thehindubusinessline.com,https://www.thehindubusinessline.com/markets/share-market-nifty-sensex-live-updates-18-january-2024/article67748508.ece,Stock Market Live Updates: Indian indices under pressure as Sensex and Nifty continue downward trend,REJECTED_ENTITY_MATCHER,False,,NOT_RELEVANT,Generic market roundup/index update
20240118051500-498,20240118051500,thehindubusinessline.com,https://www.thehindubusinessline.com/markets/markets-tumble-in-early-trade-fall-for-3rd-day-running/article67751130.ece,Markets tumble in early trade; fall for 3rd day running - The Hindu BusinessLine,REJECTED_ENTITY_MATCHER,False,,NOT_RELEVANT,No Axis Bank in headline — V2Org-only retrieval match
20240118051500-1007,20240118051500,freepressjournal.in,https://www.freepressjournal.in/business/stock-market-opening-january-18-indices-open-in-red-sensex-at-7111810-nifty-below-21500,"Stock Market Opening January 18: Indices Open In Red; Sensex At 71,118.10 & Nifty Below 21,500",REJECTED_ENTITY_MATCHER,False,,NOT_RELEVANT,No Axis Bank in headline — V2Org-only retrieval match
20240118053000-458,20240118053000,indiatimes.com,https://economictimes.indiatimes.com/markets/stocks/stock-watch/share-market-update-most-active-stocks-on-d-street-today-in-terms-of-volume/articleshow/106946202.cms,share market: Share market update: Most active stocks on D-Street today in terms of volume,REJECTED_ENTITY_MATCHER,False,,NOT_RELEVANT,Generic market roundup/index update
20240118053000-1038,20240118053000,telegraphindia.com,https://www.telegraphindia.com/feeds/business/hdfc-bank-results-trigger-carnage-sensex-sees-biggest-single-day-fall-in-over-one-year/cid/1994515,"Indian stock markets | HDFC Bank results trigger carnage, Sensex sees biggest single-day fall in over one year",REJECTED_ENTITY_MATCHER,False,,NOT_RELEVANT,No Axis Bank in headline — V2Org-only retrieval match
20240118053000-560,20240118053000,hindustantimes.com,https://www.hindustantimes.com/business/sensex-plunges-400-points-to-71-023-nifty-drops-below-21-500-hdfc-bank-in-focus-101705549181282.html,"Sensex plunges 400 points to 71,023; Nifty drops below 21,500",REJECTED_ENTITY_MATCHER,False,,NOT_RELEVANT,Generic market roundup/index update
20240118053000-108,20240118053000,businesstoday.in,https://www.businesstoday.in/markets/stocks/story/apollo-hospitals-birlasoft-tata-motors-what-rajesh-palviya-of-axis-securities-says-on-these-3-stocks-413876-2024-01-18,"Apollo Hospitals, Birlasoft & Tata Motors: What Rajesh Palviya of Axis Securities says on these 3 stocks",REJECTED_ENTITY_MATCHER,False,,NOT_RELEVANT,Axis Securities subsidiary — standalone brokerage content
20240118053000-863,20240118053000,news18.com,https://www.news18.com/business/stock-market-update-today-live-sensex-nifty-today-8744506.html,"Stock Market Updates: Sensex Tanks 800 Pts, Nifty Below 21,300",REJECTED_ENTITY_MATCHER,False,,NOT_RELEVANT,Generic market roundup/index update
20240118060000-540,20240118060000,indiatimes.com,https://economictimes.indiatimes.com/markets/stocks/stock-watch/share-market-update-most-active-stocks-of-the-day-in-terms-of-total-traded-value/articleshow/106946299.cms,active stocks: Share market update: Most active stocks of the day in terms of total traded value,REJECTED_ENTITY_MATCHER,False,,NOT_RELEVANT,Generic market roundup/index update
20240118060000-646,20240118060000,indiatimes.com,https://economictimes.indiatimes.com/markets/stocks/stock-watch/stock-market-update-mining-stocks-down-as-market-falls/articleshow/106946822.cms,Stock Market Sectors: Stock market update: Mining stocks down as market falls,REJECTED_ENTITY_MATCHER,False,,NOT_RELEVANT,Generic market roundup/index update
20240118060000-1110,20240118060000,indiatimes.com,https://economictimes.indiatimes.com/markets/stocks/stock-watch/stock-market-update-sugar-stocks-down-as-market-falls/articleshow/106946435.cms,Stock Market Sectors: Stock market update: Sugar stocks down as market falls,REJECTED_ENTITY_MATCHER,False,,NOT_RELEVANT,Generic market roundup/index update
20240118060000-456,20240118060000,indiatimes.com,https://economictimes.indiatimes.com/markets/stocks/news/premonition-mutual-funds-sold-2-5-crore-shares-of-hdfc-bank-last-month/articleshow/106946966.cms,Premonition? Mutual funds sold 2.5 crore shares of HDFC Bank last month,REJECTED_ENTITY_MATCHER,False,,NOT_RELEVANT,No Axis Bank in headline — V2Org-only retrieval match
20240118060000-607,20240118060000,bignewsnetwork.com,https://www.bignewsnetwork.com/news/274098694/stock-market-opens-on-a-downturn-amid-global-uncertainties,Stock market opens on a downturn amid global uncertainties,REJECTED_ENTITY_MATCHER,False,,NOT_RELEVANT,No Axis Bank in headline — V2Org-only retrieval match
20240118060000-464,20240118060000,indiatimes.com,https://economictimes.indiatimes.com/markets/stocks/stock-watch/stock-market-update-stocks-that-hit-52-week-highs-on-nse/articleshow/106947140.cms,52 week high stocks: Stock market update: Stocks that hit 52-week highs on NSE,REJECTED_ENTITY_MATCHER,False,,NOT_RELEVANT,Generic market roundup/index update
20240118061500-76,20240118061500,indiatimes.com,https://economictimes.indiatimes.com/markets/stocks/stock-watch/stock-market-update-nifty-bank-index-falls-0-27-in-a-weak-market/articleshow/106947608.cms,Indices: Stock market update: Nifty Bank index falls 0.27% in a weak market,REJECTED_ENTITY_MATCHER,False,,NOT_RELEVANT,Generic market roundup/index update
20240118061500-94,20240118061500,india.com,https://zeenews.india.com/markets/sensex-tanks-561-points-nifty-plunges-165-points-2710830.html,Sensex tanks 561 Points; Nifty plunges 165 points,REJECTED_ENTITY_MATCHER,False,,NOT_RELEVANT,No Axis Bank in headline — V2Org-only retrieval match
20240118061500-930,20240118061500,thehindu.com,https://www.thehindu.com/business/markets/sensex-updates-on-january-17-2024/article67751153.ece,"Sensex falls for third day, tanks 560 points in early trade",REJECTED_ENTITY_MATCHER,False,,NOT_RELEVANT,No Axis Bank in headline — V2Org-only retrieval match
20240118061500-848,20240118061500,indiatimes.com,https://economictimes.indiatimes.com/markets/stocks/stock-watch/stock-market-update-stocks-that-hit-52-week-lows-on-nse/articleshow/106947421.cms,52 week high stocks: Stock market update: Stocks that hit 52-week lows on NSE,REJECTED_ENTITY_MATCHER,False,,NOT_RELEVANT,Generic market roundup/index update
20240118061500-T825,20240118061500,prabhasakshi.com,https://www.prabhasakshi.com/business/share-market-chaos-in-stock-market-sensex-fell-by-700-points-hdfc-shares-fell-again,"Share Market| फिर शेयर बाजार में मचा कोहराम, Sensex 700 अंक तक टूटा, HDFC के शेयरों में फिर आई गिरावट",REJECTED_ENTITY_MATCHER,False,,NOT_RELEVANT,No Axis Bank in headline — V2Org-only retrieval match
20240118061500-T853,20240118061500,webdunia.com,https://hindi.webdunia.com/share-market-news/share-market-falls-sensex-nifty-in-red-mark-124011800019_1.html,"शेयर बाजार में लगातार तीसरे दिन गिरावट, इन शेयरों में निवेशकों को नुकसान",REJECTED_ENTITY_MATCHER,False,,NOT_RELEVANT,No Axis Bank in headline — V2Org-only retrieval match
20240118063000-1326,20240118063000,theweek.in,https://www.theweek.in/wire-updates/business/2024/01/18/dcm15-max-life-insurance.html,Max Life Diversifies ULIP range with an all-new Midcap Momentum Index Fund,REJECTED_ENTITY_MATCHER,False,,NOT_RELEVANT,No Axis Bank in headline — V2Org-only retrieval match
20240118063000-1017,20240118063000,theweek.in,https://www.theweek.in/news/biz-tech/2024/01/18/sensex-nifty-tumble-in-early-trade-fall-for-third-day-running.html,"Sensex, Nifty tumble in early trade; fall for third day running",REJECTED_ENTITY_MATCHER,False,,NOT_RELEVANT,Generic market roundup/index update
20240118063000-T1006,20240118063000,punjabkesari.in,https://www.punjabkesari.in/national/news/share-market-there-was-disappointment-in-the-stock-market-1930044,"Share Market : मुनाफा वसूली के चलते शुरुआती कारोबार में सेंसेक्स, निफ्टी गिरे - share market there was disappointment in the stock market",REJECTED_ENTITY_MATCHER,False,,NOT_RELEVANT,No Axis Bank in headline — V2Org-only retrieval match
20240118064500-501,20240118064500,businessworld.in,https://www.businessworld.in/article/Large-cap-Q3-Earnings-Hit-As-Nightmare-Nifty-Sensex-Dip-For-Consecutive-3-days/18-01-2024-506628/,Large cap Q3 Earnings Hit As Nightmare Nifty Sensex Dip For Consecutive 3 days - BW Businessworld,REJECTED_ENTITY_MATCHER,False,,NOT_RELEVANT,No Axis Bank in headline — V2Org-only retrieval match
20240118070000-384,20240118070000,latestly.com,https://www.latestly.com/agency-news/business-news-stock-market-opens-on-a-downturn-amid-global-uncertainties-5702158.html,Business News | Stock Market Opens on a Downturn Amid Global Uncertainties,REJECTED_ENTITY_MATCHER,False,,NOT_RELEVANT,No Axis Bank in headline — V2Org-only retrieval match
20240118070000-711,20240118070000,nigeriasun.com,https://www.nigeriasun.com/news/274098694/stock-market-opens-on-a-downturn-amid-global-uncertainties,Stock market opens on a downturn amid global uncertainties,REJECTED_ENTITY_MATCHER,False,,NOT_RELEVANT,No Axis Bank in headline — V2Org-only retrieval match
20240118071500-1005,20240118071500,telegraphindia.com,https://www.telegraphindia.com/feeds/business/sensex-tanks-561-points-to-70939-in-early-trade-nifty-plunges-165-points-to-21406/cid/1994545,"Stock market | Sensex tanks 561 points to 70,939 in early trade; Nifty plunges 165 points to 21,406",REJECTED_ENTITY_MATCHER,False,,NOT_RELEVANT,No Axis Bank in headline — V2Org-only retrieval match
20240118073000-1147,20240118073000,telegraphindia.com,https://www.telegraphindia.com/business/sensex-tanks-561-points-to-70939-in-early-trade-nifty-plunges-165-points-to-21406/cid/1994545,"Stock market | Sensex tanks 561 points to 70,939 in early trade; Nifty plunges 165 points to 21,406",REJECTED_ENTITY_MATCHER,False,,NOT_RELEVANT,No Axis Bank in headline — V2Org-only retrieval match
20240118073000-710,20240118073000,tribuneindia.com,https://www.tribuneindia.com/news/business/markets-tumble-in-early-trade-fall-for-3rd-day-running-582380,Markets tumble in early trade; fall for 3rd day running,REJECTED_ENTITY_MATCHER,False,,NOT_RELEVANT,No Axis Bank in headline — V2Org-only retrieval match
20240118073000-T1143,20240118073000,indiatimes.com,https://navbharattimes.indiatimes.com/business/business-news/ayodhya-ram-mandir-commercial-banks-rushing-to-ramp-up-presence-in-temple-town-of-ayodhya/articleshow/106949024.cms,Ayodhya Ram Mandir: प्राइवेट बैंक के अधिकारी इन दिनों क्यों लगा रहे हैं अयोध्या की दौड़?,REJECTED_ENTITY_MATCHER,False,,NOT_RELEVANT,No Axis Bank in headline — V2Org-only retrieval match
20240118080000-756,20240118080000,webindia123.com,https://news.webindia123.com/news/Articles/Business/20240118/4159983.html,Stock market opens on a downturn amid global uncertainties,REJECTED_ENTITY_MATCHER,False,,NOT_RELEVANT,No Axis Bank in headline — V2Org-only retrieval match
20240118081500-1398,20240118081500,indiablooms.com,https://www.indiablooms.com/finance-details/19784/sensex-tanks-500-points.html,Sensex tanks 500 points | Indiablooms - First Portal on Digital News Management,REJECTED_ENTITY_MATCHER,False,,NOT_RELEVANT,No Axis Bank in headline — V2Org-only retrieval match
20240118081500-395,20240118081500,latestly.com,https://www.latestly.com/agency-news/business-news-max-life-diversifies-ulip-range-with-an-all-new-midcap-momentum-index-fund-5702321.html,Business News | Max Life Diversifies ULIP Range with an All-new Midcap Momentum Index Fund,REJECTED_ENTITY_MATCHER,False,,NOT_RELEVANT,No Axis Bank in headline — V2Org-only retrieval match
20240118081500-682,20240118081500,indianexpress.com,https://indianexpress.com/article/business/market/stock-market-today-sensex-falls-nifty-down-it-banking-shares-9115232/,"Stock Market today: Indices continue downward slide as Sensex plunges over 200 points, Nifty down to 21,480",REJECTED_ENTITY_MATCHER,False,,NOT_RELEVANT,Generic market roundup/index update
20240118083000-46,20240118083000,aninews.in,https://aninews.in/news/business/business/max-life-diversifies-ulip-range-with-an-all-new-midcap-momentum-index-fund20240118115847/,Max Life Diversifies ULIP range with an all-new Midcap Momentum Index Fund,REJECTED_ENTITY_MATCHER,False,,NOT_RELEVANT,No Axis Bank in headline — V2Org-only retrieval match
20240118083000-503,20240118083000,aninews.in,https://aninews.in/news/business/business/stock-market-opens-on-a-downturn-amid-global-uncertainties20240118102936/,Stock market opens on a downturn amid global uncertainties,REJECTED_ENTITY_MATCHER,False,,NOT_RELEVANT,No Axis Bank in headline — V2Org-only retrieval match
20240118083000-413,20240118083000,oklahomacitysun.com,https://www.oklahomacitysun.com/news/274098694/stock-market-opens-on-a-downturn-amid-global-uncertainties,Stock market opens on a downturn amid global uncertainties,REJECTED_ENTITY_MATCHER,False,,NOT_RELEVANT,No Axis Bank in headline — V2Org-only retrieval match
20240118084500-580,20240118084500,thehindubusinessline.com,https://www.thehindubusinessline.com/portfolio/technical-analysis/bank-nifty-prediction-todayjan-18-2024-index-might-see-intraday-rally/article67751185.ece,"Bank Nifty prediction today–Jan 18, 2024: Index might see intraday rally",REJECTED_ENTITY_MATCHER,False,,NOT_RELEVANT,No Axis Bank in headline — V2Org-only retrieval match
20240118084500-917,20240118084500,theweek.in,https://www.theweek.in/news/biz-tech/2024/01/18/hdfc-bank-shares-continue-to-slide-analysts-flag-margin-slower-deposit-growth-concerns.html,"HDFC Bank shares continue to slide; analysts flag margin, slower deposit growth concerns",REJECTED_ENTITY_MATCHER,False,,NOT_RELEVANT,No Axis Bank in headline — V2Org-only retrieval match
20240118091500-57,20240118091500,trak.in,https://trak.in/stories/rs-4-lakh-crore-wiped-off-as-sensex-crashed-by-2-in-a-single-day-biggest-single-day-drop-in-24-months/,Rs 4 Lakh Crore Wiped Off As Sensex Crashed By 2% In A Single Day: Biggest Single-Day Drop In 24 Months - Trak.in,REJECTED_ENTITY_MATCHER,False,,NOT_RELEVANT,No Axis Bank in headline — V2Org-only retrieval match
20240118093000-T2447,20240118093000,tarunmitra.in,https://www.tarunmitra.in/article/15673/stock-market-fell-for-the-third-consecutive-day-sensex-and,"शेयर बाजार में लगातार तीसरे दिन गिरावट, सेंसेक्स और निफ्टी लुढ़के",REJECTED_ENTITY_MATCHER,False,,NOT_RELEVANT,No Axis Bank in headline — V2Org-only retrieval match
20240118103000-968,20240118103000,dailypioneer.com,https://www.dailypioneer.com/2024/business/markets-tumble-in-early-trade--fall-for-3rd-day-running.html,Markets tumble in early trade; fall for 3rd day running,REJECTED_ENTITY_MATCHER,False,,NOT_RELEVANT,No Axis Bank in headline — V2Org-only retrieval match
20240118103000-116,20240118103000,sentinelassam.com,https://www.sentinelassam.com/more-news/national-news/mumbai-market-rallies-continue-as-sensex-falls-400-points-to-71023-points,"Mumbai: Market rallies continue as Sensex falls 400 points to 71,023 points",REJECTED_ENTITY_MATCHER,False,,NOT_RELEVANT,No Axis Bank in headline — V2Org-only retrieval match
20240118103000-1318,20240118103000,newzealandstar.com,https://www.newzealandstar.com/news/274098694/stock-market-opens-on-a-downturn-amid-global-uncertainties,Stock market opens on a downturn amid global uncertainties,REJECTED_ENTITY_MATCHER,False,,NOT_RELEVANT,No Axis Bank in headline — V2Org-only retrieval match
20240118103000-848,20240118103000,india.com,https://www.india.com/business/paramount-communications-shares-hit-52-week-high-even-as-sensex-nifty-nosedive-check-details-here-6663747/,"Paramount Communications Shares Hit 52-week High Even as Sensex, Nifty Nosedive",REJECTED_ENTITY_MATCHER,False,,NOT_RELEVANT,No Axis Bank in headline — V2Org-only retrieval match
20240118104500-372,20240118104500,freepressjournal.in,https://www.freepressjournal.in/business/stock-market-closing-january-18-with-sensex-at-7118686-nifty-below-21500-indices-end-day-in-red,"Stock Market Closing January 18: With Sensex At 71,186.86, Nifty Below 21,500; Indices End Day In Red",REJECTED_ENTITY_MATCHER,False,,NOT_RELEVANT,No Axis Bank in headline — V2Org-only retrieval match
20240118104500-1235,20240118104500,moneycontrol.com,https://www.moneycontrol.com/news/business/markets/taking-stock-the-fall-continues-sensex-down-314-points-nifty-below-21500-12077931.html,"Taking Stock: The fall continues; Sensex down 314 points, Nifty below 21,500",REJECTED_ENTITY_MATCHER,False,,NOT_RELEVANT,No Axis Bank in headline — V2Org-only retrieval match
20240118113000-T601,20240118113000,digit.in,https://www.digit.in/hi/news/mobile-phones/samsung-galaxy-f13-available-at-50-percent-off-on-flipkart-sale.html,"मात्र 7,499 रुपए में खरीदें 6000mAh बैटरी और 50MP कैमरा वाला चकाचक फोन, Special Offer बस कल तक",REJECTED_ENTITY_MATCHER,False,,NOT_RELEVANT,No Axis Bank in headline — V2Org-only retrieval match
20240118113000-T518,20240118113000,nobat.com,https://www.nobat.com/news4386-nd-3a2f0094313238313539.html,નિફ્ટી ફયુચર ૨૧૪૦૪ પોઈન્ટ મહત્ત્વની સપાટી...!!!,REJECTED_ENTITY_MATCHER,False,,NOT_RELEVANT,No Axis Bank in headline — V2Org-only retrieval match
20240118114500-1066,20240118114500,indiatimes.com,https://economictimes.indiatimes.com/tech/startups/phonepe-sells-over-9-million-insurance-policies-since-sept-2021/articleshow/106957679.cms,PhonePe: PhonePe sells over 9 million insurance policies since Sept 2021,REJECTED_ENTITY_MATCHER,False,,NOT_RELEVANT,No Axis Bank in headline — V2Org-only retrieval match
20240118114500-519,20240118114500,indiatimes.com,https://economictimes.indiatimes.com/markets/stocks/stock-watch/stock-market-update-stocks-that-hit-52-week-lows-on-nse-in-todays-trade/articleshow/106958123.cms,52 week high stocks: Stock market update: Stocks that hit 52-week lows on NSE in today's trade,REJECTED_ENTITY_MATCHER,False,,NOT_RELEVANT,Generic market roundup/index update
20240118114500-961,20240118114500,indiatimes.com,https://economictimes.indiatimes.com/markets/stocks/stock-watch/stock-market-update-stocks-that-hit-52-week-highs-on-nse-in-todays-trade/articleshow/106958900.cms,52 week high stocks: Stock market update: Stocks that hit 52-week highs on NSE in today's trade,REJECTED_ENTITY_MATCHER,False,,NOT_RELEVANT,Generic market roundup/index update
20240118114500-146,20240118114500,indiatimes.com,https://economictimes.indiatimes.com/markets/stocks/stock-watch/stock-market-update-mining-stocks-down-as-market-falls/articleshow/106959024.cms,Stock Market Sectors: Stock market update: Mining stocks down as market falls,REJECTED_ENTITY_MATCHER,False,,NOT_RELEVANT,Generic market roundup/index update
20240118114500-236,20240118114500,indiatimes.com,https://economictimes.indiatimes.com/markets/stocks/stock-watch/stock-market-update-sugar-stocks-down-as-market-falls/articleshow/106959454.cms,Stock Market Sectors: Stock market update: Sugar stocks down as market falls,REJECTED_ENTITY_MATCHER,False,,NOT_RELEVANT,Generic market roundup/index update
20240118120000-255,20240118120000,theweek.in,https://www.theweek.in/wire-updates/business/2024/01/17/del36-biz-stocks-close.html,Stock markets in free-fall Sensex tanks 1 628 pts on sharp losses in banking oil shares,REJECTED_ENTITY_MATCHER,False,,NOT_RELEVANT,No Axis Bank in headline — V2Org-only retrieval match
20240118120000-273,20240118120000,theweek.in,https://www.theweek.in/wire-updates/business/2024/01/18/del46-biz-stocks-close.html,Stock markets fall for 3rd day on profit-taking HDFC Bank major drag,REJECTED_ENTITY_MATCHER,False,,NOT_RELEVANT,No Axis Bank in headline — V2Org-only retrieval match
20240118121500-38,20240118121500,indiatimes.com,https://economictimes.indiatimes.com/markets/options/nifty-bank-falls-for-3rd-day-closes-below-46000-next-support-seen-at-45500/articleshow/106960298.cms,"Nifty Bank falls for 3rd day, closes below 46,000; next support seen at 45,500",REJECTED_ENTITY_MATCHER,False,,NOT_RELEVANT,Generic market roundup/index update
20240118121500-989,20240118121500,indiatimes.com,https://economictimes.indiatimes.com/markets/stocks/stock-watch/stock-market-update-fertilisers-stocks-down-as-market-falls/articleshow/106960672.cms,Stock Market Sectors: Stock market update: Fertilisers stocks down as market falls,REJECTED_ENTITY_MATCHER,False,,NOT_RELEVANT,Generic market roundup/index update
20240118121500-876,20240118121500,thehindu.com,https://www.thehindu.com/business/markets/stock-markets-fall-for-third-day-on-profit-taking-hdfc-bank-falls-by-more-than-3/article67751939.ece,Stock markets fall for third day on profit-taking; HDFC Bank falls by more than 3%,REJECTED_ENTITY_MATCHER,False,,NOT_RELEVANT,No Axis Bank in headline — V2Org-only retrieval match
20240118121500-1716,20240118121500,indiatimes.com,https://economictimes.indiatimes.com/markets/stocks/stock-watch/share-market-update-most-active-stocks-of-the-day-in-terms-of-traded-value/articleshow/106960848.cms,active stocks: Share market update: Most active stocks of the day in terms of traded value,REJECTED_ENTITY_MATCHER,False,,NOT_RELEVANT,Generic market roundup/index update
20240118123000-687,20240118123000,telegraphindia.com,https://www.telegraphindia.com/feeds/business/stock-markets-fall-for-third-day-on-profit-taking-hdfc-bank-major-drag/cid/1994644,"Sensex | Stock markets fall for third day on profit-taking, HDFC Bank major drag",REJECTED_ENTITY_MATCHER,False,,NOT_RELEVANT,No Axis Bank in headline — V2Org-only retrieval match
20240118123000-1212,20240118123000,prokerala.com,https://www.prokerala.com/news/articles/a1498065.html,Nifty continues downward trend amid weak global cues,REJECTED_ENTITY_MATCHER,False,,NOT_RELEVANT,No Axis Bank in headline — V2Org-only retrieval match
20240118123000-764,20240118123000,indiainfoline.com,https://www.indiainfoline.com/article/earnings-preview/q-fy-preview-axis-bank-nii-seen-at-rs-million-pat-at-rs-million-1705566302789_1.html,"Q3FY24 Preview: Axis Bank: NII seen at Rs. 123,700 million, PAT at Rs. 61,220 million",ACCEPTED,True,2024-01-19,DIRECTLY_RELEVANT,Matches pattern: q[0-9].*axis\s+bank
20240118123000-1195,20240118123000,businesstoday.in,https://www.businesstoday.in/markets/company-stock/story/bnp-paribas-is-cautious-on-indian-equity-markets-but-bullish-on-these-three-sectors-413936-2024-01-18,"BNP Paribas is cautious on Indian equity markets, but bullish on these three sectors",REJECTED_ENTITY_MATCHER,False,,NOT_RELEVANT,No Axis Bank in headline — V2Org-only retrieval match
20240118123000-T1390,20240118123000,khaskhabar.com,https://www.khaskhabar.com/local/delhi-ncr/delhi-news/news-nifty-continues-to-fall-amid-weak-global-cues-news-hindi-1-613344-KKN.html,"Nifty continues to fall amid weak global cues, Delhi News in Hindi",REJECTED_ENTITY_MATCHER,False,,NOT_RELEVANT,No Axis Bank in headline — V2Org-only retrieval match
20240118123000-T1368,20240118123000,moneycontrol.com,https://hindi.moneycontrol.com/news/markets/market-outlook-market-dpwn-for-the-third-consecutive-day-know-how-it-may-move-on-january-19-1726801.html,"Market outlook : लगातार तीसरे दिन बाजार में गिरावट, जानिए 19 जनवरी को कैसी रह सकती है इसकी चाल",REJECTED_ENTITY_MATCHER,False,,NOT_RELEVANT,No Axis Bank in headline — V2Org-only retrieval match
20240118130000-1019,20240118130000,telegraphindia.com,https://www.telegraphindia.com/business/stock-markets-fall-for-third-day-on-profit-taking-hdfc-bank-major-drag/cid/1994644,"Sensex | Stock markets fall for third day on profit-taking, HDFC Bank major drag",REJECTED_ENTITY_MATCHER,False,,NOT_RELEVANT,No Axis Bank in headline — V2Org-only retrieval match
20240118130000-T31,20240118130000,livehindustan.com,https://www.livehindustan.com/business/story-sensex-falls-2760-pts-in-3-days-investors-lose-rs-13-lakh-crore-detail-is-here-9217576.html,"Sensex falls 2760 pts in 3 days investors lose Rs 13 lakh crore detail is here - Business News India - 2760 अंक टूटा सेंसेक्स, ₹13.2 लाख करोड़ डूबे, सिर्फ 3 दिन में बिगड़ा माहौल, Business News",REJECTED_ENTITY_MATCHER,False,,NOT_RELEVANT,No Axis Bank in headline — V2Org-only retrieval match
20240118131500-267,20240118131500,menafn.com,https://menafn.com/1107737626/Nifty-Continues-Downward-Trend-Amid-Weak-Global-Cues,Nifty Continues Downward Trend Amid Weak Global Cues,REJECTED_ENTITY_MATCHER,False,,NOT_RELEVANT,No Axis Bank in headline — V2Org-only retrieval match
20240118131500-1604,20240118131500,thehindubusinessline.com,https://www.thehindubusinessline.com/markets/stock-markets-fall-for-3rd-day-on-profit-taking-hdfc-bank-major-drag/article67751886.ece,"Stock markets fall for 3rd day on profit-taking, HDFC Bank major drag",REJECTED_ENTITY_MATCHER,False,,NOT_RELEVANT,No Axis Bank in headline — V2Org-only retrieval match
20240118134500-T281,20240118134500,haribhoomi.com,https://www.haribhoomi.com/business/news/stock-market-today-update-18-january-sensex-nifty-trade-down-5358,"Stock Market Today: शेयर बाजार में लगातार तीसरे दिन गिरावट; निवेशकों के 64 हजार करोड़ डूबे, NTPC टॉप लूजर्स",REJECTED_ENTITY_MATCHER,False,,NOT_RELEVANT,Generic market roundup/index update
20240118141500-1496,20240118141500,tribuneindia.com,https://www.tribuneindia.com/news/business/stock-markets-fall-for-3rd-day-on-profit-taking-hdfc-bank-major-drag-582413,"Stock markets fall for 3rd day on profit-taking, HDFC Bank major drag",REJECTED_ENTITY_MATCHER,False,,NOT_RELEVANT,No Axis Bank in headline — V2Org-only retrieval match
20240118141500-890,20240118141500,rediff.com,https://www.rediff.com/business/report/sensex-ends-down-314-points-hdfc-bank-major-drag/20240118.htm,Sensex ends down 314 points; HDFC Bank major drag,REJECTED_ENTITY_MATCHER,False,,NOT_RELEVANT,No Axis Bank in headline — V2Org-only retrieval match
20240118144500-T1981,20240118144500,punjabkesari.in,https://www.punjabkesari.in/business/news/continuous-decline-in-hdfc-bank-shares-1930299,HDFC बैंक के शेयर में लगातार गिरावट से सेंसेक्स 314 अंक और लुढ़का - continuous decline in hdfc bank shares,REJECTED_ENTITY_MATCHER,False,,NOT_RELEVANT,No Axis Bank in headline — V2Org-only retrieval match
20240118161500-16,20240118161500,thehindubusinessline.com,https://www.thehindubusinessline.com/companies/phonepe-sold-over-9-million-insurance-policies-since-september-2021/article67752239.ece,PhonePe sold over 9 million insurance policies since September 2021,REJECTED_ENTITY_MATCHER,False,,NOT_RELEVANT,No Axis Bank in headline — V2Org-only retrieval match
20240118164500-1676,20240118164500,indiatimes.com,https://economictimes.indiatimes.com/markets/stocks/news/ahead-of-market-10-things-that-will-decide-d-street-action-on-friday/articleshow/106965716.cms,nifty technical analysis: Ahead of Market: 10 things that will decide D-Street action on Friday,REJECTED_ENTITY_MATCHER,False,,NOT_RELEVANT,Generic market roundup/index update
20240118173000-761,20240118173000,indiatimes.com,https://economictimes.indiatimes.com/markets/bonds/us-bonds-keep-bearish-tone-after-strong-jobs-data/articleshow/106966111.cms,us bonds today: US bonds keep bearish tone after strong jobs data,REJECTED_ENTITY_MATCHER,False,,NOT_RELEVANT,No Axis Bank in headline — V2Org-only retrieval match
20240118173000-T163,20240118173000,loktej.com,https://www.loktej.com/article/98732/stock-market-fell-for-the-third-consecutive-day-investors-lost,"शेयर बाजार में लगातार तीसरे दिन गिरावट, निवेशकों ने गंवाए 64 हजार करोड़ रुपये",REJECTED_ENTITY_MATCHER,False,,NOT_RELEVANT,No Axis Bank in headline — V2Org-only retrieval match
20240118181500-T1920,20240118181500,livehindustan.com,https://www.livehindustan.com/gadgets/story-8gb-ram-samsung-galaxy-s21-fe-5g-at-lowest-price-18000-rupees-discount-9219008.html,"8GB RAM Samsung Galaxy S21 FE 5G at lowest price 18000 rupees discount - Tech news hindi - Samsung Galaxy S सीरीज फोन पर छूट देख उड़ जाएगी नींद, पहली बार मिल रहा 18000 रुपए सस्ता, गैजेट्स न्यूज",REJECTED_ENTITY_MATCHER,False,,NOT_RELEVANT,Unrelated topic — no Axis Bank material
20240118210000-1561,20240118210000,pymnts.com,https://www.pymnts.com/business/2024/report-bain-could-sell-payroll-firm-zellis-for-2-5-billion/,Report: Bain Could Sell Payroll Firm Zellis for $2.5 Billion,REJECTED_ENTITY_MATCHER,False,,NOT_RELEVANT,No Axis Bank in headline — V2Org-only retrieval match
20240118210000-791,20240118210000,nagalandpost.com,https://nagalandpost.com/index.php/mizoram-cm-lauds-dg-assam-rifles-for-project-sentinel-care/,Mizoram CM lauds DG Assam Rifles for project Sentinel Care,REJECTED_ENTITY_MATCHER,False,,NOT_RELEVANT,No Axis Bank in headline — V2Org-only retrieval match
20240119011500-T118,20240119011500,indiatimes.com,https://navbharattimes.indiatimes.com/business/share-market/share-news/share-market-prediction-for-19th-january-2024-watch-reliance-lic-and-indusind-bank/articleshow/106967584.cms,"Share Market: आज Reliance, LIC और IndusInd Bank पर रखें नजर, भर सकती है झोली",REJECTED_ENTITY_MATCHER,False,,NOT_RELEVANT,No Axis Bank in headline — V2Org-only retrieval match
20240119031500-49,20240119031500,bnnbloomberg.ca,https://www.bnnbloomberg.ca/rising-interest-rates-threaten-india-s-credit-growth-and-pressure-margins-1.2023919,Rising Interest Rates Threaten India's Credit Growth and Pressure Margins,REJECTED_ENTITY_MATCHER,False,,NOT_RELEVANT,No Axis Bank in headline — V2Org-only retrieval match
20240119040000-678,20240119040000,indiatimes.com,https://economictimes.indiatimes.com/markets/commodities/news/gold-set-for-weekly-drop-on-tempered-rate-cut-view/articleshow/106971728.cms,Gold set for weekly drop on tempered rate-cut view,REJECTED_ENTITY_MATCHER,False,,NOT_RELEVANT,No Axis Bank in headline — V2Org-only retrieval match
20240119040000-1011,20240119040000,indiatimes.com,https://economictimes.indiatimes.com/markets/commodities/news/oil-prices-drift-lower-on-china-demand-worries/articleshow/106971692.cms,Oil prices drift lower on China demand worries,REJECTED_ENTITY_MATCHER,False,,NOT_RELEVANT,No Axis Bank in headline — V2Org-only retrieval match
20240119040000-854,20240119040000,indiatimes.com,https://economictimes.indiatimes.com/markets/options/fo-ban-list-balrampur-chini-among-13-stocks-under-trade-ban-on-friday-chambal-fertilisers-out/articleshow/106973790.cms,stocks in f&o ban today: F&O Ban List: Balrampur Chini among 13 stocks under trade ban on Friday. Chambal Fertilisers out,REJECTED_ENTITY_MATCHER,False,,NOT_RELEVANT,No Axis Bank in headline — V2Org-only retrieval match
20240119043000-233,20240119043000,indiatimes.com,https://economictimes.indiatimes.com/markets/stocks/news/rs-3-lakh-cr-added-in-10-mins-sensex-soars-over-600-points-in-a-smart-rebound/articleshow/106974566.cms,sensex today: Rs 3 lakh cr added in 10 mins! Sensex soars over 600 points as bulls return after 3-day hiatus,REJECTED_ENTITY_MATCHER,False,,NOT_RELEVANT,No Axis Bank in headline — V2Org-only retrieval match
20240119043000-685,20240119043000,trak.in,https://trak.in/stories/google-pay-users-will-soon-get-this-exciting-new-feature-while-travelling-abroad-check-full-details/,Google Pay Users Will Soon Get This Exciting New Feature While Travelling Abroad: Check Full Details! - Trak.in,REJECTED_ENTITY_MATCHER,False,,NOT_RELEVANT,No Axis Bank in headline — V2Org-only retrieval match
20240119043000-1355,20240119043000,moneycontrol.com,https://www.moneycontrol.com/news/business/markets/are-hdfc-bank-results-all-that-bad-for-banking-sector-its-time-to-pick-your-best-bets-12080811.html,Are HDFC Bank results all that bad for banking sector? It's time to pick your best bets,REJECTED_ENTITY_MATCHER,False,,NOT_RELEVANT,No Axis Bank in headline — V2Org-only retrieval match
20240119044500-702,20240119044500,businesstoday.in,https://www.businesstoday.in/markets/market-commentary/story/sensex-nifty-tick-higher-after-a-3-day-drop-irfc-network-18-jump-up-to-5-414041-2024-01-19,"Sensex, Nifty tick higher after a 3-day drop; IRFC, Network 18 jump up to 5%",REJECTED_ENTITY_MATCHER,False,,NOT_RELEVANT,Generic market roundup/index update
20240119044500-90,20240119044500,livemint.com,https://www.livemint.com/market/stock-market-news/stock-market-today-bounces-back-after-3-days-of-losses-with-sensex-up-600-points-3-reasons-why-market-is-gaining-11705636241061.html,"Nifty 50, Sensex gain nearly 1% each after 3 days of losses: 5 reasons why Indian stock market is gaining today",REJECTED_ENTITY_MATCHER,False,,NOT_RELEVANT,No Axis Bank in headline — V2Org-only retrieval match
20240119044500-291,20240119044500,thehindubusinessline.com,https://www.thehindubusinessline.com/markets/share-market-nifty-sensex-live-updates-19-january-2024/article67752291.ece,"Stock Market Live Updates: Sensex and Nifty rebound after three-day slump, tracking Asian gains",REJECTED_ENTITY_MATCHER,False,,NOT_RELEVANT,Generic market roundup/index update
20240119050000-1008,20240119050000,indiatimes.com,https://economictimes.indiatimes.com/markets/stocks/stock-watch/stock-market-update-fmcg-stocks-up-as-market-rises/articleshow/106975569.cms,Stock Market Sectors: Stock market update: FMCG stocks up as market rises,REJECTED_ENTITY_MATCHER,False,,NOT_RELEVANT,Generic market roundup/index update
20240119050000-927,20240119050000,indiatimes.com,https://economictimes.indiatimes.com/markets/stocks/stock-watch/stock-market-update-mining-stocks-up-as-market-rises/articleshow/106975361.cms,Stock Market Sectors: Stock market update: Mining stocks up as market rises,REJECTED_ENTITY_MATCHER,False,,NOT_RELEVANT,Generic market roundup/index update
20240119050000-231,20240119050000,indiatimes.com,https://economictimes.indiatimes.com/markets/stocks/stock-watch/stock-market-update-stocks-that-hit-52-week-lows-on-nse/articleshow/106975758.cms,52 week high stocks: Stock market update: Stocks that hit 52-week lows on NSE,REJECTED_ENTITY_MATCHER,False,,NOT_RELEVANT,Generic market roundup/index update
20240119050000-332,20240119050000,indiatimes.com,https://economictimes.indiatimes.com/markets/ipos/fpos/addictive-learning-technology-ipo-opens-for-subscription-today-check-gmp-price-band-and-other-details/articleshow/106974355.cms,"addictive learning technology ipo: Addictive Learning Technology IPO opens for subscription today. Check GMP, price band and other details",REJECTED_ENTITY_MATCHER,False,,NOT_RELEVANT,No Axis Bank in headline — V2Org-only retrieval match
20240119050000-244,20240119050000,indiatimes.com,https://economictimes.indiatimes.com/markets/ipos/fpos/euphoria-infotech-india-ipo-opens-today-check-price-gmp-issue-timeline-other-details/articleshow/106974535.cms,"Euphoria Infotech India IPO opens today. Check price, GMP, issue timeline, other details",REJECTED_ENTITY_MATCHER,False,,NOT_RELEVANT,No Axis Bank in headline — V2Org-only retrieval match
20240119051500-831,20240119051500,hindustantimes.com,https://www.hindustantimes.com/business/markets-rebound-sensex-rises-600-points-in-early-trade-after-three-day-fall-nifty-at-21610-101705635758409.html,Markets rebound: Sensex rises 600 points in early trade after three-day fall,REJECTED_ENTITY_MATCHER,False,,NOT_RELEVANT,No Axis Bank in headline — V2Org-only retrieval match
20240119053000-1075,20240119053000,indiatimes.com,https://economictimes.indiatimes.com/markets/stocks/stock-watch/stock-market-update-stocks-that-hit-52-week-highs-on-nse/articleshow/106976429.cms,52 week high stocks: Stock market update: Stocks that hit 52-week highs on NSE,REJECTED_ENTITY_MATCHER,False,,NOT_RELEVANT,Generic market roundup/index update
20240119053000-184,20240119053000,indiatimes.com,https://economictimes.indiatimes.com/markets/stocks/stock-watch/stock-market-update-sugar-stocks-up-as-market-rises/articleshow/106976194.cms,Stock Market Sectors: Stock market update: Sugar stocks up as market rises,REJECTED_ENTITY_MATCHER,False,,NOT_RELEVANT,Generic market roundup/index update
20240119053000-T2024,20240119053000,prabhasakshi.com,https://www.prabhasakshi.com/business/sensex-jumped-by-600-points-in-stock-market-hdfc-bank-shares-also-rose,"Stock Market में सप्ताह के अंतिम दिन Sensex में 600 अंकों का उछाल, HDFC Bank के शेयर भी उठे",REJECTED_ENTITY_MATCHER,False,,NOT_RELEVANT,No Axis Bank in headline — V2Org-only retrieval match
20240119054500-403,20240119054500,theweek.in,https://www.theweek.in/wire-updates/business/2024/01/19/del6-biz-stocks-open.html,Markets rebound in early trade after three days of fall,REJECTED_ENTITY_MATCHER,False,,NOT_RELEVANT,No Axis Bank in headline — V2Org-only retrieval match
20240119054500-1198,20240119054500,india.com,https://zeenews.india.com/markets/markets-rebound-in-early-trade-after-three-days-of-fall-2711166.html,Markets Rebound In Early Trade After Three Days Of Fall,REJECTED_ENTITY_MATCHER,False,,NOT_RELEVANT,No Axis Bank in headline — V2Org-only retrieval match
20240119060000-38,20240119060000,tribuneindia.com,https://www.tribuneindia.com/news/business/shares-slide-for-3rd-straight-day-582652,Shares slide for 3rd straight day,REJECTED_ENTITY_MATCHER,False,,NOT_RELEVANT,No Axis Bank in headline — V2Org-only retrieval match
20240119060000-905,20240119060000,news18.com,https://www.news18.com/business/stock-market-updates-today-india-sensex-nifty50-live-8745881.html,"Stock Market Updates: Sensex Jumps 600 Pts, Nifty Trades Above 21,600",REJECTED_ENTITY_MATCHER,False,,NOT_RELEVANT,Generic market roundup/index update
20240119060000-T974,20240119060000,khaskhabar.com,https://www.business.khaskhabar.com/daily-news.php/nifty-continues-to-fall-amid-weak-global-cues-613453-BKN.html,कमजोर वैश्विक संकेतों के बीच निफ्टी में गिरावट जारी | business.khaskhabar.com,REJECTED_ENTITY_MATCHER,False,,NOT_RELEVANT,No Axis Bank in headline — V2Org-only retrieval match
20240119061500-999,20240119061500,latestly.com,https://www.latestly.com/agency-news/india-news-markets-rebound-in-early-trade-after-three-days-of-fall-5704297.html,India News | Markets Rebound in Early Trade After Three Days of Fall,REJECTED_ENTITY_MATCHER,False,,NOT_RELEVANT,No Axis Bank in headline — V2Org-only retrieval match
20240119061500-747,20240119061500,thehindu.com,https://www.thehindu.com/business/markets/sensex-updates-on-january-19-2024/article67755021.ece,Markets rebound in early trade after three days of fall,REJECTED_ENTITY_MATCHER,False,,NOT_RELEVANT,No Axis Bank in headline — V2Org-only retrieval match
20240119061500-767,20240119061500,indiatimes.com,https://economictimes.indiatimes.com/markets/stocks/stock-watch/share-market-update-most-active-stocks-of-the-day-in-terms-of-total-traded-value/articleshow/106977459.cms,active stocks: Share market update: Most active stocks of the day in terms of total traded value,REJECTED_ENTITY_MATCHER,False,,NOT_RELEVANT,Generic market roundup/index update
20240119061500-351,20240119061500,indiatimes.com,https://economictimes.indiatimes.com/markets/stocks/stock-watch/stock-market-update-power-stocks-up-as-market-rises/articleshow/106977030.cms,Stock Market Sectors: Stock market update: Power stocks up as market rises,REJECTED_ENTITY_MATCHER,False,,NOT_RELEVANT,Generic market roundup/index update
20240119063000-643,20240119063000,indiatimes.com,https://economictimes.indiatimes.com/markets/stocks/stock-watch/share-market-update-most-active-stocks-on-d-street-today-in-terms-of-volume/articleshow/106978019.cms,share market: Share market update: Most active stocks on D-Street today in terms of volume,REJECTED_ENTITY_MATCHER,False,,NOT_RELEVANT,Generic market roundup/index update
20240119063000-1111,20240119063000,livemint.com,https://www.livemint.com/market/stock-market-news/a-21-billion-rout-in-india-s-banks-signals-best-days-maybe-over-11705642733555.html,A $21 billion rout in India's banks signals best days may be over,REJECTED_ENTITY_MATCHER,False,,NOT_RELEVANT,No Axis Bank in headline — V2Org-only retrieval match
20240119063000-851,20240119063000,orissapost.com,https://www.orissapost.com/fpis-sold-equity-massively-for-rs-20480-cr-in-last-2-days/,"FPIs sold equity massively for Rs 20,480 cr in last 2 days",REJECTED_ENTITY_MATCHER,False,,NOT_RELEVANT,No Axis Bank in headline — V2Org-only retrieval match
20240119063000-T2176,20240119063000,punjabkesari.in,https://www.punjabkesari.in/national/news/stock-market-open-hdfc-bank-share-tata-motors-tata-steel-1930518,"भारी गिरावट के बाद आज सेंसेक्स-निफ्टी ने लगाई छलांग, Sensex 600 अंक भागा - stock market open hdfc bank share tata motors tata steel",REJECTED_ENTITY_MATCHER,False,,NOT_RELEVANT,No Axis Bank in headline — V2Org-only retrieval match
20240119064500-T13,20240119064500,khaskhabar.com,https://www.khaskhabar.com/local/delhi-ncr/delhi-news/news-fpi-sold-equity-worth-rs-20480-crore-in-last-2-days-news-hindi-1-613464-KKN.html,"FPI sold equity worth Rs 20,480 crore in last 2 days, Delhi News in Hindi",REJECTED_ENTITY_MATCHER,False,,NOT_RELEVANT,No Axis Bank in headline — V2Org-only retrieval match
20240119064500-361,20240119064500,thehindubusinessline.com,https://www.thehindubusinessline.com/markets/morning-market-bse-sensex-up-by-600-pts-nifty-50-at-21600-level/article67755034.ece,"Morning market: BSE Sensex up by 600 pts, Nifty 50 at 21,600 level",REJECTED_ENTITY_MATCHER,False,,NOT_RELEVANT,No Axis Bank in headline — V2Org-only retrieval match
20240119064500-833,20240119064500,moneycontrol.com,https://www.moneycontrol.com/news/business/markets/mid-day-mood-nifty-sensex-snap-3-day-losing-run-on-upbeat-global-cues-bargain-buying-12082671.html,"Mid-day Mood | Nifty, Sensex snap 3-day losing run on upbeat global cues, bargain buying",REJECTED_ENTITY_MATCHER,False,,NOT_RELEVANT,No Axis Bank in headline — V2Org-only retrieval match
20240119070000-1120,20240119070000,bnnbloomberg.ca,https://www.bnnbloomberg.ca/a-21-billion-rout-in-india-s-banks-signals-best-days-maybe-over-1.2023957,A $21 Billion Rout in India's Banks Signals Best Days Maybe Over,REJECTED_ENTITY_MATCHER,False,,NOT_RELEVANT,No Axis Bank in headline — V2Org-only retrieval match
20240119073000-510,20240119073000,telegraphindia.com,https://www.telegraphindia.com/business/sensex-jumps-657-points-to-71844-in-early-trade-nifty-climbs-194-points-to-21657/cid/1994810,"Stock market | Sensex jumps 657 points to 71,844 in early trade; Nifty climbs 194 points to 21,657",REJECTED_ENTITY_MATCHER,False,,NOT_RELEVANT,No Axis Bank in headline — V2Org-only retrieval match
20240119074500-1006,20240119074500,telegraphindia.com,https://www.telegraphindia.com/feeds/business/sensex-jumps-657-points-to-71844-in-early-trade-nifty-climbs-194-points-to-21657/cid/1994810,"Stock market | Sensex jumps 657 points to 71,844 in early trade; Nifty climbs 194 points to 21,657",REJECTED_ENTITY_MATCHER,False,,NOT_RELEVANT,No Axis Bank in headline — V2Org-only retrieval match
20240119074500-606,20240119074500,indiatimes.com,https://economictimes.indiatimes.com/markets/stocks/news/21-billion-rout-in-hdfc-bank-shares-signals-heyday-may-be-over/articleshow/106980916.cms,$21-billion rout in HDFC Bank shares signals heyday may be over,REJECTED_ENTITY_MATCHER,False,,NOT_RELEVANT,No Axis Bank in headline — V2Org-only retrieval match
20240119074500-T1226,20240119074500,khaskhabar.com,https://www.business.khaskhabar.com/business-news/nifty-continues-to-fall-amid-weak-global-cues-613453-BKN.html,कमजोर वैश्विक संकेतों के बीच निफ्टी में गिरावट जारी | business.khaskhabar.com,REJECTED_ENTITY_MATCHER,False,,NOT_RELEVANT,No Axis Bank in headline — V2Org-only retrieval match
20240119080000-573,20240119080000,ibtimes.co.in,https://www.ibtimes.co.in/stocks-plunge-fpis-sold-equity-massively-rs-20480-cr-last-2-days-865461,"Stocks plunge as FPIs sold equity massively for Rs 20,480 cr in last 2 days",REJECTED_ENTITY_MATCHER,False,,NOT_RELEVANT,No Axis Bank in headline — V2Org-only retrieval match
20240119080000-399,20240119080000,prokerala.com,https://www.prokerala.com/news/articles/a1498253.html,"FPIs sold equity massively for Rs 20,480 cr in last 2 days",REJECTED_ENTITY_MATCHER,False,,NOT_RELEVANT,No Axis Bank in headline — V2Org-only retrieval match
20240119083000-993,20240119083000,indiatimes.com,https://economictimes.indiatimes.com/markets/ipos/fpos/euphoria-infotech-india-ipo-subscribed-7-23-times-so-far-on-day-1-check-gmp-price-band-and-other-key-details/articleshow/106981863.cms,"Euphoria Infotech India IPO subscribed 7.23 times so far on Day 1. Check GMP, price band and other key details",REJECTED_ENTITY_MATCHER,False,,NOT_RELEVANT,No Axis Bank in headline — V2Org-only retrieval match
20240119091500-332,20240119091500,dailypioneer.com,https://www.dailypioneer.com/2024/business/markets-rebound-in-early-trade-after-three-days-of-fall.html,Markets rebound in early trade after three days of fall,REJECTED_ENTITY_MATCHER,False,,NOT_RELEVANT,No Axis Bank in headline — V2Org-only retrieval match
20240119091500-T2767,20240119091500,livehindustan.com,https://www.livehindustan.com/auto/story-tata-punch-electric-emi-down-payment-and-loan-calculator-9221179.html,"Tata Punch Electric EMI Down Payment and Loan Calculator, ऑटो न्यूज",REJECTED_ENTITY_MATCHER,False,,NOT_RELEVANT,No Axis Bank in headline — V2Org-only retrieval match
20240119093000-524,20240119093000,ndtv.com,https://www.ndtv.com/india-news/hdfc-stock-takes-a-beating-raises-concerns-for-other-indian-banks-4891756,A $21 Billion Indian Banks Stock Rout Signals Heyday May Be Over,REJECTED_ENTITY_MATCHER,False,,NOT_RELEVANT,No Axis Bank in headline — V2Org-only retrieval match
20240119093000-T423,20240119093000,tarunmitra.in,https://www.tarunmitra.in/article/15955/stock-market-recovered-after-three-days-sensex-and-nifty-rose,"तीन दिन बाद संभला शेयर बाजार, सेंसेक्स और निफ्टी उछले",REJECTED_ENTITY_MATCHER,False,,NOT_RELEVANT,No Axis Bank in headline — V2Org-only retrieval match
20240119093000-T488,20240119093000,tarunmitra.in,https://www.tarunmitra.in/article/15901/stock-market-recovered-after-three-days-sensex-and-nifty-rose,"तीन दिन बाद संभला शेयर बाजार, सेंसेक्स और निफ्टी उछले",REJECTED_ENTITY_MATCHER,False,,NOT_RELEVANT,No Axis Bank in headline — V2Org-only retrieval match
20240119104500-T127,20240119104500,moneycontrol.com,https://hindi.moneycontrol.com/news/markets/hdfc-bank-s-results-are-not-bad-for-the-entire-banking-sector-this-fall-is-the-best-chance-to-play-best-bet-1728401.html,"एचडीएफसी बैंक के नतीजे पूरे बैंकिंग सेक्टर के लिए बुरे नहीं, इस गिरावट में मिल रहा सबसे बेहतर दांव खेलने का मौका",REJECTED_ENTITY_MATCHER,False,,NOT_RELEVANT,No Axis Bank in headline — V2Org-only retrieval match
20240119110000-536,20240119110000,theweek.in,https://www.theweek.in/wire-updates/business/2024/01/19/del48-biz-stocks-close.html,Stock markets recover after 3 days of loss ICICI Airtel major movers,REJECTED_ENTITY_MATCHER,False,,NOT_RELEVANT,No Axis Bank in headline — V2Org-only retrieval match
20240119111500-122,20240119111500,orissapost.com,https://www.orissapost.com/stock-markets-recover-after-three-days-of-loss-icici-airtel-major-movers/,"Stock markets recover after three days of loss; ICICI, Airtel major movers",REJECTED_ENTITY_MATCHER,False,,NOT_RELEVANT,No Axis Bank in headline — V2Org-only retrieval match
20240119113000-705,20240119113000,indiatimes.com,https://economictimes.indiatimes.com/markets/stocks/stock-watch/stock-market-update-nifty-bank-index-falls-0-03/articleshow/106988060.cms,Indices: Stock market update: Nifty Bank index falls 0.03%,REJECTED_ENTITY_MATCHER,False,,NOT_RELEVANT,Generic market roundup/index update
20240119120000-125,20240119120000,tribuneindia.com,https://www.tribuneindia.com/news/business/stock-markets-recover-after-3-days-of-loss-icici-airtel-major-gainers-582745,"Stock markets recover after 3 days of loss; ICICI, Airtel major gainers",REJECTED_ENTITY_MATCHER,False,,NOT_RELEVANT,No Axis Bank in headline — V2Org-only retrieval match
20240119121500-704,20240119121500,thehindu.com,https://www.thehindu.com/business/markets/stock-markets-recover-after-3-days-of-loss-icici-airtel-major-movers/article67755989.ece,"Stock markets recover after 3 days of loss; ICICI, Airtel major movers",REJECTED_ENTITY_MATCHER,False,,NOT_RELEVANT,No Axis Bank in headline — V2Org-only retrieval match
20240119123000-722,20240119123000,indiatimes.com,https://economictimes.indiatimes.com/markets/options/nifty-bank-drops-over-4-in-a-week-crucial-support-seen-at-45500/articleshow/106991058.cms,"Nifty Bank drops over 4% in a week; crucial support seen at 45,500",REJECTED_ENTITY_MATCHER,False,,NOT_RELEVANT,No Axis Bank in headline — V2Org-only retrieval match
20240119130000-1043,20240119130000,rediff.com,https://www.rediff.com/business/report/sensex-jumps-496-points-icici-airtel-major-movers/20240119.htm,"Sensex jumps 496 points; ICICI, Airtel major movers",REJECTED_ENTITY_MATCHER,False,,NOT_RELEVANT,No Axis Bank in headline — V2Org-only retrieval match
20240119130000-207,20240119130000,indiatimes.com,https://economictimes.indiatimes.com/wealth/invest/high-charges-on-nach-ecs-debit-bounce-even-17-return-on-mutual-fund-sip-may-not-be-enough-to-recover-penalties/articleshow/106984131.cms,"nach return: High charges on NACH, ECS debit bounce: Even 17% return on mutual fund SIP may not be enough to recover penalties",REJECTED_ENTITY_MATCHER,False,,NOT_RELEVANT,No Axis Bank in headline — V2Org-only retrieval match
20240119130000-144,20240119130000,rediff.com,https://www.rediff.com/business/report/hdfc-banks-adr-premium-shrinks-to-nearly-zero-as-fpis-turn-bearish/20240119.htm,HDFC Bank's ADR premium shrinks to nearly zero as FPIs turn bearish,REJECTED_ENTITY_MATCHER,False,,NOT_RELEVANT,No Axis Bank in headline — V2Org-only retrieval match
20240119131500-1187,20240119131500,thehindubusinessline.com,https://www.thehindubusinessline.com/markets/stock-market-highlights-19-january-2024/article67752291.ece,"Share Market Highlights 19 January 2024: Indices rebound after three-day slump; Nifty settles above 21,600",REJECTED_ENTITY_MATCHER,False,,NOT_RELEVANT,No Axis Bank in headline — V2Org-only retrieval match
20240119133000-T223,20240119133000,tarunmitra.in,https://www.tarunmitra.in/article/16027/due-to-negligence-of-banks-12-loans-were-approved-against,बैंकों की लापरवाही के चलते 109 का लक्ष्य के सापेक्ष में 12 ऋण हुए स्वीकृत।,REJECTED_ENTITY_MATCHER,False,,NOT_RELEVANT,No Axis Bank in headline — V2Org-only retrieval match
20240119133000-1089,20240119133000,telegraphindia.com,https://www.telegraphindia.com/feeds/business/stock-markets-recover-after-3-days-of-loss-icici-airtel-major-movers/cid/1994909,"Sensex | Stock markets recover after 3 days of loss; ICICI, Airtel major movers",REJECTED_ENTITY_MATCHER,False,,NOT_RELEVANT,No Axis Bank in headline — V2Org-only retrieval match
20240119133000-1241,20240119133000,moneycontrol.com,https://www.moneycontrol.com/news/business/hdfc-bank-axis-bank-to-be-closed-on-jan-22-on-account-of-ram-mandir-inauguration-12087621.html,"HDFC Bank, Axis Bank to be closed on Jan 22 on account of Ram Mandir inauguration",ACCEPTED,True,2024-01-23,DIRECTLY_RELEVANT,Matches pattern: axis\s+bank.*(?:closed?|holiday|ram\s+mandir)
20240119134500-1283,20240119134500,news18.com,https://www.news18.com/business/ram-temple-ayodhya-hdfc-bank-axis-bank-to-remain-closed-on-january-22-8746838.html,"Ram Temple Ayodhya: HDFC Bank, Axis Bank To Remain Closed On January 22",ACCEPTED,True,2024-01-23,DIRECTLY_RELEVANT,Matches pattern: axis\s+bank.*(?:closed?|holiday|ram\s+mandir)
20240119143000-566,20240119143000,indiatimes.com,https://timesofindia.indiatimes.com/business/india-business/investors-become-richer-by-rs-4-lakh-crore-as-markets-bounce-back-after-three-day-fall/articleshow/106993787.cms,Investors become richer by Rs 4 lakh crore as markets bounce back after three-day fall,REJECTED_ENTITY_MATCHER,False,,NOT_RELEVANT,No Axis Bank in headline — V2Org-only retrieval match
20240119144500-220,20240119144500,india.com,https://zeenews.india.com/markets/sensex-rebounds-496-points-on-value-buying-in-oil-metal-shares-snaps-3-day-losing-run-2711492.html,"Sensex Rebounds 496 Points On Value Buying In Oil, Metal Shares; Snaps 3-day Losing Run",REJECTED_ENTITY_MATCHER,False,,NOT_RELEVANT,No Axis Bank in headline — V2Org-only retrieval match
20240119150000-1631,20240119150000,telegraphindia.com,https://www.telegraphindia.com/business/stock-markets-recover-after-3-days-of-loss-icici-airtel-major-movers/cid/1994909,"Sensex | Stock markets recover after 3 days of loss; ICICI, Airtel major movers",REJECTED_ENTITY_MATCHER,False,,NOT_RELEVANT,No Axis Bank in headline — V2Org-only retrieval match
20240119153000-T1,20240119153000,moneycontrol.com,https://hindi.moneycontrol.com/news/your-money/ram-mandir-bank-holidays-hdfc-bank-axis-will-close-on-22-january-customer-do-not-go-branch-on-monday-1729541.html,"Ram Mandir: एक्सिस और HDFC Bank 22 जनवरी को रहेंगे बंद, सोमवार को न जाएं ब्रांच",REJECTED_ENTITY_MATCHER,False,,NOT_RELEVANT,No Axis Bank in headline — V2Org-only retrieval match
20240119154500-106,20240119154500,moneycontrol.com,https://www.moneycontrol.com/news/business/markets/gift-nifty-gains-0-5-on-january-19-infosys-wipro-hdfc-bank-adrs-fall-12088701.html,"GIFT Nifty gains 0.5% on January 19; Infosys, Wipro, HDFC Bank ADRs fall",REJECTED_ENTITY_MATCHER,False,,NOT_RELEVANT,No Axis Bank in headline — V2Org-only retrieval match
20240119173000-1300,20240119173000,indiatimes.com,https://economictimes.indiatimes.com/markets/stocks/news/ahead-of-market-10-things-that-will-decide-d-street-action-on-saturday/articleshow/106996501.cms,nifty technical analysis: Ahead of Market: 10 things that will decide D-Street action on Saturday,REJECTED_ENTITY_MATCHER,False,,NOT_RELEVANT,Generic market roundup/index update
20240119181500-291,20240119181500,indiatimes.com,https://economictimes.indiatimes.com/news/company/corporate-trends/wage-gap-likely-to-get-sharper-amid-drive-towards-a-high-performance-culture/articleshow/106996658.cms,salary: Sharper differentiation for key talent amid drive towards a high performance culture,REJECTED_ENTITY_MATCHER,False,,NOT_RELEVANT,No Axis Bank in headline — V2Org-only retrieval match
20240119194500-385,20240119194500,dailyexcelsior.com,https://www.dailyexcelsior.com/stock-markets-recover-after-3-days-of-loss-icici-airtel-major-movers/,"Stock markets recover after 3 days of loss; ICICI, Airtel major movers",REJECTED_ENTITY_MATCHER,False,,NOT_RELEVANT,No Axis Bank in headline — V2Org-only retrieval match
20240120014500-39,20240120014500,indiatimes.com,https://economictimes.indiatimes.com/markets/stocks/news/nse-bse-to-have-normal-trading-today-but-monday-to-be-a-holiday/articleshow/107001174.cms,"trading holiday: NSE & BSE to have normal trading today, but Monday to be a holiday",REJECTED_ENTITY_MATCHER,False,,NOT_RELEVANT,No Axis Bank in headline — V2Org-only retrieval match
20240120030000-361,20240120030000,pinkvilla.com,https://www.pinkvilla.com/entertainment/news/what-is-deepika-padukones-net-worth-exploring-the-fighter-actress-wealth-and-fortune-1272772,What is Deepika Padukone's net worth? Exploring the Fighter actress' wealth and fortune,REJECTED_ENTITY_MATCHER,False,,NOT_RELEVANT,Unrelated topic — no Axis Bank material
20240120040000-507,20240120040000,indiatimes.com,https://economictimes.indiatimes.com/markets/stocks/news/the-sp-500s-wild-ride-to-an-all-time-high/articleshow/107002125.cms,The S&P 500's wild ride to an all-time high,REJECTED_ENTITY_MATCHER,False,,NOT_RELEVANT,No Axis Bank in headline — V2Org-only retrieval match
20240120040000-312,20240120040000,indiatimes.com,https://economictimes.indiatimes.com/markets/options/fo-ban-list-rbl-bank-among-11-stocks-under-trade-ban-on-saturday-pvr-metropolis-make-exit/articleshow/107003438.cms,"F&O Ban List: RBL Bank among 11 stocks under trade ban on Saturday. PVR, Metropolis make exit",REJECTED_ENTITY_MATCHER,False,,NOT_RELEVANT,No Axis Bank in headline — V2Org-only retrieval match
20240120041500-T841,20240120041500,livehindustan.com,https://www.livehindustan.com/business/story-stock-market-live-updates-20-jan-2024-bse-sensex-crossed-72000-mark-updates-9225259.html,"Stock Market Live Updates 20 Jan 2024 bse sensex crossed 72000 mark updates - Stock Market Live Updates 20 Jan 2024: तेजी के साथ खुला शेयर बाजार, सेंसेक्स फिर 72,000 के पार, Business News",REJECTED_ENTITY_MATCHER,False,,NOT_RELEVANT,Generic market roundup/index update
20240120044500-178,20240120044500,moneycontrol.com,https://www.moneycontrol.com/news/business/stocks/cesc-decline-3-as-q3-net-profit-falls-12089941.html,CESC decline 3% as Q3 net profit falls,REJECTED_ENTITY_MATCHER,False,,NOT_RELEVANT,No Axis Bank in headline — V2Org-only retrieval match
20240120050000-732,20240120050000,india.com,https://zeenews.india.com/personal-finance/hdfc-and-axis-bank-closed-on-january-22-for-ayodhya-ram-temple-event-2711667.html,HDFC And Axis Bank Closed On January 22 For Ayodhya Ram Temple Event,ACCEPTED,True,2024-01-23,DIRECTLY_RELEVANT,Matches pattern: axis\s+bank.*(?:closed?|holiday|ram\s+mandir)
20240120051500-6,20240120051500,moneycontrol.com,https://www.moneycontrol.com/news/india/ayodhya-and-ayutthaya-shared-faith-and-celebrations-across-borders-12090061.html,Ayodhya and Ayutthaya: Shared faith and celebrations across borders,REJECTED_ENTITY_MATCHER,False,,NOT_RELEVANT,No Axis Bank in headline — V2Org-only retrieval match
20240120053000-709,20240120053000,indiatimes.com,https://economictimes.indiatimes.com/markets/options/fo-stocks-to-buy-today-petronet-bpcl-among-top-6-trading-ideas-for-20-january-2024/articleshow/107004703.cms,"F&O stocks to buy today: Petronet, BPCL among top 6 trading ideas for 20 January 2024",REJECTED_ENTITY_MATCHER,False,,NOT_RELEVANT,No Axis Bank in headline — V2Org-only retrieval match
20240120053000-878,20240120053000,indiatimes.com,https://economictimes.indiatimes.com/wealth/personal-finance-news/cheque-fraud-victims-to-get-rs-74-lakh-from-axis-bank-after-15-years-long-legal-fight/articleshow/106929274.cms,​Cheque fraud victims to get Rs 74 lakh from Axis Bank after 15 years long legal fight,ACCEPTED,True,2024-01-23,DIRECTLY_RELEVANT,Matches pattern: (?:fraud|cheque|compensation|consumer\s+forum|sat|sebi).*axi
20240120064500-436,20240120064500,india.com,https://zeenews.india.com/technology/instagram-faces-outage-in-united-states-social-media-flooded-with-memes-2711729.html,Instagram Faces Outage In United States; Social Media Flooded With Memes,REJECTED_ENTITY_MATCHER,False,,NOT_RELEVANT,No Axis Bank in headline — V2Org-only retrieval match
20240120064500-411,20240120064500,moneycontrol.com,https://www.moneycontrol.com/news/business/a-21-billion-indian-banks-stock-rout-signals-heyday-may-be-over-12091651.html,A $21 billion Indian banks stock rout signals heyday may be over,REJECTED_ENTITY_MATCHER,False,,NOT_RELEVANT,No Axis Bank in headline — V2Org-only retrieval match
20240120073000-597,20240120073000,moneycontrol.com,https://www.moneycontrol.com/news/business/jm-financials-atul-mehra-steps-down-may-head-to-axis-capital-as-md-ceo-12091891.html,"JM Financial's Atul Mehra steps down, may head to Axis Capital as MD & CEO",REJECTED_ENTITY_MATCHER,False,,NOT_RELEVANT,No Axis Bank in headline — V2Org-only retrieval match
20240120074500-687,20240120074500,indianexpress.com,https://indianexpress.com/article/technology/tech-news-technology/galaxy-s23-rs-54999-samsung-republic-day-sale-offers-9118686/,"Galaxy S23 for Rs 54,999: Samsung's Republic Day sale offers up to 57% off on phones and more | Technology News",REJECTED_ENTITY_MATCHER,False,,NOT_RELEVANT,Unrelated topic — no Axis Bank material
20240120081500-T861,20240120081500,madhyamam.com,https://www.madhyamam.com/india/cheque-fraud-victims-to-get-rs-74-lakh-from-axis-bank-after-15-years-long-legal-fight-1249009,ചെക്ക് തട്ടിപ്പ്: ആക്സിസ് ബാങ്ക് 74 ലക്ഷം രൂപ നൽകണം; ഉത്തരവ് 15 വർഷത്തെ നിയമപോരാട്ടത്തിനൊടുവിൽ | Cheque fraud victims to get Rs 74 lakh from Axis Bank after 15 years long legal fight,ACCEPTED,True,2024-01-23,DIRECTLY_RELEVANT,Matches pattern: (?:fraud|cheque|compensation|consumer\s+forum|sat|sebi).*axi
20240120083000-496,20240120083000,moneycontrol.com,https://www.moneycontrol.com/news/business/markets/expect-some-housing-incentives-in-budget-prefer-private-over-psu-banks-macquaries-suresh-ganapathy-12092371.html,"Expect some housing incentives in Budget, prefer private over PSU banks: Macquarie's Suresh Ganapathy",REJECTED_ENTITY_MATCHER,False,,NOT_RELEVANT,No Axis Bank in headline — V2Org-only retrieval match
20240120091500-132,20240120091500,india.com,https://zeenews.india.com/markets/stock-market-close-on-monday-january-22-for-ram-mandir-celebration-trade-on-today-2711686.html,Stock Market Close On Monday - January 22 For Ram Mandir Celebration; Trade On Today,REJECTED_ENTITY_MATCHER,False,,NOT_RELEVANT,No Axis Bank in headline — V2Org-only retrieval match
20240120091500-T358,20240120091500,dailykesari.com,http://www.dailykesari.com/News/6248/%E0%A4%B2%E0%A4%97%E0%A5%8D%E0%A4%A8%E0%A4%BE%E0%A4%B8%E0%A4%BE%E0%A4%A0%E0%A5%80-%E0%A4%AC%E0%A4%81%E0%A4%95%E0%A4%BE%E0%A4%82%E0%A4%95%E0%A4%A1%E0%A5%82%E0%A4%A8-%E0%A4%95%E0%A4%B0%E0%A5%8D%E0%A4%9C!,News - Daily Kesari,REJECTED_ENTITY_MATCHER,False,,NOT_RELEVANT,No Axis Bank in headline — V2Org-only retrieval match
20240120121500-306,20240120121500,indiatimes.com,https://timesofindia.indiatimes.com/gadgets-news/samsung-grand-republic-day-sale-offers-on-galaxy-smartphones-tablets-appliances-and-more/articleshow/107012687.cms,"Samsung Grand Republic Day sale: Offers on Galaxy smartphones, tablets, appliances and more |",REJECTED_ENTITY_MATCHER,False,,NOT_RELEVANT,Unrelated topic — no Axis Bank material
20240120121500-591,20240120121500,thehindubusinessline.com,https://www.thehindubusinessline.com/markets/stock-market-highlights-20-january-2024/article67757092.ece,Share Market Highlights 20 January 2024: Sensex and Nifty close lower in weekend trading,REJECTED_ENTITY_MATCHER,False,,NOT_RELEVANT,No Axis Bank in headline — V2Org-only retrieval match
20240120130000-757,20240120130000,businesstoday.in,https://www.businesstoday.in/industry/banks/story/what-global-banker-ashok-vaswani-revealed-in-his-maiden-public-appearance-as-kotak-banks-md-ceo-414280-2024-01-20,What global banker Ashok Vaswani revealed in his maiden public appearance as Kotak Bank's MD & CEO,REJECTED_ENTITY_MATCHER,False,,NOT_RELEVANT,No Axis Bank in headline — V2Org-only retrieval match
20240121031500-679,20240121031500,indiatimes.com,https://economictimes.indiatimes.com/wealth/save/ram-mandir-inauguration-bank-holiday-are-all-banks-closed-on-january-22/articleshow/106991135.cms,Ram Mandir Inauguration bank holiday: Are all banks closed on January 22?,REJECTED_ENTITY_MATCHER,False,,NOT_RELEVANT,No Axis Bank in headline — V2Org-only retrieval match
20240121054500-178,20240121054500,indiatimes.com,https://economictimes.indiatimes.com/markets/stocks/news/axis-bank-bajaj-auto-q3-earnings-among-10-factors-to-drive-d-street-in-holiday-shortened-week/articleshow/107023726.cms,"Axis Bank, Bajaj Auto Q3 earnings among 10 factors to drive D-Street in holiday-shortened week",ACCEPTED,True,2024-01-23,DIRECTLY_RELEVANT,Matches pattern: axis\s+bank.*(?:profit|pat|nii|nim|npa|net\s+profit|net\s+in
20240121054500-431,20240121054500,indiatimes.com,https://economictimes.indiatimes.com/markets/ipos/fpos/bharti-hexacom-files-ipo-papers-to-sell-tcils-20-stake/articleshow/107023532.cms,"Bharti Hexacom files IPO papers, to sell TCIL's 20% stake",REJECTED_ENTITY_MATCHER,False,,NOT_RELEVANT,No Axis Bank in headline — V2Org-only retrieval match
20240121054500-444,20240121054500,indiatimes.com,https://economictimes.indiatimes.com/markets/ipos/fpos/bharti-hexacom-files-ipo-papers-to-sell-tcils-20-stake/articleshow/107023823.cms,"Bharti Hexacom files IPO papers, to sell TCIL's 20% stake",REJECTED_ENTITY_MATCHER,False,,NOT_RELEVANT,No Axis Bank in headline — V2Org-only retrieval match
20240121061500-83,20240121061500,latestly.com,https://www.latestly.com/agency-news/latest-news-markets-to-be-guided-by-quarterly-earnings-global-trends-in-holiday-shortened-week-analysts-5708249.html,"Latest News | Markets to Be Guided by Quarterly Earnings, Global Trends in Holiday-shortened Week: Analysts",REJECTED_ENTITY_MATCHER,False,,NOT_RELEVANT,No Axis Bank in headline — V2Org-only retrieval match
20240121061500-T89,20240121061500,livehindustan.com,https://www.livehindustan.com/business/story-how-stock-market-perform-this-week-check-expert-prediction-here-9229612.html,"how stock market perform this week check expert prediction here - शेयर बाजार इस हफ्ते करेगा मालामाल या निवेशक होंगे कंगाल? जानें एक्सपर्ट्स की राय, Business News",REJECTED_ENTITY_MATCHER,False,,NOT_RELEVANT,No Axis Bank in headline — V2Org-only retrieval match
20240121061500-T78,20240121061500,livehindustan.com,https://www.livehindustan.com/gadgets/story-flipkart-offer-extended-biggest-freedom-deal-on-realme-11-pro-5g-9229559.html,"flipkart offer extended biggest freedom deal on realme 11 pro 5G - Tech news hindi - बड़ी खुशखबरी! 100MP कैमरा और कर्व्ड डिस्प्ले वाले 5G फोन पर भारी डिस्काउंट, मिलेगी 12GB रैम, गैजेट्स न्यूज",REJECTED_ENTITY_MATCHER,False,,NOT_RELEVANT,Unrelated topic — no Axis Bank material
20240121080000-T1600,20240121080000,punjabkesari.com,https://www.punjabkesari.com/business-news/axis-bank-will-give-compensation-of-rs-73-93-lakh-to-the-victims-know-what-is-the-whole-matter/,"Axis Bank Will Give Compensation Of Rs 73.93 Lakh To The Victims, Know What Is The Whole Matter - एक्सिस बैंक देगा पीड़ितों को 73.93 लाख रुपये का मुआवजा, जानिए क्या है पूरा मामला",ACCEPTED,True,2024-01-23,DIRECTLY_RELEVANT,Matches pattern: axis\s+bank.*(?:fraud|cheque|compensation|consumer\s+forum|c
20240121080000-T1569,20240121080000,punjabkesari.in,https://www.punjabkesari.in/business/news/quarterly-results-of-companies-global-trend-will-decide-the-direction-1931405,"कंपनियों के तिमाही नतीजों, वैश्विक रुख से तय होगी शेयर बाजार की दिशा: विश्लेषक - quarterly results of companies global trend will decide the direction",REJECTED_ENTITY_MATCHER,False,,NOT_RELEVANT,No Axis Bank in headline — V2Org-only retrieval match
20240121081500-650,20240121081500,rediff.com,https://www.rediff.com/business/report/factors-that-will-guide-the-markets-this-week/20240121.htm,Factors that will guide the markets this week,REJECTED_ENTITY_MATCHER,False,,NOT_RELEVANT,No Axis Bank in headline — V2Org-only retrieval match
20240121081500-714,20240121081500,news18.com,https://www.news18.com/business/markets-to-be-guided-by-quarterly-earnings-global-trends-in-holiday-shortened-week-analysts-8748583.html,"Markets To Be Guided By Quarterly Earnings, Global Trends In Holiday-shortened Week: Analysts",REJECTED_ENTITY_MATCHER,False,,NOT_RELEVANT,No Axis Bank in headline — V2Org-only retrieval match
20240121100000-451,20240121100000,indiatimes.com,https://economictimes.indiatimes.com/markets/stocks/news/is-the-stock-market-open-for-regular-trading-on-monday/articleshow/107028353.cms,Is the stock market open for regular trading on Monday?,REJECTED_ENTITY_MATCHER,False,,NOT_RELEVANT,No Axis Bank in headline — V2Org-only retrieval match
20240121100000-552,20240121100000,indiatimes.com,https://economictimes.indiatimes.com/markets/stocks/news/medi-assist-healthcare-gmp-jumps-post-share-allotment-as-investors-await-listing/articleshow/107028086.cms,Medi Assist Healthcare GMP jumps post share allotment as investors await listing,REJECTED_ENTITY_MATCHER,False,,NOT_RELEVANT,No Axis Bank in headline — V2Org-only retrieval match
20240121110000-T1220,20240121110000,livehindustan.com,https://www.livehindustan.com/gadgets/story-flipkart-deal-offering-motorola-e32-and-e13-at-just-rupees-7499-9229997.html,"flipkart deal offering motorola e32 and e13 at just rupees 7499 - Tech news hindi - गजब ऑफर! मात्र 7499 रुपये में खरीदें Motorola के ये फोन, मिलेगा 50MP कैमरा, डिस्प्ले भी तगड़ा, गैजेट्स न्यूज",REJECTED_ENTITY_MATCHER,False,,NOT_RELEVANT,Unrelated topic — no Axis Bank material
20240121110000-648,20240121110000,businesstoday.in,https://www.businesstoday.in/markets/stocks/story/sensex-nifty-this-week-from-fo-monthly-expiry-to-q3-earnings-factors-that-may-drive-dalal-street-414314-2024-01-21,"Sensex, Nifty this week: From F&O monthly expiry to Q3 earnings, factors that may drive Dalal Street",REJECTED_ENTITY_MATCHER,False,,NOT_RELEVANT,No Axis Bank in headline — V2Org-only retrieval match
20240121124500-T2137,20240121124500,tarunmitra.in,https://www.tarunmitra.in/article/16549/in-gopalganj-motihari-and-bettiah-people-used-to-steal-money-by,गोपालगंज-मोतिहारी व बेतिया में लोगों का एटीएम बदलकर उड़ा लेता था पैसा,REJECTED_ENTITY_MATCHER,False,,NOT_RELEVANT,No Axis Bank in headline — V2Org-only retrieval match
20240121131500-366,20240121131500,moneycontrol.com,https://www.moneycontrol.com/news/business/banks/ayodhya-ram-mandir-consecration-will-banks-remain-closed-tomorrow-12097431.html,Ayodhya Ram Mandir consecration: Will banks remain closed tomorrow?,REJECTED_ENTITY_MATCHER,False,,NOT_RELEVANT,No Axis Bank in headline — V2Org-only retrieval match
20240121134500-T874,20240121134500,indiatimes.com,https://navbharattimes.indiatimes.com/business/share-market/share-news/quarterly-earnings-global-trends-to-guide-markets-in-holiday-shortened-week/articleshow/107029147.cms,"Share Market: राम नाम की धूम के बीच कैसा रहेगा बाजार का हाल, जानिए क्या कह रहे हैं एनालिस्ट्स",REJECTED_ENTITY_MATCHER,False,,NOT_RELEVANT,No Axis Bank in headline — V2Org-only retrieval match
20240121140000-332,20240121140000,livelaw.in,https://www.livelaw.in/top-stories/supreme-court-karvy-stock-broking-no-coercive-action-sebi-nsdl-nse-247285,"No Coercive Action Against SEBI, NSDL & NSE: Supreme Court Directs In Karvy Stock Broking Case",REJECTED_ENTITY_MATCHER,False,,NOT_RELEVANT,No Axis Bank in headline — V2Org-only retrieval match
20240121141500-470,20240121141500,theweek.in,https://www.theweek.in/news/biz-tech/2024/01/21/markets-to-be-guided-by-quarterly-earnings-global-trends-in-holiday-shortened-week.html,"Markets to be guided by quarterly earnings, global trends in holiday-shortened week",REJECTED_ENTITY_MATCHER,False,,NOT_RELEVANT,No Axis Bank in headline — V2Org-only retrieval match
20240121143000-523,20240121143000,india.com,https://zeenews.india.com/personal-finance/ayodhya-ram-mandir-inauguration-check-if-your-bank-is-open-on-january-22-2712221.html,Ayodhya Ram Mandir Inauguration: Check If Your Bank Is Open On January 22,REJECTED_ENTITY_MATCHER,False,,NOT_RELEVANT,No Axis Bank in headline — V2Org-only retrieval match
20240121160000-T345,20240121160000,sirajlive.com,https://www.sirajlive.com/ram-temple-dedication-holiday-declared-in-congress-ruled-himachal.html,രാമക്ഷേത്ര പ്രതിഷ്ഠ: കോണ്‍ഗ്രസ് ഭരിക്കുന്ന ഹിമാചലില്‍ അവധി പ്രഖ്യാപിച്ചു,REJECTED_ENTITY_MATCHER,False,,NOT_RELEVANT,No Axis Bank in headline — V2Org-only retrieval match
20240121194500-672,20240121194500,indiatimes.com,https://economictimes.indiatimes.com/industry/banking/finance/banking/printing-ink-co-hubergroup-in-talks-for-1500-cr-loan/articleshow/107035122.cms,"Printing Ink Co Hubergroup in talks for ₹1,500-cr Loan",REJECTED_ENTITY_MATCHER,False,,NOT_RELEVANT,No Axis Bank in headline — V2Org-only retrieval match
20240122010000-146,20240122010000,indiatimes.com,https://economictimes.indiatimes.com/tech/startups/with-irdai-opening-doors-insurtech-firms-look-to-transform-into-general-insurers/articleshow/107034258.cms,"insurtech startups general insurance: With Irdai opening doors, insurtech firms look to transform into general insurers",REJECTED_ENTITY_MATCHER,False,,NOT_RELEVANT,No Axis Bank in headline — V2Org-only retrieval match
20240122024500-T376,20240122024500,indiatimes.com,https://navbharattimes.indiatimes.com/business/share-market/share-news/is-the-stock-market-open-for-regular-trading-on-monday/articleshow/107030038.cms,Share Market Update: क्या राम मंदिर की प्राण प्रतिष्ठा पर खुला है शेयर बाजार? जानिए पूरी डिटेल,REJECTED_ENTITY_MATCHER,False,,NOT_RELEVANT,Generic market roundup/index update
20240122024500-889,20240122024500,livemint.com,https://www.livemint.com/news/india/bank-holiday-today-banks-in-these-states-are-only-half-day-open-some-shut-ram-mandir-pran-pratishtha-ayodhya-full-list-11705884437718.html,"Bank holiday today: Banks in these states are only half-day open, some shut amid Ram Mandir 'Pran Pratishtha' in Ayodhya",REJECTED_ENTITY_MATCHER,False,,NOT_RELEVANT,No Axis Bank in headline — V2Org-only retrieval match
20240122030000-749,20240122030000,freepressjournal.in,https://www.freepressjournal.in/mumbai/mumbai-former-student-dupes-teacher-of-6320-lakh-in-bogus-investment-scam,Mumbai: Former Student Dupes Teacher Of ₹63.20 Lakh In Bogus Investment Scam,REJECTED_ENTITY_MATCHER,False,,NOT_RELEVANT,No Axis Bank in headline — V2Org-only retrieval match
20240122041500-529,20240122041500,trak.in,https://trak.in/stories/unprecedented-reliance-axis-bank-hdfc-bank-stock-market-closed-for-ram-mandir-pran-pratishtha-ceremony-january-22-2024/,"Unprecedented! Reliance, Axis Bank, HDFC Bank, Stock Market Closed For Ram Mandir Pran Pratishtha Ceremony (January 22, 2024) - Trak.in",ACCEPTED,True,2024-01-23,DIRECTLY_RELEVANT,Matches pattern: axis\s+bank.*(?:share(?:s)?|stock|target\s+price|buy|sell|ho
20240122041500-619,20240122041500,greekherald.com,https://www.greekherald.com/news/274097572/stock-market-tumbles-sensex-drops-900-points-nifty-sinks-243-points-amid-overall-weakness-in-key-sectors,"Stock market tumbles: Sensex drops 900 points, nifty sinks 243 points amid overall weakness in key sectors",REJECTED_ENTITY_MATCHER,False,,NOT_RELEVANT,No Axis Bank in headline — V2Org-only retrieval match
20240122041500-710,20240122041500,indiatimes.com,https://economictimes.indiatimes.com/markets/commodities/news/gold-steadies-ahead-of-key-u-s-data/articleshow/107039890.cms,Gold steadies ahead of key U.S. data,REJECTED_ENTITY_MATCHER,False,,NOT_RELEVANT,No Axis Bank in headline — V2Org-only retrieval match
20240122043000-T1241,20240122043000,indiatimes.com,https://navbharattimes.indiatimes.com/business/business-news/ram-mandir-is-opening-today-stock-market-and-banks-lic-office-also-closed/articleshow/107040179.cms,"Stock Market: आज है राम मंदिर में प्राण प्रतिष्ठा, शेयर बाजार और बैंक और बीमा कंपनियों के ब्रांच खुलेंगे?",REJECTED_ENTITY_MATCHER,False,,NOT_RELEVANT,No Axis Bank in headline — V2Org-only retrieval match
20240122050000-835,20240122050000,hindustantimes.com,https://www.hindustantimes.com/business/ayodhya-ram-mandir-consecration-nse-bse-stock-markets-sbi-hdfc-banks-holiday-101705888390897.html,"Ram Mandir ceremony: Are stock markets, banks open today? Check what's closed",REJECTED_ENTITY_MATCHER,False,,NOT_RELEVANT,No Axis Bank in headline — V2Org-only retrieval match
20240122050000-79,20240122050000,businessinsider.com,https://markets.businessinsider.com/news/stocks/sensex-nifty-seen-slightly-lower-with-earnings-in-focus-1032981797,"Sensex, Nifty Seen Slightly Lower With Earnings In Focus",REJECTED_ENTITY_MATCHER,False,,NOT_RELEVANT,No Axis Bank in headline — V2Org-only retrieval match
20240122060000-388,20240122060000,ndtv.com,https://www.ndtv.com/india-news/ram-mandir-inauguration-will-stock-markets-and-banks-be-open-today-4908565,"Ram Temple Inauguration: Are Stock Markets, Banks Open? Check Details",REJECTED_ENTITY_MATCHER,False,,NOT_RELEVANT,No Axis Bank in headline — V2Org-only retrieval match
20240122061500-575,20240122061500,rttnews.com,https://www.rttnews.com/3417956/sensex-nifty-seen-slightly-lower-with-earnings-in-focus.aspx,"Sensex, Nifty Seen Slightly Lower With Earnings In Focus",REJECTED_ENTITY_MATCHER,False,,NOT_RELEVANT,No Axis Bank in headline — V2Org-only retrieval match
20240122063000-419,20240122063000,hindustantimes.com,https://www.hindustantimes.com/business/ram-mandir-pran-prathista-are-banks-open-in-your-city-today-101705898252727.html,Are banks open in your city on Ram Mandir 'pran prathistha' day?,REJECTED_ENTITY_MATCHER,False,,NOT_RELEVANT,No Axis Bank in headline — V2Org-only retrieval match
20240122064500-680,20240122064500,rttnews.com,https://www.rttnews.com/story.aspx?Id=3417956,"Sensex, Nifty Seen Slightly Lower With Earnings In Focus",REJECTED_ENTITY_MATCHER,False,,NOT_RELEVANT,No Axis Bank in headline — V2Org-only retrieval match
20240122070000-787,20240122070000,news18.com,https://www.news18.com/business/bank-holiday-today-22-january-ram-mandir-pran-pratishtha-ayodhya-8749360.html,Bank Holiday Today: Check Where Banks Are Closed & Half-day Open For Ram Mandir 'Pran Pratishtha',REJECTED_ENTITY_MATCHER,False,,NOT_RELEVANT,No Axis Bank in headline — V2Org-only retrieval match
20240122070000-134,20240122070000,moneycontrol.com,https://www.moneycontrol.com/news/business/earnings/axis-bank-q3-net-interest-income-may-grow-near-10-margin-contraction-to-limit-net-profit-12100111.html,"Axis Bank Q3 net interest income may grow near 10%, margin contraction to limit net profit",ACCEPTED,True,2024-01-23,DIRECTLY_RELEVANT,Matches pattern: axis\s+bank\s+q[0-9]
20240122073000-183,20240122073000,businessinsider.in,https://www.businessinsider.in/stock-market/markets/news/markets-to-be-guided-by-quarterly-earnings-global-trends-in-holiday-shortened-week-analysts/articleshow/107042744.cms,"Markets to be guided by quarterly earnings, global trends in holiday-shortened week: Analysts",REJECTED_ENTITY_MATCHER,False,,NOT_RELEVANT,No Axis Bank in headline — V2Org-only retrieval match
20240122091500-1017,20240122091500,indiatimes.com,https://timesofindia.indiatimes.com/business/india-business/ram-mandir-pran-pratishtha-bank-holiday-for-ram-mandir-inauguration/articleshow/107049607.cms,Ram Mandir Pran Pratishtha: Bank Holiday for Ram Mandir Inauguration | India Business News,REJECTED_ENTITY_MATCHER,False,,NOT_RELEVANT,No Axis Bank in headline — V2Org-only retrieval match
20240122093000-T1720,20240122093000,moneycontrol.com,https://hindi.moneycontrol.com/news/your-money/ram-mandir-inauguration-bank-holidays-today-bank-will-close-in-these-states-check-list-before-going-branch-hdfc-sbi-1731551.html,"Ram Mandir Bank Holidays: आज इन सभी राज्यों में बंद रहेंगे बैंक, चेक करें सभी स्टेट्स की लिस्ट, तभी जाएं ब्रांच",REJECTED_ENTITY_MATCHER,False,,NOT_RELEVANT,No Axis Bank in headline — V2Org-only retrieval match
20240122093000-T1680,20240122093000,indiatimes.com,https://navbharattimes.indiatimes.com/tech/gadgets-news/samsung-grand-republic-day-sale-buy-tv-mobile-on-57-percent-discount/articleshow/107046325.cms,"Samsung Grand Republic Day Sale: सबसे सस्ते में खरीदें सैमसंग टीवी, मोबाइल, मिल रही 57% की भारी छूट",REJECTED_ENTITY_MATCHER,False,,NOT_RELEVANT,Unrelated topic — no Axis Bank material
20240122110000-783,20240122110000,barandbench.com,https://www.barandbench.com/law-firms/dealstreet/jsa-khaitan-co-act-on-axis-bank-non-convertible-debenture-investment-in-cesc,"JSA, Khaitan & Co act on Axis Bank non-convertible debenture investment in CESC",ACCEPTED,True,2024-01-23,DIRECTLY_RELEVANT,Matches pattern: axis\s+bank.*(?:loan|lend|borrow|ncd|debenture)
20240122174500-2013,20240122174500,moneycontrol.com,https://www.moneycontrol.com/news/business/markets/trade-setup-for-tuesday-15-things-to-know-before-opening-bell-15-12104481.html,Trade setup for Tuesday: 15 things to know before opening bell,REJECTED_ENTITY_MATCHER,False,,NOT_RELEVANT,No Axis Bank in headline — V2Org-only retrieval match
20240122194500-2075,20240122194500,livemint.com,https://www.livemint.com/money/are-ultra-premium-credit-cards-worth-their-hefty-annual-fees-11705940833292.html,Are ultra premium credit cards worth their hefty annual fees?,REJECTED_ENTITY_MATCHER,False,,NOT_RELEVANT,No Axis Bank in headline — V2Org-only retrieval match
20240123011500-T1250,20240123011500,indiatimes.com,https://navbharattimes.indiatimes.com/business/share-market/share-news/share-market-prediction-for-23th-january-2024-watch-cipla-and-jindal-stainless/articleshow/107059506.cms,"आज सिप्ला, कोलगेट पामोलिव और जिंदल स्टेनलेस कर सकते हैं निवेशकों का मंगल, क्यों आएगी तेजी!",REJECTED_ENTITY_MATCHER,False,,NOT_RELEVANT,No Axis Bank in headline — V2Org-only retrieval match
20240123014500-528,20240123014500,indiatimes.com,https://economictimes.indiatimes.com/markets/stocks/news/stocks-in-news-zee-cipla-axis-bank-indigo-kotak-bank-icici-bank-persistent-systems/articleshow/107060402.cms,"Stocks in news: ZEE, Cipla, Axis Bank, IndiGo, Kotak Bank, ICICI Bank, Persistent Systems",ACCEPTED,True,2024-01-23,NOT_RELEVANT,Axis Bank incidentally mentioned in peer bank list
20240123020000-780,20240123020000,livemint.com,https://www.livemint.com/market/stock-market-news/stock-market-today-rbl-bank-iex-irctc-8-others-placed-under-f-o-ban-list-11705943072493.html,"Stock market today: RBL Bank, IEX, IRCTC, 8 others placed under F&O ban list",REJECTED_ENTITY_MATCHER,False,,NOT_RELEVANT,Generic market roundup/index update
20240123021500-49,20240123021500,indiankanoon.org,https://indiankanoon.org/doc/98347130/,"Patel Malpeshkumar Kantilal vs State Of Gujarat on 22 January, 2024",REJECTED_ENTITY_MATCHER,False,,NOT_RELEVANT,No Axis Bank in headline — V2Org-only retrieval match
20240123031500-148,20240123031500,indiatimes.com,https://economictimes.indiatimes.com/markets/commodities/news/gold-holds-steady-as-cenbanks-policy-verdicts-loom/articleshow/107065215.cms,Gold holds steady as cenbanks' policy verdicts loom,REJECTED_ENTITY_MATCHER,False,,NOT_RELEVANT,No Axis Bank in headline — V2Org-only retrieval match
20240123031500-T1635,20240123031500,livehindustan.com,https://www.livehindustan.com/gadgets/story-flipkart-freedom-deals-offering-best-offer-on-motorola-and-vivo-mid-range-5g-phone-9237206.html,"flipkart freedom deals offering best offer on motorola and vivo mid range 5g phone - Tech news hindi - Motorola के 50MP कैमरे वाले फोन पर तगड़ा ऑफर, वीवो भी हुआ सस्ता, तुरंत करेगा खरीदने का मन, गैजेट्स न्यूज",REJECTED_ENTITY_MATCHER,False,,NOT_RELEVANT,Unrelated topic — no Axis Bank material
20240123033000-T1065,20240123033000,prabhatkhabar.com,https://www.prabhatkhabar.com/business/stocks-to-watch-today-zee-cipla-mrpl-axis-bank-jsw-group-share-market-sensex-nifty-update-mdn,"stocks to watch today zee cipla mrpl axis bank jsw group share market sensex nifty update mdn | Stocks to Watch: Zee, Cipla, MRPL, Axis Bank, JSW Group समेत ये शेयर बाजार में भरेंगे दम, तैयार कर लें लिस्ट",ACCEPTED,True,2024-01-23,NOT_RELEVANT,Generic market roundup/index update
20240123040000-457,20240123040000,marketscreener.com,https://www.marketscreener.com/quote/index/NIFTY-50-9743680/news/India-s-Nifty-50-set-to-open-higher-tracking-Wall-Street-Zee-in-focus-45788701/,India's Nifty 50 set to open higher tracking Wall Street; Zee in focus,REJECTED_ENTITY_MATCHER,False,,NOT_RELEVANT,No Axis Bank in headline — V2Org-only retrieval match
20240123043000-949,20240123043000,rttnews.com,https://www.rttnews.com/3418193/sensex-nifty-seen-opening-up-on-firm-global-cues.aspx,"Sensex, Nifty Seen Opening Up On Firm Global Cues",REJECTED_ENTITY_MATCHER,False,,NOT_RELEVANT,No Axis Bank in headline — V2Org-only retrieval match
20240123044500-627,20240123044500,indiatimes.com,https://economictimes.indiatimes.com/markets/stocks/earnings/axis-bank-q3-results-today-what-to-expect-5-things-to-watch-out-for/articleshow/107066375.cms,"Axis Bank Q3 results today: What to expect, 5 things to watch out for",ACCEPTED,True,2024-01-23,DIRECTLY_RELEVANT,Matches pattern: axis\s+bank\s+q[0-9]
20240123044500-649,20240123044500,indiatimes.com,https://economictimes.indiatimes.com/markets/stocks/live-blog/bse-sensex-today-live-nifty-stock-market-updates-23-january-2024/liveblog/107064778.cms,"Sensex Today | Stock Market LIVE Updates: Sensex surges nearly 600 points, Nifty above 21,700; Zee cracks 10%, Cipla rallies 5%",REJECTED_ENTITY_MATCHER,False,,NOT_RELEVANT,Generic market roundup/index update
20240123044500-696,20240123044500,indiatimes.com,https://economictimes.indiatimes.com/markets/stocks/earnings/q3-results-today-axis-bank-rec-among-70-companies-to-announce-earnings/articleshow/107066756.cms,"Q3 results today: Axis Bank, REC among 70 companies to announce earnings",ACCEPTED,True,2024-01-23,DIRECTLY_RELEVANT,Axis Bank Q3 results announcement day — primary subject named
20240123050000-229,20240123050000,businesstoday.in,https://www.businesstoday.in/markets/market-commentary/story/sensex-nifty-jump-in-opening-trade-borosil-renewables-irfc-rvnl-jump-up-to-18-414485-2024-01-23,"Sensex, Nifty jump in opening trade; Borosil Renewables jump 18%; Zee tanks 10%",REJECTED_ENTITY_MATCHER,False,,NOT_RELEVANT,Generic market roundup/index update
20240123050000-393,20240123050000,business-standard.com,https://www.business-standard.com/finance/personal-finance/didn-t-buy-travel-insurance-some-premium-cards-cover-overseas-medical-emergencies-124012300134_1.html,Didn't buy travel insurance? Some premium cards cover overseas medical emergencies,REJECTED_ENTITY_MATCHER,False,,NOT_RELEVANT,No Axis Bank in headline — V2Org-only retrieval match
20240123050000-723,20240123050000,moneycontrol.com,https://www.moneycontrol.com/news/business/ipo/medi-assist-healthcare-stock-lists-at-11-premium-to-ipo-price-12106361.html,Medi Assist Healthcare stock lists at 11% premium to IPO price,REJECTED_ENTITY_MATCHER,False,,NOT_RELEVANT,No Axis Bank in headline — V2Org-only retrieval match
20240123051500-183,20240123051500,freepressjournal.in,https://www.freepressjournal.in/business/stock-market-opening-january-23-indices-open-in-green-sensex-at-7186820-nifty-above-21700,"Stock Market Opening January 23: Indices Open in Green; Sensex At 71,868.20 & Nifty Above 21,700",REJECTED_ENTITY_MATCHER,False,,NOT_RELEVANT,No Axis Bank in headline — V2Org-only retrieval match
20240123053000-1063,20240123053000,livemint.com,https://www.livemint.com/news/india/bank-holidays-this-week-banks-to-remain-closed-for-three-days-in-a-row-know-details-here-11705974033481.html,Bank holidays this week: Banks to remain closed for three days in a row. Know details here,REJECTED_ENTITY_MATCHER,False,,NOT_RELEVANT,No Axis Bank in headline — V2Org-only retrieval match
20240123054500-190,20240123054500,brecorder.com,https://www.brecorder.com/news/40285217/indias-nifty-50-set-to-open-higher-tracking-wall-street-zee-in-focus,India's Nifty 50 set to open higher tracking Wall Street; Zee in focus - Markets,REJECTED_ENTITY_MATCHER,False,,NOT_RELEVANT,No Axis Bank in headline — V2Org-only retrieval match
20240123061500-736,20240123061500,indiatimes.com,https://economictimes.indiatimes.com/markets/stocks/stock-watch/stock-market-update-fertilisers-stocks-down-as-market-falls/articleshow/107071641.cms,Stock Market Sectors: Stock market update: Fertilisers stocks down as market falls,REJECTED_ENTITY_MATCHER,False,,NOT_RELEVANT,Generic market roundup/index update
20240123063000-396,20240123063000,thehindubusinessline.com,https://www.thehindubusinessline.com/markets/ipo-screener-media-assit-healthcare-listing-today/article67767754.ece,IPO screener: Media Assit Healthcare listing today - The Hindu BusinessLine,REJECTED_ENTITY_MATCHER,False,,NOT_RELEVANT,No Axis Bank in headline — V2Org-only retrieval match
20240123063000-123,20240123063000,rttnews.com,https://www.rttnews.com/story.aspx?Id=3418193,"Sensex, Nifty Seen Opening Up On Firm Global Cues",REJECTED_ENTITY_MATCHER,False,,NOT_RELEVANT,No Axis Bank in headline — V2Org-only retrieval match
20240123070000-985,20240123070000,thehindubusinessline.com,https://www.thehindubusinessline.com/markets/share-market-nifty-sensex-live-updates-23-january-2024/article67762366.ece,Stock Market Live Updates: Sensex and Nifty turn volatile despite positive start; analysts warn of increased selling,REJECTED_ENTITY_MATCHER,False,,NOT_RELEVANT,Generic market roundup/index update
20240123070000-602,20240123070000,moneycontrol.com,https://www.moneycontrol.com/news/business/markets/sc-rules-out-coercive-action-against-sebi-nsdl-nse-in-karvy-stock-broking-case-12107171.html,"SC rules out coercive action against Sebi, NSDL, NSE in Karvy Stock Broking case",REJECTED_ENTITY_MATCHER,False,,NOT_RELEVANT,No Axis Bank in headline — V2Org-only retrieval match
20240123073000-932,20240123073000,financialexpress.com,https://www.financialexpress.com/jobs-career/education-atypical-advantage-achieves-100-summer-placement-for-students-with-disabilities-at-iim-bangalore-and-iim-trichy-3372496/,Atypical Advantage achieves 100% summer placement for students with disabilities at IIM Bangalore and IIM Trichy,REJECTED_ENTITY_MATCHER,False,,NOT_RELEVANT,No Axis Bank in headline — V2Org-only retrieval match
20240123081500-191,20240123081500,freepressjournal.in,https://www.freepressjournal.in/business/earnings-q3-2024-live-granules-india-net-profit-rises-to-1256-cr-indoco-remedies-net-profit-falls-to-1556-cr,Earnings Q3 2024 LIVE: lnfibeam Avenues Profit After Tax Rises To ₹40.8 Cr; Indoco Remedies Net Profit Falls To ₹15.56 Cr,REJECTED_ENTITY_MATCHER,False,,NOT_RELEVANT,No Axis Bank in headline — V2Org-only retrieval match
20240123083000-411,20240123083000,siliconindia.com,https://www.siliconindia.com/news/general/todays-watchlist-zee-cipla-mrpl-axis-bank-media-assist-and-jsw-group-stocks-nid-227529-cid-1.html,"Today's watchlist: Zee, Cipla, MRPL, Axis Bank, Media Assist, and JSW Group stocks",ACCEPTED,True,2024-01-23,DIRECTLY_RELEVANT,Matches pattern: axis\s+bank.*(?:share(?:s)?|stock|target\s+price|buy|sell|ho
20240123084500-T810,20240123084500,news18.com,https://hindi.news18.com/states/news/bihar/araria-goons-looted-branch-of-axis-bank-in-day-light-at-araria-bihar-8010388.html,"बिहार में बैंक लूट की बड़ी घटना, Axis Bank से दिनदहाड़े ले गए 90 लाख रुपए, गोलियां भी चलाई",ACCEPTED,True,2024-01-23,DIRECTLY_RELEVANT,Axis Bank appears in headline with specific context
20240123084500-T820,20240123084500,punjabkesari.in,https://www.punjabkesari.in/business/news/complete-important-work-soon-banks-will-remain-closed-for-so-1932304,"Bank Holidays: जल्द निपटा लें जरूरी काम, इतने दिन बंद रहेंगे बैंक, देखें लिस्ट - complete important work soon banks will remain closed for so",REJECTED_ENTITY_MATCHER,False,,NOT_RELEVANT,No Axis Bank in headline — V2Org-only retrieval match
20240123091500-684,20240123091500,indiatimes.com,https://economictimes.indiatimes.com/markets/ipos/fpos/euphoria-infotech-india-poi-subscribed-103-58-times-so-far-on-day-2-check-gmp-issue-timeline-other-details/articleshow/107077908.cms,"Euphoria Infotech India POI subscribed 103.58 times so far on Day 2. Check GMP, issue timeline, other details",REJECTED_ENTITY_MATCHER,False,,NOT_RELEVANT,No Axis Bank in headline — V2Org-only retrieval match
20240123093000-1087,20240123093000,prokerala.com,https://www.prokerala.com/news/articles/a1499493.html,"Real estate, PSU stocks lead slump in broader markets",REJECTED_ENTITY_MATCHER,False,,NOT_RELEVANT,No Axis Bank in headline — V2Org-only retrieval match
20240123094500-T1247,20240123094500,khaskhabar.com,https://www.khaskhabar.com/local/bihar/araria-news/crime-news-robbers-looted-around-rs-90-lakh-from-bank-at-gunpoint-in-bihar-news-hindi-1-614292-KKN.html,"Robbers looted around Rs 90 lakh from bank at gunpoint in Bihar, Araria News in Hindi",REJECTED_ENTITY_MATCHER,False,,NOT_RELEVANT,No Axis Bank in headline — V2Org-only retrieval match
20240123100000-1121,20240123100000,businesstoday.in,https://www.businesstoday.in/latest/corporate/story/delta-corp-hopes-to-return-to-its-original-revenue-and-profitability-by-q3fy25-cfo-414547-2024-01-23,Delta Corp hopes to return to its original revenue and profitability by Q3FY25: CFO,REJECTED_ENTITY_MATCHER,False,,NOT_RELEVANT,No Axis Bank in headline — V2Org-only retrieval match
20240123100000-533,20240123100000,businesstoday.in,https://www.businesstoday.in/markets/company-stock/story/axis-bank-q3-preview-muted-profit-single-digit-growth-in-nii-likely-nim-may-fall-414514-2024-01-23,"Axis Bank Q3 preview: Muted profit, single-digit growth in NII likely; NIM may fall",ACCEPTED,True,2024-01-24,DIRECTLY_RELEVANT,Matches pattern: axis\s+bank\s+q[0-9]
20240123101500-T2392,20240123101500,prabhatkhabar.com,https://www.prabhatkhabar.com/state/bihar/patna/bihar-crime-news-90-lakh-rupees-looted-from-axix-bank-in-araria-rjs,"bihar crime news 90 lakh rupees looted from axix bank in araria rjs | Bihar Crime: अररिया में एक्सिस बैंक से 90 लाख की लूट, 6 अपराधियों ने दिया घटना को अंजाम",REJECTED_ENTITY_MATCHER,False,,NOT_RELEVANT,Unrelated topic — no Axis Bank material
20240123103000-406,20240123103000,businesstoday.in,https://www.businesstoday.in/markets/market-commentary/story/sensex-slumps-over-1300-points-from-days-high-rs-59l-cr-investor-wealth-lost-414532-2024-01-23,"Sensex slumps over 1,650 points from day's high: Rs 8L cr investor wealth lost; Zee crashes 32%",REJECTED_ENTITY_MATCHER,False,,NOT_RELEVANT,No Axis Bank in headline — V2Org-only retrieval match
20240123110000-T1179,20240123110000,digit.in,https://www.digit.in/ml/news/mobile-phones/50-mp-camera-6000-mah-battery-moto-g54-5g-price-cut-in-india.html,"Moto G54 5G Price Cut: 50MP ക്യാമറ, 6,000mAh ബാറ്ററിയുള്ള 5G ഫോണിന് ഇതാ സ്പെഷ്യൽ ഓഫർ!",REJECTED_ENTITY_MATCHER,False,,NOT_RELEVANT,No Axis Bank in headline — V2Org-only retrieval match
20240123110000-930,20240123110000,indiatimes.com,https://economictimes.indiatimes.com/markets/stocks/live-blog/axis-bank-q3-results-live-updates-axis-bank-q3-earnings-revenue-pat-profit-loss-fy24-latest-news-23-jan-2024/liveblog/107072050.cms,"Axis Bank Q3 Results Live Updates: Axis Bank PAT, NII beat ET NOW poll estimates",ACCEPTED,True,2024-01-24,DIRECTLY_RELEVANT,Matches pattern: axis\s+bank\s+q[0-9]
20240123110000-268,20240123110000,qnewshub.com,https://qnewshub.com/business/sensex-rallies-over-500-points-in-early-trade-ril-jumps-over-2-times-of-india/,Sensex Rallies Over 500 Points In Early Trade; RIL Jumps Over 2% - Times Of India,REJECTED_ENTITY_MATCHER,False,,NOT_RELEVANT,No Axis Bank in headline — V2Org-only retrieval match
20240123110000-821,20240123110000,marketscreener.com,https://www.marketscreener.com/quote/stock/AXIS-BANK-LIMITED-46730206/news/India-s-Axis-Bank-reports-3-7-rise-in-Q3-profit-45791535/,India's Axis Bank reports 3.7% rise in Q3 profit,ACCEPTED,True,2024-01-24,DIRECTLY_RELEVANT,Matches pattern: axis\s+bank.*(?:profit|pat|nii|nim|npa|net\s+profit|net\s+in
20240123111500-1244,20240123111500,indiatimes.com,https://economictimes.indiatimes.com/markets/stocks/earnings/axis-bank-q3-results-net-profit-rises-4-yoy-to-rs-6071-crore-beats-estimate/articleshow/107082775.cms,"axis bank q3fy24 earnings: Axis Bank Q3 Results: Net profit rises 4% YoY to Rs 6,071 crore, beats estimate",ACCEPTED,True,2024-01-24,DIRECTLY_RELEVANT,Matches pattern: axis\s+bank\s+q[0-9]
20240123113000-922,20240123113000,orissapost.com,https://www.orissapost.com/sensex-slumps-over-1000-pts-to-slip-below-71k-hdfc-bank-ril-weigh/,"Sensex slumps over 1,000 pts to slip below 71k; HDFC Bank, RIL weigh",REJECTED_ENTITY_MATCHER,False,,NOT_RELEVANT,No Axis Bank in headline — V2Org-only retrieval match
20240123114500-604,20240123114500,moneycontrol.com,https://www.moneycontrol.com/news/business/earnings/axis-bank-q3-results-net-profit-jumps-4-asset-quality-stays-healthy-12106551.html,"Axis Bank Q3 Results: Net profit rises 4%, asset quality stays healthy",ACCEPTED,True,2024-01-24,DIRECTLY_RELEVANT,Matches pattern: axis\s+bank\s+q[0-9]
20240123120000-1181,20240123120000,financialexpress.com,https://www.financialexpress.com/business/industry-axis-bank-q3-results-profit-up-4-6-at-rs-649336-crore-nii-at-rs-12532-crore-3372929/,"Axis Bank Q3 Results: Profit up 4.6% at Rs 6493.36 crore, NII at Rs 12,532 crore",ACCEPTED,True,2024-01-24,DIRECTLY_RELEVANT,Matches pattern: axis\s+bank\s+q[0-9]
20240123120000-388,20240123120000,financialexpress.com,https://www.financialexpress.com/market/cafeinvest-markets-navigate-volatility-amid-global-cues-aarti-industries-and-apollo-hospitals-remains-the-top-picks-for-the-week-3372946/,Markets navigate volatility amid global cues: Aarti Indutries and Apollo Hospitals remains the top picks for the week - CaFE Invest News,REJECTED_ENTITY_MATCHER,False,,NOT_RELEVANT,No Axis Bank in headline — V2Org-only retrieval match
20240123120000-T1158,20240123120000,punjabkesari.com,https://www.punjabkesari.com/bihar-news/bihar-loot-of-more-than-rs-90-lakh-in-axis-bank-of-araria-carried-out-by-6-miscreants/,"Bihar: अररिया के AXIS बैंक में 90 लाख से ज्यादा की लूट, 6 बदमाशों ने दिया अंजाम",REJECTED_ENTITY_MATCHER,False,,NOT_RELEVANT,No Axis Bank in headline — V2Org-only retrieval match
20240123121500-206,20240123121500,news18.com,https://www.news18.com/business/axis-bank-q3-results-net-profit-jumps-4-tad-above-estimates-margins-shrink-8751682.html,"Axis Bank Q3 Net Profit Rises To Rs 6,071 Crore",ACCEPTED,True,2024-01-24,DIRECTLY_RELEVANT,Matches pattern: axis\s+bank\s+q[0-9]
20240123123000-1263,20240123123000,indiatimes.com,https://economictimes.indiatimes.com/markets/stocks/stock-watch/share-market-update-most-active-stocks-of-the-day-in-terms-of-traded-value/articleshow/107085270.cms,active stocks: Share market update: Most active stocks of the day in terms of traded value,REJECTED_ENTITY_MATCHER,False,,NOT_RELEVANT,Generic market roundup/index update
20240123123000-244,20240123123000,india.com,https://zeenews.india.com/markets/sensex-slumps-over-1000-points-to-slip-below-71000-hdfc-bank-ril-weigh-2713064.html,"Sensex Slumps Over 1,000 Points To Slip Below 71,000; HDFC Bank, RIL Weigh",REJECTED_ENTITY_MATCHER,False,,NOT_RELEVANT,No Axis Bank in headline — V2Org-only retrieval match
20240123123000-1083,20240123123000,indiatimes.com,https://economictimes.indiatimes.com/markets/stocks/news/zee-ircon-rites-shares-top-losers-in-todays-crash-tank-up-to-33/articleshow/107085461.cms,"Zee, Ircon, RITES shares top losers in today's crash, tank up to 33%",REJECTED_ENTITY_MATCHER,False,,NOT_RELEVANT,No Axis Bank in headline — V2Org-only retrieval match
20240123123000-336,20240123123000,prokerala.com,https://www.prokerala.com/news/articles/a1499581.html,"Axis Bank registers 3.7% rise in Q3 net profit at Rs 6,071 crore",ACCEPTED,True,2024-01-24,DIRECTLY_RELEVANT,Matches pattern: axis\s+bank.*(?:profit|pat|nii|nim|npa|net\s+profit|net\s+in
20240123123000-1469,20240123123000,zawya.com,https://www.zawya.com/en/world/indian-sub-continent/indias-axis-bank-reports-q3-profit-tad-above-estimates-margins-shrink-etf7hvc1,India's Axis Bank reports Q3 profit tad above estimates; margins shrink,ACCEPTED,True,2024-01-24,DIRECTLY_RELEVANT,Matches pattern: axis\s+bank.*(?:profit|pat|nii|nim|npa|net\s+profit|net\s+in
20240123124500-789,20240123124500,rediff.com,https://www.rediff.com/business/report/how-the-markets-fared-on-january23/20240123.htm,"Sensex sinks 1,053 pts to slip below 71k; HDFC Bank, RIL weigh",REJECTED_ENTITY_MATCHER,False,,NOT_RELEVANT,No Axis Bank in headline — V2Org-only retrieval match
20240123124500-1191,20240123124500,theweek.in,https://www.theweek.in/news/biz-tech/2024/01/23/sensex-slumps-over-1000-points-to-slip-below-71000-hdfc-bank-reliance-weigh.html,"Sensex slumps over 1,000 points to slip below 71,000; HDFC Bank, Reliance weigh",REJECTED_ENTITY_MATCHER,False,,NOT_RELEVANT,No Axis Bank in headline — V2Org-only retrieval match
20240123124500-1122,20240123124500,theweek.in,https://www.theweek.in/wire-updates/business/2024/01/23/del55-biz-stocks-wealth.html,Investors' wealth erodes by Rs 8.50 lakh cr as markets tumble,REJECTED_ENTITY_MATCHER,False,,NOT_RELEVANT,No Axis Bank in headline — V2Org-only retrieval match
20240123130000-T856,20240123130000,livehindustan.com,https://www.livehindustan.com/business/story-axis-bank-q3-result-profit-surges-4-percent-on-6071-crore-rupees-share-down-3-pc-today-9238236.html,"Axis Bank Q3 Result profit surges 4 percent on 6071 crore rupees share down 3 pc today - Business News India - ₹6071 करोड़ हुआ एक्सिस बैंक का प्रॉफिट, शेयरों को बेचने की लगी होड़, ₹1082 पर आया भाव, Business News",ACCEPTED,True,2024-01-24,DIRECTLY_RELEVANT,Matches pattern: axis\s+bank\s+q[0-9]
20240123130000-T860,20240123130000,moneycontrol.com,https://hindi.moneycontrol.com/news/company/company-results/axis-bank-q3-results-net-profit-jumps-4-percent-asset-quality-stays-healthy-share-price-down-1736981.html,"Axis Bank Q3 Results: मुनाफे में 4% का उछाल, NPA की ऐसी है हालत",ACCEPTED,True,2024-01-24,DIRECTLY_RELEVANT,Matches pattern: axis\s+bank\s+q[0-9]
20240123130000-1677,20240123130000,livemint.com,https://www.livemint.com/news/india/kheda-flogging-incident-sc-pulls-up-gujarat-police-for-publicly-beating-5-men-in-2022-extends-stay-on-contempt-order-11706012240834.html,"Kheda flogging incident: SC pulls up Gujarat police for publicly beating 5 men in 2022, extends stay on contempt order",REJECTED_ENTITY_MATCHER,False,,NOT_RELEVANT,No Axis Bank in headline — V2Org-only retrieval match
20240123130000-1068,20240123130000,livemint.com,https://www.livemint.com/economy/indian-economy-set-to-hit-5-trillion-by-2024-25-double-to-10-trillion-by-2030-says-hardeep-puri-11706007765224.html,"Indian economy set to hit $5 trillion by 2024-25; $10 trillion by 2030, says Hardeep Puri",REJECTED_ENTITY_MATCHER,False,,NOT_RELEVANT,No Axis Bank in headline — V2Org-only retrieval match
20240123130000-164,20240123130000,morungexpress.com,https://morungexpress.com/real-estate-psu-stocks-lead-slump-in-broader-markets,"Real estate, PSU stocks lead slump in broader markets",REJECTED_ENTITY_MATCHER,False,,NOT_RELEVANT,No Axis Bank in headline — V2Org-only retrieval match
20240123131500-1076,20240123131500,investegate.co.uk,https://www.investegate.co.uk:443/announcement/rns/axis-bank-limited--axb/outcome-of-board-meeting/8002491,Investegate | Company Announcement,REJECTED_ENTITY_MATCHER,False,,NOT_RELEVANT,Unrelated topic — no Axis Bank material
20240123131500-1396,20240123131500,moneycontrol.com,https://www.moneycontrol.com/news/business/axis-bank-q3-results-top-four-highlights-from-the-earnings-report-12110441.html,Axis Bank Q3 results: Top four highlights from the earnings report,ACCEPTED,True,2024-01-24,DIRECTLY_RELEVANT,Matches pattern: axis\s+bank\s+q[0-9]
20240123133000-1281,20240123133000,moneycontrol.com,https://www.moneycontrol.com/news/opinion/axis-banks-balance-sheet-growth-is-not-powering-its-profits-yet-12111021.html,Axis Bank's balance sheet growth is not powering its profits yet,ACCEPTED,True,2024-01-24,DIRECTLY_RELEVANT,Matches pattern: axis\s+bank.*(?:profit|pat|nii|nim|npa|net\s+profit|net\s+in
20240123133000-1884,20240123133000,biztoc.com,https://biztoc.com/x/e71bd1af4b8cbb85,"Indian Shares End Lower, Zee Entertainment Plunges 33%",REJECTED_ENTITY_MATCHER,False,,NOT_RELEVANT,No Axis Bank in headline — V2Org-only retrieval match
20240123134500-770,20240123134500,indiatimes.com,https://timesofindia.indiatimes.com/business/india-business/bse-sensex-plunges-stock-market-crash-leaves-investors-poorer-by-rs-8-50-lakh-crore/articleshow/107087927.cms,BSE Sensex plunges! Stock market crash leaves investors poorer by Rs 8.50 lakh crore,REJECTED_ENTITY_MATCHER,False,,NOT_RELEVANT,No Axis Bank in headline — V2Org-only retrieval match
20240123140000-1396,20240123140000,wn.com,https://article.wn.com/view/2024/01/23/Axis_Bank_Q3_net_profit_rises_to_6071_crore_after_4_spike/,"Axis Bank Q3 net profit rises to ₹6,071 crore after 4% spike",ACCEPTED,True,2024-01-24,DIRECTLY_RELEVANT,Matches pattern: axis\s+bank\s+q[0-9]
20240123140000-T643,20240123140000,indiatimes.com,https://navbharattimes.indiatimes.com/business/share-market/share-news/stock-market-why-did-indian-stock-market-fall-today/articleshow/107088432.cms,"Why Share Market Fall Today,शेयर बाजार में आज इस वजह से आई रेकॉर्ड गिरावट, इन शेयरों में निवेशकों को हुआ तगड़ा नुकसान, देखें डिटेल्स - stock market why did indian stock market fall today",REJECTED_ENTITY_MATCHER,False,,NOT_RELEVANT,No Axis Bank in headline — V2Org-only retrieval match
20240123143000-493,20240123143000,businesstoday.in,https://www.businesstoday.in/markets/stocks/story/axis-bank-q3-results-profit-rises-4-meets-street-estimates-asset-quality-improves-414565-2024-01-23,"Axis Bank Q3 results: Profit rises 4%, meets Street estimates; asset quality improves",ACCEPTED,True,2024-01-24,DIRECTLY_RELEVANT,Matches pattern: axis\s+bank\s+q[0-9]
20240123150000-2055,20240123150000,bnnbloomberg.ca,https://www.bnnbloomberg.ca/axis-investment-banking-head-is-said-to-leave-amid-ipo-boom-1.2025413,Axis Investment-Banking Head Is Said to Leave Amid IPO Boom,REJECTED_ENTITY_MATCHER,False,,NOT_RELEVANT,No Axis Bank in headline — V2Org-only retrieval match
20240123151500-822,20240123151500,tribuneindia.com,https://www.tribuneindia.com/news/business/sensex-slumps-over-1-000-points-to-slip-below-71-000-hdfc-bank-ril-weigh-583944,"Sensex slumps over 1,000 points to slip below 71,000; HDFC Bank, RIL weigh",REJECTED_ENTITY_MATCHER,False,,NOT_RELEVANT,No Axis Bank in headline — V2Org-only retrieval match
20240123151500-736,20240123151500,thehindubusinessline.com,https://www.thehindubusinessline.com/money-and-banking/icici-bank-surpasses-hdfc-banks-valuations-after-q3-show/article67768928.ece,ICICI Bank surpasses HDFC Bank's valuations after Q3 show - The Hindu BusinessLine,REJECTED_ENTITY_MATCHER,False,,NOT_RELEVANT,No Axis Bank in headline — V2Org-only retrieval match
20240123153000-1199,20240123153000,theweek.in,https://www.theweek.in/wire-updates/business/2024/01/23/dcm86-ga-disabilities.html,Livelihood platform Atypical Advantage announces 100 pc summer placement for PwD students,REJECTED_ENTITY_MATCHER,False,,NOT_RELEVANT,No Axis Bank in headline — V2Org-only retrieval match
20240123154500-1464,20240123154500,telegraphindia.com,https://www.telegraphindia.com/feeds/business/sensex-slumps-over-1000-points-to-slip-below-71000-hdfc-bank-reliance-industries-weigh/cid/1995701,"Stock market | Sensex slumps over 1000 points to slip below 71000; HDFC Bank, Reliance Industries weigh",REJECTED_ENTITY_MATCHER,False,,NOT_RELEVANT,No Axis Bank in headline — V2Org-only retrieval match
20240123160000-591,20240123160000,ndtvprofit.com,https://www.ndtvprofit.com/quarterly-earnings/axis-bank-q3-results-net-profit-up-37,Axis Bank Q3 Results: Net Profit Up 3.7%,ACCEPTED,True,2024-01-24,DIRECTLY_RELEVANT,Matches pattern: axis\s+bank\s+q[0-9]
20240123170000-1244,20240123170000,moneycontrol.com,https://www.moneycontrol.com/news/business/markets/gift-nifty-tumbles-signaling-gap-down-opening-tomorrow-fiis-sellers-for-5th-session-12112031.html,Gift Nifty tumbles signaling gap down opening tomorrow; FIIs sellers for 5th session,REJECTED_ENTITY_MATCHER,False,,NOT_RELEVANT,No Axis Bank in headline — V2Org-only retrieval match
20240123170000-1964,20240123170000,indiatimes.com,https://economictimes.indiatimes.com/markets/stocks/news/ahead-of-market-10-things-that-will-decide-d-street-action-on-wednesday/articleshow/107091015.cms,Ahead of Market: 10 things that will decide D-Street action on Wednesday,REJECTED_ENTITY_MATCHER,False,,NOT_RELEVANT,Generic market roundup/index update
20240123170000-1245,20240123170000,moneycontrol.com,https://www.moneycontrol.com/news/business/markets/trade-setup-for-wednesday-14-things-to-know-before-opening-bell-12111671.html,Trade setup for Wednesday: 14 things to know before opening bell,REJECTED_ENTITY_MATCHER,False,,NOT_RELEVANT,No Axis Bank in headline — V2Org-only retrieval match
20240123171500-805,20240123171500,businessinsider.in,https://www.businessinsider.in/stock-market/investors-wealth-erodes-by-8-50-lakh-crore-as-markets-tumble/articleshow/107086877.cms,Investors' wealth erodes by ₹8.50 lakh crore as markets tumble,REJECTED_ENTITY_MATCHER,False,,NOT_RELEVANT,No Axis Bank in headline — V2Org-only retrieval match
20240123171500-T2304,20240123171500,eenadu.net,https://www.eenadu.net/telugu-news/business/axis-bank-q3-net-profit-rises-to-rs-6071-crore/0101/124014823,"Axis Bank: యాక్సిస్‌ బ్యాంక్‌ లాభం రూ.6,071 కోట్లు",ACCEPTED,True,2024-01-24,DIRECTLY_RELEVANT,Axis Bank appears in headline with specific context
20240123173000-1918,20240123173000,globenewswire.com,https://www.globenewswire.com/news-release/2024/01/23/2814388/0/en/India-Debit-Cards-Market-Flourishes-with-Digital-Trends-and-Fintech-Innovations-2029-Forecast.html,India Debit Cards Market Flourishes with Digital Trends,REJECTED_ENTITY_MATCHER,False,,NOT_RELEVANT,No Axis Bank in headline — V2Org-only retrieval match
20240123180000-1023,20240123180000,moneycontrol.com,https://www.moneycontrol.com/news/business/markets/gift-nifty-tumbles-350-points-tracking-1-5-percent-fall-in-sensex-nifty-12112031.html,Gift Nifty tumbles 350 points tracking 1.5 percent fall in Sensex Nifty,REJECTED_ENTITY_MATCHER,False,,NOT_RELEVANT,No Axis Bank in headline — V2Org-only retrieval match
20240123181500-1345,20240123181500,centralchronicle.com,https://www.centralchronicle.com/axis-bank-profit-rises-4-pc-yoy-to-rs-6071-crore-in-q3/,"Axis Bank profit rises 4 pc YoY to Rs 6,071 crore in Q3 – Central India's Premier English Daily",ACCEPTED,True,2024-01-24,DIRECTLY_RELEVANT,Matches pattern: axis\s+bank.*(?:profit|pat|nii|nim|npa|net\s+profit|net\s+in
20240123184500-2311,20240123184500,telegraphindia.com,https://www.telegraphindia.com/business/sensex-slumps-over-1000-points-to-slip-below-71000-hdfc-bank-reliance-industries-weigh/cid/1995701,"Stock market | Sensex slumps over 1000 points to slip below 71000; HDFC Bank, Reliance Industries weigh",REJECTED_ENTITY_MATCHER,False,,NOT_RELEVANT,No Axis Bank in headline — V2Org-only retrieval match
20240123191500-785,20240123191500,thehindubusinessline.com,https://www.thehindubusinessline.com/money-and-banking/axis-bank-q3-pat-up-4-as-higher-operating-expenses-weigh-on-bottomline/article67769635.ece,Axis Bank Q3 PAT up 4% as higher operating expenses weigh on bottomline,ACCEPTED,True,2024-01-24,DIRECTLY_RELEVANT,Matches pattern: axis\s+bank\s+q[0-9]
20240123193000-2726,20240123193000,dailypioneer.com,https://www.dailypioneer.com/2024/business/axis-bank-q3-net-profit-rises-to-rs-6-071-crore.html,"Axis Bank Q3 net profit rises to Rs 6,071 crore",ACCEPTED,True,2024-01-24,DIRECTLY_RELEVANT,Matches pattern: axis\s+bank\s+q[0-9]
20240123201500-884,20240123201500,dailyexcelsior.com,https://www.dailyexcelsior.com/sensex-slumps-over-1k-pts-to-slip-below-71k-hdfc-bank-ril-weigh/,"Sensex slumps over 1k pts to slip below 71k; HDFC Bank, RIL weigh",REJECTED_ENTITY_MATCHER,False,,NOT_RELEVANT,No Axis Bank in headline — V2Org-only retrieval match
20240123201500-784,20240123201500,indiatimes.com,https://timesofindia.indiatimes.com/business/india-business/axis-bank-net-profit-rises-4-to-rs-6071-crore/articleshow/107093196.cms,"Axis Bank net profit rises 4% to Rs 6,071 crore | India Business News",ACCEPTED,True,2024-01-24,DIRECTLY_RELEVANT,Matches pattern: axis\s+bank.*(?:profit|pat|nii|nim|npa|net\s+profit|net\s+in
20240123210000-1137,20240123210000,business-standard.com,https://www.business-standard.com/industry/news/axis-bank-q3-net-up-4-at-rs-6-071-crore-net-interest-income-rises-9-124012300817_1.html,"Axis Bank Q3 net profit up 4% at Rs 6,071 cr, net interest income rises 9%",ACCEPTED,True,2024-01-24,DIRECTLY_RELEVANT,Matches pattern: axis\s+bank\s+q[0-9]
20240123211500-T2397,20240123211500,andhrajyothy.com,https://www.andhrajyothy.com/2024/business/axis-banks-profit-up-4-1200407.html,4% పెరిగిన యాక్సిస్‌ బ్యాంక్‌ లాభం | Axis Bank's profit up 4%,ACCEPTED,True,2024-01-24,DIRECTLY_RELEVANT,Matches pattern: axis\s+bank.*(?:profit|pat|nii|nim|npa|net\s+profit|net\s+in
20240123221500-1935,20240123221500,seekingalpha.com,https://seekingalpha.com/article/4664488-flin-invest-in-the-newly-crowned-fourth-largest-stock-market-via-its-lowest-fee-etf,FLIN: Invest In The Newly Crowned Fourth-Largest Stock Market Via Its Lowest-Fee ETF,REJECTED_ENTITY_MATCHER,False,,NOT_RELEVANT,No Axis Bank in headline — V2Org-only retrieval match
20240123233000-T779,20240123233000,loksatta.com,https://www.loksatta.com/explained/loksatta-explained-why-did-mumbai-stock-market-index-fall-by-1053-points-amy-95-4174485/,विश्लेषण: मुंबई शेअर बाजार निर्देशांक १०५३ अंशांनी का घसरला?,REJECTED_ENTITY_MATCHER,False,,NOT_RELEVANT,No Axis Bank in headline — V2Org-only retrieval match
20240124001500-96,20240124001500,indiablooms.com,https://www.indiablooms.com/finance-details/19819/axis-bank-net-profit-rises-4-yoy-to-rs-6-071-cr-in-q3fy24.html,"Axis Bank net profit rises 4% YoY to Rs 6,071 cr in Q3FY24 | Indiablooms - First Portal on Digital News Management",ACCEPTED,True,2024-01-24,DIRECTLY_RELEVANT,Matches pattern: axis\s+bank.*(?:profit|pat|nii|nim|npa|net\s+profit|net\s+in
20240124004500-617,20240124004500,dailyexcelsior.com,https://www.dailyexcelsior.com/sensex-slumps-over-1k-pts-to-slip-below-71k-hdfc-bank-ril-weigh-2/,"Sensex slumps over 1k pts to slip below 71k; HDFC Bank, RIL weigh",REJECTED_ENTITY_MATCHER,False,,NOT_RELEVANT,No Axis Bank in headline — V2Org-only retrieval match
20240124014500-T25,20240124014500,livehindustan.com,https://www.livehindustan.com/business/story-share-market-highlights-why-did-the-stock-market-fall-how-did-the-loss-of-rs-8-lakh-40000-crore-occur-9241583.html,"Share Market Highlights Why did the stock market fall how did the loss of rs 8 lakh 40000 crore occur - Share Market Highlights: शेयर मार्केट में क्यों आई गिरावट, कैसे हो गया ₹8.4 लाख करोड़ का नुकसान?, Business News",REJECTED_ENTITY_MATCHER,False,,NOT_RELEVANT,No Axis Bank in headline — V2Org-only retrieval match
20240124021500-98,20240124021500,indiatimes.com,https://economictimes.indiatimes.com/markets/stocks/news/stocks-in-news-tech-mahindra-bajaj-auto-zee-tata-steel-axis-bank-lt-finance/articleshow/107090772.cms,"Stocks in news: Stocks in news: Tech Mahindra, Bajaj Auto, ZEE, Tata Steel, Axis Bank, L&T Finance",ACCEPTED,True,2024-01-24,DIRECTLY_RELEVANT,Axis Bank appears in headline with specific context
20240124021500-11,20240124021500,indiatimes.com,https://economictimes.indiatimes.com/markets/stocks/earnings/axis-banks-q3-net-up-4-expects-a-war-for-deposits/articleshow/107095955.cms,"Axis Bank Q3 results: Axis Bank's Q3 net up 4%, expects a war for deposits",ACCEPTED,True,2024-01-24,DIRECTLY_RELEVANT,Matches pattern: axis\s+bank\s+q[0-9]
20240124024500-668,20240124024500,moneycontrol.com,https://www.moneycontrol.com/news/business/markets/stock-market-today-top-10-things-to-know-before-the-market-opens-217-12111371.html,Stock Market Today: Top 10 things to know before the market opens,REJECTED_ENTITY_MATCHER,False,,NOT_RELEVANT,Generic market roundup/index update
20240124030000-1588,20240124030000,telegraphindia.com,https://www.telegraphindia.com/india/six-persons-loot-rs-90-lakh-from-bihar-bank-hold-officials-customers-hostage-at-gunpoint/cid/1995796,"Bihar | Six persons loot Rs 90 lakh from Bihar bank, hold officials, customers hostage at gunpoint",REJECTED_ENTITY_MATCHER,False,,NOT_RELEVANT,No Axis Bank in headline — V2Org-only retrieval match
20240124030000-845,20240124030000,freepressjournal.in,https://www.freepressjournal.in/mumbai/mumbai-credai-mchis-mega-property-expo-2024-at-bkc-offers-zero-registration-fees-stamp-duty-know-more,"Mumbai: CREDAI-MCHI's Mega Property Expo 2024 At BKC Offers Zero Registration Fees & Stamp Duty, Know More",REJECTED_ENTITY_MATCHER,False,,NOT_RELEVANT,No Axis Bank in headline — V2Org-only retrieval match
20240124033000-680,20240124033000,indiatimes.com,https://economictimes.indiatimes.com/markets/stocks/earnings/q3-results-today-bajaj-auto-tata-steel-tech-mahindra-dlf-among-78-companies-to-announce-earnings/articleshow/107097810.cms,"Q3 Results Today: Bajaj Auto, Tata Steel, Tech Mahindra, DLF among 78 companies to announce earnings",REJECTED_ENTITY_MATCHER,False,,NOT_RELEVANT,No Axis Bank in headline — V2Org-only retrieval match
20240124040000-T503,20240124040000,livehindustan.com,https://www.livehindustan.com/gadgets/story-flipkart-freedom-deals-on-samsung-galaxy-f-series-most-affordable-phones-9241615.html,"flipkart freedom deals on samsung galaxy f series most affordable phones - Tech news hindi - बड़ी खुशखबरी! 5999 रुपये में मिल रहा Samsung का फोन, 50MP कैमरे वाला 5G फोन भी 10 हजार से कम में , गैजेट्स न्यूज",REJECTED_ENTITY_MATCHER,False,,NOT_RELEVANT,Unrelated topic — no Axis Bank material
20240124040000-241,20240124040000,marketscreener.com,https://www.marketscreener.com/quote/stock/AXIS-BANK-LIMITED-46730206/news/Indian-shares-set-to-open-marginally-higher-tracking-Asian-peers-45797571/,"Indian shares set to open marginally higher, tracking Asian peers",REJECTED_ENTITY_MATCHER,False,,NOT_RELEVANT,No Axis Bank in headline — V2Org-only retrieval match
20240124040000-173,20240124040000,thehindubusinessline.com,https://www.thehindubusinessline.com/markets/ipo-screener-medi-assit-healthcare-listing-today/article67767754.ece,IPO screener: Medi Assit Healthcare listing today - The Hindu BusinessLine,REJECTED_ENTITY_MATCHER,False,,NOT_RELEVANT,No Axis Bank in headline — V2Org-only retrieval match
20240124041500-1219,20240124041500,livemint.com,https://www.livemint.com/money/personal-finance/top-10-personal-loans-from-banks-with-lowest-interest-rates-details-here-11706011927426.html,Top 10 personal loans from banks with lowest interest rates. Details here,REJECTED_ENTITY_MATCHER,False,,NOT_RELEVANT,No Axis Bank in headline — V2Org-only retrieval match
20240124041500-252,20240124041500,moneycontrol.com,https://www.moneycontrol.com/news/business/q3-results-live-updates-bajaj-auto-iob-tech-mahindra-tvs-ceat-ioc-canara-bank-bharat-dynamics-liveblog-12112741.html,"Q3 Results Live Updates: Tech Mahindra to see flat revenue, Bajaj Auto profit may rise 32%",REJECTED_ENTITY_MATCHER,False,,NOT_RELEVANT,No Axis Bank in headline — V2Org-only retrieval match
20240124041500-245,20240124041500,indiatimes.com,https://economictimes.indiatimes.com/markets/stocks/live-blog/bse-sensex-today-live-nifty-stock-market-updates-24-january-2024/liveblog/107096544.cms,"Sensex Today | Stock Market LIVE Updates: Sensex sheds 100 points, Nifty near 21,200; Zee gains 3%, Axis Bank drops 4%",ACCEPTED,True,2024-01-24,NOT_RELEVANT,Generic market roundup/index update
20240124041500-207,20240124041500,indiatimes.com,https://economictimes.indiatimes.com/markets/stocks/recos/neutral-on-axis-bank-target-price-rs-1175-motilal-oswalbr/articleshow/107099609.cms,"Axis Bank stocks: Neutral on Axis Bank, target price Rs 1175: Motilal Oswal",ACCEPTED,True,2024-01-24,DIRECTLY_RELEVANT,Matches pattern: axis\s+bank.*(?:share(?:s)?|stock|target\s+price|buy|sell|ho
20240124044500-T550,20240124044500,indiatimes.com,https://navbharattimes.indiatimes.com/business/share-market/share-news/stock-market-prediction-bearish-sign-in-shares-of-hdfc-bank-and-zee-entertainment-enterprises/articleshow/107091405.cms,"Stock Market Prediction: आज मुंह के बल गिर सकते हैं HDFC Bank सहित ये शेयर, दिख रहे गिरावट के सभी संकेत",REJECTED_ENTITY_MATCHER,False,,NOT_RELEVANT,No Axis Bank in headline — V2Org-only retrieval match
20240124050000-482,20240124050000,telegraphindia.com,https://www.telegraphindia.com/feeds/india/six-persons-loot-rs-90-lakh-from-bihar-bank-hold-officials-customers-hostage-at-gunpoint/cid/1995796,"Bihar | Six persons loot Rs 90 lakh from Bihar bank, hold officials, customers hostage at gunpoint",REJECTED_ENTITY_MATCHER,False,,NOT_RELEVANT,No Axis Bank in headline — V2Org-only retrieval match
20240124050000-927,20240124050000,marketscreener.com,https://www.marketscreener.com/quote/stock/AXIS-BANK-LIMITED-46730206/news/INDIA-STOCKS-Indian-shares-open-lower-Axis-Bank-plunges-45797642/,INDIA STOCKS-Indian shares open lower; Axis Bank plunges,ACCEPTED,True,2024-01-24,DIRECTLY_RELEVANT,Matches pattern: axis\s+bank.*(?:plunge|surge|fall|rise|crash|rally)
20240124051500-853,20240124051500,indiatimes.com,https://economictimes.indiatimes.com/markets/stocks/stock-watch/stock-market-update-stocks-that-hit-52-week-highs-on-nse/articleshow/107100404.cms,52 week high stocks: Stock market update: Stocks that hit 52-week highs on NSE,REJECTED_ENTITY_MATCHER,False,,NOT_RELEVANT,Generic market roundup/index update
20240124051500-676,20240124051500,indiatimes.com,https://economictimes.indiatimes.com/markets/stocks/news/banking-heavyweights-drag-sensex-100-points-lower-nifty-below-21300/articleshow/107099771.cms,"sensex today: Sensex bounces back after 2-day selloff, rises 500 points; Nifty above 21,300",REJECTED_ENTITY_MATCHER,False,,NOT_RELEVANT,No Axis Bank in headline — V2Org-only retrieval match
20240124051500-306,20240124051500,indiatimes.com,https://economictimes.indiatimes.com/markets/stocks/news/hot-stocks-brokerage-view-on-axis-bank-hero-motocorp-oberoi-realty-and-tata-elxsi/articleshow/107099906.cms,"Hot Stocks: Brokerage view on Axis Bank, Hero MotoCorp, Oberoi Realty and Tata Elxsi",ACCEPTED,True,2024-01-24,DIRECTLY_RELEVANT,Brokerage view specifically on Axis Bank — substantive analyst coverage
20240124051500-623,20240124051500,indiatimes.com,https://economictimes.indiatimes.com/markets/stocks/news/axis-bank-shares-fall-5-post-q3-earnings-should-you-buy-sell-or-hold/articleshow/107100657.cms,"axis bank share price: Axis Bank shares fall 5% post Q3 earnings. Should you buy, sell or hold?",ACCEPTED,True,2024-01-24,DIRECTLY_RELEVANT,Matches pattern: axis\s+bank.*(?:profit|pat|nii|nim|npa|net\s+profit|net\s+in
20240124051500-698,20240124051500,moneycontrol.com,https://www.moneycontrol.com/news/business/earnings/axis-bank-q3-net-profit-margins-disappoint-street-should-you-buy-hold-or-sell-the-stock-12113341.html,"Axis Bank Q3 net profit, margins disappoint Street: Should you buy, hold, or sell the stock?",ACCEPTED,True,2024-01-24,DIRECTLY_RELEVANT,Matches pattern: axis\s+bank\s+q[0-9]
20240124051500-173,20240124051500,moneycontrol.com,https://www.moneycontrol.com/news/business/earnings/axis-bank-q3-fy24-steady-amid-mounting-deposit-challenges-12113301.html,Axis Bank Q3 FY24 – Steady amid mounting deposit challenges,ACCEPTED,True,2024-01-24,DIRECTLY_RELEVANT,Matches pattern: axis\s+bank\s+q[0-9]
20240124051500-43,20240124051500,news18.com,https://www.news18.com/business/stocks-to-watch-on-january-24-pidilite-axis-bank-tata-elxsi-bharti-airtel-others-8752369.html,"Stocks To Watch On January 24: Pidilite, Axis Bank, Tata Elxsi, Bharti Airtel & Others",ACCEPTED,True,2024-01-24,NOT_RELEVANT,Generic market roundup/index update
20240124051500-1295,20240124051500,news18.com,https://www.news18.com/business/stock-market-today-india-bse-nse-live-sensex-nifty-8752408.html,Stock Market Updates: Equity Benchmark Indices Decline In Early Trade,REJECTED_ENTITY_MATCHER,False,,NOT_RELEVANT,Generic market roundup/index update
20240124053000-2,20240124053000,freepressjournal.in,https://www.freepressjournal.in/business/stock-market-opening-january-24-indices-open-in-red-sensex-at-7022163-nifty-below-21300,"Stock Market Opening January 24: Indices Open In Red; Sensex At 70,221.63 & Nifty Below 21,300",REJECTED_ENTITY_MATCHER,False,,NOT_RELEVANT,No Axis Bank in headline — V2Org-only retrieval match
20240124053000-529,20240124053000,deccanherald.com,https://www.deccanherald.com/business/markets/equity-benchmark-indices-decline-in-early-trade-2862023,Equity benchmark indices decline in early trade,REJECTED_ENTITY_MATCHER,False,,NOT_RELEVANT,No Axis Bank in headline — V2Org-only retrieval match
20240124053000-893,20240124053000,aninews.in,https://aninews.in/news/business/business/indian-stocks-back-in-green-after-tuesdays-bloodbath20240124102649/,Indian stocks back in green after Tuesday's bloodbath,REJECTED_ENTITY_MATCHER,False,,NOT_RELEVANT,No Axis Bank in headline — V2Org-only retrieval match
20240124053000-119,20240124053000,marketscreener.com,https://www.marketscreener.com/quote/commodity/LME-ALUMINIUM-CASH-16159/news/INDIA-STOCKS-Indian-shares-reverse-course-tread-higher-as-metals-gain-45797851/,"INDIA STOCKS-Indian shares reverse course, tread higher as metals gain",REJECTED_ENTITY_MATCHER,False,,NOT_RELEVANT,No Axis Bank in headline — V2Org-only retrieval match
20240124054500-107,20240124054500,indiatimes.com,https://economictimes.indiatimes.com/markets/stocks/stock-watch/stock-market-update-mining-stocks-up-as-market-rises/articleshow/107101524.cms,Stock Market Sectors: Stock market update: Mining stocks up as market rises,REJECTED_ENTITY_MATCHER,False,,NOT_RELEVANT,Generic market roundup/index update
20240124054500-247,20240124054500,indiatimes.com,https://economictimes.indiatimes.com/markets/stocks/stock-watch/stock-market-update-power-stocks-up-as-market-rises/articleshow/107101394.cms,Stock Market Sectors: Stock market update: Power stocks up as market rises,REJECTED_ENTITY_MATCHER,False,,NOT_RELEVANT,Generic market roundup/index update
20240124054500-1210,20240124054500,indiatimes.com,https://economictimes.indiatimes.com/markets/stocks/stock-watch/stock-market-update-sugar-stocks-up-as-market-rises/articleshow/107101632.cms,Stock Market Sectors: Stock market update: Sugar stocks up as market rises,REJECTED_ENTITY_MATCHER,False,,NOT_RELEVANT,Generic market roundup/index update
20240124054500-439,20240124054500,indiatimes.com,https://economictimes.indiatimes.com/markets/stocks/stock-watch/stock-market-update-nifty-bank-index-advances-0-93-in-an-upbeat-market/articleshow/107101101.cms,Indices: Stock market update: Nifty Bank index advances 0.93% in an upbeat market,REJECTED_ENTITY_MATCHER,False,,NOT_RELEVANT,Generic market roundup/index update
20240124054500-1081,20240124054500,indiatimes.com,https://economictimes.indiatimes.com/markets/expert-view/use-dips-to-buy-these-3-stocks-add-hdfc-bank-on-sip-sanjiv-bhasin/articleshow/107101721.cms,Sanjiv Bhasin | Sanjiv Bhasin portfolio stocks: Use dips to buy these 3 stocks; add HDFC Bank on SIP: Sanjiv Bhasin,REJECTED_ENTITY_MATCHER,False,,NOT_RELEVANT,No Axis Bank in headline — V2Org-only retrieval match
20240124054500-298,20240124054500,rttnews.com,https://www.rttnews.com/story.aspx?Id=3418568,"Sensex, Nifty Modestly Higher In Early Trade",REJECTED_ENTITY_MATCHER,False,,NOT_RELEVANT,No Axis Bank in headline — V2Org-only retrieval match
20240124060000-330,20240124060000,indiatimes.com,https://economictimes.indiatimes.com/markets/stocks/stock-watch/share-market-update-most-active-stocks-on-d-street-today-in-terms-of-volume/articleshow/107101975.cms,share market: Share market update: Most active stocks on D-Street today in terms of volume,REJECTED_ENTITY_MATCHER,False,,NOT_RELEVANT,Generic market roundup/index update
20240124060000-197,20240124060000,indiatimes.com,https://economictimes.indiatimes.com/markets/stocks/stock-watch/stock-market-update-fertilisers-stocks-up-as-market-rises/articleshow/107101837.cms,Stock Market Sectors: Stock market update: Fertilisers stocks up as market rises,REJECTED_ENTITY_MATCHER,False,,NOT_RELEVANT,Generic market roundup/index update
20240124060000-783,20240124060000,indiatimes.com,https://economictimes.indiatimes.com/markets/stocks/stock-watch/stock-market-update-stocks-that-hit-52-week-lows-on-nse/articleshow/107102091.cms,52 week high stocks: Stock market update: Stocks that hit 52-week lows on NSE,REJECTED_ENTITY_MATCHER,False,,NOT_RELEVANT,Generic market roundup/index update
20240124060000-1181,20240124060000,bignewsnetwork.com,https://www.bignewsnetwork.com/news/274104606/indian-stocks-back-in-green-after-tuesday-bloodbath,Indian stocks back in green after Tuesday's bloodbath,REJECTED_ENTITY_MATCHER,False,,NOT_RELEVANT,No Axis Bank in headline — V2Org-only retrieval match
20240124060000-882,20240124060000,latestly.com,https://www.latestly.com/agency-news/business-news-indian-stocks-back-in-green-after-tuesdays-bloodbath-5714653.html,Business News | Indian Stocks Back in Green After Tuesday's Bloodbath,REJECTED_ENTITY_MATCHER,False,,NOT_RELEVANT,No Axis Bank in headline — V2Org-only retrieval match
20240124060000-853,20240124060000,tribuneindia.com,https://www.tribuneindia.com/news/business/sensex-slumps-1-000-points-on-lukewarm-corporate-results-584086,"Sensex slumps 1,000 points on lukewarm corporate results",REJECTED_ENTITY_MATCHER,False,,NOT_RELEVANT,No Axis Bank in headline — V2Org-only retrieval match
20240124060000-376,20240124060000,tribuneindia.com,https://www.tribuneindia.com/news/business/axis-bank-posts-5-rise-in-q3-net-profit-584094,Axis Bank posts 5% rise in Q3 net profit,ACCEPTED,True,2024-01-24,DIRECTLY_RELEVANT,Matches pattern: axis\s+bank.*(?:profit|pat|nii|nim|npa|net\s+profit|net\s+in
20240124060000-1131,20240124060000,rttnews.com,https://www.rttnews.com/3418568/sensex-nifty-modestly-higher-in-early-trade.aspx,"Sensex, Nifty Modestly Higher In Early Trade",REJECTED_ENTITY_MATCHER,False,,NOT_RELEVANT,No Axis Bank in headline — V2Org-only retrieval match
20240124060000-151,20240124060000,thehindu.com,https://www.thehindu.com/business/markets/equity-benchmark-indices-decline-in-early-trade/article67771480.ece,Equity benchmark indices decline in early trade,REJECTED_ENTITY_MATCHER,False,,NOT_RELEVANT,No Axis Bank in headline — V2Org-only retrieval match
20240124061500-675,20240124061500,indiatimes.com,https://timesofindia.indiatimes.com/business/india-business/stock-market-today-bse-sensex-nifty50-january-24-2024-dalal-street-indian-stock-markets-top-reasons/articleshow/107102020.cms,"Stock Market Today: BSE Sensex Surges 500 Points, Breaks 2-Day Losing Streak; Nifty50 Above 21,300 | India Business News",REJECTED_ENTITY_MATCHER,False,,NOT_RELEVANT,Generic market roundup/index update
20240124061500-539,20240124061500,livemint.com,https://www.livemint.com/market/stock-market-news/nearly-60-of-nifty-50-stocks-are-down-this-month-8-stocks-dipped-more-than-10-11706066840874.html,Nearly 60% of Nifty 50 stocks are down this month; 8 stocks dipped more than 10%,REJECTED_ENTITY_MATCHER,False,,NOT_RELEVANT,No Axis Bank in headline — V2Org-only retrieval match
20240124063000-558,20240124063000,indiatimes.com,https://economictimes.indiatimes.com/markets/stocks/stock-watch/share-market-update-most-active-stocks-of-the-day-in-terms-of-total-traded-value/articleshow/107102564.cms,active stocks: Share market update: Most active stocks of the day in terms of total traded value,REJECTED_ENTITY_MATCHER,False,,NOT_RELEVANT,Generic market roundup/index update
20240124063000-1115,20240124063000,indiatimes.com,https://economictimes.indiatimes.com/markets/stocks/news/hero-motocorp-shares-snap-3-day-rally-fall-3-heres-why/articleshow/107102441.cms,"hero motocorp shares: Hero MotoCorp shares snap 3-day rally, fall 3%. Here's why",REJECTED_ENTITY_MATCHER,False,,NOT_RELEVANT,No Axis Bank in headline — V2Org-only retrieval match
20240124063000-653,20240124063000,thehindubusinessline.com,https://www.thehindubusinessline.com/markets/share-market-nifty-sensex-live-updates-24-january-2024/article67768511.ece,"Stock Market Live Updates: Market rebounds 0.50% amid volatility, but analysts warn of selling pressure",REJECTED_ENTITY_MATCHER,False,,NOT_RELEVANT,Generic market roundup/index update
20240124063000-618,20240124063000,thehindubusinessline.com,https://www.thehindubusinessline.com/portfolio/technical-analysis/bank-nifty-prediction-today-jan-24-2024-index-testing-a-barrier-wait-before-pulling-the-trigger/article67771476.ece,"Bank Nifty prediction today – Jan 24, 2024: Index testing a barrier, wait before pulling the trigger",REJECTED_ENTITY_MATCHER,False,,NOT_RELEVANT,No Axis Bank in headline — V2Org-only retrieval match
20240124064500-199,20240124064500,telegraphindia.com,https://www.telegraphindia.com/business/sensex-falls-316-points-to-70053-in-early-trade-nifty-declines-51-points-to-21187/cid/1995837,"Stock market | Sensex falls 316 points to 70,053 in early trade; Nifty declines 51 points to 21,187",REJECTED_ENTITY_MATCHER,False,,NOT_RELEVANT,No Axis Bank in headline — V2Org-only retrieval match
20240124064500-91,20240124064500,indiatimes.com,https://economictimes.indiatimes.com/markets/stocks/news/rec-shares-jump-7-powered-by-modis-solar-rooftop-project/articleshow/107103395.cms,rec share price: REC shares jump 7% powered by Modi's solar rooftop project,REJECTED_ENTITY_MATCHER,False,,NOT_RELEVANT,No Axis Bank in headline — V2Org-only retrieval match
20240124064500-1153,20240124064500,ticker.com,"https://ticker.com/Asia-Stock-Movers-News-Today/India-Movers:-Axis-Bank,-Karnataka-Bank,-REC,-Zee-Entertainment/Jan%2024-2024/T-27220","India Movers: Axis Bank, Karnataka Bank, REC, Zee Entertainment",ACCEPTED,True,2024-01-24,NOT_RELEVANT,Generic market roundup/index update
20240124070000-1253,20240124070000,financialexpress.com,https://www.financialexpress.com/market/axis-bank-shares-fall-despite-brokerages-being-bullish-on-stock-3373562/,Axis Bank shares fall despite brokerages being bullish on stock,ACCEPTED,True,2024-01-24,DIRECTLY_RELEVANT,Matches pattern: axis\s+bank.*(?:share(?:s)?|stock|target\s+price|buy|sell|ho
20240124070000-151,20240124070000,hindustantimes.com,https://www.hindustantimes.com/business/sensex-nifty-bse-nse-markets-opening-live-updates-january-24-2024-101706068000072.html,"Sensex 317 points in red at 70,054, Nifty at 21,188",REJECTED_ENTITY_MATCHER,False,,NOT_RELEVANT,No Axis Bank in headline — V2Org-only retrieval match
20240124071500-23,20240124071500,theweek.in,https://www.theweek.in/news/biz-tech/2024/01/24/sensex-nifty-plummet-in-early-trade-axis-bank-and-asian-paints-among-laggards.html,"Sensex, Nifty plummet in early trade, Axis Bank and Asian Paints among laggards",ACCEPTED,True,2024-01-24,DIRECTLY_RELEVANT,Axis Bank appears in headline with specific context
20240124071500-380,20240124071500,businesstoday.in,https://www.businesstoday.in/markets/stock-picks/story/tata-power-suzlon-energy-inox-wind-what-vinit-bolinjkar-of-ventura-securities-says-on-these-stocks-414658-2024-01-24,"Tata Power, Suzlon Energy & Inox Wind: What Vinit Bolinjkar of Ventura Securities says on these stocks",REJECTED_ENTITY_MATCHER,False,,NOT_RELEVANT,No Axis Bank in headline — V2Org-only retrieval match
20240124071500-619,20240124071500,prokerala.com,https://www.prokerala.com/news/articles/a1499786.html,Sensex gives up morning gains of more than 400 points led by losses in Axis Bank,ACCEPTED,True,2024-01-24,DIRECTLY_RELEVANT,Axis Bank appears in headline with specific context
20240124071500-370,20240124071500,businesstoday.in,https://www.businesstoday.in/markets/company-stock/story/axis-bank-shares-plunge-6-today-heres-why-414643-2024-01-24,Axis Bank shares plunged 6% today. Here's why,ACCEPTED,True,2024-01-24,DIRECTLY_RELEVANT,Matches pattern: axis\s+bank.*(?:share(?:s)?|stock|target\s+price|buy|sell|ho
20240124071500-994,20240124071500,businesstoday.in,https://www.businesstoday.in/markets/stock-picks/story/ifci-irfc-zee-yes-bank-ireda-shares-rally-up-to-17-amid-high-volumes-hdfc-bank-leads-turnover-chart-414660-2024-01-24,"IFCI, IRFC, ZEE, YES Bank, IREDA shares rally up to 17% amid high volumes; HDFC Bank leads turnover chart",REJECTED_ENTITY_MATCHER,False,,NOT_RELEVANT,No Axis Bank in headline — V2Org-only retrieval match
20240124071500-1324,20240124071500,nagalandpost.com,https://nagalandpost.com/index.php/axis-bank-q3-net-profit-rises-to-rs-6071-crore/,"Axis Bank Q3 net profit rises to Rs 6,071 crore",ACCEPTED,True,2024-01-24,DIRECTLY_RELEVANT,Matches pattern: axis\s+bank\s+q[0-9]
20240124071500-T494,20240124071500,vtvgujarati.com,https://www.vtvgujarati.com/news-details/stock-market-news-sensex-nifty-jumped-high-railway-bank-shares-surge,"Stock Marketમાં ફરીવાર રોનક: આ શેરોમાં જોવા મળી શાનદાર તેજી, ખરીદી માટે રોકાણકારોની પડાપડી/ stock market news sensex nifty jumped high railway bank shares surge",REJECTED_ENTITY_MATCHER,False,,NOT_RELEVANT,No Axis Bank in headline — V2Org-only retrieval match
20240124073000-366,20240124073000,telegraphindia.com,https://www.telegraphindia.com/feeds/business/sensex-falls-316-points-to-70053-in-early-trade-nifty-declines-51-points-to-21187/cid/1995837,"Stock market | Sensex falls 316 points to 70,053 in early trade; Nifty declines 51 points to 21,187",REJECTED_ENTITY_MATCHER,False,,NOT_RELEVANT,No Axis Bank in headline — V2Org-only retrieval match
20240124074500-61,20240124074500,singaporestar.com,https://www.singaporestar.com/news/274104606/indian-stocks-back-in-green-after-tuesday-bloodbath,Indian stocks back in green after Tuesday's bloodbath,REJECTED_ENTITY_MATCHER,False,,NOT_RELEVANT,No Axis Bank in headline — V2Org-only retrieval match
20240124080000-15,20240124080000,indiatimes.com,https://economictimes.indiatimes.com/markets/expert-view/aman-chowhan-says-market-volatility-due-to-profit-booking-continues-to-like-private-banks/articleshow/107105293.cms,profit booking: Aman Chowhan says market volatility due to profit booking; continues to like private banks,REJECTED_ENTITY_MATCHER,False,,NOT_RELEVANT,No Axis Bank in headline — V2Org-only retrieval match
20240124080000-404,20240124080000,businesstoday.in,https://www.businesstoday.in/markets/trending-stocks/story/whats-spooking-bank-stocks-hdfc-bank-rbl-indusind-shares-down-up-to-15-since-jan-16-414673-2024-01-24,"What's spooking bank stocks? HDFC Bank, RBL, IndusInd shares down up to 15% since Jan 16",REJECTED_ENTITY_MATCHER,False,,NOT_RELEVANT,No Axis Bank in headline — V2Org-only retrieval match
20240124080000-154,20240124080000,newzealandstar.com,https://www.newzealandstar.com/news/274104606/indian-stocks-back-in-green-after-tuesday-bloodbath,Indian stocks back in green after Tuesday's bloodbath,REJECTED_ENTITY_MATCHER,False,,NOT_RELEVANT,No Axis Bank in headline — V2Org-only retrieval match
20240124083000-668,20240124083000,bignewsnetwork.com,https://www.bignewsnetwork.com/news/274104714/credai-mchi-announces-zero-stamp-duty--registration-charges-for-all-home-sales-at-india-largest-property-expo-2024-jan-26-28-jio-world-convention-centre-mumbai,"CREDAI-MCHI announces zero stamp duty & registration charges for all home sales at India's Largest Property Expo 2024, Jan 26-28, Jio World Convention Centre, Mumbai",REJECTED_ENTITY_MATCHER,False,,NOT_RELEVANT,No Axis Bank in headline — V2Org-only retrieval match
20240124083000-470,20240124083000,siliconindia.com,https://www.siliconindia.com/news/general/todays-stock-focus-axis-hdfc-bk-ltfh-airtel-lupin-rec-jsw-energy-nid-227551-cid-1.html,"Today's Stock Focus: Axis, HDFC Bk, LTFH, Airtel, Lupin, REC, JSW Energy",REJECTED_ENTITY_MATCHER,False,,NOT_RELEVANT,No Axis Bank in headline — V2Org-only retrieval match
20240124084500-929,20240124084500,thehindubusinessline.com,https://www.thehindubusinessline.com/markets/equity-benchmark-indices-decline-in-early-trade/article67771472.ece,Equity benchmark indices decline in early trade - The Hindu BusinessLine,REJECTED_ENTITY_MATCHER,False,,NOT_RELEVANT,No Axis Bank in headline — V2Org-only retrieval match
20240124084500-810,20240124084500,indiatimes.com,https://economictimes.indiatimes.com/markets/ipos/fpos/euphoria-infotech-india-ipo-subscribed-217-times-so-far-on-day-3-check-gmp-issue-timeline-other-details/articleshow/107106324.cms,"euphoria infotech india ipo: Euphoria Infotech India IPO subscribed 217 times so far on Day 3. Check GMP, issue timeline, other details",REJECTED_ENTITY_MATCHER,False,,NOT_RELEVANT,No Axis Bank in headline — V2Org-only retrieval match
20240124084500-881,20240124084500,indiatimes.com,https://economictimes.indiatimes.com/markets/options/fo-stocks-icici-bank-axis-bank-among-5-stocks-with-short-buildup/articleshow/107106851.cms,"F&O stocks: ICICI Bank, Axis Bank among 5 stocks with short buildup",ACCEPTED,True,2024-01-24,DIRECTLY_RELEVANT,Matches pattern: axis\s+bank.*(?:share(?:s)?|stock|target\s+price|buy|sell|ho
20240124084500-318,20240124084500,indiatimes.com,https://timesofindia.indiatimes.com/business/india-business/bank-holidays-on-republic-day-2024-weekend-is-it-a-threeday-holiday-weekend-for-banks-know-details-here/articleshow/107108086.cms,Bank holidays on Republic Day 2024 weekend: Is it a three-day holiday weekend for banks? Know details here | India Business News,REJECTED_ENTITY_MATCHER,False,,NOT_RELEVANT,No Axis Bank in headline — V2Org-only retrieval match
20240124084500-T2534,20240124084500,tarunmitra.in,https://www.tarunmitra.in/article/17280/bullish-trend-in-stock-market-in-early-trading-sensex-and,"शुरुआती कारोबार में शेयर बाजार में तेजी का रुख, सेंसेक्स और निफ्टी उछले",REJECTED_ENTITY_MATCHER,False,,NOT_RELEVANT,No Axis Bank in headline — V2Org-only retrieval match
20240124090000-421,20240124090000,india.com,https://zeenews.india.com/markets/equity-benchmark-indices-decline-in-early-trade-sensex-falls-316-points-2713264.html,Equity Benchmark Indices Decline In Early Trade; Sensex Falls 316 Points,REJECTED_ENTITY_MATCHER,False,,NOT_RELEVANT,No Axis Bank in headline — V2Org-only retrieval match
20240124090000-315,20240124090000,aninews.in,https://www.aninews.in/news/business/business/credai-mchi-announces-zero-stamp-duty-amp-registration-charges-for-all-home-sales-at-indias-largest-property-expo-2024-jan-26-28-jio-world-convention-centre-mumbai20240124131525/,"CREDAI-MCHI announces zero stamp duty & registration charges for all home sales at India's Largest Property Expo 2024, Jan 26-28, Jio World Convention Centre, Mumbai",REJECTED_ENTITY_MATCHER,False,,NOT_RELEVANT,No Axis Bank in headline — V2Org-only retrieval match
20240124091500-1222,20240124091500,oklahomacitysun.com,https://www.oklahomacitysun.com/news/274104606/indian-stocks-back-in-green-after-tuesday-bloodbath,Indian stocks back in green after Tuesday's bloodbath,REJECTED_ENTITY_MATCHER,False,,NOT_RELEVANT,No Axis Bank in headline — V2Org-only retrieval match
20240124091500-1209,20240124091500,moneycontrol.com,https://www.moneycontrol.com/news/business/stocks/buy-axis-bank-target-of-rs-1250-prabhudas-lilladher-2-12117161.html,Buy Axis Bank; target of Rs 1250: Prabhudas Lilladher,ACCEPTED,True,2024-01-24,DIRECTLY_RELEVANT,Matches pattern: (?:buy|sell|hold|reduce|accumulate).*axis\s+bank
20240124093000-334,20240124093000,business-standard.com,https://www.business-standard.com/content/press-releases-ani/credai-mchi-announces-zero-stamp-duty-registration-charges-for-all-home-sales-at-india-s-largest-property-expo-2024-jan-26-28-jio-world-convention-centre-mumbai-124012400375_1.html,"CREDAI-MCHI announces zero stamp duty & registration charges for all home sales at India's Largest Property Expo 2024, Jan 26-28, Jio World Convention Centre, Mumbai",REJECTED_ENTITY_MATCHER,False,,NOT_RELEVANT,No Axis Bank in headline — V2Org-only retrieval match
20240124093000-956,20240124093000,nigeriasun.com,https://www.nigeriasun.com/news/274104606/indian-stocks-back-in-green-after-tuesday-bloodbath,Indian stocks back in green after Tuesday's bloodbath,REJECTED_ENTITY_MATCHER,False,,NOT_RELEVANT,No Axis Bank in headline — V2Org-only retrieval match
20240124094500-599,20240124094500,dailypioneer.com,https://www.dailypioneer.com/2024/business/equity-benchmark-indices-decline-in-early-trade.html,Equity benchmark indices decline in early trade,REJECTED_ENTITY_MATCHER,False,,NOT_RELEVANT,No Axis Bank in headline — V2Org-only retrieval match
20240124094500-1138,20240124094500,webindia123.com,https://news.webindia123.com/news/Articles/Business/20240124/4161653.html,"CREDAI-MCHI announces zero stamp duty & registration charges for all home sales at India's Largest Property Expo 2024, Jan 26-28, Jio World Convention Centre, Mumbai",REJECTED_ENTITY_MATCHER,False,,NOT_RELEVANT,No Axis Bank in headline — V2Org-only retrieval match
20240124100000-378,20240124100000,indiainfoline.com,https://www.indiainfoline.com/article/news-top-story/q-fy-review-axis-bank-ppop-in-line-operational-trends-robust-1706080991574_1.html,Q3FY24 Review: Axis Bank: PPOP in-line; operational trends robust,ACCEPTED,True,2024-01-25,DIRECTLY_RELEVANT,Matches pattern: q[0-9].*axis\s+bank
20240124100000-1264,20240124100000,indiatimes.com,https://timesofindia.indiatimes.com/city/patna/armed-men-loot-90l-from-bank-in-araria/articleshow/107098102.cms,Armed Men Loot ₹90l From Bank In Araria | Patna News,REJECTED_ENTITY_MATCHER,False,,NOT_RELEVANT,No Axis Bank in headline — V2Org-only retrieval match
20240124100000-T1760,20240124100000,khaskhabar.com,https://www.business.khaskhabar.com/daily-news.php/sensex-loses-400-points-morning-gain-after-fall-in-axis-bank-614553-BKN.html,एक्सिस बैंक में गिरावट के बाद सेंसेक्स ने सुबह की 400 अंक की बढ़त गंवाई,REJECTED_ENTITY_MATCHER,False,,NOT_RELEVANT,No Axis Bank in headline — V2Org-only retrieval match
20240124101500-1071,20240124101500,aninews.in,https://aninews.in/news/business/business/credai-mchi-announces-zero-stamp-duty-amp-registration-charges-for-all-home-sales-at-indias-largest-property-expo-2024-jan-26-28-jio-world-convention-centre-mumbai20240124131525/,"CREDAI-MCHI announces zero stamp duty & registration charges for all home sales at India's Largest Property Expo 2024, Jan 26-28, Jio World Convention Centre, Mumbai",REJECTED_ENTITY_MATCHER,False,,NOT_RELEVANT,No Axis Bank in headline — V2Org-only retrieval match
20240124101500-T2093,20240124101500,tarunmitra.in,https://www.tarunmitra.in/article/17309/bullish-trend-in-stock-market-sensex-and-nifty-rose-in,"शुरुआती कारोबार में शेयर बाजार में तेजी का रुख, सेंसेक्स और निफ्टी उछले",REJECTED_ENTITY_MATCHER,False,,NOT_RELEVANT,No Axis Bank in headline — V2Org-only retrieval match
20240124103000-1353,20240124103000,freepressjournal.in,https://www.freepressjournal.in/business/stock-market-closing-january-24-sensex-at-7106031-nifty-above-21400-indices-end-day-in-green,"Stock Market Closing January 24: Sensex At 71,060.31, Nifty Above 21,400; Indices End Day In Green",REJECTED_ENTITY_MATCHER,False,,NOT_RELEVANT,No Axis Bank in headline — V2Org-only retrieval match
20240124103000-371,20240124103000,moneycontrol.com,https://www.moneycontrol.com/news/business/stocks/buy-axis-bank-target-of-rs-1350-sharekhan-2-12117761.html,Buy Axis Bank; target of Rs 1350: Sharekhan,ACCEPTED,True,2024-01-25,DIRECTLY_RELEVANT,Matches pattern: axis\s+bank.*(?:share(?:s)?|stock|target\s+price|buy|sell|ho
20240124104500-1143,20240124104500,srilankasource.com,https://www.srilankasource.com/news/274104714/credai-mchi-announces-zero-stamp-duty--registration-charges-for-all-home-sales-at-india-largest-property-expo-2024-jan-26-28-jio-world-convention-centre-mumbai,"CREDAI-MCHI announces zero stamp duty & registration charges for all home sales at India's Largest Property Expo 2024, Jan 26-28, Jio World Convention Centre, Mumbai",REJECTED_ENTITY_MATCHER,False,,NOT_RELEVANT,No Axis Bank in headline — V2Org-only retrieval match
20240124104500-505,20240124104500,livemint.com,https://www.livemint.com/market/stock-market-news/stock-market-today-nifty-50-sensex-gain-about-1-each-mid-smallcaps-outperform-investors-pocket-over-5-lakh-crore-11706090049351.html,"Stock market today: Nifty 50, Sensex gain about 1% each; mid, smallcaps outperform; investors pocket over ₹5 lakh crore",REJECTED_ENTITY_MATCHER,False,,NOT_RELEVANT,Generic market roundup/index update
20240124104500-520,20240124104500,hindustantimes.com,https://www.hindustantimes.com/business/stock-market-recovers-from-early-blows-as-sensex-jumps-by-700-points-at-close-nifty-at-21453-101706089146259.html,Stock market recovers from early blows as Sensex jumps by 700 points at close,REJECTED_ENTITY_MATCHER,False,,NOT_RELEVANT,No Axis Bank in headline — V2Org-only retrieval match
20240124110000-684,20240124110000,moneycontrol.com,https://www.moneycontrol.com/news/business/markets/taking-stock-market-gains-1-amid-intraday-recovery-mid-smallcap-shine-12117661.html,"Taking Stock: Market gains 1% amid intraday recovery; mid, smallcap shine",REJECTED_ENTITY_MATCHER,False,,NOT_RELEVANT,No Axis Bank in headline — V2Org-only retrieval match
20240124111500-424,20240124111500,indiatimes.com,https://economictimes.indiatimes.com/markets/stocks/stock-watch/share-market-update-most-active-stocks-of-the-day-in-terms-of-traded-value/articleshow/107113976.cms,active stocks: Share market update: Most active stocks of the day in terms of traded value,REJECTED_ENTITY_MATCHER,False,,NOT_RELEVANT,Generic market roundup/index update
20240124111500-1158,20240124111500,indiatimes.com,https://economictimes.indiatimes.com/markets/stocks/stock-watch/stock-market-update-stocks-that-hit-52-week-lows-on-nse-in-todays-trade/articleshow/107113794.cms,52 week high stocks: Stock market update: Stocks that hit 52-week lows on NSE in today's trade,REJECTED_ENTITY_MATCHER,False,,NOT_RELEVANT,Generic market roundup/index update
20240124111500-646,20240124111500,businesstoday.in,https://www.businesstoday.in/markets/market-commentary/story/sensex-rebounds-690-pts-nifty-ends-above-21450-mtnl-hindalco-jumps-up-to-20-414729-2024-01-24,"Sensex rebounds 690 pts; Nifty ends above 21,450; MTNL, Hindalco jumps up to 20%",REJECTED_ENTITY_MATCHER,False,,NOT_RELEVANT,Generic market roundup/index update
20240124113000-T73,20240124113000,livehindustan.com,https://www.livehindustan.com/gadgets/story-flipkart-month-end-mobile-fest-deal-on-poco-c55-offering-massive-discount-9242323.html,"flipkart month end mobile fest deal on poco c55 offering massive discount - Tech news hindi - 6499 रुपये में आपका होगा 50MP कैमरे वाला फोन, 31 जनवरी तक फ्लिपकार्ट की धमाकेदार सेल, गैजेट्स न्यूज",REJECTED_ENTITY_MATCHER,False,,NOT_RELEVANT,Unrelated topic — no Axis Bank material
20240124113000-1341,20240124113000,investegate.co.uk,https://www.investegate.co.uk:443/announcement/rns/axis-bank-limited--axb/outcome-of-board-meeting-24012024-/8004574,Investegate | Company Announcement,REJECTED_ENTITY_MATCHER,False,,NOT_RELEVANT,Unrelated topic — no Axis Bank material
20240124113000-1367,20240124113000,investegate.co.uk,https://www.investegate.co.uk:443/announcement/rns/axis-bank-limited--axb/revision-in-vesting-period-esos/8004579,Investegate | Company Announcement,REJECTED_ENTITY_MATCHER,False,,NOT_RELEVANT,Unrelated topic — no Axis Bank material
20240124113000-115,20240124113000,outlookindia.com,https://business.outlookindia.com/markets/stocks-to-watch-on-24-january-axis-bank-lt-finance-jsw-energy-others-in-news,"Stocks To Watch On 24 January: Axis Bank, L&T Finance, JSW Energy, Others In News",ACCEPTED,True,2024-01-25,NOT_RELEVANT,Generic market roundup/index update
20240124114500-58,20240124114500,indiatimes.com,https://economictimes.indiatimes.com/markets/stocks/stock-watch/stock-market-update-power-stocks-up-as-market-rises/articleshow/107115233.cms,Stock Market Sectors: Stock market update: Power stocks up as market rises,REJECTED_ENTITY_MATCHER,False,,NOT_RELEVANT,Generic market roundup/index update
20240124114500-411,20240124114500,indiatimes.com,https://economictimes.indiatimes.com/markets/web-stories/gainers-amp-losers-motilal-oswal-axis-bank-among-top-5-stocks-in-spotlight-on-wednesday/slideshow/107114788.cms,"​Gainers & Losers: Motilal Oswal, Axis Bank among top 5 stocks in spotlight on Wednesday",ACCEPTED,True,2024-01-25,DIRECTLY_RELEVANT,Matches pattern: axis\s+bank.*(?:share(?:s)?|stock|target\s+price|buy|sell|ho
20240124114500-440,20240124114500,indiatimes.com,https://economictimes.indiatimes.com/markets/stocks/stock-watch/stock-market-update-nifty-bank-index-advances-0-15/articleshow/107115036.cms,Indices: Stock market update: Nifty Bank index advances 0.15%,REJECTED_ENTITY_MATCHER,False,,NOT_RELEVANT,Generic market roundup/index update
20240124114500-443,20240124114500,indiatimes.com,https://economictimes.indiatimes.com/markets/stocks/stock-watch/stock-market-update-stocks-that-hit-52-week-highs-on-nse-in-todays-trade/articleshow/107114317.cms,52 week high stocks: Stock market update: Stocks that hit 52-week highs on NSE in today's trade,REJECTED_ENTITY_MATCHER,False,,NOT_RELEVANT,Generic market roundup/index update
20240124114500-480,20240124114500,indiatimes.com,https://economictimes.indiatimes.com/markets/options/nifty-bank-tests-200-dma-a-close-above-45500-could-trigger-short-covering/articleshow/107115001.cms,"Nifty Bank tests 200-DMA; a close above 45,500 could trigger short-covering",REJECTED_ENTITY_MATCHER,False,,NOT_RELEVANT,No Axis Bank in headline — V2Org-only retrieval match
20240124114500-805,20240124114500,indiatimes.com,https://economictimes.indiatimes.com/markets/stocks/stock-watch/stock-market-update-sugar-stocks-up-as-market-rises/articleshow/107114861.cms,Stock Market Sectors: Stock market update: Sugar stocks up as market rises,REJECTED_ENTITY_MATCHER,False,,NOT_RELEVANT,Generic market roundup/index update
20240124114500-1004,20240124114500,thehindu.com,https://www.thehindu.com/business/markets/sensex-surges-690-points-to-reclaim-71k-level/article67772298.ece,Sensex surges 690 points to reclaim 71k level,REJECTED_ENTITY_MATCHER,False,,NOT_RELEVANT,No Axis Bank in headline — V2Org-only retrieval match
20240124114500-354,20240124114500,theweek.in,https://www.theweek.in/wire-updates/business/2024/01/24/del37-biz-stocks-close.html,Sensex surges 690 points to reclaim 71k level,REJECTED_ENTITY_MATCHER,False,,NOT_RELEVANT,No Axis Bank in headline — V2Org-only retrieval match
20240124114500-580,20240124114500,theweek.in,https://www.theweek.in/news/biz-tech/2024/01/24/sensex-surges-690-points-to-reclaim-71k-level-tata-steel-hcl-tech-lead-gains.html,"Sensex surges 690 points to reclaim 71k level; Tata Steel, HCL Tech lead gains",REJECTED_ENTITY_MATCHER,False,,NOT_RELEVANT,No Axis Bank in headline — V2Org-only retrieval match
20240124114500-T1525,20240124114500,khaskhabar.com,https://www.business.khaskhabar.com/business-news/sensex-loses-400-points-morning-gain-after-fall-in-axis-bank-614553-BKN.html,एक्सिस बैंक में गिरावट के बाद सेंसेक्स ने सुबह की 400 अंक की बढ़त गंवाई,REJECTED_ENTITY_MATCHER,False,,NOT_RELEVANT,No Axis Bank in headline — V2Org-only retrieval match
20240124120000-1641,20240124120000,indiatimes.com,https://economictimes.indiatimes.com/markets/stocks/stock-watch/stock-market-update-mining-stocks-up-as-market-rises/articleshow/107115661.cms,Stock Market Sectors: Stock market update: Mining stocks up as market rises,REJECTED_ENTITY_MATCHER,False,,NOT_RELEVANT,Generic market roundup/index update
20240124120000-150,20240124120000,financialexpress.com,https://www.financialexpress.com/market/markets-rebound-from-intra-day-lows-nifty-above-21450-key-gainers-on-january-24-include-metal-select-pharma-and-power-stocksnbsp-3373898/,"Markets rebound from intra-day lows, Nifty above 21,450, key gainers on January 24 include metal, select pharma, and power stocks",REJECTED_ENTITY_MATCHER,False,,NOT_RELEVANT,No Axis Bank in headline — V2Org-only retrieval match
20240124120000-457,20240124120000,prokerala.com,https://www.prokerala.com/news/articles/a1499913.html,Araria SP suspends 4 policemen a day after bank robbery,REJECTED_ENTITY_MATCHER,False,,NOT_RELEVANT,No Axis Bank in headline — V2Org-only retrieval match
20240124120000-167,20240124120000,businessinsider.com,https://markets.businessinsider.com/news/stocks/sensex-rebounds-690-points-nifty-tops-21-450-1032991531,"Sensex Rebounds 690 Points; Nifty Tops 21,450",REJECTED_ENTITY_MATCHER,False,,NOT_RELEVANT,No Axis Bank in headline — V2Org-only retrieval match
20240124121500-1025,20240124121500,tribuneindia.com,https://www.tribuneindia.com/news/business/sensex-rebounds-sharply-by-1-per-cent-to-reclaim-71-000-level-tata-steel-hcl-major-winners-584231,"Sensex rebounds sharply by 1 per cent to reclaim 71,000 level; Tata Steel, HCL major winners",REJECTED_ENTITY_MATCHER,False,,NOT_RELEVANT,No Axis Bank in headline — V2Org-only retrieval match
20240124121500-159,20240124121500,news18.com,https://www.news18.com/business/after-tuesday-washout-sensex-surges-690-pts-to-reclaim-71k-level-8753124.html,"Sensex Bounces Back With 690 Point Surge After Tuesday Setback, Reclaims 71K Mark",REJECTED_ENTITY_MATCHER,False,,NOT_RELEVANT,No Axis Bank in headline — V2Org-only retrieval match
20240124121500-1080,20240124121500,businesstoday.in,https://www.businesstoday.in/visualstories/stock/hindalco-dr-reddys-top-gainers-on-nifty50-as-market-rebounds-hdfc-bank-most-active-on-jan-24-93465-24-01-2024,"Hindalco, Dr Reddy's top gainers on Nifty50 as market rebounds; HDFC Bank most active on Jan 24",REJECTED_ENTITY_MATCHER,False,,NOT_RELEVANT,No Axis Bank in headline — V2Org-only retrieval match
20240124121500-606,20240124121500,thestatesman.com,https://www.thestatesman.com/business/benchmark-indices-bounce-back-from-days-low-investors-pocket-over-rs-5-lakh-crore-1503262921.html,"Benchmark indices bounce back from day's low, investors pocket over Rs 5 lakh crore",REJECTED_ENTITY_MATCHER,False,,NOT_RELEVANT,No Axis Bank in headline — V2Org-only retrieval match
20240124121500-T219,20240124121500,moneycontrol.com,https://hindi.moneycontrol.com/news/markets/market-outlook-market-closed-with-gains-know-how-it-may-move-on-january-25-1739261.html,"Market outlook : बढ़त के साथ बंद हुआ बाजार, जानिए 25 जनवरी को कैसी रह सकती है इसकी चाल",REJECTED_ENTITY_MATCHER,False,,NOT_RELEVANT,No Axis Bank in headline — V2Org-only retrieval match
20240124121500-T231,20240124121500,moneycontrol.com,https://hindi.moneycontrol.com/news/markets/tech-mahindra-share-price-may-rise-by-rs-30-dealers-made-bumper-buying-in-the-stock-1739401.html,"30 रुपये उछल सकता है ये आईटी स्टॉक, डीलर्स ने शेयर में कराई बंपर बाईंग",REJECTED_ENTITY_MATCHER,False,,NOT_RELEVANT,No Axis Bank in headline — V2Org-only retrieval match
20240124123000-1284,20240124123000,indiatimes.com,https://economictimes.indiatimes.com/markets/stocks/stock-watch/share-market-update-most-active-stocks-in-todays-market-in-terms-of-volume/articleshow/107116306.cms,share market: Share market update: Most active stocks in today's market in terms of volume,REJECTED_ENTITY_MATCHER,False,,NOT_RELEVANT,Generic market roundup/index update
20240124123000-1451,20240124123000,indiatimes.com,https://economictimes.indiatimes.com/markets/stocks/stock-watch/stock-market-update-fmcg-stocks-up-as-market-rises/articleshow/107116544.cms,Stock Market Sectors: Stock market update: FMCG stocks up as market rises,REJECTED_ENTITY_MATCHER,False,,NOT_RELEVANT,Generic market roundup/index update
20240124123000-T660,20240124123000,nobat.com,https://www.nobat.com/news4004-nd-3a2f0094313238313539.html,નિફ્ટી ફયુચર ૨૧૦૦૮ પોઈન્ટ મહત્ત્વની સપાટી...!!!,REJECTED_ENTITY_MATCHER,False,,NOT_RELEVANT,No Axis Bank in headline — V2Org-only retrieval match
20240124124500-1327,20240124124500,thehindubusinessline.com,https://www.thehindubusinessline.com/markets/sensex-surges-690-points-to-reclaim-71k-level/article67772262.ece,Sensex surges 690 points to reclaim 71k level - The Hindu BusinessLine,REJECTED_ENTITY_MATCHER,False,,NOT_RELEVANT,No Axis Bank in headline — V2Org-only retrieval match
20240124130000-383,20240124130000,oneindia.com,https://www.oneindia.com/india/bank-holidays-on-republic-day-2024-weekend-is-there-a-three-day-holiday-for-banks-get-the-details-3734195.html,Bank Holidays On Republic Day 2024 Weekend: Is There A Three-Day Holiday For Banks? Get The Details,REJECTED_ENTITY_MATCHER,False,,NOT_RELEVANT,No Axis Bank in headline — V2Org-only retrieval match
20240124131500-127,20240124131500,rediff.com,https://www.rediff.com/business/report/sensex-surges-690-points-to-reclaim-71k/20240124.htm,Sensex surges 690 points to reclaim 71K,REJECTED_ENTITY_MATCHER,False,,NOT_RELEVANT,No Axis Bank in headline — V2Org-only retrieval match
20240124131500-T93,20240124131500,indiatimes.com,https://navbharattimes.indiatimes.com/business/share-market/share-news/stock-market-bse-sensex-surges-690-points-breaks-2-day-losing-streak-nifty50-ends-above-21400/articleshow/107117230.cms,"Stock Market: बाजार में लौटी तेजी, 690 अंक उछला सेंसेक्स, निवेशकों को हुआ 5 लाख करोड़ से ज्यादा का मुनाफा",REJECTED_ENTITY_MATCHER,False,,NOT_RELEVANT,No Axis Bank in headline — V2Org-only retrieval match
20240124133000-783,20240124133000,india.com,https://zeenews.india.com/markets/markets-rebound-1-as-metal-commodity-shares-gain-sensex-reclaims-71k-2713493.html,"Markets Rebound 1% As Metal, Commodity Shares Gain; Sensex Reclaims 71K",REJECTED_ENTITY_MATCHER,False,,NOT_RELEVANT,No Axis Bank in headline — V2Org-only retrieval match
20240124141500-1782,20240124141500,rttnews.com,https://www.rttnews.com/3418686/sensex-rebounds-690-points-nifty-tops-21450.aspx,"Sensex Rebounds 690 Points; Nifty Tops 21,450",REJECTED_ENTITY_MATCHER,False,,NOT_RELEVANT,No Axis Bank in headline — V2Org-only retrieval match
20240124143000-490,20240124143000,livemint.com,https://www.livemint.com/market/axis-bank-investors-cautious-on-credit-margin-outlook-11706098763450.html,"Axis Bank investors cautious on credit, margin outlook",ACCEPTED,True,2024-01-25,DIRECTLY_RELEVANT,Matches pattern: axis\s+bank.*(?:investors?|analyst|brokerage|ppop|roe|rar)
20240124144500-126,20240124144500,indiatimes.com,https://economictimes.indiatimes.com/markets/stocks/earnings/pnb-housing-finance-q3-results-net-profit-rises-26-yoy-to-rs-338-crore/articleshow/107120920.cms,PNB Housing Finance Q3 Results: Net profit rises 26% YoY to Rs 338 crore,REJECTED_ENTITY_MATCHER,False,,NOT_RELEVANT,No Axis Bank in headline — V2Org-only retrieval match
20240124144500-1134,20240124144500,indiatimes.com,https://economictimes.indiatimes.com/markets/stocks/earnings/uco-bank-q3-results-net-profit-slumps-23-yoy-to-rs-503-crore/articleshow/107120045.cms,UCO Bank Q3 Results: Net profit slumps 23% YoY to Rs 503 crore,REJECTED_ENTITY_MATCHER,False,,NOT_RELEVANT,No Axis Bank in headline — V2Org-only retrieval match
20240124150000-372,20240124150000,telegraphindia.com,https://www.telegraphindia.com/business/markets-rebound-1-per-cent-as-metal-commodity-shares-gain-sensex-reclaims-71000/cid/1995934,"Stock market | Markets rebound 1 per cent as metal, commodity shares gain; Sensex reclaims 71,000",REJECTED_ENTITY_MATCHER,False,,NOT_RELEVANT,No Axis Bank in headline — V2Org-only retrieval match
20240124151500-572,20240124151500,telegraphindia.com,https://www.telegraphindia.com/feeds/business/markets-rebound-1-per-cent-as-metal-commodity-shares-gain-sensex-reclaims-71000/cid/1995934,"Stock market | Markets rebound 1 per cent as metal, commodity shares gain; Sensex reclaims 71,000",REJECTED_ENTITY_MATCHER,False,,NOT_RELEVANT,No Axis Bank in headline — V2Org-only retrieval match
20240124151500-1282,20240124151500,thehindubusinessline.com,https://www.thehindubusinessline.com/markets/stock-market-highlights-24-january-2024/article67768511.ece,"Share Market Highlights 24 January 2024: Sensex closes over 650 pts higher; Nifty above 21,450; Media stocks shine",REJECTED_ENTITY_MATCHER,False,,NOT_RELEVANT,No Axis Bank in headline — V2Org-only retrieval match
20240124161500-2055,20240124161500,moneycontrol.com,https://www.moneycontrol.com/news/business/markets/diis-buy-big-while-fiis-continue-dumping-shares-gift-nifty-trades-flat-12120151.html,DIIs buy big while FIIs continue dumping shares; Gift Nifty trades flat,REJECTED_ENTITY_MATCHER,False,,NOT_RELEVANT,No Axis Bank in headline — V2Org-only retrieval match
20240124163000-T355,20240124163000,webdunia.com,https://hindi.webdunia.com/stock-market/sensex-jumped-690-points-124012400092_1.html,"शेयर बाजार में तेजी लौटी, सेंसेक्स 690 अंक उछला",REJECTED_ENTITY_MATCHER,False,,NOT_RELEVANT,No Axis Bank in headline — V2Org-only retrieval match
20240124164500-2257,20240124164500,businessinsider.in,https://www.businessinsider.in/stock-market/news/sensex-nifty-rebound-sharply-to-gain-over-1-on-bargain-hunting/articleshow/107116372.cms,"Sensex, Nifty rebound sharply to gain over 1% on bargain hunting",REJECTED_ENTITY_MATCHER,False,,NOT_RELEVANT,No Axis Bank in headline — V2Org-only retrieval match
20240124170000-1954,20240124170000,moneycontrol.com,https://www.moneycontrol.com/news/business/markets/trade-setup-for-thursday-15-things-to-know-before-opening-bell-18-12120031.html,Trade setup for Thursday: 15 things to know before opening bell,REJECTED_ENTITY_MATCHER,False,,NOT_RELEVANT,No Axis Bank in headline — V2Org-only retrieval match
20240124171500-2393,20240124171500,indiatimes.com,https://economictimes.indiatimes.com/markets/stocks/news/ahead-of-market-10-things-that-will-decide-d-street-action-on-thursday/articleshow/107122234.cms,Ahead of Market: 10 things that will decide D-Street action on Thursday,REJECTED_ENTITY_MATCHER,False,,NOT_RELEVANT,Generic market roundup/index update
20240124171500-2346,20240124171500,centralchronicle.com,https://www.centralchronicle.com/sensex-surges-689-76-pts/,Sensex surges 689.76 pts – Central India's Premier English Daily,REJECTED_ENTITY_MATCHER,False,,NOT_RELEVANT,No Axis Bank in headline — V2Org-only retrieval match
20240124173000-2154,20240124173000,rttnews.com,https://www.rttnews.com/story.aspx?Id=3418686,"Sensex Rebounds 690 Points; Nifty Tops 21,450",REJECTED_ENTITY_MATCHER,False,,NOT_RELEVANT,No Axis Bank in headline — V2Org-only retrieval match
20240124180000-126,20240124180000,india.com,https://zeenews.india.com/personal-finance/bank-holiday-alert-financial-institutions-to-be-closed-on-three-consecutive-days-this-month-2713563.html,Bank Holiday ALERT! Financial Institutions To Be Closed On Three Consecutive Days This Month,REJECTED_ENTITY_MATCHER,False,,NOT_RELEVANT,No Axis Bank in headline — V2Org-only retrieval match
20240124180000-T155,20240124180000,sharemanthan.in,https://www.sharemanthan.in/61-news/corporate-update/73875-axis-bank-profit-q3-nii-fund-deposit-24012024,तीसरी तिमाही में ऐक्सिस बैंक का मुनाफा 3.7% बढ़ा,REJECTED_ENTITY_MATCHER,False,,NOT_RELEVANT,No Axis Bank in headline — V2Org-only retrieval match
20240124180000-T156,20240124180000,sharemanthan.in,https://www.sharemanthan.in/60-stock-market/73868-sensex-nifty-bank-market-closing-review-24012024,"बाजार में निचले स्तरों से शानदार सुधार,निफ्टी 215, सेंसेक्स 689 अंक चढ़ कर बंद",REJECTED_ENTITY_MATCHER,False,,NOT_RELEVANT,No Axis Bank in headline — V2Org-only retrieval match
20240124191500-23,20240124191500,indiatimes.com,https://economictimes.indiatimes.com/industry/banking/finance/india-tech-stack-can-revolutionise-credit-assessment-fico-ceo/articleshow/107123892.cms,fico: India tech stack can revolutionise credit assessment: Fico CEO,REJECTED_ENTITY_MATCHER,False,,NOT_RELEVANT,No Axis Bank in headline — V2Org-only retrieval match
20240125014500-T710,20240125014500,indiatimes.com,https://navbharattimes.indiatimes.com/business/share-market/share-news/stock-market-prediction-today-there-are-signs-of-bumper-bullish-trend-in-these-stocks-including-icici-bank/articleshow/107123193.cms,Stock Market Prediction: मुनाफा कमाने के लिए आज Sun Pharma और ICICI Bank सहित इन शेयरों पर लगाएं दांव,REJECTED_ENTITY_MATCHER,False,,NOT_RELEVANT,No Axis Bank in headline — V2Org-only retrieval match
20240125024500-344,20240125024500,indiatimes.com,https://economictimes.indiatimes.com/markets/stocks/news/despite-weak-nim-overall-health-makes-axis-bank-a-top-pick/articleshow/107127344.cms,"Axis Bank share price: Despite weak NIM, overall health makes Axis Bank a top pick",ACCEPTED,True,2024-01-25,DIRECTLY_RELEVANT,Matches pattern: axis\s+bank.*(?:profit|pat|nii|nim|npa|net\s+profit|net\s+in
20240125030000-965,20240125030000,dailyexcelsior.com,https://www.dailyexcelsior.com/sensex-surges-690-points-to-reclaim-71k-level/,Sensex surges 690 points to reclaim 71k level,REJECTED_ENTITY_MATCHER,False,,NOT_RELEVANT,No Axis Bank in headline — V2Org-only retrieval match
20240125044500-362,20240125044500,businesstoday.in,https://www.businesstoday.in/markets/market-commentary/story/sensex-nifty-slip-in-opening-trade-lauras-labs-tech-mahindra-pnb-housing-down-up-to-6-414802-2024-01-25,"Sensex, Nifty slip in opening trade; Lauras Labs, Tech Mahindra & PNB Housing down up to 6%",REJECTED_ENTITY_MATCHER,False,,NOT_RELEVANT,No Axis Bank in headline — V2Org-only retrieval match
20240125051500-1154,20240125051500,indiatimes.com,https://economictimes.indiatimes.com/markets/stocks/stock-watch/stock-market-update-fmcg-stocks-up-as-market-falls/articleshow/107132533.cms,Stock Market Sectors: Stock market update: FMCG stocks up as market falls,REJECTED_ENTITY_MATCHER,False,,NOT_RELEVANT,Generic market roundup/index update
20240125051500-637,20240125051500,indiatimes.com,https://economictimes.indiatimes.com/markets/stocks/stock-watch/stock-market-update-power-stocks-up-as-market-falls/articleshow/107132432.cms,Stock Market Sectors: Stock market update: Power stocks up as market falls,REJECTED_ENTITY_MATCHER,False,,NOT_RELEVANT,Generic market roundup/index update
20240125051500-743,20240125051500,indiatimes.com,https://economictimes.indiatimes.com/markets/stocks/stock-watch/stock-market-update-stocks-that-hit-52-week-highs-on-nse/articleshow/107131859.cms,52 week high stocks: Stock market update: Stocks that hit 52-week highs on NSE,REJECTED_ENTITY_MATCHER,False,,NOT_RELEVANT,Generic market roundup/index update
20240125051500-498,20240125051500,indiatimes.com,https://economictimes.indiatimes.com/markets/stocks/stock-watch/stock-market-update-stocks-that-hit-52-week-lows-on-nse/articleshow/107132156.cms,52 week high stocks: Stock market update: Stocks that hit 52-week lows on NSE,REJECTED_ENTITY_MATCHER,False,,NOT_RELEVANT,Generic market roundup/index update
20240125051500-56,20240125051500,news18.com,https://www.news18.com/business/stock-market-updates-sensex-nifty-flat-in-early-trade-8753693.html,Stock Market Updates: Markets Fall In Early Trade Dragged By IT Stocks,REJECTED_ENTITY_MATCHER,False,,NOT_RELEVANT,Generic market roundup/index update
20240125054500-46,20240125054500,indiatimes.com,https://economictimes.indiatimes.com/markets/expert-view/saas-bahu-serial-unfolding-in-zee-raymond-do-sip-to-take-advantage-of-the-perfect-storm-in-private-banks-sanjiv-bhasin/articleshow/107133246.cms,"Sanjiv Bhasin | Sanjiv Bhasin stocks: Saas-bahu serial unfolding in Zee, Raymond; do SIP to take advantage of the perfect storm in private banks: Sanjiv Bhasin",REJECTED_ENTITY_MATCHER,False,,NOT_RELEVANT,No Axis Bank in headline — V2Org-only retrieval match
20240125054500-152,20240125054500,thehindubusinessline.com,https://www.thehindubusinessline.com/markets/share-market-nifty-sensex-live-updates-25-january-2024/article67773490.ece,"Stock Market Live Updates 25 January 2024: Updates: Sensex slips below 71,000, Nifty struggles as global headwinds impact Indian markets",REJECTED_ENTITY_MATCHER,False,,NOT_RELEVANT,Generic market roundup/index update
20240125054500-613,20240125054500,indiatimes.com,https://economictimes.indiatimes.com/markets/stocks/stock-watch/stock-market-update-fertilisers-stocks-mixed-as-market-falls/articleshow/107133375.cms,Stock Market Sectors: Stock market update: Fertilisers stocks mixed as market falls,REJECTED_ENTITY_MATCHER,False,,NOT_RELEVANT,Generic market roundup/index update
20240125054500-797,20240125054500,indiatimes.com,https://economictimes.indiatimes.com/markets/stocks/stock-watch/stock-market-update-nifty-bank-index-falls-0-88-in-a-weak-market/articleshow/107132623.cms,Indices: Stock market update: Nifty Bank index falls 0.88% in a weak market,REJECTED_ENTITY_MATCHER,False,,NOT_RELEVANT,Generic market roundup/index update
20240125060000-717,20240125060000,indiatimes.com,https://economictimes.indiatimes.com/markets/ipos/fpos/euphoria-infotech-india-ipo-check-allotment-status-gmp-other-details/articleshow/107133354.cms,"euphoria infotech india ipo: Euphoria Infotech India IPO: Check allotment status, GMP, other details",REJECTED_ENTITY_MATCHER,False,,NOT_RELEVANT,No Axis Bank in headline — V2Org-only retrieval match
20240125060000-377,20240125060000,indiatimes.com,https://economictimes.indiatimes.com/markets/stocks/news/sensex-falls-over-100-points-on-losses-in-it-stocks-nifty-below-21450/articleshow/107131178.cms,Sensex crash today: Sensex crashes 700 points: 6 factors behind the selloff today,REJECTED_ENTITY_MATCHER,False,,NOT_RELEVANT,No Axis Bank in headline — V2Org-only retrieval match
20240125060000-870,20240125060000,indiatimes.com,https://economictimes.indiatimes.com/markets/stocks/stock-watch/stock-market-update-sugar-stocks-up-as-market-falls/articleshow/107133678.cms,Stock Market Sectors: Stock market update: Sugar stocks up as market falls,REJECTED_ENTITY_MATCHER,False,,NOT_RELEVANT,Generic market roundup/index update
20240125060000-628,20240125060000,indiatimes.com,https://economictimes.indiatimes.com/markets/stocks/stock-watch/stock-market-update-mining-stocks-up-as-market-falls/articleshow/107133841.cms,Stock Market Sectors: Stock market update: Mining stocks up as market falls,REJECTED_ENTITY_MATCHER,False,,NOT_RELEVANT,Generic market roundup/index update
20240125060000-376,20240125060000,indiatimes.com,https://economictimes.indiatimes.com/markets/stocks/stock-watch/share-market-update-most-active-stocks-of-the-day-in-terms-of-total-traded-value/articleshow/107133528.cms,active stocks: Share market update: Most active stocks of the day in terms of total traded value,REJECTED_ENTITY_MATCHER,False,,NOT_RELEVANT,Generic market roundup/index update
20240125061500-T1359,20240125061500,livehindustan.com,https://www.livehindustan.com/business/story-stock-market-today-25-jan-2024-sensex-open-71022-points-these-share-in-focus-9245931.html,"Stock Market Today 25 Jan 2024 sensex open 71022 points these share in focus - शेयर बाजार में भूचाल: 700 अंक टूटा सेंसेक्स, 3 घंटे में ही निवेशकों के डूब गए ₹1.77 लाख करोड़ , Business News",REJECTED_ENTITY_MATCHER,False,,NOT_RELEVANT,Generic market roundup/index update
20240125061500-1063,20240125061500,thehindubusinessline.com,https://www.thehindubusinessline.com/markets/sensex-opens-200-pts-lower-nifty-hovers-around-21400-in-early-trade-amid-volatility/article67775189.ece,"Sensex opens 200 pts lower, Nifty hovers around 21,400 in early trade amid volatility",REJECTED_ENTITY_MATCHER,False,,NOT_RELEVANT,No Axis Bank in headline — V2Org-only retrieval match
20240125063000-T2621,20240125063000,khaskhabar.com,https://www.khaskhabar.com/news/india-news/news-sensex-falls-600-points-due-to-heavy-selling-in-tech-mahindra-shares-news-hindi-1-614729-KKN.html,Sensex falls 600 points due to heavy selling in Tech Mahindra shares,REJECTED_ENTITY_MATCHER,False,,NOT_RELEVANT,No Axis Bank in headline — V2Org-only retrieval match
20240125063000-1422,20240125063000,indiatimes.com,https://economictimes.indiatimes.com/markets/stocks/stock-watch/share-market-update-most-active-stocks-on-d-street-today-in-terms-of-volume/articleshow/107134424.cms,share market: Share market update: Most active stocks on D-Street today in terms of volume,REJECTED_ENTITY_MATCHER,False,,NOT_RELEVANT,Generic market roundup/index update
20240125063000-965,20240125063000,theweek.in,https://www.theweek.in/news/biz-tech/2024/01/25/sensex-nifty-slump-in-early-trade-tech-mahindra-falls-nearly-4.html,"Sensex, Nifty slump in early trade; Tech Mahindra falls nearly 4%",REJECTED_ENTITY_MATCHER,False,,NOT_RELEVANT,Generic market roundup/index update
20240125063000-1384,20240125063000,theweek.in,https://www.theweek.in/wire-updates/business/2024/01/25/del9-biz-stocks-open.html,Markets fall in early trade dragged by IT stocks foreign fund outflows,REJECTED_ENTITY_MATCHER,False,,NOT_RELEVANT,No Axis Bank in headline — V2Org-only retrieval match
20240125063000-198,20240125063000,thehindu.com,https://www.thehindu.com/business/markets/sensex-updates-on-january-25-2024/article67775261.ece,"Markets declines 227 points in early trade dragged by IT stocks, foreign fund outflows",REJECTED_ENTITY_MATCHER,False,,NOT_RELEVANT,No Axis Bank in headline — V2Org-only retrieval match
20240125064500-1148,20240125064500,telegraphindia.com,https://www.telegraphindia.com/feeds/business/markets-fall-in-early-trade-dragged-by-it-stocks-foreign-fund-outflows/cid/1996063,"Stock market | Markets fall in early trade dragged by IT stocks, foreign fund outflows",REJECTED_ENTITY_MATCHER,False,,NOT_RELEVANT,No Axis Bank in headline — V2Org-only retrieval match
20240125071500-1012,20240125071500,moneycontrol.com,https://www.moneycontrol.com/news/business/markets/sensex-nifty-plunge-3-from-record-highs-fpi-selloff-not-linked-to-sebis-circular-says-hdfc-bank-12122611.html,"Sensex, Nifty plunge 3% from record highs; FPI selloff not linked to Sebi's circular, says HDFC Bank",REJECTED_ENTITY_MATCHER,False,,NOT_RELEVANT,No Axis Bank in headline — V2Org-only retrieval match
20240125071500-583,20240125071500,prokerala.com,https://www.prokerala.com/news/articles/a1500127.html,Sensex down 700 points led by slump in Tech Mahindra,REJECTED_ENTITY_MATCHER,False,,NOT_RELEVANT,No Axis Bank in headline — V2Org-only retrieval match
20240125080000-T268,20240125080000,khaskhabar.com,https://www.business.khaskhabar.com/daily-news.php/sensex-falls-600-points-due-to-heavy-selling-in-tech-mahindra-shares-614756-BKN.html,टेक महिंद्रा के शेयरों में भारी बिकवाली से सेंसेक्स 600 अंक टूटा,REJECTED_ENTITY_MATCHER,False,,NOT_RELEVANT,No Axis Bank in headline — V2Org-only retrieval match
20240125080000-T269,20240125080000,punjabkesari.com,https://www.punjabkesari.com/business-news/stock-market-opening-stock-market-up-today-sensex-crosses-71000/,"Stock Market Opening: शेयर बाजार में आज तेजी, सेंसेक्स 71000 के पार - Stock Market Up Today, Sensex Crosses 71000",REJECTED_ENTITY_MATCHER,False,,NOT_RELEVANT,No Axis Bank in headline — V2Org-only retrieval match
20240125081500-1191,20240125081500,telegraphindia.com,https://www.telegraphindia.com/business/markets-fall-in-early-trade-dragged-by-it-stocks-foreign-fund-outflows/cid/1996063,"Stock market | Markets fall in early trade dragged by IT stocks, foreign fund outflows",REJECTED_ENTITY_MATCHER,False,,NOT_RELEVANT,No Axis Bank in headline — V2Org-only retrieval match
20240125081500-T1341,20240125081500,sharemanthan.in,https://www.sharemanthan.in/component/tags/tag/%E0%A4%A8%E0%A5%87%E0%A4%B6%E0%A4%A8%E0%A4%B2-%E0%A4%AB%E0%A4%B0%E0%A5%8D%E0%A4%9F%E0%A4%BF%E0%A4%B2%E0%A4%BE%E0%A4%87%E0%A4%9C%E0%A4%B0%E0%A5%8D%E0%A4%B8,नेशनल फर्टिलाइजर्स,REJECTED_NON_ARTICLE_URL,False,,NOT_RELEVANT,No Axis Bank in headline — V2Org-only retrieval match
20240125083000-677,20240125083000,india.com,https://zeenews.india.com/markets/markets-fall-in-early-trade-dragged-by-it-stocks-foreign-fund-outflows-2713692.html,"Markets Fall In Early Trade Dragged By IT Stocks, Foreign Fund Outflows",REJECTED_ENTITY_MATCHER,False,,NOT_RELEVANT,No Axis Bank in headline — V2Org-only retrieval match
20240125084500-637,20240125084500,indiatimes.com,https://economictimes.indiatimes.com/industry/banking/finance/banking/indias-private-banks-hold-on-to-loan-growth-target-despite-growing-headwinds/articleshow/107139016.cms,loan: India's private banks hold on to loan growth target despite growing headwinds,REJECTED_ENTITY_MATCHER,False,,NOT_RELEVANT,No Axis Bank in headline — V2Org-only retrieval match
20240125084500-773,20240125084500,businesstoday.in,https://www.businesstoday.in/markets/trending-stocks/story/hdfc-bank-max-financial-bandhan-bank-among-fpi-fav-shares-seeing-selloff-in-results-season-414825-2024-01-25,"HDFC Bank, Max Financial, Bandhan Bank among FPI fav shares seeing selloff in results season",REJECTED_ENTITY_MATCHER,False,,NOT_RELEVANT,No Axis Bank in headline — V2Org-only retrieval match
20240125084500-263,20240125084500,marketscreener.com,https://www.marketscreener.com/quote/stock/INDUSLND-BANK-LIMITED-9059225/news/India-s-private-banks-hold-on-to-loan-growth-target-despite-growing-headwinds-45809982/,India's private banks hold on to loan growth target despite growing headwinds,REJECTED_ENTITY_MATCHER,False,,NOT_RELEVANT,No Axis Bank in headline — V2Org-only retrieval match
20240125084500-T424,20240125084500,tarunmitra.in,https://www.tarunmitra.in/article/17467/selling-pressure-increased-in-early-trade-big-fall-in-sensex-nifty,"शुरुआती कारोबार में बढ़ा बिकवाली का दबाव, सेंसेक्स-निफ्टी में बड़ी गिरावट",REJECTED_ENTITY_MATCHER,False,,NOT_RELEVANT,No Axis Bank in headline — V2Org-only retrieval match
20240125094500-649,20240125094500,zawya.com,https://www.zawya.com/en/world/indian-sub-continent/indias-private-banks-hold-on-to-loan-growth-target-despite-growing-headwinds-acwko87y,India's private banks hold on to loan growth target despite growing headwinds,REJECTED_ENTITY_MATCHER,False,,NOT_RELEVANT,No Axis Bank in headline — V2Org-only retrieval match
20240125100000-7,20240125100000,thehindubusinessline.com,https://www.thehindubusinessline.com/markets/midday-market-update-sensex-under-70500-nifty-dips-below-21300/article67775661.ece,"Midday market update: Sensex under 70,500, Nifty dips below 21,300",REJECTED_ENTITY_MATCHER,False,,NOT_RELEVANT,Generic market roundup/index update
20240125101500-579,20240125101500,moneycontrol.com,https://www.moneycontrol.com/news/technology/rupay-credit-card-monthly-spending-crosses-rs-10000-crore-doubles-market-share-12125211.html,"Rupay credit card monthly spending crosses Rs 10,000 crore; doubles market share",REJECTED_ENTITY_MATCHER,False,,NOT_RELEVANT,No Axis Bank in headline — V2Org-only retrieval match
20240125103000-179,20240125103000,ibtimes.co.in,https://www.ibtimes.co.in/sensex-down-700-points-led-by-slump-tech-mahindra-865638,Sensex down 700 points led by slump in Tech Mahindra,REJECTED_ENTITY_MATCHER,False,,NOT_RELEVANT,No Axis Bank in headline — V2Org-only retrieval match
20240125103000-T2054,20240125103000,tarunmitra.in,https://www.tarunmitra.in/article/17520/selling-pressure-increased-in-early-trade-big-fall-in-sensex-nifty,"शुरुआती कारोबार में बढ़ा बिकवाली का दबाव, सेंसेक्स-निफ्टी में बड़ी गिरावट",REJECTED_ENTITY_MATCHER,False,,NOT_RELEVANT,No Axis Bank in headline — V2Org-only retrieval match
20240125104500-908,20240125104500,bilkulonline.com,https://bilkulonline.com/2024/01/25/sensex-down-700-points-led-by-slump-in-tech-mahindra/,Sensex down 700 points led by slump in Tech Mahindra,REJECTED_ENTITY_MATCHER,False,,NOT_RELEVANT,No Axis Bank in headline — V2Org-only retrieval match
20240125111500-T1144,20240125111500,khaskhabar.com,https://www.business.khaskhabar.com/business-news/sensex-falls-600-points-due-to-heavy-selling-in-tech-mahindra-shares-614756-BKN.html,टेक महिंद्रा के शेयरों में भारी बिकवाली से सेंसेक्स 600 अंक टूटा,REJECTED_ENTITY_MATCHER,False,,NOT_RELEVANT,No Axis Bank in headline — V2Org-only retrieval match
20240125114500-1070,20240125114500,indiatimes.com,https://economictimes.indiatimes.com/markets/stocks/stock-watch/share-market-update-most-active-stocks-of-the-day-in-terms-of-traded-value/articleshow/107145315.cms,active stocks: Share market update: Most active stocks of the day in terms of traded value,REJECTED_ENTITY_MATCHER,False,,NOT_RELEVANT,Generic market roundup/index update
20240125114500-1385,20240125114500,indiatimes.com,https://economictimes.indiatimes.com/markets/stocks/stock-watch/stock-market-update-nifty-bank-index-falls-0-48/articleshow/107146581.cms,Indices: Stock market update: Nifty Bank index falls 0.48%,REJECTED_ENTITY_MATCHER,False,,NOT_RELEVANT,Generic market roundup/index update
20240125120000-706,20240125120000,indiatimes.com,https://economictimes.indiatimes.com/markets/options/nifty-bank-slips-below-45000-44500-likely-to-act-as-big-support-next-week/articleshow/107147692.cms,"Nifty Bank slips below 45,000; 44,500 likely to act as big support next week",REJECTED_ENTITY_MATCHER,False,,NOT_RELEVANT,No Axis Bank in headline — V2Org-only retrieval match
20240125123000-T886,20240125123000,moneycontrol.com,https://hindi.moneycontrol.com/news/markets/ambuja-cement-share-price-can-rise-by-rs-20-it-will-be-beneficial-to-take-a-position-in-this-pnb-stock-1741671.html,"20 रुपये चढ़ सकता है ये सीमेंट स्टॉक, इस बैंकिंग स्टॉक में पोजीशन लेने से होगा फायदा",REJECTED_ENTITY_MATCHER,False,,NOT_RELEVANT,No Axis Bank in headline — V2Org-only retrieval match
20240125123000-1246,20240125123000,prokerala.com,https://www.prokerala.com/news/articles/a1500276.html,Domestic equities plunge on profit booking,REJECTED_ENTITY_MATCHER,False,,NOT_RELEVANT,No Axis Bank in headline — V2Org-only retrieval match
20240125124500-871,20240125124500,indiatimes.com,https://economictimes.indiatimes.com/markets/stocks/news/back-in-game-after-1-year-adani-stocks-recover-most-of-their-losses-from-hindenburg-blow/articleshow/107148729.cms,"Back In Game! After 1 year, Adani stocks recover most of their losses from Hindenburg blow",REJECTED_ENTITY_MATCHER,False,,NOT_RELEVANT,No Axis Bank in headline — V2Org-only retrieval match
20240125143000-218,20240125143000,vccircle.com,https://www.vccircle.com/axiscapital-loses-two-senior-investment-bankers,Axis Capital loses two senior investment bankers,REJECTED_ENTITY_MATCHER,False,,NOT_RELEVANT,No Axis Bank in headline — V2Org-only retrieval match
20240125144500-215,20240125144500,moneylife.in,https://www.moneylife.in/article/nifty-sensex-moving-sideways-weekly-closing-report/73224.html,"Nifty, Sensex Moving Sideways - Weekly Closing Report",REJECTED_ENTITY_MATCHER,False,,NOT_RELEVANT,No Axis Bank in headline — V2Org-only retrieval match
20240125161500-T581,20240125161500,samaylive.com,http://www.samaylive.com/business-news-in-hindi/503376/sensex-falls-600-points-due-to-heavy-selling-in-tech-mahindra-shares.html,टेक महिंद्रा के शेयरों में भारी बिकवाली से सेंसेक्स 600 अंक टूटा,REJECTED_ENTITY_MATCHER,False,,NOT_RELEVANT,No Axis Bank in headline — V2Org-only retrieval match
20240125163000-1091,20240125163000,thestatesman.com,https://www.thestatesman.com/business/market-watch-benchmark-indices-nurse-losses-fii-selling-weighs-on-sentiment-1503263332.html,"Market Watch: Benchmark indices nurse losses, FII selling weighs on sentiment",REJECTED_ENTITY_MATCHER,False,,NOT_RELEVANT,No Axis Bank in headline — V2Org-only retrieval match
20240125163000-T1324,20240125163000,nayaindia.com,https://www.nayaindia.com/business/tech-mahindra-share-444427.html,Sensex Fall 600 Point Due To Heavy Selling In Tech Mahindra Share टेक महिंद्रा के शेयरों में भारी बिकवाली से सेंसेक्स 600 अंक टूटा,REJECTED_ENTITY_MATCHER,False,,NOT_RELEVANT,No Axis Bank in headline — V2Org-only retrieval match
20240125183000-478,20240125183000,indiatimes.com,https://economictimes.indiatimes.com/markets/stocks/news/four-companies-get-sebis-nod-to-launch-ipos/articleshow/107154008.cms,sebi ipo nod: Four companies get Sebi's nod to launch IPOs,REJECTED_ENTITY_MATCHER,False,,NOT_RELEVANT,No Axis Bank in headline — V2Org-only retrieval match
20240125210000-1564,20240125210000,financialexpress.com,https://www.financialexpress.com/money/credit-cards-in-force-touch-98-million-in-december-3375603/,Credit cards in force touch 98 million in December,REJECTED_ENTITY_MATCHER,False,,NOT_RELEVANT,No Axis Bank in headline — V2Org-only retrieval match
20240125213000-T2427,20240125213000,amarujala.com,https://www.amarujala.com/lucknow/a-gold-loan-of-rs-123-crore-was-taken-by-giving-fake-jewellery-raebareli-news-c-101-1-slko1033-109854-2024-01-26,A Gold Loan Of Rs 1.23 Crore Was Taken By Giving Fake Jewellery - Lucknow News - Lucknow News:नकली जेवर देकर 1.23 करोड़ का गोल्ड लोन डकारा,REJECTED_ENTITY_MATCHER,False,,NOT_RELEVANT,No Axis Bank in headline — V2Org-only retrieval match
20240125221500-1388,20240125221500,indiatimes.com,https://timesofindia.indiatimes.com/india/earth-care-awards-recognizing-climate-warriors/articleshow/107155823.cms,Earth Care Awards - Recognizing Climate Warriors | India News,REJECTED_ENTITY_MATCHER,False,,NOT_RELEVANT,No Axis Bank in headline — V2Org-only retrieval match
20240126021500-33,20240126021500,indiatimes.com,https://economictimes.indiatimes.com/industry/banking/finance/banking/view-indias-lending-boom-can-be-safer-if-not-slower/articleshow/107158099.cms,How UPI could revolutionise consumer credit in India,REJECTED_ENTITY_MATCHER,False,,NOT_RELEVANT,No Axis Bank in headline — V2Org-only retrieval match
20240126024500-179,20240126024500,businesstoday.in,https://www.businesstoday.in/markets/top-story/story/stock-market-holiday-are-bse-nse-closed-on-january-26-full-list-of-holidays-414951-2024-01-26,"Stock market holiday: Are BSE, NSE closed on January 26? Full list of holidays",REJECTED_ENTITY_MATCHER,False,,NOT_RELEVANT,No Axis Bank in headline — V2Org-only retrieval match
20240126040000-986,20240126040000,business-standard.com,https://www.business-standard.com/economy/news/as-consumer-credit-grows-india-s-lending-boom-can-be-safer-if-not-slower-124012600076_1.html,"As consumer credit grows, India's lending boom can be safer, if not slower",REJECTED_ENTITY_MATCHER,False,,NOT_RELEVANT,No Axis Bank in headline — V2Org-only retrieval match
20240126041500-878,20240126041500,indiatimes.com,https://economictimes.indiatimes.com/markets/stocks/news/sc-relief-for-sebi-on-sat-ruling-in-karvy-pledge-case/articleshow/107159435.cms,Karvy pledge case: SC relief for Sebi on SAT ruling in Karvy pledge case,REJECTED_ENTITY_MATCHER,False,,NOT_RELEVANT,No Axis Bank in headline — V2Org-only retrieval match
20240126041500-452,20240126041500,indiatimes.com,https://economictimes.indiatimes.com/markets/ipos/fpos/sebi-gives-nod-for-four-ipos/articleshow/107159876.cms,Sebi gives nod for four IPOs,REJECTED_ENTITY_MATCHER,False,,NOT_RELEVANT,No Axis Bank in headline — V2Org-only retrieval match
20240126043000-314,20240126043000,moneycontrol.com,https://www.moneycontrol.com/news/opinion/indias-lending-boom-must-take-the-next-logical-step-through-upi-12127081.html,India's lending boom must take the next logical step through UPI,REJECTED_ENTITY_MATCHER,False,,NOT_RELEVANT,No Axis Bank in headline — V2Org-only retrieval match
20240126053000-901,20240126053000,businesstelegraph.co.uk,https://www.businesstelegraph.co.uk/how-upi-could-revolutionise-consumer-credit-in-india/,How UPI could revolutionise consumer credit in India,REJECTED_ENTITY_MATCHER,False,,NOT_RELEVANT,No Axis Bank in headline — V2Org-only retrieval match
20240126053000-1019,20240126053000,moneycontrol.com,https://www.moneycontrol.com/news/trends/legal/sebi-gets-sc-stay-on-sat-order-in-karvy-case-nse-nsdl-pleas-listed-for-jan-29-12128811.html,"Sebi gets SC stay on SAT order in Karvy case, NSE, NSDL pleas listed for Jan 29",REJECTED_ENTITY_MATCHER,False,,NOT_RELEVANT,No Axis Bank in headline — V2Org-only retrieval match
20240126054500-159,20240126054500,businesstoday.in,https://www.businesstoday.in/markets/top-story/story/supreme-court-breather-for-sebi-on-sat-ruling-in-karvy-pledge-case-414963-2024-01-26,Supreme Court breather for Sebi on SAT ruling in Karvy pledge case,REJECTED_ENTITY_MATCHER,False,,NOT_RELEVANT,No Axis Bank in headline — V2Org-only retrieval match
20240126064500-700,20240126064500,indiatimes.com,https://economictimes.indiatimes.com/markets/expert-view/buy-it-midcaps-on-dips-may-consider-hdfc-bank-at-around-rs-1300-sandip-sabharwal/articleshow/107162592.cms,"Buy IT midcaps on dips; may consider HDFC Bank at around Rs 1,300: Sandip Sabharwal",REJECTED_ENTITY_MATCHER,False,,NOT_RELEVANT,No Axis Bank in headline — V2Org-only retrieval match
20240126074500-539,20240126074500,india.com,https://zeenews.india.com/personal-finance/tax-saving-fds-with-lucrative-returns-compare-fixed-deposit-rates-of-major-banks-here-2714229.html,Tax-Saving FDs With Lucrative Returns: Compare Fixed Deposit Rates Of Major Banks Here,REJECTED_ENTITY_MATCHER,False,,NOT_RELEVANT,No Axis Bank in headline — V2Org-only retrieval match
20240126083000-620,20240126083000,livemint.com,https://www.livemint.com/money/personal-finance/credit-cards-in-india-to-soon-hit-100-million-mark-rbi-data-reveals-11706250229758.html,"Credit cards in India to soon hit 100-million mark, RBI data reveals",REJECTED_ENTITY_MATCHER,False,,NOT_RELEVANT,No Axis Bank in headline — V2Org-only retrieval match
20240126083000-842,20240126083000,livemint.com,https://www.livemint.com/market/stock-market-news/nifty-50-slid-for-the-second-week-in-a-row-stock-market-hul-hdfc-bank-bajaj-finance-tcs-sbi-itc-oil-prices-fpi-11706183981836.html,"Nifty 50 slid for the second week in a row, 27 stocks shut in the red",REJECTED_ENTITY_MATCHER,False,,NOT_RELEVANT,No Axis Bank in headline — V2Org-only retrieval match
20240126094500-209,20240126094500,indiatimes.com,https://economictimes.indiatimes.com/markets/stocks/news/european-shares-rise-on-strong-results-from-lvmh-remy-cointreau/articleshow/107166839.cms,"European shares rise on strong results from LVMH, Remy Cointreau",REJECTED_ENTITY_MATCHER,False,,NOT_RELEVANT,No Axis Bank in headline — V2Org-only retrieval match
20240126111500-483,20240126111500,thestatesman.com,https://www.thestatesman.com/business/stock-market-to-remain-closed-today-on-account-of-republic-day-1503263590.html,Stock market to remain closed today on account of Republic Day,REJECTED_ENTITY_MATCHER,False,,NOT_RELEVANT,No Axis Bank in headline — V2Org-only retrieval match
20240126114500-T567,20240126114500,moneycontrol.com,https://hindi.moneycontrol.com/news/markets/sebi-gets-sc-stay-on-sat-order-in-karvy-case-nse-and-nsdl-pleas-listed-for-jan-29-1743151.html,"सुप्रीम कोर्ट ने कार्वी ब्रोकिंग केस में SAT के ऑर्डर पर रोक लगाई, NSE और NSDL की याचिकाओं पर 29 जनवरी को सुनवाई",REJECTED_ENTITY_MATCHER,False,,NOT_RELEVANT,No Axis Bank in headline — V2Org-only retrieval match
20240126140000-265,20240126140000,indiatimes.com,https://economictimes.indiatimes.com/markets/stocks/news/hdfc-banks-era-of-premium-valuations-is-over/articleshow/107171479.cms,HDFC Bank's era of premium valuations is over - The Economic Times,REJECTED_ENTITY_MATCHER,False,,NOT_RELEVANT,No Axis Bank in headline — V2Org-only retrieval match
20240126154500-1289,20240126154500,freepressjournal.in,https://www.freepressjournal.in/mumbai/mumbai-credai-mchi-property-expo-2024-draws-crowds-with-zero-fees-vastu-compliant-options-competitive-loans,"Mumbai: CREDAI-MCHI Property Expo 2024 Draws Crowds With Zero Fees, Vastu Compliant Options & Competitive Loans",REJECTED_ENTITY_MATCHER,False,,NOT_RELEVANT,No Axis Bank in headline — V2Org-only retrieval match
20240126154500-141,20240126154500,thehindubusinessline.com,https://www.thehindubusinessline.com/portfolio/technical-analysis/movers-shakers-stocks-that-will-see-action-this-week/article67780344.ece,"Technical Analysis: Axis Bank, HDFC Life Insurance Company and Tech Mahindra",ACCEPTED,True,2024-01-29,DIRECTLY_RELEVANT,Dedicated technical analysis of Axis Bank stock
20240127043000-897,20240127043000,financialexpress.com,https://www.financialexpress.com/business/banking-finance-private-banks-grow-personal-loan-book-aggressively-3376166/,Private banks grow personal loan book aggressively,REJECTED_ENTITY_MATCHER,False,,NOT_RELEVANT,No Axis Bank in headline — V2Org-only retrieval match
20240127053000-363,20240127053000,indiatimes.com,https://economictimes.indiatimes.com/markets/commodities/news/oil-edges-higher-on-track-for-weekly-gain-on-strong-economic-growth/articleshow/107179477.cms,"Oil edges higher, on track for weekly gain on strong economic growth",REJECTED_ENTITY_MATCHER,False,,NOT_RELEVANT,No Axis Bank in headline — V2Org-only retrieval match
20240127061500-716,20240127061500,moneycontrol.com,https://www.moneycontrol.com/news/business/markets/moneycontrol-pro-weekender-the-budget-must-set-the-stage-for-strong-long-term-growth-12130431.html,Moneycontrol Pro Weekender | The Budget must set the stage for strong long-term growth,REJECTED_ENTITY_MATCHER,False,,NOT_RELEVANT,No Axis Bank in headline — V2Org-only retrieval match
20240127061500-T890,20240127061500,livehindustan.com,https://www.livehindustan.com/gadgets/story-flipkart-month-end-mobiles-fest-top-deals-on-smartphone-under-rupees-25000-9250644.html,"flipkart month end mobiles fest top deals on smartphone under rupees 25000 - Tech news hindi - मौज में यूजर! सस्ते हुए 108MP तक के कैमरा वाले फोन, 32MP सेल्फी कैमरा वाले फोन भी अब सबके बजट में, गैजेट्स न्यूज",REJECTED_ENTITY_MATCHER,False,,NOT_RELEVANT,Unrelated topic — no Axis Bank material
20240127090000-804,20240127090000,businesstoday.in,https://www.businesstoday.in/markets/market-commentary/story/weekly-market-wrap-d-street-ended-in-red-for-a-second-straight-week-amid-profit-booking-by-fiis-what-lies-ahead-415045-2024-01-27,Weekly Market Wrap: D-street ended in red for a second straight week amid profit booking by FIIs. What lies ahead?,REJECTED_ENTITY_MATCHER,False,,NOT_RELEVANT,Generic market roundup/index update
20240127101500-171,20240127101500,indiatimes.com,https://economictimes.indiatimes.com/markets/stocks/news/borosil-sw-solar-6-more-bse-500-stocks-with-double-digit-weekly-returns-over-300-stocks-end-in-red/articleshow/107184928.cms,"Borosil, SW Solar, 6 more BSE 500 stocks with double-digit weekly returns. Over 300 stocks end in red",REJECTED_ENTITY_MATCHER,False,,NOT_RELEVANT,No Axis Bank in headline — V2Org-only retrieval match
20240127101500-617,20240127101500,indiatimes.com,https://economictimes.indiatimes.com/markets/stocks/news/rs-10500-cr-sell-off-in-just-3-days-fii-dollars-exit-dalal-street-at-a-fast-pace-whos-the-culprit/articleshow/107185029.cms,"Rs 10,500 cr sell-off in just 3 days! FII dollars exit Dalal Street at a fast pace; who's the culprit?",REJECTED_ENTITY_MATCHER,False,,NOT_RELEVANT,No Axis Bank in headline — V2Org-only retrieval match
20240127121500-T1557,20240127121500,livehindustan.com,https://www.livehindustan.com/gadgets/story-flipkart-best-deal-on-motorola-edge-30-fusion-know-offer-detail-9251350.html,"flipkart best deal on motorola edge 30 fusion know offer detail - Tech news hindi - बेस्ट डील में खरीदें कर्व्ड डिस्प्ले वाला Motorola फोन, मिलेगा 32MP का सेल्फी कैमरा और डॉल्बी साउंड, गैजेट्स न्यूज",REJECTED_ENTITY_MATCHER,False,,NOT_RELEVANT,Unrelated topic — no Axis Bank material
20240128013000-702,20240128013000,freepressjournal.in,https://www.freepressjournal.in/mumbai/mumbai-news-axis-bank-vps-laptop-goes-missing-mid-air,Mumbai News: Axis Bank VP's Laptop Goes Missing Mid-Air,ACCEPTED,True,2024-01-29,DIRECTLY_RELEVANT,Axis Bank appears in headline with specific context
20240128020000-T408,20240128020000,jagran.com,https://www.jagran.com/technology/tech-guide-5100-mah-battery-256gb-storage-and-snapdragon-7s-gen-2-processor-phone-is-very-cheaply-check-specs-23639289.html,"5100 mAh बैटरी, 256GB स्टोरेज और Snapdragon 7s Gen 2 प्रोसेसर वाला ये फोन मिल रहा है बहुत सस्ता, जानिए ऑफर की डिटेल - 5100 mAh Battery 256GB Storage And Snapdragon 7s Gen 2 processor phone is very cheaply check specs",REJECTED_ENTITY_MATCHER,False,,NOT_RELEVANT,No Axis Bank in headline — V2Org-only retrieval match
20240128023000-T1100,20240128023000,livehindustan.com,https://www.livehindustan.com/gadgets/story-flipkart-month-end-mobiles-fest-most-affordable-108mp-camera-phone-9254366.html,"flipkart month end mobiles fest most affordable 108mp camera phone - Tech news hindi - वाह! कम कीमत वाला 108MP कैमरा फोन अब और भी सस्ता, हर कोई करेगा ऑर्डर, 31 जनवरी तक बंपर सेल, गैजेट्स न्यूज",REJECTED_ENTITY_MATCHER,False,,NOT_RELEVANT,Unrelated topic — no Axis Bank material
20240128034500-518,20240128034500,counterview.net,https://www.counterview.net/2024/01/climate-destruction-top-asian-banks.html,"'Climate destruction': Top Asian banks, three from India, keep doors open to finance coal",REJECTED_ENTITY_MATCHER,False,,NOT_RELEVANT,No Axis Bank in headline — V2Org-only retrieval match
20240128041500-T870,20240128041500,livehindustan.com,https://www.livehindustan.com/gadgets/story-heavy-discount-and-best-deal-on-samsung-galaxy-a54-5g-on-company-website-9254411.html,"heavy discount and best deal on samsung galaxy a54 5g on company website - Tech news hindi - Samsung की वेबसाइट पर फिर आया तगड़ा ऑफर, आज ही खरीदें 32MP कैमरे वाला यह 5G फोन, गैजेट्स न्यूज",REJECTED_ENTITY_MATCHER,False,,NOT_RELEVANT,Unrelated topic — no Axis Bank material
20240128051500-215,20240128051500,indiatimes.com,https://economictimes.indiatimes.com/markets/stocks/earnings/q3-results-this-week-itc-adani-ports-bajaj-finance-indigo-sbi-tata-motors-and-others/articleshow/107198217.cms,"Q3 results this week: ITC, Adani Ports, Bajaj Finance, IndiGo, SBI, Tata Motors and others",REJECTED_ENTITY_MATCHER,False,,NOT_RELEVANT,No Axis Bank in headline — V2Org-only retrieval match
20240128104500-T96,20240128104500,livehindustan.com,https://www.livehindustan.com/gadgets/story-affordable-43-inch-4k-ultra-hd-tv-on-flipkart-top-three-deal-9254950.html,"affordable 43 inch 4k ultra hd tv on flipkart top three deal - Tech news hindi - 43 इंच वाले इन 4K Ultra HD TV पर तगड़ा ऑफर, सबसे सस्ता 18 हजार रुपये से भी कम का, गैजेट्स न्यूज",REJECTED_ENTITY_MATCHER,False,,NOT_RELEVANT,Unrelated topic — no Axis Bank material
20240128111500-371,20240128111500,indiatimes.com,https://economictimes.indiatimes.com/markets/stocks/news/ahead-of-market-10-things-that-will-decide-stock-action-on-monday/articleshow/107203906.cms,Ahead of Market: 10 things that will decide D-Street action on Monday,REJECTED_ENTITY_MATCHER,False,,NOT_RELEVANT,Generic market roundup/index update
20240128171500-251,20240128171500,moneycontrol.com,https://www.moneycontrol.com/news/business/markets/trade-setup-for-monday-15-things-to-know-before-opening-bell-13-12127751.html,Trade setup for Monday: 15 things to know before opening bell,REJECTED_ENTITY_MATCHER,False,,NOT_RELEVANT,No Axis Bank in headline — V2Org-only retrieval match
20240128180000-282,20240128180000,livemint.com,https://www.livemint.com/companies/news/adani-puts-hindenburg-behind-with-a-3-billion-fundraising-plan-11706455589246.html,Adani puts Hindenburg behind with a $3-billion fundraising plan,REJECTED_ENTITY_MATCHER,False,,NOT_RELEVANT,No Axis Bank in headline — V2Org-only retrieval match
20240128180000-942,20240128180000,thehindubusinessline.com,https://www.thehindubusinessline.com/money-and-banking/banks-unsecured-loans-grow-despite-30-100-bps-capital-risk-weight-hit/article67786646.ece,Banks' unsecured loans grow despite 30-100 bps capital risk weight hit,REJECTED_ENTITY_MATCHER,False,,NOT_RELEVANT,No Axis Bank in headline — V2Org-only retrieval match
20240129001500-424,20240129001500,torontotelegraph.com,https://www.torontotelegraph.com/news/274104606/indian-stocks-back-in-green-after-tuesday-bloodbath,Indian stocks back in green after Tuesday's bloodbath,REJECTED_ENTITY_MATCHER,False,,NOT_RELEVANT,No Axis Bank in headline — V2Org-only retrieval match
20240129003000-364,20240129003000,indiatimes.com,https://economictimes.indiatimes.com/markets/stocks/news/aifs-reject-early-exit-pleas-from-banks-plan-for-defaults/articleshow/107213050.cms,"AIFs: AIFs reject early exit pleas from banks, plan for 'defaults'",REJECTED_ENTITY_MATCHER,False,,NOT_RELEVANT,No Axis Bank in headline — V2Org-only retrieval match
20240129003000-877,20240129003000,indiatimes.com,https://economictimes.indiatimes.com/markets/stocks/news/piramal-enterprises-to-sell-full-20-stake-in-shriram-investment-holdings-for-rs-1440-crore/articleshow/107213072.cms,Piramal Enterprises: Piramal to exit Shriram Investment Holdings,REJECTED_ENTITY_MATCHER,False,,NOT_RELEVANT,No Axis Bank in headline — V2Org-only retrieval match
20240129021500-101,20240129021500,indiatimes.com,https://economictimes.indiatimes.com/markets/stocks/news/indiabulls-housing-to-raise-rs-3693-crore-via-rights-issue/articleshow/107213210.cms,"Indiabulls Housing Finance: Indiabulls Housing to raise Rs 3,693 crore via rights issue",REJECTED_ENTITY_MATCHER,False,,NOT_RELEVANT,No Axis Bank in headline — V2Org-only retrieval match
20240129033000-193,20240129033000,indiatimes.com,https://economictimes.indiatimes.com/markets/forex/dollar-steady-in-cautious-start-to-busy-data-fed-week/articleshow/107213869.cms,"Dollar steady in cautious start to busy data, Fed week",REJECTED_ENTITY_MATCHER,False,,NOT_RELEVANT,No Axis Bank in headline — V2Org-only retrieval match
20240129044500-T45,20240129044500,digit.in,https://www.digit.in/ml/news/mobile-phones/moto-edge-40-price-cut-50-mp-ois-camera-motorola-phone-offer-and-sale.html,Moto Edge 40 Price Cut: 50MP OIS ക്യാമറയുള്ള 256 GB Motorola ഫോണിന്റെ വില കുറച്ചു!,REJECTED_ENTITY_MATCHER,False,,NOT_RELEVANT,Unrelated topic — no Axis Bank material
20240129050000-546,20240129050000,indiatimes.com,https://economictimes.indiatimes.com/markets/stocks/stock-watch/share-market-update-most-active-stocks-of-the-day-in-terms-of-total-traded-value/articleshow/107217434.cms,active stocks: Share market update: Most active stocks of the day in terms of total traded value,REJECTED_ENTITY_MATCHER,False,,NOT_RELEVANT,Generic market roundup/index update
20240129050000-887,20240129050000,indiatimes.com,https://economictimes.indiatimes.com/markets/stocks/stock-watch/stock-market-update-mining-stocks-up-as-market-rises/articleshow/107217785.cms,Stock Market Sectors: Stock market update: Mining stocks up as market rises,REJECTED_ENTITY_MATCHER,False,,NOT_RELEVANT,Generic market roundup/index update
20240129053000-676,20240129053000,freepressjournal.in,https://www.freepressjournal.in/business/stock-market-opening-january-29-indices-open-in-green-sensex-at-7109122-nifty-above-21400,"Stock Market Opening January 29: Indices Open in Green; Sensex At 71,091.22 & Nifty Above 21,400",REJECTED_ENTITY_MATCHER,False,,NOT_RELEVANT,No Axis Bank in headline — V2Org-only retrieval match
20240129054500-80,20240129054500,theweek.in,https://www.theweek.in/news/biz-tech/2024/01/29/equity-markets-open-on-strong-note-sensex-jumps-503-points.html,Equity markets open on strong note; Sensex jumps 503 points,REJECTED_ENTITY_MATCHER,False,,NOT_RELEVANT,No Axis Bank in headline — V2Org-only retrieval match
20240129054500-539,20240129054500,theweek.in,https://www.theweek.in/wire-updates/business/2024/01/29/del5-biz-stocks-open.html,Markets open on strong note Sensex jumps 503 points,REJECTED_ENTITY_MATCHER,False,,NOT_RELEVANT,No Axis Bank in headline — V2Org-only retrieval match
20240129054500-601,20240129054500,centralchronicle.com,https://www.centralchronicle.com/screening-of-documentary-poetic-symposium-held/,"Screening of documentary, poetic symposium held – Central India's Premier English Daily",REJECTED_ENTITY_MATCHER,False,,NOT_RELEVANT,No Axis Bank in headline — V2Org-only retrieval match
20240129060000-78,20240129060000,indiatimes.com,https://economictimes.indiatimes.com/markets/stocks/stock-watch/stock-market-update-sugar-stocks-down-as-market-rises/articleshow/107218872.cms,Stock Market Sectors: Stock market update: Sugar stocks down as market rises,REJECTED_ENTITY_MATCHER,False,,NOT_RELEVANT,Generic market roundup/index update
20240129060000-14,20240129060000,telegraphindia.com,https://www.telegraphindia.com/business/sensex-jumps-503-points-to-71204-points-in-early-trade-nifty-climbs-178-points-to-21531-points/cid/1996838,"Stock market | Sensex jumps 503 points to 71,204 points in early trade; Nifty climbs 178 points to 21,531 points",REJECTED_ENTITY_MATCHER,False,,NOT_RELEVANT,No Axis Bank in headline — V2Org-only retrieval match
20240129060000-797,20240129060000,indiatimes.com,https://economictimes.indiatimes.com/markets/stocks/stock-watch/stock-market-update-fmcg-stocks-up-as-market-rises/articleshow/107218458.cms,Stock Market Sectors: Stock market update: FMCG stocks up as market rises,REJECTED_ENTITY_MATCHER,False,,NOT_RELEVANT,Generic market roundup/index update
20240129061500-481,20240129061500,insurancenewsnet.com,https://insurancenewsnet.com/oarticle/max-life-launches-smart-wealth-annuity-guaranteed-pension-plan-redefining-retirement-with-unmatched-flexibility,Max Life launches 'Smart Wealth Annuity Guaranteed Pension Plan': Redefining Retirement with Unmatched Flexibility,REJECTED_ENTITY_MATCHER,False,,NOT_RELEVANT,No Axis Bank in headline — V2Org-only retrieval match
20240129061500-722,20240129061500,india.com,https://zeenews.india.com/markets/markets-open-on-strong-note-sensex-jumps-503-points-2715094.html,Markets Open On Strong Note; Sensex Jumps 503 Points,REJECTED_ENTITY_MATCHER,False,,NOT_RELEVANT,No Axis Bank in headline — V2Org-only retrieval match
20240129063000-870,20240129063000,indiatimes.com,https://economictimes.indiatimes.com/markets/ipos/fpos/harshdeep-hortico-ipo-check-price-band-issue-size-and-other-details/articleshow/107219633.cms,"Harshdeep Hortico IPO: Check price band, issue size and other details",REJECTED_ENTITY_MATCHER,False,,NOT_RELEVANT,No Axis Bank in headline — V2Org-only retrieval match
20240129063000-923,20240129063000,indiatimes.com,https://economictimes.indiatimes.com/markets/stocks/news/adani-group-stocks-climb-up-to-6/articleshow/107220378.cms,adani group stocks: Adani Group stocks climb up to 6%. Adani Ent top gainer,REJECTED_ENTITY_MATCHER,False,,NOT_RELEVANT,No Axis Bank in headline — V2Org-only retrieval match
20240129063000-660,20240129063000,prokerala.com,https://www.prokerala.com/news/articles/a1501286.html,"Interim Budget unlikely to impact market in a big way, say analysts",REJECTED_ENTITY_MATCHER,False,,NOT_RELEVANT,No Axis Bank in headline — V2Org-only retrieval match
20240129063000-539,20240129063000,thehindu.com,https://www.thehindu.com/business/markets/markets-open-on-strong-note-sensex-jumps-503-points/article67788135.ece,Markets open on strong note; Sensex jumps 503 points,REJECTED_ENTITY_MATCHER,False,,NOT_RELEVANT,No Axis Bank in headline — V2Org-only retrieval match
20240129063000-631,20240129063000,businessworld.in,https://www.businessworld.in/article/Unsecured-Loans-Thrive-Despite-30-100-bps-Capital-Risk-Weight-Impact-On-Banks/29-01-2024-507950/,Unsecured Loans Thrive Despite 30 100 bps Capital Risk Weight Impact On Banks - BW Businessworld,REJECTED_ENTITY_MATCHER,False,,NOT_RELEVANT,No Axis Bank in headline — V2Org-only retrieval match
20240129064500-231,20240129064500,moneycontrol.com,https://www.moneycontrol.com/news/business/markets/sensex-nifty-trade-in-green-asian-cues-among-key-factors-driving-dalal-street-12142391.html,"Sensex, Nifty trade in green, Asian cues among key factors driving Dalal Street",REJECTED_ENTITY_MATCHER,False,,NOT_RELEVANT,No Axis Bank in headline — V2Org-only retrieval match
20240129071500-66,20240129071500,theweek.in,https://www.theweek.in/wire-updates/business/2024/01/29/dcm5-max-life-insurance.html,Max Life launches 'Smart Wealth Annuity Guaranteed Pension Plan' Redefining Retirement with Unmatched Flexibility,REJECTED_ENTITY_MATCHER,False,,NOT_RELEVANT,No Axis Bank in headline — V2Org-only retrieval match
20240129071500-212,20240129071500,siasat.com,https://www.siasat.com/markets-open-on-strong-note-sensex-jumps-503-points-2966461/,Markets open on strong note; Sensex jumps 503 points,REJECTED_ENTITY_MATCHER,False,,NOT_RELEVANT,No Axis Bank in headline — V2Org-only retrieval match
20240129071500-899,20240129071500,siasat.com,https://www.siasat.com/interim-budget-unlikely-to-impact-market-in-a-big-way-analysts-2966507/,Interim Budget unlikely to impact market in a big way: Analysts,REJECTED_ENTITY_MATCHER,False,,NOT_RELEVANT,No Axis Bank in headline — V2Org-only retrieval match
20240129071500-608,20240129071500,indiatimes.com,https://economictimes.indiatimes.com/wealth/borrow/cheapest-home-loan-interest-rates-for-amounts-above-rs-75-lakh-psu-banks-vs-private-banks/articleshow/107221889.cms,Cheapest home loan interest rates for amounts above Rs 75 lakh: PSU banks vs private banks,REJECTED_ENTITY_MATCHER,False,,NOT_RELEVANT,No Axis Bank in headline — V2Org-only retrieval match
20240129073000-T630,20240129073000,khaskhabar.com,https://www.business.khaskhabar.com/daily-news.php/interim-budget-unlikely-to-have-major-impact-on-markets!-615437-BKN.html,अंतरिम बजट का बाजार पर बड़े पैमाने पर असर पड़ने की संभावना नहीं!,REJECTED_ENTITY_MATCHER,False,,NOT_RELEVANT,No Axis Bank in headline — V2Org-only retrieval match
20240129073000-T1649,20240129073000,pudhari.news,https://pudhari.news/features/arthabhan/724632/share-market-news-2/ar,Share Market : वेध शेअर बाजाराचा; बाजाराला अर्थसंकल्पाची प्रतीक्षा,REJECTED_ENTITY_MATCHER,False,,NOT_RELEVANT,No Axis Bank in headline — V2Org-only retrieval match
20240129074500-280,20240129074500,telegraphindia.com,https://www.telegraphindia.com/feeds/business/sensex-jumps-503-points-to-71204-points-in-early-trade-nifty-climbs-178-points-to-21531-points/cid/1996838,"Stock market | Sensex jumps 503 points to 71,204 points in early trade; Nifty climbs 178 points to 21,531 points",REJECTED_ENTITY_MATCHER,False,,NOT_RELEVANT,No Axis Bank in headline — V2Org-only retrieval match
20240129074500-T779,20240129074500,khabarfast.com,https://www.khabarfast.com/business-stock-market-rise-like-rocket-before-budget-2024-sensex-up-more-than-600-points-hdfc-bank-stock-surge/,"Share Market: बजट वीक में रॉकेट बना शेयर बाजार, 600 अंको की उछाल, बैंकिंग-फाइनेंशियल शेयरों में जबरदस्त खरीदारी",REJECTED_ENTITY_MATCHER,False,,NOT_RELEVANT,No Axis Bank in headline — V2Org-only retrieval match
20240129080000-442,20240129080000,webindia123.com,https://news.webindia123.com/news/Articles/Business/20240129/4163117.html,Max Life launches 'Smart Wealth Annuity Guaranteed Pension Plan': Redefining Retirement with Unmatched Flexibility,REJECTED_ENTITY_MATCHER,False,,NOT_RELEVANT,No Axis Bank in headline — V2Org-only retrieval match
20240129083000-22,20240129083000,aninews.in,https://aninews.in/news/business/business/max-life-launches-smart-wealth-annuity-guaranteed-pension-plan-redefining-retirement-with-unmatched-flexibility20240129113253/,Max Life launches 'Smart Wealth Annuity Guaranteed Pension Plan': Redefining Retirement with Unmatched Flexibility,REJECTED_ENTITY_MATCHER,False,,NOT_RELEVANT,No Axis Bank in headline — V2Org-only retrieval match
20240129084500-818,20240129084500,prokerala.com,https://www.prokerala.com/news/articles/a1501315.html,Retail loans surge as RBI seeks to stem possible risks,REJECTED_ENTITY_MATCHER,False,,NOT_RELEVANT,No Axis Bank in headline — V2Org-only retrieval match
20240129093000-775,20240129093000,moneycontrol.com,https://www.moneycontrol.com/news/business/stocks/buy-axis-bank-target-of-rs-1275-kr-choksey-12139191.html,Buy Axis Bank; target of Rs 1275: KR Choksey,ACCEPTED,True,2024-01-29,DIRECTLY_RELEVANT,Matches pattern: (?:buy|sell|hold|reduce|accumulate).*axis\s+bank
20240129094500-1227,20240129094500,dailypioneer.com,https://www.dailypioneer.com/2024/business/markets-open-on-strong-note--sensex-jumps-503-points.html,Markets open on strong note; Sensex jumps 503 points,REJECTED_ENTITY_MATCHER,False,,NOT_RELEVANT,No Axis Bank in headline — V2Org-only retrieval match
20240129094500-523,20240129094500,menafn.com,https://menafn.com/1107779325/Interim-Budget-Unlikely-To-Impact-Market-In-A-Big-Way-Say-Analysts,"Interim Budget Unlikely To Impact Market In A Big Way, Say Analysts",REJECTED_ENTITY_MATCHER,False,,NOT_RELEVANT,No Axis Bank in headline — V2Org-only retrieval match
20240129100000-995,20240129100000,moneylife.in,https://www.moneylife.in/article/retail-loans-surge-as-rbi-seeks-to-stem-possible-risks-sp/73238.html,Retail loans surge as RBI seeks to stem possible risks: S&P,REJECTED_ENTITY_MATCHER,False,,NOT_RELEVANT,No Axis Bank in headline — V2Org-only retrieval match
20240129101500-69,20240129101500,orissapost.com,https://www.orissapost.com/retail-loans-surge-as-rbi-seeks-to-stem-possible-risks/,Retail loans surge as RBI seeks to stem possible risks,REJECTED_ENTITY_MATCHER,False,,NOT_RELEVANT,No Axis Bank in headline — V2Org-only retrieval match
20240129101500-T1215,20240129101500,indiatimes.com,https://navbharattimes.indiatimes.com/business/share-market/share-news/stock-market-sensex-climbs-1100-points-nifty-near-21650-all-sectoral-indices-in-the-green/articleshow/107222341.cms,"Stock Market: शेयर बाजार में रेकॉर्ड तेजी, 1000 अंकों से ज्यादा का उछाल, शक्तिपंप सहित ये स्टॉक मचा रहे गदर",REJECTED_ENTITY_MATCHER,False,,NOT_RELEVANT,No Axis Bank in headline — V2Org-only retrieval match
20240129103000-T918,20240129103000,khaskhabar.com,https://www.business.khaskhabar.com/business-news/interim-budget-unlikely-to-have-major-impact-on-markets!-615437-BKN.html,अंतरिम बजट का बाजार पर बड़े पैमाने पर असर पड़ने की संभावना नहीं!,REJECTED_ENTITY_MATCHER,False,,NOT_RELEVANT,No Axis Bank in headline — V2Org-only retrieval match
20240129103000-907,20240129103000,news18.com,https://www.news18.com/tech/buying-an-iphone-15-is-now-cheaper-in-india-compared-to-the-us-heres-how-8758307.html,Buying An iPhone 15 Is Now Cheaper In India Compared To The US - Here's How,REJECTED_ENTITY_MATCHER,False,,NOT_RELEVANT,No Axis Bank in headline — V2Org-only retrieval match
20240129103000-245,20240129103000,india.com,https://www.india.com/business/paramount-communications-shares-hit-upper-circuit-as-market-rebounds-check-details-here-6689377/,Paramount Communications Shares Hit Upper Circuit as Market Rebounds,REJECTED_ENTITY_MATCHER,False,,NOT_RELEVANT,No Axis Bank in headline — V2Org-only retrieval match
20240129110000-1242,20240129110000,ibtimes.co.in,https://www.ibtimes.co.in/interim-budget-unlikely-impact-market-big-way-say-analysts-865718,"Interim Budget unlikely to impact market in a big way, say analysts",REJECTED_ENTITY_MATCHER,False,,NOT_RELEVANT,No Axis Bank in headline — V2Org-only retrieval match
20240129114500-700,20240129114500,rediff.com,https://www.rediff.com/business/report/private-bank-profits-see-impact-of-alternate-investment-fund-provisions/20240129.htm,Private bank profits see impact of alternate investment fund provisions,REJECTED_ENTITY_MATCHER,False,,NOT_RELEVANT,No Axis Bank in headline — V2Org-only retrieval match
20240129114500-150,20240129114500,indiatimes.com,https://economictimes.indiatimes.com/wealth/spend/top-entry-level-credit-cards-with-low-annual-fees-key-features-cashback-reward-points/articleshow/107229157.cms,"Top entry-level credit cards with low annual fees: Key features, cashback, reward points",REJECTED_ENTITY_MATCHER,False,,NOT_RELEVANT,No Axis Bank in headline — V2Org-only retrieval match
20240129120000-451,20240129120000,businesstoday.in,https://www.businesstoday.in/markets/market-commentary/story/sensex-nifty-rally-as-investors-add-rs-6-lakh-crore-key-factors-behind-todays-rise-415232-2024-01-29,"Sensex, Nifty rally as investors add Rs 6 lakh crore: Key factors behind today's rise",REJECTED_ENTITY_MATCHER,False,,NOT_RELEVANT,Generic market roundup/index update
20240129123000-T1325,20240129123000,divyahimachal.com,https://www.divyahimachal.com/2024/01/stormy-rise-in-stock-market-due-to-rise-of-reliance/,रिलायंस के चढ़ने से शेयर बाजार में तूफानी तेजी,REJECTED_ENTITY_MATCHER,False,,NOT_RELEVANT,No Axis Bank in headline — V2Org-only retrieval match
20240129123000-1180,20240129123000,livemint.com,https://www.livemint.com/market/stock-market-news/nifty-50-records-biggest-intraday-jump-in-nearly-2-months-reliance-industries-contributes-37-to-indexs-overall-rally-11706524682574.html,Nifty 50 records biggest intraday jump in nearly 2 months: RIL contributes 37% to index's overall rally,REJECTED_ENTITY_MATCHER,False,,NOT_RELEVANT,No Axis Bank in headline — V2Org-only retrieval match
20240129124500-960,20240129124500,moneycontrol.com,https://www.moneycontrol.com/news/business/markets/lics-proposed-stake-buyout-in-hdfc-bank-well-timed-has-limited-downside-12142111.html,"LIC's proposed stake buyout in HDFC Bank 'well-timed', has limited downside",REJECTED_ENTITY_MATCHER,False,,NOT_RELEVANT,No Axis Bank in headline — V2Org-only retrieval match
20240129154500-157,20240129154500,indiatimes.com,https://economictimes.indiatimes.com/markets/stocks/earnings/ntpc-q3-results-net-profit-rises-7-yoy-to-rs-5209-crore-co-declares-rs-2-25/share-dividend/articleshow/107238452.cms,"ntpc q3 earnings update: NTPC Q3 Results: Net profit rises 7% YoY to Rs 5,209 crore; co declares Rs 2.25/share dividend",REJECTED_ENTITY_MATCHER,False,,NOT_RELEVANT,No Axis Bank in headline — V2Org-only retrieval match
20240129154500-T962,20240129154500,moneycontrol.com,https://hindi.moneycontrol.com/news/markets/lic-proposed-stake-buyout-in-hdfc-bank-well-timed-has-limited-downside-share-jump-2-percent-experts-view-1747931.html,HDFC Bank में हुआ है घाटा? LIC के सपोर्ट से क्या अब होगी रिकवरी? एक्सपर्ट्स की राय,REJECTED_ENTITY_MATCHER,False,,NOT_RELEVANT,No Axis Bank in headline — V2Org-only retrieval match
20240129163000-1883,20240129163000,thehindubusinessline.com,https://www.thehindubusinessline.com/news/real-estate/homes-sales-and-launches-up-despite-price-rise-interest-rate-hike-finmin-report/article67789451.ece,"Homes sales and launches up, despite price rise, interest rate hike: FinMin report",REJECTED_ENTITY_MATCHER,False,,NOT_RELEVANT,No Axis Bank in headline — V2Org-only retrieval match
20240130014500-687,20240130014500,indiankanoon.org,https://indiankanoon.org/doc/97406712/,"Rajkot Commercial Co Op Bank Ltd vs Regional Provident Fund Commissioner on 29 January, 2024",REJECTED_ENTITY_MATCHER,False,,NOT_RELEVANT,Unrelated topic — no Axis Bank material
20240130024500-324,20240130024500,livemint.com,https://www.livemint.com/industry/banking/banks-tap-gilt-kitty-on-red-hot-credit-demand-11706551391374.html,Banks tap gilt kitty on red-hot credit demand,REJECTED_ENTITY_MATCHER,False,,NOT_RELEVANT,No Axis Bank in headline — V2Org-only retrieval match
20240130043000-543,20240130043000,livemint.com,https://www.livemint.com/money/personal-finance/sbi-vs-hdfc-vs-icici-vs-pnb-vs-bob-vs-kotak-vs-axis-which-bank-is-offering-the-highest-interest-rate-on-fixed-deposits-11706583491937.html,SBI vs HDFC vs ICICI vs PNB vs BoB vs Kotak vs Axis: Which bank is offering the highest interest rate on fixed deposits?,REJECTED_ENTITY_MATCHER,False,,NOT_RELEVANT,No Axis Bank in headline — V2Org-only retrieval match
20240130043000-1223,20240130043000,businesstoday.in,https://www.businesstoday.in/markets/market-commentary/story/sensex-nifty-open-higher-uti-amc-nhpc-firstsource-solutions-jump-up-to-8-415323-2024-01-30,"Sensex, Nifty open higher; UTI AMC, NHPC, Firstsource Solutions jump up to 8%",REJECTED_ENTITY_MATCHER,False,,NOT_RELEVANT,Generic market roundup/index update
20240130061500-243,20240130061500,bignewsnetwork.com,https://www.bignewsnetwork.com/news/274110387/best-selling-axis-bank-credit-cards,Best Selling Axis Bank Credit Cards,ACCEPTED,True,2024-01-30,DIRECTLY_RELEVANT,Matches pattern: (?:buy|sell|hold|reduce|accumulate).*axis\s+bank
20240130061500-1130,20240130061500,latestly.com,https://www.latestly.com/agency-news/business-news-best-selling-axis-bank-credit-cards-5726352.html,Business News | Best Selling Axis Bank Credit Cards,ACCEPTED,True,2024-01-30,DIRECTLY_RELEVANT,Matches pattern: (?:buy|sell|hold|reduce|accumulate).*axis\s+bank
20240130063000-339,20240130063000,indiatimes.com,https://economictimes.indiatimes.com/markets/stocks/news/euphoria-infotech-india-lists-at-a-90-premium-over-issue-price-at-rs-190/articleshow/107251085.cms,euphoria infotech shares: Euphoria Infotech India lists at a 90% premium over issue price at Rs 190,REJECTED_ENTITY_MATCHER,False,,NOT_RELEVANT,No Axis Bank in headline — V2Org-only retrieval match
20240130071500-31,20240130071500,webindia123.com,https://news.webindia123.com/news/Articles/Business/20240130/4163448.html,Best Selling Axis Bank Credit Cards,ACCEPTED,True,2024-01-30,DIRECTLY_RELEVANT,Matches pattern: (?:buy|sell|hold|reduce|accumulate).*axis\s+bank
20240130084500-934,20240130084500,indiatimes.com,https://economictimes.indiatimes.com/wealth/borrow/home-loans-above-rs-75-lakh-account-for-30-of-new-loans-check-latest-home-loan-interest-rates/articleshow/107255004.cms,Home loans above Rs 75 lakh account for 30% of new loans; check latest home loan interest rates,REJECTED_ENTITY_MATCHER,False,,NOT_RELEVANT,No Axis Bank in headline — V2Org-only retrieval match
20240130091500-825,20240130091500,aninews.in,https://aninews.in/news/business/business/best-selling-axis-bank-credit-cards20240130103642/,Best Selling Axis Bank Credit Cards,ACCEPTED,True,2024-01-30,DIRECTLY_RELEVANT,Matches pattern: (?:buy|sell|hold|reduce|accumulate).*axis\s+bank
20240130100000-662,20240130100000,srilankasource.com,https://www.srilankasource.com/news/274110387/best-selling-axis-bank-credit-cards,Best Selling Axis Bank Credit Cards,ACCEPTED,True,2024-01-31,DIRECTLY_RELEVANT,Matches pattern: (?:buy|sell|hold|reduce|accumulate).*axis\s+bank
20240130114500-390,20240130114500,indiatimes.com,https://economictimes.indiatimes.com/markets/stocks/stock-watch/stock-market-update-nifty-bank-index-falls-0-16/articleshow/107262724.cms,Indices: Stock market update: Nifty Bank index falls 0.16%,REJECTED_ENTITY_MATCHER,False,,NOT_RELEVANT,Generic market roundup/index update
20240130120000-1447,20240130120000,indiatimes.com,https://economictimes.indiatimes.com/markets/options/nifty-bank-closes-flat-in-the-run-up-to-budget-support-placed-at-45000/articleshow/107263586.cms,"Nifty Bank closes flat in the run-up to Budget; support placed at 45,000",REJECTED_ENTITY_MATCHER,False,,NOT_RELEVANT,Generic market roundup/index update
20240130133000-1408,20240130133000,indiatimes.com,https://economictimes.indiatimes.com/markets/expert-view/government-needs-to-keep-doing-high-quality-capex-even-while-controlling-top-line-spending-neelkanth-mishra/articleshow/107266079.cms,budget 2024: Government needs to keep doing high quality capex even while controlling top line spending: Neelkanth Mishra,REJECTED_ENTITY_MATCHER,False,,NOT_RELEVANT,No Axis Bank in headline — V2Org-only retrieval match
20240130154500-998,20240130154500,indiatimes.com,https://economictimes.indiatimes.com/markets/commodities/news/gold-scales-two-week-peak-as-market-focus-turns-to-fed-meeting/articleshow/107268573.cms,Gold scales two-week peak as market focus turns to Fed meeting,REJECTED_ENTITY_MATCHER,False,,NOT_RELEVANT,No Axis Bank in headline — V2Org-only retrieval match
20240130183000-1359,20240130183000,livemint.com,https://www.livemint.com/industry/banking/axis-icici-go-slow-on-hiring-hdfc-bank-pushing-ahead-11706636288212.html,"Axis, ICICI go slow on hiring, HDFC Bank pushing ahead",REJECTED_ENTITY_MATCHER,False,,DIRECTLY_RELEVANT,"Matches pattern: axis,\s+icici\s+go\s+slow\s+on\s+hiring"
20240130201500-1120,20240130201500,thehindubusinessline.com,https://www.thehindubusinessline.com/opinion/columns/statistalk/investments-leading-to-economic-growth/article67793720.ece,Investments leading to economic growth - The Hindu BusinessLine,REJECTED_ENTITY_MATCHER,False,,NOT_RELEVANT,No Axis Bank in headline — V2Org-only retrieval match
20240131013000-1374,20240131013000,indiatimes.com,https://economictimes.indiatimes.com/markets/stocks/news/sbi-to-down-sell-half-of-11000-crore-loan-to-adanis-ganga-expressway-project/articleshow/107274684.cms,"SBI to down-sell half of Rs 11,000 crore loan to Adani's Ganga Expressway project",REJECTED_ENTITY_MATCHER,False,,NOT_RELEVANT,No Axis Bank in headline — V2Org-only retrieval match
20240131030000-736,20240131030000,moneycontrol.com,https://www.moneycontrol.com/news/business/startup/mc-interview-flipkart-to-launch-its-payment-product-within-a-month-says-ceo-kalyan-krishnamurthy-12158221.html,"MC Interview: Flipkart to launch its payment product within a month, says CEO Kalyan Krishnamurthy",REJECTED_ENTITY_MATCHER,False,,NOT_RELEVANT,Unrelated topic — no Axis Bank material
20240131034500-1199,20240131034500,moneycontrol.com,https://www.moneycontrol.com/news/technology/mc-interview-flipkart-to-launch-its-payment-product-within-a-month-says-ceo-kalyan-krishnamurthy-12158221.html,"MC Interview: Flipkart to launch its payment product within a month, says CEO Kalyan Krishnamurthy",REJECTED_ENTITY_MATCHER,False,,NOT_RELEVANT,Unrelated topic — no Axis Bank material
20240131051500-318,20240131051500,freepressjournal.in,https://www.freepressjournal.in/business/stock-market-opening-january-31-indices-open-in-red-sensex-at-7093834-nifty-below-21500,"Stock Market Opening January 31: Indices Open In Red; Sensex At 70,938.34 & Nifty Below 21,500",REJECTED_ENTITY_MATCHER,False,,NOT_RELEVANT,No Axis Bank in headline — V2Org-only retrieval match
20240131053000-747,20240131053000,moneycontrol.com,https://www.moneycontrol.com/news/technology/flipkart-to-launch-its-payment-product-within-a-month-says-ceo-kalyan-krishnamurthy-12158221.html,"Flipkart to launch its payment product within a month, says CEO Kalyan Krishnamurthy",REJECTED_ENTITY_MATCHER,False,,NOT_RELEVANT,Unrelated topic — no Axis Bank material
20240131054500-1178,20240131054500,indiatimes.com,https://economictimes.indiatimes.com/markets/stocks/news/walmart-announces-3-for-1-stock-split/articleshow/107277726.cms,Walmart announces 3-for-1 stock split,REJECTED_ENTITY_MATCHER,False,,NOT_RELEVANT,No Axis Bank in headline — V2Org-only retrieval match
20240131054500-896,20240131054500,indiankanoon.org,https://indiankanoon.org/doc/167267127/,"Kamlesh @ Kanaiyalal Shivandas ... vs State Of Gujarat on 30 January, 2024",REJECTED_ENTITY_MATCHER,False,,NOT_RELEVANT,No Axis Bank in headline — V2Org-only retrieval match
20240131054500-974,20240131054500,theweek.in,https://www.theweek.in/news/biz-tech/2024/01/31/equity-markets-bounce-back-after-weak-beginning-ahead-of-interim-budget-2024.html,Equity markets bounce back after weak beginning ahead of Interim Budget 2024,REJECTED_ENTITY_MATCHER,False,,NOT_RELEVANT,No Axis Bank in headline — V2Org-only retrieval match
20240131060000-28,20240131060000,indiatimes.com,https://economictimes.indiatimes.com/markets/stocks/stock-watch/share-market-update-most-active-stocks-on-d-street-today-in-terms-of-volume/articleshow/107280763.cms,share market: Share market update: Most active stocks on D-Street today in terms of volume,REJECTED_ENTITY_MATCHER,False,,NOT_RELEVANT,Generic market roundup/index update
20240131060000-786,20240131060000,indiatimes.com,https://economictimes.indiatimes.com/markets/stocks/stock-watch/stock-market-update-fertilisers-stocks-up-as-market-rises/articleshow/107280271.cms,Stock Market Sectors: Stock market update: Fertilisers stocks up as market rises,REJECTED_ENTITY_MATCHER,False,,NOT_RELEVANT,Generic market roundup/index update
20240131060000-1112,20240131060000,indiatimes.com,https://economictimes.indiatimes.com/markets/stocks/stock-watch/stock-market-update-stocks-that-hit-52-week-lows-on-nse/articleshow/107280642.cms,52 week high stocks: Stock market update: Stocks that hit 52-week lows on NSE,REJECTED_ENTITY_MATCHER,False,,NOT_RELEVANT,Generic market roundup/index update
20240131061500-1230,20240131061500,latestly.com,https://www.latestly.com/agency-news/india-news-markets-bounce-back-after-weak-beginning-5728402.html,India News | Markets Bounce Back After Weak Beginning,REJECTED_ENTITY_MATCHER,False,,NOT_RELEVANT,No Axis Bank in headline — V2Org-only retrieval match
20240131063000-79,20240131063000,indiatimes.com,https://economictimes.indiatimes.com/markets/stocks/stock-watch/share-market-update-most-active-stocks-of-the-day-in-terms-of-total-traded-value/articleshow/107281183.cms,active stocks: Share market update: Most active stocks of the day in terms of total traded value,REJECTED_ENTITY_MATCHER,False,,NOT_RELEVANT,Generic market roundup/index update
20240131063000-746,20240131063000,indiatimes.com,https://economictimes.indiatimes.com/markets/stocks/stock-watch/stock-market-update-mining-stocks-mixed-as-market-rises/articleshow/107281358.cms,Stock Market Sectors: Stock market update: Mining stocks mixed as market rises,REJECTED_ENTITY_MATCHER,False,,NOT_RELEVANT,Generic market roundup/index update
20240131063000-853,20240131063000,indiatimes.com,https://economictimes.indiatimes.com/markets/stocks/stock-watch/stock-market-update-sugar-stocks-up-as-market-rises/articleshow/107281053.cms,Stock Market Sectors: Stock market update: Sugar stocks up as market rises,REJECTED_ENTITY_MATCHER,False,,NOT_RELEVANT,Generic market roundup/index update
20240131064500-761,20240131064500,thehindu.com,https://www.thehindu.com/business/markets/markets-bounce-back-after-weak-beginning/article67795546.ece,Markets bounce back after weak beginning,REJECTED_ENTITY_MATCHER,False,,NOT_RELEVANT,No Axis Bank in headline — V2Org-only retrieval match
20240131071500-265,20240131071500,moneycontrol.com,https://www.moneycontrol.com/news/business/markets/mid-day-mood-nifty-sensex-jump-ahead-of-budget-2024-pharma-bank-gain-12160361.html,"Mid-day Mood | Nifty, Sensex jump ahead of Budget 2024; pharma, bank gain",REJECTED_ENTITY_MATCHER,False,,NOT_RELEVANT,No Axis Bank in headline — V2Org-only retrieval match
20240131081500-T617,20240131081500,tarunmitra.in,https://www.tarunmitra.in/article/18771/dig-suspended-constable-who-became-sps-reader-for-years,वर्षों से एसपी का रीडर बने सिपाही को डीआईजी ने किया निलंबित,REJECTED_ENTITY_MATCHER,False,,NOT_RELEVANT,No Axis Bank in headline — V2Org-only retrieval match
20240131081500-T623,20240131081500,tarunmitra.in,https://www.tarunmitra.in/article/18789/stock-market-regains-momentum-after-weak-start-sensex-rises-407,"कमजोर शुरुआत के बाद संभला शेयर बाजार, सेंसेक्स 407 अंक उछला",REJECTED_ENTITY_MATCHER,False,,NOT_RELEVANT,No Axis Bank in headline — V2Org-only retrieval match
20240131081500-T633,20240131081500,tarunmitra.in,https://www.tarunmitra.in/article/18798/stock-market-regains-momentum-after-weak-start-sensex-rises-407,"कमजोर शुरुआत के बाद संभला शेयर बाजार, सेंसेक्स 407 अंक उछला",REJECTED_ENTITY_MATCHER,False,,NOT_RELEVANT,No Axis Bank in headline — V2Org-only retrieval match
20240131083000-T2121,20240131083000,samaylive.com,http://www.samaylive.com/business-news-in-hindi/503808/domestic-markets-bounce-back-after-a-sluggish-start.html,"Stock Market Update: घरेलू बाजारों ने मंद शुरुआत के बाद की वापसी, जानें सेंसेक्स-Nifty का हाल",REJECTED_ENTITY_MATCHER,False,,NOT_RELEVANT,Generic market roundup/index update
20240131084500-431,20240131084500,dailypioneer.com,https://www.dailypioneer.com/2024/business/markets-bounce-back-after-weak-beginning.html,Markets bounce back after weak beginning,REJECTED_ENTITY_MATCHER,False,,NOT_RELEVANT,No Axis Bank in headline — V2Org-only retrieval match
20240131084500-239,20240131084500,thehindubusinessline.com,https://www.thehindubusinessline.com/markets/midday-report-market-focus-shifts-to-fed-decision-and-budget-nifty-and-sensex-in-positive-terrain/article67795848.ece,Midday report: Market focus shifts to Fed decision and Budget; Nifty and Sensex in positive terrain,REJECTED_ENTITY_MATCHER,False,,NOT_RELEVANT,No Axis Bank in headline — V2Org-only retrieval match
20240131090000-1113,20240131090000,telegraphindia.com,https://www.telegraphindia.com/feeds/business/sensex-declines-243-points-to-70896-in-early-trade-nifty-skids-73-points-to-21448/cid/1997345,"Stock market | Sensex declines 243 points to 70,896 in early trade; Nifty skids 73 points to 21,448",REJECTED_ENTITY_MATCHER,False,,NOT_RELEVANT,No Axis Bank in headline — V2Org-only retrieval match
20240131090000-873,20240131090000,indiatimes.com,https://economictimes.indiatimes.com/markets/stocks/news/sensex-jumps-over-700-points-its-not-just-a-pre-budget-rally-as-3-other-factors-also-in-play/articleshow/107287762.cms,sensex rally today: Sensex jumps over 700 points. It's not just a pre-Budget rally as 3 other factors also in play,REJECTED_ENTITY_MATCHER,False,,NOT_RELEVANT,No Axis Bank in headline — V2Org-only retrieval match
20240131100000-388,20240131100000,telegraphindia.com,https://www.telegraphindia.com/business/sensex-declines-243-points-to-70896-in-early-trade-nifty-skids-73-points-to-21448/cid/1997345,"Stock market | Sensex declines 243 points to 70,896 in early trade; Nifty skids 73 points to 21,448",REJECTED_ENTITY_MATCHER,False,,NOT_RELEVANT,No Axis Bank in headline — V2Org-only retrieval match
20240131100000-T1567,20240131100000,moneycontrol.com,https://hindi.moneycontrol.com/news/markets/sun-pharma-option-will-give-huge-profit-and-pnb-dlf-dr-reddys-are-big-bets-of-axis-securities-in-f-and-o-1751171.html,"Axis Securities के 3 एफएंडओ कॉल्स निवेशकों को करेंगे मालामाल, Sun Pharma का सस्ता ऑप्शन देगा तगड़ा मुनाफा",REJECTED_ENTITY_MATCHER,False,,NOT_RELEVANT,Axis Securities subsidiary — standalone brokerage content
20240131100000-T1493,20240131100000,oneindia.com,https://hindi.oneindia.com/news/business/rally-in-stock-market-before-budget-sensex-rises-above-500-points-878531.html,"बजट से पहले मूड में दिखा शेयर मार्केट, सेंसेक्स 500 अंक से ऊपर चढ़ा, निफ्टी ने भी बढ़त बनाई",REJECTED_ENTITY_MATCHER,False,,NOT_RELEVANT,No Axis Bank in headline — V2Org-only retrieval match
20240131101500-907,20240131101500,indiatimes.com,https://economictimes.indiatimes.com/wealth/save/new-imps-rule-likely-from-february-1-transfer-money-with-mobile-no-bank-name-no-ifsc-beneficiary-details-required/articleshow/107287410.cms,"New IMPS rule likely from February 1: Transfer money with mobile no., bank name; No IFSC, beneficiary details required",REJECTED_ENTITY_MATCHER,False,,NOT_RELEVANT,No Axis Bank in headline — V2Org-only retrieval match
20240131104500-1405,20240131104500,yovizag.com,https://www.yovizag.com/job-mela-on-2-february-in-visakhapatnam/,Job Mela on 2 February in Visakhapatnam to fill over 450 vacancies,REJECTED_ENTITY_MATCHER,False,,NOT_RELEVANT,Unrelated topic — no Axis Bank material
20240131111500-924,20240131111500,businesstoday.in,https://www.businesstoday.in/markets/market-commentary/story/sensex-jumps-612-points-nifty-settles-above-21700-bank-stocks-gain-415586-2024-01-31,"Sensex jumps 612 points, Nifty settles above 21,700; bank stocks gain",REJECTED_ENTITY_MATCHER,False,,NOT_RELEVANT,No Axis Bank in headline — V2Org-only retrieval match
20240131114500-863,20240131114500,indiatimes.com,https://economictimes.indiatimes.com/markets/stocks/stock-watch/share-market-update-most-active-stocks-of-the-day-in-terms-of-traded-value/articleshow/107293544.cms,active stocks: Share market update: Most active stocks of the day in terms of traded value,REJECTED_ENTITY_MATCHER,False,,NOT_RELEVANT,Generic market roundup/index update
20240131173000-1570,20240131173000,thehindubusinessline.com,https://www.thehindubusinessline.com/opinion/editorial/govt-capex-focus-must-be-backed-up-by-private-efforts/article67796847.ece,Editorial. Govt capex focus must be backed up by private efforts,REJECTED_ENTITY_MATCHER,False,,NOT_RELEVANT,No Axis Bank in headline — V2Org-only retrieval match
20240131190000-2015,20240131190000,moneycontrol.com,https://www.moneycontrol.com/news/business/budget/budget-2024-trading-strategy-how-to-position-yourself-as-a-trader-today-in-main-indices-12163341.html,Budget 2024 Trading Strategy: How to position yourself as a trader today in main indices,REJECTED_ENTITY_MATCHER,False,,NOT_RELEVANT,No Axis Bank in headline — V2Org-only retrieval match
20240131191500-T1860,20240131191500,bhaskar.com,https://www.bhaskar.com/tech-auto/news/deadline-for-updating-kyc-of-fastag-from-bank-extended-132523493.html,"Deadline for updating KYC of Fastag from bank extended | फास्टैग में KYC अपडेट कराने की डेडलाइन एक महीने बढ़ी: NHAI ने किया फैसला, 6 स्टेप फॉलो कर ऑनलाइन अपडेट करें",REJECTED_ENTITY_MATCHER,False,,NOT_RELEVANT,Unrelated topic — no Axis Bank material
20240131224500-768,20240131224500,yahoo.com,https://finance.yahoo.com/news/mastercard-ma-q4-2023-earnings-221514730.html,Mastercard (MA) Q4 2023 Earnings Call Transcript,REJECTED_ENTITY_MATCHER,False,,NOT_RELEVANT,Unrelated topic — no Axis Bank material
