gkg_record_id,date,source,url,headline,pipeline_stage,matcher_decision,trading_date,human_label,notes
20240101023000-493,20240101023000,indiatimes.com,https://economictimes.indiatimes.com/wealth/invest/motilal-oswal-flexi-cap-mutual-fund-is-on-a-long-road-to-recovery-should-you-invest/articleshow/106394579.cms,Motilal Oswal Flexi Cap mutual fund is on a long road to recovery; should you invest?,REJECTED_ENTITY_MATCHER,False,,NOT_RELEVANT,Generic V2Organizations match without Bajaj Finance in headline
20240101040000-T201,20240101040000,sharemanthan.in,https://www.sharemanthan.in/technical-tips/intraday-tips/73619-reliance-secrities-market-lens-intraday-calls-20240101,"बजाज फिनसर्व और आईटीसी खरीदें, डॉ रेड्डीज लैबोरेट्रीज बेचें : रिलायंस सिक्योरिटीज",REJECTED_ENTITY_MATCHER,False,,NOT_RELEVANT,Generic V2Organizations match without Bajaj Finance in headline
20240101053000-163,20240101053000,indiatimes.com,https://economictimes.indiatimes.com/markets/stocks/stock-watch/stock-market-update-mining-stocks-down-as-market-falls/articleshow/106434754.cms,Stock Market Sectors: Stock market update: Mining stocks down as market falls,REJECTED_ENTITY_MATCHER,False,,NOT_RELEVANT,Generic V2Organizations match without Bajaj Finance in headline
20240101111500-556,20240101111500,indiatimes.com,https://economictimes.indiatimes.com/markets/stocks/stock-watch/stock-market-update-power-stocks-up-as-market-falls/articleshow/106453501.cms,Stock Market Sectors: Stock market update: Power stocks up as market falls,REJECTED_ENTITY_MATCHER,False,,NOT_RELEVANT,Generic V2Organizations match without Bajaj Finance in headline
20240101111500-257,20240101111500,indiatimes.com,https://economictimes.indiatimes.com/markets/stocks/news/sensex-nifty-close-flat-in-new-years-first-trading-session-dragged-by-banking-stocks/articleshow/106453315.cms,"sensex today: Sensex, Nifty kick off 2024 on a flat note dragged by banking, auto stocks",REJECTED_ENTITY_MATCHER,False,,NOT_RELEVANT,Generic V2Organizations match without Bajaj Finance in headline
20240101114500-766,20240101114500,theweek.in,https://www.theweek.in/wire-updates/business/2024/01/01/del24-biz-stocks-close.html,Sensex Nifty kick off 2024 on a flat note,REJECTED_ENTITY_MATCHER,False,,NOT_RELEVANT,Generic V2Organizations match without Bajaj Finance in headline
20240101114500-636,20240101114500,orissapost.com,https://www.orissapost.com/sensex-nifty-kick-off-2024-on-a-flat-note/,"Sensex, Nifty kick off 2024 on a flat note",REJECTED_ENTITY_MATCHER,False,,NOT_RELEVANT,Generic V2Organizations match without Bajaj Finance in headline
20240101120000-234,20240101120000,tribuneindia.com,https://www.tribuneindia.com/news/business/sensex-nifty-kick-off-2024-on-a-flat-note-577314,"Sensex, Nifty kick off 2024 on a flat note",REJECTED_ENTITY_MATCHER,False,,NOT_RELEVANT,Generic V2Organizations match without Bajaj Finance in headline
20240101120000-626,20240101120000,thehindubusinessline.com,https://www.thehindubusinessline.com/markets/sensex-nifty-kick-off-2024-on-a-flat-note/article67695259.ece,"Sensex, Nifty kick off 2024 on a flat note - The Hindu BusinessLine",REJECTED_ENTITY_MATCHER,False,,NOT_RELEVANT,Generic V2Organizations match without Bajaj Finance in headline
20240101121500-490,20240101121500,indiatimes.com,https://economictimes.indiatimes.com/markets/stocks/stock-watch/stock-market-update-mining-stocks-down-as-market-falls/articleshow/106455001.cms,Stock Market Sectors: Stock market update: Mining stocks down as market falls,REJECTED_ENTITY_MATCHER,False,,NOT_RELEVANT,Generic V2Organizations match without Bajaj Finance in headline
20240101123000-467,20240101123000,rediff.com,https://www.rediff.com/business/report/sensex-nifty-kick-off-2024-on-a-flat-note/20240101.htm,"Sensex, Nifty kick off 2024 on a flat note",REJECTED_ENTITY_MATCHER,False,,NOT_RELEVANT,Generic V2Organizations match without Bajaj Finance in headline
20240101124500-302,20240101124500,telegraphindia.com,https://www.telegraphindia.com/feeds/business/sensex-and-nifty-begin-2024-on-a-flat-note-marginal-gains-in-volatile-trading/cid/1990809,"Sensex | Sensex and Nifty begin 2024 on a flat note, marginal gains in volatile trading",REJECTED_ENTITY_MATCHER,False,,NOT_RELEVANT,Generic V2Organizations match without Bajaj Finance in headline
20240101133000-356,20240101133000,telegraphindia.com,https://www.telegraphindia.com/business/sensex-and-nifty-begin-2024-on-a-flat-note-marginal-gains-in-volatile-trading/cid/1990809,"Sensex | Sensex and Nifty begin 2024 on a flat note, marginal gains in volatile trading",REJECTED_ENTITY_MATCHER,False,,NOT_RELEVANT,Generic V2Organizations match without Bajaj Finance in headline
20240101133000-172,20240101133000,thehindu.com,https://www.thehindu.com/business/markets/sensex-nifty-kick-off-2024-on-a-flat-note/article67695466.ece,"Sensex, Nifty kick off 2024 on a flat note",REJECTED_ENTITY_MATCHER,False,,NOT_RELEVANT,Generic V2Organizations match without Bajaj Finance in headline
20240101134500-313,20240101134500,deccanherald.com,https://www.deccanherald.com/business/markets/sensex-nifty-kick-off-2024-on-a-flat-note-amid-high-volatility-2831545,"Sensex, Nifty kick off 2024 on a flat note amid high volatility",REJECTED_ENTITY_MATCHER,False,,NOT_RELEVANT,Generic V2Organizations match without Bajaj Finance in headline
20240101140000-825,20240101140000,theweek.in,https://www.theweek.in/wire-updates/business/2024/01/01/del38-biz-ld-stocks.html,Sensex Nifty kick off 2024 on a flat note amid high volatility,REJECTED_ENTITY_MATCHER,False,,NOT_RELEVANT,Generic V2Organizations match without Bajaj Finance in headline
20240102010000-686,20240102010000,dailyexcelsior.com,https://www.dailyexcelsior.com/sensex-nifty-kick-off-2024-on-a-flat-note/,"Sensex, Nifty kick off 2024 on a flat note",REJECTED_ENTITY_MATCHER,False,,NOT_RELEVANT,Generic V2Organizations match without Bajaj Finance in headline
20240102011500-T442,20240102011500,indiatimes.com,https://navbharattimes.indiatimes.com/business/share-market/share-news/share-market-prediction-for-2nd-january-2024-watch-vodafone-idea-and-lic/articleshow/106458503.cms,Share Market Update: मंगलवार को वोडाफोन आइडिया और एलआईसी कर सकते हैं निवेशकों का मंगल,REJECTED_ENTITY_MATCHER,False,,NOT_RELEVANT,Generic V2Organizations match without Bajaj Finance in headline
20240102053000-799,20240102053000,indiatimes.com,https://economictimes.indiatimes.com/markets/stocks/stock-watch/stock-market-update-mining-stocks-down-as-market-falls/articleshow/106468849.cms,Stock Market Sectors: Stock market update: Mining stocks down as market falls,REJECTED_ENTITY_MATCHER,False,,NOT_RELEVANT,Generic V2Organizations match without Bajaj Finance in headline
20240102060000-294,20240102060000,indiatimes.com,https://economictimes.indiatimes.com/markets/stocks/stock-watch/stock-market-update-power-stocks-up-as-market-falls/articleshow/106470578.cms,Stock Market Sectors: Stock market update: Power stocks up as market falls,REJECTED_ENTITY_MATCHER,False,,NOT_RELEVANT,Generic V2Organizations match without Bajaj Finance in headline
20240102060000-41,20240102060000,tribuneindia.com,https://www.tribuneindia.com/news/business/markets-fall-in-early-trade-as-sensex-falls-202-76-points-577579,Markets fall in early trade as Sensex falls 202.76 points,REJECTED_ENTITY_MATCHER,False,,NOT_RELEVANT,Generic V2Organizations match without Bajaj Finance in headline
20240102060000-T107,20240102060000,punjabkesari.in,https://www.punjabkesari.in/business/news/decline-in-early-trade-in-domestic-markets-1923301,घरेलू बाजारों में शुरुआती कारोबार में गिरावट - decline in early trade in domestic markets,REJECTED_ENTITY_MATCHER,False,,NOT_RELEVANT,Generic V2Organizations match without Bajaj Finance in headline
20240102063000-695,20240102063000,telegraphindia.com,https://www.telegraphindia.com/feeds/business/sensex-falls-202-points-to-72069-in-early-trade-nifty-declines-42-points-to-21699/cid/1990960,"Stock market | Sensex falls 202 points to 72,069 in early trade; Nifty declines 42 points to 21,699",REJECTED_ENTITY_MATCHER,False,,NOT_RELEVANT,Generic V2Organizations match without Bajaj Finance in headline
20240102063000-946,20240102063000,theweek.in,https://www.theweek.in/wire-updates/business/2024/01/02/del5-biz-stocks-open.html,Markets fall in early trade,REJECTED_ENTITY_MATCHER,False,,NOT_RELEVANT,Generic V2Organizations match without Bajaj Finance in headline
20240102063000-806,20240102063000,theweek.in,https://www.theweek.in/news/biz-tech/2024/01/02/sensex-nifty-decline-in-early-trade-amid-weak-asian-trends-fresh-foreign-fund-outflows.html,"Sensex, Nifty decline in early trade amid weak Asian trends, fresh foreign fund outflows",REJECTED_ENTITY_MATCHER,False,,NOT_RELEVANT,Generic V2Organizations match without Bajaj Finance in headline
20240102063000-381,20240102063000,thehindu.com,https://www.thehindu.com/business/markets/markets-fall-in-early-trade-sensex-down-200-points/article67697572.ece,Markets fall in early trade; Sensex down 200 points,REJECTED_ENTITY_MATCHER,False,,NOT_RELEVANT,Generic V2Organizations match without Bajaj Finance in headline
20240102070000-170,20240102070000,indiatimes.com,https://timesofindia.indiatimes.com/business/markets/sensex/sensex-nifty-down-amid-selling-pressure-in-financials-it/articleshow/106470241.cms,"Sensex, Nifty down amid selling pressure in financials, IT",REJECTED_ENTITY_MATCHER,False,,NOT_RELEVANT,Generic V2Organizations match without Bajaj Finance in headline
20240102073000-255,20240102073000,telegraphindia.com,https://www.telegraphindia.com/business/sensex-falls-202-points-to-72069-in-early-trade-nifty-declines-42-points-to-21699/cid/1990960,"Stock market | Sensex falls 202 points to 72,069 in early trade; Nifty declines 42 points to 21,699",REJECTED_ENTITY_MATCHER,False,,NOT_RELEVANT,Generic V2Organizations match without Bajaj Finance in headline
20240102111500-T126,20240102111500,prabhatkhabar.com,https://www.prabhatkhabar.com/business/sensex-nifty-update-share-market-fell-second-day-of-year-2024-investors-loss-huge-mdn,"sensex nifty update share market fell second day of year 2024 investors loss huge mdn | Share Market ने निवेशकों को लगातार दूसरे दिन दिया झटका, सेंसेक्स 342 अंक टूटा, निफ्टी 21,677 पर बंद",REJECTED_ENTITY_MATCHER,False,,NOT_RELEVANT,Generic V2Organizations match without Bajaj Finance in headline
20240102111500-226,20240102111500,indiatimes.com,https://economictimes.indiatimes.com/markets/stocks/stock-watch/stock-market-update-power-stocks-up-as-market-falls/articleshow/106485961.cms,Stock Market Sectors: Stock market update: Power stocks up as market falls,REJECTED_ENTITY_MATCHER,False,,NOT_RELEVANT,Generic V2Organizations match without Bajaj Finance in headline
20240102111500-744,20240102111500,freepressjournal.in,https://www.freepressjournal.in/business/closing-bell-markets-end-day-in-red-on-january-2-sensex-at-7189248-nifty-below-21700,"Closing Bell: Markets End Day In Red On January 2; Sensex At 71,892.48, Nifty Below 21,700",REJECTED_ENTITY_MATCHER,False,,NOT_RELEVANT,Generic V2Organizations match without Bajaj Finance in headline
20240102113000-1132,20240102113000,orissapost.com,https://www.orissapost.com/sensex-falls-379-pts-on-profit-taking-in-bank-it-stocks-foreign-fund-outflows/,"Sensex falls 379 pts on profit taking in bank & IT stocks, foreign fund outflows",REJECTED_ENTITY_MATCHER,False,,NOT_RELEVANT,Generic V2Organizations match without Bajaj Finance in headline
20240102114500-1232,20240102114500,theweek.in,https://www.theweek.in/wire-updates/business/2024/01/02/del28-biz-stocks-close.html,Sensex falls 379 pts on profit taking in bank IT stocks foreign fund outflows,REJECTED_ENTITY_MATCHER,False,,NOT_RELEVANT,Generic V2Organizations match without Bajaj Finance in headline
20240102114500-25,20240102114500,theweek.in,https://www.theweek.in/news/biz-tech/2024/01/02/sensex-falls-379-points-on-profit-taking-in-bank-andit-stocks-foreign-fund-outflows.html,"Sensex falls 379 points on profit taking in bank &IT stocks, foreign fund outflows",REJECTED_ENTITY_MATCHER,False,,NOT_RELEVANT,Generic V2Organizations match without Bajaj Finance in headline
20240102120000-553,20240102120000,indiatimes.com,https://economictimes.indiatimes.com/markets/stocks/stock-watch/stock-market-update-mining-stocks-down-as-market-falls/articleshow/106487012.cms,Stock Market Sectors: Stock market update: Mining stocks down as market falls,REJECTED_ENTITY_MATCHER,False,,NOT_RELEVANT,Generic V2Organizations match without Bajaj Finance in headline
20240102121500-259,20240102121500,indianexpress.com,https://indianexpress.com/article/business/sensex-pts-profit-taking-in-bank-it-stocks-foreign-fund-outflows-9092002/,"Sensex falls 379 pts on profit taking in bank & IT stocks, foreign fund outflows",REJECTED_ENTITY_MATCHER,False,,NOT_RELEVANT,Generic V2Organizations match without Bajaj Finance in headline
20240102121500-904,20240102121500,tribuneindia.com,https://www.tribuneindia.com/news/business/sensex-falls-379-points-on-profit-taking-in-bank-and-it-stocks-foreign-fund-outflows-577607,"Sensex falls 379 points on profit taking in bank and IT stocks, foreign fund outflows",REJECTED_ENTITY_MATCHER,False,,NOT_RELEVANT,Generic V2Organizations match without Bajaj Finance in headline
20240102123000-1182,20240102123000,rediff.com,https://www.rediff.com/business/report/sensex-falls-379-pts-on-profit-taking-in-bank--it-stocks/20240102.htm,Sensex falls 379 pts on profit taking in bank & IT stocks,REJECTED_ENTITY_MATCHER,False,,NOT_RELEVANT,Generic V2Organizations match without Bajaj Finance in headline
20240102124500-326,20240102124500,thehindubusinessline.com,https://www.thehindubusinessline.com/markets/sensex-falls-379-pts-on-profit-taking-in-bank-it-stocks-foreign-fund-outflows/article67698161.ece,"Sensex falls 379 pts on profit-taking in bank & IT stocks, foreign fund outflows",REJECTED_ENTITY_MATCHER,False,,NOT_RELEVANT,Generic V2Organizations match without Bajaj Finance in headline
20240102131500-755,20240102131500,india.com,https://zeenews.india.com/markets/sensex-falls-379-46-points-to-settle-at-71892-48-nifty-declines-76-10-points-to-21665-80-2705362.html,"Sensex Falls 379.46 Points To Settle At 71,892.48; Nifty Declines 76.10 Points To 21,665.80",REJECTED_ENTITY_MATCHER,False,,NOT_RELEVANT,Generic V2Organizations match without Bajaj Finance in headline
20240102140000-T2513,20240102140000,punjabkesari.in,https://www.punjabkesari.in/business/news/bse-falls-379-points-due-to-selling-in-bank-it-shares-1923557,"बैंक, आईटी शेयरों में बिकवाली से सेंसेक्स 379 अंक टूटा - bse falls 379 points due to selling in bank it shares",REJECTED_ENTITY_MATCHER,False,,NOT_RELEVANT,Generic V2Organizations match without Bajaj Finance in headline
20240102183000-1802,20240102183000,thenorthlines.com,https://thenorthlines.com/sensex-falls-379-pts-on-profit-taking-in-bank-it-stocks/,Sensex falls 379 pts on profit taking in bank & IT stocks,REJECTED_ENTITY_MATCHER,False,,NOT_RELEVANT,Generic V2Organizations match without Bajaj Finance in headline
20240103003000-1548,20240103003000,dailyexcelsior.com,https://www.dailyexcelsior.com/sensex-falls-379-pts-on-profit-taking-in-bank-it-stocks-foreign-fund-outflows/,"Sensex falls 379 pts on profit taking in bank & IT stocks, foreign fund outflows",REJECTED_ENTITY_MATCHER,False,,NOT_RELEVANT,Generic V2Organizations match without Bajaj Finance in headline
20240103014500-T811,20240103014500,tarunbharat.com,https://www.tarunbharat.com/market-effectively-with-sales-in-the-it-financial-sector/,Market effectively with sales in the IT-financial sector,REJECTED_ENTITY_MATCHER,False,,NOT_RELEVANT,Generic V2Organizations match without Bajaj Finance in headline
20240103050000-T676,20240103050000,indiatimes.com,https://navbharattimes.indiatimes.com/business/share-market/share-news/stock-market-prediction-today-there-are-signs-of-bumper-bullish-trend-in-these-stocks-including-bhel/articleshow/106493076.cms,"Stock Market Prediction: आज BHEL और Abbott India करा सकते हैं आपकी बंपर कमाई, तेजी के दिख रहे सभी संकेत",REJECTED_ENTITY_MATCHER,False,,NOT_RELEVANT,Generic V2Organizations match without Bajaj Finance in headline
20240103051500-1013,20240103051500,businesstoday.in,https://www.businesstoday.in/markets/market-commentary/story/sensex-falls-over-200-points-nifty-tests-21600-national-aluminium-vodafone-idea-mphasis-slip-up-to-3-411660-2024-01-03,"Sensex falls over 200 points, Nifty tests 21,600; National Aluminium, Vodafone Idea & Mphasis slip up to 3%",REJECTED_ENTITY_MATCHER,False,,NOT_RELEVANT,Generic V2Organizations match without Bajaj Finance in headline
20240103051500-860,20240103051500,businesstoday.in,https://www.businesstoday.in/markets/stock-picks/story/dr-reddys-labs-lemon-tree-hotels-what-mileen-vasudeo-of-arihant-capital-says-on-these-2-stocks-411661-2024-01-03,Dr Reddy's Labs & Lemon Tree Hotels: What Mileen Vasudeo of Arihant Capital says on these 2 stocks,REJECTED_ENTITY_MATCHER,False,,NOT_RELEVANT,Generic V2Organizations match without Bajaj Finance in headline
20240103051500-669,20240103051500,businesstoday.in,https://www.businesstoday.in/markets/company-stock/story/rbl-bank-shares-in-news-on-report-lender-sells-rs-800-cr-credit-card-loans-to-kotak-mahindra-bank-411641-2024-01-03,RBL Bank shares in news on report lender sells Rs 800 cr credit card loans to Kotak Mahindra Bank,REJECTED_ENTITY_MATCHER,False,,NOT_RELEVANT,Generic V2Organizations match without Bajaj Finance in headline
20240103053000-170,20240103053000,indiatimes.com,https://economictimes.indiatimes.com/markets/stocks/stock-watch/stock-market-update-fmcg-stocks-up-as-market-falls/articleshow/106502843.cms,Stock Market Sectors: Stock market update: FMCG stocks up as market falls,REJECTED_ENTITY_MATCHER,False,,NOT_RELEVANT,Generic V2Organizations match without Bajaj Finance in headline
20240103053000-150,20240103053000,indiatimes.com,https://economictimes.indiatimes.com/markets/stocks/stock-watch/stock-market-update-power-stocks-up-as-market-falls/articleshow/106503114.cms,Stock Market Sectors: Stock market update: Power stocks up as market falls,REJECTED_ENTITY_MATCHER,False,,NOT_RELEVANT,Generic V2Organizations match without Bajaj Finance in headline
20240103053000-88,20240103053000,hindustantimes.com,https://www.hindustantimes.com/business/market-bell-sensex-drops-by-200-points-below-72-000-mark-nifty-down-by-0-23-at-21-616-points-stock-market-nse-bse-101704254326729.html,"Sensex drops by 270 points below 72,000 mark; Nifty down by 0.23%",REJECTED_ENTITY_MATCHER,False,,NOT_RELEVANT,Generic V2Organizations match without Bajaj Finance in headline
20240103054500-1040,20240103054500,theweek.in,https://www.theweek.in/wire-updates/business/2024/01/03/del11-biz-stocks-open.html,Stock markets fall in early trade dragged down by IT counters weak global trends,REJECTED_ENTITY_MATCHER,False,,NOT_RELEVANT,Generic V2Organizations match without Bajaj Finance in headline
20240103054500-494,20240103054500,theweek.in,https://www.theweek.in/news/biz-tech/2024/01/03/stock-markets-fall-in-early-trade-dragged-down-by-it-counters-weak-global-trends.html,"Stock markets fall in early trade dragged down by IT counters, weak global trends",REJECTED_ENTITY_MATCHER,False,,NOT_RELEVANT,Generic V2Organizations match without Bajaj Finance in headline
20240103060000-1012,20240103060000,thehindu.com,https://www.thehindu.com/business/markets/stock-markets-fall-in-early-trade-dragged-down-by-it-counters-weak-global-trends/article67700900.ece,"Stock markets fall in early trade dragged down by IT counters, weak global trends",REJECTED_ENTITY_MATCHER,False,,NOT_RELEVANT,Generic V2Organizations match without Bajaj Finance in headline
20240103061500-675,20240103061500,indiatimes.com,https://economictimes.indiatimes.com/markets/stocks/stock-watch/stock-market-update-mining-stocks-down-as-market-falls/articleshow/106504419.cms,Stock Market Sectors: Stock market update: Mining stocks down as market falls,REJECTED_ENTITY_MATCHER,False,,NOT_RELEVANT,Generic V2Organizations match without Bajaj Finance in headline
20240103061500-430,20240103061500,telegraphindia.com,https://www.telegraphindia.com/feeds/business/stock-markets-fall-in-early-trade-dragged-down-by-it-counters-weak-global-trends/cid/1991200,"Sensex | Stock markets fall in early trade dragged down by IT counters, weak global trends",REJECTED_ENTITY_MATCHER,False,,NOT_RELEVANT,Generic V2Organizations match without Bajaj Finance in headline
20240103061500-1072,20240103061500,telegraphindia.com,https://www.telegraphindia.com/business/stock-markets-fall-in-early-trade-dragged-down-by-it-counters-weak-global-trends/cid/1991200,"Sensex | Stock markets fall in early trade dragged down by IT counters, weak global trends",REJECTED_ENTITY_MATCHER,False,,NOT_RELEVANT,Generic V2Organizations match without Bajaj Finance in headline
20240103063000-22,20240103063000,thehindubusinessline.com,https://www.thehindubusinessline.com/markets/share-market-nifty-sensex-live-updates-03-january-2024/article67698291.ece,"Stock Market Live Updates: Sensex, Nifty trade weak, SC denies SIT probe in Adani-Hindenburg row; orders swift SEBI investigation",REJECTED_ENTITY_MATCHER,False,,NOT_RELEVANT,Generic V2Organizations match without Bajaj Finance in headline
20240103063000-25,20240103063000,siasat.com,https://www.siasat.com/stock-markets-fall-in-early-trade-dragged-down-by-it-counters-weak-global-trends-2947833/,"Stock markets fall in early trade dragged down by IT counters, weak global trends",REJECTED_ENTITY_MATCHER,False,,NOT_RELEVANT,Generic V2Organizations match without Bajaj Finance in headline
20240103064500-104,20240103064500,india.com,https://zeenews.india.com/markets/stock-markets-fall-in-early-trade-dragged-down-by-it-counters-weak-global-trends-2705617.html,"Stock Markets Fall In Early Trade Dragged Down By IT Counters, Weak Global Trends",REJECTED_ENTITY_MATCHER,False,,NOT_RELEVANT,Generic V2Organizations match without Bajaj Finance in headline
20240103070000-275,20240103070000,thehindubusinessline.com,https://www.thehindubusinessline.com/markets/nifty-sensex-experience-morning-decline/article67700872.ece,"Nifty, Sensex experience morning decline - The Hindu BusinessLine",REJECTED_ENTITY_MATCHER,False,,NOT_RELEVANT,Generic V2Organizations match without Bajaj Finance in headline
20240103073000-325,20240103073000,tribuneindia.com,https://www.tribuneindia.com/news/business/stock-markets-fall-in-early-trade-dragged-down-by-it-counters-weak-global-trends-577886,"Stock markets fall in early trade dragged down by IT counters, weak global trends",REJECTED_ENTITY_MATCHER,False,,NOT_RELEVANT,Generic V2Organizations match without Bajaj Finance in headline
20240103083000-249,20240103083000,indiablooms.com,https://www.indiablooms.com/finance-details/19692/bse-sensex-drops-over-300-points.html,BSE Sensex drops over 300 points | Indiablooms - First Portal on Digital News Management,REJECTED_ENTITY_MATCHER,False,,NOT_RELEVANT,Generic V2Organizations match without Bajaj Finance in headline
20240103084500-T1129,20240103084500,livehindustan.com,https://www.livehindustan.com/business/story-stock-market-news-top-gainers-adani-group-stocks-and-here-losers-today-on-3-jan-2024-senesx-nifty-9150754.html,"Business News : stock market news top gainers adani group stocks and here losers today on 3 jan 2024 senesx nifty - शेयर बाजार में गिरावट, सेंसेक्स-निफ्टी लाल, अडानी के शेयरों पर सुप्रीम कोर्ट के फैसले का ये है असर",REJECTED_ENTITY_MATCHER,False,,NOT_RELEVANT,Generic V2Organizations match without Bajaj Finance in headline
20240103094500-968,20240103094500,dailypioneer.com,https://www.dailypioneer.com/2024/business/stock-markets-fall-in-early-trade-dragged-down-by-it-counters--weak-global-trends.html,"Stock markets fall in early trade dragged down by IT counters, weak global trends",REJECTED_ENTITY_MATCHER,False,,NOT_RELEVANT,Generic V2Organizations match without Bajaj Finance in headline
20240103133000-1197,20240103133000,moneycontrol.com,https://www.moneycontrol.com/news/business/personal-finance/jio-financial-blackrock-and-abira-securities-file-for-mutual-fund-license-with-sebi-11994181.html,Jio Financial-BlackRock and Abira Securities file for mutual fund license with SEBI,REJECTED_ENTITY_MATCHER,False,,NOT_RELEVANT,Generic V2Organizations match without Bajaj Finance in headline
20240104043000-529,20240104043000,indiatimes.com,https://economictimes.indiatimes.com/markets/stocks/news/sensex-resumes-rally-after-2-day-break-jumps-300-points-nifty-above-21600/articleshow/106531569.cms,"sensex today: Sensex resumes rally after 2-day break, jumps 300 points; Nifty above 21,600",REJECTED_ENTITY_MATCHER,False,,NOT_RELEVANT,Generic V2Organizations match without Bajaj Finance in headline
20240104050000-943,20240104050000,rttnews.com,https://www.rttnews.com/3414562/sensex-nifty-gain-in-early-trade.aspx,"Sensex, Nifty Gain In Early Trade",REJECTED_ENTITY_MATCHER,False,,NOT_RELEVANT,Generic V2Organizations match without Bajaj Finance in headline
20240104051500-95,20240104051500,freepressjournal.in,https://www.freepressjournal.in/business/stock-market-opening-january-4-indices-open-in-green-sensex-at-7157280-nifty-above-21500,"Stock Market Opening January 4: Indices Open in Green; Sensex At 71,572.80 & Nifty Above 21,500",REJECTED_ENTITY_MATCHER,False,,NOT_RELEVANT,Generic V2Organizations match without Bajaj Finance in headline
20240104053000-541,20240104053000,newzealandstar.com,https://www.newzealandstar.com/news/274084417/mixed-global-cues-as-stock-market-opens-in-green-positive-trends-amidst-caution,"Mixed global cues as stock market opens in green, positive trends amidst caution",REJECTED_ENTITY_MATCHER,False,,NOT_RELEVANT,Generic V2Organizations match without Bajaj Finance in headline
20240104053000-209,20240104053000,thehindubusinessline.com,https://www.thehindubusinessline.com/markets/sensex-gains-over-300-pts-nifty-trades-above-21600-in-early-trade/article67704630.ece,"Sensex gains over 300 pts, Nifty trades above 21,600 in early trade",REJECTED_ENTITY_MATCHER,False,,NOT_RELEVANT,Generic V2Organizations match without Bajaj Finance in headline
20240104054500-T1643,20240104054500,livehindustan.com,https://www.livehindustan.com/business/story-stock-market-regained-its-glory-sensex-nifty-open-in-green-adani-shares-rise-top-gainer-and-looser-today-9155175.html,"Business News : Stock market regained its glory Sensex Nifty open in green Adani shares rise top gainer and looser today - शेयर बाजार में रौनक लौटी, सेंसेक्स 71700 और निफ्टी 21600 के पार, आज ये स्टॉक्स कर रहे कमाल",REJECTED_ENTITY_MATCHER,False,,NOT_RELEVANT,Generic V2Organizations match without Bajaj Finance in headline
20240104054500-160,20240104054500,devdiscourse.com,https://www.devdiscourse.com/article/business/2765294-mixed-global-cues-as-stock-market-opens-in-green-positive-trends-amidst-caution,"Mixed global cues as stock market opens in green, positive trends amidst caution",REJECTED_ENTITY_MATCHER,False,,NOT_RELEVANT,Generic V2Organizations match without Bajaj Finance in headline
20240104054500-528,20240104054500,indiatimes.com,https://economictimes.indiatimes.com/markets/stocks/stock-watch/share-market-update-most-active-stocks-of-the-day-in-terms-of-total-traded-value/articleshow/106533377.cms,active stocks: Share market update: Most active stocks of the day in terms of total traded value,REJECTED_ENTITY_MATCHER,False,,NOT_RELEVANT,Generic V2Organizations match without Bajaj Finance in headline
20240104061500-149,20240104061500,aninews.in,https://aninews.in/news/business/business/mixed-global-cues-as-stock-market-opens-in-green-positive-trends-amidst-caution20240104095709/,"Mixed global cues as stock market opens in green, positive trends amidst caution",REJECTED_ENTITY_MATCHER,False,,NOT_RELEVANT,Generic V2Organizations match without Bajaj Finance in headline
20240104061500-682,20240104061500,thehindu.com,https://www.thehindu.com/business/markets/markets-rebound-in-early-trade-after-two-days-of-fall/article67704687.ece,Markets rebound in early trade after two days of fall,REJECTED_ENTITY_MATCHER,False,,NOT_RELEVANT,Generic V2Organizations match without Bajaj Finance in headline
20240104063000-810,20240104063000,indiatimes.com,https://economictimes.indiatimes.com/markets/stocks/stock-watch/share-market-update-most-active-stocks-on-d-street-today-in-terms-of-volume/articleshow/106534831.cms,share market: Share market update: Most active stocks on D-Street today in terms of volume,REJECTED_ENTITY_MATCHER,False,,NOT_RELEVANT,Generic V2Organizations match without Bajaj Finance in headline
20240104063000-145,20240104063000,telegraphindia.com,https://www.telegraphindia.com/feeds/business/sensex-jumps-351-points-to-71708-in-early-trade-nifty-climbs-99-points-to-21616/cid/1991447,"Stock market | Sensex jumps 351 points to 71,708 in early trade; Nifty climbs 99 points to 21,616",REJECTED_ENTITY_MATCHER,False,,NOT_RELEVANT,Generic V2Organizations match without Bajaj Finance in headline
20240104063000-1026,20240104063000,webindia123.com,https://news.webindia123.com/news/Articles/Business/20240104/4155582.html,"Mixed global cues as stock market opens in green, positive trends amidst caution",REJECTED_ENTITY_MATCHER,False,,NOT_RELEVANT,Generic V2Organizations match without Bajaj Finance in headline
20240104063000-1082,20240104063000,businessworld.in,https://www.businessworld.in/article/Market-Shows-Resilience-Defies-Two-Day-Losing-Streak-Amid-Rate-Cut-Uncertainty-/04-01-2024-504564/,Market Shows Resilience Defies Two Day Losing Streak Amid Rate Cut Uncertainty - BW Businessworld,REJECTED_ENTITY_MATCHER,False,,NOT_RELEVANT,Generic V2Organizations match without Bajaj Finance in headline
20240104064500-495,20240104064500,businesstoday.in,https://www.businesstoday.in/markets/stocks/story/bajaj-auto-mm-tata-motors-heres-what-ak-prabhakar-of-idbi-capital-says-on-these-3-stocks-411818-2024-01-04,"Bajaj Auto, M&M & Tata Motors: Here's what AK Prabhakar of IDBI Capital says on these 3 stocks",REJECTED_ENTITY_MATCHER,False,,NOT_RELEVANT,Other Bajaj Group standalone company
20240104064500-1058,20240104064500,businesstoday.in,https://www.businesstoday.in/markets/market-commentary/story/sensex-jumps-over-300-points-nifty-tops-21600-torrent-power-adani-total-gas-surge-up-to-6-411804-2024-01-04,"Sensex jumps over 300 points, Nifty tops 21,600; Torrent Power, Adani Total Gas surge up to 6%",REJECTED_ENTITY_MATCHER,False,,NOT_RELEVANT,Generic V2Organizations match without Bajaj Finance in headline
20240104071500-T1995,20240104071500,amarujala.com,https://www.amarujala.com/business/bazaar/sensex-opening-bell-share-market-opening-sensex-nifty-share-market-news-and-updates-2024-01-04,"Sensex Opening Bell Share Market Opening Sensex Nifty Share Market News And Updates - Amar Ujala Hindi News Live - Sensex Opening Bell:शेयर बाजार में मजबूत शुरुआत; सेंसेक्स 350 अंक उछला, निफ्टी 21600 के पार",REJECTED_ENTITY_MATCHER,False,,NOT_RELEVANT,Generic V2Organizations match without Bajaj Finance in headline
20240104071500-226,20240104071500,india.com,https://zeenews.india.com/markets/markets-rebound-in-early-trade-after-two-days-of-fall-2705965.html,Markets Rebound In Early Trade After Two Days Of Fall,REJECTED_ENTITY_MATCHER,False,,NOT_RELEVANT,Generic V2Organizations match without Bajaj Finance in headline
20240104073000-776,20240104073000,shanghaisun.com,https://www.shanghaisun.com/news/274084417/mixed-global-cues-as-stock-market-opens-in-green-positive-trends-amidst-caution,"Mixed global cues as stock market opens in green, positive trends amidst caution",REJECTED_ENTITY_MATCHER,False,,NOT_RELEVANT,Generic V2Organizations match without Bajaj Finance in headline
20240104080000-1419,20240104080000,rttnews.com,https://www.rttnews.com/story.aspx?Id=3414562,"Sensex, Nifty Gain In Early Trade",REJECTED_ENTITY_MATCHER,False,,NOT_RELEVANT,Generic V2Organizations match without Bajaj Finance in headline
20240104081500-901,20240104081500,dailypioneer.com,https://www.dailypioneer.com/2024/business/markets-rebound-in-early-trade-after-two-days-of-fall.html,Markets rebound in early trade after two days of fall,REJECTED_ENTITY_MATCHER,False,,NOT_RELEVANT,Generic V2Organizations match without Bajaj Finance in headline
20240104083000-T1673,20240104083000,moneycontrol.com,https://hindi.moneycontrol.com/news/your-money/bajaj-finance-new-fd-scheme-digital-fd-offering-8-point-85-percent-interest-check-offer-1697241.html,"बजाज फाइनेंस लेकर आया नया ऑफर, ऑनलाइन कराएं एफडी और पाएं 8.85% का इंटरेस्ट",REJECTED_ENTITY_MATCHER,False,,NOT_RELEVANT,Generic V2Organizations match without Bajaj Finance in headline
20240104084500-T16,20240104084500,tarunmitra.in,https://www.tarunmitra.in/article/11612/bullish-atmosphere-in-domestic-stock-market-rise-in-sensex-nifty,"घरेलू शेयर बाजार में तेजी का माहौल, सेंसेक्स-निफ्टी में उछाल",REJECTED_ENTITY_MATCHER,False,,NOT_RELEVANT,Generic V2Organizations match without Bajaj Finance in headline
20240104091500-193,20240104091500,indiatimes.com,https://timesofindia.indiatimes.com/business/markets/sensex/indian-shares-open-higher-after-two-session-drop/articleshow/106531902.cms,Indian shares open higher after two days of fall,REJECTED_ENTITY_MATCHER,False,,NOT_RELEVANT,Generic V2Organizations match without Bajaj Finance in headline
20240104093000-T1776,20240104093000,punjabkesari.in,https://www.punjabkesari.in/business/news/increase-in-early-trading-in-domestic-markets-1924245,घरेलू बाजारों में शुरुआती कारोबार में तेजी - increase in early trading in domestic markets,REJECTED_ENTITY_MATCHER,False,,NOT_RELEVANT,Generic V2Organizations match without Bajaj Finance in headline
20240104113000-1080,20240104113000,indianexpress.com,https://indianexpress.com/article/business/market/markets-rebound-after-fall-sensex-jumps-9095172/,Markets rebound after falling for two days; Sensex jumps 491 points,REJECTED_ENTITY_MATCHER,False,,NOT_RELEVANT,Generic V2Organizations match without Bajaj Finance in headline
20240104113000-316,20240104113000,indiatimes.com,https://economictimes.indiatimes.com/markets/stocks/stock-watch/share-market-update-most-active-stocks-of-the-day-in-terms-of-traded-value/articleshow/106545906.cms,active stocks: Share market update: Most active stocks of the day in terms of traded value,REJECTED_ENTITY_MATCHER,False,,NOT_RELEVANT,Generic V2Organizations match without Bajaj Finance in headline
20240104114500-890,20240104114500,rediff.com,https://www.rediff.com/business/report/sensex-jumps-491-points-to-close-at-71848/20240104.htm,"Sensex jumps 491 points to close at 71,848",REJECTED_ENTITY_MATCHER,False,,NOT_RELEVANT,Generic V2Organizations match without Bajaj Finance in headline
20240104120000-489,20240104120000,thehindu.com,https://www.thehindu.com/business/markets/markets-rebound-after-falling-for-two-days-sensex-jumps-491-points/article67705590.ece,Markets rebound after falling for two days; Sensex jumps 491 points,REJECTED_ENTITY_MATCHER,False,,NOT_RELEVANT,Generic V2Organizations match without Bajaj Finance in headline
20240104124500-907,20240104124500,tribuneindia.com,https://www.tribuneindia.com/news/business/markets-rebound-after-falling-for-two-days-sensex-jumps-491-points-578215,Markets rebound after falling for two days; Sensex jumps 491 points,REJECTED_ENTITY_MATCHER,False,,NOT_RELEVANT,Generic V2Organizations match without Bajaj Finance in headline
20240104124500-1438,20240104124500,financialexpress.com,https://www.financialexpress.com/market/markets-rebound-after-falling-for-two-days-sensex-jumps-491-points-3355482/,Markets rebound after falling for two days; Sensex jumps 491 points,REJECTED_ENTITY_MATCHER,False,,NOT_RELEVANT,Generic V2Organizations match without Bajaj Finance in headline
20240104131500-1218,20240104131500,telegraphindia.com,https://www.telegraphindia.com/feeds/business/markets-rebound-after-falling-for-two-days-sensex-jumps-491-points/cid/1991523,Stock market | Markets rebound after falling for two days; Sensex jumps 491 points,REJECTED_ENTITY_MATCHER,False,,NOT_RELEVANT,Generic V2Organizations match without Bajaj Finance in headline
20240104133000-850,20240104133000,telegraphindia.com,https://www.telegraphindia.com/business/markets-rebound-after-falling-for-two-days-sensex-jumps-491-points/cid/1991523,Stock market | Markets rebound after falling for two days; Sensex jumps 491 points,REJECTED_ENTITY_MATCHER,False,,NOT_RELEVANT,Generic V2Organizations match without Bajaj Finance in headline
20240104133000-1704,20240104133000,bignewsnetwork.com,https://www.bignewsnetwork.com/news/274084827/key-insights-for-successful-financial-planning-in-2024,Key insights for successful financial planning in 2024,REJECTED_ENTITY_MATCHER,False,,NOT_RELEVANT,Generic V2Organizations match without Bajaj Finance in headline
20240104133000-192,20240104133000,news18.com,https://www.news18.com/india/equity-investors-become-richer-by-rs-3-24-lakh-crore-as-markets-rally-8728127.html,Equity Investors Become Richer by Rs 3.24 Lakh Crore as Markets Rally,REJECTED_ENTITY_MATCHER,False,,NOT_RELEVANT,Generic V2Organizations match without Bajaj Finance in headline
20240104141500-189,20240104141500,theweek.in,https://www.theweek.in/news/biz-tech/2024/01/04/markets-rebound-after-falling-for-two-days-sensex-jumps-491-points.html,Markets rebound after falling for two days; Sensex jumps 491 points,REJECTED_ENTITY_MATCHER,False,,NOT_RELEVANT,Generic V2Organizations match without Bajaj Finance in headline
20240104141500-1312,20240104141500,financialexpress.com,https://www.financialexpress.com/market/equity-investors-become-richer-by-rs-3-24-lakh-crore-as-markets-rally-3355619/,Equity investors become richer by Rs 3.24 lakh crore as markets rally,REJECTED_ENTITY_MATCHER,False,,NOT_RELEVANT,Generic V2Organizations match without Bajaj Finance in headline
20240104141500-1054,20240104141500,thehindubusinessline.com,https://www.thehindubusinessline.com/markets/markets-rebound-after-falling-for-two-days-sensex-jumps-491-points/article67705560.ece,Markets rebound after falling for two days; Sensex jumps 491 points,REJECTED_ENTITY_MATCHER,False,,NOT_RELEVANT,Generic V2Organizations match without Bajaj Finance in headline
20240104143000-1558,20240104143000,india.com,https://zeenews.india.com/markets/markets-rebound-after-2-day-slump-sensex-jumps-491-points-2706171.html,Markets Rebound After 2-Day Slump; Sensex Jumps 491 Points,REJECTED_ENTITY_MATCHER,False,,NOT_RELEVANT,Generic V2Organizations match without Bajaj Finance in headline
20240104151500-1518,20240104151500,latestly.com,https://www.latestly.com/agency-news/business-news-key-insights-for-successful-financial-planning-in-2024-5670706.html,Business News | Key Insights for Successful Financial Planning in 2024,REJECTED_ENTITY_MATCHER,False,,NOT_RELEVANT,Generic V2Organizations match without Bajaj Finance in headline
20240104153000-1150,20240104153000,aninews.in,https://aninews.in/news/business/business/key-insights-for-successful-financial-planning-in-202420240104181400/,Key insights for successful financial planning in 2024,REJECTED_ENTITY_MATCHER,False,,NOT_RELEVANT,Generic V2Organizations match without Bajaj Finance in headline
20240104153000-T1723,20240104153000,punjabkesari.in,https://www.punjabkesari.in/business/news/the-trend-of-decline-in-the-stock-market-for-two-days-stopped-1924400,"शेयर बाजार में दो दिन से जारी गिरावट का सिलसिला थमा, सेंसेक्स 491 अंक उछला - the trend of decline in the stock market for two days stopped",REJECTED_ENTITY_MATCHER,False,,NOT_RELEVANT,Generic V2Organizations match without Bajaj Finance in headline
20240104154500-341,20240104154500,webindia123.com,https://news.webindia123.com/news/Articles/Business/20240104/4155778.html,Key insights for successful financial planning in 2024,REJECTED_ENTITY_MATCHER,False,,NOT_RELEVANT,Generic V2Organizations match without Bajaj Finance in headline
20240104161500-T754,20240104161500,loksatta.com,https://www.loksatta.com/business/finance/stock-market-today-sensex-jumps-491-points-after-falling-for-two-days-print-eco-news-zws-70-4140212/,Stock Market Today : तेजी परतली ! 'सेन्सेक्स'ची ४९१ अंशांनी मुसंडी | stock market today sensex jumps 491 points after falling for two days,REJECTED_ENTITY_MATCHER,False,,NOT_RELEVANT,Generic V2Organizations match without Bajaj Finance in headline
20240104164500-621,20240104164500,rediff.com,https://www.rediff.com/business/report/investors-become-richer-by-rs-324-lakh-cr-as-markets-rally/20240104.htm,Investors become richer by Rs 3.24 lakh cr as markets rally,REJECTED_ENTITY_MATCHER,False,,NOT_RELEVANT,Generic V2Organizations match without Bajaj Finance in headline
20240104184500-T2556,20240104184500,indiatimes.com,https://navbharattimes.indiatimes.com/business/share-market/share-news/stock-market-investors-wealth-increased-by-rs-3-24-lakh-crore-due-to-rise-in-stock-market/articleshow/106553592.cms,"Stock Market News,शेयर बाजार में उछाल से निवेशकों की हुई छप्परफाड़ कमाई, इतने लाख करोड़ बढ़ी दौलत, पूरी डिटेल - stock market investors wealth increased by rs 3.24 lakh crore due to rise in stock market",REJECTED_ENTITY_MATCHER,False,,NOT_RELEVANT,Generic V2Organizations match without Bajaj Finance in headline
20240104220000-325,20240104220000,dailyexcelsior.com,https://www.dailyexcelsior.com/markets-rebound-after-2-day-slump-sensex-jumps-491-points/,Markets rebound after 2-day slump; Sensex jumps 491 points,REJECTED_ENTITY_MATCHER,False,,NOT_RELEVANT,Generic V2Organizations match without Bajaj Finance in headline
20240105040000-T1097,20240105040000,indiatimes.com,https://navbharattimes.indiatimes.com/business/share-market/share-news/stock-market-prediction-today-there-are-signs-of-bumper-bullish-trend-in-these-stocks-including-bandhan-bank/articleshow/106552837.cms,"Stock Market Prediction: आज Bandhan Bank सहित इन स्टॉक्स पर रखें नजर, करा सकते हैं तगड़ी कमाई, न चूकें मौका",REJECTED_ENTITY_MATCHER,False,,NOT_RELEVANT,Generic V2Organizations match without Bajaj Finance in headline
20240105061500-T1749,20240105061500,tarunbharat.com,https://www.tarunbharat.com/stop-the-two-day-decline/,Stop the two-day decline!,REJECTED_ENTITY_MATCHER,False,,NOT_RELEVANT,Generic V2Organizations match without Bajaj Finance in headline
20240105101500-1028,20240105101500,aninews.in,https://aninews.in/news/business/business/users-can-improve-their-credit-score-with-credit-cards-on-bajaj-markets20240105152552/,Users Can Improve Their Credit Score with Credit Cards on Bajaj Markets,REJECTED_ENTITY_MATCHER,False,,NOT_RELEVANT,Generic V2Organizations match without Bajaj Finance in headline
20240105121500-670,20240105121500,businesswireindia.com,https://www.businesswireindia.com/users-can-improve-their-credit-score-with-credit-cards-on-bajaj-markets-88153.html,Users Can Improve Their Credit Score with Credit Cards on Bajaj Markets,REJECTED_ENTITY_MATCHER,False,,NOT_RELEVANT,Generic V2Organizations match without Bajaj Finance in headline
20240105121500-84,20240105121500,aninews.in,https://www.aninews.in/news/business/business/users-can-improve-their-credit-score-with-credit-cards-on-bajaj-markets20240105152552/,Users Can Improve Their Credit Score with Credit Cards on Bajaj Markets,REJECTED_ENTITY_MATCHER,False,,NOT_RELEVANT,Generic V2Organizations match without Bajaj Finance in headline
20240105131500-801,20240105131500,indianexpress.com,https://indianexpress.com/article/cities/pune/pune-institute-health-initiative-for-vulnerable-sections-9096815/,Pune-based institute to implement innovative health initiative for slum-dwellers,REJECTED_ENTITY_MATCHER,False,,NOT_RELEVANT,Generic V2Organizations match without Bajaj Finance in headline
20240105170000-T777,20240105170000,sharemanthan.in,https://www.sharemanthan.in/61-news/corporate-update/73698-bajaj-finance-aum-deposit-05012024,तीसरी तिमाही में बजाज फाइनेंस के एयूएम में 35% की बढ़ोतरी,REJECTED_ENTITY_MATCHER,False,,NOT_RELEVANT,Generic V2Organizations match without Bajaj Finance in headline
20240105174500-404,20240105174500,theweek.in,https://www.theweek.in/wire-updates/national/2024/01/05/nrg10-ukd-conman-arrest.html,Uttarakhand Police nabs conman from Bihar,REJECTED_ENTITY_MATCHER,False,,NOT_RELEVANT,Generic V2Organizations match without Bajaj Finance in headline
20240105224500-T1366,20240105224500,navabharat.com,https://navabharat.com/nbwp/?p=171908,शेयर बाजार में तेजी जारी -,REJECTED_ENTITY_MATCHER,False,,NOT_RELEVANT,Generic V2Organizations match without Bajaj Finance in headline
20240106044500-727,20240106044500,businesstoday.in,https://www.businesstoday.in/markets/stocks/story/tata-steel-ongc-drl-bpcl-maruti-nifty-at-record-high-but-these-stocks-lie-at-deep-discount-to-historical-averages-412101-2024-01-06,"Tata Steel, ONGC, DRL, BPCL, Maruti: Nifty at record high but these stocks lie at deep discount to historical averages",REJECTED_ENTITY_MATCHER,False,,NOT_RELEVANT,Generic V2Organizations match without Bajaj Finance in headline
20240106064500-335,20240106064500,businesswireindia.com,https://www.businesswireindia.com/accelerate-dreams-with-bike-loans-available-on-bajaj-markets-88156.html,Accelerate Dreams with Bike Loans Available on Bajaj Markets,REJECTED_ENTITY_MATCHER,False,,NOT_RELEVANT,Generic V2Organizations match without Bajaj Finance in headline
20240106070000-T1582,20240106070000,loksatta.com,https://www.loksatta.com/explained/bajaj-auto-buy-back-will-the-bajaj-s-tradition-to-return-on-investment-to-shareholders-continues-print-exp-css-98-4142285/,बजाज ऑटोच्या 'बायबॅक' बक्षिसाच्या निर्णयाकडे कसे पाहावे? भागधारकांना भरभरून देण्याची बजाज समूहाची परंपरा अनुसरली जाईल? bajaj auto buy back will the bajaj s tradition to return on investment to shareholders continues,REJECTED_ENTITY_MATCHER,False,,NOT_RELEVANT,Other Bajaj Group standalone company
20240106083000-319,20240106083000,webindia123.com,https://news.webindia123.com/news/Articles/Business/20240106/4156295.html,Accelerate Dreams with Bike Loans Available on Bajaj Markets,REJECTED_ENTITY_MATCHER,False,,NOT_RELEVANT,Generic V2Organizations match without Bajaj Finance in headline
20240106093000-510,20240106093000,newsx.com,https://www.newsx.com/business/accelerate-dreams-with-bike-loans-available-on-bajaj-markets/,Accelerate Dreams with Bike Loans Available on Bajaj Markets -,REJECTED_ENTITY_MATCHER,False,,NOT_RELEVANT,Generic V2Organizations match without Bajaj Finance in headline
20240106100000-661,20240106100000,aninews.in,https://aninews.in/news/business/business/accelerate-dreams-with-bike-loans-available-on-bajaj-markets20240106115203/,Accelerate Dreams with Bike Loans Available on Bajaj Markets,REJECTED_ENTITY_MATCHER,False,,NOT_RELEVANT,Generic V2Organizations match without Bajaj Finance in headline
20240107040000-373,20240107040000,newsblogged.com,https://newsblogged.com/here-is-how-you-can-ensure-lowest-interest-rate-on-a-home-loan/,Here Is How You Can Ensure Lowest Interest Rate on a Home Loan,REJECTED_ENTITY_MATCHER,False,,NOT_RELEVANT,Generic V2Organizations match without Bajaj Finance in headline
20240108053000-897,20240108053000,hindustantimes.com,https://www.hindustantimes.com/business/sensex-nifty-bse-nse-opening-bell-january-8-2024-101704683033323.html,"Sensex opens at over 72,000 points, Nifty climbs to 21,764",REJECTED_ENTITY_MATCHER,False,,NOT_RELEVANT,Generic V2Organizations match without Bajaj Finance in headline
20240108054500-970,20240108054500,indiatimes.com,https://economictimes.indiatimes.com/markets/stocks/stock-watch/stock-market-update-fertilisers-stocks-down-as-market-falls/articleshow/106626249.cms,Stock Market Sectors: Stock market update: Fertilisers stocks down as market falls,REJECTED_ENTITY_MATCHER,False,,NOT_RELEVANT,Generic V2Organizations match without Bajaj Finance in headline
20240108054500-813,20240108054500,indiatimes.com,https://economictimes.indiatimes.com/markets/stocks/stock-watch/stock-market-update-power-stocks-up-as-market-rises/articleshow/106625796.cms,Stock Market Sectors: Stock market update: Power stocks up as market rises,REJECTED_ENTITY_MATCHER,False,,NOT_RELEVANT,Generic V2Organizations match without Bajaj Finance in headline
20240108054500-T1719,20240108054500,jagran.com,https://www.jagran.com/markets/stock-update-share-market-open-on-lower-after-weak-trends-from-asian-equities-23623857.html,"Share Market Open Today: कारोबारी हफ्ते के पहले दिन स्टॉक मार्केट में उतार-चढ़ाव जारी, सेंसेक्स 72,100 अंक के पार - Share Market Open on lower after weak trends from Asian equities know more details",REJECTED_ENTITY_MATCHER,False,,NOT_RELEVANT,Generic V2Organizations match without Bajaj Finance in headline
20240108060000-227,20240108060000,indiatimes.com,https://economictimes.indiatimes.com/markets/stocks/stock-watch/share-market-update-most-active-stocks-of-the-day-in-terms-of-total-traded-value/articleshow/106626804.cms,active stocks: Share market update: Most active stocks of the day in terms of total traded value,REJECTED_ENTITY_MATCHER,False,,NOT_RELEVANT,Generic V2Organizations match without Bajaj Finance in headline
20240108060000-595,20240108060000,indiatimes.com,https://economictimes.indiatimes.com/markets/stocks/stock-watch/stock-market-update-mining-stocks-mixed-as-market-falls/articleshow/106626637.cms,Stock Market Sectors: Stock market update: Mining stocks mixed as market falls,REJECTED_ENTITY_MATCHER,False,,NOT_RELEVANT,Generic V2Organizations match without Bajaj Finance in headline
20240108063000-992,20240108063000,telegraphindia.com,https://www.telegraphindia.com/feeds/business/markets-trade-lower-after-early-optimism-on-weak-trends-from-asian-equities/cid/1992298,Stock market | Markets trade lower after early optimism on weak trends from Asian equities,REJECTED_ENTITY_MATCHER,False,,NOT_RELEVANT,Generic V2Organizations match without Bajaj Finance in headline
20240108071500-783,20240108071500,thehindu.com,https://www.thehindu.com/business/markets/sensex-updates-on-january-8-2024/article67718274.ece,"Sensex, Nifty trade lower after early optimism",REJECTED_ENTITY_MATCHER,False,,NOT_RELEVANT,Generic V2Organizations match without Bajaj Finance in headline
20240108074500-569,20240108074500,tribuneindia.com,https://www.tribuneindia.com/news/business/markets-trade-lower-after-early-optimism-on-weak-trends-from-asian-equities-579366,Markets trade lower after early optimism on weak trends from Asian equities,REJECTED_ENTITY_MATCHER,False,,NOT_RELEVANT,Generic V2Organizations match without Bajaj Finance in headline
20240108081500-1039,20240108081500,telegraphindia.com,https://www.telegraphindia.com/business/markets-trade-lower-after-early-optimism-on-weak-trends-from-asian-equities/cid/1992298,Stock market | Markets trade lower after early optimism on weak trends from Asian equities,REJECTED_ENTITY_MATCHER,False,,NOT_RELEVANT,Generic V2Organizations match without Bajaj Finance in headline
20240108093000-621,20240108093000,indiatimes.com,https://economictimes.indiatimes.com/jobs/fresher/class-of-2024-how-students-can-solve-their-way-into-employment/articleshow/106632888.cms,Class of 2024: How students can solve their way into employment,REJECTED_ENTITY_MATCHER,False,,NOT_RELEVANT,Generic V2Organizations match without Bajaj Finance in headline
20240108111500-121,20240108111500,indiatimes.com,https://economictimes.indiatimes.com/markets/stocks/stock-watch/stock-market-update-fertilisers-stocks-down-as-market-falls/articleshow/106637435.cms,Stock Market Sectors: Stock market update: Fertilisers stocks down as market falls,REJECTED_ENTITY_MATCHER,False,,NOT_RELEVANT,Generic V2Organizations match without Bajaj Finance in headline
20240108113000-1201,20240108113000,indiatimes.com,https://economictimes.indiatimes.com/markets/stocks/stock-watch/stock-market-update-mining-stocks-down-as-market-falls/articleshow/106637889.cms,Stock Market Sectors: Stock market update: Mining stocks down as market falls,REJECTED_ENTITY_MATCHER,False,,NOT_RELEVANT,Generic V2Organizations match without Bajaj Finance in headline
20240108114500-1138,20240108114500,indiatimes.com,https://economictimes.indiatimes.com/markets/stocks/stock-watch/stock-market-update-sugar-stocks-down-as-market-falls/articleshow/106638642.cms,Stock Market Sectors: Stock market update: Sugar stocks down as market falls,REJECTED_ENTITY_MATCHER,False,,NOT_RELEVANT,Generic V2Organizations match without Bajaj Finance in headline
20240108114500-943,20240108114500,indiatimes.com,https://economictimes.indiatimes.com/wealth/invest/bajaj-markets-ties-up-with-this-bank-to-offer-fd-interest-rates-up-to-8-75/articleshow/106638263.cms,Bajaj Markets ties up with this bank to offer FDs with up to 8.75% interest rate,REJECTED_ENTITY_MATCHER,False,,NOT_RELEVANT,Generic V2Organizations match without Bajaj Finance in headline
20240108114500-980,20240108114500,indiatimes.com,https://economictimes.indiatimes.com/markets/stocks/stock-watch/stock-market-update-power-stocks-up-as-market-falls/articleshow/106638473.cms,Stock Market Sectors: Stock market update: Power stocks up as market falls,REJECTED_ENTITY_MATCHER,False,,NOT_RELEVANT,Generic V2Organizations match without Bajaj Finance in headline
20240108123000-168,20240108123000,indiatimes.com,https://economictimes.indiatimes.com/markets/stocks/stock-watch/stock-market-update-fmcg-stocks-down-as-market-falls/articleshow/106639719.cms,Stock Market Sectors: Stock market update: FMCG stocks down as market falls,REJECTED_ENTITY_MATCHER,False,,NOT_RELEVANT,Generic V2Organizations match without Bajaj Finance in headline
20240108161500-T964,20240108161500,moneycontrol.com,https://hindi.moneycontrol.com/news/your-money/investment/bajaj-markets-partners-with-ujjivan-small-finance-bank-to-offer-fixed-deposits-1705601.html,"Bajaj Markets ने इस बैंक से मिलाया हाथ, FD पर निवेशकों को मिलेगा 8.75% तक ब्याज",REJECTED_ENTITY_MATCHER,False,,NOT_RELEVANT,Generic V2Organizations match without Bajaj Finance in headline
20240109034500-1488,20240109034500,news18.com,https://www.news18.com/business/stocks-to-watch-zee-ent-bajaj-auto-tata-motors-fino-payments-cipla-and-others-8732985.html,"Stocks to Watch: Zee Ent, Bajaj Auto, Tata Motors, Fino Payments, Cipla, and Others",REJECTED_ENTITY_MATCHER,False,,NOT_RELEVANT,Other Bajaj Group standalone company
20240109043000-1233,20240109043000,financialexpress.com,https://www.financialexpress.com/market/stocks-to-watch-bajaj-auto-adani-group-eicher-motors-cipla-beml-bajaj-finserv-3359202/,"Stocks To watch: Bajaj Auto, Adani Group, Eicher Motors, Cipla, ZEEL - Market News",REJECTED_ENTITY_MATCHER,False,,NOT_RELEVANT,Other Bajaj Group standalone company
20240109050000-876,20240109050000,thehindubusinessline.com,https://www.thehindubusinessline.com/markets/share-market-nifty-sensex-live-updates-09-january-2024/article67720535.ece,"Stock Market Live Updates: Sensex, Nifty rise as Asian markets rebound; ZEEL tanks over 10%",REJECTED_ENTITY_MATCHER,False,,NOT_RELEVANT,Generic V2Organizations match without Bajaj Finance in headline
20240109054500-1097,20240109054500,business-standard.com,https://www.business-standard.com/markets/news/stocks-to-watch-bajaj-auto-metropolis-zee-entertainment-fino-payments-124010900109_1.html,"Stocks to Watch: Bajaj Auto, Metropolis, Zee Entertainment, Fino Payments",REJECTED_ENTITY_MATCHER,False,,NOT_RELEVANT,Other Bajaj Group standalone company
20240109073000-1258,20240109073000,hindustantimes.com,https://www.hindustantimes.com/brand-stories/benefits-of-opting-for-term-insurance-at-an-early-age-101698834953538.html,Benefits of Opting for Term Insurance at an Early Age,REJECTED_ENTITY_MATCHER,False,,NOT_RELEVANT,Generic V2Organizations match without Bajaj Finance in headline
20240109103000-629,20240109103000,freepressjournal.in,https://www.freepressjournal.in/business/stock-market-closing-january-9-with-sensex-at-7138621-nifty-above-21500-indices-end-day-in-green,"Stock Market Closing January 9: With Sensex At 71,386.21, Nifty Above 21,500; Indices End Day In Green",REJECTED_ENTITY_MATCHER,False,,NOT_RELEVANT,Generic V2Organizations match without Bajaj Finance in headline
20240109110000-218,20240109110000,moneycontrol.com,https://www.moneycontrol.com/news/business/markets/taking-stock-last-hour-selling-wipes-out-morning-gains-sensex-nifty-end-flat-12021261.html,"Taking Stock: Last hour selling wipes out morning gains; Sensex, Nifty end flat",REJECTED_ENTITY_MATCHER,False,,NOT_RELEVANT,Generic V2Organizations match without Bajaj Finance in headline
20240109111500-1372,20240109111500,indiatimes.com,https://economictimes.indiatimes.com/markets/stocks/news/sensex-tumbles-650-pts-from-days-high-on-reversals-in-banks/articleshow/106666825.cms,sensex today: Sensex tumbles 650 pts from day's high on reversals in banks,REJECTED_ENTITY_MATCHER,False,,NOT_RELEVANT,Generic V2Organizations match without Bajaj Finance in headline
20240109111500-629,20240109111500,rttnews.com,https://www.rttnews.com/3415543/sensex-nifty-give-up-early-gains-to-end-on-flat-note.aspx,"Sensex, Nifty Give Up Early Gains To End On Flat Note",REJECTED_ENTITY_MATCHER,False,,NOT_RELEVANT,Generic V2Organizations match without Bajaj Finance in headline
20240109111500-T1859,20240109111500,pudhari.news,https://pudhari.news/features/arthabhan/713149/sensex-end-30-points-higher/ar,"Stock Market Closing Bell | दिवसाच्या उच्चांकावरून सेन्सेक्सने ६५० अंक गमावले, बाजारात नेमकं काय घडलं?",REJECTED_ENTITY_MATCHER,False,,NOT_RELEVANT,Generic V2Organizations match without Bajaj Finance in headline
20240109113000-654,20240109113000,indiatimes.com,https://economictimes.indiatimes.com/markets/stocks/stock-watch/stock-market-update-fertilisers-stocks-up-as-market-rises/articleshow/106667906.cms,Stock Market Sectors: Stock market update: Fertilisers stocks up as market rises,REJECTED_ENTITY_MATCHER,False,,NOT_RELEVANT,Generic V2Organizations match without Bajaj Finance in headline
20240109113000-415,20240109113000,indiatimes.com,https://economictimes.indiatimes.com/markets/stocks/stock-watch/stock-market-update-power-stocks-up-as-market-rises/articleshow/106668179.cms,Stock Market Sectors: Stock market update: Power stocks up as market rises,REJECTED_ENTITY_MATCHER,False,,NOT_RELEVANT,Generic V2Organizations match without Bajaj Finance in headline
20240109113000-1014,20240109113000,indiatimes.com,https://economictimes.indiatimes.com/markets/stocks/stock-watch/stock-market-update-stocks-that-hit-52-week-highs-on-nse-in-todays-trade/articleshow/106668467.cms,52 week high stocks: Stock market update: Stocks that hit 52-week highs on NSE in today's trade,REJECTED_ENTITY_MATCHER,False,,NOT_RELEVANT,Generic V2Organizations match without Bajaj Finance in headline
20240109113000-362,20240109113000,financialexpress.com,https://www.financialexpress.com/market/markets-end-off-highs-nifty-closes-above-21500-top-gainers-on-january-09-include-hero-motocorp-adani-ports-and-sez-sbi-life-insurance-apollo-hospital-and-adani-enterprise-whereas-media-and-financial-s-3359790/,"Markets end off highs; Nifty closes above 21,500 top gainers on January 09 include Hero MotoCorp, Adani Ports and SEZ, SBI Life Insurance, Apollo Hospital, and Adani Enterprise whereas Media and Financial services stocks among key losers",REJECTED_ENTITY_MATCHER,False,,NOT_RELEVANT,Generic V2Organizations match without Bajaj Finance in headline
20240109113000-585,20240109113000,livemint.com,https://www.livemint.com/market/stock-market-news/stock-market-today-nifty-50-sensex-end-flat-bse-smallcap-hits-fresh-all-time-high-11704794167454.html,"Stock market today: Nifty 50, Sensex end flat; BSE Smallcap hits fresh all-time high",REJECTED_ENTITY_MATCHER,False,,NOT_RELEVANT,Generic V2Organizations match without Bajaj Finance in headline
20240109113000-695,20240109113000,orissapost.com,https://www.orissapost.com/market-rebound-loses-steam-in-fag-end-trade/,Market rebound loses steam in fag-end trade,REJECTED_ENTITY_MATCHER,False,,NOT_RELEVANT,Generic V2Organizations match without Bajaj Finance in headline
20240109114500-814,20240109114500,indiatimes.com,https://economictimes.indiatimes.com/markets/stocks/stock-watch/stock-market-update-sugar-stocks-down-as-market-rises/articleshow/106668814.cms,Stock Market Sectors: Stock market update: Sugar stocks down as market rises,REJECTED_ENTITY_MATCHER,False,,NOT_RELEVANT,Generic V2Organizations match without Bajaj Finance in headline
20240109114500-T1449,20240109114500,prabhatkhabar.com,https://www.prabhatkhabar.com/business/sensex-nifty-update-stock-market-slips-from-days-high-after-selling-in-banking-stocks-mdn,"sensex nifty update stock market slips from days high after selling in banking stocks mdn | Share Market: एक बार फिर से प्रॉफिट बुकिंग की भेंट चढ़ा बाजार, सेंसेक्स गंवाई बढ़त, निफ्टी 200 अंक फिसला",REJECTED_ENTITY_MATCHER,False,,NOT_RELEVANT,Generic V2Organizations match without Bajaj Finance in headline
20240109120000-1203,20240109120000,indiatimes.com,https://economictimes.indiatimes.com/markets/stocks/stock-watch/stock-market-update-mining-stocks-up-as-market-rises/articleshow/106669328.cms,Stock Market Sectors: Stock market update: Mining stocks up as market rises,REJECTED_ENTITY_MATCHER,False,,NOT_RELEVANT,Generic V2Organizations match without Bajaj Finance in headline
20240109120000-481,20240109120000,prokerala.com,https://www.prokerala.com/news/articles/a1495284.html,Nifty faces profit booking at higher levels,REJECTED_ENTITY_MATCHER,False,,NOT_RELEVANT,Generic V2Organizations match without Bajaj Finance in headline
20240109120000-522,20240109120000,indiatimes.com,https://economictimes.indiatimes.com/markets/stocks/stock-watch/share-market-update-most-active-stocks-of-the-day-in-terms-of-traded-value/articleshow/106669163.cms,active stocks: Share market update: Most active stocks of the day in terms of traded value,REJECTED_ENTITY_MATCHER,False,,NOT_RELEVANT,Generic V2Organizations match without Bajaj Finance in headline
20240109123000-58,20240109123000,thehindu.com,https://www.thehindu.com/business/markets/equity-benchmarks-sensex-nifty-close-moderately-higher/article67722983.ece,"Equity benchmarks Sensex, Nifty close moderately higher",REJECTED_ENTITY_MATCHER,False,,NOT_RELEVANT,Generic V2Organizations match without Bajaj Finance in headline
20240109123000-1264,20240109123000,indiatimes.com,https://economictimes.indiatimes.com/markets/stocks/stock-watch/share-market-update-most-active-stocks-in-todays-market-in-terms-of-volume/articleshow/106669659.cms,share market: Share market update: Most active stocks in today's market in terms of volume,REJECTED_ENTITY_MATCHER,False,,NOT_RELEVANT,Generic V2Organizations match without Bajaj Finance in headline
20240109123000-958,20240109123000,indiatimes.com,https://economictimes.indiatimes.com/markets/stocks/stock-watch/stock-market-update-stocks-that-hit-52-week-lows-on-nse-in-todays-trade/articleshow/106670020.cms,52 week high stocks: Stock market update: Stocks that hit 52-week lows on NSE in today's trade,REJECTED_ENTITY_MATCHER,False,,NOT_RELEVANT,Generic V2Organizations match without Bajaj Finance in headline
20240109124500-1487,20240109124500,businesstoday.in,https://www.businesstoday.in/visualstories/stock/hero-motocorp-adani-ports-top-gainers-on-nifty50-hdfc-bank-most-active-on-jan-9-87379-09-01-2024,"Hero MotoCorp, Adani Ports top gainers on Nifty50; HDFC Bank most active on Jan 9",REJECTED_ENTITY_MATCHER,False,,NOT_RELEVANT,Generic V2Organizations match without Bajaj Finance in headline
20240109124500-850,20240109124500,ticker.com,https://ticker.com/Asia-Stock-Market-News-Today/India-and-Asian-Markets-Rebound-After-Oil-Prices-Ease-Amid-Rising-Global-Supply-/Jan%209-2024/T-27035,India and Asian Markets Rebound After Oil Prices Ease Amid Rising Global Supply,REJECTED_ENTITY_MATCHER,False,,NOT_RELEVANT,Generic V2Organizations match without Bajaj Finance in headline
20240109124500-697,20240109124500,businesstoday.in,https://www.businesstoday.in/markets/market-commentary/story/sensex-nifty-settle-flat-after-fag-end-profit-booking-irb-infra-jumps-9-zeel-tanks-8-412485-2024-01-09,"Sensex, Nifty settle flat after fag-end profit booking; IRB Infra jumps 9%, ZEEL tanks 8%",REJECTED_ENTITY_MATCHER,False,,NOT_RELEVANT,Generic V2Organizations match without Bajaj Finance in headline
20240109130000-836,20240109130000,india.com,https://zeenews.india.com/markets/sensex-and-nifty-rebound-loses-steam-in-fag-end-trade-2707837.html,Sensex And Nifty Rebound Loses Steam In Fag-end Trade,REJECTED_ENTITY_MATCHER,False,,NOT_RELEVANT,Generic V2Organizations match without Bajaj Finance in headline
20240109131500-1727,20240109131500,theweek.in,https://www.theweek.in/news/biz-tech/2024/01/09/market-rebound-loses-steam-in-fag-end-trade-as-investors-book-profits-ahead-of-earnings-season.html,Market rebound loses steam in fag-end trade as investors book profits ahead of earnings season,REJECTED_ENTITY_MATCHER,False,,NOT_RELEVANT,Generic V2Organizations match without Bajaj Finance in headline
20240109131500-T1344,20240109131500,indiatimes.com,https://navbharattimes.indiatimes.com/business/share-market/share-news/stock-market-sensex-tumbles-650-pts-from-days-high-ends-31-pts-higher-nifty-above-21500-all-details/articleshow/106666544.cms,"Stock Market: सेंसेक्स-निफ्टी में लौटी तेजी, आज उछाल के साथ बंद हुआ बाजार, इन शेयरों ने किया मालामाल",REJECTED_ENTITY_MATCHER,False,,NOT_RELEVANT,Generic V2Organizations match without Bajaj Finance in headline
20240109141500-1199,20240109141500,indiablooms.com,https://www.indiablooms.com/finance-details/19733/indian-market-witnesses-slight-improvement-sensex-gains-30-99-pts-to-close-at-71-386-21.html,"Indian market witnesses slight improvement, Sensex gains 30.99 pts to close at 71,386.21 | Indiablooms",REJECTED_ENTITY_MATCHER,False,,NOT_RELEVANT,Generic V2Organizations match without Bajaj Finance in headline
20240109143000-T1121,20240109143000,loksatta.com,https://www.loksatta.com/business/market/after-hike-sensex-goes-down-below-72-thousand-at-closing-print-eco-news-asj-82-4148651/,"अखेरच्या तासात तेजी गमावली, 'सेन्सेक्स' ७२ हजारांखाली | after hike sensex goes down below 72 thousand at closing",REJECTED_ENTITY_MATCHER,False,,NOT_RELEVANT,Generic V2Organizations match without Bajaj Finance in headline
20240109144500-949,20240109144500,rttnews.com,https://www.rttnews.com/story.aspx?Id=3415543,"Sensex, Nifty Give Up Early Gains To End On Flat Note",REJECTED_ENTITY_MATCHER,False,,NOT_RELEVANT,Generic V2Organizations match without Bajaj Finance in headline
20240109150000-1461,20240109150000,tribuneindia.com,https://www.tribuneindia.com/news/business/market-rebound-loses-steam-in-fag-end-trade-579717,Market rebound loses steam in fag-end trade,REJECTED_ENTITY_MATCHER,False,,NOT_RELEVANT,Generic V2Organizations match without Bajaj Finance in headline
20240109151500-T273,20240109151500,sharemanthan.in,https://www.sharemanthan.in/60-stock-market/73726-sensex-nifty-bank-closing-review-09012024,"मजबूत शुरुआत के बाद बाजार में मुनाफावसूली, सेंसेक्स, निफ्टी मामूली बढ़त के साथ बंद",REJECTED_ENTITY_MATCHER,False,,NOT_RELEVANT,Generic V2Organizations match without Bajaj Finance in headline
20240109151500-1363,20240109151500,rediff.com,https://www.rediff.com/business/report/sensex-loses-steam-on-fag-end-profit-taking/20240109.htm,Sensex loses steam on fag-end profit-taking,REJECTED_ENTITY_MATCHER,False,,NOT_RELEVANT,Generic V2Organizations match without Bajaj Finance in headline
20240109161500-T2081,20240109161500,navabharat.com,https://navabharat.com/nbwp/?p=173226,गिरावट से उबरा शेयर बाजार -,REJECTED_ENTITY_MATCHER,False,,NOT_RELEVANT,Generic V2Organizations match without Bajaj Finance in headline
20240110011500-T651,20240110011500,indiatimes.com,https://navbharattimes.indiatimes.com/business/share-market/share-news/stock-market-prediction-today-there-are-signs-of-bumper-bullish-trend-in-these-stocks-including-tata-motors/articleshow/106675477.cms,"Stock Market Prediction: बाजार में आज Tata Motors सहित इन शेयरों में कमाई का मौका, दिख रहे उछाल के सभी संकेत",REJECTED_ENTITY_MATCHER,False,,NOT_RELEVANT,Generic V2Organizations match without Bajaj Finance in headline
20240110024500-634,20240110024500,indiaeducationdiary.in,https://indiaeducationdiary.in/nifty-faces-profit-booking-at-higher-levels/,Nifty faces profit booking at higher levels,REJECTED_ENTITY_MATCHER,False,,NOT_RELEVANT,Generic V2Organizations match without Bajaj Finance in headline
20240110040000-T962,20240110040000,tarunbharat.com,https://www.tarunbharat.com/a-bullish-trend-in-the-market-in-the-second-session-2/,A bullish trend in the market in the second session,REJECTED_ENTITY_MATCHER,False,,NOT_RELEVANT,Generic V2Organizations match without Bajaj Finance in headline
20240110043000-957,20240110043000,thehindubusinessline.com,https://www.thehindubusinessline.com/markets/share-market-nifty-sensex-live-updates-10-january-2024/article67724321.ece,"Stock Market Live Updates: Sensex, Nifty open weak amidst lack of positive cues",REJECTED_ENTITY_MATCHER,False,,NOT_RELEVANT,Generic V2Organizations match without Bajaj Finance in headline
20240110053000-1115,20240110053000,indiatimes.com,https://economictimes.indiatimes.com/markets/stocks/stock-watch/stock-market-update-fertilisers-stocks-down-as-market-falls/articleshow/106686084.cms,Stock Market Sectors: Stock market update: Fertilisers stocks down as market falls,REJECTED_ENTITY_MATCHER,False,,NOT_RELEVANT,Generic V2Organizations match without Bajaj Finance in headline
20240110060000-202,20240110060000,thehindu.com,https://www.thehindu.com/business/markets/sensex-updates-on-january-10-2024/article67725862.ece,Markets decline in early trade on fresh foreign fund outflows,REJECTED_ENTITY_MATCHER,False,,NOT_RELEVANT,Generic V2Organizations match without Bajaj Finance in headline
20240110061500-T778,20240110061500,khaskhabar.com,https://www.business.khaskhabar.com/daily-news.php/nifty-is-facing-profit-booking-at-higher-levels-611583-BKN.html,निफ्टी को करना पड़ रहा उच्च स्तर पर मुनाफावसूली का सामना | business.khaskhabar.com,REJECTED_ENTITY_MATCHER,False,,NOT_RELEVANT,Generic V2Organizations match without Bajaj Finance in headline
20240110063000-119,20240110063000,indiatimes.com,https://economictimes.indiatimes.com/markets/stocks/stock-watch/stock-market-update-sugar-stocks-down-as-market-rises/articleshow/106687938.cms,Stock Market Sectors: Stock market update: Sugar stocks down as market rises,REJECTED_ENTITY_MATCHER,False,,NOT_RELEVANT,Generic V2Organizations match without Bajaj Finance in headline
20240110063000-365,20240110063000,latestly.com,https://www.latestly.com/agency-news/india-news-markets-decline-in-early-trade-on-fresh-foreign-fund-outflows-weak-global-trends-5682721.html,"India News | Markets Decline in Early Trade on Fresh Foreign Fund Outflows, Weak Global Trends",REJECTED_ENTITY_MATCHER,False,,NOT_RELEVANT,Generic V2Organizations match without Bajaj Finance in headline
20240110070000-483,20240110070000,telegraphindia.com,https://www.telegraphindia.com/feeds/business/sensex-declines-over-81-points-to-71304-in-early-trade-nifty-dips-27-points-to-21517/cid/1992772,"Stock market | Sensex declines over 81 points to 71,304 in early trade; Nifty dips 27 points to 21,517",REJECTED_ENTITY_MATCHER,False,,NOT_RELEVANT,Generic V2Organizations match without Bajaj Finance in headline
20240110073000-100,20240110073000,tribuneindia.com,https://www.tribuneindia.com/news/business/markets-decline-in-early-trade-on-fresh-foreign-fund-outflows-weak-global-trends-580013,"Markets decline in early trade on fresh foreign fund outflows, weak global trends",REJECTED_ENTITY_MATCHER,False,,NOT_RELEVANT,Generic V2Organizations match without Bajaj Finance in headline
20240110074500-1370,20240110074500,moneycontrol.com,https://www.moneycontrol.com/news/business/markets/mid-day-mood-trade-remains-lacklustre-on-weak-global-cues-ahead-of-q3-earnings-show-12027861.html,Mid-day Mood: Trade remains lacklustre on weak global cues ahead of Q3 earnings show,REJECTED_ENTITY_MATCHER,False,,NOT_RELEVANT,Generic V2Organizations match without Bajaj Finance in headline
20240110080000-911,20240110080000,india.com,https://zeenews.india.com/markets/markets-decline-in-early-trade-on-fresh-foreign-fund-outflows-weak-global-trends-2708122.html,"Markets Decline In Early Trade On Fresh Foreign Fund Outflows, Weak Global Trends",REJECTED_ENTITY_MATCHER,False,,NOT_RELEVANT,Generic V2Organizations match without Bajaj Finance in headline
20240110080000-T394,20240110080000,khaskhabar.com,https://www.business.khaskhabar.com/business-news/nifty-is-facing-profit-booking-at-higher-levels-611583-BKN.html,निफ्टी को करना पड़ रहा उच्च स्तर पर मुनाफावसूली का सामना | business.khaskhabar.com,REJECTED_ENTITY_MATCHER,False,,NOT_RELEVANT,Generic V2Organizations match without Bajaj Finance in headline
20240110090000-262,20240110090000,telegraphindia.com,https://www.telegraphindia.com/business/sensex-declines-over-81-points-to-71304-in-early-trade-nifty-dips-27-points-to-21517/cid/1992772,"Stock market | Sensex declines over 81 points to 71,304 in early trade; Nifty dips 27 points to 21,517",REJECTED_ENTITY_MATCHER,False,,NOT_RELEVANT,Generic V2Organizations match without Bajaj Finance in headline
20240110090000-111,20240110090000,thehindubusinessline.com,https://www.thehindubusinessline.com/markets/markets-decline-in-early-trade-on-fresh-foreign-fund-outflows-weak-global-trends/article67725859.ece,"Markets decline in early trade on fresh foreign fund outflows, weak global trends",REJECTED_ENTITY_MATCHER,False,,NOT_RELEVANT,Generic V2Organizations match without Bajaj Finance in headline
20240111043000-361,20240111043000,indiatimes.com,https://economictimes.indiatimes.com/markets/stocks/news/sensex-climbs-250-pts-nifty-above-21700-it-bluechips-in-focus-ahead-of-earnings/articleshow/106715471.cms,"sensex today: Sensex climbs 250 pts, Nifty above 21,700; IT bluechips in focus ahead of earnings",REJECTED_ENTITY_MATCHER,False,,NOT_RELEVANT,Generic V2Organizations match without Bajaj Finance in headline
20240111051500-1350,20240111051500,hindustantimes.com,https://www.hindustantimes.com/business/bullish-surge-at-market-opening-nifty-rockets-with-gains-global-momentum-fuels-optimism-101704946930727.html,"Bullish surge at market opening: Nifty rockets with gains, global momentum fuels optimism",REJECTED_ENTITY_MATCHER,False,,NOT_RELEVANT,Generic V2Organizations match without Bajaj Finance in headline
20240111051500-524,20240111051500,oklahomacitysun.com,https://www.oklahomacitysun.com/news/274091494/bullish-surge-at-market-opening-nifty-rockets-with-gains-global-momentum-fuels-optimism,"Bullish surge at market opening: Nifty rockets with gains, global momentum fuels optimism",REJECTED_ENTITY_MATCHER,False,,NOT_RELEVANT,Generic V2Organizations match without Bajaj Finance in headline
20240111051500-T29,20240111051500,pudhari.news,https://pudhari.news/features/arthabhan/714084/sensex-nifty-opened-higher/ar,"Sensex Nifty Today | सेन्सेक्स, निफ्टी तेजीत, IT शेअर्स फोकसमध्ये, काय कारण?",REJECTED_ENTITY_MATCHER,False,,NOT_RELEVANT,Generic V2Organizations match without Bajaj Finance in headline
20240111053000-313,20240111053000,indiatimes.com,https://economictimes.indiatimes.com/markets/stocks/stock-watch/stock-market-update-power-stocks-up-as-market-rises/articleshow/106717273.cms,Stock Market Sectors: Stock market update: Power stocks up as market rises,REJECTED_ENTITY_MATCHER,False,,NOT_RELEVANT,Generic V2Organizations match without Bajaj Finance in headline
20240111053000-955,20240111053000,bignewsnetwork.com,https://www.bignewsnetwork.com/news/274091494/bullish-surge-at-market-opening-nifty-rockets-with-gains-global-momentum-fuels-optimism,"Bullish surge at market opening: Nifty rockets with gains, global momentum fuels optimism",REJECTED_ENTITY_MATCHER,False,,NOT_RELEVANT,Generic V2Organizations match without Bajaj Finance in headline
20240111053000-1061,20240111053000,newzealandstar.com,https://www.newzealandstar.com/news/274091494/bullish-surge-at-market-opening-nifty-rockets-with-gains-global-momentum-fuels-optimism,"Bullish surge at market opening: Nifty rockets with gains, global momentum fuels optimism",REJECTED_ENTITY_MATCHER,False,,NOT_RELEVANT,Generic V2Organizations match without Bajaj Finance in headline
20240111053000-262,20240111053000,rttnews.com,https://www.rttnews.com/3416053/sensex-nifty-edge-higher-in-cautious-trade-auto-and-financials-climb.aspx,"Sensex, Nifty Edge Higher In Cautious Trade; Auto And Financials Climb",REJECTED_ENTITY_MATCHER,False,,NOT_RELEVANT,Generic V2Organizations match without Bajaj Finance in headline
20240111054500-960,20240111054500,theweek.in,https://www.theweek.in/wire-updates/business/2024/01/11/del8-biz-stocks-open.html,Markets climb in early trade on firm global trends,REJECTED_ENTITY_MATCHER,False,,NOT_RELEVANT,Generic V2Organizations match without Bajaj Finance in headline
20240111054500-1210,20240111054500,indiatimes.com,https://economictimes.indiatimes.com/markets/stocks/stock-watch/stock-market-update-fertilisers-stocks-up-as-market-rises/articleshow/106717551.cms,Stock Market Sectors: Stock market update: Fertilisers stocks up as market rises,REJECTED_ENTITY_MATCHER,False,,NOT_RELEVANT,Generic V2Organizations match without Bajaj Finance in headline
20240111054500-1307,20240111054500,telegraphindia.com,https://www.telegraphindia.com/feeds/business/sensex-jumps-over-341-points-to-71999-in-early-trade-nifty-climbs-107-points-to-21726/cid/1993006,"Stock market | Sensex jumps over 341 points to 71,999 in early trade; Nifty climbs 107 points to 21,726",REJECTED_ENTITY_MATCHER,False,,NOT_RELEVANT,Generic V2Organizations match without Bajaj Finance in headline
20240111054500-T1166,20240111054500,amarujala.com,https://www.amarujala.com/business/bazaar/sensex-opening-bell-share-market-opening-bell-share-market-news-and-updates-2024-01-11,"Sensex Opening Bell Share Market Opening Bell Share Market News And Updates - Amar Ujala Hindi News Live - Sensex Opeing Bell:शेयर बाजार में पॉजिटिव शुरुआत; सेंसेक्स 251 अंक उछला, निफ्टी 21700 के पार",REJECTED_ENTITY_MATCHER,False,,NOT_RELEVANT,Generic V2Organizations match without Bajaj Finance in headline
20240111060000-T385,20240111060000,prabhatkhabar.com,https://www.prabhatkhabar.com/business/sensex-nifty-update-indian-stock-market-rose-sensex-crossed-71900-level-nifty-near-21700-level-mdn,"sensex nifty update indian stock market rose sensex crossed 71900 level nifty near 21700 level mdn | Share Market: भारतीय शेयर बाजार में दिखी तूफानी तेजी, सेंसेक्स 341.76 अंक उछला, निफ्टी भी 21726 के ऊपर",REJECTED_ENTITY_MATCHER,False,,NOT_RELEVANT,Generic V2Organizations match without Bajaj Finance in headline
20240111061500-103,20240111061500,thehindu.com,https://www.thehindu.com/business/markets/sensex-updates-on-january-11-2024/article67729464.ece,Sensex climbs 341 points in early trade,REJECTED_ENTITY_MATCHER,False,,NOT_RELEVANT,Generic V2Organizations match without Bajaj Finance in headline
20240111063000-1155,20240111063000,india.com,https://www.india.com/business/share-market-news-manaksia-shares-jump-over-10-amid-rally-in-stock-markets-check-details-here-6647551/,Manaksia Shares Jump Over 10 Amid Rally in Stock Markets,REJECTED_ENTITY_MATCHER,False,,NOT_RELEVANT,Generic V2Organizations match without Bajaj Finance in headline
20240111063000-T1837,20240111063000,prabhasakshi.com,https://www.prabhasakshi.com/business/share-market-in-domestic-market-early-trading-rose-the-shares-of-many-companies-fell,"Share Market: घरेलू बाजारों में शुरुआती कारोबार में तेजी, कई कंपनियों के शेयर में आई गिरावट",REJECTED_ENTITY_MATCHER,False,,NOT_RELEVANT,Generic V2Organizations match without Bajaj Finance in headline
20240111064500-T407,20240111064500,livehindustan.com,https://www.livehindustan.com/business/story-share-market-live-today-11-january-sensex-nifty-tcs-bse-infosys-nse-top-gainers-trending-stocks-9185810.html,"Share Market Live today 11 January sensex nifty tcs bse infosys nse top gainers trending stocks - Share Market Live today 11 January: शेयर मार्केट में बढ़त बरकरार, ऑटो स्टाॅक्स में तेजी, सेंसेक्स-निफ्टी हरे निशान पर, Business News",REJECTED_ENTITY_MATCHER,False,,NOT_RELEVANT,Generic V2Organizations match without Bajaj Finance in headline
20240111064500-282,20240111064500,webindia123.com,https://news.webindia123.com/news/Articles/Business/20240111/4157774.html,"Bullish surge at market opening: Nifty rockets with gains, global momentum fuels optimism",REJECTED_ENTITY_MATCHER,False,,NOT_RELEVANT,Generic V2Organizations match without Bajaj Finance in headline
20240111074500-252,20240111074500,telegraphindia.com,https://www.telegraphindia.com/business/sensex-jumps-over-341-points-to-71999-in-early-trade-nifty-climbs-107-points-to-21726/cid/1993006,"Stock market | Sensex jumps over 341 points to 71,999 in early trade; Nifty climbs 107 points to 21,726",REJECTED_ENTITY_MATCHER,False,,NOT_RELEVANT,Generic V2Organizations match without Bajaj Finance in headline
20240111074500-91,20240111074500,india.com,https://zeenews.india.com/markets/markets-climb-in-early-trade-on-firm-global-trends-2708520.html,Markets Climb In Early Trade On Firm Global Trends,REJECTED_ENTITY_MATCHER,False,,NOT_RELEVANT,Generic V2Organizations match without Bajaj Finance in headline
20240111074500-255,20240111074500,northkoreatimes.com,https://www.northkoreatimes.com/news/274091494/bullish-surge-at-market-opening-nifty-rockets-with-gains-global-momentum-fuels-optimism,"Bullish surge at market opening: Nifty rockets with gains, global momentum fuels optimism",REJECTED_ENTITY_MATCHER,False,,NOT_RELEVANT,Generic V2Organizations match without Bajaj Finance in headline
20240111074500-667,20240111074500,thehindubusinessline.com,https://www.thehindubusinessline.com/markets/sensex-nifty-climb-in-early-trade-on-firm-global-trends/article67729430.ece,"Sensex, Nifty climb in early trade on firm global trends - The Hindu BusinessLine",REJECTED_ENTITY_MATCHER,False,,NOT_RELEVANT,Generic V2Organizations match without Bajaj Finance in headline
20240111080000-1162,20240111080000,aninews.in,https://aninews.in/news/business/business/bullish-surge-at-market-opening-nifty-rockets-with-gains-global-momentum-fuels-optimism20240111094458/,"Bullish surge at market opening: Nifty rockets with gains, global momentum fuels optimism",REJECTED_ENTITY_MATCHER,False,,NOT_RELEVANT,Generic V2Organizations match without Bajaj Finance in headline
20240111081500-1105,20240111081500,nigeriasun.com,https://www.nigeriasun.com/news/274091494/bullish-surge-at-market-opening-nifty-rockets-with-gains-global-momentum-fuels-optimism,"Bullish surge at market opening: Nifty rockets with gains, global momentum fuels optimism",REJECTED_ENTITY_MATCHER,False,,NOT_RELEVANT,Generic V2Organizations match without Bajaj Finance in headline
20240111084500-T2071,20240111084500,punjabkesari.com,https://www.punjabkesari.com/business-news/bumper-start-in-stock-market-today-sensex-crosses-71900-nifty-above-21700/,"Bumper Start In Stock Market Today, Sensex Crosses 71900, Nifty Above 21700 - शेयर बाजार में आज बम्पर शुरुआत, सेंसेक्स 71900 पार, निफ्टी 21700 के ऊपर",REJECTED_ENTITY_MATCHER,False,,NOT_RELEVANT,Generic V2Organizations match without Bajaj Finance in headline
20240111093000-827,20240111093000,devdiscourse.com,https://www.devdiscourse.com/article/business/2772487-bullish-surge-at-market-opening-nifty-rockets-with-gains-global-momentum-fuels-optimism,"Bullish surge at market opening: Nifty rockets with gains, global momentum fuels optimism",REJECTED_ENTITY_MATCHER,False,,NOT_RELEVANT,Generic V2Organizations match without Bajaj Finance in headline
20240111093000-351,20240111093000,rttnews.com,https://www.rttnews.com/story.aspx?Id=3416053,"Sensex, Nifty Edge Higher In Cautious Trade; Auto And Financials Climb",REJECTED_ENTITY_MATCHER,False,,NOT_RELEVANT,Generic V2Organizations match without Bajaj Finance in headline
20240111100000-1146,20240111100000,2lt.com.au,https://www.2lt.com.au/bullish-surge-at-market-opening-nifty-rockets-with-gains-global-momentum-fuels-optimism/,"Bullish surge at market opening: Nifty rockets with gains, global momentum fuels optimism",REJECTED_ENTITY_MATCHER,False,,NOT_RELEVANT,Generic V2Organizations match without Bajaj Finance in headline
20240111111500-1463,20240111111500,dailypioneer.com,https://www.dailypioneer.com/2024/business/markets-climb-in-early-trade-on-firm-global-trends.html,Markets climb in early trade on firm global trends,REJECTED_ENTITY_MATCHER,False,,NOT_RELEVANT,Generic V2Organizations match without Bajaj Finance in headline
20240112044500-880,20240112044500,thehindubusinessline.com,https://www.thehindubusinessline.com/markets/share-market-nifty-sensex-live-updates-12-january-2024/article67730865.ece,"Stock Market Live Updates: Sensex gains 350 pts, Nifty above 21,700 in early trade; IT sector in focus",REJECTED_ENTITY_MATCHER,False,,NOT_RELEVANT,Generic V2Organizations match without Bajaj Finance in headline
20240112051500-1128,20240112051500,indiatimes.com,https://economictimes.indiatimes.com/markets/stocks/stock-watch/stock-market-update-sugar-stocks-up-as-market-rises/articleshow/106748525.cms,Stock Market Sectors: Stock market update: Sugar stocks up as market rises,REJECTED_ENTITY_MATCHER,False,,NOT_RELEVANT,Generic V2Organizations match without Bajaj Finance in headline
20240112054500-945,20240112054500,indiatimes.com,https://economictimes.indiatimes.com/markets/stocks/stock-watch/share-market-update-most-active-stocks-of-the-day-in-terms-of-total-traded-value/articleshow/106749560.cms,active stocks: Share market update: Most active stocks of the day in terms of total traded value,REJECTED_ENTITY_MATCHER,False,,NOT_RELEVANT,Generic V2Organizations match without Bajaj Finance in headline
20240112054500-858,20240112054500,indiatimes.com,https://economictimes.indiatimes.com/markets/stocks/stock-watch/stock-market-update-fertilisers-stocks-up-as-market-rises/articleshow/106749650.cms,Stock Market Sectors: Stock market update: Fertilisers stocks up as market rises,REJECTED_ENTITY_MATCHER,False,,NOT_RELEVANT,Generic V2Organizations match without Bajaj Finance in headline
20240112060000-1203,20240112060000,indiatimes.com,https://economictimes.indiatimes.com/markets/stocks/stock-watch/stock-market-update-power-stocks-up-as-market-rises/articleshow/106750381.cms,Stock Market Sectors: Stock market update: Power stocks up as market rises,REJECTED_ENTITY_MATCHER,False,,NOT_RELEVANT,Generic V2Organizations match without Bajaj Finance in headline
20240112063000-591,20240112063000,indiatimes.com,https://economictimes.indiatimes.com/markets/stocks/stock-watch/stock-market-update-mining-stocks-up-as-market-rises/articleshow/106750883.cms,Stock Market Sectors: Stock market update: Mining stocks up as market rises,REJECTED_ENTITY_MATCHER,False,,NOT_RELEVANT,Generic V2Organizations match without Bajaj Finance in headline
20240112091500-577,20240112091500,aninews.in,https://aninews.in/news/business/business/easily-calculate-fd-returns-invest-now-on-bajaj-markets20240112142225/,Easily Calculate FD Returns; Invest Now on Bajaj Markets,REJECTED_ENTITY_MATCHER,False,,NOT_RELEVANT,Generic V2Organizations match without Bajaj Finance in headline
20240112094500-561,20240112094500,timesnownews.com,https://www.timesnownews.com/technology-science/amazon-great-republic-days-sale-samsung-oneplus-redmi-and-other-phones-to-get-discounts-article-106757714,"Amazon Great Republic Days Sale: Samsung, OnePlus, Redmi And Other Phones To Get Discounts",REJECTED_ENTITY_MATCHER,False,,NOT_RELEVANT,Generic V2Organizations match without Bajaj Finance in headline
20240112100000-963,20240112100000,businesswireindia.com,https://www.businesswireindia.com/easily-calculate-fd-returns-invest-now-on-bajaj-markets-88275.html,Easily Calculate FD Returns Invest Now on Bajaj Markets,REJECTED_ENTITY_MATCHER,False,,NOT_RELEVANT,Generic V2Organizations match without Bajaj Finance in headline
20240112100000-795,20240112100000,businesswireindia.com,https://www.businesswireindia.com/bajaj-markets-partners-with-ujjivan-small-finance-bank-to-offer-attractive-interest-on-fixed-deposits-88284.html,Bajaj Markets Partners with Ujjivan Small Finance Bank to Offer Attractive Interest on Fixed Deposits,REJECTED_ENTITY_MATCHER,False,,NOT_RELEVANT,Generic V2Organizations match without Bajaj Finance in headline
20240112101500-1176,20240112101500,orissapost.com,https://www.orissapost.com/sensex-nifty-surge-to-lifetime-highs-powered-by-rally-in-it-stocks/,"Sensex, Nifty surge to lifetime highs; powered by rally in IT stocks",REJECTED_ENTITY_MATCHER,False,,NOT_RELEVANT,Generic V2Organizations match without Bajaj Finance in headline
20240112101500-909,20240112101500,fonearena.com,https://www.fonearena.com/blog/414142/oppo-reno-11-pro-price-india-specifications-oppo-reno-11.html,"OPPO Reno11 and Reno11 Pro launched in India starting at Rs. 29,999",REJECTED_ENTITY_MATCHER,False,,NOT_RELEVANT,Generic V2Organizations match without Bajaj Finance in headline
20240112101500-T1135,20240112101500,tarunmitra.in,https://www.tarunmitra.in/article/14020/sensex-nifty-rise-in-stock-market-in-early-trading,"शुरुआती कारोबार में शेयर बाजार में तेजी, सेंसेक्स-निफ्टी उछले",REJECTED_ENTITY_MATCHER,False,,NOT_RELEVANT,Generic V2Organizations match without Bajaj Finance in headline
20240112103000-244,20240112103000,telegraphindia.com,https://www.telegraphindia.com/feeds/business/equity-benchmark-sensex-hits-fresh-lifetime-high-of-72720-nifty-at-record-21928/cid/1993312,"Stock market | Equity benchmark Sensex hits fresh lifetime high of 72,720; Nifty at record 21,928",REJECTED_ENTITY_MATCHER,False,,NOT_RELEVANT,Generic V2Organizations match without Bajaj Finance in headline
20240112103000-685,20240112103000,telegraphindia.com,https://www.telegraphindia.com/business/equity-benchmark-sensex-hits-fresh-lifetime-high-of-72720-nifty-at-record-21928/cid/1993312,"Stock market | Equity benchmark Sensex hits fresh lifetime high of 72,720; Nifty at record 21,928",REJECTED_ENTITY_MATCHER,False,,NOT_RELEVANT,Generic V2Organizations match without Bajaj Finance in headline
20240112103000-1206,20240112103000,theweek.in,https://www.theweek.in/wire-updates/business/2024/01/12/del24-biz-stocks-record.html,Sensex Nifty surge to lifetime highs powered by rally in IT stocks,REJECTED_ENTITY_MATCHER,False,,NOT_RELEVANT,Generic V2Organizations match without Bajaj Finance in headline
20240112103000-140,20240112103000,aninews.in,https://www.aninews.in/news/business/business/how-can-you-make-optimal-use-of-flexi-cap-fund-for-different-life-stages20240112141929/,How Can you Make Optimal Use of Flexi Cap Fund for Different Life Stages?,REJECTED_ENTITY_MATCHER,False,,NOT_RELEVANT,Generic V2Organizations match without Bajaj Finance in headline
20240112104500-498,20240112104500,aninews.in,https://aninews.in/news/business/business/how-can-you-make-optimal-use-of-flexi-cap-fund-for-different-life-stages20240112141929/,How Can you Make Optimal Use of Flexi Cap Fund for Different Life Stages?,REJECTED_ENTITY_MATCHER,False,,NOT_RELEVANT,Generic V2Organizations match without Bajaj Finance in headline
20240112104500-742,20240112104500,moneycontrol.com,https://www.moneycontrol.com/news/business/markets/taking-stock-market-hits-new-milestone-nifty-at-21900-sensex-rises-847-pts-12042391.html,"Taking Stock: Market hits new milestone; Nifty at 21,900, Sensex rises 847 pts",REJECTED_ENTITY_MATCHER,False,,NOT_RELEVANT,Generic V2Organizations match without Bajaj Finance in headline
20240112110000-1028,20240112110000,indiatimes.com,https://economictimes.indiatimes.com/markets/stocks/stock-watch/share-market-update-most-active-stocks-of-the-day-in-terms-of-traded-value/articleshow/106765395.cms,active stocks: Share market update: Most active stocks of the day in terms of traded value,REJECTED_ENTITY_MATCHER,False,,NOT_RELEVANT,Generic V2Organizations match without Bajaj Finance in headline
20240112110000-1219,20240112110000,indiatimes.com,https://economictimes.indiatimes.com/markets/stocks/stock-watch/stock-market-update-mining-stocks-up-as-market-rises/articleshow/106765039.cms,Stock Market Sectors: Stock market update: Mining stocks up as market rises,REJECTED_ENTITY_MATCHER,False,,NOT_RELEVANT,Generic V2Organizations match without Bajaj Finance in headline
20240112110000-T593,20240112110000,moneycontrol.com,https://hindi.moneycontrol.com/news/markets/share-market-today-it-stocks-rally-push-sensenx-nifty-to-record-new-highs-investors-earnes-3-lakh-crore-in-a-day-1715011.html,"शेयर बाजार में पैसों की बारिश! सेंसेक्स ने बनाया रिकॉर्ड, ₹3 लाख करोड़ बढ़ी संपत्ति, जानें कारण",REJECTED_ENTITY_MATCHER,False,,NOT_RELEVANT,Generic V2Organizations match without Bajaj Finance in headline
20240112110000-T484,20240112110000,pudhari.news,https://pudhari.news/features/arthabhan/715064/sensex-and-nifty-hit-fresh-record-high/ar,"Stock Market Closing Bell | नवे वर्ष, नवे शिखर! सेन्सेक्स, निफ्टीने तोडले सगळे रेकॉर्ड, गुंतवणूकदार २.७६ लाख कोटींनी श्रीमंत",REJECTED_ENTITY_MATCHER,False,,NOT_RELEVANT,Generic V2Organizations match without Bajaj Finance in headline
20240112111500-459,20240112111500,dailypioneer.com,https://www.dailypioneer.com/2024/business/sensex--nifty-surge-to-lifetime-highs--powered-by-rally-in-it-stocks-sensex--nifty-surge-to-lifetime-highs--powered-by-rally-in-it-stocks.html,"Sensex, Nifty surge to lifetime highs; powered by rally in IT stocks",REJECTED_ENTITY_MATCHER,False,,NOT_RELEVANT,Generic V2Organizations match without Bajaj Finance in headline
20240112111500-734,20240112111500,latestly.com,https://www.latestly.com/agency-news/business-news-bajaj-markets-partners-with-ujjivan-small-finance-bank-to-offer-attractive-interest-on-fixed-deposits-5688883.html,Business News | Bajaj Markets Partners with Ujjivan Small Finance Bank to Offer Attractive Interest on Fixed Deposits,REJECTED_ENTITY_MATCHER,False,,NOT_RELEVANT,Generic V2Organizations match without Bajaj Finance in headline
20240112111500-951,20240112111500,freepressjournal.in,https://www.freepressjournal.in/business/stock-market-closing-january-12-with-sensex-at-7256845-nifty-above-21800-indices-end-at-record-high,"Stock Market Closing January 12: With Sensex At 72,568.45, Nifty Above 21,850; Indices End At Record High",REJECTED_ENTITY_MATCHER,False,,NOT_RELEVANT,Generic V2Organizations match without Bajaj Finance in headline
20240112111500-761,20240112111500,orissapost.com,https://www.orissapost.com/sharp-it-stocks-rally-lifts-markets-to-new-lifetime-high-sensex-soars-nearly-850-pts/,Sharp IT stocks rally lifts markets to new lifetime high; Sensex soars nearly 850 pts,REJECTED_ENTITY_MATCHER,False,,NOT_RELEVANT,Generic V2Organizations match without Bajaj Finance in headline
20240112113000-1539,20240112113000,aninews.in,https://aninews.in/news/business/business/bajaj-markets-partners-with-ujjivan-small-finance-bank-to-offer-attractive-interest-on-fixed-deposits20240112151658/,Bajaj Markets Partners with Ujjivan Small Finance Bank to Offer Attractive Interest on Fixed Deposits,REJECTED_ENTITY_MATCHER,False,,NOT_RELEVANT,Generic V2Organizations match without Bajaj Finance in headline
20240112114500-443,20240112114500,indiatimes.com,https://economictimes.indiatimes.com/markets/stocks/stock-watch/share-market-update-most-active-stocks-in-todays-market-in-terms-of-volume/articleshow/106767451.cms,share market: Share market update: Most active stocks in today's market in terms of volume,REJECTED_ENTITY_MATCHER,False,,NOT_RELEVANT,Generic V2Organizations match without Bajaj Finance in headline
20240112114500-645,20240112114500,india.com,https://zeenews.india.com/markets/sensex-jumps-847-points-to-settle-at-record-72568-45-nifty-closes-at-21894-2709013.html,"Sensex Jumps 847 Points To Settle At Record 72,568.45; Nifty Closes At 21,894",REJECTED_ENTITY_MATCHER,False,,NOT_RELEVANT,Generic V2Organizations match without Bajaj Finance in headline
20240112114500-1514,20240112114500,webindia123.com,https://news.webindia123.com/news/Articles/Business/20240112/4158239.html,Bajaj Markets Partners with Ujjivan Small Finance Bank to Offer Attractive Interest on Fixed Deposits,REJECTED_ENTITY_MATCHER,False,,NOT_RELEVANT,Generic V2Organizations match without Bajaj Finance in headline
20240112114500-356,20240112114500,businesstoday.in,https://www.businesstoday.in/markets/market-commentary/story/it-stocks-lift-sensex-nifty-to-lifetime-highs-infosys-soars-8-413041-2024-01-12,"IT stocks lift Sensex, Nifty to lifetime highs; Infosys soars 8%",REJECTED_ENTITY_MATCHER,False,,NOT_RELEVANT,Generic V2Organizations match without Bajaj Finance in headline
20240112114500-580,20240112114500,theweek.in,https://www.theweek.in/wire-updates/business/2024/01/12/del35-biz-stocks-close.html,Sharp IT stocks rally lifts markets to new lifetime high Sensex soars nearly 850 pts,REJECTED_ENTITY_MATCHER,False,,NOT_RELEVANT,Generic V2Organizations match without Bajaj Finance in headline
20240112114500-270,20240112114500,thehindu.com,https://www.thehindu.com/business/markets/sensex-nifty-surge-to-lifetime-highs-powered-by-rally-in-it-stocks/article67733920.ece,"Sensex, Nifty surge to lifetime highs; powered by rally in IT stocks",REJECTED_ENTITY_MATCHER,False,,NOT_RELEVANT,Generic V2Organizations match without Bajaj Finance in headline
20240112121500-1,20240112121500,indiatimes.com,https://economictimes.indiatimes.com/markets/stocks/stock-watch/stock-market-update-power-stocks-up-as-market-rises/articleshow/106768586.cms,Stock Market Sectors: Stock market update: Power stocks up as market rises,REJECTED_ENTITY_MATCHER,False,,NOT_RELEVANT,Generic V2Organizations match without Bajaj Finance in headline
20240112121500-914,20240112121500,indiatimes.com,https://economictimes.indiatimes.com/markets/stocks/stock-watch/stock-market-update-stocks-that-hit-52-week-highs-on-nse-in-todays-trade/articleshow/106769801.cms,52 week high stocks: Stock market update: Stocks that hit 52-week highs on NSE in today's trade,REJECTED_ENTITY_MATCHER,False,,NOT_RELEVANT,Generic V2Organizations match without Bajaj Finance in headline
20240112121500-1043,20240112121500,financialexpress.com,https://www.financialexpress.com/market/markets-hit-record-high-nifty-closes-near-21900nbsp-top-gainers-on-january-12-include-infosys-ongcnbsp-while-media-healthcare-among-key-losers-3363098/,"Markets hit record high - Nifty closes near 21,900, top gainers on January 12 include Infosys, ONGC while media, healthcare among key losers - Market News",REJECTED_ENTITY_MATCHER,False,,NOT_RELEVANT,Generic V2Organizations match without Bajaj Finance in headline
20240112121500-1380,20240112121500,tribuneindia.com,https://www.tribuneindia.com/news/business/sensex-nifty-surge-to-lifetime-highs-powered-by-rally-in-it-stocks-580646,"Sensex, Nifty surge to lifetime highs; powered by rally in IT stocks",REJECTED_ENTITY_MATCHER,False,,NOT_RELEVANT,Generic V2Organizations match without Bajaj Finance in headline
20240112123000-734,20240112123000,theweek.in,https://www.theweek.in/news/biz-tech/2024/01/12/sharp-it-stocks-rally-lifts-markets-to-new-lifetime-high-sensex-soars-nearly-850-points.html,Sharp IT stocks rally lifts markets to new lifetime high; Sensex soars nearly 850 points,REJECTED_ENTITY_MATCHER,False,,NOT_RELEVANT,Generic V2Organizations match without Bajaj Finance in headline
20240112123000-533,20240112123000,prokerala.com,https://www.prokerala.com/news/articles/a1496255.html,"IT, Realty indices gain 4% during the week",REJECTED_ENTITY_MATCHER,False,,NOT_RELEVANT,Generic V2Organizations match without Bajaj Finance in headline
20240112133000-482,20240112133000,ndtv.com,https://www.ndtv.com/shopping/amazon-great-republic-day-sale-starts-tomorrow-exciting-deals-on-electronics-home-appliances-fitness-gear-and-more-4849381,"Amazon Great Republic Day Sale Starts Tomorrow: Exciting Deals On Electronics, Home Appliances, Fitness Gear And More",REJECTED_ENTITY_MATCHER,False,,NOT_RELEVANT,Generic V2Organizations match without Bajaj Finance in headline
20240112141500-141,20240112141500,rediff.com,https://www.rediff.com/business/report/it-stocks-lift-markets-to-new-lifetime-highs-sensex-soars-847-points/20240112.htm,IT stocks lift markets to new lifetime highs; Sensex soars 847 points,REJECTED_ENTITY_MATCHER,False,,NOT_RELEVANT,Generic V2Organizations match without Bajaj Finance in headline
20240112144500-171,20240112144500,businesstoday.in,https://www.businesstoday.in/visualstories/stock/infosys-ongc-top-gainers-on-nifty50-as-market-hits-record-high-tcs-most-active-on-jan-12-88157-12-01-2024,"Infosys, ONGC top gainers on Nifty50 as market hits record high; TCS most active on Jan 12",REJECTED_ENTITY_MATCHER,False,,NOT_RELEVANT,Generic V2Organizations match without Bajaj Finance in headline
20240112164500-1469,20240112164500,theindianawaaz.com,http://theindianawaaz.com/stock-market-jan12-sensex-rises-by-847-points-nifty-also-gains-247-points/,"Stock Market Jan12: Sensex rises by 847 points, Nifty also gains 247 points",REJECTED_ENTITY_MATCHER,False,,NOT_RELEVANT,Generic V2Organizations match without Bajaj Finance in headline
20240113040000-74,20240113040000,dailyexcelsior.com,https://www.dailyexcelsior.com/sharp-it-stocks-rally-lifts-markets-to-new-lifetime-high-sensex-soars-nearly-850-pts/,Sharp IT stocks rally lifts markets to new lifetime high; Sensex soars nearly 850 pts,REJECTED_ENTITY_MATCHER,False,,NOT_RELEVANT,Generic V2Organizations match without Bajaj Finance in headline
20240113134500-274,20240113134500,businesstoday.in,https://www.businesstoday.in/markets/story/weekly-market-wrap-rally-in-the-it-sector-led-d-street-to-new-highs-amid-mixed-global-cues-what-lies-ahead-413141-2024-01-13,Weekly Market Wrap: Rally in the IT sector led D-street to new highs amid mixed global cues. What lies ahead?,REJECTED_ENTITY_MATCHER,False,,NOT_RELEVANT,Generic V2Organizations match without Bajaj Finance in headline
20240114000000-430,20240114000000,indianexpress.com,https://indianexpress.com/article/india/among-sensex-firms-83-sexual-harassment-cases-from-it-banking-in-fy23-9108365/,"Among Sensex firms, 83% sexual harassment cases from IT, banking in FY23",REJECTED_ENTITY_MATCHER,False,,NOT_RELEVANT,Generic V2Organizations match without Bajaj Finance in headline
20240114024500-4,20240114024500,indianexpress.com,https://indianexpress.com/article/business/among-sensex-firms-83-sexual-harassment-cases-from-it-banking-in-fy23-9108365/,"Among Sensex firms, 83% sexual harassment cases from IT, banking in FY23",REJECTED_ENTITY_MATCHER,False,,NOT_RELEVANT,Generic V2Organizations match without Bajaj Finance in headline
20240115041500-T872,20240115041500,pudhari.news,https://pudhari.news/features/arthabhan/716460/pudhari-arthavarta-article-8/ar,"निफ्टी- सेन्सेक्स विक्रमी पातळीवर, 'या' समभागांचा मोठा हातभार",REJECTED_ENTITY_MATCHER,False,,NOT_RELEVANT,Generic V2Organizations match without Bajaj Finance in headline
20240115050000-487,20240115050000,indiatimes.com,https://economictimes.indiatimes.com/markets/stocks/news/sensex-scales-past-73k-nifty-tops-22k-top-factors-behind-record-breaking-stock-rally/articleshow/106851478.cms,"sensex at record high: Sensex scales past 73K, Nifty tops 22K: Top factors behind record-breaking stock rally",REJECTED_ENTITY_MATCHER,False,,NOT_RELEVANT,Generic V2Organizations match without Bajaj Finance in headline
20240115053000-534,20240115053000,indiatimes.com,https://economictimes.indiatimes.com/markets/stocks/stock-watch/share-market-update-most-active-stocks-on-d-street-today-in-terms-of-volume/articleshow/106852968.cms,share market: Share market update: Most active stocks on D-Street today in terms of volume,REJECTED_ENTITY_MATCHER,False,,NOT_RELEVANT,Generic V2Organizations match without Bajaj Finance in headline
20240115053000-839,20240115053000,indiatimes.com,https://economictimes.indiatimes.com/markets/stocks/stock-watch/stock-market-update-sugar-stocks-down-as-market-rises/articleshow/106853530.cms,Stock Market Sectors: Stock market update: Sugar stocks down as market rises,REJECTED_ENTITY_MATCHER,False,,NOT_RELEVANT,Generic V2Organizations match without Bajaj Finance in headline
20240115054500-375,20240115054500,indiatimes.com,https://economictimes.indiatimes.com/markets/stocks/stock-watch/stock-market-update-power-stocks-down-as-market-rises/articleshow/106853712.cms,Stock Market Sectors: Stock market update: Power stocks down as market rises,REJECTED_ENTITY_MATCHER,False,,NOT_RELEVANT,Generic V2Organizations match without Bajaj Finance in headline
20240115060000-802,20240115060000,indiatimes.com,https://economictimes.indiatimes.com/markets/stocks/stock-watch/share-market-update-most-active-stocks-of-the-day-in-terms-of-total-traded-value/articleshow/106854219.cms,active stocks: Share market update: Most active stocks of the day in terms of total traded value,REJECTED_ENTITY_MATCHER,False,,NOT_RELEVANT,Generic V2Organizations match without Bajaj Finance in headline
20240115063000-918,20240115063000,indiatimes.com,https://timesofindia.indiatimes.com/business/markets/sensex/fresh-highs-sensex-above-73k-nifty-above-22k/articleshow/106851732.cms,"Stock market today: Sensex breaches 73,000-mark for the first time, Nifty goes past 22,000-level to hit fresh highs",REJECTED_ENTITY_MATCHER,False,,NOT_RELEVANT,Generic V2Organizations match without Bajaj Finance in headline
20240115084500-528,20240115084500,livemint.com,https://www.livemint.com/brand-stories/a-guide-to-securing-personal-loans-for-salaried-employees-11698834967577.html,A Guide to Securing Personal Loans for Salaried Employees,REJECTED_ENTITY_MATCHER,False,,NOT_RELEVANT,Generic V2Organizations match without Bajaj Finance in headline
20240115091500-835,20240115091500,indiatimes.com,https://economictimes.indiatimes.com/mf/analysis/9-nfos-open-for-subscription-this-week/articleshow/106860587.cms,9 NFOs open for subscription this week,REJECTED_ENTITY_MATCHER,False,,NOT_RELEVANT,Generic V2Organizations match without Bajaj Finance in headline
20240115103000-T19,20240115103000,khabarfast.com,https://www.khabarfast.com/stock-markets-today-on-15th-january-2024-nifty-sensex-bse-nse-dividend-stocks-to-buy/,"Share Market में कड़ाके की सर्दी के बीच निवेशकों की जेब गर्म, ऑल टाइम हाई पर बाजार",REJECTED_ENTITY_MATCHER,False,,NOT_RELEVANT,Generic V2Organizations match without Bajaj Finance in headline
20240115110000-147,20240115110000,indiatimes.com,https://economictimes.indiatimes.com/markets/stocks/news/it-stocks-triggered-bull-run-helps-sensex-nifty-close-at-record-highs-for-second-session/articleshow/106864412.cms,"sensex today: IT stocks-triggered bull run helps Sensex, Nifty close at record highs for second session",REJECTED_ENTITY_MATCHER,False,,NOT_RELEVANT,Generic V2Organizations match without Bajaj Finance in headline
20240115110000-605,20240115110000,moneycontrol.com,https://www.moneycontrol.com/news/business/markets/taking-stock-sensex-nifty-close-at-new-highs-investors-richer-by-rs-3-lakh-crore-12054831.html,"Taking Stock: Sensex, Nifty close at new highs, investors richer by Rs 3 lakh crore",REJECTED_ENTITY_MATCHER,False,,NOT_RELEVANT,Generic V2Organizations match without Bajaj Finance in headline
20240115110000-T123,20240115110000,pudhari.news,https://pudhari.news/features/arthabhan/716810/sensex-ends-759-points-higher-nifty-near-22100/ar,"Stock Market Closing Bell | IT मध्ये जबरदस्त खरेदी! सेन्सेक्स, निफ्टी रेकॉर्ड पातळीवर बंद, तेजीमागे होते 'हे' ५ घटक",REJECTED_ENTITY_MATCHER,False,,NOT_RELEVANT,Generic V2Organizations match without Bajaj Finance in headline
20240115111500-547,20240115111500,telegraphindia.com,https://www.telegraphindia.com/business/sensex-jumps-759-points-to-close-at-record-high-nifty-scales-22000-mount-on-sharp-gain-in-it-shares/cid/1993941,"Stock market | Sensex jumps 759 points to close at record high, Nifty scales 22,000 mount on sharp gain in IT shares",REJECTED_ENTITY_MATCHER,False,,NOT_RELEVANT,Generic V2Organizations match without Bajaj Finance in headline
20240115111500-1448,20240115111500,telegraphindia.com,https://www.telegraphindia.com/feeds/business/sensex-jumps-759-points-to-close-at-record-high-nifty-scales-22000-mount-on-sharp-gain-in-it-shares/cid/1993941,"Stock market | Sensex jumps 759 points to close at record high, Nifty scales 22,000 mount on sharp gain in IT shares",REJECTED_ENTITY_MATCHER,False,,NOT_RELEVANT,Generic V2Organizations match without Bajaj Finance in headline
20240115111500-1009,20240115111500,orissapost.com,https://www.orissapost.com/sensex-jumps-759-pts-to-close-at-record-high-nifty-scales-22k-mount-on-sharp-gain-in-it-shares/,"Sensex jumps 759 pts to close at record high, Nifty scales 22K mount on sharp gain in IT shares",REJECTED_ENTITY_MATCHER,False,,NOT_RELEVANT,Generic V2Organizations match without Bajaj Finance in headline
20240115111500-680,20240115111500,financialexpress.com,https://www.financialexpress.com/market/record-closing-highs-for-sensex-and-nifty-led-by-it-oil-amp-gas-top-gainers-on-january-15-include-wipro-and-ongc-3365154/,"Record closing highs for Sensex and Nifty led by IT, Oil & Gas; top gainers on January 15 include Wipro and ONGC",REJECTED_ENTITY_MATCHER,False,,NOT_RELEVANT,Generic V2Organizations match without Bajaj Finance in headline
20240115111500-T1051,20240115111500,prabhatkhabar.com,https://www.prabhatkhabar.com/business/stock-market-sensex-nifty-closes-at-record-high-due-to-buying-in-it-banking-share-market-cap-at-record-high-mdn,"stock market sensex nifty closes at record high due to buying in it banking share market cap at record high mdn | Share Market: रिकॉर्ड हाई पर बंद हुआ शेयर बाजार, सेंसेक्स 73,327 पर बंद, निफ्टी 22 हजार के पार",REJECTED_ENTITY_MATCHER,False,,NOT_RELEVANT,Generic V2Organizations match without Bajaj Finance in headline
20240115113000-589,20240115113000,india.com,https://zeenews.india.com/markets/sensex-jumps-759-points-to-close-at-record-high-nifty-scales-22k-mount-on-sharp-gain-in-it-shares-2709930.html,"Sensex Jumps 759 Points To Close At Record High, Nifty Scales 22K Mount On Sharp Gain In It Shares",REJECTED_ENTITY_MATCHER,False,,NOT_RELEVANT,Generic V2Organizations match without Bajaj Finance in headline
20240115113000-811,20240115113000,livemint.com,https://www.livemint.com/market/stock-market-news/stock-market-today-nifty-50-sensex-close-at-fresh-peaks-investors-richer-by-about-3-lakh-crore-in-a-day-11705312337819.html,"Stock market today: Nifty 50, Sensex close at fresh peaks",REJECTED_ENTITY_MATCHER,False,,NOT_RELEVANT,Generic V2Organizations match without Bajaj Finance in headline
20240115114500-357,20240115114500,indiatimes.com,https://economictimes.indiatimes.com/markets/stocks/stock-watch/stock-market-update-stocks-that-hit-52-week-highs-on-nse-in-todays-trade/articleshow/106866234.cms,52 week high stocks: Stock market update: Stocks that hit 52-week highs on NSE in today's trade,REJECTED_ENTITY_MATCHER,False,,NOT_RELEVANT,Generic V2Organizations match without Bajaj Finance in headline
20240115114500-519,20240115114500,indiatimes.com,https://economictimes.indiatimes.com/markets/stocks/stock-watch/share-market-update-most-active-stocks-of-the-day-in-terms-of-traded-value/articleshow/106865375.cms,active stocks: Share market update: Most active stocks of the day in terms of traded value,REJECTED_ENTITY_MATCHER,False,,NOT_RELEVANT,Generic V2Organizations match without Bajaj Finance in headline
20240115121500-1036,20240115121500,indiatimes.com,https://economictimes.indiatimes.com/markets/stocks/stock-watch/share-market-update-most-active-stocks-in-todays-market-in-terms-of-volume/articleshow/106867548.cms,share market: Share market update: Most active stocks in today's market in terms of volume,REJECTED_ENTITY_MATCHER,False,,NOT_RELEVANT,Generic V2Organizations match without Bajaj Finance in headline
20240115121500-543,20240115121500,businesstoday.in,https://www.businesstoday.in/visualstories/stock/wipro-ongc-top-gainers-as-nifty50-extends-record-run-hdfc-bank-most-active-on-jan-15-88666-15-01-2024,"Wipro, ONGC top gainers as Nifty50 extends record run; HDFC Bank most active on Jan 15",REJECTED_ENTITY_MATCHER,False,,NOT_RELEVANT,Generic V2Organizations match without Bajaj Finance in headline
20240115121500-446,20240115121500,businesstoday.in,https://www.businesstoday.in/markets/stocks/story/sensex-ends-above-73k-for-first-time-nifty-at-record-high-it-shares-lead-gains-413333-2024-01-15,"Sensex ends above 73K for first time, Nifty at record high; IT shares lead gains",REJECTED_ENTITY_MATCHER,False,,NOT_RELEVANT,Generic V2Organizations match without Bajaj Finance in headline
20240115123000-T2027,20240115123000,webdunia.com,https://hindi.webdunia.com/share-market-news/sensex-crosses-73-000-mark-for-the-first-time-124011500066_1.html,"Sensex पहली बार 73,000 अंक के पार, Nifty भी नए रिकॉर्ड स्तर पर",REJECTED_ENTITY_MATCHER,False,,NOT_RELEVANT,Generic V2Organizations match without Bajaj Finance in headline
20240115124500-36,20240115124500,tribuneindia.com,https://www.tribuneindia.com/news/business/sensex-jumps-759-points-to-close-at-record-high-nifty-scales-22k-mount-on-sharp-gain-in-it-shares-581459,"Sensex jumps 759 points to close at record high, Nifty scales 22K mount on sharp gain in IT shares",REJECTED_ENTITY_MATCHER,False,,NOT_RELEVANT,Generic V2Organizations match without Bajaj Finance in headline
20240115124500-T2430,20240115124500,haribhoomi.com,https://www.haribhoomi.com/business/news/stock-market-today-updates-15-jan-nifty-sensex-make-new-record-high-in-share-market-4781,"Share Market में तूफानी तेजी: Nifty और Sensex नए रिकॉर्ड स्तर पर, इस सेक्टर में निवेशकों ने की बंपर कमाई",REJECTED_ENTITY_MATCHER,False,,NOT_RELEVANT,Generic V2Organizations match without Bajaj Finance in headline
20240115130000-T726,20240115130000,moneycontrol.com,https://hindi.moneycontrol.com/news/markets/share-market-today-sensenx-nifty-again-touch-new-record-highs-investors-earnes-3-lakh-crore-in-a-day-1719521.html,"शेयर बाजार में रिकॉर्डतोड़ तेजी जारी, सेंसेक्स 73,000 अंक के पार, 2 दिन में 6 लाख करोड़ बढ़ी संपत्ति",REJECTED_ENTITY_MATCHER,False,,NOT_RELEVANT,Generic V2Organizations match without Bajaj Finance in headline
20240115130000-T728,20240115130000,moneycontrol.com,https://hindi.moneycontrol.com/news/markets/market-outlook-market-closed-at-new-high-know-how-it-may-move-on-january-16-1719741.html,"Market outlook: नए हाई पर बंद हुआ बाजार, जानिए 16 जनवरी को कैसी रह सकती है इसकी चाल",REJECTED_ENTITY_MATCHER,False,,NOT_RELEVANT,Generic V2Organizations match without Bajaj Finance in headline
20240115130000-188,20240115130000,indiatimes.com,https://timesofindia.indiatimes.com/business/india-business/markets-recordbreaking-rally-makes-investors-richer-by-rs-968-lakh-crore-in-five-days/articleshow/106868560.cms,Markets' Record-Breaking Rally Makes Investors Richer by Rs 9.68 Lakh Crore in Five Days | India Business News,REJECTED_ENTITY_MATCHER,False,,NOT_RELEVANT,Generic V2Organizations match without Bajaj Finance in headline
20240115131500-384,20240115131500,prokerala.com,https://www.prokerala.com/news/articles/a1497043.html,"Sensex, Nifty reach new highs",REJECTED_ENTITY_MATCHER,False,,NOT_RELEVANT,Generic V2Organizations match without Bajaj Finance in headline
20240115131500-1518,20240115131500,thehindu.com,https://www.thehindu.com/business/markets/sensex-jumps-759-points-to-close-at-record-high-nifty-scales-22k/article67742983.ece,Sensex jumps 759 points to close at record high; Nifty scales 22K,REJECTED_ENTITY_MATCHER,False,,NOT_RELEVANT,Generic V2Organizations match without Bajaj Finance in headline
20240115133000-238,20240115133000,theweek.in,https://www.theweek.in/wire-updates/business/2024/01/15/del60-biz-stocks-wealth.html,Markets record-breaking rally make investors richer by Rs 9.68 lakh cr in five days,REJECTED_ENTITY_MATCHER,False,,NOT_RELEVANT,Generic V2Organizations match without Bajaj Finance in headline
20240115133000-608,20240115133000,firstpost.com,https://www.firstpost.com/business/markets-close-at-record-high-sensex-touches-73327-points-nifty-at-22097-13616882.html,"Markets close at record high, Sensex touches 73,327 points, Nifty at 22,097",REJECTED_ENTITY_MATCHER,False,,NOT_RELEVANT,Generic V2Organizations match without Bajaj Finance in headline
20240115141500-1640,20240115141500,indiablooms.com,https://www.indiablooms.com/finance-details/19767/sensex-touches-lifetime-high-at-73-327-95-points.html,"Sensex touches lifetime high at 73,327.95 points | Indiablooms - First Portal on Digital News Management",REJECTED_ENTITY_MATCHER,False,,NOT_RELEVANT,Generic V2Organizations match without Bajaj Finance in headline
20240115143000-861,20240115143000,indianexpress.com,https://indianexpress.com/article/business/market/sensex-record-high-nifty-sharp-gain-9110580/,"Sensex jumps 759 pts to close at record high, Nifty scales 22K mount on sharp gain in IT shares",REJECTED_ENTITY_MATCHER,False,,NOT_RELEVANT,Generic V2Organizations match without Bajaj Finance in headline
20240115144500-654,20240115144500,yourstory.com,https://yourstory.com/2024/01/sensex-nifty-stock-market-shares-it-reliance-wipro-tcs-hcltech,Sensex jumps 759 points to close at record high; Nifty scales 22K mount on sharp gain in IT shares,REJECTED_ENTITY_MATCHER,False,,NOT_RELEVANT,Generic V2Organizations match without Bajaj Finance in headline
20240115150000-1189,20240115150000,thehindubusinessline.com,https://www.thehindubusinessline.com/markets/sensex-jumps-759-pts-to-close-at-record-high-nifty-scales-22k-mount-on-sharp-gain-in-it-shares/article67742919.ece,"Sensex jumps 759 pts to close at record high, Nifty scales 22K mount on sharp gain in IT shares",REJECTED_ENTITY_MATCHER,False,,NOT_RELEVANT,Generic V2Organizations match without Bajaj Finance in headline
20240115151500-T834,20240115151500,sharemanthan.in,https://www.sharemanthan.in/60-stock-market/73778-sensex-nifty-bank-market-closing-review-15012024,"हफ्ते की दमदार शुरुआत,बाजार नए रिकॉर्ड स्तर पर बंद",REJECTED_ENTITY_MATCHER,False,,NOT_RELEVANT,Generic V2Organizations match without Bajaj Finance in headline
20240115151500-704,20240115151500,yourstory.com,https://yourstory.com:443/2024/01/sensex-nifty-stock-market-shares-it-reliance-wipro-tcs-hcltech,Sensex jumps 759 points to close at record high; Nifty scales 22K mount on sharp gain in IT shares,REJECTED_ENTITY_MATCHER,False,,NOT_RELEVANT,Generic V2Organizations match without Bajaj Finance in headline
20240115153000-948,20240115153000,techvorm.com,https://techvorm.com/oppo-reno11-series-launched-in-india-price-starts-at-inr-29999,OPPO Reno11 Series Launched in India; Price Starts at INR 29999 • TechVorm,REJECTED_ENTITY_MATCHER,False,,NOT_RELEVANT,Generic V2Organizations match without Bajaj Finance in headline
20240115173000-597,20240115173000,yourstory.com,https://social.yourstory.com:443/2024/01/sensex-nifty-stock-market-shares-it-reliance-wipro-tcs-hcltech,Sensex jumps 759 points to close at record high; Nifty scales 22K mount on sharp gain in IT shares,REJECTED_ENTITY_MATCHER,False,,NOT_RELEVANT,Generic V2Organizations match without Bajaj Finance in headline
20240115173000-1877,20240115173000,yourstory.com,https://her.yourstory.com:443/2024/01/sensex-nifty-stock-market-shares-it-reliance-wipro-tcs-hcltech,Sensex jumps 759 points to close at record high; Nifty scales 22K mount on sharp gain in IT shares,REJECTED_ENTITY_MATCHER,False,,NOT_RELEVANT,Generic V2Organizations match without Bajaj Finance in headline
20240115183000-1663,20240115183000,rediff.com,https://www.rediff.com/business/report/investors-richer-by-rs-968-lakh-cr-in-five-days/20240115.htm,Investors richer by Rs 9.68 lakh cr in five days,REJECTED_ENTITY_MATCHER,False,,NOT_RELEVANT,Generic V2Organizations match without Bajaj Finance in headline
20240115211500-173,20240115211500,theindianawaaz.com,http://theindianawaaz.com/stock-market-jan-15-sensex-nifty-hit-record-highs-as-it-stocks-extend-gains/,"Stock Market Jan 15: Sensex, Nifty hit record highs as IT stocks extend gains",REJECTED_ENTITY_MATCHER,False,,NOT_RELEVANT,Generic V2Organizations match without Bajaj Finance in headline
20240116013000-668,20240116013000,dailyexcelsior.com,https://www.dailyexcelsior.com/sensex-jumps-759-pts-to-close-at-record-high-nifty-scales-22k-mount-on-sharp-gain-in-it-shares/,"Sensex jumps 759 pts to close at record high, Nifty scales 22K mount on sharp gain in IT shares",REJECTED_ENTITY_MATCHER,False,,NOT_RELEVANT,Generic V2Organizations match without Bajaj Finance in headline
20240116014500-T1389,20240116014500,tarunbharat.com,https://www.tarunbharat.com/the-stock-market-made-makar-sankranti-sweet/,The stock market made Makar Sankranti sweet,REJECTED_ENTITY_MATCHER,False,,NOT_RELEVANT,Generic V2Organizations match without Bajaj Finance in headline
20240116034500-428,20240116034500,thehindubusinessline.com,https://www.thehindubusinessline.com/markets/share-market-nifty-sensex-live-updates-16-january-2024/article67743130.ece,"Stock Market Live Updates: Sensex, Nifty set to open little changed; oil steady after Monday decline",REJECTED_ENTITY_MATCHER,False,,NOT_RELEVANT,Generic V2Organizations match without Bajaj Finance in headline
20240116050000-588,20240116050000,indiatimes.com,https://economictimes.indiatimes.com/markets/stocks/stock-watch/share-market-update-most-active-stocks-on-d-street-today-in-terms-of-volume/articleshow/106885010.cms,share market: Share market update: Most active stocks on D-Street today in terms of volume,REJECTED_ENTITY_MATCHER,False,,NOT_RELEVANT,Generic V2Organizations match without Bajaj Finance in headline
20240116053000-254,20240116053000,indiatimes.com,https://economictimes.indiatimes.com/markets/stocks/stock-watch/stock-market-update-mining-stocks-up-as-market-rises/articleshow/106886337.cms,Stock Market Sectors: Stock market update: Mining stocks up as market rises,REJECTED_ENTITY_MATCHER,False,,NOT_RELEVANT,Generic V2Organizations match without Bajaj Finance in headline
20240116054500-589,20240116054500,indiatimes.com,https://economictimes.indiatimes.com/markets/stocks/stock-watch/stock-market-update-fertilisers-stocks-up-as-market-rises/articleshow/106886985.cms,Stock Market Sectors: Stock market update: Fertilisers stocks up as market rises,REJECTED_ENTITY_MATCHER,False,,NOT_RELEVANT,Generic V2Organizations match without Bajaj Finance in headline
20240116074500-1137,20240116074500,moneycontrol.com,https://www.moneycontrol.com/news/business/moneycontrol-selects-top-stories-this-afternoon-165-12060351.html,Moneycontrol Selects: Top stories this afternoon,REJECTED_ENTITY_MATCHER,False,,NOT_RELEVANT,Generic V2Organizations match without Bajaj Finance in headline
20240116081500-744,20240116081500,moneycontrol.com,https://www.moneycontrol.com/news/business/personal-finance/uncovering-the-strategies-of-the-best-mutual-funds-investors-12060611.html,Uncovering the Strategies of the Best Mutual Funds Investors,REJECTED_ENTITY_MATCHER,False,,NOT_RELEVANT,Generic V2Organizations match without Bajaj Finance in headline
20240116094500-T71,20240116094500,dailykesari.com,http://www.dailykesari.com/%5C%E0%A4%AC%E0%A5%8D%E0%A4%B0%E0%A5%87%E0%A4%95%E0%A4%BF%E0%A4%82%E0%A4%97%5C6079%5C%E0%A4%B6%E0%A5%87%E0%A4%85%E0%A4%B0-%E0%A4%AC%E0%A4%BE%E0%A4%9C%E0%A4%BE%E0%A4%B0%E0%A4%BE%E0%A4%A4-%E0%A4%89%E0%A4%B8%E0%A4%B3%E0%A5%80,ब्रेकिंग - Daily Kesari,REJECTED_ENTITY_MATCHER,False,,NOT_RELEVANT,Generic V2Organizations match without Bajaj Finance in headline
20240116133000-1624,20240116133000,thehindubusinessline.com,https://www.thehindubusinessline.com/markets/share-market-highlights-16-january-2023/article67743130.ece,"Share Market Highlights 16 January 2023: Sensex sheds 199 pts, Nifty closes below 22,050; Divis Lab, HCL Tech top losers",REJECTED_ENTITY_MATCHER,False,,NOT_RELEVANT,Generic V2Organizations match without Bajaj Finance in headline
20240116173000-1127,20240116173000,livemint.com,https://www.livemint.com/news/a-turbulent-year-may-lie-ahead-ceos-at-davos-are-optimistic-11705423351553.html,A Turbulent Year May Lie Ahead—CEOs at Davos Are Optimistic,REJECTED_ENTITY_MATCHER,False,,NOT_RELEVANT,Generic V2Organizations match without Bajaj Finance in headline
20240116230000-T1654,20240116230000,navabharat.com,https://navabharat.com/nbwp/?p=175529,शेयर बाजार की पांच दिन की तेजी पर ब्रेक -,REJECTED_ENTITY_MATCHER,False,,NOT_RELEVANT,Generic V2Organizations match without Bajaj Finance in headline
20240117001500-T400,20240117001500,amarujala.com,https://www.amarujala.com/chandigarh/a-gang-that-cheated-on-the-pretext-of-giving-a-loan-was-caught-chandigarh-news-c-16-sml1026-330687-2024-01-17,A Gang That Cheated On The Pretext Of Giving A Loan Was Caught - Chandigarh News - Chandigarh News:कर्ज दिलाने का झांसा देकर ठगने वाले गिरोह पकड़ा,REJECTED_ENTITY_MATCHER,False,,NOT_RELEVANT,Generic V2Organizations match without Bajaj Finance in headline
20240117020000-162,20240117020000,moneycontrol.com,https://www.moneycontrol.com/news/business/markets/stock-market-today-top-10-things-to-know-before-the-market-opens-212-12044251.html,Stock Market Today: Top 10 things to know before the market opens,REJECTED_ENTITY_MATCHER,False,,NOT_RELEVANT,Generic V2Organizations match without Bajaj Finance in headline
20240117043000-1264,20240117043000,indiatimes.com,https://economictimes.indiatimes.com/markets/options/fo-stocks-to-buy-today-lt-coal-india-among-top-8-trading-ideas-for-17-january-2024/articleshow/106914512.cms,"F&O stocks to buy today: L&T, Coal India among top 8 trading ideas for 17 January 2024",REJECTED_ENTITY_MATCHER,False,,NOT_RELEVANT,Generic V2Organizations match without Bajaj Finance in headline
20240117044500-275,20240117044500,livemint.com,https://www.livemint.com/market/stock-market-news/massive-selloff-nifty-bank-and-nifty-financial-services-index-shed-over-2-5-as-hdfc-bank-tanks-post-q3-11705464719172.html,Massive Selloff: Nifty Bank and Nifty Financial Services index shed over 2.5%,REJECTED_ENTITY_MATCHER,False,,NOT_RELEVANT,Generic V2Organizations match without Bajaj Finance in headline
20240117113000-12,20240117113000,indiatimes.com,https://economictimes.indiatimes.com/markets/stocks/stock-watch/stock-market-update-power-stocks-down-as-market-falls/articleshow/106928788.cms,Stock Market Sectors: Stock market update: Power stocks down as market falls,REJECTED_ENTITY_MATCHER,False,,NOT_RELEVANT,Generic V2Organizations match without Bajaj Finance in headline
20240117113000-618,20240117113000,telegraphindia.com,https://www.telegraphindia.com/business/stock-markets-in-free-fall-sensex-tanks-1628-points-on-sharp-losses-in-banking-oil-shares/cid/1994403,"Stock market | Stock markets in free-fall: Sensex tanks 1,628 points on sharp losses in banking, oil shares",REJECTED_ENTITY_MATCHER,False,,NOT_RELEVANT,Generic V2Organizations match without Bajaj Finance in headline
20240117113000-1264,20240117113000,telegraphindia.com,https://www.telegraphindia.com/feeds/business/stock-markets-in-free-fall-sensex-tanks-1628-points-on-sharp-losses-in-banking-oil-shares/cid/1994403,"Stock market | Stock markets in free-fall: Sensex tanks 1,628 points on sharp losses in banking, oil shares",REJECTED_ENTITY_MATCHER,False,,NOT_RELEVANT,Generic V2Organizations match without Bajaj Finance in headline
20240117120000-1367,20240117120000,indiatimes.com,https://economictimes.indiatimes.com/markets/stocks/stock-watch/stock-market-update-mining-stocks-down-as-market-falls/articleshow/106929356.cms,Stock Market Sectors: Stock market update: Mining stocks down as market falls,REJECTED_ENTITY_MATCHER,False,,NOT_RELEVANT,Generic V2Organizations match without Bajaj Finance in headline
20240117120000-459,20240117120000,indiatimes.com,https://economictimes.indiatimes.com/markets/stocks/stock-watch/stock-market-update-sugar-stocks-down-as-market-falls/articleshow/106929178.cms,Stock Market Sectors: Stock market update: Sugar stocks down as market falls,REJECTED_ENTITY_MATCHER,False,,NOT_RELEVANT,Generic V2Organizations match without Bajaj Finance in headline
20240117120000-1226,20240117120000,dailypioneer.com,https://www.dailypioneer.com/2024/business/stock-markets-in-free-fall--sensex-tanks-1-628-pts-on-sharp-losses-in-banking--oil-shares.html,"Stock markets in free-fall: Sensex tanks 1,628 pts on sharp losses in banking, oil shares",REJECTED_ENTITY_MATCHER,False,,NOT_RELEVANT,Generic V2Organizations match without Bajaj Finance in headline
20240117121500-129,20240117121500,tribuneindia.com,https://www.tribuneindia.com/news/business/stock-markets-in-free-fall-sensex-tanks-1-628-pts-on-sharp-losses-in-banking-oil-shares-582114,"Stock markets in free-fall: Sensex tanks 1,628 points, biggest losers...",REJECTED_ENTITY_MATCHER,False,,NOT_RELEVANT,Generic V2Organizations match without Bajaj Finance in headline
20240117121500-T2736,20240117121500,jagran.com,https://www.jagran.com/markets/stock-update-share-market-close-sensex-plunges-1628-points-and-nifty-down-by-460-points-in-today-trade-23631487.html,"Share Market Close: शेयर बाजार में बिकवाली से भूचाल, 1600 अंकों की गिरावट के साथ सेंसेक्स 71500 से नीचे - Share Market Close Sensex plunges 1628 points and nifty down by 460 points in today trade",REJECTED_ENTITY_MATCHER,False,,NOT_RELEVANT,Generic V2Organizations match without Bajaj Finance in headline
20240117123000-T719,20240117123000,loksatta.com,https://www.loksatta.com/business/market/why-did-sensex-fall-by-1628-degrees-print-eco-news-dvr-99-4163230/,सेन्सेक्समध्ये १६२८ अंशांची पडझड का झाली?,REJECTED_ENTITY_MATCHER,False,,NOT_RELEVANT,Generic V2Organizations match without Bajaj Finance in headline
20240117123000-738,20240117123000,orissapost.com,https://www.orissapost.com/stock-market-crash-wipes-out-rs-4-59-lakh-cr-from-investors-wealth-in-single-day/,Stock market crash wipes out Rs 4.59 lakh cr from investors wealth in single day,REJECTED_ENTITY_MATCHER,False,,NOT_RELEVANT,Generic V2Organizations match without Bajaj Finance in headline
20240117123000-690,20240117123000,thehindu.com,https://www.thehindu.com/business/markets/stock-markets-in-free-fall-sensex-tanks-1628-points-on-sharp-losses-in-banking-oil-shares/article67748252.ece,"Stock markets in free-fall: Sensex tanks 1,628 points on sharp losses in banking, oil shares",REJECTED_ENTITY_MATCHER,False,,NOT_RELEVANT,Generic V2Organizations match without Bajaj Finance in headline
20240117134500-788,20240117134500,siasat.com,https://www.siasat.com/stock-market-crash-wipes-out-rs-4-59-lakh-cr-from-investors-wealth-in-single-day-2958462/,Stock market crash wipes out investors' Rs 4.59 lakh crore in single day,REJECTED_ENTITY_MATCHER,False,,NOT_RELEVANT,Generic V2Organizations match without Bajaj Finance in headline
20240117150000-1737,20240117150000,indiatimes.com,https://timesofindia.indiatimes.com/business/india-business/stock-market-today-bse-sensex-crash-investors-lose-rs-459-lakh-crore-in-wealth/articleshow/106932649.cms,BSE Sensex Crash Today: Investors Lose Rs 4.59 Lakh Crore in Wealth | India Business News,REJECTED_ENTITY_MATCHER,False,,NOT_RELEVANT,Generic V2Organizations match without Bajaj Finance in headline
20240117153000-1778,20240117153000,india.com,https://zeenews.india.com/markets/stock-markets-in-free-fall-sensex-tanks-1628-points-on-sharp-losses-in-banking-oil-shares-2710645.html,"Stock Markets In Free-fall: Sensex Tanks 1,628 Points On Sharp Losses In Banking, Oil Shares",REJECTED_ENTITY_MATCHER,False,,NOT_RELEVANT,Generic V2Organizations match without Bajaj Finance in headline
20240117201500-103,20240117201500,dailypioneer.com,https://www.dailypioneer.com/2024/page1/bloodbath-on-dalal-street.html,Bloodbath on Dalal Street,REJECTED_ENTITY_MATCHER,False,,NOT_RELEVANT,Generic V2Organizations match without Bajaj Finance in headline
20240118023000-368,20240118023000,dailyexcelsior.com,https://www.dailyexcelsior.com/stock-markets-in-free-fall-sensex-tanks-1628-pts-on-sharp-losses-in-banking-oil-shares/,"Stock markets in free-fall: Sensex tanks 1,628 pts on sharp losses in banking, oil shares",REJECTED_ENTITY_MATCHER,False,,NOT_RELEVANT,Generic V2Organizations match without Bajaj Finance in headline
20240118043000-T663,20240118043000,tarunbharat.com,https://www.tarunbharat.com/sensex-fell-by-1628-points/,Sensex fell by 1628 points,REJECTED_ENTITY_MATCHER,False,,NOT_RELEVANT,Generic V2Organizations match without Bajaj Finance in headline
20240118043000-984,20240118043000,indiatimes.com,https://economictimes.indiatimes.com/markets/stocks/news/sensex-tumbles-500-points-as-hdfc-bank-continues-to-fall-nifty-below-21500/articleshow/106944556.cms,"sensex crash: Bulls feel the chill! Sensex tumbles 500 points, Nifty below 21,500",REJECTED_ENTITY_MATCHER,False,,NOT_RELEVANT,Generic V2Organizations match without Bajaj Finance in headline
20240118084500-514,20240118084500,technuter.com,https://technuter.com/gizmo/mobile/oppo-reno11-pro-5g-will-be-available-for-sale-from-18th-january-onwards.html,OPPO Reno11 Pro 5G will be available for sale from 18th January onwards,REJECTED_ENTITY_MATCHER,False,,NOT_RELEVANT,Generic V2Organizations match without Bajaj Finance in headline
20240118120000-255,20240118120000,theweek.in,https://www.theweek.in/wire-updates/business/2024/01/17/del36-biz-stocks-close.html,Stock markets in free-fall Sensex tanks 1 628 pts on sharp losses in banking oil shares,REJECTED_ENTITY_MATCHER,False,,NOT_RELEVANT,Generic V2Organizations match without Bajaj Finance in headline
20240118144500-331,20240118144500,opp.today,https://www.opp.today/5g/introducing-the-reno11-pro-5g-a-leap-into-the-future-of-technology/312296/,Introducing the Reno11 Pro 5G: A Leap into the Future of Technology,REJECTED_ENTITY_MATCHER,False,,NOT_RELEVANT,Generic V2Organizations match without Bajaj Finance in headline
20240118230000-2004,20240118230000,menafn.com,https://menafn.com/1107740205/Apkainterior-Exceptional-40-Growth-Compared-To-Previous-Year,Apkainterior: Exceptional 40% Growth Compared To Previous Year,REJECTED_ENTITY_MATCHER,False,,NOT_RELEVANT,Generic V2Organizations match without Bajaj Finance in headline
20240119044500-291,20240119044500,thehindubusinessline.com,https://www.thehindubusinessline.com/markets/share-market-nifty-sensex-live-updates-19-january-2024/article67752291.ece,"Stock Market Live Updates: Sensex and Nifty rebound after three-day slump, tracking Asian gains",REJECTED_ENTITY_MATCHER,False,,NOT_RELEVANT,Generic V2Organizations match without Bajaj Finance in headline
20240119053000-T2024,20240119053000,prabhasakshi.com,https://www.prabhasakshi.com/business/sensex-jumped-by-600-points-in-stock-market-hdfc-bank-shares-also-rose,"Stock Market में सप्ताह के अंतिम दिन Sensex में 600 अंकों का उछाल, HDFC Bank के शेयर भी उठे",REJECTED_ENTITY_MATCHER,False,,NOT_RELEVANT,Generic V2Organizations match without Bajaj Finance in headline
20240119054500-403,20240119054500,theweek.in,https://www.theweek.in/wire-updates/business/2024/01/19/del6-biz-stocks-open.html,Markets rebound in early trade after three days of fall,REJECTED_ENTITY_MATCHER,False,,NOT_RELEVANT,Generic V2Organizations match without Bajaj Finance in headline
20240119054500-1198,20240119054500,india.com,https://zeenews.india.com/markets/markets-rebound-in-early-trade-after-three-days-of-fall-2711166.html,Markets Rebound In Early Trade After Three Days Of Fall,REJECTED_ENTITY_MATCHER,False,,NOT_RELEVANT,Generic V2Organizations match without Bajaj Finance in headline
20240119060000-905,20240119060000,news18.com,https://www.news18.com/business/stock-market-updates-today-india-sensex-nifty50-live-8745881.html,"Stock Market Updates: Sensex Jumps 600 Pts, Nifty Trades Above 21,600",REJECTED_ENTITY_MATCHER,False,,NOT_RELEVANT,Generic V2Organizations match without Bajaj Finance in headline
20240119061500-999,20240119061500,latestly.com,https://www.latestly.com/agency-news/india-news-markets-rebound-in-early-trade-after-three-days-of-fall-5704297.html,India News | Markets Rebound in Early Trade After Three Days of Fall,REJECTED_ENTITY_MATCHER,False,,NOT_RELEVANT,Generic V2Organizations match without Bajaj Finance in headline
20240119061500-747,20240119061500,thehindu.com,https://www.thehindu.com/business/markets/sensex-updates-on-january-19-2024/article67755021.ece,Markets rebound in early trade after three days of fall,REJECTED_ENTITY_MATCHER,False,,NOT_RELEVANT,Generic V2Organizations match without Bajaj Finance in headline
20240119063000-T2176,20240119063000,punjabkesari.in,https://www.punjabkesari.in/national/news/stock-market-open-hdfc-bank-share-tata-motors-tata-steel-1930518,"भारी गिरावट के बाद आज सेंसेक्स-निफ्टी ने लगाई छलांग, Sensex 600 अंक भागा - stock market open hdfc bank share tata motors tata steel",REJECTED_ENTITY_MATCHER,False,,NOT_RELEVANT,Generic V2Organizations match without Bajaj Finance in headline
20240119073000-510,20240119073000,telegraphindia.com,https://www.telegraphindia.com/business/sensex-jumps-657-points-to-71844-in-early-trade-nifty-climbs-194-points-to-21657/cid/1994810,"Stock market | Sensex jumps 657 points to 71,844 in early trade; Nifty climbs 194 points to 21,657",REJECTED_ENTITY_MATCHER,False,,NOT_RELEVANT,Generic V2Organizations match without Bajaj Finance in headline
20240119074500-1006,20240119074500,telegraphindia.com,https://www.telegraphindia.com/feeds/business/sensex-jumps-657-points-to-71844-in-early-trade-nifty-climbs-194-points-to-21657/cid/1994810,"Stock market | Sensex jumps 657 points to 71,844 in early trade; Nifty climbs 194 points to 21,657",REJECTED_ENTITY_MATCHER,False,,NOT_RELEVANT,Generic V2Organizations match without Bajaj Finance in headline
20240119091500-332,20240119091500,dailypioneer.com,https://www.dailypioneer.com/2024/business/markets-rebound-in-early-trade-after-three-days-of-fall.html,Markets rebound in early trade after three days of fall,REJECTED_ENTITY_MATCHER,False,,NOT_RELEVANT,Generic V2Organizations match without Bajaj Finance in headline
20240119121500-T1142,20240119121500,loksatta.com,https://www.loksatta.com/business/market/after-three-days-of-decline-the-stock-market-has-now-recovered-increasing-the-wealth-of-investors-by-rs-4-lakh-crore-vrd-88-4166833/,"तीन दिवसांच्या घसरणीनंतर आता शेअर बाजार सावरला, गुंतवणूकदारांच्या संपत्तीत ४ लाख कोटींची वाढ| After three days of decline the stock market has now recovered, increasing the wealth of investors by Rs 4 lakh crore",REJECTED_ENTITY_MATCHER,False,,NOT_RELEVANT,Generic V2Organizations match without Bajaj Finance in headline
20240119131500-1187,20240119131500,thehindubusinessline.com,https://www.thehindubusinessline.com/markets/stock-market-highlights-19-january-2024/article67752291.ece,"Share Market Highlights 19 January 2024: Indices rebound after three-day slump; Nifty settles above 21,600",REJECTED_ENTITY_MATCHER,False,,NOT_RELEVANT,Generic V2Organizations match without Bajaj Finance in headline
20240120020000-T456,20240120020000,tarunbharat.com,https://www.tarunbharat.com/relief-in-the-final-session-in-the-stock-market/,Relief in the final session in the stock market,REJECTED_ENTITY_MATCHER,False,,NOT_RELEVANT,Generic V2Organizations match without Bajaj Finance in headline
20240120054500-738,20240120054500,theweek.in,https://www.theweek.in/wire-updates/business/2024/01/20/del4-biz-stocks-open.html,Sensex gains 250 points Nifty nears 21 700 level in early trade,REJECTED_ENTITY_MATCHER,False,,NOT_RELEVANT,Generic V2Organizations match without Bajaj Finance in headline
20240120054500-866,20240120054500,thehindu.com,https://www.thehindu.com/business/markets/sensex-gains-250-points-nifty-nears-21700-level-in-early-trade/article67758799.ece,"Sensex gains 250 points, Nifty nears 21,700 level in early trade",REJECTED_ENTITY_MATCHER,False,,NOT_RELEVANT,Generic V2Organizations match without Bajaj Finance in headline
20240120064500-176,20240120064500,tribuneindia.com,https://www.tribuneindia.com/news/business/sensex-gains-250-points-nifty-nears-21-700-level-in-early-trade-583014,"Sensex gains 250 points, Nifty nears 21,700 level in early trade",REJECTED_ENTITY_MATCHER,False,,NOT_RELEVANT,Generic V2Organizations match without Bajaj Finance in headline
20240120081500-745,20240120081500,dailypioneer.com,https://www.dailypioneer.com/2024/business/sensex-gains-250-points--nifty-nears-21-700-level-in-early-trade.html,"Sensex gains 250 points, Nifty nears 21,700 level in early trade",REJECTED_ENTITY_MATCHER,False,,NOT_RELEVANT,Generic V2Organizations match without Bajaj Finance in headline
20240120093000-401,20240120093000,telegraphindia.com,https://www.telegraphindia.com/feeds/business/sensex-gains-250-points-nifty-nears-21700-level-in-early-trade/cid/1995042,"Sensex | Sensex gains 250 points, Nifty nears 21,700 level in early trade",REJECTED_ENTITY_MATCHER,False,,NOT_RELEVANT,Generic V2Organizations match without Bajaj Finance in headline
20240120093000-T667,20240120093000,punjabkesari.in,https://www.punjabkesari.in/business/news/stock-exchange-250-points-stronger-in-early-trade-nifty-near-21-700-level-1931005,"शुरुआती कारोबार में सेंसेक्स 250 अंक मजबूत, निफ्टी 21,700 के स्तर के करीब - stock exchange 250 points stronger in early trade nifty near 21 700 level",REJECTED_ENTITY_MATCHER,False,,NOT_RELEVANT,Generic V2Organizations match without Bajaj Finance in headline
20240120093000-T596,20240120093000,tarunmitra.in,https://www.tarunmitra.in/article/16217/stock-market-sensex-jumps-625-points-on-green-mark,"हरे निशान पर शेयर बाजार, सेंसेक्स में 625 अंक की उछाल",REJECTED_ENTITY_MATCHER,False,,NOT_RELEVANT,Generic V2Organizations match without Bajaj Finance in headline
20240120104500-93,20240120104500,hindustantimes.com,https://www.hindustantimes.com/business/sensex-sheds-175-points-in-special-trading-session-101705744301595.html,Sensex sheds 175 points in special trading session,REJECTED_ENTITY_MATCHER,False,,NOT_RELEVANT,Generic V2Organizations match without Bajaj Finance in headline
20240120111500-13,20240120111500,telegraphindia.com,https://www.telegraphindia.com/business/sensex-gains-250-points-nifty-nears-21700-level-in-early-trade/cid/1995042,"Sensex | Sensex gains 250 points, Nifty nears 21,700 level in early trade",REJECTED_ENTITY_MATCHER,False,,NOT_RELEVANT,Generic V2Organizations match without Bajaj Finance in headline
20240120121500-591,20240120121500,thehindubusinessline.com,https://www.thehindubusinessline.com/markets/stock-market-highlights-20-january-2024/article67757092.ece,Share Market Highlights 20 January 2024: Sensex and Nifty close lower in weekend trading,REJECTED_ENTITY_MATCHER,False,,NOT_RELEVANT,Generic V2Organizations match without Bajaj Finance in headline
20240120140000-372,20240120140000,indiatimes.com,https://timesofindia.indiatimes.com/business/india-business/sensex-gains-250-points-nifty-nears-21700-level-in-early-trade/articleshow/107014741.cms,"Sensex gains 250 points, Nifty nears 21,700 level in early trade | India Business News",REJECTED_ENTITY_MATCHER,False,,NOT_RELEVANT,Generic V2Organizations match without Bajaj Finance in headline
20240122060000-261,20240122060000,globenewswire.com,https://www.globenewswire.com/news-release/2024/01/22/2812660/0/en/Guaranteed-Auto-Protection-Insurance-Market-Projected-to-Reach-7-11-Billion-by-2030-Comprehensive-Research-Offers-In-Depth-Analysis.html,Guaranteed Auto Protection Insurance Market Projected to,REJECTED_ENTITY_MATCHER,False,,NOT_RELEVANT,Generic V2Organizations match without Bajaj Finance in headline
20240123023000-746,20240123023000,moneycontrol.com,https://www.moneycontrol.com/news/technology/only-passive-index-funds-can-take-equity-investing-to-the-masses-zerodha-fund-houses-vishal-jain-12105451.html,Only passive index funds can take equity investing to the masses: Zerodha Fund House's Vishal Jain,REJECTED_ENTITY_MATCHER,False,,NOT_RELEVANT,Generic V2Organizations match without Bajaj Finance in headline
20240123044500-1193,20240123044500,indiatimes.com,https://economictimes.indiatimes.com/markets/stocks/news/sensex-climbs-600-points-reclaims-72k-on-positive-global-cues-nifty-above-21700/articleshow/107067876.cms,"sensex today: Sensex climbs 600 points, reclaims 72K on positive global cues; Nifty above 21,700",REJECTED_ENTITY_MATCHER,False,,NOT_RELEVANT,Generic V2Organizations match without Bajaj Finance in headline
20240123053000-772,20240123053000,indiatimes.com,https://timesofindia.indiatimes.com/business/india-business/stock-market-today-bse-sensex-nifty50-january-23-2024-dalal-street-indian-equities/articleshow/107068208.cms,"Stock market today: BSE Sensex surges 600 points, Nifty50 above 21,700",REJECTED_ENTITY_MATCHER,False,,NOT_RELEVANT,Generic V2Organizations match without Bajaj Finance in headline
20240123054500-295,20240123054500,indiatimes.com,https://economictimes.indiatimes.com/markets/stocks/stock-watch/stock-market-update-power-stocks-down-as-market-falls/articleshow/107070843.cms,Stock Market Sectors: Stock market update: Power stocks down as market falls,REJECTED_ENTITY_MATCHER,False,,NOT_RELEVANT,Generic V2Organizations match without Bajaj Finance in headline
20240123061500-736,20240123061500,indiatimes.com,https://economictimes.indiatimes.com/markets/stocks/stock-watch/stock-market-update-fertilisers-stocks-down-as-market-falls/articleshow/107071641.cms,Stock Market Sectors: Stock market update: Fertilisers stocks down as market falls,REJECTED_ENTITY_MATCHER,False,,NOT_RELEVANT,Generic V2Organizations match without Bajaj Finance in headline
20240123061500-496,20240123061500,indiatimes.com,https://economictimes.indiatimes.com/markets/stocks/stock-watch/stock-market-update-mining-stocks-down-as-market-falls/articleshow/107071092.cms,Stock Market Sectors: Stock market update: Mining stocks down as market falls,REJECTED_ENTITY_MATCHER,False,,NOT_RELEVANT,Generic V2Organizations match without Bajaj Finance in headline
20240123061500-240,20240123061500,indiatimes.com,https://economictimes.indiatimes.com/markets/stocks/stock-watch/stock-market-update-sugar-stocks-down-as-market-falls/articleshow/107071233.cms,Stock Market Sectors: Stock market update: Sugar stocks down as market falls,REJECTED_ENTITY_MATCHER,False,,NOT_RELEVANT,Generic V2Organizations match without Bajaj Finance in headline
20240123070000-985,20240123070000,thehindubusinessline.com,https://www.thehindubusinessline.com/markets/share-market-nifty-sensex-live-updates-23-january-2024/article67762366.ece,Stock Market Live Updates: Sensex and Nifty turn volatile despite positive start; analysts warn of increased selling,REJECTED_ENTITY_MATCHER,False,,NOT_RELEVANT,Generic V2Organizations match without Bajaj Finance in headline
20240123090000-T1667,20240123090000,indiatimes.com,https://navbharattimes.indiatimes.com/business/share-market/share-news/zomato-suspends-delivery-of-non-veg-items-see-how-share-market-responds/articleshow/107068065.cms,"Zomato ने बंद की नॉन-वेज खाने की डिलिवरी, जानिए कैसा रहा शेयर का हाल",REJECTED_ENTITY_MATCHER,False,,NOT_RELEVANT,Generic V2Organizations match without Bajaj Finance in headline
20240123110000-727,20240123110000,indiatimes.com,https://economictimes.indiatimes.com/markets/stocks/stock-watch/stock-market-update-sugar-stocks-down-as-market-falls/articleshow/107083103.cms,Stock Market Sectors: Stock market update: Sugar stocks down as market falls,REJECTED_ENTITY_MATCHER,False,,NOT_RELEVANT,Generic V2Organizations match without Bajaj Finance in headline
20240123110000-268,20240123110000,qnewshub.com,https://qnewshub.com/business/sensex-rallies-over-500-points-in-early-trade-ril-jumps-over-2-times-of-india/,Sensex Rallies Over 500 Points In Early Trade; RIL Jumps Over 2% - Times Of India,REJECTED_ENTITY_MATCHER,False,,NOT_RELEVANT,Generic V2Organizations match without Bajaj Finance in headline
20240123114500-483,20240123114500,indiatimes.com,https://economictimes.indiatimes.com/markets/stocks/stock-watch/stock-market-update-mining-stocks-down-as-market-falls/articleshow/107084793.cms,Stock Market Sectors: Stock market update: Mining stocks down as market falls,REJECTED_ENTITY_MATCHER,False,,NOT_RELEVANT,Generic V2Organizations match without Bajaj Finance in headline
20240123114500-909,20240123114500,indiatimes.com,https://economictimes.indiatimes.com/markets/stocks/stock-watch/stock-market-update-fertilisers-stocks-down-as-market-falls/articleshow/107084435.cms,Stock Market Sectors: Stock market update: Fertilisers stocks down as market falls,REJECTED_ENTITY_MATCHER,False,,NOT_RELEVANT,Generic V2Organizations match without Bajaj Finance in headline
20240123121500-1018,20240123121500,news18.com,https://www.news18.com/business/terrible-tuesday-why-sensex-crashed-today-will-stock-market-decline-continue-8751599.html,Terrible Tuesday! Why Sensex Crashed Today? Will Stock Market Decline Continue?,REJECTED_ENTITY_MATCHER,False,,NOT_RELEVANT,Generic V2Organizations match without Bajaj Finance in headline
20240123123000-624,20240123123000,indiatimes.com,https://economictimes.indiatimes.com/markets/stocks/stock-watch/stock-market-update-fmcg-stocks-down-as-market-falls/articleshow/107085824.cms,Stock Market Sectors: Stock market update: FMCG stocks down as market falls,REJECTED_ENTITY_MATCHER,False,,NOT_RELEVANT,Generic V2Organizations match without Bajaj Finance in headline
20240123123000-849,20240123123000,indiatimes.com,https://economictimes.indiatimes.com/markets/stocks/stock-watch/stock-market-update-power-stocks-down-as-market-falls/articleshow/107085428.cms,Stock Market Sectors: Stock market update: Power stocks down as market falls,REJECTED_ENTITY_MATCHER,False,,NOT_RELEVANT,Generic V2Organizations match without Bajaj Finance in headline
20240123133000-1901,20240123133000,bignewsnetwork.com,https://www.bignewsnetwork.com/news/274103899/multiple-credit-card-options-catering-to-diverse-needs---apply-on-bajaj-markets,Multiple Credit Card Options Catering to Diverse Needs - Apply on Bajaj Markets,REJECTED_ENTITY_MATCHER,False,,NOT_RELEVANT,Generic V2Organizations match without Bajaj Finance in headline
20240123140000-T643,20240123140000,indiatimes.com,https://navbharattimes.indiatimes.com/business/share-market/share-news/stock-market-why-did-indian-stock-market-fall-today/articleshow/107088432.cms,"Why Share Market Fall Today,शेयर बाजार में आज इस वजह से आई रेकॉर्ड गिरावट, इन शेयरों में निवेशकों को हुआ तगड़ा नुकसान, देखें डिटेल्स - stock market why did indian stock market fall today",REJECTED_ENTITY_MATCHER,False,,NOT_RELEVANT,Generic V2Organizations match without Bajaj Finance in headline
20240123144500-1294,20240123144500,indiatimes.com,https://timesofindia.indiatimes.com/brief/tuesday-evening-news-brief-january-23/liveblog/107088321.cms,"Tuesday evening news brief, January 23 - The Times of India",REJECTED_ENTITY_MATCHER,False,,NOT_RELEVANT,Generic V2Organizations match without Bajaj Finance in headline
20240123153000-807,20240123153000,aninews.in,https://aninews.in/news/business/business/multiple-credit-card-options-catering-to-diverse-needs-apply-on-bajaj-markets20240123181627/,Multiple Credit Card Options Catering to Diverse Needs - Apply on Bajaj Markets,REJECTED_ENTITY_MATCHER,False,,NOT_RELEVANT,Generic V2Organizations match without Bajaj Finance in headline
20240124033000-T130,20240124033000,tarunbharat.com,https://www.tarunbharat.com/sensex-plunged-by-over-1000-points/,"Sensex plunged by over 1,000 points",REJECTED_ENTITY_MATCHER,False,,NOT_RELEVANT,Generic V2Organizations match without Bajaj Finance in headline
20240124044500-T550,20240124044500,indiatimes.com,https://navbharattimes.indiatimes.com/business/share-market/share-news/stock-market-prediction-bearish-sign-in-shares-of-hdfc-bank-and-zee-entertainment-enterprises/articleshow/107091405.cms,"Stock Market Prediction: आज मुंह के बल गिर सकते हैं HDFC Bank सहित ये शेयर, दिख रहे गिरावट के सभी संकेत",REJECTED_ENTITY_MATCHER,False,,NOT_RELEVANT,Generic V2Organizations match without Bajaj Finance in headline
20240124054500-107,20240124054500,indiatimes.com,https://economictimes.indiatimes.com/markets/stocks/stock-watch/stock-market-update-mining-stocks-up-as-market-rises/articleshow/107101524.cms,Stock Market Sectors: Stock market update: Mining stocks up as market rises,REJECTED_ENTITY_MATCHER,False,,NOT_RELEVANT,Generic V2Organizations match without Bajaj Finance in headline
20240124054500-247,20240124054500,indiatimes.com,https://economictimes.indiatimes.com/markets/stocks/stock-watch/stock-market-update-power-stocks-up-as-market-rises/articleshow/107101394.cms,Stock Market Sectors: Stock market update: Power stocks up as market rises,REJECTED_ENTITY_MATCHER,False,,NOT_RELEVANT,Generic V2Organizations match without Bajaj Finance in headline
20240124054500-1210,20240124054500,indiatimes.com,https://economictimes.indiatimes.com/markets/stocks/stock-watch/stock-market-update-sugar-stocks-up-as-market-rises/articleshow/107101632.cms,Stock Market Sectors: Stock market update: Sugar stocks up as market rises,REJECTED_ENTITY_MATCHER,False,,NOT_RELEVANT,Generic V2Organizations match without Bajaj Finance in headline
20240124060000-197,20240124060000,indiatimes.com,https://economictimes.indiatimes.com/markets/stocks/stock-watch/stock-market-update-fertilisers-stocks-up-as-market-rises/articleshow/107101837.cms,Stock Market Sectors: Stock market update: Fertilisers stocks up as market rises,REJECTED_ENTITY_MATCHER,False,,NOT_RELEVANT,Generic V2Organizations match without Bajaj Finance in headline
20240124061500-539,20240124061500,livemint.com,https://www.livemint.com/market/stock-market-news/nearly-60-of-nifty-50-stocks-are-down-this-month-8-stocks-dipped-more-than-10-11706066840874.html,Nearly 60% of Nifty 50 stocks are down this month; 8 stocks dipped more than 10%,REJECTED_ENTITY_MATCHER,False,,NOT_RELEVANT,Generic V2Organizations match without Bajaj Finance in headline
20240124063000-653,20240124063000,thehindubusinessline.com,https://www.thehindubusinessline.com/markets/share-market-nifty-sensex-live-updates-24-january-2024/article67768511.ece,"Stock Market Live Updates: Market rebounds 0.50% amid volatility, but analysts warn of selling pressure",REJECTED_ENTITY_MATCHER,False,,NOT_RELEVANT,Generic V2Organizations match without Bajaj Finance in headline
20240124081500-T2022,20240124081500,sharemanthan.in,https://www.sharemanthan.in/technical-tips/intraday-tips/73866-icici-direct-momentum-picks-20240124,"निफ्टी और बजाज फाइनेंस बेचें, टाटा पावर कंपनी खरीदें : आईसीआईसीआई डायरेक्ट",REJECTED_ENTITY_MATCHER,False,,NOT_RELEVANT,Generic V2Organizations match without Bajaj Finance in headline
20240124091500-496,20240124091500,moneycontrol.com,https://www.moneycontrol.com/news/opinion/moneycontrol-pro-panorama-this-time-is-indeed-different-12106331.html,Moneycontrol Pro Panorama | This time is indeed different,REJECTED_ENTITY_MATCHER,False,,NOT_RELEVANT,Generic V2Organizations match without Bajaj Finance in headline
20240124114500-58,20240124114500,indiatimes.com,https://economictimes.indiatimes.com/markets/stocks/stock-watch/stock-market-update-power-stocks-up-as-market-rises/articleshow/107115233.cms,Stock Market Sectors: Stock market update: Power stocks up as market rises,REJECTED_ENTITY_MATCHER,False,,NOT_RELEVANT,Generic V2Organizations match without Bajaj Finance in headline
20240124114500-805,20240124114500,indiatimes.com,https://economictimes.indiatimes.com/markets/stocks/stock-watch/stock-market-update-sugar-stocks-up-as-market-rises/articleshow/107114861.cms,Stock Market Sectors: Stock market update: Sugar stocks up as market rises,REJECTED_ENTITY_MATCHER,False,,NOT_RELEVANT,Generic V2Organizations match without Bajaj Finance in headline
20240124120000-1641,20240124120000,indiatimes.com,https://economictimes.indiatimes.com/markets/stocks/stock-watch/stock-market-update-mining-stocks-up-as-market-rises/articleshow/107115661.cms,Stock Market Sectors: Stock market update: Mining stocks up as market rises,REJECTED_ENTITY_MATCHER,False,,NOT_RELEVANT,Generic V2Organizations match without Bajaj Finance in headline
20240124121500-T1248,20240124121500,pudhari.news,https://pudhari.news/features/arthabhan/722210/sensex-closed-689-points-higher/ar,"Stock Market Closing Bell | जोरदार कमबॅक! सेन्सेक्स ६८९ अंकांनी वाढून बंद, गुंतवणूकदारांना ५.४ लाख कोटींचा फायदा",REJECTED_ENTITY_MATCHER,False,,NOT_RELEVANT,Generic V2Organizations match without Bajaj Finance in headline
20240124123000-1451,20240124123000,indiatimes.com,https://economictimes.indiatimes.com/markets/stocks/stock-watch/stock-market-update-fmcg-stocks-up-as-market-rises/articleshow/107116544.cms,Stock Market Sectors: Stock market update: FMCG stocks up as market rises,REJECTED_ENTITY_MATCHER,False,,NOT_RELEVANT,Generic V2Organizations match without Bajaj Finance in headline
20240124130000-T976,20240124130000,loksatta.com,https://www.loksatta.com/business/finance/share-market-highlights-sensex-crosses-71000-mark-print-eco-news-zws-70-4175243/,सेन्सेक्स पुन्हा ७१ हजारांवर विराजमान,REJECTED_ENTITY_MATCHER,False,,NOT_RELEVANT,Generic V2Organizations match without Bajaj Finance in headline
20240124131500-T93,20240124131500,indiatimes.com,https://navbharattimes.indiatimes.com/business/share-market/share-news/stock-market-bse-sensex-surges-690-points-breaks-2-day-losing-streak-nifty50-ends-above-21400/articleshow/107117230.cms,"Stock Market: बाजार में लौटी तेजी, 690 अंक उछला सेंसेक्स, निवेशकों को हुआ 5 लाख करोड़ से ज्यादा का मुनाफा",REJECTED_ENTITY_MATCHER,False,,NOT_RELEVANT,Generic V2Organizations match without Bajaj Finance in headline
20240124151500-1282,20240124151500,thehindubusinessline.com,https://www.thehindubusinessline.com/markets/stock-market-highlights-24-january-2024/article67768511.ece,"Share Market Highlights 24 January 2024: Sensex closes over 650 pts higher; Nifty above 21,450; Media stocks shine",REJECTED_ENTITY_MATCHER,False,,NOT_RELEVANT,Generic V2Organizations match without Bajaj Finance in headline
20240124163000-T355,20240124163000,webdunia.com,https://hindi.webdunia.com/stock-market/sensex-jumped-690-points-124012400092_1.html,"शेयर बाजार में तेजी लौटी, सेंसेक्स 690 अंक उछला",REJECTED_ENTITY_MATCHER,False,,NOT_RELEVANT,Generic V2Organizations match without Bajaj Finance in headline
20240124164500-2257,20240124164500,businessinsider.in,https://www.businessinsider.in/stock-market/news/sensex-nifty-rebound-sharply-to-gain-over-1-on-bargain-hunting/articleshow/107116372.cms,"Sensex, Nifty rebound sharply to gain over 1% on bargain hunting",REJECTED_ENTITY_MATCHER,False,,NOT_RELEVANT,Generic V2Organizations match without Bajaj Finance in headline
20240125014500-T710,20240125014500,indiatimes.com,https://navbharattimes.indiatimes.com/business/share-market/share-news/stock-market-prediction-today-there-are-signs-of-bumper-bullish-trend-in-these-stocks-including-icici-bank/articleshow/107123193.cms,Stock Market Prediction: मुनाफा कमाने के लिए आज Sun Pharma और ICICI Bank सहित इन शेयरों पर लगाएं दांव,REJECTED_ENTITY_MATCHER,False,,NOT_RELEVANT,Generic V2Organizations match without Bajaj Finance in headline
20240125024500-T535,20240125024500,tarunbharat.com,https://www.tarunbharat.com/the-market-recovered-with-the-performance-of-dhatu-telecom/,The market recovered with the performance of 'Dhatu-Telecom',REJECTED_ENTITY_MATCHER,False,,NOT_RELEVANT,Generic V2Organizations match without Bajaj Finance in headline
20240125051500-637,20240125051500,indiatimes.com,https://economictimes.indiatimes.com/markets/stocks/stock-watch/stock-market-update-power-stocks-up-as-market-falls/articleshow/107132432.cms,Stock Market Sectors: Stock market update: Power stocks up as market falls,REJECTED_ENTITY_MATCHER,False,,NOT_RELEVANT,Generic V2Organizations match without Bajaj Finance in headline
20240125054500-613,20240125054500,indiatimes.com,https://economictimes.indiatimes.com/markets/stocks/stock-watch/stock-market-update-fertilisers-stocks-mixed-as-market-falls/articleshow/107133375.cms,Stock Market Sectors: Stock market update: Fertilisers stocks mixed as market falls,REJECTED_ENTITY_MATCHER,False,,NOT_RELEVANT,Generic V2Organizations match without Bajaj Finance in headline
20240125060000-870,20240125060000,indiatimes.com,https://economictimes.indiatimes.com/markets/stocks/stock-watch/stock-market-update-sugar-stocks-up-as-market-falls/articleshow/107133678.cms,Stock Market Sectors: Stock market update: Sugar stocks up as market falls,REJECTED_ENTITY_MATCHER,False,,NOT_RELEVANT,Generic V2Organizations match without Bajaj Finance in headline
20240125060000-628,20240125060000,indiatimes.com,https://economictimes.indiatimes.com/markets/stocks/stock-watch/stock-market-update-mining-stocks-up-as-market-falls/articleshow/107133841.cms,Stock Market Sectors: Stock market update: Mining stocks up as market falls,REJECTED_ENTITY_MATCHER,False,,NOT_RELEVANT,Generic V2Organizations match without Bajaj Finance in headline
20240125061500-769,20240125061500,india.com,https://zeenews.india.com/technology/oppo-reno-11-5g-goes-on-sale-today-check-discount-cashback-offers-and-other-details-2713687.html,"OPPO Reno 11 5G Goes On Sale Today; Check Discount, Cashback Offers And Other Details",REJECTED_ENTITY_MATCHER,False,,NOT_RELEVANT,Generic V2Organizations match without Bajaj Finance in headline
20240125080000-T269,20240125080000,punjabkesari.com,https://www.punjabkesari.com/business-news/stock-market-opening-stock-market-up-today-sensex-crosses-71000/,"Stock Market Opening: शेयर बाजार में आज तेजी, सेंसेक्स 71000 के पार - Stock Market Up Today, Sensex Crosses 71000",REJECTED_ENTITY_MATCHER,False,,NOT_RELEVANT,Generic V2Organizations match without Bajaj Finance in headline
20240125101500-334,20240125101500,devdiscourse.com,https://www.devdiscourse.com/article/technology/2787660-creating-a-financial-roadmap-integrating-sips-into-your-long-term-financial-goals,Creating a Financial Roadmap: Integrating SIPs into Your Long-term Financial Goals,REJECTED_ENTITY_MATCHER,False,,NOT_RELEVANT,Generic V2Organizations match without Bajaj Finance in headline
20240125110000-127,20240125110000,indiatimes.com,https://economictimes.indiatimes.com/markets/stocks/stock-watch/stock-market-update-mining-stocks-up-as-market-falls/articleshow/107145107.cms,Stock Market Sectors: Stock market update: Mining stocks up as market falls,REJECTED_ENTITY_MATCHER,False,,NOT_RELEVANT,Generic V2Organizations match without Bajaj Finance in headline
20240125110000-29,20240125110000,webindia123.com,https://news.webindia123.com/news/Articles/Business/20240125/4162005.html,Creating a Financial Roadmap: Integrating SIPs into Your Long-term Financial Goals,REJECTED_ENTITY_MATCHER,False,,NOT_RELEVANT,Generic V2Organizations match without Bajaj Finance in headline
20240125113000-1310,20240125113000,aninews.in,https://aninews.in/news/business/business/creating-a-financial-roadmap-integrating-sips-into-your-long-term-financial-goals20240125143817/,Creating a Financial Roadmap: Integrating SIPs into Your Long-term Financial Goals,REJECTED_ENTITY_MATCHER,False,,NOT_RELEVANT,Generic V2Organizations match without Bajaj Finance in headline
20240125114500-988,20240125114500,indiatimes.com,https://economictimes.indiatimes.com/markets/stocks/stock-watch/stock-market-update-fertilisers-stocks-up-as-market-falls/articleshow/107146216.cms,Stock Market Sectors: Stock market update: Fertilisers stocks up as market falls,REJECTED_ENTITY_MATCHER,False,,NOT_RELEVANT,Generic V2Organizations match without Bajaj Finance in headline
20240125114500-259,20240125114500,indiatimes.com,https://economictimes.indiatimes.com/markets/stocks/stock-watch/stock-market-update-power-stocks-up-as-market-falls/articleshow/107147199.cms,Stock Market Sectors: Stock market update: Power stocks up as market falls,REJECTED_ENTITY_MATCHER,False,,NOT_RELEVANT,Generic V2Organizations match without Bajaj Finance in headline
20240125121500-820,20240125121500,indiatimes.com,https://timesofindia.indiatimes.com/business/india-business/sensex-declines-359-pts-on-selling-in-it-shares-foreign-fund-outflows/articleshow/107148016.cms,"Sensex declines 359 pts on selling in IT shares, foreign fund outflows",REJECTED_ENTITY_MATCHER,False,,NOT_RELEVANT,Generic V2Organizations match without Bajaj Finance in headline
20240125123000-1330,20240125123000,theweek.in,https://www.theweek.in/news/biz-tech/2024/01/25/markets-fall-dragged-by-it-stocks-foreign-fund-outflows.html,"Markets fall dragged by IT stocks, foreign fund outflows",REJECTED_ENTITY_MATCHER,False,,NOT_RELEVANT,Generic V2Organizations match without Bajaj Finance in headline
20240125130000-848,20240125130000,thehindubusinessline.com,https://www.thehindubusinessline.com/markets/markets-fall-dragged-by-it-stocks-foreign-fund-outflows/article67775984.ece,"Markets fall dragged by IT stocks, foreign fund outflows - The Hindu BusinessLine",REJECTED_ENTITY_MATCHER,False,,NOT_RELEVANT,Generic V2Organizations match without Bajaj Finance in headline
20240125131500-1413,20240125131500,fonearena.com,https://www.fonearena.com/blog/414935/oppo-reno-11-5g-sale-india-offers.html,OPPO Reno11 5G goes on sale in India with launch offers,REJECTED_ENTITY_MATCHER,False,,NOT_RELEVANT,Generic V2Organizations match without Bajaj Finance in headline
20240125131500-1033,20240125131500,telegraphindia.com,https://www.telegraphindia.com/feeds/business/sensex-declines-359-points-to-settle-at-70700-nifty-falls-101-points-to-21352/cid/1996138,"Stock market | Sensex declines 359 points to settle at 70,700; Nifty falls 101 points to 21,352",REJECTED_ENTITY_MATCHER,False,,NOT_RELEVANT,Generic V2Organizations match without Bajaj Finance in headline
20240125131500-637,20240125131500,india.com,https://zeenews.india.com/markets/sensex-declines-359-pts-on-selling-in-it-shares-foreign-fund-outflows-2713993.html,"Sensex Declines 359 Pts On Selling In IT shares, Foreign Fund Outflows",REJECTED_ENTITY_MATCHER,False,,NOT_RELEVANT,Generic V2Organizations match without Bajaj Finance in headline
20240125131500-869,20240125131500,thehindu.com,https://www.thehindu.com/business/markets/sensex-declines-359-points-on-selling-in-it-shares-foreign-fund-outflows/article67776265.ece,"Sensex declines 359 points on selling in IT shares, foreign fund outflows",REJECTED_ENTITY_MATCHER,False,,NOT_RELEVANT,Generic V2Organizations match without Bajaj Finance in headline
20240125134500-516,20240125134500,latestly.com,https://www.latestly.com/agency-news/business-news-building-a-financially-inclusive-viksit-bharat-making-prudent-financial-choices-with-bajaj-markets-5718008.html,Business News | Building a Financially Inclusive 'Viksit Bharat': Making Prudent Financial Choices with Bajaj Markets,REJECTED_ENTITY_MATCHER,False,,NOT_RELEVANT,Generic V2Organizations match without Bajaj Finance in headline
20240125141500-1795,20240125141500,tribuneindia.com,https://www.tribuneindia.com/news/business/markets-fall-dragged-by-it-stocks-foreign-fund-outflows-584541,"Markets fall dragged by IT stocks, foreign fund outflows",REJECTED_ENTITY_MATCHER,False,,NOT_RELEVANT,Generic V2Organizations match without Bajaj Finance in headline
20240125143000-T2523,20240125143000,webdunia.com,https://hindi.webdunia.com/share-market-news/sensex-falls-360-points-due-to-selling-in-it-shares-124012500081_1.html,"आईटी शेयरों में बिकवाली से सेंसेक्स 360 अंक टूटा, निफ्टी भी 101 अंक लुढ़का",REJECTED_ENTITY_MATCHER,False,,NOT_RELEVANT,Generic V2Organizations match without Bajaj Finance in headline
20240125144500-1616,20240125144500,aninews.in,https://aninews.in/news/business/business/building-a-financially-inclusive-viksit-bharat-making-prudent-financial-choices-with-bajaj-markets20240125172538/,Building a Financially Inclusive 'Viksit Bharat': Making Prudent Financial Choices with Bajaj Markets,REJECTED_ENTITY_MATCHER,False,,NOT_RELEVANT,Generic V2Organizations match without Bajaj Finance in headline
20240125150000-280,20240125150000,telegraphindia.com,https://www.telegraphindia.com/business/sensex-declines-359-points-to-settle-at-70700-nifty-falls-101-points-to-21352/cid/1996138,"Stock market | Sensex declines 359 points to settle at 70,700; Nifty falls 101 points to 21,352",REJECTED_ENTITY_MATCHER,False,,NOT_RELEVANT,Generic V2Organizations match without Bajaj Finance in headline
20240125154500-1868,20240125154500,thehindu.com,https://www.thehindu.com/brandhub/20-best-seo-companies-in-india-2024-top-picks/article67776566.ece,20 Best SEO Companies in India 2024 - Top Picks,REJECTED_ENTITY_MATCHER,False,,NOT_RELEVANT,Generic V2Organizations match without Bajaj Finance in headline
20240126003000-T932,20240126003000,loksatta.com,https://www.loksatta.com/business/personal-finance/profit-recovery-in-the-it-sector-sensex-fell-by-359-degrees-print-eco-newsamy-95-4177837/,माहिती-तंत्रज्ञान क्षेत्रातील नफावसुली; 'सेन्सेक्स'मध्ये ३५९ अंशांची घसरण | profit recovery in the IT sector Sensex fell by 359 degrees,REJECTED_ENTITY_MATCHER,False,,NOT_RELEVANT,Generic V2Organizations match without Bajaj Finance in headline
20240126044500-586,20240126044500,hindustantimes.com,https://www.hindustantimes.com/business/republic-day-2024-are-sensex-and-nifty-open-for-trading-today-101706241045961.html,Republic Day 2024: Are Sensex and Nifty open for trading today?,REJECTED_ENTITY_MATCHER,False,,NOT_RELEVANT,Generic V2Organizations match without Bajaj Finance in headline
20240126063000-T1196,20240126063000,tarunbharat.com,https://www.tarunbharat.com/sales-in-it-affect-the-market/,Sales in 'IT' affect the market,REJECTED_ENTITY_MATCHER,False,,NOT_RELEVANT,Generic V2Organizations match without Bajaj Finance in headline
20240127090000-804,20240127090000,businesstoday.in,https://www.businesstoday.in/markets/market-commentary/story/weekly-market-wrap-d-street-ended-in-red-for-a-second-straight-week-amid-profit-booking-by-fiis-what-lies-ahead-415045-2024-01-27,Weekly Market Wrap: D-street ended in red for a second straight week amid profit booking by FIIs. What lies ahead?,REJECTED_ENTITY_MATCHER,False,,NOT_RELEVANT,Generic V2Organizations match without Bajaj Finance in headline
20240128023000-T1090,20240128023000,indiatimes.com,https://navbharattimes.indiatimes.com/business/share-market/share-news/stock-market-prediction-know-how-the-market-may-move-next-week-know-details/articleshow/107187722.cms,"Stock Market Prediction: सोमवार को कैसी रहेगी बाजार की चाल? रहेगी तेजी या आएगी गिरावट, पूरी डिटेल",REJECTED_ENTITY_MATCHER,False,,NOT_RELEVANT,Generic V2Organizations match without Bajaj Finance in headline
20240128051500-343,20240128051500,indiatimes.com,https://economictimes.indiatimes.com/markets/stocks/news/us-fed-meet-interim-budget-q3-results-among-9-factors-to-keep-d-street-busy-this-week/articleshow/107197855.cms,"US Fed meet, Interim Budget, Q3 results among 9 factors to keep D-Street busy this week",REJECTED_ENTITY_MATCHER,False,,NOT_RELEVANT,Generic V2Organizations match without Bajaj Finance in headline
20240128063000-297,20240128063000,thehindubusinessline.com,https://www.thehindubusinessline.com/markets/markets-to-focus-on-budget-us-fed-policy-in-eventful-week-analysts/article67785504.ece,"Markets to focus on budget, US Fed policy in eventful week: Analysts",REJECTED_ENTITY_MATCHER,False,,NOT_RELEVANT,Generic V2Organizations match without Bajaj Finance in headline
20240128070000-334,20240128070000,yourstory.com,https://yourstory.com:443/2024/01/markets-to-focus-on-budget-us-fed-policy-in-eventful-week-analysts,"Markets to focus on budget, US Fed policy in eventful week: Analysts",REJECTED_ENTITY_MATCHER,False,,NOT_RELEVANT,Generic V2Organizations match without Bajaj Finance in headline
20240128080000-104,20240128080000,theweek.in,https://www.theweek.in/news/biz-tech/2024/01/28/equity-markets-to-focus-on-budget-us-fed-policy-in-eventful-week-analysts.html,"Equity markets to focus on budget, US Fed policy in eventful week: Analysts",REJECTED_ENTITY_MATCHER,False,,NOT_RELEVANT,Generic V2Organizations match without Bajaj Finance in headline
20240128080000-218,20240128080000,financialexpress.com,https://www.financialexpress.com/market/markets-to-focus-on-budget-us-fed-policy-in-eventful-week-analysts-3376867/,"Markets to focus on budget, US Fed policy in eventful week: Analysts",REJECTED_ENTITY_MATCHER,False,,NOT_RELEVANT,Generic V2Organizations match without Bajaj Finance in headline
20240128081500-23,20240128081500,businesstoday.in,https://www.businesstoday.in/markets/stocks/story/sensex-nifty-this-week-from-interim-budget-to-fed-rate-decision-factors-that-may-drive-dalal-street-415093-2024-01-28,"Sensex, Nifty this week: From Interim Budget to Fed, factors that may drive Dalal Street",REJECTED_ENTITY_MATCHER,False,,NOT_RELEVANT,Generic V2Organizations match without Bajaj Finance in headline
20240128083000-T795,20240128083000,livehindustan.com,https://www.livehindustan.com/business/story-how-will-be-the-stock-market-performance-this-week-will-keep-an-eye-on-the-budget-9254651.html,"How will be the stock market performance this week Will keep an eye on the budget - इस हफ्ते शेयर बाजार में कैसा रहेगा प्रदर्शन? बजट पर रहेगी निगाहें , Business News",REJECTED_ENTITY_MATCHER,False,,NOT_RELEVANT,Generic V2Organizations match without Bajaj Finance in headline
20240128090000-446,20240128090000,yourstory.com,https://her.yourstory.com:443/2024/01/markets-to-focus-on-budget-us-fed-policy-in-eventful-week-analysts,"Markets to focus on budget, US Fed policy in eventful week: Analysts",REJECTED_ENTITY_MATCHER,False,,NOT_RELEVANT,Generic V2Organizations match without Bajaj Finance in headline
20240128093000-T1814,20240128093000,punjabkesari.in,https://www.punjabkesari.in/business/news/the-direction-of-the-stock-market-will-be-decided-by-the-budget-1934195,"बजट, अमेरिकी केंद्रीय बैंक के ब्याज दर पर निर्णय से तय होगी शेयर बाजार की दिशा - the direction of the stock market will be decided by the budget",REJECTED_ENTITY_MATCHER,False,,NOT_RELEVANT,Generic V2Organizations match without Bajaj Finance in headline
20240128104500-609,20240128104500,thestatesman.com,https://www.thestatesman.com/business/interim-budget-to-us-fed-key-developments-for-this-week-1503264078.html,Interim Budget to US Fed: Key developments for this week,REJECTED_ENTITY_MATCHER,False,,NOT_RELEVANT,Generic V2Organizations match without Bajaj Finance in headline
20240128104500-596,20240128104500,yourstory.com,https://social.yourstory.com:443/2024/01/markets-to-focus-on-budget-us-fed-policy-in-eventful-week-analysts,"Markets to focus on budget, US Fed policy in eventful week: Analysts",REJECTED_ENTITY_MATCHER,False,,NOT_RELEVANT,Generic V2Organizations match without Bajaj Finance in headline
20240128121500-558,20240128121500,rediff.com,https://www.rediff.com/business/report/how-will-the-markets-fare-in-the-budget-weeke/20240128.htm,How will the markets fare in the Budget weeke? - Rediff.com Business,REJECTED_ENTITY_MATCHER,False,,NOT_RELEVANT,Generic V2Organizations match without Bajaj Finance in headline
20240128141500-T1593,20240128141500,indiatimes.com,https://navbharattimes.indiatimes.com/business/share-market/share-news/interim-budget-2024-and-us-fed-policy-among-key-market-triggers-this-week/articleshow/107204439.cms,Share Market: बजट वाले हफ्ते में कैसी रहेगी शेयर मार्केट की चाल? जानिए क्या कहते हैं जानकार,REJECTED_ENTITY_MATCHER,False,,NOT_RELEVANT,Generic V2Organizations match without Bajaj Finance in headline
20240128163000-939,20240128163000,seekingalpha.com,https://seekingalpha.com/article/4665647-baron-global-advantage-fund-q4-2023-shareholder-letter,Baron Global Advantage Fund Q4 2023 Shareholder Letter,REJECTED_ENTITY_MATCHER,False,,NOT_RELEVANT,Generic V2Organizations match without Bajaj Finance in headline
20240129020000-T1179,20240129020000,indiatimes.com,https://navbharattimes.indiatimes.com/business/share-market/share-news/share-market-prediction-for-29th-january-2024-watch-gujrat-ambuja-and-bhel/articleshow/107206924.cms,"हफ्ते के पहले दिन ऑयल इंडिया, हीरो मोटोकॉर्प, IOC और बीपीसीएल से रहें दूर, हो सकता है नुकसान",REJECTED_ENTITY_MATCHER,False,,NOT_RELEVANT,Generic V2Organizations match without Bajaj Finance in headline
20240129034500-973,20240129034500,orissapost.com,https://www.orissapost.com/markets-to-focus-on-budget-us-fed-policy-in-eventful-week-analysts/,"Markets to focus on budget, US Fed policy in eventful week: Analysts",REJECTED_ENTITY_MATCHER,False,,NOT_RELEVANT,Generic V2Organizations match without Bajaj Finance in headline
20240129040000-322,20240129040000,livemint.com,https://www.livemint.com/companies/company-results/q3-results-today-adani-green-tata-motors-ntpc-lt-gail-itc-to-bel-over-900-companies-to-post-q3-results-2024-11706491886876.html,"Q3 results today: Adani Green, Tata Motors, NTPC, LT, GAIL, ITC to BEL — over 900 companies to post Q3 results 2024",REJECTED_ENTITY_MATCHER,False,,NOT_RELEVANT,Generic V2Organizations match without Bajaj Finance in headline
20240129043000-478,20240129043000,news18.com,https://www.news18.com/business/stock-market-today-live-india-sensex-nifty-bse-nse-8757907.html,"Stock Market Updates: Sensex Jumps 500 Pts, Nifty Above 21,500 In Early Trade",REJECTED_ENTITY_MATCHER,False,,NOT_RELEVANT,Generic V2Organizations match without Bajaj Finance in headline
20240129071500-484,20240129071500,livemint.com,https://www.livemint.com/market/stock-market-news/sensex-nifty-surge-over-1-from-gains-in-ril-hdfc-bank-to-strong-global-cues-heres-4-key-factors-driving-the-rally-11706510343444.html,"Sensex, Nifty surge over 1%: From gains in RIL, HDFC Bank to strong global cues, here's 4 key factors driving the rally",REJECTED_ENTITY_MATCHER,False,,NOT_RELEVANT,Generic V2Organizations match without Bajaj Finance in headline
20240129101500-35,20240129101500,moneycontrol.com,https://www.moneycontrol.com/news/business/markets/nifty-sensex-surge-in-budget-week-q3-earnings-fed-meet-to-dictate-trend-12144081.html,"Nifty, Sensex surge in Budget week; Q3 earnings, Fed meet to dictate trend",REJECTED_ENTITY_MATCHER,False,,NOT_RELEVANT,Generic V2Organizations match without Bajaj Finance in headline
20240129123000-T1325,20240129123000,divyahimachal.com,https://www.divyahimachal.com/2024/01/stormy-rise-in-stock-market-due-to-rise-of-reliance/,रिलायंस के चढ़ने से शेयर बाजार में तूफानी तेजी,REJECTED_ENTITY_MATCHER,False,,NOT_RELEVANT,Generic V2Organizations match without Bajaj Finance in headline
20240129124500-1520,20240129124500,webindia123.com,https://news.webindia123.com/news/Articles/Business/20240129/4163227.html,SIP in Mutual Funds: Attaining Optimal Returns through Intelligent Diversification,REJECTED_ENTITY_MATCHER,False,,NOT_RELEVANT,Generic V2Organizations match without Bajaj Finance in headline
20240129130000-710,20240129130000,aninews.in,https://aninews.in/news/business/business/sip-in-mutual-funds-attaining-optimal-returns-through-intelligent-diversification20240129161740/,SIP in Mutual Funds: Attaining Optimal Returns through Intelligent Diversification,REJECTED_ENTITY_MATCHER,False,,NOT_RELEVANT,Generic V2Organizations match without Bajaj Finance in headline
20240129170000-1071,20240129170000,moneycontrol.com,https://www.moneycontrol.com/news/business/markets/trade-setup-for-tuesday-15-things-to-know-before-opening-bell-16-12147141.html,Trade setup for Tuesday: 15 things to know before opening bell,REJECTED_ENTITY_MATCHER,False,,NOT_RELEVANT,Generic V2Organizations match without Bajaj Finance in headline
20240130020000-1038,20240130020000,indiatimes.com,https://economictimes.indiatimes.com/markets/stocks/news/stocks-in-news-itc-lt-ril-vodafone-idea-ntpc-gail/articleshow/107239243.cms,"Stocks in news: Stocks in news: ITC, L&T, RIL, Vodafone Idea, NTPC, GAIL",REJECTED_ENTITY_MATCHER,False,,NOT_RELEVANT,Generic stocks in news list
20240130024500-600,20240130024500,livemint.com,https://www.livemint.com/companies/company-results/q3-results-today-adani-total-gas-larsen-toubro-pvr-inox-titan-and-others-to-declare-earnings-check-full-list-11706576646539.html,"Q3 Results Today: Adani Total Gas, Larsen & Toubro, PVR Inox, Titan, and others to declare earnings. Check full list",REJECTED_ENTITY_MATCHER,False,,NOT_RELEVANT,Generic V2Organizations match without Bajaj Finance in headline
20240130030000-123,20240130030000,marketscreener.com,https://www.marketscreener.com/quote/currency/AUSTRALIAN-DOLLAR-US-DOLL-2373531/news/INDIA-STOCKS-Indian-shares-set-to-open-higher-US-Fed-India-budget-key-45835382/,"INDIA STOCKS-Indian shares set to open higher; US Fed, India budget key",REJECTED_ENTITY_MATCHER,False,,NOT_RELEVANT,Generic V2Organizations match without Bajaj Finance in headline
20240130031500-888,20240130031500,thehindubusinessline.com,https://www.thehindubusinessline.com/markets/share-market-nifty-sensex-live-updates-30-january-2023/article67789893.ece,Stock Market Live Updates: Sensex and Nifty poised to surge ahead of Fed decision and Interim Budget,REJECTED_ENTITY_MATCHER,False,,NOT_RELEVANT,Generic V2Organizations match without Bajaj Finance in headline
20240130033000-1340,20240130033000,marketscreener.com,https://www.marketscreener.com/quote/currency/AUSTRALIAN-DOLLAR-US-DOLL-2373531/news/Indian-shares-set-to-open-higher-US-Fed-India-budget-key-45835382/,"Indian shares set to open higher; US Fed, India budget key",REJECTED_ENTITY_MATCHER,False,,NOT_RELEVANT,Generic V2Organizations match without Bajaj Finance in headline
20240130043000-317,20240130043000,businesstoday.in,https://www.businesstoday.in/markets/market-commentary/story/gift-nifty-flat-asian-markets-crude-oil-prices-q3-results-dollar-movement-more-415317-2024-01-30,"GIFT Nifty flat: Asian markets, crude oil prices, Q3 results, dollar movement & more",REJECTED_ENTITY_MATCHER,False,,NOT_RELEVANT,Generic V2Organizations match without Bajaj Finance in headline
20240130043000-987,20240130043000,businesstoday.in,https://www.businesstoday.in/markets/stocks/story/stocks-to-watch-out-for-today-adani-total-gas-newgen-software-yes-bank-vodafone-idea-and-more-415319-2024-01-30,"Stocks to watch out for today: Adani Total Gas, Newgen Software, YES Bank, Vodafone Idea and more",REJECTED_ENTITY_MATCHER,False,,NOT_RELEVANT,Generic V2Organizations match without Bajaj Finance in headline
20240130043000-1223,20240130043000,businesstoday.in,https://www.businesstoday.in/markets/market-commentary/story/sensex-nifty-open-higher-uti-amc-nhpc-firstsource-solutions-jump-up-to-8-415323-2024-01-30,"Sensex, Nifty open higher; UTI AMC, NHPC, Firstsource Solutions jump up to 8%",REJECTED_ENTITY_MATCHER,False,,NOT_RELEVANT,Generic V2Organizations match without Bajaj Finance in headline
20240130050000-867,20240130050000,indiatimes.com,https://economictimes.indiatimes.com/markets/stocks/news/sensex-slips-100-points-nifty-below-21750-as-bajaj-twins-ril-fall/articleshow/107247862.cms,"sensex today: Sensex slips 100 points, Nifty below 21,750 as Bajaj twins, RIL fall",REJECTED_ENTITY_MATCHER,False,,NOT_RELEVANT,Generic V2Organizations match without Bajaj Finance in headline
20240130053000-873,20240130053000,freepressjournal.in,https://www.freepressjournal.in/business/stock-market-opening-january-30-indices-open-in-green-sensex-at-7200020-nifty-above-21700,"Stock Market Opening January 30: Indices Open in Green; Sensex At 72,000.20 & Nifty Above 21,700",REJECTED_ENTITY_MATCHER,False,,NOT_RELEVANT,Generic V2Organizations match without Bajaj Finance in headline
20240130053000-T1877,20240130053000,lokmat.com,https://www.lokmat.com/business/stock-market/opening-bell-sensex-nifty-starts-bullish-then-falls-energy-global-ireda-shares-high-investors-a-a720/,"Opening Bell: सेन्सेक्स-निफ्टीची तेजीनं सुरुवात, नंतर घसरण; ऊर्जा ग्लोबल, IREDA मध्ये वाढ",REJECTED_ENTITY_MATCHER,False,,NOT_RELEVANT,Generic V2Organizations match without Bajaj Finance in headline
20240130053000-T1882,20240130053000,pudhari.news,https://pudhari.news/features/arthabhan/725234/sensex-nifty-trade-lower/ar,"Stock Market Updates | सेन्सेक्स, निफ्टी सपाट, Bajaj चे 'हे' २ शेअर्स टॉप लूजर्स, कारण काय?",REJECTED_ENTITY_MATCHER,False,,NOT_RELEVANT,Generic V2Organizations match without Bajaj Finance in headline
20240130060000-429,20240130060000,indiatimes.com,https://economictimes.indiatimes.com/markets/stocks/stock-watch/stock-market-update-fertilisers-stocks-down-as-market-falls/articleshow/107250538.cms,Stock Market Sectors: Stock market update: Fertilisers stocks down as market falls,REJECTED_ENTITY_MATCHER,False,,NOT_RELEVANT,Generic V2Organizations match without Bajaj Finance in headline
20240130060000-504,20240130060000,indiatimes.com,https://economictimes.indiatimes.com/markets/stocks/stock-watch/stock-market-update-power-stocks-up-as-market-falls/articleshow/107250386.cms,Stock Market Sectors: Stock market update: Power stocks up as market falls,REJECTED_ENTITY_MATCHER,False,,NOT_RELEVANT,Generic V2Organizations match without Bajaj Finance in headline
20240130060000-525,20240130060000,indiatimes.com,https://economictimes.indiatimes.com/markets/stocks/stock-watch/stock-market-update-sugar-stocks-up-as-market-falls/articleshow/107249830.cms,Stock Market Sectors: Stock market update: Sugar stocks up as market falls,REJECTED_ENTITY_MATCHER,False,,NOT_RELEVANT,Generic V2Organizations match without Bajaj Finance in headline
20240130060000-620,20240130060000,rttnews.com,https://www.rttnews.com/story.aspx?Id=3419921,"Sensex, Nifty Marginally Lower In Early Trade",REJECTED_ENTITY_MATCHER,False,,NOT_RELEVANT,Generic V2Organizations match without Bajaj Finance in headline
20240130061500-462,20240130061500,moneycontrol.com,https://www.moneycontrol.com/news/technology/ondc-pilots-finserv-foray-with-personal-loans-attracts-big-players-for-credit-insurance-mf-offerings-12150461.html,"ONDC pilots finserv foray with personal loans; attracts big players for credit, insurance, MF offerings",REJECTED_ENTITY_MATCHER,False,,NOT_RELEVANT,Generic V2Organizations match without Bajaj Finance in headline
20240130061500-1004,20240130061500,news18.com,https://www.news18.com/business/q3-results-today-bse-nse-quarterly-results-today-8759332.html,"Q3 Results Today On January 30: L&T, Piramal Pharma, Adani Total Gas, PB Fintech & Others",REJECTED_ENTITY_MATCHER,False,,NOT_RELEVANT,Generic V2Organizations match without Bajaj Finance in headline
20240130061500-811,20240130061500,news18.com,https://www.news18.com/business/stock-market-updates-sensex-nifty-trade-higher-pre-opening-8759309.html,"Stock Market Updates: Markets Fall In Early Trade, Here's What We Know So Far",REJECTED_ENTITY_MATCHER,False,,NOT_RELEVANT,Generic V2Organizations match without Bajaj Finance in headline
20240130061500-T500,20240130061500,bhaskar.com,https://www.bhaskar.com/business/news/stock-market-bse-sensex-nse-nifty-updates-132517032.html,"Stock Market BSE Sensex NSE Nifty Updates | सेंसेक्स में 200 अंक से ज्यादा की गिरावट: ये 71,700 के स्तर पर कारोबार कर रहा, कोंस्टेलेक इंजीनियर्स का शेयर 200% ऊपर लिस्ट",REJECTED_ENTITY_MATCHER,False,,NOT_RELEVANT,Generic V2Organizations match without Bajaj Finance in headline
20240130063000-716,20240130063000,indiatimes.com,https://economictimes.indiatimes.com/markets/stocks/stock-watch/share-market-update-most-active-stocks-of-the-day-in-terms-of-total-traded-value/articleshow/107251188.cms,active stocks: Share market update: Most active stocks of the day in terms of total traded value,REJECTED_ENTITY_MATCHER,False,,NOT_RELEVANT,Generic V2Organizations match without Bajaj Finance in headline
20240130063000-526,20240130063000,indiatimes.com,https://economictimes.indiatimes.com/markets/stocks/stock-watch/stock-market-update-stocks-that-hit-52-week-highs-on-nse/articleshow/107251052.cms,52 week high stocks: Stock market update: Stocks that hit 52-week highs on NSE,REJECTED_ENTITY_MATCHER,False,,NOT_RELEVANT,Generic V2Organizations match without Bajaj Finance in headline
20240130064500-566,20240130064500,thehindubusinessline.com,https://www.thehindubusinessline.com/markets/nse-slips-004-mixed-trend-as-fiis-reduce-selling/article67791662.ece,"NSE slips 0.04%, mixed trend as FIIs reduce selling - The Hindu BusinessLine",REJECTED_ENTITY_MATCHER,False,,NOT_RELEVANT,Generic V2Organizations match without Bajaj Finance in headline
20240130073000-777,20240130073000,freepressjournal.in,https://www.freepressjournal.in/business/earnings-q3-2024-live-kpit-technologies-net-profit-rises-to-1567-cr-total-income-at-12757-cr,"Earnings Q3 2024 LIVE: KPIT Technologies Net profit Rises To ₹156.7 Cr; Total Income At ₹1,275.7 Cr",REJECTED_ENTITY_MATCHER,False,,NOT_RELEVANT,Generic V2Organizations match without Bajaj Finance in headline
20240130073000-741,20240130073000,moneycontrol.com,https://www.moneycontrol.com/news/business/markets/mid-day-mood-indices-volatile-ahead-of-budget-2024-media-oil-gas-outperform-12151421.html,"Mid-day Mood | Indices volatile ahead of Budget 2024; media, oil & gas outperform",REJECTED_ENTITY_MATCHER,False,,NOT_RELEVANT,Generic V2Organizations match without Bajaj Finance in headline
20240130080000-706,20240130080000,siliconindia.com,https://www.siliconindia.com/news/general/top-stocks-in-focus-adani-total-gas-newgen-software-yes-bank-vodafone-idea-and-more-nid-227614-cid-1.html,"Top Stocks in Focus: Adani Total Gas, Newgen Software, YES Bank, Vodafone Idea and More",REJECTED_ENTITY_MATCHER,False,,NOT_RELEVANT,Generic V2Organizations match without Bajaj Finance in headline
20240130081500-389,20240130081500,bignewsnetwork.com,https://www.bignewsnetwork.com/news/274110486/why-should-large-and-mid-cap-funds-be-a-part-of-your-investment-portfolio,Why should Large and Mid Cap Funds be a Part of your Investment Portfolio?,REJECTED_ENTITY_MATCHER,False,,NOT_RELEVANT,Generic V2Organizations match without Bajaj Finance in headline
20240130083000-777,20240130083000,devdiscourse.com,https://www.devdiscourse.com/article/headlines/2792787-why-should-large-and-mid-cap-funds-be-a-part-of-your-investment-portfolio,Why should Large and Mid Cap Funds be a Part of your Investment Portfolio?,REJECTED_ENTITY_MATCHER,False,,NOT_RELEVANT,Generic V2Organizations match without Bajaj Finance in headline
20240130083000-826,20240130083000,rttnews.com,https://www.rttnews.com/3419921/sensex-nifty-marginally-lower-in-early-trade.aspx,"Sensex, Nifty Marginally Lower In Early Trade",REJECTED_ENTITY_MATCHER,False,,NOT_RELEVANT,Generic V2Organizations match without Bajaj Finance in headline
20240130090000-542,20240130090000,webindia123.com,https://news.webindia123.com/news/Articles/Business/20240130/4163485.html,Why should Large and Mid Cap Funds be a Part of your Investment Portfolio?,REJECTED_ENTITY_MATCHER,False,,NOT_RELEVANT,Generic V2Organizations match without Bajaj Finance in headline
20240130091500-871,20240130091500,srilankasource.com,https://www.srilankasource.com/news/274110486/why-should-large-and-mid-cap-funds-be-a-part-of-your-investment-portfolio,Why should Large and Mid Cap Funds be a Part of your Investment Portfolio?,REJECTED_ENTITY_MATCHER,False,,NOT_RELEVANT,Generic V2Organizations match without Bajaj Finance in headline
20240130101500-1157,20240130101500,aninews.in,https://aninews.in/news/business/business/why-should-large-and-mid-cap-funds-be-a-part-of-your-investment-portfolio20240130130426/,Why should Large and Mid Cap Funds be a Part of your Investment Portfolio?,REJECTED_ENTITY_MATCHER,False,,NOT_RELEVANT,Generic V2Organizations match without Bajaj Finance in headline
20240130103000-300,20240130103000,prokerala.com,https://www.prokerala.com/news/articles/a1501699.html,Sensex falls over 600 points on selling in heavyweights,REJECTED_ENTITY_MATCHER,False,,NOT_RELEVANT,Generic V2Organizations match without Bajaj Finance in headline
20240130104500-1107,20240130104500,freepressjournal.in,https://www.freepressjournal.in/business/stock-market-closing-on-january-30-sensex-at-7113990-nifty-below-21600-indices-end-day-in-red,"Stock Market Closing On January 30: Sensex At 71,139.90, Nifty Below 21,600; Indices End Day In Red",REJECTED_ENTITY_MATCHER,False,,NOT_RELEVANT,Generic V2Organizations match without Bajaj Finance in headline
20240130110000-336,20240130110000,orissapost.com,https://www.orissapost.com/sensex-falls-over-1-reliance-drags/,Sensex falls over 1%; Reliance drags,REJECTED_ENTITY_MATCHER,False,,NOT_RELEVANT,Generic V2Organizations match without Bajaj Finance in headline
20240130110000-1162,20240130110000,moneycontrol.com,https://www.moneycontrol.com/news/business/markets/taking-stock-market-back-in-the-red-sensex-plunges-802-points-nifty-below-21550-12154471.html,"Taking Stock: Market back in the red; Sensex plunges 802 points, Nifty below 21,550",REJECTED_ENTITY_MATCHER,False,,NOT_RELEVANT,Generic V2Organizations match without Bajaj Finance in headline
20240130111500-1094,20240130111500,thehindu.com,https://www.thehindu.com/business/markets/sensex-falls-over-1-reliance-drags/article67792404.ece,Sensex falls over 1%; Reliance drags,REJECTED_ENTITY_MATCHER,False,,NOT_RELEVANT,Generic V2Organizations match without Bajaj Finance in headline
20240130113000-1312,20240130113000,thehindubusinessline.com,https://www.thehindubusinessline.com/markets/sensex-falls-over-1-nifty-closes-at-21522-reliance-drags/article67792459.ece,"Sensex falls over 1%, Nifty closes at 21,522; Reliance drags",REJECTED_ENTITY_MATCHER,False,,NOT_RELEVANT,Generic V2Organizations match without Bajaj Finance in headline
20240130113000-370,20240130113000,india.com,https://zeenews.india.com/markets/sensex-falls-over-600-points-on-selling-in-heavyweights-2715732.html,Sensex Falls Over 600 Points On Selling In Heavyweights,REJECTED_ENTITY_MATCHER,False,,NOT_RELEVANT,Generic V2Organizations match without Bajaj Finance in headline
20240130113000-1531,20240130113000,indiatimes.com,https://timesofindia.indiatimes.com/business/markets/sensex/sensex-plummets-by-80167-points-nifty-takes-a-nosedive-by-21550-points-news-article/articleshow/107260791.cms,"Sensex plummets by 801.67 Points, Nifty takes a nosedive by 215.50 Points - News Article | Business",REJECTED_ENTITY_MATCHER,False,,NOT_RELEVANT,Generic V2Organizations match without Bajaj Finance in headline
20240130114500-429,20240130114500,indiatimes.com,https://economictimes.indiatimes.com/markets/stocks/stock-watch/share-market-update-most-active-stocks-in-todays-market-in-terms-of-volume/articleshow/107263243.cms,share market: Share market update: Most active stocks in today's market in terms of volume,REJECTED_ENTITY_MATCHER,False,,NOT_RELEVANT,Generic V2Organizations match without Bajaj Finance in headline
20240130114500-1153,20240130114500,indiatimes.com,https://economictimes.indiatimes.com/markets/stocks/stock-watch/stock-market-update-stocks-that-hit-52-week-highs-on-nse-in-todays-trade/articleshow/107262348.cms,52 week high stocks: Stock market update: Stocks that hit 52-week highs on NSE in today's trade,REJECTED_ENTITY_MATCHER,False,,NOT_RELEVANT,Generic V2Organizations match without Bajaj Finance in headline
20240130114500-814,20240130114500,indiatimes.com,https://economictimes.indiatimes.com/markets/stocks/stock-watch/stock-market-update-stocks-that-hit-52-week-lows-on-nse-in-todays-trade/articleshow/107263068.cms,52 week high stocks: Stock market update: Stocks that hit 52-week lows on NSE in today's trade,REJECTED_ENTITY_MATCHER,False,,NOT_RELEVANT,Generic V2Organizations match without Bajaj Finance in headline
20240130120000-1374,20240130120000,businesstoday.in,https://www.businesstoday.in/markets/market-commentary/story/bear-attack-at-d-st-sensex-nosedives-1000-pts-from-days-high-key-factors-spooking-the-markets-415405-2024-01-30,Bear attack at D-st: Sensex nosedives 1000 pts from day's high; key factors spooking the markets,REJECTED_ENTITY_MATCHER,False,,NOT_RELEVANT,Generic V2Organizations match without Bajaj Finance in headline
20240130120000-752,20240130120000,menafn.com,https://menafn.com/1107785449/Sensex-Falls-Over-600-Points-On-Selling-In-Heavyweights,Sensex Falls Over 600 Points On Selling In Heavyweights,REJECTED_ENTITY_MATCHER,False,,NOT_RELEVANT,Generic V2Organizations match without Bajaj Finance in headline
20240130120000-1020,20240130120000,rediff.com,https://www.rediff.com/business/report/sensex-falls-802-points-reliance-drags/20240130.htm,Sensex falls 802 points; Reliance drags,REJECTED_ENTITY_MATCHER,False,,NOT_RELEVANT,Generic V2Organizations match without Bajaj Finance in headline
20240130120000-520,20240130120000,indiatimes.com,https://economictimes.indiatimes.com/markets/stocks/stock-watch/share-market-update-most-active-stocks-of-the-day-in-terms-of-traded-value/articleshow/107263776.cms,active stocks: Share market update: Most active stocks of the day in terms of traded value,REJECTED_ENTITY_MATCHER,False,,NOT_RELEVANT,Generic V2Organizations match without Bajaj Finance in headline
20240130120000-T2879,20240130120000,loksatta.com,https://www.loksatta.com/business/market/markets-closed-with-heavy-losses-sensex-fell-by-800-points-nifty-by-215-points-vrd-88-4185121/,"मोठ्या घसरणीसह बाजार बंद, सेन्सेक्स ८०० अंकांनी, तर निफ्टी २१५ अंकांनी घसरला| Markets closed with heavy losses Sensex fell by 800 points Nifty by 215 points",REJECTED_ENTITY_MATCHER,False,,NOT_RELEVANT,Generic V2Organizations match without Bajaj Finance in headline
20240130121500-1333,20240130121500,hindustantimes.com,https://www.hindustantimes.com/business/top-gainers-and-losers-in-stock-market-on-january-30-tata-motors-among-most-active-stocks-full-list-here-101706614384186.html,Top gainers and losers in stock market on January 30: Full list here,REJECTED_ENTITY_MATCHER,False,,NOT_RELEVANT,Generic V2Organizations match without Bajaj Finance in headline
20240130123000-1514,20240130123000,rttnews.com,https://www.rttnews.com/3420089/sensex-plunges-over-800-points-nifty-nears-21500.aspx,"Sensex Plunges Over 800 Points; Nifty Nears 21,500",REJECTED_ENTITY_MATCHER,False,,NOT_RELEVANT,Generic V2Organizations match without Bajaj Finance in headline
20240130123000-T2348,20240130123000,indiatimes.com,https://navbharattimes.indiatimes.com/business/share-market/share-news/sensex-plummets-by-801-67-points-nifty-takes-a-nosedive-by-215-50-points/articleshow/107263741.cms,"Sensex plummets by 801.67 points, Nifty takes a nosedive by 215.50 points: एक दिन दौड़कर क्‍यों औंधे मुंह गिरा बाजार? सेंसेक्‍स 802 अंक लुढ़का तो निफ्टी 216 अंक नीचे, जानिए वजह",REJECTED_ENTITY_MATCHER,False,,NOT_RELEVANT,Generic V2Organizations match without Bajaj Finance in headline
20240130131500-920,20240130131500,theweek.in,https://www.theweek.in/wire-updates/business/2024/01/30/del74-biz-ld-stocks.html,Sensex declines over 1 pc on heavy selling in Reliance others,REJECTED_ENTITY_MATCHER,False,,NOT_RELEVANT,Generic V2Organizations match without Bajaj Finance in headline
20240130134500-1321,20240130134500,livemint.com,https://www.livemint.com/companies/company-results/bajaj-holdings-q3-results-net-profit-rises-28-to-1-644-crore-11706616333333.html,"Bajaj Holdings Q3 results: Net profit rises 28% to ₹1,644 crore",REJECTED_ENTITY_MATCHER,False,,NOT_RELEVANT,Other Bajaj Group standalone company
20240130140000-T1258,20240130140000,pudhari.news,https://pudhari.news/features/arthabhan/725517/sensex-closed-801-points-lower/ar,"Stock Market Closing Bell | बजेटपूर्वी सेन्सेक्स ८०० अंकांनी घसरला, निफ्टी २१,५५० च्या खाली, नेमकं काय घडलं?",REJECTED_ENTITY_MATCHER,False,,NOT_RELEVANT,Generic V2Organizations match without Bajaj Finance in headline
20240130140000-T807,20240130140000,punjabkesari.in,https://www.punjabkesari.in/business/news/panic-in-the-stock-market-before-the-budget-bse-closed-down-800-points-1935020,"रिलायंस इंडस्ट्रीज, आईटीसी में बिकवाली से सेंसेक्स 801 अंक लुढ़का - panic in the stock market before the budget bse closed down 800 points",REJECTED_ENTITY_MATCHER,False,,NOT_RELEVANT,Generic V2Organizations match without Bajaj Finance in headline
20240130141500-1560,20240130141500,moneylife.in,https://www.moneylife.in/article/nifty-sensex-fail-to-follow-up-tuesday-closing-report/73256.html,"Nifty, Sensex Fail to Follow up - Tuesday Closing Report",REJECTED_ENTITY_MATCHER,False,,NOT_RELEVANT,Generic V2Organizations match without Bajaj Finance in headline
20240130143000-556,20240130143000,latestly.com,https://www.latestly.com/agency-news/india-news-sensex-declines-over-1-pc-on-heavy-selling-in-reliance-others-5727415.html,"India News | Sensex Declines over 1 Pc on Heavy Selling in Reliance, Others",REJECTED_ENTITY_MATCHER,False,,NOT_RELEVANT,Generic V2Organizations match without Bajaj Finance in headline
20240130143000-1881,20240130143000,indiablooms.com,https://www.indiablooms.com/finance-details/19855/sensex-slumps-801-points-on-weak-global-cues.html,Sensex slumps 801 points on weak global cues | Indiablooms - First Portal on Digital News Management,REJECTED_ENTITY_MATCHER,False,,NOT_RELEVANT,Generic V2Organizations match without Bajaj Finance in headline
20240130143000-193,20240130143000,biztoc.com,https://biztoc.com/x/6fe7d5adccc6c6cf,"Indian Stocks Retreats as Investors Weigh Earnings, Budget",REJECTED_ENTITY_MATCHER,False,,NOT_RELEVANT,Generic V2Organizations match without Bajaj Finance in headline
20240130144500-1655,20240130144500,indiatimes.com,https://economictimes.indiatimes.com/tech/technology/fintech-players-in-various-stages-of-onboarding-ondcs-koshy/articleshow/107267472.cms,fintech players ondc onboarding: Fintech players in various stages of onboarding: ONDC's Koshy,REJECTED_ENTITY_MATCHER,False,,NOT_RELEVANT,Generic V2Organizations match without Bajaj Finance in headline
20240130144500-T885,20240130144500,tarunmitra.in,https://www.tarunmitra.in/article/18657/stock-market-fell-due-to-fall-in-heavyweight-shares-sensex-nifty,"हेवीवेट शेयरों में गिरावट से लुढ़का शेयर बाजार, सेंसेक्स-निफ्टी में 1 प्रतिशत तक की कमजोरी",REJECTED_ENTITY_MATCHER,False,,NOT_RELEVANT,Generic V2Organizations match without Bajaj Finance in headline
20240130151500-1384,20240130151500,rttnews.com,https://www.rttnews.com/story.aspx?Id=3420089,"Sensex Plunges Over 800 Points; Nifty Nears 21,500",REJECTED_ENTITY_MATCHER,False,,NOT_RELEVANT,Generic V2Organizations match without Bajaj Finance in headline
20240130154500-2046,20240130154500,businessworld.in,https://www.businessworld.in/article/Market-Fluctuates-Ahead-Of-Interim-Budget-Fed-Meet-Q3-Earnings/30-01-2024-508193/,Market Fluctuates Ahead Of Interim Budget Fed Meet Q3 Earnings - BW Businessworld,REJECTED_ENTITY_MATCHER,False,,NOT_RELEVANT,Generic V2Organizations match without Bajaj Finance in headline
20240130160000-903,20240130160000,thehindubusinessline.com,https://www.thehindubusinessline.com/markets/topsy-turvy-sensex-dips-800-points-on-consistent-profit-booking/article67793180.ece,Topsy-turvy Sensex dips 800 points on consistent profit-booking,REJECTED_ENTITY_MATCHER,False,,NOT_RELEVANT,Generic V2Organizations match without Bajaj Finance in headline
20240130163000-1900,20240130163000,rediff.com,https://www.rediff.com/business/report/whats-in-store-for-mutual-fund-investors-in-2024/20240130.htm,What's in store for mutual fund investors in 2024?,REJECTED_ENTITY_MATCHER,False,,NOT_RELEVANT,Generic V2Organizations match without Bajaj Finance in headline
20240130163000-T2474,20240130163000,moneycontrol.com,https://hindi.moneycontrol.com/news/markets/strong-action-was-seen-in-two-stocks-in-the-dealing-rooms-buying-in-manappuram-finance-and-selling-in-bpcl-1749741.html,"डीलिंग रूम्स में दो स्टॉक्स में दिखा जोरदार एक्शन, एक में हुई खरीदारी और दूसरे में बिकवाली",REJECTED_ENTITY_MATCHER,False,,NOT_RELEVANT,Generic V2Organizations match without Bajaj Finance in headline
20240130163000-T2485,20240130163000,palpalindia.com,https://www.palpalindia.com/2024/01/30/karobar-Share-Market-Stock-Market-Sensex-Nifty-Shares-of-Constelc-Engineers-news-in-hindi.html,"स्टाक मार्केट: सेंसेक्स 801 अंक लुढ़का, निफ्टी भी 215 अंक टूटा, कोंस्टेलेक इंजीनियर्स के शेयर में 215% तेजी रही news in hindi",REJECTED_ENTITY_MATCHER,False,,NOT_RELEVANT,Generic V2Organizations match without Bajaj Finance in headline
20240130171500-1858,20240130171500,moneycontrol.com,https://www.moneycontrol.com/news/business/markets/trade-setup-for-wednesday-15-things-to-know-before-opening-bell-18-12156881.html,Trade setup for Wednesday: 15 things to know before opening bell,REJECTED_ENTITY_MATCHER,False,,NOT_RELEVANT,Generic V2Organizations match without Bajaj Finance in headline
20240130180000-881,20240130180000,india.com,https://www.india.com/business/salasar-exteriors-shares-to-be-in-focus-as-company-fully-repays-loan-check-key-details-here-6693092/,Salasar Exteriors Shares To Be In Focus As Company Fully Repays Loan,REJECTED_ENTITY_MATCHER,False,,NOT_RELEVANT,Generic V2Organizations match without Bajaj Finance in headline
20240131031500-T1374,20240131031500,indiatimes.com,https://navbharattimes.indiatimes.com/business/share-market/share-news/stock-market-prediction-today-signs-of-bullish-trend-in-these-stocks/articleshow/107270102.cms,"stock market prediction today signs of bullish trend in these stocks: आज ऑयल इंडिया, जेके सीमेंट सहित इन शेयरों में रहेगा एक्शन, न चूकें मौका",REJECTED_ENTITY_MATCHER,False,,NOT_RELEVANT,Generic V2Organizations match without Bajaj Finance in headline
20240131033000-24,20240131033000,financialexpress.com,https://www.financialexpress.com/market/stocks-to-watch-vodafone-itc-lampt-muthoot-microfin-zeel-bpcl-3379340/,"Stocks To Watch: Vodafone, ITC, L&T, Muthoot Microfin, ZEEL, BPCL - Market News",REJECTED_ENTITY_MATCHER,False,,NOT_RELEVANT,Generic V2Organizations match without Bajaj Finance in headline
20240131040000-817,20240131040000,thehindubusinessline.com,https://www.thehindubusinessline.com/markets/share-market-nifty-sensex-live-updates-31-january-2023/article67793554.ece,Stock Market Live Updates: Sensex and Nifty likely to remain subdued on continued selling by foreign investors,REJECTED_ENTITY_MATCHER,False,,NOT_RELEVANT,Generic V2Organizations match without Bajaj Finance in headline
20240131043000-T1487,20240131043000,tarunbharat.com,https://www.tarunbharat.com/after-a-one-day-rally-the-market-is-again-falling/,"After a one-day rally, the market is again falling",REJECTED_ENTITY_MATCHER,False,,NOT_RELEVANT,Generic V2Organizations match without Bajaj Finance in headline
20240131050000-988,20240131050000,indiatimes.com,https://economictimes.indiatimes.com/markets/stocks/earnings/q3-results-today-maruti-sun-pharma-dabur-among-113-companies-to-announce-earnings/articleshow/107277844.cms,"Q3 results today: Maruti, Sun Pharma, Dabur among 113 companies to announce earnings",REJECTED_ENTITY_MATCHER,False,,NOT_RELEVANT,Generic V2Organizations match without Bajaj Finance in headline
20240131051500-759,20240131051500,bestmediainfo.com,https://bestmediainfo.com/2024/01/ad-insights-best-mediums-to-consider-this-union-budget-day,Ad insights: Best mediums to consider this Union Budget Day: Best Media Info,REJECTED_ENTITY_MATCHER,False,,NOT_RELEVANT,Generic V2Organizations match without Bajaj Finance in headline
20240131051500-T1118,20240131051500,sharemanthan.in,https://www.sharemanthan.in/technical-tips/intraday-tips/73930-icici-direct-momentum-picks-20240131,"निफ्टी, टाटा कंसल्‍टेंसी सर्विसेज, बाल्‍मर लॉरी ऐंड कंपनी और ऑयल इंडिया खरीदें, बजाज फाइनेंस बेचें : आईसीआईसीआई डायरेक्ट",REJECTED_ENTITY_MATCHER,False,,NOT_RELEVANT,Generic V2Organizations match without Bajaj Finance in headline
20240131054500-699,20240131054500,telegraphindia.com,https://www.telegraphindia.com/feeds/business/benchmark-equity-indices-decline-as-investors-sell-stocks-ahead-of-interim-budget/cid/1997310,Indian stock markets | Benchmark equity indices decline as investors sell stocks ahead of interim budget,REJECTED_ENTITY_MATCHER,False,,NOT_RELEVANT,Generic V2Organizations match without Bajaj Finance in headline
20240131054500-974,20240131054500,theweek.in,https://www.theweek.in/news/biz-tech/2024/01/31/equity-markets-bounce-back-after-weak-beginning-ahead-of-interim-budget-2024.html,Equity markets bounce back after weak beginning ahead of Interim Budget 2024,REJECTED_ENTITY_MATCHER,False,,NOT_RELEVANT,Generic V2Organizations match without Bajaj Finance in headline
20240131061500-1230,20240131061500,latestly.com,https://www.latestly.com/agency-news/india-news-markets-bounce-back-after-weak-beginning-5728402.html,India News | Markets Bounce Back After Weak Beginning,REJECTED_ENTITY_MATCHER,False,,NOT_RELEVANT,Generic V2Organizations match without Bajaj Finance in headline
20240131061500-214,20240131061500,trak.in,https://trak.in/stories/adani-green-energy-earned-rs-2-8-crore-day-in-last-90-days-net-profits-increase-by-148-to-rs-256-crore-for-q3-2023-2024/,Adani Green Energy Earned Rs 2.8 Crore/Day In Last 90 Days: Net Profits Increase By 148% To Rs 256 Crore For Q3 2023-2024 - Trak.in,REJECTED_ENTITY_MATCHER,False,,NOT_RELEVANT,Generic V2Organizations match without Bajaj Finance in headline
20240131064500-808,20240131064500,telegraphindia.com,https://www.telegraphindia.com/business/benchmark-equity-indices-decline-as-investors-sell-stocks-ahead-of-interim-budget/cid/1997310,Indian stock markets | Benchmark equity indices decline as investors sell stocks ahead of interim budget,REJECTED_ENTITY_MATCHER,False,,NOT_RELEVANT,Generic V2Organizations match without Bajaj Finance in headline
20240131064500-761,20240131064500,thehindu.com,https://www.thehindu.com/business/markets/markets-bounce-back-after-weak-beginning/article67795546.ece,Markets bounce back after weak beginning,REJECTED_ENTITY_MATCHER,False,,NOT_RELEVANT,Generic V2Organizations match without Bajaj Finance in headline
20240131074500-T1474,20240131074500,bhaskar.com,https://www.bhaskar.com/business/news/ondc-financial-services-plan-details-update-132521911.html,"ONDC Financial Services Plan Details Update | Open Network for Digital Commerce | ONDC पर अब लोन, बीमा और निवेश भी: फूड और ग्रॉसरी के बाद फाइनेंशियल प्रोडक्ट्स लॉन्च कर रहा सरकार का डिजिटल प्लेटफॉर्म",REJECTED_ENTITY_MATCHER,False,,NOT_RELEVANT,Generic V2Organizations match without Bajaj Finance in headline
20240131080000-242,20240131080000,indiatimes.com,https://economictimes.indiatimes.com/wealth/invest/interest-rate-up-to-8-25-check-how-much-interest-rate-you-can-earn-on-3-year-corporate-fds/articleshow/107285429.cms,Interest rate up to 8.25%: Check how much interest rate you can earn on 3-year corporate FDs,REJECTED_ENTITY_MATCHER,False,,NOT_RELEVANT,Generic V2Organizations match without Bajaj Finance in headline
20240131081500-T623,20240131081500,tarunmitra.in,https://www.tarunmitra.in/article/18789/stock-market-regains-momentum-after-weak-start-sensex-rises-407,"कमजोर शुरुआत के बाद संभला शेयर बाजार, सेंसेक्स 407 अंक उछला",REJECTED_ENTITY_MATCHER,False,,NOT_RELEVANT,Generic V2Organizations match without Bajaj Finance in headline
20240131081500-T633,20240131081500,tarunmitra.in,https://www.tarunmitra.in/article/18798/stock-market-regains-momentum-after-weak-start-sensex-rises-407,"कमजोर शुरुआत के बाद संभला शेयर बाजार, सेंसेक्स 407 अंक उछला",REJECTED_ENTITY_MATCHER,False,,NOT_RELEVANT,Generic V2Organizations match without Bajaj Finance in headline
20240131083000-T2121,20240131083000,samaylive.com,http://www.samaylive.com/business-news-in-hindi/503808/domestic-markets-bounce-back-after-a-sluggish-start.html,"Stock Market Update: घरेलू बाजारों ने मंद शुरुआत के बाद की वापसी, जानें सेंसेक्स-Nifty का हाल",REJECTED_ENTITY_MATCHER,False,,NOT_RELEVANT,Generic V2Organizations match without Bajaj Finance in headline
20240131083000-784,20240131083000,aninews.in,https://aninews.in/news/business/business/understanding-the-role-of-large-and-mid-cap-funds-in-a-diversified-portfolio20240131133917/,Understanding the Role of Large and Mid Cap Funds in a Diversified Portfolio,REJECTED_ENTITY_MATCHER,False,,NOT_RELEVANT,Generic V2Organizations match without Bajaj Finance in headline
20240131084500-431,20240131084500,dailypioneer.com,https://www.dailypioneer.com/2024/business/markets-bounce-back-after-weak-beginning.html,Markets bounce back after weak beginning,REJECTED_ENTITY_MATCHER,False,,NOT_RELEVANT,Generic V2Organizations match without Bajaj Finance in headline
20240131090000-1113,20240131090000,telegraphindia.com,https://www.telegraphindia.com/feeds/business/sensex-declines-243-points-to-70896-in-early-trade-nifty-skids-73-points-to-21448/cid/1997345,"Stock market | Sensex declines 243 points to 70,896 in early trade; Nifty skids 73 points to 21,448",REJECTED_ENTITY_MATCHER,False,,NOT_RELEVANT,Generic V2Organizations match without Bajaj Finance in headline
20240131091500-794,20240131091500,freepressjournal.in,https://www.freepressjournal.in/business/key-factors-to-keep-in-mind-while-applying-for-a-used-car-loan,Key factors to keep in mind while applying for a used car loan,REJECTED_ENTITY_MATCHER,False,,NOT_RELEVANT,Generic V2Organizations match without Bajaj Finance in headline
20240131094500-446,20240131094500,webindia123.com,https://news.webindia123.com/news/Articles/Business/20240131/4163873.html,How to Save on Taxes with Bajaj Markets' Investment Options,REJECTED_ENTITY_MATCHER,False,,NOT_RELEVANT,Generic V2Organizations match without Bajaj Finance in headline
20240131094500-1569,20240131094500,webindia123.com,https://news.webindia123.com/news/Articles/Business/20240131/4163882.html,Understanding the Role of Large and Mid Cap Funds in a Diversified Portfolio,REJECTED_ENTITY_MATCHER,False,,NOT_RELEVANT,Generic V2Organizations match without Bajaj Finance in headline
20240131094500-1284,20240131094500,latestly.com,https://www.latestly.com/agency-news/business-news-understanding-the-role-of-large-and-mid-cap-funds-in-a-diversified-portfolio-5728902.html,Business News | Understanding the Role of Large and Mid Cap Funds in a Diversified Portfolio,REJECTED_ENTITY_MATCHER,False,,NOT_RELEVANT,Generic V2Organizations match without Bajaj Finance in headline
20240131100000-388,20240131100000,telegraphindia.com,https://www.telegraphindia.com/business/sensex-declines-243-points-to-70896-in-early-trade-nifty-skids-73-points-to-21448/cid/1997345,"Stock market | Sensex declines 243 points to 70,896 in early trade; Nifty skids 73 points to 21,448",REJECTED_ENTITY_MATCHER,False,,NOT_RELEVANT,Generic V2Organizations match without Bajaj Finance in headline
20240131101500-928,20240131101500,aninews.in,https://aninews.in/news/business/business/how-to-save-on-taxes-with-bajaj-markets-investment-options20240131140747/,How to Save on Taxes with Bajaj Markets' Investment Options,REJECTED_ENTITY_MATCHER,False,,NOT_RELEVANT,Generic V2Organizations match without Bajaj Finance in headline
20240131104500-T305,20240131104500,pudhari.news,https://pudhari.news/features/arthabhan/726186/stock-market-closing-bell-sensex-closed-612-points-higher/ar,Stock Market Closing Bell | बजेटपूर्वी बाजारात उत्साह! सेन्सेक्स ६१२ अंकांनी वाढून बंद,REJECTED_ENTITY_MATCHER,False,,NOT_RELEVANT,Generic V2Organizations match without Bajaj Finance in headline
20240131110000-870,20240131110000,indiatimes.com,https://economictimes.indiatimes.com/markets/stocks/stock-watch/stock-market-update-sugar-stocks-up-as-market-rises/articleshow/107292113.cms,Stock Market Sectors: Stock market update: Sugar stocks up as market rises,REJECTED_ENTITY_MATCHER,False,,NOT_RELEVANT,Generic V2Organizations match without Bajaj Finance in headline
20240131110000-434,20240131110000,indiatimes.com,https://economictimes.indiatimes.com/markets/stocks/stock-watch/stock-market-update-power-stocks-up-as-market-rises/articleshow/107291962.cms,Stock Market Sectors: Stock market update: Power stocks up as market rises,REJECTED_ENTITY_MATCHER,False,,NOT_RELEVANT,Generic V2Organizations match without Bajaj Finance in headline
20240131111500-829,20240131111500,orissapost.com,https://www.orissapost.com/markets-rebound-to-settle-nearly-1-higher-ahead-of-budget-us-fed-interest-rate-decision/,"Markets rebound to settle nearly 1% higher ahead of Budget, US Fed interest rate decision",REJECTED_ENTITY_MATCHER,False,,NOT_RELEVANT,Generic V2Organizations match without Bajaj Finance in headline
20240131120000-78,20240131120000,indiatimes.com,https://economictimes.indiatimes.com/markets/stocks/stock-watch/stock-market-update-mining-stocks-down-as-market-rises/articleshow/107294504.cms,Stock Market Sectors: Stock market update: Mining stocks down as market rises,REJECTED_ENTITY_MATCHER,False,,NOT_RELEVANT,Generic V2Organizations match without Bajaj Finance in headline
20240131120000-T1463,20240131120000,jagran.com,https://www.jagran.com/markets/stock-update-share-market-closed-on-a-positive-note-31-january-2024-23642361.html,"Share Market Close: बजट से पहले हरे निशान पर पहुंचा शेयर बाजार, सेंसेक्स 600 अंक से ज्यादा चढ़ा - Share Market closed on a positive note 31 January 2024 know more details",REJECTED_ENTITY_MATCHER,False,,NOT_RELEVANT,Generic V2Organizations match without Bajaj Finance in headline
20240131121500-62,20240131121500,tribuneindia.com,https://www.tribuneindia.com/news/business/markets-rebound-to-settle-nearly-1-per-cent-higher-ahead-of-budget-us-fed-interest-rate-decision-586040,"Markets rebound to settle nearly 1 per cent higher ahead of Budget, US Fed interest rate decision",REJECTED_ENTITY_MATCHER,False,,NOT_RELEVANT,Generic V2Organizations match without Bajaj Finance in headline
20240131121500-441,20240131121500,thehindu.com,https://www.thehindu.com/business/markets/markets-rebound-to-settle-nearly-1-higher-ahead-of-budget-us-fed-interest-rate-decision/article67796383.ece,"Markets rebound to settle nearly 1% higher ahead of Budget, U.S. Fed interest rate decision",REJECTED_ENTITY_MATCHER,False,,NOT_RELEVANT,Generic V2Organizations match without Bajaj Finance in headline
20240131123000-709,20240131123000,theweek.in,https://www.theweek.in/news/biz-tech/2024/01/31/markets-rebound-to-settle-nearly-1-per-cent-higher-ahead-of-budget-us-fed-interest-rate-decision.html,"Markets rebound to settle nearly 1 per cent higher ahead of Budget, US Fed interest rate decision",REJECTED_ENTITY_MATCHER,False,,NOT_RELEVANT,Generic V2Organizations match without Bajaj Finance in headline
20240131124500-T300,20240131124500,indiatimes.com,https://navbharattimes.indiatimes.com/business/share-market/share-news/stock-market-sensex-gains-612-points-nifty-at-21700-ahead-of-budget/articleshow/107293627.cms,"Why Share Market Up Today,बजट से पहले शेयर बाजार में तूफानी उछाल, इन वजहों से मार्केट में आई तेजी, पूरी डिटेल - stock market sensex gains 612 points nifty at 21700 ahead of budget",REJECTED_ENTITY_MATCHER,False,,NOT_RELEVANT,Generic V2Organizations match without Bajaj Finance in headline
20240131131500-T2521,20240131131500,moneycontrol.com,https://hindi.moneycontrol.com/news/business/budget/stock-market-closing-bell-sensex-nifty-rocketed-investors-gains-over-4-lakh-crore-1751601.html,"Budget से पहले झमाझम बरसा पैसा, Sensex-Nifty की धांसू तेजी में निवेशकों ने कमाए ₹4.58 लाख करोड़",REJECTED_ENTITY_MATCHER,False,,NOT_RELEVANT,Generic V2Organizations match without Bajaj Finance in headline
20240131134500-404,20240131134500,telegraphindia.com,https://www.telegraphindia.com/feeds/business/markets-rebound-to-settle-nearly-1-per-cent-higher-ahead-of-budget-us-fed-interest-rate-decision/cid/1997414,"Stock market | Markets rebound to settle nearly 1 per cent higher ahead of Budget, US Fed interest rate decision",REJECTED_ENTITY_MATCHER,False,,NOT_RELEVANT,Generic V2Organizations match without Bajaj Finance in headline
20240131141500-96,20240131141500,theweek.in,https://www.theweek.in/wire-updates/business/2024/01/31/del78-biz-stocks-wealth.html,Investors' wealth jumps Rs 4.58 lakh cr as markets rebound,REJECTED_ENTITY_MATCHER,False,,NOT_RELEVANT,Generic V2Organizations match without Bajaj Finance in headline
20240131141500-124,20240131141500,indiantelevision.com,https://indiantelevision.com/television/tv-channels/news-broadcasting/get-ready-for-the-budget-ballot:-vote-for-growth%E2%80%9D-with-cnbc-tv18-240131,"Get ready for the Budget Ballot: Vote for Growth"" with CNBC-TV18 | 1 Indian Television Dot Com",REJECTED_ENTITY_MATCHER,False,,NOT_RELEVANT,Generic V2Organizations match without Bajaj Finance in headline
20240131141500-1626,20240131141500,latestly.com,https://www.latestly.com/agency-news/business-news-how-to-save-on-taxes-with-bajaj-markets-investment-options-5728936.html,Business News | How to Save on Taxes with Bajaj Markets' Investment Options,REJECTED_ENTITY_MATCHER,False,,NOT_RELEVANT,Generic V2Organizations match without Bajaj Finance in headline
20240131143000-956,20240131143000,indiablooms.com,https://www.indiablooms.com/finance-details/19865/sensex-jumps-612-21-pts.html,Sensex jumps 612.21 pts | Indiablooms - First Portal on Digital News Management,REJECTED_ENTITY_MATCHER,False,,NOT_RELEVANT,Generic V2Organizations match without Bajaj Finance in headline
20240131150000-701,20240131150000,telegraphindia.com,https://www.telegraphindia.com/business/markets-rebound-to-settle-nearly-1-per-cent-higher-ahead-of-budget-us-fed-interest-rate-decision/cid/1997414,"Stock market | Markets rebound to settle nearly 1 per cent higher ahead of Budget, US Fed interest rate decision",REJECTED_ENTITY_MATCHER,False,,NOT_RELEVANT,Generic V2Organizations match without Bajaj Finance in headline
20240131151500-T2353,20240131151500,livehindustan.com,https://www.livehindustan.com/business/story-share-market-to-us-fed-decision-impact-on-stock-market-sensex-nifty-detail-here-9267698.html,"share market to us fed decision impact on stock market sensex nifty detail here - Business News India - बजट से US फेड तक... शेयर बाजार के लिए बड़ा है 1 फरवरी का दिन, Business News",REJECTED_ENTITY_MATCHER,False,,NOT_RELEVANT,Generic V2Organizations match without Bajaj Finance in headline
20240131153000-1446,20240131153000,dailypioneer.com,https://www.dailypioneer.com/2024/business/equity-markets-settle-nearly-1-pc-higher-ahead-of-budget--us-fed-interest-rate-decision.html,"Equity markets settle nearly 1 pc higher ahead of Budget, US Fed interest rate decision",REJECTED_ENTITY_MATCHER,False,,NOT_RELEVANT,Generic V2Organizations match without Bajaj Finance in headline
20240131153000-1085,20240131153000,thehindubusinessline.com,https://www.thehindubusinessline.com/markets/sensex-nifty-rebound-to-settle-nearly-1-higher-ahead-of-interim-budget/article67796205.ece,"Budget 2024: Sensex, Nifty rebound to settle nearly 1% higher ahead of interim Budget",REJECTED_ENTITY_MATCHER,False,,NOT_RELEVANT,Generic V2Organizations match without Bajaj Finance in headline
20240131183000-T2783,20240131183000,loksatta.com,https://www.loksatta.com/business/finance/sensex-jumps-612-points-ahead-of-budget-fed-interest-rate-decision-print-eco-news-zws-70-4187364/,"अर्थसंकल्प, 'फेड' व्याजदर निर्णयापूर्वी 'सेन्सेक्स'मध्ये ६१२ अंशांची तेजी | sensex jumps 612 points ahead of budget fed interest rate decision print eco news zws 70",REJECTED_ENTITY_MATCHER,False,,NOT_RELEVANT,Generic V2Organizations match without Bajaj Finance in headline
20240103043000-1191,20240103043000,indiatimes.com,https://timesofindia.indiatimes.com/business/india-business/bajaj-finance-hikes-fd-rates-by-25-basis-points/articleshow/106497682.cms,Bajaj Finance: Bajaj Finance hikes FD rates by 25 basis points,ACCEPTED,True,2024-01-03,DIRECTLY_RELEVANT,Prominent Bajaj Finance parent mention
20240103061500-396,20240103061500,moneycontrol.com,https://www.moneycontrol.com/news/business/markets/analyst-call-tracker-banks-infra-dominate-dec-buy-lists-bajaj-finance-in-top-bets-of-2023-11991501.html,"Analyst Call Tracker: Banks, infra dominate Dec 'buy' lists; Bajaj Finance in top bets of 2023",ACCEPTED,True,2024-01-03,DIRECTLY_RELEVANT,Bajaj Finance stock/analyst coverage
20240103094500-930,20240103094500,bignewsnetwork.com,https://www.bignewsnetwork.com/news/274083571/bajaj-finserv-brings-you-india-first-credit-pass-powered-by-cibil,"Bajaj Finserv brings you India's First Credit Pass, powered by CIBIL",ACCEPTED,True,2024-01-03,NOT_RELEVANT,Standalone Bajaj Finserv holding company
20240103104500-600,20240103104500,newsx.com,https://www.newsx.com/business/bajaj-finserv-brings-you-indias-first-credit-pass-powered-by-cibil/,"Bajaj Finserv brings you India's First Credit Pass, powered by CIBIL -",ACCEPTED,True,2024-01-04,NOT_RELEVANT,Standalone Bajaj Finserv holding company
20240103110000-926,20240103110000,srilankasource.com,https://www.srilankasource.com/news/274083571/bajaj-finserv-brings-you-india-first-credit-pass-powered-by-cibil,"Bajaj Finserv brings you India's First Credit Pass, powered by CIBIL",ACCEPTED,True,2024-01-04,NOT_RELEVANT,Standalone Bajaj Finserv holding company
20240103111500-824,20240103111500,financialexpress.com,https://www.financialexpress.com/money/bajaj-finance-offers-up-to-8-85-on-digital-fixed-deposit-check-latest-rates-3354231/,Bajaj Finance offers up to 8.85% on Digital Fixed Deposit – Check latest rates,ACCEPTED,True,2024-01-04,DIRECTLY_RELEVANT,Bajaj Finance regulatory/operational event
20240103113000-800,20240103113000,aninews.in,https://aninews.in/news/business/business/bajaj-finserv-brings-you-indias-first-credit-pass-powered-by-cibil20240103140312/,"Bajaj Finserv brings you India's First Credit Pass, powered by CIBIL",ACCEPTED,True,2024-01-04,NOT_RELEVANT,Standalone Bajaj Finserv holding company
20240103131500-460,20240103131500,indiatimes.com,https://economictimes.indiatimes.com/industry/banking/finance/bajaj-finance-launches-digital-fd-with-rates-up-to-8-85-pc/articleshow/106520017.cms,Bajaj Finance: Bajaj Finance launches digital FD with rates up to 8.85%,ACCEPTED,True,2024-01-04,DIRECTLY_RELEVANT,Prominent Bajaj Finance parent mention
20240103131500-492,20240103131500,indiablooms.com,https://www.indiablooms.com/finance-details/19697/bajaj-finance-ltd-offers-up-to-8-85-percent-to-digital-fixed-deposit-subscribers.html,Bajaj Finance Ltd offers up to 8.85 percent to Digital Fixed Deposit subscribers | Indiablooms - First Portal on Digital News Management,ACCEPTED,True,2024-01-04,DIRECTLY_RELEVANT,Bajaj Finance regulatory/operational event
20240103133000-1468,20240103133000,moneycontrol.com,https://www.moneycontrol.com/news/business/markets/bajaj-finance-launches-digital-fd-with-rates-up-to-8-85-11994121.html,Bajaj Finance launches digital FD with rates up to 8.85%,ACCEPTED,True,2024-01-04,DIRECTLY_RELEVANT,Prominent Bajaj Finance parent mention
20240103134500-640,20240103134500,uniindia.com,http://www.uniindia.com/bajaj-finance-announces-digital-fd-offers-up-to-8-85-pc/business-economy/news/3116992.html,"Bajaj finance announces digital FD, offers up to 8.85 pc",ACCEPTED,True,2024-01-04,DIRECTLY_RELEVANT,Prominent Bajaj Finance parent mention
20240103154500-T1445,20240103154500,eenadu.net,https://www.eenadu.net/telugu-news/business/bajaj-finance-launches-digital-fd-with-rates-up-to-8.85-pc/0104/124001911,Bajaj Finance: బజాజ్‌ ఫైనాన్స్‌ డిజిటల్‌ ఎఫ్‌డీ.. వీరికి 8.85% వడ్డీ,ACCEPTED,True,2024-01-04,DIRECTLY_RELEVANT,Prominent Bajaj Finance parent mention
20240103211500-T1416,20240103211500,andhrajyothy.com,https://www.andhrajyothy.com/2024/business/digital-fd-from-bajaj-finance-1191057.html,బజాజ్‌ ఫైనాన్స్‌ నుంచి డిజిటల్‌ ఎఫ్‌డీ | Digital FD from Bajaj Finance,ACCEPTED,True,2024-01-04,DIRECTLY_RELEVANT,Prominent Bajaj Finance parent mention
20240103230000-1041,20240103230000,thenorthlines.com,https://thenorthlines.com/bajaj-finance-ltd-turns-up-new-years-excitement-withdigital-fixed-deposit-experience-upto-8-85/,Bajaj Finance Ltd turns up new year's excitement withDigital Fixed Deposit experience @ upto 8.85%,ACCEPTED,True,2024-01-04,DIRECTLY_RELEVANT,Bajaj Finance regulatory/operational event
20240104033000-T24,20240104033000,livehindustan.com,https://www.livehindustan.com/business/story-bajaj-finance-launches-digital-fd-with-rates-up-bank-of-maharashtra-slashes-home-loan-rate-9153147.html,"Business News : Bajaj finance launches digital FD with rates up bank of maharashtra slashes home loan rate - Business News India - FD पर 8.85% ब्याज, लोन पर छूट, इन ग्राहकों के लिए है बड़ी खुशखबरी",ACCEPTED,True,2024-01-04,DIRECTLY_RELEVANT,Bajaj Finance regulatory/operational event
20240104034500-327,20240104034500,moneycontrol.com,https://www.moneycontrol.com/news/business/markets/bajaj-finance-aum-crosses-rs-3-lakh-crore-in-december-quarter-stock-may-gain-on-q3-update-11996091.html,Bajaj Finance AUM crosses Rs 3 lakh crore in December quarter; stock may gain on Q3 update,ACCEPTED,True,2024-01-04,DIRECTLY_RELEVANT,Bajaj Finance earnings/AUM/financials
20240104034500-613,20240104034500,news18.com,https://www.news18.com/business/stocks-to-watch-adani-ports-ntpc-bajaj-finance-lic-power-grid-wipro-and-others-8727392.html,"Stocks to Watch: Adani Ports, NTPC, Bajaj Finance, LIC, Power Grid, Wipro, and Others",ACCEPTED,True,2024-01-04,NOT_RELEVANT,Generic stocks to watch list
20240104050000-466,20240104050000,marketwatch.com,https://www.marketwatch.com/investing/stock/bajfinance,BAJFINANCE Stock Price | Bajaj Finance Ltd. Stock Quote (India: NSE ),ACCEPTED,True,2024-01-04,DIRECTLY_RELEVANT,Bajaj Finance stock/analyst coverage
20240104051500-229,20240104051500,indiatimes.com,https://economictimes.indiatimes.com/markets/stocks/news/bajaj-finance-shares-jump-over-4-on-q3-updates/articleshow/106532291.cms,bajaj finance share price: Bajaj Finance shares jump over 4% on Q3 updates,ACCEPTED,True,2024-01-04,DIRECTLY_RELEVANT,Bajaj Finance earnings/AUM/financials
20240104063000-388,20240104063000,businessworld.in,https://www.businessworld.in/article/Bajaj-Finance-s-Q3-Update-Shows-AUM-Growth-Surpassing-Sept-s-15-Quarter-High/04-01-2024-504561/,Bajaj Finance s Q3 Update Shows AUM Growth Surpassing Sept s 15 Quarter High - BW Businessworld,ACCEPTED,True,2024-01-04,DIRECTLY_RELEVANT,Bajaj Finance earnings/AUM/financials
20240104064500-393,20240104064500,businesstoday.in,https://www.businesstoday.in/markets/company-stock/story/bajaj-finance-shares-climb-5-after-q3-update-full-details-411813-2024-01-04,Bajaj Finance shares climb 5% after Q3 update; full details,ACCEPTED,True,2024-01-04,DIRECTLY_RELEVANT,Bajaj Finance earnings/AUM/financials
20240104064500-402,20240104064500,businesstoday.in,https://www.businesstoday.in/markets/company-stock/story/kotak-mahindra-bank-strengthens-leadership-with-veterans-from-amazon-hul-citi-barclays-crisil-and-bajaj-finance-411831-2024-01-04,"Kotak Mahindra Bank strengthens leadership with veterans from Amazon, HUL, Citi, Barclays, CRISIL, and Bajaj Finance",ACCEPTED,True,2024-01-04,DIRECTLY_RELEVANT,Prominent Bajaj Finance parent mention
20240104071500-588,20240104071500,livemint.com,https://www.livemint.com/market/stock-market-news/bajaj-finance-shares-gain-4-6-on-strong-q3-update-aum-grows-35-yoy-11704342908303.html,Bajaj Finance shares gain over 4% on strong Q3 update,ACCEPTED,True,2024-01-04,DIRECTLY_RELEVANT,Bajaj Finance earnings/AUM/financials
20240104084500-367,20240104084500,business-standard.com,https://www.business-standard.com/companies/results/bajaj-finance-s-aum-post-35-growth-cross-rs-3-trn-mark-in-dec-2023-124010400229_1.html,"Bajaj Finance's AUM post 35% growth, cross Rs 3 trn mark in Dec 2023",ACCEPTED,True,2024-01-04,DIRECTLY_RELEVANT,Bajaj Finance earnings/AUM/financials
20240104091500-993,20240104091500,thehindubusinessline.com,https://www.thehindubusinessline.com/money-and-banking/bajaj-finances-aum-surges-35-y-o-y-to-311-lakh-crore-in-december-quarter/article67704883.ece,Bajaj Finance's AUM surges 35% Y-o-Y to ₹3.11 lakh crore in December quarter,ACCEPTED,True,2024-01-04,DIRECTLY_RELEVANT,Bajaj Finance earnings/AUM/financials
20240104114500-633,20240104114500,livemint.com,https://www.livemint.com/market/stock-market-news/bajaj-finance-set-for-a-sturdy-quarter-despite-rbi-directive-11704363981875.html,Bajaj Finance set for a sturdy quarter despite RBI directive,ACCEPTED,True,2024-01-05,DIRECTLY_RELEVANT,Bajaj Finance regulatory/operational event
20240104124500-568,20240104124500,indiatimes.com,https://economictimes.indiatimes.com/markets/web-stories/gainers-amp-losers-sobha-bajaj-finance-among-5-stocks-in-spotlight-on-thursday/slideshow/106548040.cms,"Gainers & Losers: Sobha, Bajaj Finance among 5 stocks in spotlight on Thursday",ACCEPTED,True,2024-01-05,DIRECTLY_RELEVANT,Bajaj Finance stock/analyst coverage
20240104124500-414,20240104124500,financialexpress.com,https://www.financialexpress.com/market/nifty-closes-nearnbsp21658-60nbsptop-gainers-on-january-04-include-bajaj-finance-ntpc-ongc-tata-consumer-and-indusind-whereasnbspbpcl-and-ltimindtree-among-key-losers-3355133/,"Nifty closes near 21,658.60 top gainers on January 04 include Bajaj Finance, NTPC, ONGC, Tata Consumer, and IndusInd whereas BPCL and LTIMindtree among key losers",ACCEPTED,True,2024-01-05,DIRECTLY_RELEVANT,Prominent Bajaj Finance parent mention
20240104124500-1158,20240104124500,businesstoday.in,https://www.businesstoday.in/markets/market-commentary/story/sensex-up-490-points-nifty-settles-above-21650-sobha-bajaj-finance-surge-up-to-16-411892-2024-01-04,"Sensex up 490 points, Nifty settles above 21,650; Sobha, Bajaj Finance surge up to 16%",ACCEPTED,True,2024-01-05,DIRECTLY_RELEVANT,Bajaj Finance stock/analyst coverage
20240104130000-220,20240104130000,livemint.com,https://www.livemint.com/market/stock-market-news/these-5-stocks-command-almost-70-of-the-nifty-50-gains-today-11704366862151.html,"These 5 stocks including HDFC Bank, Bajaj Finance command 71% of the Nifty 50 gains today",ACCEPTED,True,2024-01-05,DIRECTLY_RELEVANT,Prominent Bajaj Finance parent mention
20240104131500-448,20240104131500,businesstoday.in,https://www.businesstoday.in/visualstories/stock/bajaj-finance-tata-consumer-top-gainers-on-nifty50-hdfc-bank-icici-most-active-on-jan-4-86443-04-01-2024,"Bajaj Finance, Tata Consumer top gainers on Nifty50; HDFC Bank, ICICI most active on Jan 4",ACCEPTED,True,2024-01-05,DIRECTLY_RELEVANT,Bajaj Finance regulatory/operational event
20240105021500-1193,20240105021500,moneycontrol.com,https://www.moneycontrol.com/news/business/markets/short-call-sector-rotation-boosts-realty-pvr-flops-bajaj-finances-bumper-q3-sobha-in-focus-12001451.html,"Short Call | Sector rotation boosts realty; PVR flops, Bajaj Finance's bumper Q3, Sobha in focus",ACCEPTED,True,2024-01-05,DIRECTLY_RELEVANT,Bajaj Finance earnings/AUM/financials
20240105051500-323,20240105051500,indiatimes.com,https://economictimes.indiatimes.com/markets/stocks/news/hot-stocks-brokerages-view-on-hal-bajaj-finance-icici-bank-and-mm-financial-services/articleshow/106561280.cms,"Hot Stocks: Brokerages view on HAL, Bajaj Finance, ICICI Bank and M&M Financial Services",ACCEPTED,True,2024-01-05,DIRECTLY_RELEVANT,Bajaj Finance regulatory/operational event
20240105174500-1277,20240105174500,indiatimes.com,https://auto.economictimes.indiatimes.com/news/aftermarket/renault-india-joins-with-bajaj-finance-to-offer-financing-solutions-to-its-customers/106579631,"Renault India joins with Bajaj Finance to offer financing solutions to its customers, ET Auto",ACCEPTED,True,2024-01-08,DIRECTLY_RELEVANT,Prominent Bajaj Finance parent mention
20240106091500-77,20240106091500,srilankasource.com,https://www.srilankasource.com/news/274086622/why-should-you-add-bajaj-finance-digital-fixed-deposits-to-your-portfolio,Why Should You Add Bajaj Finance Digital Fixed Deposits to Your Portfolio,ACCEPTED,True,2024-01-08,DIRECTLY_RELEVANT,Bajaj Finance regulatory/operational event
20240106100000-425,20240106100000,aninews.in,https://aninews.in/news/business/business/why-should-you-add-bajaj-finance-digital-fixed-deposits-to-your-portfolio20240106121612/,Why Should You Add Bajaj Finance Digital Fixed Deposits to Your Portfolio,ACCEPTED,True,2024-01-08,DIRECTLY_RELEVANT,Bajaj Finance regulatory/operational event
20240106184500-76,20240106184500,thehindubusinessline.com,https://www.thehindubusinessline.com/portfolio/commodity-analysis/fo-strategy-bajaj-finance-bull-call-spread/article67712600.ece,F&O Strategy: Bajaj Finance: Bull Call Spread - The Hindu BusinessLine,ACCEPTED,True,2024-01-08,DIRECTLY_RELEVANT,Prominent Bajaj Finance parent mention
20240108030000-401,20240108030000,businesstoday.in,https://www.businesstoday.in/markets/stock-picks/story/reliance-industries-bajaj-finance-sbi-life-trading-strategies-for-these-largecap-stocks-412189-2024-01-08,"Reliance Industries, Bajaj Finance, SBI Life: Trading strategies for these largecap stocks",ACCEPTED,True,2024-01-08,DIRECTLY_RELEVANT,Bajaj Finance stock/analyst coverage
20240108090000-245,20240108090000,siliconindia.com,https://www.siliconindia.com/news/business/renault-india-teams-up-with-bajaj-finance-for-customer-financing-nid-227267-cid-3.html,Renault India Teams Up with Bajaj Finance for Customer Financing,ACCEPTED,True,2024-01-08,DIRECTLY_RELEVANT,Prominent Bajaj Finance parent mention
20240108101500-5,20240108101500,tmcnet.com,https://www.tmcnet.com/usubmit/2024/01/08/9941609.htm,Bajaj Finance Ltd. turns up new year's excitement with Digital Fixed Deposit experience @ upto 8.85%,ACCEPTED,True,2024-01-09,DIRECTLY_RELEVANT,Bajaj Finance regulatory/operational event
20240108144500-825,20240108144500,ticker.com,"https://ticker.com/Asia-Stock-Movers-News-Today/Movers:-Adani-Ports,-Bajaj-Finance,-Dhampur-Sugar,-IEX,-Jio-Financial,-LIC,-ONGC,-RVNL-/Jan%204-2024/T-26992","Movers: Adani Ports, Bajaj Finance, Dhampur Sugar, IEX, Jio Financial, LIC, ONGC, RVNL",ACCEPTED,True,2024-01-09,DIRECTLY_RELEVANT,Prominent Bajaj Finance parent mention
20240109113000-626,20240109113000,livemint.com,https://www.livemint.com/market/stock-market-news/2024-top-stock-picks-iifl-lists-axis-bank-bpcl-bajaj-finance-nykaa-among-buys-tvs-motor-in-sells-check-list-11704793252506.html,"2024 top stock picks: IIFL lists Axis Bank, BPCL, Bajaj Finance, Nykaa among 'buys'; TVS Motor in 'sells' – check list",ACCEPTED,True,2024-01-10,DIRECTLY_RELEVANT,Bajaj Finance stock/analyst coverage
20240109124500-379,20240109124500,ticker.com,"https://ticker.com/Asia-Stock-Movers-News-Today/India-Movers:-Adani-Entp,-BEML,-Bajaj-Auto,-Bajaj-Finserv,-FINO-Payments,-GMDC,-GSFC,-IRB-Infra,-Tata-Motors/Jan%209-2024/T-27037","India Movers: Adani Entp, BEML, Bajaj Auto, Bajaj Finserv, FINO Payments, GMDC, GSFC, IRB Infra, Tata Motors",ACCEPTED,True,2024-01-10,NOT_RELEVANT,Other Bajaj Group standalone company
20240109144500-52,20240109144500,moneylife.in,https://www.moneylife.in/article/bajaj-finserv-offering-credit-score-updates-much-cheaper-than-its-partner-and-information-provider-cibil/73085.html,Bajaj Finserv Offering Credit Score Updates Much Cheaper than Its Partner and Information Provider CIBIL!,ACCEPTED,True,2024-01-10,NOT_RELEVANT,Standalone Bajaj Finserv product/subsidiary
20240110054500-T861,20240110054500,prabhatkhabar.com,https://www.prabhatkhabar.com/business/sensex-nifty-update-flat-opening-of-stock-market-ntpc-power-grid-bajaj-finserv-state-bank-of-india-jsw-steel-mdn,"sensex nifty update flat opening of stock market ntpc power grid bajaj finserv state bank of india jsw steel mdn | Stock Market: शेयर बाजार की सपाट ओपनिंग, निफ्टी फिसला, सेंसेक्स 71400 के करीब",ACCEPTED,True,2024-01-10,NOT_RELEVANT,Standalone Bajaj Finserv holding company
20240110123000-38,20240110123000,aninews.in,https://aninews.in/news/business/business/check-your-cibil-score-every-time-it-gets-updated-with-the-bajaj-finserv-credit-pass20240110172748/,Check your CIBIL Score every time it gets updated with the Bajaj Finserv Credit Pass,ACCEPTED,True,2024-01-11,NOT_RELEVANT,Standalone Bajaj Finserv holding company
20240110124500-1723,20240110124500,bignewsnetwork.com,https://www.bignewsnetwork.com/news/274090647/check-your-cibil-score-every-time-it-gets-updated-with-the-bajaj-finserv-credit-pass,Check your CIBIL Score every time it gets updated with the Bajaj Finserv Credit Pass,ACCEPTED,True,2024-01-11,NOT_RELEVANT,Standalone Bajaj Finserv holding company
20240110141500-426,20240110141500,freepressjournal.in,https://www.freepressjournal.in/business/bajaj-finance-fixed-deposits-with-unique-tenure-and-attractive-885-interest-rates,Bajaj Finance Fixed Deposits with Unique Tenure and Attractive 8.85% Interest Rates,ACCEPTED,True,2024-01-11,DIRECTLY_RELEVANT,Bajaj Finance regulatory/operational event
20240110143000-84,20240110143000,webindia123.com,https://news.webindia123.com/news/Articles/Business/20240110/4157652.html,Check your CIBIL Score every time it gets updated with the Bajaj Finserv Credit Pass,ACCEPTED,True,2024-01-11,NOT_RELEVANT,Standalone Bajaj Finserv holding company
20240110144500-1546,20240110144500,srilankasource.com,https://www.srilankasource.com/news/274090647/check-your-cibil-score-every-time-it-gets-updated-with-the-bajaj-finserv-credit-pass,Check your CIBIL Score every time it gets updated with the Bajaj Finserv Credit Pass,ACCEPTED,True,2024-01-11,NOT_RELEVANT,Standalone Bajaj Finserv holding company
20240110174500-T1490,20240110174500,bhaskar.com,https://www.bhaskar.com/career/news/bajaj-finserv-has-announced-the-vacancy-of-senior-relationship-executive-in-rajasthan-graduates-should-apply-good-selling-skills-are-necessary-132422395.html,"Bajaj Finserv has announced the vacancy of Senior Relationship Executive in Rajasthan, graduates should apply, good selling skills are necessary. | प्राइवेट नौकरी: राजस्थान में Bajaj Finserv ने सीनियर रिलेशनशिप एग्जीक्यूटिव की वैकेंसी निकाली, ग्रजुएट करें अप्लाय, अच्छी सेलिंग स्किल्स जरूरी",ACCEPTED,True,2024-01-11,NOT_RELEVANT,Standalone Bajaj Finserv holding company
20240111043000-139,20240111043000,indiatimes.com,https://economictimes.indiatimes.com/markets/stocks/recos/buy-bajaj-finance-target-price-rs-8650-hdfc-securities/articleshow/106715575.cms,"Bajaj Finance stocks: Buy Bajaj Finance, target price Rs 8650: HDFC Securities",ACCEPTED,True,2024-01-11,DIRECTLY_RELEVANT,Bajaj Finance stock/analyst coverage
20240111081500-368,20240111081500,srilankasource.com,https://www.srilankasource.com/news/274091604/stay-updated-on-gold-prices-today-with-bajaj-finance,Stay Updated on Gold Prices Today with Bajaj Finance,ACCEPTED,True,2024-01-11,DIRECTLY_RELEVANT,Prominent Bajaj Finance parent mention
20240111083000-978,20240111083000,aninews.in,https://www.aninews.in/news/business/business/stay-updated-on-gold-prices-today-with-bajaj-finance20240111123853/,Stay Updated on Gold Prices Today with Bajaj Finance,ACCEPTED,True,2024-01-11,DIRECTLY_RELEVANT,Prominent Bajaj Finance parent mention
20240111100000-982,20240111100000,rashtranews.com,https://www.rashtranews.com/stay-updated-on-gold-prices-today-with-bajaj-finance/,Stay Updated on Gold Prices Today with Bajaj Finance,ACCEPTED,True,2024-01-12,DIRECTLY_RELEVANT,Prominent Bajaj Finance parent mention
20240111100000-806,20240111100000,aninews.in,https://aninews.in/news/business/business/stay-updated-on-gold-prices-today-with-bajaj-finance20240111123853/,Stay Updated on Gold Prices Today with Bajaj Finance,ACCEPTED,True,2024-01-12,DIRECTLY_RELEVANT,Prominent Bajaj Finance parent mention
20240112074500-714,20240112074500,indiatimes.com,https://economictimes.indiatimes.com/mf/mf-news/bajaj-finserv-mutual-fund-launches-nifty-50-etf-and-nifty-bank-etf/articleshow/106755436.cms,Bajaj Finserv Mutual Fund launches Nifty 50 ETF and Nifty Bank ETF,ACCEPTED,True,2024-01-12,NOT_RELEVANT,Standalone Bajaj Finserv product/subsidiary
20240112091500-401,20240112091500,rediff.com,https://www.rediff.com/business/report/bajaj-finance-shares-soar-4-as-q3-business-update-shows-robust-aum-growth/20240112.htm,Bajaj Finance shares soar 4% as Q3 business update shows robust AUM growth,ACCEPTED,True,2024-01-12,DIRECTLY_RELEVANT,Bajaj Finance earnings/AUM/financials
20240112141500-200,20240112141500,thehindubusinessline.com,https://www.thehindubusinessline.com/brandhub/unlocking-financial-stability-with-bajaj-finance-fixed-deposits/article67733876.ece,Unlocking Financial Stability with Bajaj Finance Fixed Deposits,ACCEPTED,True,2024-01-15,DIRECTLY_RELEVANT,Bajaj Finance regulatory/operational event
20240113210000-366,20240113210000,oneindia.com,https://www.oneindia.com/partner-content/simplifying-financial-growth-bajaj-finances-approach-to-easy-online-fds-3725969.html,Simplifying Financial Growth: Bajaj Finance's Approach to Easy Online FDs,ACCEPTED,True,2024-01-15,DIRECTLY_RELEVANT,Prominent Bajaj Finance parent mention
20240115064500-132,20240115064500,businesstoday.in,https://www.businesstoday.in/markets/stocks/story/hdfc-bank-ril-or-bajaj-finance-indias-1st-1-trillion-stock-by-2023-says-icici-securities-413249-2024-01-15,"HDFC Bank, RIL or Bajaj Finance? India's 1st $1 trillion stock by 2032, says ICICI Securities",ACCEPTED,True,2024-01-15,DIRECTLY_RELEVANT,Bajaj Finance stock/analyst coverage
20240115081500-237,20240115081500,indiatimes.com,https://economictimes.indiatimes.com/markets/options/fo-stocks-bajaj-finance-tata-consumer-products-among-5-stocks-with-short-buildup/articleshow/106859037.cms,"bajaj finance shares: F&O stocks: Bajaj Finance, Tata Consumer Products among 5 stocks with short buildup",ACCEPTED,True,2024-01-15,DIRECTLY_RELEVANT,Bajaj Finance stock/analyst coverage
20240115101500-540,20240115101500,moneycontrol.com,https://www.moneycontrol.com/news/trends/financial-inclusion-in-the-digital-age-bajaj-finances-innovative-fixed-deposits-12054011.html,Financial Inclusion in the Digital Age: Bajaj Finance's Innovative Fixed Deposits,ACCEPTED,True,2024-01-16,DIRECTLY_RELEVANT,Bajaj Finance regulatory/operational event
20240115134500-828,20240115134500,livemint.com,https://www.livemint.com/mutual-fund/nfo-alert-bajaj-finserv-mutual-fund-launches-bajaj-finserv-nifty-bank-etf-all-you-need-to-know-11705317817384.html,NFO Alert: Bajaj Finserv Mutual Fund launches Bajaj Finserv Nifty Bank ETF; all you need to know,ACCEPTED,True,2024-01-16,NOT_RELEVANT,Standalone Bajaj Finserv product/subsidiary
20240115134500-1090,20240115134500,livemint.com,https://www.livemint.com/mutual-fund/bajaj-finserv-mutual-fund-nfo-alert-from-objectives-to-risk-all-you-need-to-know-about-bajaj-finserv-nifty-50-etf-11705318959620.html,"NFO Alert: From objectives to risk, all you need to know about Bajaj Finserv Nifty 50 ETF",ACCEPTED,True,2024-01-16,NOT_RELEVANT,Standalone Bajaj Finserv holding company
20240115150000-296,20240115150000,marketscreener.com,https://www.marketscreener.com/quote/stock/BAJAJ-FINSERV-LTD-9059974/news/India-on-cusp-of-FDI-flood-Bajaj-Finserv-Chair-says-in-Davos-45741335/,"India on cusp of FDI flood, Bajaj Finserv Chair says in Davos",ACCEPTED,True,2024-01-16,NOT_RELEVANT,Standalone Bajaj Finserv holding company
20240115154500-T2143,20240115154500,zonebourse.com,https://www.zonebourse.com/cours/action/BAJAJ-FINSERV-LTD-9059974/actualite/L-Inde-a-la-veille-d-un-afflux-d-IDE-selon-le-president-de-Bajaj-Finserv-a-Davos-45741335/,"L'Inde à la veille d'un afflux d'IDE, selon le président de Bajaj Finserv à Davos",ACCEPTED,True,2024-01-16,NOT_RELEVANT,Standalone Bajaj Finserv holding company
20240115160000-1581,20240115160000,indiatimes.com,https://economictimes.indiatimes.com/news/economy/finance/india-on-cusp-of-fdi-flood-bajaj-finserv-chair-says-in-davos/articleshow/106873360.cms,"fdi: India on cusp of FDI flood, Bajaj Finserv Chair says in Davos",ACCEPTED,True,2024-01-16,NOT_RELEVANT,Standalone Bajaj Finserv holding company
20240115163000-1166,20240115163000,zawya.com,https://www.zawya.com/en/world/indian-sub-continent/india-on-cusp-of-fdi-flood-bajaj-finserv-chair-says-in-davos-v04nlb4y,"India on cusp of FDI flood, Bajaj Finserv Chair says in Davos",ACCEPTED,True,2024-01-16,NOT_RELEVANT,Standalone Bajaj Finserv holding company
20240115170000-452,20240115170000,financialexpress.com,https://www.financialexpress.com/policy/economy-india-on-cusp-of-fdi-flood-bajaj-finserv-chair-says-in-davos-3365424/,"India on cusp of FDI flood, Bajaj Finserv Chair says in Davos",ACCEPTED,True,2024-01-16,NOT_RELEVANT,Standalone Bajaj Finserv holding company
20240116054500-59,20240116054500,indiatimes.com,https://timesofindia.indiatimes.com/business/india-business/how-bajaj-finance-is-bringing-fixed-deposits-to-every-home/articleshow/106885096.cms,How Bajaj Finance is bringing fixed deposits to every home,ACCEPTED,True,2024-01-16,DIRECTLY_RELEVANT,Bajaj Finance regulatory/operational event
20240116070000-803,20240116070000,moneycontrol.com,https://www.moneycontrol.com/news/business/earnings/hdfc-bank-reliance-bajaj-finance-in-fray-to-be-indias-first-trillion-dollar-company-by-2032-12059641.html,"HDFC Bank, Reliance, Bajaj Finance in fray to be India's first trillion-dollar company by 2032",ACCEPTED,True,2024-01-16,DIRECTLY_RELEVANT,Prominent Bajaj Finance parent mention
20240116081500-525,20240116081500,businesstoday.in,https://www.businesstoday.in/markets/company-stock/story/jio-financial-taking-balanced-approach-see-limited-risk-for-bajaj-finance-banks-jefferies-413470-2024-01-16,"Jio Financial taking balanced approach; see limited risk for Bajaj Finance, banks: Jefferies",ACCEPTED,True,2024-01-16,DIRECTLY_RELEVANT,Bajaj Finance regulatory/operational event
20240116090000-T250,20240116090000,moneycontrol.com,https://hindi.moneycontrol.com/news/markets/ril-hdfc-bank-and-bajaj-finance-in-fray-to-be-first-trillion-dollar-company-of-india-1721391.html,ट्रिलियन डॉलर का मार्केट कैप हासिल करने की रेस में RIL के साथ-साथ HDFC Bank और Bajaj Finance भी शामिल,ACCEPTED,True,2024-01-16,DIRECTLY_RELEVANT,Prominent Bajaj Finance parent mention
20240116133000-1618,20240116133000,thehindubusinessline.com,https://www.thehindubusinessline.com/news/bajaj-finserv-amc-to-launch-b2b-platform-for-mf-distributors/article67744679.ece,Bajaj Finserv AMC to launch B2B platform for MF distributors,ACCEPTED,True,2024-01-17,NOT_RELEVANT,Standalone Bajaj Finserv product/subsidiary
20240116153000-1702,20240116153000,thehindubusinessline.com,https://www.thehindubusinessline.com/money-and-banking/bajaj-finserv-amc-to-launch-b2b-platform-for-mf-distributors/article67744679.ece,Bajaj Finserv AMC to launch B2B platform for MF distributors,ACCEPTED,True,2024-01-17,NOT_RELEVANT,Standalone Bajaj Finserv product/subsidiary
20240117074500-81,20240117074500,businesstoday.in,https://www.businesstoday.in/markets/company-stock/story/jio-financial-expansion-sell-bajaj-finance-shares-derating-ahead-target-rs-6800-says-ubs-413697-2024-01-17,"Jio Financial expansion: Sell Bajaj Finance shares, derating ahead; target Rs 6,800, says UBS",ACCEPTED,True,2024-01-17,DIRECTLY_RELEVANT,Bajaj Finance stock/analyst coverage
20240117103000-184,20240117103000,bignewsnetwork.com,https://www.bignewsnetwork.com/news/274097813/bajaj-finserv-credit-pass-track-your-cibil-score-with-ease,Bajaj Finserv Credit Pass: Track your CIBIL Score with Ease,ACCEPTED,True,2024-01-18,NOT_RELEVANT,Standalone Bajaj Finserv holding company
20240117104500-1322,20240117104500,srilankasource.com,https://www.srilankasource.com/news/274097813/bajaj-finserv-credit-pass-track-your-cibil-score-with-ease,Bajaj Finserv Credit Pass: Track your CIBIL Score with Ease,ACCEPTED,True,2024-01-18,NOT_RELEVANT,Standalone Bajaj Finserv holding company
20240117104500-762,20240117104500,indianexpress.com,https://indianexpress.com/article/business/sponsored-business/bajaj-finances-fixed-deposit-book-the-safest-fd-in-the-country-digitally-9113488/,Bajaj Finance's Fixed Deposit: Book the Safest FD in the Country Digitally | Business News,ACCEPTED,True,2024-01-18,DIRECTLY_RELEVANT,Bajaj Finance regulatory/operational event
20240117113000-156,20240117113000,webindia123.com,https://news.webindia123.com/news/Articles/Business/20240117/4159743.html,Bajaj Finserv Credit Pass: Track your CIBIL Score with Ease,ACCEPTED,True,2024-01-18,NOT_RELEVANT,Standalone Bajaj Finserv holding company
20240117123000-279,20240117123000,aninews.in,https://aninews.in/news/business/business/bajaj-finserv-credit-pass-track-your-cibil-score-with-ease20240117150255/,Bajaj Finserv Credit Pass: Track your CIBIL Score with Ease,ACCEPTED,True,2024-01-18,NOT_RELEVANT,Standalone Bajaj Finserv holding company
20240117130000-543,20240117130000,latestly.com,https://www.latestly.com/agency-news/business-news-nfo-alert-bajaj-finserv-amc-enters-the-etf-market-launches-nifty-50-and-nifty-bank-etf-5700574.html,Business News | NFO Alert: Bajaj Finserv AMC Enters the ETF Market; Launches Nifty 50 and Nifty Bank ETF,ACCEPTED,True,2024-01-18,NOT_RELEVANT,Standalone Bajaj Finserv product/subsidiary
20240117130000-1101,20240117130000,aninews.in,https://aninews.in/news/business/business/nfo-alert-bajaj-finserv-amc-enters-the-etf-market-launches-nifty-50-and-nifty-bank-etf20240117162917/,NFO Alert: Bajaj Finserv AMC enters the ETF market; launches Nifty 50 and Nifty Bank ETF,ACCEPTED,True,2024-01-18,NOT_RELEVANT,Standalone Bajaj Finserv product/subsidiary
20240117144500-1905,20240117144500,srilankasource.com,https://www.srilankasource.com/news/274097878/nfo-alert-bajaj-finserv-amc-enters-the-etf-market-launches-nifty-50-and-nifty-bank-etf,NFO Alert: Bajaj Finserv AMC enters the ETF market; launches Nifty 50 and Nifty Bank ETF,ACCEPTED,True,2024-01-18,NOT_RELEVANT,Standalone Bajaj Finserv product/subsidiary
20240118060000-822,20240118060000,indiatimes.com,https://economictimes.indiatimes.com/markets/expert-view/could-money-move-out-of-hdfc-bank-to-bajaj-finance-or-is-it-time-for-sector-rotation-hemang-jani-asnwers/articleshow/106946552.cms,sector rotation: Could money move out of HDFC Bank to Bajaj Finance or is it time for sector rotation? Hemang Jani asnwers,ACCEPTED,True,2024-01-18,DIRECTLY_RELEVANT,Prominent Bajaj Finance parent mention
20240119034500-1213,20240119034500,moneycontrol.com,https://www.moneycontrol.com/news/business/markets/daily-voice-nimesh-chandan-of-bajaj-finserv-amc-picks-6-megatrends-for-a-solid-portfolio-12080911.html,Daily Voice | Nimesh Chandan of Bajaj Finserv AMC picks 6 'megatrends' for a solid portfolio,ACCEPTED,True,2024-01-19,NOT_RELEVANT,Standalone Bajaj Finserv product/subsidiary
20240119110000-673,20240119110000,theweek.in,https://www.theweek.in/focus/economy/2024/01/19/bajaj-finance-setting-new-benchmarks-in-fd-interest-rates.html,Bajaj Finance: Setting New Benchmarks in FD Interest Rates,ACCEPTED,True,2024-01-23,DIRECTLY_RELEVANT,Prominent Bajaj Finance parent mention
20240120054500-729,20240120054500,businesstoday.in,https://www.businesstoday.in/markets/company-stock/story/rbl-bank-shares-rally-post-q3-results-what-analysts-say-on-bajaj-finance-development-target-prices-414238-2024-01-20,"RBL Bank shares rally post Q3 results; what analysts say on Bajaj Finance development, target prices",ACCEPTED,True,2024-01-23,DIRECTLY_RELEVANT,Bajaj Finance earnings/AUM/financials
20240122090000-709,20240122090000,financialexpress.com,https://www.financialexpress.com/sponsored/maximising-savings-with-bajaj-finance-a-look-at-high-interest-fixed-deposits/3371541/,Maximising Savings with Bajaj Finance: A Look at High-Interest Fixed Deposits,ACCEPTED,True,2024-01-23,DIRECTLY_RELEVANT,Bajaj Finance regulatory/operational event
20240123124500-813,20240123124500,freepressjournal.in,https://www.freepressjournal.in/pune/nashik-man-posing-as-bajaj-finance-employee-defrauds-42-victims-of-33-lakh,Nashik: Man Posing As Bajaj Finance Employee Defrauds 42 Victims Of ₹33 Lakh,ACCEPTED,True,2024-01-24,DIRECTLY_RELEVANT,Prominent Bajaj Finance parent mention
20240124064500-556,20240124064500,indiatimes.com,https://economictimes.indiatimes.com/markets/stocks/news/fo-stock-strategy-how-to-trade-in-bajaj-finance-idfc-first-bank/articleshow/107103559.cms,"bajaj finance shares: F&O stock strategy: How to trade in Bajaj Finance, IDFC First Bank?",ACCEPTED,True,2024-01-24,DIRECTLY_RELEVANT,Bajaj Finance stock/analyst coverage
20240124071500-369,20240124071500,aninews.in,https://aninews.in/news/business/business/does-one-require-a-high-cibil-score-to-secure-gold-loans-with-bajaj-finance20240124122642/,Does One Require a High CIBIL Score to Secure Gold Loans with Bajaj Finance?,ACCEPTED,True,2024-01-24,DIRECTLY_RELEVANT,Prominent Bajaj Finance parent mention
20240124084500-268,20240124084500,webindia123.com,https://news.webindia123.com/news/Articles/Business/20240124/4161631.html,Does One Require a High CIBIL Score to Secure Gold Loans with Bajaj Finance?,ACCEPTED,True,2024-01-24,DIRECTLY_RELEVANT,Prominent Bajaj Finance parent mention
20240124104500-422,20240124104500,aninews.in,https://aninews.in/news/business/business/credit-health-monitoring-made-easy-with-bajaj-finserv-credit-pass20240124143445/,Credit Health Monitoring Made Easy with Bajaj Finserv Credit Pass,ACCEPTED,True,2024-01-25,NOT_RELEVANT,Standalone Bajaj Finserv holding company
20240124104500-68,20240124104500,aninews.in,https://www.aninews.in/news/business/business/credit-health-monitoring-made-easy-with-bajaj-finserv-credit-pass20240124143445/,Credit Health Monitoring Made Easy with Bajaj Finserv Credit Pass,ACCEPTED,True,2024-01-25,NOT_RELEVANT,Standalone Bajaj Finserv holding company
20240124104500-1294,20240124104500,srilankasource.com,https://www.srilankasource.com/news/274104764/credit-health-monitoring-made-easy-with-bajaj-finserv-credit-pass,Credit Health Monitoring Made Easy with Bajaj Finserv Credit Pass,ACCEPTED,True,2024-01-25,NOT_RELEVANT,Standalone Bajaj Finserv holding company
20240124104500-760,20240124104500,srilankasource.com,https://www.srilankasource.com/news/274104675/does-one-require-a-high-cibil-score-to-secure-gold-loans-with-bajaj-finance,Does One Require a High CIBIL Score to Secure Gold Loans with Bajaj Finance?,ACCEPTED,True,2024-01-25,DIRECTLY_RELEVANT,Prominent Bajaj Finance parent mention
20240125123000-1340,20240125123000,outlookindia.com,https://www.outlookindia.com/business-spotlight/making-fixed-deposits-more-accessible-and-attractive-bajaj-finance-s-innovative-approach-news-345465,Making Fixed Deposits More Accessible And Attractive: Bajaj Finance's Innovative Approach,ACCEPTED,True,2024-01-29,DIRECTLY_RELEVANT,Prominent Bajaj Finance parent mention
20240127061500-968,20240127061500,moneycontrol.com,https://www.moneycontrol.com/news/business/earnings/bajaj-finance-q3-preview-nii-to-rise-26-net-profit-to-jump-25-on-strong-aum-growth-12128171.html,"Bajaj Finance Q3 Preview: NII to rise 26%, net profit to jump 25% on strong AUM growth",ACCEPTED,True,2024-01-29,DIRECTLY_RELEVANT,Bajaj Finance earnings/AUM/financials
20240127063000-T1103,20240127063000,moneycontrol.com,https://hindi.moneycontrol.com/news/company/company-results/bajaj-finance-q3-preview-nii-to-jump-26-percent-net-profit-to-rise-25-percent-on-strong-aum-growth-1744261.html,"Bajaj Finance Q3 Preview: NII में 26% की वृद्धि, मजबूत AUM ग्रोथ के चलते नेट प्रॉफिट में हो सकता है 25% का इजाफा",ACCEPTED,True,2024-01-29,DIRECTLY_RELEVANT,Bajaj Finance earnings/AUM/financials
20240127090000-199,20240127090000,freepressjournal.in,https://www.freepressjournal.in/business/invest-with-confidence-the-unmatched-benefits-of-bajaj-finance-digital-fd,Invest with Confidence: The Unmatched Benefits of Bajaj Finance Digital FD,ACCEPTED,True,2024-01-29,DIRECTLY_RELEVANT,Prominent Bajaj Finance parent mention
20240128034500-153,20240128034500,indiainfoline.com,https://www.indiainfoline.com/article/earnings-preview/q-fy-preview-bajaj-finance-nii-seen-at-billion-pat-at-billion-1706408702098_1.html,"Q3FY24 Preview: Bajaj Finance: NII seen at ₹76.6 Billion, PAT at ₹37.5 Billion",ACCEPTED,True,2024-01-29,DIRECTLY_RELEVANT,Bajaj Finance earnings/AUM/financials
20240128051500-215,20240128051500,indiatimes.com,https://economictimes.indiatimes.com/markets/stocks/earnings/q3-results-this-week-itc-adani-ports-bajaj-finance-indigo-sbi-tata-motors-and-others/articleshow/107198217.cms,"Q3 results this week: ITC, Adani Ports, Bajaj Finance, IndiGo, SBI, Tata Motors and others",ACCEPTED,True,2024-01-29,DIRECTLY_RELEVANT,Bajaj Finance earnings/AUM/financials
20240128064500-382,20240128064500,indiatimes.com,https://economictimes.indiatimes.com/markets/stocks/earnings/bajaj-finance-q3-preview-pat-may-rise-26-yoy-led-by-robust-loan-growth-firm-margins/articleshow/107199764.cms,"Bajaj Finance Q3 Preview: PAT may rise 26% YoY led by robust loan growth, firm margins",ACCEPTED,True,2024-01-29,DIRECTLY_RELEVANT,Bajaj Finance earnings/AUM/financials
20240129021500-743,20240129021500,indiatimes.com,https://economictimes.indiatimes.com/markets/stocks/news/stocks-in-news-itc-bajaj-finance-tata-technologies-vedanta-vodafone-idea/articleshow/107213181.cms,"Stocks in news: Stocks in news: ITC, Bajaj Finance, Tata Technologies, Vedanta, Vodafone Idea",ACCEPTED,True,2024-01-29,NOT_RELEVANT,Generic stocks in news list
20240129033000-367,20240129033000,indiatimes.com,https://economictimes.indiatimes.com/markets/stocks/earnings/q3-results-today-itc-bajaj-finance-among-88-companies-to-announce-earnings-on-monday/articleshow/107214899.cms,"Q3 results today: ITC, Bajaj Finance among 88 companies to announce earnings on Monday",ACCEPTED,True,2024-01-29,DIRECTLY_RELEVANT,Bajaj Finance earnings/AUM/financials
20240129050000-177,20240129050000,indiatimes.com,https://economictimes.indiatimes.com/markets/stocks/earnings/bajaj-finance-q3-results-today-heres-all-dalal-street-needs-to-know-before-announcement/articleshow/107216954.cms,Bajaj Finance Q3 results today: Here's all Dalal Street needs to know before announcement,ACCEPTED,True,2024-01-29,DIRECTLY_RELEVANT,Bajaj Finance earnings/AUM/financials
20240129060000-318,20240129060000,businesstoday.in,https://www.businesstoday.in/markets/company-stock/story/bajaj-finance-q3-results-today-profit-likely-to-surge-over-20-provisions-may-rise-key-things-to-watch-415141-2024-01-29,Bajaj Finance Q3 results today: Profit likely to surge over 20%; provisions may rise. key things to watch,ACCEPTED,True,2024-01-29,DIRECTLY_RELEVANT,Bajaj Finance earnings/AUM/financials
20240129091500-59,20240129091500,livemint.com,https://www.livemint.com/market/market-stats/bajaj-finance-q3-results-s0003015,Bajaj Finance Q3 Results 2023 - Find Bajaj Finance Q3 Earnings Result,ACCEPTED,True,2024-01-29,DIRECTLY_RELEVANT,Bajaj Finance earnings/AUM/financials
20240129114500-406,20240129114500,marketscreener.com,https://www.marketscreener.com/quote/stock/BAJAJ-FINANCE-LIMITED-33647061/news/India-s-Bajaj-Finance-misses-Q3-profit-view-as-provisions-for-bad-loan-rise-45830076/,India's Bajaj Finance misses Q3 profit view as provisions for bad loan rise,ACCEPTED,True,2024-01-30,DIRECTLY_RELEVANT,Bajaj Finance earnings/AUM/financials
20240129114500-T2837,20240129114500,zonebourse.com,https://www.zonebourse.com/cours/action/BAJAJ-FINANCE-LIMITED-33647061/actualite/La-societe-indienne-Bajaj-Finance-n-atteint-pas-son-objectif-de-benefice-pour-le-troisieme-trim-45830076/,La société indienne Bajaj Finance n'atteint pas son objectif de bénéfice pour le troisième trimestre en raison de l'augmentation des provisions pour créances douteuses,ACCEPTED,True,2024-01-30,DIRECTLY_RELEVANT,Bajaj Finance earnings/AUM/financials
20240129120000-431,20240129120000,indiatimes.com,https://economictimes.indiatimes.com/markets/stocks/earnings/bajaj-finance-q3-results-net-profit-rises-22-yoy-to-rs-3639-crore-misses-estimates/articleshow/107232414.cms,"bajaj finance q3fy24 earnings: Bajaj Finance Q3 Results: Net profit rises 22% YoY to Rs 3,639 crore, but misses estimates",ACCEPTED,True,2024-01-30,DIRECTLY_RELEVANT,Bajaj Finance earnings/AUM/financials
20240129120000-583,20240129120000,businesstoday.in,https://www.businesstoday.in/markets/company-stock/story/bajaj-finance-q3-results-net-profit-rises-22-to-rs-3639-crore-revenue-up-31-415247-2024-01-29,"Bajaj Finance Q3 results: Net profit rises 22% to Rs 3,639 crore; revenue up 31%",ACCEPTED,True,2024-01-30,DIRECTLY_RELEVANT,Bajaj Finance earnings/AUM/financials
20240129120000-1174,20240129120000,moneycontrol.com,https://www.moneycontrol.com/news/business/bajaj-finance-q3-results-net-profit-rises-22-to-rs-3639-crore-12142971.html,"Bajaj Finance Q3 results: Net profit rises 22% to Rs 3,639 crore",ACCEPTED,True,2024-01-30,DIRECTLY_RELEVANT,Bajaj Finance earnings/AUM/financials
20240129121500-444,20240129121500,hindustantimes.com,https://www.hindustantimes.com/business/bajaj-finance-q3-results-net-profit-rises-22-to-rs-3-639-crore-revenue-up-31-101706528364132.html,"Bajaj Finance Q3 results: Net profit rises 22% to ₹3,639 crore; revenue up 31%",ACCEPTED,True,2024-01-30,DIRECTLY_RELEVANT,Bajaj Finance earnings/AUM/financials
20240129131500-917,20240129131500,financialexpress.com,https://www.financialexpress.com/business/banking-finance-bajaj-finance-misses-q3-profit-view-as-provisions-for-bad-loan-rise-3377987/,Bajaj Finance misses Q3 profit view as provisions for bad loan rise,ACCEPTED,True,2024-01-30,DIRECTLY_RELEVANT,Bajaj Finance earnings/AUM/financials
20240129140000-1146,20240129140000,menafn.com,https://menafn.com/1107780992/Bajaj-Finance-Q3-Net-Grows-To-Rs-317739-Crore,"Bajaj Finance Q3 Net Grows To Rs 3,177.39 Crore",ACCEPTED,True,2024-01-30,DIRECTLY_RELEVANT,Bajaj Finance earnings/AUM/financials
20240129140000-257,20240129140000,news18.com,https://www.news18.com/business/bajaj-finance-q3-results-net-profit-jumps-22-to-rs-3639-crore-revenue-up-31-8758679.html,"Bajaj Finance Q3 Results: Net Profit Jumps 22% To Rs 3,639 Crore, Revenue Up 31%",ACCEPTED,True,2024-01-30,DIRECTLY_RELEVANT,Bajaj Finance earnings/AUM/financials
20240129144500-487,20240129144500,prokerala.com,https://www.prokerala.com/news/articles/a1501462.html,"Bajaj Finance Q3 net grows to Rs 3,177.39 crore",ACCEPTED,True,2024-01-30,DIRECTLY_RELEVANT,Bajaj Finance earnings/AUM/financials
20240129154500-T982,20240129154500,moneycontrol.com,https://hindi.moneycontrol.com/news/business/bajaj-finance-q3-results-net-profit-rises-22-percent-to-rs-3639-crore-1747801.html,"Bajaj Finance Q3 results : दिसंबर तिमाही में 22% बढ़ा मुनाफा, 3639 करोड़ रुपये पर पहुंचा",ACCEPTED,True,2024-01-30,DIRECTLY_RELEVANT,Bajaj Finance earnings/AUM/financials
20240129181500-1708,20240129181500,business-standard.com,https://www.business-standard.com/companies/results/bajaj-finance-q3-results-consolidated-net-profit-up-22-at-rs-3-639-crore-124012900894_1.html,"Bajaj Finance Q3 results: Consolidated net profit up 22% at Rs 3,639 cr",ACCEPTED,True,2024-01-30,DIRECTLY_RELEVANT,Bajaj Finance earnings/AUM/financials
20240129200000-1980,20240129200000,thehindubusinessline.com,https://www.thehindubusinessline.com/companies/bajaj-finance-pat-up-22-to-3639-crore/article67790120.ece,"Bajaj Finance PAT up 22% to ₹3,639 crore - The Hindu BusinessLine",ACCEPTED,True,2024-01-30,DIRECTLY_RELEVANT,Bajaj Finance earnings/AUM/financials
20240129234500-1321,20240129234500,financialexpress.com,https://www.financialexpress.com/business/banking-finance-bajaj-finance-rejigs-leadership-team-3378238/,Bajaj Finance rejigs leadership team,ACCEPTED,True,2024-01-30,DIRECTLY_RELEVANT,Prominent Bajaj Finance parent mention
20240130021500-308,20240130021500,indiatimes.com,https://economictimes.indiatimes.com/markets/stocks/earnings/bajaj-finance-q3-net-profit-rises-22-on-strong-loan-growth/articleshow/107244068.cms,Bajaj Finance Q3 results: Bajaj Finance Q3 net profit rises 22% on strong loan growth,ACCEPTED,True,2024-01-30,DIRECTLY_RELEVANT,Bajaj Finance earnings/AUM/financials
20240130033000-314,20240130033000,moneycontrol.com,https://www.moneycontrol.com/news/business/markets/bajaj-finance-misses-street-estimates-for-q3-but-brokerages-remain-upbeat-12148331.html,Bajaj Finance misses Street estimates for Q3 but brokerages remain upbeat,ACCEPTED,True,2024-01-30,DIRECTLY_RELEVANT,Bajaj Finance earnings/AUM/financials
20240130043000-T272,20240130043000,prabhatkhabar.com,https://www.prabhatkhabar.com/business/stocks-to-watch-today-itc-bajaj-finance-epack-ntpc-havells-vodafone-idea-will-show-strength-mdn,"stocks to watch today itc bajaj finance epack ntpc havells vodafone idea will show strength mdn | Stocks to Watch: ITC, Bajaj Finance, Epack, NTPC, Havells समेत इन शेयरों में दिखेगा दम, तैयार कर लें लिस्ट",ACCEPTED,True,2024-01-30,NOT_RELEVANT,Generic stocks to watch list
20240130050000-15,20240130050000,indiatimes.com,https://economictimes.indiatimes.com/markets/stocks/news/hot-stocks-brokerage-view-on-ril-itc-gail-bajaj-finance-and-marico/articleshow/107248307.cms,"Hot Stocks: Brokerage view on RIL, ITC, GAIL, Bajaj Finance and Marico",ACCEPTED,True,2024-01-30,DIRECTLY_RELEVANT,Prominent Bajaj Finance parent mention
20240130050000-820,20240130050000,indiatimes.com,https://economictimes.indiatimes.com/markets/stocks/earnings/q3-results-today-lt-bajaj-finserv-dr-reddys-among-95-companies-to-announce-earnings/articleshow/107247279.cms,"Q3 results today: L&T, Bajaj Finserv, Dr Reddy's among 95 companies to announce earnings",ACCEPTED,True,2024-01-30,NOT_RELEVANT,Standalone Bajaj Finserv holding company
20240130053000-1103,20240130053000,livemint.com,https://www.livemint.com/market/stock-market-news/bajaj-finance-share-price-cracks-5-after-q3-result-what-should-investors-do-11706589483822.html,Bajaj Finance share price cracks 5% after Q3 result; what should investors do?,ACCEPTED,True,2024-01-30,DIRECTLY_RELEVANT,Bajaj Finance earnings/AUM/financials
20240130053000-229,20240130053000,thehindu.com,https://www.thehindu.com/business/markets/markets-fall-in-early-trade-dragged-by-bajaj-finance-and-reliance/article67791696.ece,Markets fall in early trade dragged by Bajaj Finance and Reliance,ACCEPTED,True,2024-01-30,DIRECTLY_RELEVANT,Prominent Bajaj Finance parent mention
20240130054500-527,20240130054500,india.com,https://zeenews.india.com/markets/markets-fall-in-early-trade-dragged-by-bajaj-finance-and-reliance-2715534.html,Markets Fall In Early Trade Dragged By Bajaj Finance And Reliance,ACCEPTED,True,2024-01-30,DIRECTLY_RELEVANT,Prominent Bajaj Finance parent mention
20240130060000-780,20240130060000,indiatimes.com,https://economictimes.indiatimes.com/markets/stocks/news/bajaj-finance-shares-plunge-5-on-q3-asset-quality-woes-should-you-buy/articleshow/107249622.cms,bajaj finance share price: Bajaj Finance shares plunge 5% on Q3 asset quality woes. Should you buy?,ACCEPTED,True,2024-01-30,DIRECTLY_RELEVANT,Bajaj Finance earnings/AUM/financials
20240130060000-928,20240130060000,businesstoday.in,https://www.businesstoday.in/markets/company-stock/story/why-bajaj-finance-shares-fell-5-post-q3-results-here-are-fresh-stock-price-targets-415324-2024-01-30,Why Bajaj Finance shares fell 5% post Q3 results? Here are fresh stock price targets,ACCEPTED,True,2024-01-30,DIRECTLY_RELEVANT,Bajaj Finance earnings/AUM/financials
20240130061500-1330,20240130061500,latestly.com,https://www.latestly.com/agency-news/india-news-markets-fall-in-early-trade-dragged-by-bajaj-finance-and-reliance-5726280.html,India News | Markets Fall in Early Trade Dragged by Bajaj Finance and Reliance,ACCEPTED,True,2024-01-30,DIRECTLY_RELEVANT,Prominent Bajaj Finance parent mention
20240130061500-722,20240130061500,news18.com,https://www.news18.com/business/stocks-to-watch-on-january-30-reliance-itc-gail-ntpc-bajaj-finance-others-8759275.html,"Stocks To Watch On January 30: Reliance, ITC, GAIL, NTPC, Bajaj Finance & Others",ACCEPTED,True,2024-01-30,NOT_RELEVANT,Generic stocks to watch list
20240130063000-1064,20240130063000,theweek.in,https://www.theweek.in/news/biz-tech/2024/01/30/sensex-nifty-fall-in-early-trade-dragged-by-bajaj-finance-and-reliance.html,"Sensex, Nifty fall in early trade dragged by Bajaj Finance and Reliance",ACCEPTED,True,2024-01-30,DIRECTLY_RELEVANT,Prominent Bajaj Finance parent mention
20240130071500-87,20240130071500,indiainfoline.com,https://www.indiainfoline.com/article/news-top-story/q-fy-review-bajaj-finance-marginal-miss-mgmt-changes-give-visibility-on-succession-with-rajeev-continuing-to-be-at-helm-1706597014469_1.html,Q3FY24 Review: Bajaj Finance: Marginal miss; mgmt. changes give visibility on succession with Rajeev continuing to be at helm,ACCEPTED,True,2024-01-30,DIRECTLY_RELEVANT,Bajaj Finance earnings/AUM/financials
20240130071500-810,20240130071500,indiatimes.com,https://economictimes.indiatimes.com/markets/expert-view/sanjiv-bhasin-picks-4-outperformers-to-ride-the-wave-prefers-jio-finance-to-bajaj-finance/articleshow/107252515.cms,Sanjiv Bhasin | Sanjiv Bhasin stocks: Sanjiv Bhasin picks 4 outperformers to ride the wave; prefers Jio Finance to Bajaj Finance,ACCEPTED,True,2024-01-30,DIRECTLY_RELEVANT,Prominent Bajaj Finance parent mention
20240130071500-720,20240130071500,hindustantimes.com,https://www.hindustantimes.com/business/bajaj-finance-share-price-cracks-5-today-whats-happening-101706593591084.html,Bajaj Finance share price cracks 5% today: What's happening?,ACCEPTED,True,2024-01-30,DIRECTLY_RELEVANT,Bajaj Finance stock/analyst coverage
20240130073000-984,20240130073000,menafn.com,https://menafn.com/1107784276/Bajaj-Finance-Shares-Slump-More-Than-4-Per-Cent-After-Quarterly-Results,Bajaj Finance Shares Slump More Than 4 Per Cent After Quarterly Results,ACCEPTED,True,2024-01-30,DIRECTLY_RELEVANT,Bajaj Finance earnings/AUM/financials
20240130080000-919,20240130080000,indiatimes.com,https://economictimes.indiatimes.com/markets/stocks/earnings/bajaj-finserv-q3-results-cons-pat-rises-21-yoy-to-rs-2158-crore-income-grows-34/articleshow/107254752.cms,"Bajaj Finserv Q3 Results: Cons PAT rises 21% YoY to Rs 2,158 crore, income grows 34%",ACCEPTED,True,2024-01-30,NOT_RELEVANT,Standalone Bajaj Finserv holding company
20240130083000-1230,20240130083000,moneycontrol.com,https://www.moneycontrol.com/news/business/bajaj-finserv-q3-results-net-profit-rises-21-to-rs-2157-67-crore-12152441.html,"Bajaj Finserv Q3 results: Net profit rises 21% to Rs 2,157.67 crore",ACCEPTED,True,2024-01-30,NOT_RELEVANT,Standalone Bajaj Finserv holding company
20240130084500-1009,20240130084500,prokerala.com,https://www.prokerala.com/news/articles/a1501629.html,Bajaj Finance shares slump more than 4 per cent after quarterly results,ACCEPTED,True,2024-01-30,DIRECTLY_RELEVANT,Bajaj Finance earnings/AUM/financials
20240130091500-373,20240130091500,financialexpress.com,https://www.financialexpress.com/business/industry-bajaj-finserv-q3-profit-rises-by-21-1-to-rs-215767-crore-revenue-up-335-on-year-3378766/,"Bajaj Finserv Q3 profit rises by 21.1% to Rs 2,157.67 crore, revenue up 33.5% on-year",ACCEPTED,True,2024-01-30,NOT_RELEVANT,Standalone Bajaj Finserv holding company
20240130100000-T614,20240130100000,nayaindia.com,https://www.nayaindia.com/business/bajaj-finance-share-444860.html,Bajaj Finance Share Fall More Than 4 Percent After Quarterly Results तिमाही नतीजों के बाद बजाज फाइनेंस के शेयरों में 4 फीसदी से ज्यादा गिरावट,ACCEPTED,True,2024-01-31,DIRECTLY_RELEVANT,Bajaj Finance earnings/AUM/financials
20240130111500-1220,20240130111500,moneycontrol.com,https://www.moneycontrol.com/news/business/bajaj-finserv-health-acquires-100-stake-in-vidal-healthcare-services-12154851.html,Bajaj Finserv Health acquires 100% stake in Vidal Healthcare Services,ACCEPTED,True,2024-01-31,NOT_RELEVANT,Standalone Bajaj Finserv product/subsidiary
20240130113000-T1062,20240130113000,moneycontrol.com,https://hindi.moneycontrol.com/news/company/company-results/bajaj-finserv-q3-results-net-profit-jumps-21-percent-to-rs-2157-67-crore-1749071.html,"Bajaj Finserv Q3 results: नेट प्रॉफिट 21% बढ़कर हुआ 2,157.67 करोड़ रुपये",ACCEPTED,True,2024-01-31,NOT_RELEVANT,Standalone Bajaj Finserv holding company
20240130114500-189,20240130114500,financialexpress.com,https://www.financialexpress.com/market/brokerages-bullish-on-bajaj-finance-find-out-why-3378702/,Brokerages bullish on Bajaj Finance: Find out why?,ACCEPTED,True,2024-01-31,DIRECTLY_RELEVANT,Prominent Bajaj Finance parent mention
20240130120000-1511,20240130120000,indiatimes.com,https://economictimes.indiatimes.com/markets/web-stories/gainers-amp-losers-bajaj-finance-tata-motors-among-5-stocks-in-spotlight-on-tuesday/slideshow/107263296.cms,"Gainers & Losers: Bajaj Finance, Tata Motors among 5 stocks in spotlight on Tuesday",ACCEPTED,True,2024-01-31,DIRECTLY_RELEVANT,Bajaj Finance stock/analyst coverage
20240130123000-778,20240130123000,prokerala.com,https://www.prokerala.com/news/articles/a1501753.html,"Bajaj Finserv to acquire Vidal Healthcare Services, subsidiaries, associate company for Rs 325 crore",ACCEPTED,True,2024-01-31,NOT_RELEVANT,Standalone Bajaj Finserv product/subsidiary
20240130124500-382,20240130124500,glamsham.com,https://glamsham.com/world/health-lifestyle/bajaj-finserv-to-acquire-vidal-healthcare-services-subsidiaries-associate-company-for-rs-325-crore,"Bajaj Finserv To Acquire Vidal Healthcare Services, Subsidiaries, Associate Company For Rs 325 Crore",ACCEPTED,True,2024-01-31,NOT_RELEVANT,Standalone Bajaj Finserv product/subsidiary
20240130124500-1511,20240130124500,menafn.com,https://menafn.com/1107786033/Bajaj-Finserv-To-Acquire-Vidal-Healthcare-Services-Subsidiaries-Associate-Company-For-Rs-325-Crore,"Bajaj Finserv To Acquire Vidal Healthcare Services, Subsidiaries, Associate Company For Rs 325 Crore",ACCEPTED,True,2024-01-31,NOT_RELEVANT,Standalone Bajaj Finserv product/subsidiary
20240130131500-1011,20240130131500,theweek.in,https://www.theweek.in/news/biz-tech/2024/01/30/sensex-falls-over-1-per-cent-reliance-itc-bajaj-finance-major-drags.html,"Sensex falls over 1 per cent; Reliance, ITC, Bajaj Finance major drags",ACCEPTED,True,2024-01-31,DIRECTLY_RELEVANT,Prominent Bajaj Finance parent mention
20240130131500-476,20240130131500,indiatimes.com,https://economictimes.indiatimes.com/industry/banking/finance/bajaj-finserv-health-arm-acquires-vidal-healthcare-valued-at-rs-325-crore/articleshow/107265221.cms,Vidal Healthcare: Bajaj Finserv health arm acquires Vidal Healthcare valued at Rs 325 crore,ACCEPTED,True,2024-01-31,NOT_RELEVANT,Standalone Bajaj Finserv product/subsidiary
20240130133000-1150,20240130133000,biospectrumindia.com,https://www.biospectrumindia.com/news/86/24135/bajaj-finserv-strengthens-healthcare-portfolio-by-acquiring-vidal-health-care-for-rs-325-cr.html,Bajaj Finserv strengthens healthcare portfolio by acquiring Vidal Health Care for Rs 325 Cr,ACCEPTED,True,2024-01-31,NOT_RELEVANT,Standalone Bajaj Finserv product/subsidiary
20240130141500-1671,20240130141500,vccircle.com,https://www.vccircle.com/bajajfinserv-to-acquire-healthcare-administrator-vidal,Bajaj Finserv to acquire healthcare administrator Vidal,ACCEPTED,True,2024-01-31,NOT_RELEVANT,Standalone Bajaj Finserv product/subsidiary
20240130141500-1270,20240130141500,moneylife.in,https://www.moneylife.in/article/bajaj-finserv-health-to-buy-vidal-healthcare-services-for-rs325-crore/73260.html,Bajaj Finserv Health to buy Vidal Healthcare Services for Rs325 crore,ACCEPTED,True,2024-01-31,NOT_RELEVANT,Standalone Bajaj Finserv product/subsidiary
20240130151500-1507,20240130151500,thehindubusinessline.com,https://www.thehindubusinessline.com/money-and-banking/bajaj-finservs-healthtech-arm-to-acquire-vidal-healthcare-for-325-crore/article67793225.ece,Bajaj Finserv's healthtech arm to acquire Vidal Healthcare for ₹325 crore,ACCEPTED,True,2024-01-31,NOT_RELEVANT,Standalone Bajaj Finserv product/subsidiary
20240130154500-2233,20240130154500,latestly.com,https://www.latestly.com/agency-news/latest-news-bajaj-finserv-health-arm-acquires-vidal-healthcare-valued-at-rs-325-crore-5727360.html,Latest News | Bajaj Finserv Health Arm Acquires Vidal Healthcare Valued at Rs 325 Crore,ACCEPTED,True,2024-01-31,NOT_RELEVANT,Standalone Bajaj Finserv product/subsidiary
20240130163000-T2492,20240130163000,moneycontrol.com,https://hindi.moneycontrol.com/news/markets/bajaj-finance-shares-drop-5-percent-are-top-losers-on-nifty-50-after-bad-loan-provisions-jump-1749961.html,"Bajaj Finance के शेयर 5% लुढ़के, Q3 नतीजों के बाद हो रही बिकवाली",ACCEPTED,True,2024-01-31,DIRECTLY_RELEVANT,Bajaj Finance earnings/AUM/financials
20240130191500-1073,20240130191500,thehindubusinessline.com,https://www.thehindubusinessline.com/markets/stock-markets/bajaj-finance-shares-slump-over-5-on-rising-stress-in-b2c-loan-portfolios/article67793899.ece,Bajaj Finance shares slump over 5% on rising stress in B2C loan portfolios.,ACCEPTED,True,2024-01-31,DIRECTLY_RELEVANT,Bajaj Finance stock/analyst coverage
20240130224500-139,20240130224500,livemint.com,https://www.livemint.com/companies/company-results/bajaj-finance-q3-fy24-results-live-profit-rise-by-22-4-yoy-11706649563125.html,Bajaj Finance Q3 FY24 Results Live : profit rise by 22.4% YOY,ACCEPTED,True,2024-01-31,DIRECTLY_RELEVANT,Bajaj Finance earnings/AUM/financials
20240131010000-818,20240131010000,indianexpress.com,https://indianexpress.com/article/insurance/day-after-sharp-gains-sensex-declines-over-1-on-heavy-selling-in-ril-bajaj-finance-9135698/,"Day after sharp gains, Sensex declines over 1% on heavy selling in RIL, Bajaj Finance",ACCEPTED,True,2024-01-31,DIRECTLY_RELEVANT,Bajaj Finance stock/analyst coverage
20240131013000-129,20240131013000,indiatimes.com,https://economictimes.indiatimes.com/markets/stocks/news/most-analysts-hold-targets-on-bajaj-finance-upside-seen-at-28/articleshow/107274824.cms,"Bajaj Finance: Most analysts hold targets on Bajaj Finance, upside seen at 28%",ACCEPTED,True,2024-01-31,DIRECTLY_RELEVANT,Bajaj Finance stock/analyst coverage
20240131033000-587,20240131033000,indiatimes.com,https://economictimes.indiatimes.com/markets/stocks/news/big-movers-on-d-street-what-should-investors-do-with-bajaj-finance-tata-investment-and-kfin-technologies/articleshow/107275777.cms,"Big movers on D-Street: What should investors do with Bajaj Finance, Tata Investment and KFin Technologies?",ACCEPTED,True,2024-01-31,DIRECTLY_RELEVANT,Prominent Bajaj Finance parent mention
20240131060000-578,20240131060000,thehindu.com,https://www.thehindu.com/brandhub/manage-your-financial-needs-with-a-doctor-loan-from-bajaj-finance/article67795442.ece,Manage your financial needs with a doctor loan from Bajaj Finance,ACCEPTED,True,2024-01-31,DIRECTLY_RELEVANT,Prominent Bajaj Finance parent mention
20240131144500-T2106,20240131144500,indiatimes.com,https://navbharattimes.indiatimes.com/business/business-news/bajaj-finserv-health-arm-acquires-vidal-healthcare-valued-at-rs-325-crore/articleshow/107295427.cms,"Bajaj Finserv Health Arm Acquires Vidal Healthcare,बजाज फिनसर्व हेल्थ ने किया विडाल हेल्थकेयर सर्विसेज का अधिग्रहण, देखें डिटेल - bajaj finserv health arm acquires vidal healthcare valued at rs 325 crore",ACCEPTED,True,2024-02-01,NOT_RELEVANT,Standalone Bajaj Finserv product/subsidiary
