gkg_record_id,date,source,url,headline,pipeline_stage,matcher_decision,trading_date,human_label,notes
20240401004500-559,20240401004500,lawgazette.co.uk,https://www.lawgazette.co.uk/news/uk-corporates-sign-in-house-pro-bono-pledge/5119230.article,UK corporates sign in-house pro bono pledge,REJECTED_ENTITY_MATCHER,False,,NOT_RELEVANT,Generic match without direct Bharti Airtel relevance
20240401013000-315,20240401013000,indianexpress.com,https://indianexpress.com/section/technology/techook/,"Techook: Latest Technology News, Mobile Phones, Smartphones News and Updates",REJECTED_ENTITY_MATCHER,False,,NOT_RELEVANT,Generic match without direct Bharti Airtel relevance
20240401013000-499,20240401013000,financialexpress.com,https://www.financialexpress.com/business/industry-duopoly-check-vnos-may-get-more-room-3442344/,Duopoly check: VNOs may get more room,REJECTED_ENTITY_MATCHER,False,,NOT_RELEVANT,Generic match without direct Bharti Airtel relevance
20240401021500-212,20240401021500,thehindubusinessline.com,https://www.thehindubusinessline.com/markets/share-market-nifty-sensex-live-updates-1st-april-2024/article68012792.ece,"Stock Market Live Updates: Sensex, Nifty hope to build on FY24's strong finish, eyes on RBI MPC meet",REJECTED_ENTITY_MATCHER,False,,NOT_RELEVANT,Generic match without direct Bharti Airtel relevance
20240401021500-148,20240401021500,udaipurkiran.com,https://udaipurkiran.com/government-has-taken-up-the-idea-of-airtel-reliance-jio-and-vodafone-to-end-usst-based-call-forwarding-on-smartphones-from-april-15/,"government has taken up the idea of ​​Airtel, Reliance Jio and Vodafone to end USST-based call forwarding on smartphones from April 15",REJECTED_ENTITY_MATCHER,False,,NOT_RELEVANT,Generic match without direct Bharti Airtel relevance
20240401031500-T1117,20240401031500,jagran.com,https://www.jagran.com/technology/tech-news-government-to-reliance-jio-airtel-and-vodafone-idea-suspend-ussd-based-call-forwarding-on-smartphones-23687031.html,"Call Forwarding स्कैम पर लगने जा रही लगाम, सरकार ने टेलीकॉम कंपनियों को दिया ये आदेश - Government to Reliance Jio Airtel and Vodafone Idea Suspend USSD based call forwarding on smartphones",REJECTED_ENTITY_MATCHER,False,,NOT_RELEVANT,Generic match without direct Bharti Airtel relevance
20240401034500-251,20240401034500,moneycontrol.com,https://www.moneycontrol.com/news/business/morning-scan-all-the-big-stories-to-get-you-started-for-the-day-686-12551921.html,Morning Scan: All the big stories to get you started for the day,REJECTED_ENTITY_MATCHER,False,,NOT_RELEVANT,Generic match without direct Bharti Airtel relevance
20240401034500-252,20240401034500,moneycontrol.com,https://www.moneycontrol.com/news/business/markets/moneycontrol-pro-market-outlook-high-probability-of-markets-touching-new-highs-during-the-week-12548731.html,Moneycontrol Pro Market Outlook | High probability of markets touching new highs during the week,REJECTED_ENTITY_MATCHER,False,,NOT_RELEVANT,Generic match without direct Bharti Airtel relevance
20240401051500-389,20240401051500,indiatimes.com,https://economictimes.indiatimes.com/markets/stocks/stock-watch/stock-market-update-power-stocks-up-as-market-rises/articleshow/108931981.cms,Stock Market Sectors: Stock market update: Power stocks up as market rises,REJECTED_ENTITY_MATCHER,False,,NOT_RELEVANT,Generic match without direct Bharti Airtel relevance
20240401051500-866,20240401051500,indiatimes.com,https://economictimes.indiatimes.com/markets/stocks/stock-watch/stock-market-update-sugar-stocks-up-as-market-rises/articleshow/108932086.cms,Stock Market Sectors: Stock market update: Sugar stocks up as market rises,REJECTED_ENTITY_MATCHER,False,,NOT_RELEVANT,Generic match without direct Bharti Airtel relevance
20240401053000-314,20240401053000,indiatimes.com,https://economictimes.indiatimes.com/markets/stocks/stock-watch/stock-market-update-stocks-that-hit-52-week-lows-on-nse/articleshow/108932577.cms,52 week high stocks: Stock market update: Stocks that hit 52-week lows on NSE,REJECTED_ENTITY_MATCHER,False,,NOT_RELEVANT,Generic match without direct Bharti Airtel relevance
20240401053000-853,20240401053000,newindianexpress.com,https://www.newindianexpress.com/business/2024/Apr/01/airtel-arm-penalised-for-alleged-irregularity-in-claiming-input-tax-credit-filing-2,Airtel arm penalised for alleged irregularity in claiming input tax credit: Filing,REJECTED_ENTITY_MATCHER,False,,NOT_RELEVANT,Generic match without direct Bharti Airtel relevance
20240401054500-916,20240401054500,indiatimes.com,https://economictimes.indiatimes.com/markets/stocks/stock-watch/share-market-update-most-active-stocks-on-d-street-today-in-terms-of-volume/articleshow/108932686.cms,share market: Share market update: Most active stocks on D-Street today in terms of volume,REJECTED_ENTITY_MATCHER,False,,NOT_RELEVANT,Generic match without direct Bharti Airtel relevance
20240401060000-713,20240401060000,indiatimes.com,https://economictimes.indiatimes.com/markets/stocks/stock-watch/stock-market-update-mining-stocks-up-as-market-rises/articleshow/108933155.cms,Stock Market Sectors: Stock market update: Mining stocks up as market rises,REJECTED_ENTITY_MATCHER,False,,NOT_RELEVANT,Generic match without direct Bharti Airtel relevance
20240401060000-714,20240401060000,bignewsnetwork.com,https://www.bignewsnetwork.com/news/274220900/stock-market-opens-on-a-bullish-note-nifty-sensex-surge,Stock market opens on a bullish note: Nifty-Sensex surge,REJECTED_ENTITY_MATCHER,False,,NOT_RELEVANT,Generic match without direct Bharti Airtel relevance
20240401060000-T0,20240401060000,bhaskar.com,https://www.bhaskar.com/business/news/stock-market-bse-sensex-nse-nifty-updates-1-april-132806993.html,"Stock Market BSE Sensex NSE Nifty Updates | 1 April | ऑल टाइम हाई पर शेयर बाजार: सेंसेक्स ने 74,254 और निफ्टी ने 22,529 का स्तर छुआ; मेटल, बैंकिंग और IT शेयर्स में बढ़त",REJECTED_ENTITY_MATCHER,False,,NOT_RELEVANT,Generic match without direct Bharti Airtel relevance
20240401061500-277,20240401061500,indiatimes.com,https://economictimes.indiatimes.com/markets/stocks/stock-watch/stock-market-update-fertilisers-stocks-up-as-market-rises/articleshow/108934128.cms,Stock Market Sectors: Stock market update: Fertilisers stocks up as market rises,REJECTED_ENTITY_MATCHER,False,,NOT_RELEVANT,Generic match without direct Bharti Airtel relevance
20240401061500-1063,20240401061500,livemint.com,https://www.livemint.com/market/tata-steel-adani-ports-special-economic-zone-others-hit-52-week-high-today-do-you-own-any-11711949400748.html,"Tata Steel, Adani Ports & Special Economic Zone & others hit 52 week high today ; Do you own any?",REJECTED_ENTITY_MATCHER,False,,NOT_RELEVANT,Generic match without direct Bharti Airtel relevance
20240401061500-215,20240401061500,udaipurkiran.com,https://udaipurkiran.com/tag/airtel-airfiber/,airtel airfiber | Udaipur Kiran,REJECTED_NON_ARTICLE_URL,False,,NOT_RELEVANT,Non-article URL / taxonomy tag page
20240401061500-1104,20240401061500,udaipurkiran.com,https://udaipurkiran.com/tag/jio-airfiber-vs-airtel-xstream-air-fiber/,jio airfiber vs airtel xstream air fiber,REJECTED_NON_ARTICLE_URL,False,,NOT_RELEVANT,Non-article URL / taxonomy tag page
20240401064500-1029,20240401064500,fonearena.com,https://www.fonearena.com/blog/420586/india-14th-place-in-global-5g-rankings-ookla.html,India secures 14th place in global 5G rankings with a 301.86 Mbps download speed: Ookla,REJECTED_ENTITY_MATCHER,False,,NOT_RELEVANT,Generic match without direct Bharti Airtel relevance
20240401070000-479,20240401070000,africaintelligence.com,"https://www.africaintelligence.com/eastern-africa-and-the-horn/2024/04/01/boosted-by-airtel-kingdom-of-buganda-plans-to-influence-2026-elections,110198305-art","Uganda : Boosted by Airtel, Kingdom of Buganda plans to influence 2026 elections",REJECTED_ENTITY_MATCHER,False,,NOT_RELEVANT,Generic match without direct Bharti Airtel relevance
20240401070000-80,20240401070000,nigeriasun.com,https://www.nigeriasun.com/news/274220900/stock-market-opens-on-a-bullish-note-nifty-sensex-surge,Stock market opens on a bullish note: Nifty-Sensex surge,REJECTED_ENTITY_MATCHER,False,,NOT_RELEVANT,Generic match without direct Bharti Airtel relevance
20240401071500-903,20240401071500,moneycontrol.com,https://www.moneycontrol.com/news/business/markets/which-stocks-and-sectors-will-be-in-focus-in-april-series-as-per-rollover-data-12553551.html,Which stocks and sectors will be in focus in April Series as per rollover data?,REJECTED_ENTITY_MATCHER,False,,NOT_RELEVANT,Generic match without direct Bharti Airtel relevance
20240401071500-16,20240401071500,aninews.in,https://aninews.in/news/business/stock-market-opens-on-a-bullish-note-nifty-sensex-surge20240401093949/,Stock market opens on a bullish note: Nifty-Sensex surge,REJECTED_ENTITY_MATCHER,False,,NOT_RELEVANT,Generic match without direct Bharti Airtel relevance
20240401071500-493,20240401071500,webindia123.com,https://news.webindia123.com/news/Articles/Business/20240401/4183427.html,Stock market opens on a bullish note: Nifty-Sensex surge,REJECTED_ENTITY_MATCHER,False,,NOT_RELEVANT,Generic match without direct Bharti Airtel relevance
20240401080000-194,20240401080000,shanghaisun.com,https://www.shanghaisun.com/news/274220900/stock-market-opens-on-a-bullish-note-nifty-sensex-surge,Stock market opens on a bullish note: Nifty-Sensex surge,REJECTED_ENTITY_MATCHER,False,,NOT_RELEVANT,Generic match without direct Bharti Airtel relevance
20240401081500-T1431,20240401081500,digit.in,https://www.digit.in/ta/news/telecom/reliance-jio-best-affordable-plan-with-long-term-validity-know-all.html,"Jio வெறும் ரூ,895 யில் கிடைக்கும் 336 நாட்கள் வேலிடிட்டி",REJECTED_ENTITY_MATCHER,False,,NOT_RELEVANT,Generic match without direct Bharti Airtel relevance
20240401081500-118,20240401081500,thehindubusinessline.com,https://www.thehindubusinessline.com/markets/sensex-nifty-open-higher-adani-ports-hits-lifetime-high/article68015014.ece,"Sensex, Nifty open higher; Adani Ports hits lifetime high - The Hindu BusinessLine",REJECTED_ENTITY_MATCHER,False,,NOT_RELEVANT,Generic match without direct Bharti Airtel relevance
20240401081500-280,20240401081500,udaipurkiran.com,https://udaipurkiran.com/jio-offering-cheaper-plan-than-airtel-20gb-extra-data-and-calling-free-enjoy-jiocinema-for-90-days/,"Jio offering cheaper plan than Airtel, 20GB extra data and calling free, enjoy JioCinema for 90 days",REJECTED_ENTITY_MATCHER,False,,NOT_RELEVANT,Generic match without direct Bharti Airtel relevance
20240401081500-938,20240401081500,udaipurkiran.com,https://udaipurkiran.com/tag/jio-offering-cheaper-plan-than-airtel/,Jio offering cheaper plan than Airtel,REJECTED_NON_ARTICLE_URL,False,,NOT_RELEVANT,Non-article URL / taxonomy tag page
20240401081500-1210,20240401081500,udaipurkiran.com,https://udaipurkiran.com/tag/airtel-fiber-vs-jio-fiber/,airtel fiber vs jio fiber | Udaipur Kiran,REJECTED_NON_ARTICLE_URL,False,,NOT_RELEVANT,Non-article URL / taxonomy tag page
20240401081500-1263,20240401081500,udaipurkiran.com,https://udaipurkiran.com/tag/airtel-fiber/,airtel fiber | Udaipur Kiran,REJECTED_NON_ARTICLE_URL,False,,NOT_RELEVANT,Non-article URL / taxonomy tag page
20240401081500-1156,20240401081500,udaipurkiran.com,https://udaipurkiran.com/tag/airtel-offering-cheaper-data-plan-than-jio-check-out-this-amazing-plan/,airtel offering cheaper data plan than jio | check out this amazing plan,REJECTED_NON_ARTICLE_URL,False,,NOT_RELEVANT,Non-article URL / taxonomy tag page
20240401081500-219,20240401081500,udaipurkiran.com,https://udaipurkiran.com/tag/airtel-plans/,airtel plans | Udaipur Kiran,REJECTED_NON_ARTICLE_URL,False,,NOT_RELEVANT,Non-article URL / taxonomy tag page
20240401081500-399,20240401081500,udaipurkiran.com,https://udaipurkiran.com/tag/airtel-vs-jio-internet-plans/,airtel vs jio internet plans | Udaipur Kiran,REJECTED_NON_ARTICLE_URL,False,,NOT_RELEVANT,Non-article URL / taxonomy tag page
20240401081500-453,20240401081500,udaipurkiran.com,https://udaipurkiran.com/tag/airtel-vs-jio-plans-comparison/,airtel vs jio plans comparison | Udaipur Kiran,REJECTED_NON_ARTICLE_URL,False,,NOT_RELEVANT,Non-article URL / taxonomy tag page
20240401081500-564,20240401081500,udaipurkiran.com,https://udaipurkiran.com/tag/airtel-vs-jio/,airtel vs jio | Udaipur Kiran,REJECTED_NON_ARTICLE_URL,False,,NOT_RELEVANT,Non-article URL / taxonomy tag page
20240401081500-285,20240401081500,udaipurkiran.com,https://udaipurkiran.com/tag/airtel-xstream-fiber/,airtel xstream fiber | Udaipur Kiran,REJECTED_NON_ARTICLE_URL,False,,NOT_RELEVANT,Non-article URL / taxonomy tag page
20240401081500-375,20240401081500,udaipurkiran.com,https://udaipurkiran.com/tag/cheaper-than-jio/,cheaper than jio | Udaipur Kiran,REJECTED_NON_ARTICLE_URL,False,,NOT_RELEVANT,Non-article URL / taxonomy tag page
20240401081500-562,20240401081500,udaipurkiran.com,https://udaipurkiran.com/tag/jio-fiber-plans/,jio fiber plans | Udaipur Kiran,REJECTED_NON_ARTICLE_URL,False,,NOT_RELEVANT,Non-article URL / taxonomy tag page
20240401081500-347,20240401081500,udaipurkiran.com,https://udaipurkiran.com/tag/jio-fiber-vs-airtel-fiber/,jio fiber vs airtel fiber | Udaipur Kiran,REJECTED_NON_ARTICLE_URL,False,,NOT_RELEVANT,Non-article URL / taxonomy tag page
20240401081500-317,20240401081500,udaipurkiran.com,https://udaipurkiran.com/tag/jio-fiber-vs-airtel-xstream-fiber/,jio fiber vs airtel xstream fiber | Udaipur Kiran,REJECTED_NON_ARTICLE_URL,False,,NOT_RELEVANT,Non-article URL / taxonomy tag page
20240401081500-1070,20240401081500,udaipurkiran.com,https://udaipurkiran.com/tag/jio-fiber-vs-airtel-xstream/,jio fiber vs airtel xstream | Udaipur Kiran,REJECTED_NON_ARTICLE_URL,False,,NOT_RELEVANT,Non-article URL / taxonomy tag page
20240401081500-192,20240401081500,udaipurkiran.com,https://udaipurkiran.com/tag/jio-to-provide-cheap-5g-plans-than-airtel/,jio to provide cheap 5g plans than airtel,REJECTED_NON_ARTICLE_URL,False,,NOT_RELEVANT,Non-article URL / taxonomy tag page
20240401081500-1245,20240401081500,udaipurkiran.com,https://udaipurkiran.com/tag/jio-vs-airtel-plans-comparison/,jio vs airtel plans comparison | Udaipur Kiran,REJECTED_NON_ARTICLE_URL,False,,NOT_RELEVANT,Non-article URL / taxonomy tag page
20240401081500-969,20240401081500,udaipurkiran.com,https://udaipurkiran.com/tag/jio-vs-airtel/,jio vs airtel | Udaipur Kiran,REJECTED_NON_ARTICLE_URL,False,,NOT_RELEVANT,Non-article URL / taxonomy tag page
20240401084500-943,20240401084500,itnewsonline.com,https://www.itnewsonline.com/PRNewswire/Movate-named-a-Leader-in-NelsonHall-CX-Services-Transformation-2024-NEAT-Evaluation/980500,Movate named a Leader in NelsonHall CX Services Transformation 2024 NEAT Evaluation,REJECTED_ENTITY_MATCHER,False,,NOT_RELEVANT,Generic match without direct Bharti Airtel relevance
20240401084500-83,20240401084500,newzealandstar.com,https://www.newzealandstar.com/news/274220900/stock-market-opens-on-a-bullish-note-nifty-sensex-surge,Stock market opens on a bullish note: Nifty-Sensex surge,REJECTED_ENTITY_MATCHER,False,,NOT_RELEVANT,Generic match without direct Bharti Airtel relevance
20240401090000-472,20240401090000,nairametrics.com,https://nairametrics.com/2024/04/01/dangote-cement-bua-foods-record-bumper-gains-as-equities-market-surges-by-n18-2-trillion-in-q1-2024/,"Dangote Cement, BUA Foods record bumper gains as equities market surges by N18.2 trillion in Q1 2024",REJECTED_ENTITY_MATCHER,False,,NOT_RELEVANT,Generic match without direct Bharti Airtel relevance
20240401090000-T2686,20240401090000,tarunmitra.in,https://www.tarunmitra.in/article/32632/sensex-and-nifty-made-a-new-record-of-strength-in,"शुरुआती कारोबार में ही शेयर बाजार में तेजी, सेंसेक्स और निफ्टी ने बनाया मजबूती का नया रिकॉर्ड",REJECTED_ENTITY_MATCHER,False,,NOT_RELEVANT,Generic match without direct Bharti Airtel relevance
20240401091500-38,20240401091500,techcabal.com,https://techcabal.com/2024/04/01/data-overtaking-calls/,Next Wave: Data overtaking calls isn't a bad thing,REJECTED_ENTITY_MATCHER,False,,NOT_RELEVANT,Generic match without direct Bharti Airtel relevance
20240401091500-693,20240401091500,aninews.in,https://www.aninews.in/news/business/movate-named-a-leader-in-nelsonhall-cx-services-transformation-2024-neat-evaluation20240401131919/,Movate named a Leader in NelsonHall CX Services Transformation 2024 NEAT Evaluation,REJECTED_ENTITY_MATCHER,False,,NOT_RELEVANT,Generic match without direct Bharti Airtel relevance
20240401093000-875,20240401093000,torontotelegraph.com,https://www.torontotelegraph.com/news/274220900/stock-market-opens-on-a-bullish-note-nifty-sensex-surge,Stock market opens on a bullish note: Nifty-Sensex surge,REJECTED_ENTITY_MATCHER,False,,NOT_RELEVANT,Generic match without direct Bharti Airtel relevance
20240401101500-601,20240401101500,aninews.in,https://aninews.in/news/business/movate-named-a-leader-in-nelsonhall-cx-services-transformation-2024-neat-evaluation20240401131919/,Movate named a Leader in NelsonHall CX Services Transformation 2024 NEAT Evaluation,REJECTED_ENTITY_MATCHER,False,,NOT_RELEVANT,Generic match without direct Bharti Airtel relevance
20240401101500-1132,20240401101500,latestly.com,https://www.latestly.com/agency-news/business-news-movate-named-a-leader-in-nelsonhall-cx-services-transformation-2024-neat-evaluation-5860687.html,Business News | Movate Named a Leader in NelsonHall CX Services Transformation 2024 NEAT Evaluation,REJECTED_ENTITY_MATCHER,False,,NOT_RELEVANT,Generic match without direct Bharti Airtel relevance
20240401101500-1330,20240401101500,webindia123.com,https://news.webindia123.com/news/Articles/Business/20240401/4183475.html,Movate named a Leader in NelsonHall CX Services Transformation 2024 NEAT Evaluation,REJECTED_ENTITY_MATCHER,False,,NOT_RELEVANT,Generic match without direct Bharti Airtel relevance
20240401103000-619,20240401103000,indiainfoline.com,https://www.indiainfoline.com/news/markets/market-update-nifty-and-sensex-gain-all-sectors-in-green,"Market Update: Nifty and Sensex Gain, All Sectors in Green",REJECTED_ENTITY_MATCHER,False,,NOT_RELEVANT,Generic match without direct Bharti Airtel relevance
20240401104500-763,20240401104500,oklahomacitysun.com,https://www.oklahomacitysun.com/news/274220900/stock-market-opens-on-a-bullish-note-nifty-sensex-surge,Stock market opens on a bullish note: Nifty-Sensex surge,REJECTED_ENTITY_MATCHER,False,,NOT_RELEVANT,Generic match without direct Bharti Airtel relevance
20240401110000-309,20240401110000,indiatimes.com,https://economictimes.indiatimes.com/markets/stocks/news/investors-richer-by-6l-cr-as-sensex-climbs-363-points-on-the-first-day-of-fy25/articleshow/108943078.cms,"sensex news today: Strong Start to FY25: Sensex rallies 363 points, boosting investor wealth by 6 lakh crore",REJECTED_ENTITY_MATCHER,False,,NOT_RELEVANT,Generic match without direct Bharti Airtel relevance
20240401111500-126,20240401111500,telegraphindia.com,https://www.telegraphindia.com/feeds/business/stock-markets-begin-new-fiscal-on-bullish-note-sensex-and-nifty-hit-all-time-high-in-intra-day/cid/2010469,Stock market | Stock markets begin new fiscal on bullish note; Sensex and Nifty hit all-time high in intra-day,REJECTED_ENTITY_MATCHER,False,,NOT_RELEVANT,Generic match without direct Bharti Airtel relevance
20240401111500-480,20240401111500,telegraphindia.com,https://www.telegraphindia.com/business/stock-markets-begin-new-fiscal-on-bullish-note-sensex-and-nifty-hit-all-time-high-in-intra-day/cid/2010469,Stock market | Stock markets begin new fiscal on bullish note; Sensex and Nifty hit all-time high in intra-day,REJECTED_ENTITY_MATCHER,False,,NOT_RELEVANT,Generic match without direct Bharti Airtel relevance
20240401111500-683,20240401111500,india.com,https://zeenews.india.com/markets/stock-markets-begin-new-fiscal-on-bullish-note-sensex-nifty-hit-all-time-high-in-intra-day-2736158.html,"Stock Markets Begin New Fiscal On Bullish Note; Sensex, Nifty Hit All-time High In Intra-Day",REJECTED_ENTITY_MATCHER,False,,NOT_RELEVANT,Generic match without direct Bharti Airtel relevance
20240401111500-1434,20240401111500,tribuneindia.com,https://www.tribuneindia.com/news/business/stock-markets-begin-new-fiscal-on-bullish-note-sensex-nifty-hit-all-time-high-in-intra-day-606288,"Stock markets begin new fiscal on bullish note; Sensex, Nifty hit all-time high in intra-day",REJECTED_ENTITY_MATCHER,False,,NOT_RELEVANT,Generic match without direct Bharti Airtel relevance
20240401111500-1464,20240401111500,indiatimes.com,https://economictimes.indiatimes.com/markets/stocks/stock-watch/stock-market-update-mining-stocks-up-as-market-rises/articleshow/108944065.cms,Stock Market Sectors: Stock market update: Mining stocks up as market rises,REJECTED_ENTITY_MATCHER,False,,NOT_RELEVANT,Generic match without direct Bharti Airtel relevance
20240401113000-922,20240401113000,indiatimes.com,https://economictimes.indiatimes.com/markets/stocks/stock-watch/stock-market-update-fmcg-stocks-up-as-market-rises/articleshow/108944601.cms,Stock Market Sectors: Stock market update: FMCG stocks up as market rises,REJECTED_ENTITY_MATCHER,False,,NOT_RELEVANT,Generic match without direct Bharti Airtel relevance
20240401113000-806,20240401113000,indiablooms.com,https://www.indiablooms.com/finance-details/20164/indian-stock-market-zooms-over-500-points-on-first-day-of-financial-year.html,Indian stock market zooms over 500 points on first day of financial year | Indiablooms - First Portal on Digital News Management,REJECTED_ENTITY_MATCHER,False,,NOT_RELEVANT,Generic match without direct Bharti Airtel relevance
20240401113000-349,20240401113000,theweek.in,https://www.theweek.in/wire-updates/business/2024/04/01/del74-biz-stocks-close.html,Stock markets begin new fiscal on bullish note Sensex Nifty hit all-time high in intra-day,REJECTED_ENTITY_MATCHER,False,,NOT_RELEVANT,Generic match without direct Bharti Airtel relevance
20240401113000-T2859,20240401113000,andhrajyothy.com,https://www.andhrajyothy.com/2024/technology/airtel-vs-jio-which-plan-provides-90gb-data-60-days-validity-vsl-1233582.html,"Airtel vs Jio: 60 రోజులకి 90 జీబీ డేటా ప్లాన్‌కి.. ఎయిర్‌టెల్ బెటరా.. లేదా జియోనా | Airtel vs Jio: Which plan provides 90GB data, 60 days validity vsl",REJECTED_ENTITY_MATCHER,False,,NOT_RELEVANT,Formulaic consumer recharge plan / OTT bundle comparison table
20240401114500-501,20240401114500,indiatimes.com,https://economictimes.indiatimes.com/markets/stocks/stock-watch/stock-market-update-fertilisers-stocks-up-as-market-rises/articleshow/108945552.cms,Stock Market Sectors: Stock market update: Fertilisers stocks up as market rises,REJECTED_ENTITY_MATCHER,False,,NOT_RELEVANT,Generic match without direct Bharti Airtel relevance
20240401114500-682,20240401114500,indiatimes.com,https://economictimes.indiatimes.com/markets/stocks/stock-watch/stock-market-update-power-stocks-up-as-market-rises/articleshow/108945966.cms,Stock Market Sectors: Stock market update: Power stocks up as market rises,REJECTED_ENTITY_MATCHER,False,,NOT_RELEVANT,Generic match without direct Bharti Airtel relevance
20240401120000-758,20240401120000,indiatimes.com,https://economictimes.indiatimes.com/markets/stocks/stock-watch/stock-market-update-sugar-stocks-up-as-market-rises/articleshow/108946412.cms,Stock Market Sectors: Stock market update: Sugar stocks up as market rises,REJECTED_ENTITY_MATCHER,False,,NOT_RELEVANT,Generic match without direct Bharti Airtel relevance
20240401120000-909,20240401120000,thehindubusinessline.com,https://www.thehindubusinessline.com/markets/sensex-nifty-begin-new-fiscal-on-bullish-note/article68015762.ece,"Sensex, Nifty begin new fiscal on bullish note - The Hindu BusinessLine",REJECTED_ENTITY_MATCHER,False,,NOT_RELEVANT,Generic match without direct Bharti Airtel relevance
20240401120000-T1262,20240401120000,moneycontrol.com,https://hindi.moneycontrol.com/news/markets/share-market-today-sensex-up-363-ponits-on-first-day-of-fy25-investor-earns-rs-6-38-lakh-crore-in-a-day-1882241.html,"Share Market: नए वित्त वर्ष की धमाकेदार शुरुआत, सेंसेक्स 363 अंक उछला, एक दिन में निवेशकों ₹6.38 लाख करोड़ कमाए",REJECTED_ENTITY_MATCHER,False,,NOT_RELEVANT,Generic match without direct Bharti Airtel relevance
20240401121500-595,20240401121500,aninews.in,https://aninews.in/news/business/reliance-jio-leads-indias-5g-revolution-with-swift-deployment-and-superior-performance-ookla-report20240401160013/,Reliance Jio leads India's 5G revolution with swift deployment and superior performance: Ookla report,REJECTED_ENTITY_MATCHER,False,,NOT_RELEVANT,Generic match without direct Bharti Airtel relevance
20240401121500-T2204,20240401121500,pardaphash.com,https://hindi.pardaphash.com/ookla-report-india-reaches-14th-position-in-global-5g-ranking-with-strong-download-speed/,"Ookla Report : ग्लोबल 5G परफॉर्मेंस रैंकिंग में भारत ने स्थिति को किया बेहतर, 14 वें स्थान पर पहुंचा",REJECTED_ENTITY_MATCHER,False,,NOT_RELEVANT,Generic match without direct Bharti Airtel relevance
20240401123000-722,20240401123000,theweek.in,https://www.theweek.in/wire-updates/business/2024/04/01/del101-biz-ld-stocks.html,Stock markets start new fiscal on a high Sensex Nifty scale new lifetime highs,REJECTED_ENTITY_MATCHER,False,,NOT_RELEVANT,Generic match without direct Bharti Airtel relevance
20240401124500-394,20240401124500,webindia123.com,https://news.webindia123.com/news/Articles/Business/20240401/4183556.html,Reliance Jio leads India's 5G revolution with swift deployment and superior performance: Ookla report,REJECTED_ENTITY_MATCHER,False,,NOT_RELEVANT,Generic match without direct Bharti Airtel relevance
20240401124500-1414,20240401124500,digit.in,https://www.digit.in/news/telecom/where-does-india-stand-on-5g-download-and-upload-speeds.html,Where does India stand on 5G download and upload speeds?,REJECTED_ENTITY_MATCHER,False,,NOT_RELEVANT,Generic match without direct Bharti Airtel relevance
20240401124500-2,20240401124500,centralchronicle.com,https://www.centralchronicle.com/on-1st-day-of-new-fiscal-stock-market-zooms-526-points/,"On 1st day of new fiscal, stock market zooms 526 points | Central India's Premier English Daily",REJECTED_ENTITY_MATCHER,False,,NOT_RELEVANT,Generic match without direct Bharti Airtel relevance
20240401124500-T549,20240401124500,digit.in,https://www.digit.in/hi/news/telecom/airtel-vs-jio-vs-vi-vs-bsnl-plans-under-rs-400-with-huge-data.html,Jio vs Airtel vs Vi vs BSNL: 400 रुपए के अंदर किसके पास है भरपूर डेली डेटा और ताबड़तोड़ बेनेफिट्स?,REJECTED_ENTITY_MATCHER,False,,NOT_RELEVANT,Generic match without direct Bharti Airtel relevance
20240401124500-T562,20240401124500,digit.in,https://www.digit.in/hi/features/telecom/airtel-best-recharge-plans-with-ott-subscription.html,"Airtel के सबसे खास रिचार्ज प्लांस, OTT Subscription FREE",REJECTED_ENTITY_MATCHER,False,,NOT_RELEVANT,Generic match without direct Bharti Airtel relevance
20240401130000-T2030,20240401130000,prabhatkhabar.com,https://www.prabhatkhabar.com/technology/5g-speed-india-in-top-15-countries-of-world-rjv,5G Speed में भारत दुनिया के टॉप 15 देशों में शामिल,REJECTED_ENTITY_MATCHER,False,,NOT_RELEVANT,Generic match without direct Bharti Airtel relevance
20240401130000-T2098,20240401130000,punjabkesari.in,https://www.punjabkesari.in/business/news/closing-bell-market-closed-on-green-mark-nifty-at-22459-level-1961114,"नए वित्त वर्ष के पहले दिन शेयर बाजार की मजबूत शुरूआत, सेंसेक्स 363 अंक चढ़ा - closing bell market closed on green mark nifty at 22459 level",REJECTED_ENTITY_MATCHER,False,,NOT_RELEVANT,Generic match without direct Bharti Airtel relevance
20240401130000-803,20240401130000,latestly.com,https://www.latestly.com/agency-news/india-news-stock-markets-start-new-fiscal-on-a-high-sensex-nifty-scale-new-lifetime-highs-5861388.html,"India News | Stock Markets Start New Fiscal on a High; Sensex, Nifty Scale New Lifetime Highs",REJECTED_ENTITY_MATCHER,False,,NOT_RELEVANT,Generic match without direct Bharti Airtel relevance
20240401134500-1036,20240401134500,indiatimes.com,https://telecom.economictimes.indiatimes.com/news/industry/vodafone-idea-seeks-to-leverage-vodafone-groups-5g-b2b-expertise-for-enterprise-opportunities-executive/108946635,"Vodafone Idea seeks to leverage Vodafone Group's 5G B2B expertise for enterprise opportunities: Executive, ET Telecom",REJECTED_ENTITY_MATCHER,False,,NOT_RELEVANT,Generic match without direct Bharti Airtel relevance
20240401140000-438,20240401140000,thehindu.com,https://www.thehindu.com/business/markets/stock-markets-start-new-fiscal-on-a-high-sensex-nifty-scale-new-lifetime-highs/article68016200.ece,"Stock markets start new fiscal on a high; Sensex, Nifty scale new lifetime highs",REJECTED_ENTITY_MATCHER,False,,NOT_RELEVANT,Generic match without direct Bharti Airtel relevance
20240401141500-1636,20240401141500,theweek.in,https://www.theweek.in/wire-updates/business/2024/04/01/del114-biz-stocks-wealth.html,Markets rally make investors richer by Rs 10.58 lakh cr in three days,REJECTED_ENTITY_MATCHER,False,,NOT_RELEVANT,Generic match without direct Bharti Airtel relevance
20240401143000-618,20240401143000,indianexpress.com,https://indianexpress.com/article/business/markets-rally-investors-richer-rs-10-58-lakh-crore-three-days-9245406/,Markets rally make investors richer by Rs 10.58 lakh crore in three days,REJECTED_ENTITY_MATCHER,False,,NOT_RELEVANT,Generic match without direct Bharti Airtel relevance
20240401144500-1287,20240401144500,lightreading.com,https://www.lightreading.com/5g/india-under-pressure-to-release-6ghz-for-5g,India under pressure to release 6GHz for 5G,REJECTED_ENTITY_MATCHER,False,,NOT_RELEVANT,Generic match without direct Bharti Airtel relevance
20240401144500-410,20240401144500,rediff.com,https://www.rediff.com/business/report/stock-markets-begin-new-fiscal-on-bullish-note/20240401.htm,Stock markets begin new fiscal on bullish note,REJECTED_ENTITY_MATCHER,False,,NOT_RELEVANT,Generic match without direct Bharti Airtel relevance
20240401150000-1156,20240401150000,indiatimes.com,https://timesofindia.indiatimes.com/business/india-business/stock-market-rally-bse-sensex-jumps-over-2-in-3-days-leaves-investors-richer-by-rs-10-58-lakh-crore/articleshow/108949662.cms,Stock market rally: BSE Sensex jumps over 2% in 3 days; leaves investors richer by Rs 10.58 lakh crore,REJECTED_ENTITY_MATCHER,False,,NOT_RELEVANT,Generic match without direct Bharti Airtel relevance
20240401154500-306,20240401154500,beebom.com,https://beebom.com/snapdragon-7-gen-3-vs-dimensity-8300-benchmark/,Snapdragon 7 Gen 3 vs Dimensity 8300 Ultra Benchmark Comparison,REJECTED_ENTITY_MATCHER,False,,NOT_RELEVANT,Generic match without direct Bharti Airtel relevance
20240401161500-T2433,20240401161500,moneycontrol.com,https://hindi.moneycontrol.com/news/your-money/airtel-plan-of-2-months-which-gives-unlimited-call-free-sms-and-mobile-data-service-1882771.html,"एयरटेल का 2 महीने का जबरदस्त प्लान, एक दिन का खर्च सिर्फ 8 रुपये",REJECTED_ENTITY_MATCHER,False,,NOT_RELEVANT,Generic match without direct Bharti Airtel relevance
20240401161500-T2405,20240401161500,divyahimachal.com,https://www.divyahimachal.com/2024/04/market-rose-for-the-third-consecutive-day-sensex-crossed-74-thousand-points/,"लगातार तीसरे दिन चढ़ा बाजार, सेंसेक्स 74 हजार अंक के पार",REJECTED_ENTITY_MATCHER,False,,NOT_RELEVANT,Generic match without direct Bharti Airtel relevance
20240401170000-T1129,20240401170000,livehindustan.com,https://www.livehindustan.com/gadgets/airtel-cheapest-wifi-plan-coming-with-free-ott-tv-channels-unlimited-calls-400mbps-internet-201711986053289.html,"Airtel cheapest wifi plan coming with free OTT TV channels unlimited calls 400mbps internet ₹699 में 2199 रुपये के फायदे, Wi-Fi, फोन, DTH, OTT सब; Airtel का सबसे सस्ता प्लान",REJECTED_ENTITY_MATCHER,False,,NOT_RELEVANT,Formulaic consumer recharge plan / OTT bundle comparison table
20240401174500-1420,20240401174500,business-standard.com,https://www.business-standard.com/industry/news/jio-cements-market-lead-with-4-18-mn-mobile-subscriber-addition-in-jan-124040101092_1.html,Jio cements market lead with 4.18 mn mobile subscriber addition in Jan,REJECTED_ENTITY_MATCHER,False,,NOT_RELEVANT,Generic match without direct Bharti Airtel relevance
20240401180000-1379,20240401180000,moneycontrol.com,https://www.moneycontrol.com/news/business/markets/trade-setup-for-tuesday-15-things-to-know-before-opening-bell-25-12557281.html,Trade setup for Tuesday: 15 things to know before opening bell,REJECTED_ENTITY_MATCHER,False,,NOT_RELEVANT,Generic match without direct Bharti Airtel relevance
20240401194500-1045,20240401194500,rediff.com,https://www.rediff.com/business/report/markets-rally-make-investors-richer-by-rs-1058-lakh-cr-in-three-days/20240401.htm,Markets rally make investors richer by Rs 10.58 lakh cr in three days,REJECTED_ENTITY_MATCHER,False,,NOT_RELEVANT,Generic match without direct Bharti Airtel relevance
20240401194500-T994,20240401194500,navabharat.com,https://navabharat.com/?p=8336,विदेश में रहने वाले नागरिकों से धोखाधड़ी करने वाला गिरोह गिरफ्त में,REJECTED_ENTITY_MATCHER,False,,NOT_RELEVANT,Generic match without direct Bharti Airtel relevance
20240401194500-T1005,20240401194500,navabharat.com,https://navabharat.com/?p=8260,"लगातार तीसरे दिन चढ़ा बाजार, सेंसेक्स 74 हजार अंक के पार",REJECTED_ENTITY_MATCHER,False,,NOT_RELEVANT,Generic match without direct Bharti Airtel relevance
20240401210000-T513,20240401210000,digit.in,https://www.digit.in/ml/news/telecom/airtel-90gb-plan-offers-unlimited-benefits-with-60-days-validity.html,Airtel 90GB Plan: തുച്ഛ വിലയ്ക്ക് 60 ദിവസത്തേക്ക് Unlimited ഓഫറുകളും ക്യാഷ്ബാക്കും...,REJECTED_ENTITY_MATCHER,False,,NOT_RELEVANT,Generic match without direct Bharti Airtel relevance
20240402001500-T852,20240402001500,amarujala.com,https://www.amarujala.com/business/business-diary/passengers-will-be-able-to-come-out-of-plane-if-flight-is-delayed-bcas-changed-rules-business-updates-2024-04-02,Passengers Will Be Able To Come Out Of Plane If Flight Is Delayed Bcas Changed Rules Business Updates - Amar Ujala Hindi News Live - Biz Updates:उड़ान में देरी पर विमान से बाहर आ सकेंगे यात्री; बीसीएएस ने किया नियमों में बदलाव,REJECTED_ENTITY_MATCHER,False,,NOT_RELEVANT,Generic match without direct Bharti Airtel relevance
20240402010000-319,20240402010000,openpr.com,https://www.openpr.com/news/3448370/global-position-system-gps-antenna-market-size-2024-to-2031,Global Position System GPS Antenna Market Size 2024 to 2031.,REJECTED_ENTITY_MATCHER,False,,NOT_RELEVANT,Generic match without direct Bharti Airtel relevance
20240402011500-1477,20240402011500,indiatimes.com,https://economictimes.indiatimes.com/markets/stocks/news/stocks-in-news-abfrl-hero-motocorp-infosys-ril-bharat-electronics/articleshow/108958004.cms,"Stocks in news: Stocks in news: ABFRL, Hero MotoCorp, Infosys, RIL, Bharat Electronics",REJECTED_ENTITY_MATCHER,False,,NOT_RELEVANT,Generic stocks in news list
20240402014500-T1288,20240402014500,indiatimes.com,https://navbharattimes.indiatimes.com/business/share-market/share-news/stock-market-prediction-today-these-stocks-including-jindal-saw-and-jm-financial-show-bullish-signs/articleshow/108952958.cms,"Stock Market Prediction Today these stocks including Jindal Saw and JM Financial show bullish signs: आज Jindal Saw और JM Financial सहित ये शेयर देंगे तगड़ा मुनाफा, दिख रहे तेजी के संकेत",REJECTED_ENTITY_MATCHER,False,,NOT_RELEVANT,Generic match without direct Bharti Airtel relevance
20240402021500-646,20240402021500,indiatimes.com,https://timesofindia.indiatimes.com/city/mumbai/sensex-nifty-hit-new-lifetime-peaks/articleshow/108955752.cms,"Sensex: Sensex, Nifty Hit New Lifetime Peaks | Mumbai News",REJECTED_ENTITY_MATCHER,False,,NOT_RELEVANT,Generic match without direct Bharti Airtel relevance
20240402034500-537,20240402034500,rashtranews.com,https://www.rashtranews.com/bears-return-to-d-street-after-two-day-rally-sensex-tumbles-over-700-points-nifty-ends-below-17200/,"Bears return to D-Street after two-day rally; Sensex tumbles over 700 points, Nifty ends below 17,200",REJECTED_ENTITY_MATCHER,False,,NOT_RELEVANT,Generic match without direct Bharti Airtel relevance
20240402040000-975,20240402040000,thenorthlines.com,https://thenorthlines.com/airtel-announces-special-ipl-bonanza-offers-starting-at-inr-39/,Airtel announces special IPL Bonanza offers starting at INR 39,REJECTED_ENTITY_MATCHER,False,,NOT_RELEVANT,Generic match without direct Bharti Airtel relevance
20240402043000-1313,20240402043000,thehindubusinessline.com,https://www.thehindubusinessline.com/info-tech/jio-dominates-telecom-market-with-4178-lakh-new-subscribers-in-january-trai-data/article68018687.ece,Jio dominates telecom market with 41.78 lakh new subscribers in January: TRAI data,REJECTED_ENTITY_MATCHER,False,,NOT_RELEVANT,Generic match without direct Bharti Airtel relevance
20240402051500-592,20240402051500,freepressjournal.in,https://www.freepressjournal.in/business/its-all-red-major-banking-shares-slump-as-markets-start-on-a-negative-note,"Its All Red: Major Banking Shares Slump, As Markets Start On A Negative Note",REJECTED_ENTITY_MATCHER,False,,NOT_RELEVANT,Generic match without direct Bharti Airtel relevance
20240402051500-T2130,20240402051500,bhaskar.com,https://www.bhaskar.com/business/news/stock-market-bse-sensex-nse-nifty-updates-2-april-132812004.html,"Stock Market BSE Sensex NSE Nifty Updates | 2 April | आज शेयर बाजार में गिरावट: सेंसेक्स में 100 अंक से ज्यादा की गिरावट, IT और बैंकिंग शेयर टूटे",REJECTED_ENTITY_MATCHER,False,,NOT_RELEVANT,Generic match without direct Bharti Airtel relevance
20240402060000-385,20240402060000,news18.com,https://www.news18.com/business/stocks-to-watch-infosys-zomato-ril-hdfc-bank-ntpc-maruti-ashok-leyland-and-others-8836429.html,"Stocks to Watch: Infosys, Zomato, RIL, HDFC Bank, NTPC, Maruti, Ashok Leyland, and Others",REJECTED_ENTITY_MATCHER,False,,NOT_RELEVANT,Generic match without direct Bharti Airtel relevance
20240402063000-T1439,20240402063000,moneycontrol.com,https://hindi.moneycontrol.com/news/markets/buzzing-stocks-in-news-from-infosys-to-zomato-these-10-shares-are-making-headlines-today-1883391.html,"Buzzing Stocks: इंफोसिस से लेकर जोमैटो तक, आज इन 10 शेयरों पर निवेशक रखें नजर",REJECTED_ENTITY_MATCHER,False,,NOT_RELEVANT,Generic match without direct Bharti Airtel relevance
20240402070000-431,20240402070000,punchng.com,https://punchng.com/hf-markets-minimum-deposit/,HF Markets Minimum Deposit (how much you pay in different countries),REJECTED_ENTITY_MATCHER,False,,NOT_RELEVANT,Generic match without direct Bharti Airtel relevance
20240402073000-219,20240402073000,siliconindia.com,https://www.siliconindia.com/news/general/stocks-on-focus-abfrl-infosys-ril-airtel-vi-sanofi-hal-aurobindo-pharma-nid-228767-cid-1.html,"Stocks on Focus: ABFRL, Infosys, RIL, Airtel, Vi, Sanofi, HAL, Aurobindo Pharma",REJECTED_ENTITY_MATCHER,False,,NOT_RELEVANT,Generic match without direct Bharti Airtel relevance
20240402081500-134,20240402081500,techweez.com,https://techweez.com/2024/04/02/cak-airtel-atc-tower-deal-investigation/,CAK Greenlighted Airtel Tower Deal After Probe Found No Violations,REJECTED_ENTITY_MATCHER,False,,NOT_RELEVANT,Generic match without direct Bharti Airtel relevance
20240402081500-418,20240402081500,indiainfoline.com,https://www.indiainfoline.com/news/business/reliance-jio-leads-with-41-78-lakh-new-mobile-subscribers-in-january-2024,Reliance Jio Leads with 41.78 Lakh New Mobile Subscribers in January 2024,REJECTED_ENTITY_MATCHER,False,,NOT_RELEVANT,Generic match without direct Bharti Airtel relevance
20240402084500-1068,20240402084500,marketscreener.com,https://www.marketscreener.com/quote/stock/ECOCASH-HOLDINGS-ZIMBABWE-57471313/news/EcoCash-Zimbabwe-Circular-to-shareholders-46336211/,"EcoCash Zimbabwe : Circular to shareholders -April 02, 2024 at 04:23 am EDT",REJECTED_ENTITY_MATCHER,False,,NOT_RELEVANT,Generic match without direct Bharti Airtel relevance
20240402093000-602,20240402093000,leadership.ng,https://leadership.ng/addressing-mvnos-challenges-in-nigeria/,Addressing MVNOs' Challenges In Nigeria,REJECTED_ENTITY_MATCHER,False,,NOT_RELEVANT,Generic match without direct Bharti Airtel relevance
20240402093000-1219,20240402093000,moneycontrol.com,https://www.moneycontrol.com/news/business/markets/telecom-stocks-flat-on-muted-subscriber-trends-analysts-eye-jios-market-share-gains-12558431.html,Telecom stocks flat on muted subscriber trends; analysts eye Jio's market share gains,REJECTED_ENTITY_MATCHER,False,,NOT_RELEVANT,Generic match without direct Bharti Airtel relevance
20240402094500-T1076,20240402094500,khaskhabar.com,https://www.khaskhabar.com/picture-news/gadget-news-jio-boosts-5g-performance-in-india-news-hindi-1-628935-KKN.html,Jio boosts 5G performance in India - www.khaskhabar.com,REJECTED_ENTITY_MATCHER,False,,NOT_RELEVANT,Generic match without direct Bharti Airtel relevance
20240402103000-1044,20240402103000,lawgazette.co.uk,https://www.lawgazette.co.uk/news/corporate-giants-sign-in-house-pro-bono-pledge/5119230.article,UK corporates sign in-house pro bono pledge,REJECTED_ENTITY_MATCHER,False,,NOT_RELEVANT,Generic match without direct Bharti Airtel relevance
20240402104500-186,20240402104500,indiatimes.com,https://economictimes.indiatimes.com/markets/ipos/fpos/bharti-hexacoms-rs-4275-crore-ipo-opens-on-wednesday-what-gmp-indicates-ahead-of-subscription/articleshow/108972862.cms,"Bharti Hexacom's Rs 4,275 crore IPO opens on Wednesday. What GMP indicates ahead of subscription",REJECTED_ENTITY_MATCHER,False,,DIRECTLY_RELEVANT,Bharti Hexacom IPO / landmark listing involving promoter Bharti Airtel
20240402111500-196,20240402111500,businesstoday.in,https://www.businesstoday.in/markets/ipo-corner/story/bharti-hexacom-ipo-should-you-subscribe-to-the-bharti-groups-issue-423964-2024-04-02,Bharti Hexacom IPO: Should you subscribe to the Bharti Group's issue?,REJECTED_ENTITY_MATCHER,False,,DIRECTLY_RELEVANT,Bharti Hexacom IPO / landmark listing involving promoter Bharti Airtel
20240402111500-503,20240402111500,livelaw.in,https://www.livelaw.in/top-stories/supreme-court-judgments-and-orders-weekly-digest-march-2024-254009,Supreme Court Weekly Digest With Subject /Statute Wise Index [March 11 to 17],REJECTED_ENTITY_MATCHER,False,,NOT_RELEVANT,Generic match without direct Bharti Airtel relevance
20240402111500-T2240,20240402111500,digit.in,https://www.digit.in/hi/news/telecom/airtel-takes-on-jio-with-its-rs-519-prepaid-plan.html,"Airtel ने Jio को चटाई धूल, कम कीमत में दे रहा अधिक डेटा, लंबी वैलिडिटी, भारी कैशबैक और बहुत कुछ…",REJECTED_ENTITY_MATCHER,False,,NOT_RELEVANT,Generic match without direct Bharti Airtel relevance
20240402111500-T1047,20240402111500,digit.in,https://www.digit.in/ta/features/telecom/airtel-vs-jio-vs-vi-vs-bsnl-plans-under-rs-400-which-is-best.html,"Jio vs Airtel vs Vi vs BSNL ரூ,400 இந்த பிளானில் எது பெஸ்ட்",REJECTED_ENTITY_MATCHER,False,,NOT_RELEVANT,Generic match without direct Bharti Airtel relevance
20240402113000-1004,20240402113000,indiatimes.com,https://timesofindia.indiatimes.com/business/india-business/closing-bell-sensex-decline-around-100-points-nifty-settles-at-22453/articleshow/108973580.cms,"Closing bell: Sensex decline around 100 points, Nifty settles at 22,453",REJECTED_ENTITY_MATCHER,False,,NOT_RELEVANT,Generic match without direct Bharti Airtel relevance
20240402120000-1456,20240402120000,orissadiary.com,https://orissadiary.com/reliance-jio-leads-indias-5g-revolution-with-swift-deployment-and-superior-performance-ookla-report/,"Reliance Jio Leads India's 5G Revolution with Swift Deployment and Superior Performance: Ookla Report – Odisha Diary, Latest Odisha News, Breaking News Odisha",REJECTED_ENTITY_MATCHER,False,,NOT_RELEVANT,Generic match without direct Bharti Airtel relevance
20240402121500-224,20240402121500,dnaindia.com,https://www.dnaindia.com/business/report-meet-woman-sakshi-chhabra-mittal-who-worked-as-investor-founded-her-firm-daughter-in-law-of-sunil-mittal-3083807,"Meet woman who worked as investor in UK, founded her firm, daughter-in-law of billionaire with Rs 76730 cr net worth",REJECTED_ENTITY_MATCHER,False,,NOT_RELEVANT,Generic match without direct Bharti Airtel relevance
20240402121500-177,20240402121500,indiatimes.com,https://economictimes.indiatimes.com/markets/stocks/stock-watch/stock-market-update-power-stocks-up-as-market-falls/articleshow/108976793.cms,Stock Market Sectors: Stock market update: Power stocks up as market falls,REJECTED_ENTITY_MATCHER,False,,NOT_RELEVANT,Generic match without direct Bharti Airtel relevance
20240402131500-787,20240402131500,theafricareport.com,https://www.theafricareport.com/342154/uganda-mtn-posts-stellar-profits-as-airtel-fails-its-targets/,Uganda: MTN posts stellar profits as Airtel fails its targets,REJECTED_ENTITY_MATCHER,False,,NOT_RELEVANT,Generic match without direct Bharti Airtel relevance
20240402143000-1549,20240402143000,thehindubusinessline.com,https://www.thehindubusinessline.com/markets/stock-market-highlights-2-april-2024/article68016082.ece,"Share Market Highlights 2nd April 2024: Sensex, Nifty retreat after three-day rally; profit-taking dominates",REJECTED_ENTITY_MATCHER,False,,NOT_RELEVANT,Generic match without direct Bharti Airtel relevance
20240402144500-1768,20240402144500,indiatimes.com,https://economictimes.indiatimes.com/markets/stocks/news/voda-idea-holds-egm-to-seek-shareholders-nod-to-raise-rs-20000-cr-via-securities/articleshow/108980501.cms,"Voda Idea holds EGM to seek shareholders' nod to raise Rs 20,000 cr via securities",REJECTED_ENTITY_MATCHER,False,,NOT_RELEVANT,Generic match without direct Bharti Airtel relevance
20240402144500-897,20240402144500,medianama.com,https://www.medianama.com/2024/04/223-indias-broadband-user-base-hit-911-million-mark-january/,India's Broadband User Base Hits 911 Million: TRAI,REJECTED_ENTITY_MATCHER,False,,NOT_RELEVANT,Generic match without direct Bharti Airtel relevance
20240402150000-115,20240402150000,thehindubusinessline.com,https://www.thehindubusinessline.com/markets/nse-cuts-nifty-nifty-financial-services-fo-lot-sizes-to-25/article68020223.ece,"NSE cuts Nifty, Nifty Financial Services F&O lot sizes to 25",REJECTED_ENTITY_MATCHER,False,,NOT_RELEVANT,Generic match without direct Bharti Airtel relevance
20240402153000-132,20240402153000,livelaw.in,https://www.livelaw.in/high-court/delhi-high-court/delhi-high-court-divorce-chef-kunal-kapur-cruelty-wife-254067,Delhi High Court Grants Divorce To Chef Kunal Kapur On Grounds Of Cruelty By Wife,REJECTED_ENTITY_MATCHER,False,,NOT_RELEVANT,Generic match without direct Bharti Airtel relevance
20240402154500-597,20240402154500,theindependent.co.zw,https://www.theindependent.co.zw/business-digest/article/200025139/ecocash-seeks-shareholder-approval-to-dispose-of-fintech-businesses,Ecocash seeks shareholder approval to dispose of fintech businesses - The Zimbabwe Independent,REJECTED_ENTITY_MATCHER,False,,NOT_RELEVANT,Generic match without direct Bharti Airtel relevance
20240402154500-1942,20240402154500,financialexpress.com,https://www.financialexpress.com/business/industry-jio-adds-4-2-million-mobile-users-in-jan-highest-in-19-months-3443248/,"Jio adds 4.2 million mobile users in Jan, highest in 19 months",REJECTED_ENTITY_MATCHER,False,,NOT_RELEVANT,Generic match without direct Bharti Airtel relevance
20240402154500-891,20240402154500,globenewswire.com,https://www.globenewswire.com/news-release/2024/04/02/2856239/0/en/Mobile-Coupons-A-Global-Market-Review-2015-2023-and-Forecast-2024-2030-Featuring-Profiles-of-55-Industry-Players-Including-Apple-Google-Bharti-Airtel-American-Express-Company-and-A.html,Mobile Coupons: A Global Market Review (2015-2023) and,REJECTED_ENTITY_MATCHER,False,,NOT_RELEVANT,Generic match without direct Bharti Airtel relevance
20240402154500-T2096,20240402154500,digit.in,https://www.digit.in/bn/news/telecom/airtel-takes-jio-with-rs-519-prepaid-plan-offers-90gb-data.html,"Airtel এর আগে টিকল না Jio! কম দামে 90GB Data, 60 দিনের ভ্যালিডিটি এবং একগুচ্ছ সুবিধা",REJECTED_ENTITY_MATCHER,False,,NOT_RELEVANT,Generic match without direct Bharti Airtel relevance
20240402154500-T2499,20240402154500,digit.in,https://www.digit.in/mr/news/telecom/jio-529rs-or-airtel-519rs-which-plan-is-best-for-you-check-here-all-benifits.html,"Airtel ने Jio ला टाकले मागे? कमी किमतीत मिळतोय अधिक डेटा, दीर्घ वैधता, कॅशबॅक आणि बरेच काही। Tech News",REJECTED_ENTITY_MATCHER,False,,NOT_RELEVANT,Generic match without direct Bharti Airtel relevance
20240402160000-2023,20240402160000,indiatimes.com,https://economictimes.indiatimes.com/markets/stocks/news/ahead-of-market-10-things-that-will-decide-d-street-action-on-wednesday/articleshow/108981567.cms,Ahead of Market: 10 things that will decide D-Street action on Wednesday,REJECTED_ENTITY_MATCHER,False,,NOT_RELEVANT,Generic match without direct Bharti Airtel relevance
20240402160000-T2782,20240402160000,livehindustan.com,https://www.livehindustan.com/gadgets/airtel-cheapest-annual-prepaid-plans-252gb-data-free-calls-free-netflix-and-disney-plus-hotstar-201712069697319.html,"Airtel cheapest annual Prepaid Plans 252GB data free calls Free Netflix and Disney plus Hotstar 37 करोड़ यूजर्स नाच उठेंगे: 18 रुपये रोज में मिल रहा 3GB डेटा, अनलिमिटेड कॉल्स, फ्री Netflix और Hotstar",REJECTED_ENTITY_MATCHER,False,,NOT_RELEVANT,Formulaic consumer recharge plan / OTT bundle comparison table
20240402164500-1769,20240402164500,hindustantimes.com,https://www.hindustantimes.com/business/bharti-hexacom-ipo-opens-tomorrow-read-all-about-the-share-sale-and-check-out-the-gmp-too-101712073222268.html,Bharti Hexacom IPO opens tomorrow; Read all about the share sale and check out the GMP too,REJECTED_ENTITY_MATCHER,False,,DIRECTLY_RELEVANT,Bharti Hexacom IPO / landmark listing involving promoter Bharti Airtel
20240402164500-2516,20240402164500,devdiscourse.com,https://www.devdiscourse.com/article/law-order/2875821-voda-idea-holds-egm-to-seek-shareholders-nod-to-raise-rs-20000-cr-via-securities,"Voda Idea holds EGM to seek shareholders' nod to raise Rs 20,000 cr via securities",REJECTED_ENTITY_MATCHER,False,,NOT_RELEVANT,Generic match without direct Bharti Airtel relevance
20240402170000-230,20240402170000,moneycontrol.com,https://www.moneycontrol.com/news/business/ipo/bharti-hexacom-ipo-capital-group-fidelity-blackrock-adia-among-anchor-investors-12563611.html,"Bharti Hexacom IPO: Capital Group, Fidelity, Blackrock, ADIA among anchor investors",REJECTED_ENTITY_MATCHER,False,,DIRECTLY_RELEVANT,Bharti Hexacom IPO / landmark listing involving promoter Bharti Airtel
20240402174500-1351,20240402174500,thestatesman.com,https://www.thestatesman.com/business/stock-market-snaps-3-day-winning-streak-1503286321.html,Stock market snaps 3-day winning streak,REJECTED_ENTITY_MATCHER,False,,NOT_RELEVANT,Generic match without direct Bharti Airtel relevance
20240402180000-T2801,20240402180000,navabharat.com,https://navabharat.com/?p=8695,शेयर बाजार की तेजी थमी,REJECTED_ENTITY_MATCHER,False,,NOT_RELEVANT,Generic match without direct Bharti Airtel relevance
20240402191500-514,20240402191500,punchng.com,https://punchng.com/transcorp-hotel-grows-revenue-by-36/,Transcorp Hotel grows revenue by 36%,REJECTED_ENTITY_MATCHER,False,,NOT_RELEVANT,Generic match without direct Bharti Airtel relevance
20240402221500-579,20240402221500,latestly.com,https://www.latestly.com/agency-news/latest-news-ahead-of-ipo-bharti-hexacom-garners-rs-1924-crore-from-anchor-investors-5865234.html,"Latest News | Ahead of IPO, Bharti Hexacom Garners Rs 1,924 Crore from Anchor Investors",REJECTED_ENTITY_MATCHER,False,,DIRECTLY_RELEVANT,Bharti Hexacom IPO / landmark listing involving promoter Bharti Airtel
20240402224500-1624,20240402224500,indianexpress.com,https://indianexpress.com/elections/among-top-donors-to-bjp-tmc-and-congress-8-unlisted-firms-spent-many-times-their-profit-9247851/,"Among top donors to BJP, TMC and Congress, 8 unlisted firms spent many times their profit",REJECTED_ENTITY_MATCHER,False,,NOT_RELEVANT,Generic match without direct Bharti Airtel relevance
20240402231500-1089,20240402231500,financialexpress.com,https://www.financialexpress.com/market/coinswitch-founder-launches-stock-broking-app-3444380/,CoinSwitch founder launches stock broking app,REJECTED_ENTITY_MATCHER,False,,NOT_RELEVANT,Generic match without direct Bharti Airtel relevance
20240403010000-872,20240403010000,chronicle.co.zw,https://www.chronicle.co.zw/ecocash-to-transfer-509-billion-shares-to-econet/,The Chronicle - Breaking news,REJECTED_ENTITY_MATCHER,False,,NOT_RELEVANT,Generic match without direct Bharti Airtel relevance
20240403011500-414,20240403011500,moneycontrol.com,https://www.moneycontrol.com/news/business/ipo/bharti-hexacom-anchors-rs-1924-cr-from-investors-before-ipo-opens-on-april-3-12564141.html,"Bharti Hexacom anchors Rs 1,924 cr from investors before IPO opens on April 3",REJECTED_ENTITY_MATCHER,False,,DIRECTLY_RELEVANT,Bharti Hexacom IPO / landmark listing involving promoter Bharti Airtel
20240403011500-221,20240403011500,moneycontrol.com,https://www.moneycontrol.com/news/business/moneycontrol-daily-your-essential-7-1005-12563991.html,Moneycontrol Daily: Your Essential 7,REJECTED_ENTITY_MATCHER,False,,NOT_RELEVANT,Generic match without direct Bharti Airtel relevance
20240403014500-721,20240403014500,indiatimes.com,https://timesofindia.indiatimes.com/city/mumbai/sebi-chief-justifies-indian-markets-high-multiples/articleshow/108986063.cms,Sebi Chief: Sebi Chief Justifies Indian Markets' High Multiples | Mumbai News,REJECTED_ENTITY_MATCHER,False,,NOT_RELEVANT,Generic match without direct Bharti Airtel relevance
20240403021500-956,20240403021500,financialexpress.com,https://www.financialexpress.com/market/default-rate-in-settlements-halved-after-t1-sebi-chief-3444381/,Default rate in settlements halved after T+1: Sebi chief,REJECTED_ENTITY_MATCHER,False,,NOT_RELEVANT,Generic match without direct Bharti Airtel relevance
20240403021500-1204,20240403021500,financialexpress.com,https://www.financialexpress.com/market/will-nifty-continue-volatility-or-move-higher-see-gift-nifty-fii-data-fampo-crude-more-before-market-opens-3444527/,"Will Nifty continue volatility or move higher? See GIFT Nifty, FII data, F&O, crude, more before market opens",REJECTED_ENTITY_MATCHER,False,,NOT_RELEVANT,Generic match without direct Bharti Airtel relevance
20240403021500-624,20240403021500,financialexpress.com,https://www.financialexpress.com/market/stocks-to-watch-mahindra-amp-mahindra-finance-vodafone-idea-ultratech-cement-shree-cement-blue-star-3444504/,"Stocks To Watch: Mahindra & Mahindra Finance, Vodafone Idea, Ultratech Cement, Shree Cement, Blue Star",REJECTED_ENTITY_MATCHER,False,,NOT_RELEVANT,Generic match without direct Bharti Airtel relevance
20240403024500-1391,20240403024500,indiatimes.com,https://telecom.economictimes.indiatimes.com/news/industry/ahead-of-ipo-bharti-hexacom-garners-rs-1924-crore-from-anchor-investors/108989206,"Ahead of IPO, Bharti Hexacom garners Rs 1,924 crore from anchor investors, ET Telecom",REJECTED_ENTITY_MATCHER,False,,DIRECTLY_RELEVANT,Bharti Hexacom IPO / landmark listing involving promoter Bharti Airtel
20240403024500-1484,20240403024500,hindustantimes.com,https://www.hindustantimes.com/business/bharti-hexacom-ipo-opens-today-5-things-to-know-before-subscribing-101712109720346.html,Bharti Hexacom IPO opens today: 5 things to know before subscribing,REJECTED_ENTITY_MATCHER,False,,DIRECTLY_RELEVANT,Bharti Hexacom IPO / landmark listing involving promoter Bharti Airtel
20240403024500-928,20240403024500,news18.com,https://www.news18.com/tech/indian-govt-decides-to-suspend-call-forwarding-service-to-block-scam-issues-faced-by-users-what-we-know-8837558.html,Indian Govt Decides To Suspend Call Forwarding Service To Block Scam Issues Faced By Users: What We Know,REJECTED_ENTITY_MATCHER,False,,NOT_RELEVANT,Generic match without direct Bharti Airtel relevance
20240403030000-178,20240403030000,moneycontrol.com,https://www.moneycontrol.com/news/business/exclusive-interview-next-3-6-months-will-tell-us-how-the-entire-business-with-paytm-pans-out-says-amitabh-chaudhry-12561051.html,"Exclusive Interview: ""Next 3-6 months will tell us how the entire business with Paytm pans out,"" says Amitabh Chaudhry",REJECTED_ENTITY_MATCHER,False,,NOT_RELEVANT,Generic match without direct Bharti Airtel relevance
20240403030000-1258,20240403030000,moneycontrol.com,https://www.moneycontrol.com/news/tags/bharti-hexacom.html,"Bharti Hexacom | Latest & Breaking News on Bharti Hexacom | Photos, Videos, Breaking Stories and Articles on Bharti Hexacom",REJECTED_NON_ARTICLE_URL,False,,NOT_RELEVANT,Non-article URL / taxonomy tag page
20240403031500-T601,20240403031500,bhaskar.com,https://www.bhaskar.com/business/news/bharti-hexacom-ipo-2024-details-price-allotment-listing-dates-132812952.html,"Bharti Hexacom IPO 2024 Price Band; Allotment Listing Dates Details | भारती हेक्साकॉम का IPO आज ओपन होगा: 5 अप्रैल तक बोली लगा सकेंगे, यह भारतीय एयरटेल की सब्सिडियरी कंपनी",REJECTED_ENTITY_MATCHER,False,,DIRECTLY_RELEVANT,Bharti Hexacom IPO / landmark listing involving promoter Bharti Airtel
20240403034500-863,20240403034500,indiatimes.com,https://timesofindia.indiatimes.com/technology/tech-news/this-is-where-india-ranks-in-global-5g-performance-download-speed-availability-and-more/articleshow/108953878.cms,This is where India ranks globally in 5G speed,REJECTED_ENTITY_MATCHER,False,,NOT_RELEVANT,Generic match without direct Bharti Airtel relevance
20240403034500-181,20240403034500,businesstimes.com.sg,https://www.businesstimes.com.sg/companies-markets/singtel-slides-amid-heavy-trading-news-scuppered-optus-deal-company-denies-reports-again,Singtel slides amid heavy trading on news of scuppered Optus deal; company denies reports again,REJECTED_ENTITY_MATCHER,False,,NOT_RELEVANT,Generic match without direct Bharti Airtel relevance
20240403034500-332,20240403034500,thehindubusinessline.com,https://www.thehindubusinessline.com/markets/bharti-hexacom-issue-opens-today-at-542-570-price-band/article68022759.ece,Bharti Hexacom issue opens today at ₹542-570 price band - The Hindu BusinessLine,REJECTED_ENTITY_MATCHER,False,,DIRECTLY_RELEVANT,Bharti Hexacom IPO / landmark listing involving promoter Bharti Airtel
20240403040000-851,20240403040000,indiatimes.com,https://economictimes.indiatimes.com/markets/ipos/fpos/bharti-hexacom-ipo-opens-for-subscription-today-should-you-bid/articleshow/108989779.cms,Bharti Hexacom IPO opens for subscription today. Should you bid?,REJECTED_ENTITY_MATCHER,False,,DIRECTLY_RELEVANT,Bharti Hexacom IPO / landmark listing involving promoter Bharti Airtel
20240403040000-163,20240403040000,aol.com,https://www.aol.com/news/singtel-confirms-no-intention-divest-030017623.html,Singtel rules out selling Australian unit Optus,REJECTED_ENTITY_MATCHER,False,,NOT_RELEVANT,Generic match without direct Bharti Airtel relevance
20240403041500-239,20240403041500,trak.in,https://trak.in/stories/airtel-offering-free-ott-access-with-these-8-prepaid-plans-check-full-list/,"Airtel Offering Free OTT Access With These 8 Prepaid Plans: Check Full List - Trak.in - Indian Business of Tech, Mobile & Startups",REJECTED_ENTITY_MATCHER,False,,NOT_RELEVANT,Formulaic consumer recharge plan / OTT bundle comparison table
20240403043000-658,20240403043000,businessdailyafrica.com,https://www.businessdailyafrica.com/bd/economy/competition-watchdog-edged-out-of-dominance-decisions--4576788,Competition watchdog edged out of dominance decisions,REJECTED_ENTITY_MATCHER,False,,NOT_RELEVANT,Generic match without direct Bharti Airtel relevance
20240403043000-T2211,20240403043000,prabhatkhabar.com,https://www.prabhatkhabar.com/business/share-market-down-again-sensex-fall-323-points-nifty-update-mdn,"Share Market में छायी मायूसी, सेंसेक्स 323 अंक टूटा",REJECTED_ENTITY_MATCHER,False,,NOT_RELEVANT,Generic match without direct Bharti Airtel relevance
20240403044500-T52,20240403044500,indiatimes.com,https://navbharattimes.indiatimes.com/business/share-market/share-news/bharti-hexacom-ipo-opening-today-know-price-band-gmp-and-other-detail-today/articleshow/108991634.cms,"Bharti Hexacom IPO: आज खुल रहा है भारतीय हेक्साकॉम का आईपीओ, जानें इसका प्राइस बैंड, जीएमपी और अन्य बातें - bharti hexacom ipo opening today know price band gmp and other detail today",REJECTED_ENTITY_MATCHER,False,,DIRECTLY_RELEVANT,Bharti Hexacom IPO / landmark listing involving promoter Bharti Airtel
20240403044500-1199,20240403044500,business-standard.com,https://www.business-standard.com/markets/tejas-networks-ltd-share-price-35619.html,"Tejas Networks Ltd Share Price Today: Tejas Networks Ltd Stock Price Live NSE/BSE, Tejas Networks Ltd Latest News, Quotes and Financial Results",REJECTED_ENTITY_MATCHER,False,,NOT_RELEVANT,Generic match without direct Bharti Airtel relevance
20240403044500-273,20240403044500,menafn.com,https://menafn.com/1108051642/Top-Events-Of-The-Day-RBI-MPC-Tsunami-Warnings-In-Japan-Taipei-Bharti-Hexacom-IPO-And-More,"Top Events Of The Day: RBI MPC, Tsunami Warnings In Japan & Taipei, Bharti Hexacom IPO And More",REJECTED_ENTITY_MATCHER,False,,DIRECTLY_RELEVANT,Bharti Hexacom IPO / landmark listing involving promoter Bharti Airtel
20240403050000-116,20240403050000,indiatimes.com,https://economictimes.indiatimes.com/markets/stocks/news/sensex-falls-300-points-as-global-markets-slump-on-rate-cut-worries-nifty-below-22400/articleshow/108991423.cms,"sensex news: Sensex falls 300 points as global markets slump on rate cut worries; Nifty below 22,400",REJECTED_ENTITY_MATCHER,False,,NOT_RELEVANT,Generic match without direct Bharti Airtel relevance
20240403050000-1169,20240403050000,indiankanoon.org,https://indiankanoon.org/doc/186682372/,"Kunal Kapur vs Ekta Kapur on 2 April, 2024",REJECTED_ENTITY_MATCHER,False,,NOT_RELEVANT,Generic match without direct Bharti Airtel relevance
20240403051500-1243,20240403051500,siasat.com,https://www.siasat.com/markets-fall-in-early-trade-amid-negative-global-trends-3003001/,Markets fall in early trade amid negative global trends,REJECTED_ENTITY_MATCHER,False,,NOT_RELEVANT,Generic match without direct Bharti Airtel relevance
20240403051500-532,20240403051500,rediff.com,https://www.rediff.com/news/column/electoral-bonds-the-quid-pro-quo-factor/20240403.htm,Electoral Bonds: The Quid Pro Quo Factor,REJECTED_ENTITY_MATCHER,False,,NOT_RELEVANT,Generic match without direct Bharti Airtel relevance
20240403053000-338,20240403053000,india.com,https://zeenews.india.com/markets/markets-fall-in-early-trade-amid-negative-global-trends-sensex-declines-281-points-2736658.html,"Markets Fall In Early Trade Amid Negative Global Trends, Sensex Declines 281 Points",REJECTED_ENTITY_MATCHER,False,,NOT_RELEVANT,Generic match without direct Bharti Airtel relevance
20240403053000-589,20240403053000,financialexpress.com,https://www.financialexpress.com/market/jsw-energy-board-approves-rs-5000-cr-qip-at-rs-510-floor-price-3444655/,JSW Energy board approves Rs 5000 cr QIP at Rs 510 floor price,REJECTED_ENTITY_MATCHER,False,,NOT_RELEVANT,Generic match without direct Bharti Airtel relevance
20240403053000-405,20240403053000,indianexpress.com,https://indianexpress.com/article/business/market/sensex-nifty-fall-in-early-trade-amid-negative-global-trends-9248315/,"Sensex, Nifty fall in early trade amid negative global trends",REJECTED_ENTITY_MATCHER,False,,NOT_RELEVANT,Generic match without direct Bharti Airtel relevance
20240403053000-220,20240403053000,financialexpress.com,https://www.financialexpress.com/market/srm-contractors-lists-at-a-premium-of-7-here-are-all-other-details-3444652/,SRM Contractors lists at a premium of 7%; Here are all other details,REJECTED_ENTITY_MATCHER,False,,NOT_RELEVANT,Generic match without direct Bharti Airtel relevance
20240403053000-190,20240403053000,news18.com,https://www.news18.com/business/stock-market-updates-sensex-down-350-points-nifty-near-22350-adani-power-rises-4-8837790.html,"Stock Market Updates: Sensex Down 350 Points, Nifty Near 22,350; Adani Power Rises 4%",REJECTED_ENTITY_MATCHER,False,,NOT_RELEVANT,Generic match without direct Bharti Airtel relevance
20240403054500-490,20240403054500,invezz.com,https://invezz.com/news/2024/04/02/four-top-things-to-watch-for-in-the-financial-markets-in-april-2024/,Four top things to watch for in the financial markets in April 2024 | Invezz Four things to watch for in the financial markets in April,REJECTED_ENTITY_MATCHER,False,,NOT_RELEVANT,Generic match without direct Bharti Airtel relevance
20240403054500-993,20240403054500,theweek.in,https://www.theweek.in/wire-updates/business/2024/04/03/del4-biz-stocks-open.html,Markets fall in early trade amid negative global trends,REJECTED_ENTITY_MATCHER,False,,NOT_RELEVANT,Generic match without direct Bharti Airtel relevance
20240403054500-374,20240403054500,thehindubusinessline.com,https://www.thehindubusinessline.com/markets/equity-markets-fall-in-early-trade-amid-negative-global-trends/article68022924.ece,equity markets fall in early trade amid negative global trends,REJECTED_ENTITY_MATCHER,False,,NOT_RELEVANT,Generic match without direct Bharti Airtel relevance
20240403061500-297,20240403061500,telegraphindia.com,https://www.telegraphindia.com/business/sensex-declines-281-points-to-73622-in-early-trade-nifty-dips-93-points-to-22360/cid/2010821,"Stock market | Sensex declines 281 points to 73,622 in early trade; Nifty dips 93 points to 22,360",REJECTED_ENTITY_MATCHER,False,,NOT_RELEVANT,Generic match without direct Bharti Airtel relevance
20240403061500-733,20240403061500,telegraphindia.com,https://www.telegraphindia.com/feeds/business/sensex-declines-281-points-to-73622-in-early-trade-nifty-dips-93-points-to-22360/cid/2010821,"Stock market | Sensex declines 281 points to 73,622 in early trade; Nifty dips 93 points to 22,360",REJECTED_ENTITY_MATCHER,False,,NOT_RELEVANT,Generic match without direct Bharti Airtel relevance
20240403063000-438,20240403063000,theweek.in,https://www.theweek.in/news/biz-tech/2024/04/03/sensex-nifty-fall-in-early-trade-amid-negative-global-trends.html,"Sensex, Nifty fall in early trade amid negative global trends",REJECTED_ENTITY_MATCHER,False,,NOT_RELEVANT,Generic match without direct Bharti Airtel relevance
20240403063000-1384,20240403063000,moneycontrol.com,https://www.moneycontrol.com/news/business/ipo/bharti-hexacom-ipo-booked-only-0-04-times-so-far-on-bidding-debut-12566151.html,Bharti Hexacom IPO booked only 0.04 times so far on bidding debut,REJECTED_ENTITY_MATCHER,False,,DIRECTLY_RELEVANT,Bharti Hexacom IPO / landmark listing involving promoter Bharti Airtel
20240403070000-96,20240403070000,brecorder.com,https://www.brecorder.com/news/40297005/singtel-rules-out-selling-australian-unit-optus,Singtel rules out selling Australian unit Optus - Technology,REJECTED_ENTITY_MATCHER,False,,NOT_RELEVANT,Generic match without direct Bharti Airtel relevance
20240403071500-1277,20240403071500,indiatimes.com,https://timesofindia.indiatimes.com/business/india-business/bharti-hexacom-ipo-opens-today-should-you-subscribe-check-price-band-gmp-recommendations-more/articleshow/108996675.cms,"Bharti Hexacom IPO opens today; should you subscribe? Check price band, GMP, recommendations & more | India Business News",REJECTED_ENTITY_MATCHER,False,,DIRECTLY_RELEVANT,Bharti Hexacom IPO / landmark listing involving promoter Bharti Airtel
20240403071500-67,20240403071500,financialexpress.com,https://www.financialexpress.com/market/bharati-hexacom-ipo-opens-for-retail-bidding-read-all-details-here-3444708/,Bharti Hexacom IPO opens for retail bidding; Read all details here,REJECTED_ENTITY_MATCHER,False,,DIRECTLY_RELEVANT,Bharti Hexacom IPO / landmark listing involving promoter Bharti Airtel
20240403071500-14,20240403071500,indiainfoline.com,https://www.indiainfoline.com/news/ipo/bharti-hexacom-ipo-receives-low-initial-subscription-so-far,Bharti Hexacom IPO Receives Low Initial Subscription So Far,REJECTED_ENTITY_MATCHER,False,,DIRECTLY_RELEVANT,Bharti Hexacom IPO / landmark listing involving promoter Bharti Airtel
20240403071500-979,20240403071500,thehindu.com,https://www.thehindu.com/business/markets/markets-fall-in-early-trade-amid-negative-global-trends/article68023064.ece,Markets fall in early trade amid negative global trends,REJECTED_ENTITY_MATCHER,False,,NOT_RELEVANT,Generic match without direct Bharti Airtel relevance
20240403073000-497,20240403073000,udaipurkiran.com,https://udaipurkiran.com/tag/reliance-jio-plans/,reliance jio plans | Udaipur Kiran,REJECTED_NON_ARTICLE_URL,False,,NOT_RELEVANT,Non-article URL / taxonomy tag page
20240403073000-T1271,20240403073000,bhaskar.com,https://www.bhaskar.com/business/news/stock-market-bse-sensex-nse-nifty-updates-3-april-132817005.html,"Stock Market BSE Sensex NSE Nifty Updates | 3 April | शेयर बाजार में मामूली बढ़त: सेंसेक्स 73850 के स्तर पर कारोबार कर रहा, ​​​​​​​SRM कॉन्ट्रैक्टर्स का शेयर 7.14% ऊपर पर लिस्ट",REJECTED_ENTITY_MATCHER,False,,NOT_RELEVANT,Generic match without direct Bharti Airtel relevance
20240403074500-T370,20240403074500,punjabkesari.com,https://www.punjabkesari.com/business-news/stock-market-falls-sensex-falls-281-18-points-nifty-slips-below-93-15/,"शेयर बाजार में गिरावट, Sensex 281.18 अंक टूटा, Nifty 93.15 से नीचे फिसला Stock Market Falls, Sensex Falls 281.18 Points, Nifty Slips Below 93.15",REJECTED_ENTITY_MATCHER,False,,NOT_RELEVANT,Generic match without direct Bharti Airtel relevance
20240403080000-T550,20240403080000,vtvgujarati.com,https://www.vtvgujarati.com/news-details/ipo-bharti-hexacom-open-today-price-band-gmp-and-business-detail,"Airtel ની સબસિડિયરી ભારતી હેક્સાકોમનો ખૂલ્યો આઈપીઓ, જાણો IPO ભરવો કે નહીં? | IPO Bharti Hexacom open today price band gmp and business detail",REJECTED_ENTITY_MATCHER,False,,DIRECTLY_RELEVANT,Bharti Hexacom IPO / landmark listing involving promoter Bharti Airtel
20240403080000-1533,20240403080000,dealstreetasia.com,https://www.dealstreetasia.com/stories/singtel-australian-unit-optus-2-390227,"Temasek-owned Singtel says no ""impending deal"" to sell Australian unit Optus",REJECTED_ENTITY_MATCHER,False,,NOT_RELEVANT,Generic match without direct Bharti Airtel relevance
20240403080000-1495,20240403080000,techcabal.com,https://techcabal.com/2024/04/03/mtn-sees-decline-in-internet-subscription-over-nin-sim-compliance/,MTN sees decline in internet subscription over NIN-SIM compliance,REJECTED_ENTITY_MATCHER,False,,NOT_RELEVANT,Generic match without direct Bharti Airtel relevance
20240403081500-1089,20240403081500,financialexpress.com,https://www.financialexpress.com/market/motilal-oswal-sees-up-to-27-upside-in-consumer-products-hul-godrej-consumer-products-top-picks-3444691/,"Motilal Oswal sees up to 27% upside in consumer products; HUL, Godrej Consumer Products top picks",REJECTED_ENTITY_MATCHER,False,,NOT_RELEVANT,Generic match without direct Bharti Airtel relevance
20240403083000-1367,20240403083000,tribuneindia.com,https://www.tribuneindia.com/news/business/markets-fall-in-early-trade-amid-negative-global-trends-606937,Markets fall in early trade amid negative global trends,REJECTED_ENTITY_MATCHER,False,,NOT_RELEVANT,Generic match without direct Bharti Airtel relevance
20240403084500-1283,20240403084500,indiatimes.com,https://telecom.economictimes.indiatimes.com/news/industry/singtel-rules-out-selling-australian-unit-optus/108993157,"Singtel rules out selling Australian unit Optus, Telecom News, ET Telecom",REJECTED_ENTITY_MATCHER,False,,NOT_RELEVANT,Generic match without direct Bharti Airtel relevance
20240403090000-877,20240403090000,moneycontrol.com,https://www.moneycontrol.com/news/business/markets/vodafone-idea-board-approves-fund-raise-of-rs-20000-crore-12567281.html,"Vodafone Idea shareholders approve fundraise of Rs 20,000 crore",REJECTED_ENTITY_MATCHER,False,,NOT_RELEVANT,Generic match without direct Bharti Airtel relevance
20240403090000-T1108,20240403090000,prabhatkhabar.com,https://www.prabhatkhabar.com/business/bharti-hexacom-ipo-investment-tips-price-band-gmp-and-details-mdn,Bharti Hexacom IPO में आज से खुदरा निवेश कर सकेंगे आवेदन,REJECTED_ENTITY_MATCHER,False,,DIRECTLY_RELEVANT,Bharti Hexacom IPO / landmark listing involving promoter Bharti Airtel
20240403091500-T22,20240403091500,jagran.com,https://www.jagran.com/technology/tech-guide-jio-vs-airtel-vs-vi-ipl-2024-plan-unlimited-calling-and-data-know-the-details-here-23688858.html,"Jio vs Airtel vs Vi: इन प्लान्स के साथ IPL 2024 का मजा होगा दोगुना, दनादन चौकों-छक्कों का ले सकेंगे आनंद - jio vs airtel vs vi IPL 2024 plan unlimited calling and data, know the details here",REJECTED_ENTITY_MATCHER,False,,NOT_RELEVANT,Generic match without direct Bharti Airtel relevance
20240403091500-228,20240403091500,indiatimes.com,https://economictimes.indiatimes.com/markets/ipos/fpos/bharti-hexacom-ipo-check-subscription-on-day-1-gmp-and-other-details/articleshow/109000347.cms,"Bharti Hexacom IPO: Check subscription on Day 1, GMP and other details",REJECTED_ENTITY_MATCHER,False,,DIRECTLY_RELEVANT,Bharti Hexacom IPO / landmark listing involving promoter Bharti Airtel
20240403091500-261,20240403091500,hindustantimes.com,https://www.hindustantimes.com/business/bharti-hexacom-ipo-day-1-subscription-status-booked-only-0-04-times-so-far-101712132753651.html,Bharti Hexacom IPO Day 1 subscription status: Booked only 0.04 times so far,REJECTED_ENTITY_MATCHER,False,,DIRECTLY_RELEVANT,Bharti Hexacom IPO / landmark listing involving promoter Bharti Airtel
20240403093000-438,20240403093000,marketscreener.com,https://www.marketscreener.com/quote/stock/AIRTEL-AFRICA-PLC-61661826/news/AIRTEL-AFRICA-PCA-DEALING-NOTIFICATION-46346927/,"AIRTEL AFRICA : PCA DEALING NOTIFICATION -April 03, 2024 at 05:07 am EDT",REJECTED_ENTITY_MATCHER,False,,NOT_RELEVANT,Standalone Airtel Africa operational / regional news
20240403094500-1080,20240403094500,news18.com,https://www.news18.com/business/bharti-hexacom-ipo-opens-today-should-you-subscribe-check-subscription-status-latest-gmp-8838085.html,Bharti Hexacom IPO Opens With Subdued Response: Should You Subscribe? Check Latest GMP,REJECTED_ENTITY_MATCHER,False,,DIRECTLY_RELEVANT,Bharti Hexacom IPO / landmark listing involving promoter Bharti Airtel
20240403094500-709,20240403094500,news18.com,https://www.news18.com/business/vodafone-idea-shareholders-approve-rs-20000-crore-fundraising-check-details-8838267.html,"Vodafone Idea Shareholders Approve Rs 20,000-Crore Fundraising Plan; Check Details",REJECTED_ENTITY_MATCHER,False,,NOT_RELEVANT,Generic match without direct Bharti Airtel relevance
20240403100000-1532,20240403100000,centralchronicle.com,https://www.centralchronicle.com/sensex-down-over-500-points/,Sensex down over 500 points | Central India's Premier English Daily,REJECTED_ENTITY_MATCHER,False,,NOT_RELEVANT,Generic match without direct Bharti Airtel relevance
20240403100000-726,20240403100000,indiainfoline.com,https://www.indiainfoline.com/news/markets/market-surges-sensex-up-0-26-nifty-up-0-22-it-and-media-stocks-lead-gains,"Market Surges: Sensex Up 0.26%, Nifty Up 0.22%; IT and Media Stocks Lead Gains",REJECTED_ENTITY_MATCHER,False,,NOT_RELEVANT,Generic match without direct Bharti Airtel relevance
20240403110000-772,20240403110000,indiatimes.com,https://economictimes.indiatimes.com/markets/stocks/news/sensex-closes-flat-after-volatile-session-nifty-below-22450/articleshow/109004262.cms,"sensex news today: Sensex closes flat after volatile session, Nifty below 22,450",REJECTED_ENTITY_MATCHER,False,,NOT_RELEVANT,Generic match without direct Bharti Airtel relevance
20240403113000-374,20240403113000,indianexpress.com,https://indianexpress.com/article/business/aviation/vodafone-idea-shareholders-nod-to-raise-egm-9249049/,"Vodafone Idea gets shareholders' nod to raise up to Rs 20,000 crore | Business News",REJECTED_ENTITY_MATCHER,False,,NOT_RELEVANT,Generic match without direct Bharti Airtel relevance
20240403113000-363,20240403113000,indiatimes.com,https://economictimes.indiatimes.com/markets/stocks/stock-watch/stock-market-update-mining-stocks-up-as-market-falls/articleshow/109005506.cms,Stock Market Sectors: Stock market update: Mining stocks up as market falls,REJECTED_ENTITY_MATCHER,False,,NOT_RELEVANT,Generic match without direct Bharti Airtel relevance
20240403113000-972,20240403113000,indiatimes.com,https://economictimes.indiatimes.com/markets/stocks/stock-watch/stock-market-update-sugar-stocks-up-as-market-falls/articleshow/109004906.cms,Stock Market Sectors: Stock market update: Sugar stocks up as market falls,REJECTED_ENTITY_MATCHER,False,,NOT_RELEVANT,Generic match without direct Bharti Airtel relevance
20240403113000-1058,20240403113000,indiatimes.com,https://economictimes.indiatimes.com/markets/stocks/stock-watch/stock-market-update-power-stocks-up-as-market-falls/articleshow/109004742.cms,Stock Market Sectors: Stock market update: Power stocks up as market falls,REJECTED_ENTITY_MATCHER,False,,NOT_RELEVANT,Generic match without direct Bharti Airtel relevance
20240403113000-556,20240403113000,livemint.com,https://www.livemint.com/market/stock-market-news/top-gainers-and-losers-today-on-3-april-2024-shriram-finance-ntpc-nestle-india-bajaj-auto-among-most-active-stocks-check-full-list-here-11712140398434.html,"Top Gainers and Losers today on 3 April, 2024: Shriram Finance, NTPC, Nestle India, Bajaj Auto among most active stocks; Check full list here",REJECTED_ENTITY_MATCHER,False,,NOT_RELEVANT,Generic match without direct Bharti Airtel relevance
20240403114500-232,20240403114500,theweek.in,https://www.theweek.in/wire-updates/business/2024/04/03/del53-biz-stocks-close.html,Markets end lower amid profit-booking mixed global cues,REJECTED_ENTITY_MATCHER,False,,NOT_RELEVANT,Generic match without direct Bharti Airtel relevance
20240403114500-1556,20240403114500,hl.co.uk,https://www.hl.co.uk/shares/stock-market-news/market-reports/london-midday-stocks-stay-down-on-us-rate-cut-doubts,London midday: Stocks stay down on US rate cut doubts,REJECTED_ENTITY_MATCHER,False,,NOT_RELEVANT,Generic match without direct Bharti Airtel relevance
20240403114500-1173,20240403114500,indiatimes.com,https://economictimes.indiatimes.com/markets/stocks/stock-watch/stock-market-update-fertilisers-stocks-up-as-market-falls/articleshow/109005913.cms,Stock Market Sectors: Stock market update: Fertilisers stocks up as market falls,REJECTED_ENTITY_MATCHER,False,,NOT_RELEVANT,Generic match without direct Bharti Airtel relevance
20240403120000-567,20240403120000,tribuneindia.com,https://www.tribuneindia.com/news/business/markets-end-lower-for-second-straight-session-amid-profit-booking-mixed-global-cues-606988,"Markets end lower for second straight session amid profit-booking, mixed global cues",REJECTED_ENTITY_MATCHER,False,,NOT_RELEVANT,Generic match without direct Bharti Airtel relevance
20240403120000-1480,20240403120000,thehindu.com,https://www.thehindu.com/business/markets/markets-end-lower-amid-profit-booking-mixed-global-cues/article68023859.ece,"Markets end lower amid profit-booking, mixed global cues",REJECTED_ENTITY_MATCHER,False,,NOT_RELEVANT,Generic match without direct Bharti Airtel relevance
20240403124500-164,20240403124500,asiaone.com,https://www.asiaone.com/money/singtel-rules-out-impending-deal-sell-australian-unit-optus,Singtel rules out impending deal to sell Australian unit Optus,REJECTED_ENTITY_MATCHER,False,,NOT_RELEVANT,Generic match without direct Bharti Airtel relevance
20240403130000-1020,20240403130000,indiatimes.com,https://economictimes.indiatimes.com/markets/stocks/stock-watch/stock-market-update-fmcg-stocks-down-as-market-falls/articleshow/109007732.cms,Stock Market Sectors: Stock market update: FMCG stocks down as market falls,REJECTED_ENTITY_MATCHER,False,,NOT_RELEVANT,Generic match without direct Bharti Airtel relevance
20240403130000-35,20240403130000,theweek.in,https://www.theweek.in/news/biz-tech/2024/04/03/markets-end-lower-amid-profit-booking-mixed-global-cues.html,"Markets end lower amid profit-booking, mixed global cues",REJECTED_ENTITY_MATCHER,False,,NOT_RELEVANT,Generic match without direct Bharti Airtel relevance
20240403131500-771,20240403131500,moneycontrol.com,https://www.moneycontrol.com/news/business/ipo/bharti-hexacom-ipo-should-you-subscribe-to-bharti-groups-first-public-offer-in-over-a-decade-12569891.html,Bharti Hexacom IPO: Should you subscribe to Bharti Group's first public offer in over a decade?,REJECTED_ENTITY_MATCHER,False,,DIRECTLY_RELEVANT,Bharti Hexacom IPO / landmark listing involving promoter Bharti Airtel
20240403133000-T1330,20240403133000,punjabkesari.in,https://www.punjabkesari.in/business/news/vodafone-idea-gets-approval-to-raise-up-to-rs-20-000-crore-1962100,"वोडाफोन आइडिया को शेयरधारकों से 20,000 करोड़ रुपए तक जुटाने की मंजूरी मिली - vodafone idea gets approval to raise up to rs 20 000 crore",REJECTED_ENTITY_MATCHER,False,,NOT_RELEVANT,Generic match without direct Bharti Airtel relevance
20240403133000-364,20240403133000,lightreading.com,https://www.lightreading.com/2g-3g-4g/bsnl-asks-nokia-zte-for-help-with-homegrown-4g-core-report,"BSNL asks Nokia, ZTE for help with homegrown 4G core – report",REJECTED_ENTITY_MATCHER,False,,NOT_RELEVANT,Generic match without direct Bharti Airtel relevance
20240403133000-674,20240403133000,financialexpress.com,https://www.financialexpress.com/business/brandwagon-ad-volume-witnesses-4-surge-as-top-5-categories-account-for-52-ad-volume-share-in-the-first-7-matches-of-ipl-17-reveals-tam-report-3445197/,"Ad volume witnesses 4% surge as top 5 categories account for 52% ad volume share in the first 7 matches of IPL 17, reveals TAM report",REJECTED_ENTITY_MATCHER,False,,NOT_RELEVANT,Generic match without direct Bharti Airtel relevance
20240403141500-T1932,20240403141500,newstracklive.com,https://www.newstracklive.com/news/enjoy-the-power-of-immersive-entertainment-with-airtel-xstream-fiber-sc71-nu371-ta901-1603126-1.html,एयरटेल एक्सस्ट्रीम फाइबर के साथ इमर्सिव एंटरटेनमेंट की शक्ति का लें आनंद,REJECTED_ENTITY_MATCHER,False,,NOT_RELEVANT,Generic match without direct Bharti Airtel relevance
20240403141500-173,20240403141500,india.com,https://zeenews.india.com/markets/markets-end-lower-amid-profit-booking-mixed-global-cues-2736851.html,"Markets End Lower Amid Profit-booking, Mixed Global Cues",REJECTED_ENTITY_MATCHER,False,,NOT_RELEVANT,Generic match without direct Bharti Airtel relevance
20240403141500-1618,20240403141500,udaipurkiran.com,https://udaipurkiran.com/reliance-jio-further-consolidates-its-leadership-position-in-rajasthan-trai-report/,"Reliance Jio further consolidates its leadership position in Rajasthan, TRAI Report",REJECTED_ENTITY_MATCHER,False,,NOT_RELEVANT,Generic match without direct Bharti Airtel relevance
20240403143000-1438,20240403143000,thebftonline.com,https://thebftonline.com/2024/04/03/digital-age-and-the-state-of-financial-services/,Digital age and the state of financial services,REJECTED_ENTITY_MATCHER,False,,NOT_RELEVANT,Generic match without direct Bharti Airtel relevance
20240403143000-2015,20240403143000,indiatimes.com,https://economictimes.indiatimes.com/markets/stocks/news/nse-to-introduce-4-new-indices-in-capital-fo-segment-from-april-8/articleshow/109009479.cms,"NSE to introduce 4 new indices in capital, F&O segments from April 8",REJECTED_ENTITY_MATCHER,False,,NOT_RELEVANT,Generic match without direct Bharti Airtel relevance
20240403143000-1863,20240403143000,sharecast.com,https://www.sharecast.com/news/market-report-midday/london-midday-stocks-stay-down-on-us-rate-cut-doubts--16541314.html,London midday: Stocks stay down on US rate cut doubts,REJECTED_ENTITY_MATCHER,False,,NOT_RELEVANT,Generic match without direct Bharti Airtel relevance
20240403143000-1828,20240403143000,rediff.com,https://www.rediff.com/business/report/profit-booking-drags-sensex-nifty-down/20240403.htm,"Profit-booking drags Sensex, Nifty down",REJECTED_ENTITY_MATCHER,False,,NOT_RELEVANT,Generic match without direct Bharti Airtel relevance
20240403143000-434,20240403143000,lse.co.uk,https://www.lse.co.uk/news/london-midday-stocks-stay-down-on-us-rate-cut-doubts-eh9607au942pvru.html,London midday: Stocks stay down on US rate cut doubts,REJECTED_ENTITY_MATCHER,False,,NOT_RELEVANT,Generic match without direct Bharti Airtel relevance
20240403150000-341,20240403150000,udaipurkiran.com,https://udaipurkiran.com/tag/google/,google | Udaipur Kiran,REJECTED_NON_ARTICLE_URL,False,,NOT_RELEVANT,Non-article URL / taxonomy tag page
20240403151500-1860,20240403151500,kawowo.com,https://kawowo.com/2024/04/02/ugandan-media-urged-to-champion-campaign-halting-hiv-aids-as-11th-kabaka-birthday-run-nears/,Ugandan media urged to champion campaign halting HIV/AIDS as 11th Kabaka Birthday run nears,REJECTED_ENTITY_MATCHER,False,,NOT_RELEVANT,Generic match without direct Bharti Airtel relevance
20240403151500-1225,20240403151500,indiablooms.com,https://www.indiablooms.com/finance-details/20176/sensex-marginally-declines-27-09-points.html,Sensex marginally declines 27.09 points | Indiablooms - First Portal on Digital News Management,REJECTED_ENTITY_MATCHER,False,,NOT_RELEVANT,Generic match without direct Bharti Airtel relevance
20240403151500-763,20240403151500,theusnews.com,https://www.theusnews.com/news/274220900/stock-market-opens-on-a-bullish-note-nifty-sensex-surge,Stock market opens on a bullish note: Nifty-Sensex surge,REJECTED_ENTITY_MATCHER,False,,NOT_RELEVANT,Generic match without direct Bharti Airtel relevance
20240403153000-T1877,20240403153000,digit.in,https://www.digit.in/kn/news/telecom/airtel-vs-jio-plan-best-and-cheapest-annual-prepaid-plan.html,Airtel vs Jio Plan: ಅತಿ ಕಡಿಮೆ ಬೆಲೆಗೆ Unlimited ಪ್ರಯೋಜನ ನೀಡುವ ಬೆಸ್ಟ್ ವಾರ್ಷಿಕ ಯೋಜನೆಗಳು!,REJECTED_ENTITY_MATCHER,False,,NOT_RELEVANT,Generic match without direct Bharti Airtel relevance
20240403153000-1033,20240403153000,channelnewsasia.com,https://www.channelnewsasia.com/business/singtel-rules-out-impending-deal-sell-australian-unit-optus-4238931,Singtel rules out impending deal to sell Australian unit Optus,REJECTED_ENTITY_MATCHER,False,,NOT_RELEVANT,Generic match without direct Bharti Airtel relevance
20240403154500-1051,20240403154500,developingtelecoms.com,https://developingtelecoms.com/telecom-business/operator-news/16507-vodafone-idea-egm-approves-fundraise-proposal.html,Vodafone Idea EGM approves fundraise proposal,REJECTED_ENTITY_MATCHER,False,,NOT_RELEVANT,Generic match without direct Bharti Airtel relevance
20240403160000-2624,20240403160000,theweek.in,https://www.theweek.in/news/biz-tech/2024/04/03/vodafone-idea-gets-shareholders-nod-to-raise-up-to-rs-20000-crore.html,"Vodafone Idea gets shareholders' nod to raise up to Rs 20,000 crore",REJECTED_ENTITY_MATCHER,False,,NOT_RELEVANT,Generic match without direct Bharti Airtel relevance
20240403160000-1814,20240403160000,livemint.com,https://www.livemint.com/market/stock-market-news/nse-introduces-4-new-indices-in-capital-market-and-f-o-segment-from-april-8-11712152746137.html,NSE introduces 4 new indices in capital market and F&O segment from April 8,REJECTED_ENTITY_MATCHER,False,,NOT_RELEVANT,Generic match without direct Bharti Airtel relevance
20240403161500-T796,20240403161500,indiatimes.com,https://navbharattimes.indiatimes.com/business/business-news/do-iims-guarantee-1-crore-package-what-is-the-average-salary-and-which-firms-have-maximum-recruitment/articleshow/109012058.cms,"Do IIMs guarantee ₹1 crore package What is the average salary and which firms have maximum recruitment: क्‍या IIM ₹1 करोड़ पैकेज की गारंटी? औसत सैलरी कितनी, किन फर्मों में सबसे ज्‍यादा रिक्रूटमेंट",REJECTED_ENTITY_MATCHER,False,,NOT_RELEVANT,Generic match without direct Bharti Airtel relevance
20240403161500-2268,20240403161500,marketscreener.com,https://www.marketscreener.com/quote/index/DOW-JONES-AFRICA-TITANS-5-3966403/news/Airtel-Africa-Director-Mittal-buys-shares-for-GBP1-2-million-46351222/,Airtel Africa Director Mittal buys shares for GBP1.2 million,REJECTED_ENTITY_MATCHER,False,,NOT_RELEVANT,Standalone Airtel Africa operational / regional news
20240403161500-1195,20240403161500,india.com,https://zeenews.india.com/markets/bharti-hexacoms-ipo-gets-34-subscription-on-day-1-of-offer-2736896.html,Bharti Hexacom's IPO Gets 34% Subscription On Day 1 Of Offer | Markets News,REJECTED_ENTITY_MATCHER,False,,DIRECTLY_RELEVANT,Bharti Hexacom IPO / landmark listing involving promoter Bharti Airtel
20240403173000-733,20240403173000,thestatesman.com,https://www.thestatesman.com/business/vodafone-idea-shareholders-approve-fund-raise-of-rs-20000-crore-1503286740.html,"Vodafone Idea shareholders approve fund raise of Rs 20,000 crore",REJECTED_ENTITY_MATCHER,False,,NOT_RELEVANT,Generic match without direct Bharti Airtel relevance
20240403180000-1262,20240403180000,indiatimes.com,https://telecom.economictimes.indiatimes.com/news/industry/vodafone-idea-board-to-consider-raising-funds-via-preferential-share-issue/109012569,"Vodafone Idea board to consider raising funds via preferential share issue, ET Telecom",REJECTED_ENTITY_MATCHER,False,,NOT_RELEVANT,Generic match without direct Bharti Airtel relevance
20240403180000-103,20240403180000,thehindubusinessline.com,https://www.thehindubusinessline.com/markets/sensex-nifty-end-flat-amid-volatility/article68024844.ece,"Sensex, Nifty end flat amid volatility - The Hindu BusinessLine",REJECTED_ENTITY_MATCHER,False,,NOT_RELEVANT,Generic match without direct Bharti Airtel relevance
20240403180000-1557,20240403180000,thehindubusinessline.com,https://www.thehindubusinessline.com/portfolio/stock-fundamental-analysis-india/should-you-subscribe-to-the-bharti-hexacom-ipo/article68024855.ece,Should you subscribe to the Bharti Hexacom IPO - The Hindu BusinessLine,REJECTED_ENTITY_MATCHER,False,,DIRECTLY_RELEVANT,Bharti Hexacom IPO / landmark listing involving promoter Bharti Airtel
20240403183000-1179,20240403183000,devdiscourse.com,https://www.devdiscourse.com/article/technology/2877219-nse-to-launch-four-new-indices-in-capital-markets-fo-segments-from-apr-8,"NSE to launch four new indices in capital markets, F&O segments from Apr 8",REJECTED_ENTITY_MATCHER,False,,NOT_RELEVANT,Generic match without direct Bharti Airtel relevance
20240403190000-374,20240403190000,lse.co.uk,https://www.lse.co.uk/news/in-brief-airtel-africa-director-mittal-buys-shares-for-gbp12-million-s0gf4e2yzzqw5n7.html,IN BRIEF: Airtel Africa Director Mittal buys shares for GBP1.2 million,REJECTED_ENTITY_MATCHER,False,,NOT_RELEVANT,Standalone Airtel Africa operational / regional news
20240403190000-1477,20240403190000,indiatimes.com,https://economictimes.indiatimes.com/industry/telecom/telecom-news/vi-board-meets-saturday-to-discuss-rs-20000-cr-fundraise/articleshow/109014176.cms,"vi fundraising: Vi board meets Saturday to discuss Rs 20,000 cr fundraise",REJECTED_ENTITY_MATCHER,False,,NOT_RELEVANT,Generic match without direct Bharti Airtel relevance
20240403194500-1699,20240403194500,indiatimes.com,https://economictimes.indiatimes.com/industry/telecom/telecom-news/no-noobs-here-mobile-gamers-ride-nippy-5g/articleshow/109014442.cms,No noobs here! Mobile gamers ride nippy 5G,REJECTED_ENTITY_MATCHER,False,,NOT_RELEVANT,Generic match without direct Bharti Airtel relevance
20240403194500-2460,20240403194500,rcrwireless.com,https://www.rcrwireless.com/20240403/5g/reliance-jio-reaches-100-million-5g-subscribers-report,Reliance Jio reaches 100 million 5G subscribers: Report,REJECTED_ENTITY_MATCHER,False,,NOT_RELEVANT,Generic match without direct Bharti Airtel relevance
20240403201500-1747,20240403201500,mvariety.com,https://www.mvariety.com/news/local/marianas-promoted-at-seoul-flower-festival/article_991ed576-f188-11ee-ad90-d3605cfadf4a.html,Marianas promoted at Seoul Flower Festival,REJECTED_ENTITY_MATCHER,False,,NOT_RELEVANT,Generic match without direct Bharti Airtel relevance
20240403213000-1819,20240403213000,itnews.com.au,https://www.itnews.com.au/news/singtel-rules-out-impending-deal-to-sell-optus-stake-606696,Singtel rules out impending deal to sell Optus stake,REJECTED_ENTITY_MATCHER,False,,NOT_RELEVANT,Generic match without direct Bharti Airtel relevance
20240403220000-965,20240403220000,thecable.ng,https://www.thecable.ng/interview-anyone-responsible-for-data-breach-can-go-to-jail-for-six-months-or-three-years-says-ceo-of-ndpc/,"INTERVIEW: Anyone guilty of data breach can be jailed for up to 3 years, says CEO of NDPC – TheCable",REJECTED_ENTITY_MATCHER,False,,NOT_RELEVANT,Generic match without direct Bharti Airtel relevance
20240403233000-806,20240403233000,financialexpress.com,https://www.financialexpress.com/market/govt-to-fetch-rs-4200-cr-from-bharti-hexacom-ipo-3445321/,"Govt to fetch Rs 4,200-cr from Bharti Hexacon IPO - Market News",REJECTED_ENTITY_MATCHER,False,,NOT_RELEVANT,Generic match without direct Bharti Airtel relevance
20240403233000-193,20240403233000,indianexpress.com,https://indianexpress.com/article/business/companies/debt-ridden-vis-shareholders-okay-rs-20k-cr-equity-fundraise-9249955/,Debt-ridden Vi's shareholders okay Rs 20K cr equity fundraise | Business News,REJECTED_ENTITY_MATCHER,False,,NOT_RELEVANT,Generic match without direct Bharti Airtel relevance
20240404003000-718,20240404003000,openpr.com,https://www.openpr.com/news/3451332/mid-and-high-level-precision-gps-receiver-market-size-2024,Mid and High level Precision GPS Receiver Market Size 2024,REJECTED_ENTITY_MATCHER,False,,NOT_RELEVANT,Generic match without direct Bharti Airtel relevance
20240404010000-T1232,20240404010000,indiatimes.com,https://navbharattimes.indiatimes.com/business/share-market/share-news/stock-market-prediction-today-these-shares-including-pnb-and-laurus-labs-showing-bullish-signs-will-you-bet/articleshow/109013543.cms,"Stock Market Prediction Today these shares including PNB and Laurus Labs showing bullish signs will you bet: आज PNB और Laurus Labs सहित ये शेयर भरेंगे झोली, दिख रही तेजी",REJECTED_ENTITY_MATCHER,False,,NOT_RELEVANT,Generic match without direct Bharti Airtel relevance
20240404021500-506,20240404021500,thehindubusinessline.com,https://www.thehindubusinessline.com/markets/share-market-nifty-sensex-live-updates-4-april-2024/article68024587.ece,Stock Market Live Updates: Asian equities rise on Federal Reserve rate cut expectations,REJECTED_ENTITY_MATCHER,False,,NOT_RELEVANT,Generic match without direct Bharti Airtel relevance
20240404021500-879,20240404021500,financialexpress.com,https://www.financialexpress.com/market/nse-to-launch-4-new-indices-in-cash-fampo-segment-from-apr-8-3445608/,"NSE to launch 4 new indices in cash, F&O segment from Apr 8",REJECTED_ENTITY_MATCHER,False,,NOT_RELEVANT,Generic match without direct Bharti Airtel relevance
20240404030000-535,20240404030000,dailyexcelsior.com,https://www.dailyexcelsior.com/sensex-nifty-close-lower-amid-profit-booking-mixed-global-cues/,"Sensex, Nifty close lower amid profit-booking, mixed global cues",REJECTED_ENTITY_MATCHER,False,,NOT_RELEVANT,Generic match without direct Bharti Airtel relevance
20240404031500-650,20240404031500,afaqs.com,https://www.afaqs.com/news/advertising/ipl-ad-volumes-surge-by-4-during-the-first-seven-matches,IPL: Ad volumes surge by 4% during the first seven matches,REJECTED_ENTITY_MATCHER,False,,NOT_RELEVANT,Generic match without direct Bharti Airtel relevance
20240404033000-1185,20240404033000,indiatimes.com,https://telecom.economictimes.indiatimes.com/news/mvas-apps/no-noobs-here-mobile-gamers-ride-nippy-5g/109019602,"No noobs here! Mobile gamers ride nippy 5G, Telecom News, ET Telecom",REJECTED_ENTITY_MATCHER,False,,NOT_RELEVANT,Generic match without direct Bharti Airtel relevance
20240404033000-1015,20240404033000,businesstoday.in,https://www.businesstoday.in/markets/company-stock/story/vodafone-idea-shares-in-focus-ahead-of-april-6-meet-on-rs-2075-crore-preferential-issue-424225-2024-04-04,"Vodafone Idea shares in focus ahead of April 6 meet on Rs 2,075 crore preferential issue",REJECTED_ENTITY_MATCHER,False,,NOT_RELEVANT,Generic match without direct Bharti Airtel relevance
20240404040000-580,20240404040000,udaipurkiran.com,https://udaipurkiran.com/tag/global/,global | Udaipur Kiran,REJECTED_NON_ARTICLE_URL,False,,NOT_RELEVANT,Non-article URL / taxonomy tag page
20240404040000-981,20240404040000,udaipurkiran.com,https://udaipurkiran.com/tag/bharti-airtel/,bharti airtel | Udaipur Kiran,REJECTED_NON_ARTICLE_URL,False,,NOT_RELEVANT,Non-article URL / taxonomy tag page
20240404040000-543,20240404040000,udaipurkiran.com,https://udaipurkiran.com/tag/bharti-airtel-hexacom-ipo/,bharti airtel hexacom ipo | Udaipur Kiran,REJECTED_NON_ARTICLE_URL,False,,NOT_RELEVANT,Non-article URL / taxonomy tag page
20240404040000-800,20240404040000,udaipurkiran.com,https://udaipurkiran.com/tag/bharti-airtel-share-analysis/,bharti airtel share analysis | Udaipur Kiran,REJECTED_NON_ARTICLE_URL,False,,NOT_RELEVANT,Non-article URL / taxonomy tag page
20240404040000-552,20240404040000,udaipurkiran.com,https://udaipurkiran.com/tag/bharti-airtel-share-latest-news-today/,bharti airtel share latest news today,REJECTED_NON_ARTICLE_URL,False,,NOT_RELEVANT,Non-article URL / taxonomy tag page
20240404040000-205,20240404040000,udaipurkiran.com,https://udaipurkiran.com/tag/bharti-airtel-share-latest-news/,bharti airtel share latest news | Udaipur Kiran,REJECTED_NON_ARTICLE_URL,False,,NOT_RELEVANT,Non-article URL / taxonomy tag page
20240404040000-875,20240404040000,udaipurkiran.com,https://udaipurkiran.com/tag/bharti-airtel-share-news-today/,bharti airtel share news today | Udaipur Kiran,REJECTED_NON_ARTICLE_URL,False,,NOT_RELEVANT,Non-article URL / taxonomy tag page
20240404040000-170,20240404040000,udaipurkiran.com,https://udaipurkiran.com/tag/bharti-airtel-share-news/,bharti airtel share news | Udaipur Kiran,REJECTED_NON_ARTICLE_URL,False,,NOT_RELEVANT,Non-article URL / taxonomy tag page
20240404040000-514,20240404040000,udaipurkiran.com,https://udaipurkiran.com/tag/bharti-airtel-share-price-target/,bharti airtel share price target | Udaipur Kiran,REJECTED_NON_ARTICLE_URL,False,,NOT_RELEVANT,Non-article URL / taxonomy tag page
20240404040000-948,20240404040000,udaipurkiran.com,https://udaipurkiran.com/tag/bharti-airtel-share-price-today/,bharti airtel share price today | Udaipur Kiran,REJECTED_NON_ARTICLE_URL,False,,NOT_RELEVANT,Non-article URL / taxonomy tag page
20240404040000-746,20240404040000,udaipurkiran.com,https://udaipurkiran.com/tag/bharti-airtel-share-price/,bharti airtel share price | Udaipur Kiran,REJECTED_NON_ARTICLE_URL,False,,NOT_RELEVANT,Non-article URL / taxonomy tag page
20240404040000-1285,20240404040000,udaipurkiran.com,https://udaipurkiran.com/tag/bharti-airtel-share-target/,bharti airtel share target | Udaipur Kiran,REJECTED_NON_ARTICLE_URL,False,,NOT_RELEVANT,Non-article URL / taxonomy tag page
20240404040000-1101,20240404040000,udaipurkiran.com,https://udaipurkiran.com/tag/bharti-airtel-stock-analysis/,bharti airtel stock analysis | Udaipur Kiran,REJECTED_NON_ARTICLE_URL,False,,NOT_RELEVANT,Non-article URL / taxonomy tag page
20240404040000-410,20240404040000,udaipurkiran.com,https://udaipurkiran.com/tag/bharti-airtel-stock-news-today/,bharti airtel stock news today | Udaipur Kiran,REJECTED_NON_ARTICLE_URL,False,,NOT_RELEVANT,Non-article URL / taxonomy tag page
20240404040000-900,20240404040000,udaipurkiran.com,https://udaipurkiran.com/tag/bharti-airtel-stock-news/,bharti airtel stock news | Udaipur Kiran,REJECTED_NON_ARTICLE_URL,False,,NOT_RELEVANT,Non-article URL / taxonomy tag page
20240404040000-97,20240404040000,udaipurkiran.com,https://udaipurkiran.com/tag/bharti-airtel-stock/,bharti airtel stock | Udaipur Kiran,REJECTED_NON_ARTICLE_URL,False,,NOT_RELEVANT,Non-article URL / taxonomy tag page
20240404040000-617,20240404040000,udaipurkiran.com,https://udaipurkiran.com/tag/bharti-airtel-share/,bharti airtel share | Udaipur Kiran,REJECTED_NON_ARTICLE_URL,False,,NOT_RELEVANT,Non-article URL / taxonomy tag page
20240404053000-436,20240404053000,developingtelecoms.com,https://developingtelecoms.com/telecom-business/telecom-regulation/16514-india-delays-spectrum-auction-to-june-as-election-looms.html,India delays spectrum auction to June as election looms,REJECTED_ENTITY_MATCHER,False,,NOT_RELEVANT,Generic match without direct Bharti Airtel relevance
20240404053000-737,20240404053000,tribuneindia.com,https://www.tribuneindia.com/news/business/shareholders-of-vodafone-idea-clear-20k-cr-fundraising-plan-607308,Shareholders of Vodafone Idea clear Rs 20K cr fundraising plan,REJECTED_ENTITY_MATCHER,False,,NOT_RELEVANT,Generic match without direct Bharti Airtel relevance
20240404054500-46,20240404054500,indiatimes.com,https://economictimes.indiatimes.com/markets/stocks/stock-watch/share-market-update-most-active-stocks-on-d-street-today-in-terms-of-volume/articleshow/109023363.cms,share market: Share market update: Most active stocks on D-Street today in terms of volume,REJECTED_ENTITY_MATCHER,False,,NOT_RELEVANT,Generic match without direct Bharti Airtel relevance
20240404061500-36,20240404061500,indiatimes.com,https://economictimes.indiatimes.com/markets/stocks/stock-watch/stock-market-update-power-stocks-up-as-market-falls/articleshow/109024336.cms,Stock Market Sectors: Stock market update: Power stocks up as market falls,REJECTED_ENTITY_MATCHER,False,,NOT_RELEVANT,Generic match without direct Bharti Airtel relevance
20240404061500-T34,20240404061500,punjabkesari.com,https://www.punjabkesari.com/business-news/nse-big-announcement-by-nce-new-index-will-be-launched-in-the-name-of-tata-group-on-april-8/,"NSE: NCE का बड़ा ऐलान, 8 अप्रैल को TATA ग्रुप के नाम से लॉन्च होगा नया इंडेक्स",REJECTED_ENTITY_MATCHER,False,,NOT_RELEVANT,Generic match without direct Bharti Airtel relevance
20240404063000-713,20240404063000,moneycontrol.com,https://www.moneycontrol.com/news/business/ipo/bharti-hexacom-ipo-subscription-update-day-2-qib-nii-retail-all-bid-heavily-for-airtel-group-issue-12573211.html,"Bharti Hexacom IPO booked 40% on Day 2, retail investors lead the race",REJECTED_ENTITY_MATCHER,False,,DIRECTLY_RELEVANT,Bharti Hexacom IPO / landmark listing involving promoter Bharti Airtel
20240404064500-1175,20240404064500,freepressjournal.in,https://www.freepressjournal.in/business/nse-to-launch-four-new-indices-in-capital-markets-fo-segments-from-8-april,"NSE To Launch Four New Indices In Capital Markets, F&O Segments From 8 April",REJECTED_ENTITY_MATCHER,False,,NOT_RELEVANT,Generic match without direct Bharti Airtel relevance
20240404064500-27,20240404064500,thehindubusinessline.com,https://www.thehindubusinessline.com/markets/ipo-screener-bharti-hexacom-subscribed-034-times-on-day-1/article68026988.ece,IPO screener: Bharti Hexacom subscribed 0.34 times on Day 1,REJECTED_ENTITY_MATCHER,False,,DIRECTLY_RELEVANT,Bharti Hexacom IPO / landmark listing involving promoter Bharti Airtel
20240404071500-95,20240404071500,bloomberg.com,https://www.bloomberg.com/features/2024-india-heirs-list/,"India's 16 Richest Heirs 2024: Children of Ambani, Adani to Inherit Billions",REJECTED_ENTITY_MATCHER,False,,NOT_RELEVANT,Generic match without direct Bharti Airtel relevance
20240404080000-119,20240404080000,indiatimes.com,https://economictimes.indiatimes.com/markets/ipos/fpos/bharti-hexacom-ipo-booked-50-so-far-on-day-2-check-gmp-and-other-details/articleshow/109028923.cms,Bharti Hexacom IPO booked 50% so far on Day 2. Check GMP and other details,REJECTED_ENTITY_MATCHER,False,,DIRECTLY_RELEVANT,Bharti Hexacom IPO / landmark listing involving promoter Bharti Airtel
20240404090000-803,20240404090000,moneylife.in,https://www.moneylife.in/article/nse-to-broadcast-4-additional-indices-on-terminals-from-8th-april/73869.html,NSE to Broadcast 4 Additional Indices on Terminals from 8th April,REJECTED_ENTITY_MATCHER,False,,NOT_RELEVANT,Generic match without direct Bharti Airtel relevance
20240404091500-284,20240404091500,streetinsider.com,https://www.streetinsider.com/Globe+Newswire/Aerospike+Closes+$109M+in+Growth+Capital+from+Sumeru+Equity+Partners/23026065.html,Aerospike Closes $109M in Growth Capital from Sumeru Equity Partners,REJECTED_ENTITY_MATCHER,False,,NOT_RELEVANT,Generic match without direct Bharti Airtel relevance
20240404094500-470,20240404094500,deccanchronicle.com,https://www.deccanchronicle.com/entertainment/bollywood/six-family-sagas-to-binge-watch-this-month-888252,Six Family Sagas to Binge-Watch this Month,REJECTED_ENTITY_MATCHER,False,,NOT_RELEVANT,Generic match without direct Bharti Airtel relevance
20240404100000-1014,20240404100000,businesstoday.in,https://www.businesstoday.in/markets/stocks/story/rahul-gandhi-midcap-smallcap-debt-mf-schemes-that-inc-leader-owns-their-returns-top-holdings-424299-2024-04-04,"Rahul Gandhi: Midcap, smallcap, debt MF schemes that INC leader owns, their returns, top holdings",REJECTED_ENTITY_MATCHER,False,,NOT_RELEVANT,Generic match without direct Bharti Airtel relevance
20240404101500-T302,20240404101500,digit.in,https://www.digit.in/hi/news/telecom/vodafone-idea-unlimited-data-voucher-in-low-cost.html,Vodafone Idea ने Unlimited Data वाले प्लांस के साथ Jio-Airtel की खटिया खड़ी की,REJECTED_ENTITY_MATCHER,False,,NOT_RELEVANT,Generic match without direct Bharti Airtel relevance
20240404101500-1237,20240404101500,tmcnet.com,https://www.tmcnet.com/usubmit/2024/04/04/9989039.htm,Aerospike Closes $109M in Growth Capital from Sumeru Equity Partners,REJECTED_ENTITY_MATCHER,False,,NOT_RELEVANT,Generic match without direct Bharti Airtel relevance
20240404101500-478,20240404101500,yahoo.com,https://www.yahoo.com/news/aerospike-raises-100m-real-time-090002201.html,Aerospike raises $100M for its real-time database platform to capitalize on the AI boom,REJECTED_ENTITY_MATCHER,False,,NOT_RELEVANT,Generic match without direct Bharti Airtel relevance
20240404104500-1364,20240404104500,techcrunch.com,https://techcrunch.com/2024/04/04/aerospike-raises-100m-for-its-real-time-database-platform-to-capitalize-on-the-ai-boom/,Aerospike raises $100M for its real-time database platform to capitalize on the AI boom,REJECTED_ENTITY_MATCHER,False,,NOT_RELEVANT,Generic match without direct Bharti Airtel relevance
20240404104500-849,20240404104500,itnewsonline.com,https://www.itnewsonline.com/GlobeNewswire/Aerospike-Closes-USD109M-in-Growth-Capital-from-Sumeru-Equity-Partners/76019,Aerospike Closes $109M in Growth Capital from Sumeru Equity Partners,REJECTED_ENTITY_MATCHER,False,,NOT_RELEVANT,Generic match without direct Bharti Airtel relevance
20240404110000-496,20240404110000,globenewswire.com,https://www.globenewswire.com/news-release/2024/04/04/2857562/0/en/Aerospike-Closes-109M-in-Growth-Capital-from-Sumeru-Equity-Partners.html,Aerospike Closes $109M in Growth Capital from Sumeru Equity,REJECTED_ENTITY_MATCHER,False,,NOT_RELEVANT,Generic match without direct Bharti Airtel relevance
20240404110000-119,20240404110000,moneycontrol.com,https://www.moneycontrol.com/news/business/markets/taking-stock-sensex-nifty-close-at-a-new-highs-all-eyes-on-rbi-policy-12575611.html,"Taking Stock: Sensex, Nifty close at new highs, all eyes on RBI policy",REJECTED_ENTITY_MATCHER,False,,NOT_RELEVANT,Generic match without direct Bharti Airtel relevance
20240404111500-730,20240404111500,financialexpress.com,https://www.financialexpress.com/market/closing-bell-smart-gains-on-dalal-street-with-nifty-closes-above-22500-sensex-near-74200-banks-shine-ahead-of-rbi-rate-decision-3446364/,"Closing Bell: Smart gains on Dalal Street with Nifty closes above 22,500, Sensex near 74,200; Banks shine ahead of RBI rate decision - Market News",REJECTED_ENTITY_MATCHER,False,,NOT_RELEVANT,Generic match without direct Bharti Airtel relevance
20240404111500-T1488,20240404111500,moneycontrol.com,https://hindi.moneycontrol.com/news/markets/share-market-nifty-closes-above-22500-first-times-investor-wealths-surges-1-25-lakh-crore-in-a-day-1889621.html,"Sensex ने रचा इतिहास, Nifty पहली बार 22,500 के पार बंद, एक दिन में ₹1.25 लाख करोड़ हुई कमाई",REJECTED_ENTITY_MATCHER,False,,NOT_RELEVANT,Generic match without direct Bharti Airtel relevance
20240404113000-83,20240404113000,indiatimes.com,https://economictimes.indiatimes.com/industry/banking/finance/decoding-why-a-single-bank-account-for-all-your-transactions-might-not-be-an-effective-choice/articleshow/109035042.cms,Decoding why a single bank account for all your transactions might not be an effective choice!,REJECTED_ENTITY_MATCHER,False,,NOT_RELEVANT,Generic match without direct Bharti Airtel relevance
20240404113000-171,20240404113000,indiatimes.com,https://economictimes.indiatimes.com/markets/stocks/stock-watch/share-market-update-most-active-stocks-of-the-day-in-terms-of-traded-value/articleshow/109036055.cms,active stocks: Share market update: Most active stocks of the day in terms of traded value,REJECTED_ENTITY_MATCHER,False,,NOT_RELEVANT,Generic match without direct Bharti Airtel relevance
20240404113000-538,20240404113000,indiatimes.com,https://economictimes.indiatimes.com/wealth/spend/top-banks-co-branded-credit-cards-cashback-offers-fuel-surcharge-waiver-discounts-freebies-annual-fee/articleshow/109035304.cms,"Top banks' co-branded credit cards: Cashback offers, fuel surcharge waiver, discounts, freebies, annual fee",REJECTED_ENTITY_MATCHER,False,,NOT_RELEVANT,Generic match without direct Bharti Airtel relevance
20240404113000-707,20240404113000,indiatimes.com,https://economictimes.indiatimes.com/markets/stocks/stock-watch/stock-market-update-mining-stocks-mixed-as-market-rises/articleshow/109035819.cms,Stock Market Sectors: Stock market update: Mining stocks mixed as market rises,REJECTED_ENTITY_MATCHER,False,,NOT_RELEVANT,Generic match without direct Bharti Airtel relevance
20240404113000-1525,20240404113000,indiatimes.com,https://economictimes.indiatimes.com/markets/stocks/stock-watch/stock-market-update-sugar-stocks-up-as-market-rises/articleshow/109035199.cms,Stock Market Sectors: Stock market update: Sugar stocks up as market rises,REJECTED_ENTITY_MATCHER,False,,NOT_RELEVANT,Generic match without direct Bharti Airtel relevance
20240404113000-786,20240404113000,livemint.com,https://www.livemint.com/market/stock-market-news/top-gainers-and-losers-today-on-4-april-2024-hdfc-bank-eicher-motors-oil-natural-gas-corporation-shriram-finance-among-most-active-stocks-check-full-list-here-11712226793032.html,"Top Gainers and Losers today on 4 April, 2024: HDFC Bank, Eicher Motors, Oil & Natural Gas Corporation, Shriram Finance among most active stocks; Check full list here",REJECTED_ENTITY_MATCHER,False,,NOT_RELEVANT,Generic match without direct Bharti Airtel relevance
20240404113000-T82,20240404113000,prabhatkhabar.com,https://www.prabhatkhabar.com/business/share-market-closed-high-today-sensex-nifty-new-record-mdn,"Share Market में आयी तेजी, सेंसेक्स-निफ्टी ने बनाया रिकॉर्ड",REJECTED_ENTITY_MATCHER,False,,NOT_RELEVANT,Generic match without direct Bharti Airtel relevance
20240404114500-221,20240404114500,indiatimes.com,https://economictimes.indiatimes.com/markets/stocks/stock-watch/stock-market-update-fertilisers-stocks-up-as-market-rises/articleshow/109036678.cms,Stock Market Sectors: Stock market update: Fertilisers stocks up as market rises,REJECTED_ENTITY_MATCHER,False,,NOT_RELEVANT,Generic match without direct Bharti Airtel relevance
20240404114500-1251,20240404114500,indiatimes.com,https://economictimes.indiatimes.com/markets/stocks/stock-watch/stock-market-update-power-stocks-up-as-market-rises/articleshow/109036897.cms,Stock Market Sectors: Stock market update: Power stocks up as market rises,REJECTED_ENTITY_MATCHER,False,,NOT_RELEVANT,Generic match without direct Bharti Airtel relevance
20240404114500-526,20240404114500,freepressjournal.in,https://www.freepressjournal.in/business/market-ends-on-a-high-note-sensex-at-7422763-nifty-above-22500-banks-and-financials-lead-the-bull-charge,"Market Ends On A High Note: Sensex At 74,227.63, Nifty Above 22,500; Banks And Financials Lead The Bull Charge",REJECTED_ENTITY_MATCHER,False,,NOT_RELEVANT,Generic match without direct Bharti Airtel relevance
20240404120000-103,20240404120000,yahoo.com,https://finance.yahoo.com/news/aerospike-raises-100m-real-time-090002201.html,Aerospike raises $100M for its real-time database platform to capitalize on the AI boom,REJECTED_ENTITY_MATCHER,False,,NOT_RELEVANT,Generic match without direct Bharti Airtel relevance
20240404120000-1101,20240404120000,indiatimes.com,https://timesofindia.indiatimes.com/business/india-business/stock-market-today-sensex-surges-350-point-to-settle-at-all-time-high-nifty-at-22500/articleshow/109035189.cms,"Stock market today: Sensex surges 350 point to settle at all time high, Nifty around 22,500",REJECTED_ENTITY_MATCHER,False,,NOT_RELEVANT,Generic match without direct Bharti Airtel relevance
20240404121500-971,20240404121500,rttnews.com,https://www.rttnews.com/3436864/sensex-nifty-end-modestly-higher-banking-and-it-stocks-lead-gains.aspx,"Sensex, Nifty End Modestly Higher; Banking And IT Stocks Lead Gains",REJECTED_ENTITY_MATCHER,False,,NOT_RELEVANT,Generic match without direct Bharti Airtel relevance
20240404121500-113,20240404121500,indiatimes.com,https://economictimes.indiatimes.com/markets/stocks/news/vodafone-idea-picks-jefferies-axis-for-rs-20000-crore-share-sale/articleshow/109037190.cms,"Vodafone Idea picks Jefferies, Axis for Rs 20,000 crore share sale",REJECTED_ENTITY_MATCHER,False,,NOT_RELEVANT,Generic match without direct Bharti Airtel relevance
20240404121500-1661,20240404121500,indiatimes.com,https://economictimes.indiatimes.com/markets/stocks/stock-watch/stock-market-update-stocks-that-hit-52-week-highs-on-nse-in-todays-trade/articleshow/109037640.cms,52 week high stocks: Stock market update: Stocks that hit 52-week highs on NSE in today's trade,REJECTED_ENTITY_MATCHER,False,,NOT_RELEVANT,Generic match without direct Bharti Airtel relevance
20240404121500-513,20240404121500,indiatimes.com,https://economictimes.indiatimes.com/markets/stocks/stock-watch/stock-market-update-fmcg-stocks-up-as-market-rises/articleshow/109037183.cms,Stock Market Sectors: Stock market update: FMCG stocks up as market rises,REJECTED_ENTITY_MATCHER,False,,NOT_RELEVANT,Generic match without direct Bharti Airtel relevance
20240404121500-339,20240404121500,indiatimes.com,https://economictimes.indiatimes.com/markets/stocks/stock-watch/stock-market-update-stocks-that-hit-52-week-lows-on-nse-in-todays-trade/articleshow/109037803.cms,52 week high stocks: Stock market update: Stocks that hit 52-week lows on NSE in today's trade,REJECTED_ENTITY_MATCHER,False,,NOT_RELEVANT,Generic match without direct Bharti Airtel relevance
20240404121500-323,20240404121500,indiatimes.com,https://economictimes.indiatimes.com/markets/stocks/stock-watch/share-market-update-most-active-stocks-in-todays-market-in-terms-of-volume/articleshow/109038290.cms,share market: Share market update: Most active stocks in today's market in terms of volume,REJECTED_ENTITY_MATCHER,False,,NOT_RELEVANT,Generic match without direct Bharti Airtel relevance
20240404121500-1187,20240404121500,theweek.in,https://www.theweek.in/news/biz-tech/2024/04/04/sensex-nifty-hit-record-highs-as-hdfc-tcs-rise.html,"Sensex, Nifty hit record highs as HDFC, TCS rise",REJECTED_ENTITY_MATCHER,False,,NOT_RELEVANT,Generic match without direct Bharti Airtel relevance
20240404123000-1205,20240404123000,telegraphindia.com,https://www.telegraphindia.com/feeds/business/sensex-surges-350-points-to-settle-at-lifetime-high-of-74227-nifty-climbs-80-points-to-record-22514/cid/2011197,"Stock market | Sensex surges 350 points to settle at lifetime high of 74,227; Nifty climbs 80 points to record 22,514",REJECTED_ENTITY_MATCHER,False,,NOT_RELEVANT,Generic match without direct Bharti Airtel relevance
20240404123000-T785,20240404123000,webdunia.com,https://hindi.webdunia.com/it-news/call-forwarded-scam-what-is-it-and-how-is-government-protecting-the-users-124040400067_1.html,"Online Fraud रोकने के लिए सरकार का बड़ा कदम, क्या मोबाइल यूजर्स के लिए झटका",REJECTED_ENTITY_MATCHER,False,,NOT_RELEVANT,Generic match without direct Bharti Airtel relevance
20240404124500-12,20240404124500,thehindu.com,https://www.thehindu.com/business/markets/sensex-nifty-hit-record-highs-as-hdfc-tcs-rise/article68028117.ece,"Sensex, Nifty hit record highs as HDFC, TCS rise",REJECTED_ENTITY_MATCHER,False,,NOT_RELEVANT,Generic match without direct Bharti Airtel relevance
20240404130000-T243,20240404130000,livehindustan.com,https://www.livehindustan.com/gadgets/iphone-13-price-drop-again-in-india-check-discounts-price-on-amazon-and-flipkart-201712233798807.html,"iphone 13 price drop again in india check discounts price on amazon and flipkart फिर सस्ता हुआ iPhone 13, कंपनी पहले ही ₹20,000 घटा चुकी है दाम, अब बजट में आया फोन",REJECTED_ENTITY_MATCHER,False,,NOT_RELEVANT,Generic match without direct Bharti Airtel relevance
20240404130000-641,20240404130000,bnnbloomberg.ca,https://www.bnnbloomberg.ca/vodafone-idea-picks-jefferies-axis-for-2-4-billion-share-sale-1.2055115,"Vodafone Idea Picks Jefferies, Axis for $2.4 Billion Share Sale",REJECTED_ENTITY_MATCHER,False,,NOT_RELEVANT,Generic match without direct Bharti Airtel relevance
20240404130000-1919,20240404130000,indiainfoline.com,https://www.indiainfoline.com/blog/recap-fy24-best-large-cap-stocks-on-dalal-street,Recap FY24 - Best large cap stocks on Dalal Street,REJECTED_ENTITY_MATCHER,False,,NOT_RELEVANT,Generic match without direct Bharti Airtel relevance
20240404131500-250,20240404131500,ndtv.com,https://www.ndtv.com/business-news/sensex-at-lifetime-high-nifty-hits-record-high-as-hdfc-tcs-stocks-surge-5373772,"Sensex At Lifetime High, Nifty Hits Record High As HDFC, TCS Stocks Surge",REJECTED_ENTITY_MATCHER,False,,NOT_RELEVANT,Generic match without direct Bharti Airtel relevance
20240404131500-1190,20240404131500,indiatimes.com,https://telecom.economictimes.indiatimes.com/news/industry/bharti-hexacom-ipo-booked-50-so-far-on-day-2/109035477,"Bharti Hexacom IPO booked 50% so far on Day 2, Telecom News, ET Telecom",REJECTED_ENTITY_MATCHER,False,,DIRECTLY_RELEVANT,Bharti Hexacom IPO / landmark listing involving promoter Bharti Airtel
20240404131500-1239,20240404131500,indiatimes.com,https://telecom.economictimes.indiatimes.com/news/telecom-equipment/5g-network-slicing-can-lead-to-additional-revenue-sources-for-telcos-enterprises-ericsson/109032031,"5G network slicing can lead to additional revenue sources for telcos, enterprises: Ericsson, ET Telecom",REJECTED_ENTITY_MATCHER,False,,NOT_RELEVANT,Generic match without direct Bharti Airtel relevance
20240404131500-238,20240404131500,indiatimes.com,https://telecom.economictimes.indiatimes.com/news/industry/india-at-key-position-to-steer-fair-share-debate-worldwide-gsmas-julian-gorman/109031655,"India at key position to steer 'fair share' debate worldwide: GSMA's Julian Gorman, ET Telecom",REJECTED_ENTITY_MATCHER,False,,NOT_RELEVANT,Generic match without direct Bharti Airtel relevance
20240404133000-997,20240404133000,rttnews.com,https://www.rttnews.com/story.aspx?Id=3436864,"Sensex, Nifty End Modestly Higher; Banking And IT Stocks Lead Gains",REJECTED_ENTITY_MATCHER,False,,NOT_RELEVANT,Generic match without direct Bharti Airtel relevance
20240404133000-2047,20240404133000,india.com,https://zeenews.india.com/markets/sensex-nifty-hit-record-highs-as-hdfc-tcs-rise-2737154.html,"Sensex, Nifty Hit Record Highs As HDFC, TCS Rise",REJECTED_ENTITY_MATCHER,False,,NOT_RELEVANT,Generic match without direct Bharti Airtel relevance
20240404134500-979,20240404134500,telegraphindia.com,https://www.telegraphindia.com/business/sensex-surges-350-points-to-settle-at-lifetime-high-of-74227-nifty-climbs-80-points-to-record-22514/cid/2011197,"Stock market | Sensex surges 350 points to settle at lifetime high of 74,227; Nifty climbs 80 points to record 22,514",REJECTED_ENTITY_MATCHER,False,,NOT_RELEVANT,Generic match without direct Bharti Airtel relevance
20240404134500-1866,20240404134500,indiatimes.com,https://economictimes.indiatimes.com/tech/newsletters/tech-top-5/sachin-bansals-navi-eyes-fundraise-byjus-seeks-arbitration-in-investor-battle/articleshow/109040111.cms,Sachin Bansal's Navi eyes fundraise; Byju's seeks arbitration in investor battle,REJECTED_ENTITY_MATCHER,False,,NOT_RELEVANT,Generic match without direct Bharti Airtel relevance
20240404134500-373,20240404134500,scroll.in,https://scroll.in/latest/1066216/electoral-bonds-33-loss-making-firms-donated-rs-582-crore-75-went-to-bjp-says-report,"Electoral bonds: 33 loss-making firms donated Rs 576 crore, 75% went to BJP, says report",REJECTED_ENTITY_MATCHER,False,,NOT_RELEVANT,Generic match without direct Bharti Airtel relevance
20240404140000-360,20240404140000,thestatesman.com,https://www.thestatesman.com/business/stock-market-climbs-to-record-high-ahead-of-rbi-mpc-meet-1503287106.html,Stock market climbs to record high ahead of RBI MPC meet,REJECTED_ENTITY_MATCHER,False,,NOT_RELEVANT,Generic match without direct Bharti Airtel relevance
20240404141500-244,20240404141500,firstpost.com,https://www.firstpost.com/world/indias-trillion-rupee-market-cap-club-goes-from-48-to-80-firms-in-a-year-13756269.html,India's trillion-rupee market cap club goes from 48 to 80 firms in a year,REJECTED_ENTITY_MATCHER,False,,NOT_RELEVANT,Generic match without direct Bharti Airtel relevance
20240404141500-T240,20240404141500,digit.in,https://www.digit.in/ta/news/telecom/vodafone-idea-data-voucher-rs-17-and-57-get-unlimited-data-offer-at-night.html,"Vodafone Idea வெறும் ரூ,17 யில் அன்லிமிடெட் டேட்டா",REJECTED_ENTITY_MATCHER,False,,NOT_RELEVANT,Generic match without direct Bharti Airtel relevance
20240404143000-993,20240404143000,tribuneindia.com,https://www.tribuneindia.com/news/business/sensex-nifty-rebounded-sharply-hit-record-highs-as-hdfc-tcs-rise-607379,"Sensex, Nifty rebound sharply; hit record highs as HDFC, TCS rise",REJECTED_ENTITY_MATCHER,False,,NOT_RELEVANT,Generic match without direct Bharti Airtel relevance
20240404143000-104,20240404143000,livemint.com,https://www.livemint.com/companies/vodafone-ideas-20-000-crore-fpo-likely-next-week-11712233316369.html,"Vodafone Idea's ₹20,000-crore FPO likely next week",REJECTED_ENTITY_MATCHER,False,,NOT_RELEVANT,Generic match without direct Bharti Airtel relevance
20240404150000-T632,20240404150000,indiatimes.com,https://navbharattimes.indiatimes.com/india/old-man-loses-three-lakh-rupees-in-refund-of-rs-hundred-swiggy-customer-service-scam-on-google/articleshow/109041450.cms,"100 रुपये के रिफंड के चक्कर में लगा 3 लाख का चूना, Swiggy के कस्टमर केयर स्कैम में फंस गए बुजुर्ग",REJECTED_ENTITY_MATCHER,False,,NOT_RELEVANT,Generic match without direct Bharti Airtel relevance
20240404151500-265,20240404151500,rediff.com,https://www.rediff.com/business/report/sensex-nifty-hit-record-highs-as-hdfc-tcs--rise/20240404.htm,"Sensex, Nifty hit record highs as HDFC, TCS rise - Rediff.com Business",REJECTED_ENTITY_MATCHER,False,,NOT_RELEVANT,Generic match without direct Bharti Airtel relevance
20240404160000-1454,20240404160000,pctechmag.com,https://pctechmag.com/2024/04/airtel-hands-ugx34-8bn-to-ucc-to-bridge-digital-divide-in-uganda/,Airtel hands UGX34.8bn to UCC to bridge digital divide in Uganda,REJECTED_ENTITY_MATCHER,False,,NOT_RELEVANT,Generic match without direct Bharti Airtel relevance
20240404163000-445,20240404163000,thehindubusinessline.com,https://www.thehindubusinessline.com/markets/sensex-nifty-close-at-record-highs-amid-volatility/article68028801.ece,"Sensex, Nifty close at record highs amid volatility - The Hindu BusinessLine",REJECTED_ENTITY_MATCHER,False,,NOT_RELEVANT,Generic match without direct Bharti Airtel relevance
20240404170000-1199,20240404170000,business-standard.com,https://www.business-standard.com/markets/capital-market-news/bharti-hexacom-ipo-subscribed-1-12-times-124040400806_1.html,Bharti Hexacom IPO subscribed 1.12 times,REJECTED_ENTITY_MATCHER,False,,DIRECTLY_RELEVANT,Bharti Hexacom IPO / landmark listing involving promoter Bharti Airtel
20240404171500-T1078,20240404171500,navabharat.com,https://navabharat.com/?p=9358,आरबीआई के नीतिगत निर्णय से पहले बाजार ने लगाई छलांग,REJECTED_ENTITY_MATCHER,False,,NOT_RELEVANT,Generic match without direct Bharti Airtel relevance
20240404174500-2246,20240404174500,latestly.com,https://www.latestly.com/agency-news/latest-news-bharti-hexacom-ipo-subscribed-1-12-times-on-day-2-of-offer-5869983.html,Latest News | Bharti Hexacom IPO Subscribed 1.12 Times on Day 2 of Offer,REJECTED_ENTITY_MATCHER,False,,DIRECTLY_RELEVANT,Bharti Hexacom IPO / landmark listing involving promoter Bharti Airtel
20240404180000-1390,20240404180000,indiatimes.com,https://telecom.economictimes.indiatimes.com/news/industry/vodafone-idea-picks-jefferies-axis-for-rs-20000-crore-share-sale/109041054,"Vodafone Idea picks Jefferies, Axis for Rs 20,000 crore share sale, ET Telecom",REJECTED_ENTITY_MATCHER,False,,NOT_RELEVANT,Generic match without direct Bharti Airtel relevance
20240404190000-757,20240404190000,indiatimes.com,https://economictimes.indiatimes.com/industry/telecom/telecom-news/talks-begin-on-pricing-of-new-spectrum-bands/articleshow/109045359.cms,Talks begin on pricing of new spectrum bands,REJECTED_ENTITY_MATCHER,False,,NOT_RELEVANT,Generic match without direct Bharti Airtel relevance
20240404191500-424,20240404191500,tmcnet.com,https://www.tmcnet.com/usubmit/2024/04/04/9989630.htm,Data Center Construction Market in Africa to Witness Investment Opportunities of $2.53 Billion by 2029,REJECTED_ENTITY_MATCHER,False,,NOT_RELEVANT,Generic match without direct Bharti Airtel relevance
20240404191500-252,20240404191500,prnewswire.com,https://www.prnewswire.com/news-releases/data-center-construction-market-in-africa-to-witness-investment-opportunities-of-2-53-billion-by-2029---arizton-302108395.html,Data Center Construction Market in Africa to Witness Investment Opportunities of $2.53 Billion by 2029,REJECTED_ENTITY_MATCHER,False,,NOT_RELEVANT,Generic match without direct Bharti Airtel relevance
20240404193000-1530,20240404193000,finanznachrichten.de,https://www.finanznachrichten.de/nachrichten-2024-04/61867298-arizton-advisory-intelligence-data-center-construction-market-in-africa-to-witness-investment-opportunities-of-dollar-2-53-billion-by-2029-arizton-008.htm,Arizton Advisory & Intelligence: Data Center Construction Market in Africa to Witness Investment Opportunities of $2.53 Billion by 2029,REJECTED_ENTITY_MATCHER,False,,NOT_RELEVANT,Generic match without direct Bharti Airtel relevance
20240404204500-1484,20240404204500,tmcnet.com,https://www.tmcnet.com/usubmit/-data-center-construction-market-africa-witness-investment-opportunities-/2024/04/04/9989630.htm,Data Center Construction Market in Africa to Witness Investment Opportunities of $2.53 Billion by 2029,REJECTED_ENTITY_MATCHER,False,,NOT_RELEVANT,Generic match without direct Bharti Airtel relevance
20240404210000-2371,20240404210000,invezz.com,https://invezz.com/news/2024/04/04/bharti-hexacom-ipo-will-the-company-sink-or-swim/,Bharti Hexacom IPO: will the company sink or swim? | Invezz Bharti Hexacom IPO: will the company sink or swim?,REJECTED_ENTITY_MATCHER,False,,DIRECTLY_RELEVANT,Bharti Hexacom IPO / landmark listing involving promoter Bharti Airtel
20240404211500-720,20240404211500,menafn.com,https://menafn.com/1108060655/Data-Center-Construction-Market-In-Africa-To-Witness-Investment-Opportunities-Of-253-Billion-By-2029-Arizton,Data Center Construction Market In Africa To Witness Investment Opportunities Of $2.53 Billion By 2029 - Arizton,REJECTED_ENTITY_MATCHER,False,,NOT_RELEVANT,Generic match without direct Bharti Airtel relevance
20240404223000-650,20240404223000,dailymirror.lk,https://www.dailymirror.lk/business-news/BOI-puts-spotlight-on-30-companies-for-noteworthy-contribution-to-FDI/273-280204,BOI puts spotlight on 30 companies for noteworthy contribution to FDI - Business News,REJECTED_ENTITY_MATCHER,False,,NOT_RELEVANT,Generic match without direct Bharti Airtel relevance
20240404230000-T106,20240404230000,digit.in,https://www.digit.in/ml/news/telecom/airtel-offers-free-disney-plus-hotstar-plan-under-rs-500.html,"Airtel Free Hotstar Plan: ബിഗ് ബോസ്, ഓസ്ലർ, പ്രേമലു കാണാൻ സാധാ ഒരു റീചാർജ് പ്ലാൻ, 500 രൂപയ്ക്കും താഴെ!",REJECTED_ENTITY_MATCHER,False,,NOT_RELEVANT,Formulaic consumer recharge plan / OTT bundle comparison table
20240404234500-T1347,20240404234500,theekkathir.in,"https://theekkathir.in/News/headlines/%e0%ae%aa%e0%ae%be%e0%ae%9c%e0%ae%95/elections-worth-rs-12,008-crore-sold-between-2017-2018-and-2022-2023-in-the-country",தீக்கதிர் - ஊடக உலகில் உண்மையின் பேரொளி,REJECTED_ENTITY_MATCHER,False,,NOT_RELEVANT,Generic match without direct Bharti Airtel relevance
20240405010000-T1094,20240405010000,indiatimes.com,https://navbharattimes.indiatimes.com/business/share-market/share-news/stock-market-prediction-today-these-shares-including-alkyl-amines-and-policybazaar-showing-bullishness-earning-opportunity/articleshow/109044858.cms,"Stock Market Prediction Today these shares including Alkyl Amines and Policybazaar showing bullishness earning opportunity: आज Alkyl Amines और Policybazaar समेत दौड़ेंगे ये शेयर, दिख रही तेजी!",REJECTED_ENTITY_MATCHER,False,,NOT_RELEVANT,Generic match without direct Bharti Airtel relevance
20240405013000-959,20240405013000,indiatimes.com,https://timesofindia.indiatimes.com/business/india-business/sensex-hits-all-time-high-of-74228-on-it-fin-buying/articleshow/109047918.cms,"Sensex: Sensex Hits All-time High Of 74,228 On It, Fin Buying | India Business News",REJECTED_ENTITY_MATCHER,False,,NOT_RELEVANT,Generic match without direct Bharti Airtel relevance
20240405021500-1233,20240405021500,vanguardngr.com,https://www.vanguardngr.com/2024/04/body-parts-disappeared-controversy-trails-death-of-42-yr-old-woman-in-auto-crash/,'Body parts disappeared' - Controversy trails death of 42-yr-old woman in auto crash,REJECTED_ENTITY_MATCHER,False,,NOT_RELEVANT,Generic match without direct Bharti Airtel relevance
20240405024500-T1252,20240405024500,ilyo.co.kr,https://ilyo.co.kr/?ac=article_view&entry_id=470051,"""딴 우물 파야 산다"" 사업 다각화…교육기업, 저출생 돌파구 찾기 눈길",REJECTED_NON_ARTICLE_URL,False,,NOT_RELEVANT,Non-article URL / taxonomy tag page
20240405033000-14,20240405033000,scroll.in,https://scroll.in/article/1066184/aditya-birla-group-donated-rs-100-crore-to-bjp-two-months-before-governments-vodafone-idea-bailout,Aditya Birla group donated Rs 100 crore to BJP two months before government's Vodafone Idea bailout,REJECTED_ENTITY_MATCHER,False,,NOT_RELEVANT,Generic match without direct Bharti Airtel relevance
20240405034500-523,20240405034500,udaipurkiran.com,https://udaipurkiran.com/tag/cloud/,cloud | Udaipur Kiran,REJECTED_NON_ARTICLE_URL,False,,NOT_RELEVANT,Non-article URL / taxonomy tag page
20240405041500-16,20240405041500,businessdailyafrica.com,https://www.businessdailyafrica.com/bd/corporate/companies/sh75bn-tax-bill-stalls-m-pesa-split-from-safaricom--4579408,Sh75bn tax bill stalls M-Pesa split from Safaricom,REJECTED_ENTITY_MATCHER,False,,NOT_RELEVANT,Generic match without direct Bharti Airtel relevance
20240405043000-T78,20240405043000,prabhatkhabar.com,https://www.prabhatkhabar.com/business/bharti-hexacom-ipo-price-band-allotment-date-gmp-update-mdn,Bharti Hexacom IPO में बोली लगाने का आज आखिरी मौका,REJECTED_ENTITY_MATCHER,False,,DIRECTLY_RELEVANT,Bharti Hexacom IPO / landmark listing involving promoter Bharti Airtel
20240405044500-75,20240405044500,indiatimes.com,https://economictimes.indiatimes.com/industry/services/consultancy-/-audit/xcelerat-aquire-stakeholder-communications-consultancy-stirrup-communication/articleshow/109051967.cms,Xcelerate: Xcelerat aquire stakeholder communications consultancy Stirrup Communication,REJECTED_ENTITY_MATCHER,False,,NOT_RELEVANT,Generic match without direct Bharti Airtel relevance
20240405044500-251,20240405044500,telecomlead.com,https://www.telecomlead.com/telecom-services/india-spectrum-auction-date-revised-due-to-elections-115634,India Spectrum Auction Date Revised Due to Elections,REJECTED_ENTITY_MATCHER,False,,NOT_RELEVANT,Generic match without direct Bharti Airtel relevance
20240405051500-795,20240405051500,seychellesnewsagency.com,http://www.seychellesnewsagency.com/articles/20357/rd+edition+of+Seychelles,3rd edition of Seychelles' Praslin culinary and arts festival starts April 6,REJECTED_ENTITY_MATCHER,False,,NOT_RELEVANT,Generic match without direct Bharti Airtel relevance
20240405053000-790,20240405053000,marketscreener.com,https://www.marketscreener.com/quote/stock/BHARTI-AIRTEL-LIMITED-6494412/news/FPI-inflows-in-Indian-shares-hit-three-month-high-in-March-NSDL-data-shows-46368183/,"FPI inflows in Indian shares hit three-month high in March, NSDL data shows",REJECTED_ENTITY_MATCHER,False,,NOT_RELEVANT,Generic match without direct Bharti Airtel relevance
20240405053000-T1438,20240405053000,livehindustan.com,https://www.livehindustan.com/gadgets/free-ott-subscriptions-with-cheaper-data-vouchers-starting-from-just-82-rupees-201712290742349.html,"Free OTT subscriptions with cheaper data vouchers starting from just 82 rupees सस्ते डाटा रीचार्ज के साथ Free मिल रहा OTT का मजा, प्लान केवल 82 रुपये से शुरू",REJECTED_ENTITY_MATCHER,False,,NOT_RELEVANT,Generic match without direct Bharti Airtel relevance
20240405054500-360,20240405054500,thenewsminute.com,https://www.thenewsminute.com/news/aditya-birla-group-donated-rs-100-crore-to-bjp-two-months-before-governments-vodafone-idea-bailout,Aditya Birla group donated Rs 100 crore to BJP two months before government's Vodafone Idea bailout,REJECTED_ENTITY_MATCHER,False,,NOT_RELEVANT,Generic match without direct Bharti Airtel relevance
20240405060000-408,20240405060000,indiainfoline.com,https://www.indiainfoline.com/news/ipo/bharti-hexacom-ipo-oversubscribed-by-112-on-day-2,Bharti Hexacom IPO Oversubscribed by 112% on Day 2,REJECTED_ENTITY_MATCHER,False,,DIRECTLY_RELEVANT,Bharti Hexacom IPO / landmark listing involving promoter Bharti Airtel
20240405061500-T226,20240405061500,bhaskar.com,https://www.bhaskar.com/business/news/stock-market-bse-sensex-nse-nifty-updates-5-april-132827013.html,"Stock Market BSE Sensex NSE Nifty Updates | 5 April | सेंसेक्स में 100 अंक से ज्यादा की गिरावट: ये 74,100 के स्तर पर कारोबार कर रहा, भारती हेक्साकॉम के IPO में निवेश का आखिरी मौका",REJECTED_ENTITY_MATCHER,False,,NOT_RELEVANT,Generic match without direct Bharti Airtel relevance
20240405071500-232,20240405071500,thehindubusinessline.com,https://www.thehindubusinessline.com/markets/ipo-screener-bharti-hexacom-issue-closes-today/article68031125.ece,IPO screener: Bharti Hexacom issue closes today - The Hindu BusinessLine,REJECTED_ENTITY_MATCHER,False,,NOT_RELEVANT,Standalone Bharti Hexacom operational news
20240405084500-T443,20240405084500,digit.in,https://www.digit.in/ta/news/mobile-phones/iphone-13-available-at-massive-discount-know-here-offers-details.html,iPhone இந்த மாடலில் அதிரடி டிஸ்கவுன்ட் விலை பாருங்க,REJECTED_ENTITY_MATCHER,False,,NOT_RELEVANT,Generic match without direct Bharti Airtel relevance
20240405090000-T21,20240405090000,jagran.com,https://www.jagran.com/technology/tech-guide-how-to-activate-airtel-esim-on-android-or-ios-know-the-process-here-23690308.html,"Airtel eSim: फिजिकल सिम से हो गए हैं बोर तो ऐसे एक्टिवेट करें ई-सिम, यहां जानें पूरा तरीका - how to activate Airtel eSim on Android or iOS, know the process here",REJECTED_ENTITY_MATCHER,False,,NOT_RELEVANT,Generic match without direct Bharti Airtel relevance
20240405091500-386,20240405091500,indiatimes.com,https://economictimes.indiatimes.com/markets/ipos/fpos/bharti-hexacom-ipo-booked-3-24-times-so-far-on-final-day-check-gmp-and-other-details/articleshow/109060850.cms,Bharti Hexacom IPO booked 3.24 times so far on final day. Check GMP and other details,REJECTED_ENTITY_MATCHER,False,,DIRECTLY_RELEVANT,Bharti Hexacom IPO / landmark listing involving promoter Bharti Airtel
20240405100000-105,20240405100000,indiatimes.com,https://economictimes.indiatimes.com/industry/telecom/telecom-news/airtel-versus-jio-more-shots-fired-in-the-satcom-space-battle/articleshow/109062974.cms,Airtel versus Jio: More shots fired in the satcom space battle,REJECTED_ENTITY_MATCHER,False,,NOT_RELEVANT,Generic match without direct Bharti Airtel relevance
20240405100000-899,20240405100000,moneycontrol.com,https://www.moneycontrol.com/news/business/ipo/bharti-hexacom-subscription-day-3-niis-retail-investors-qibs-ipo-airtel-group-day-3-12580341.html,"Bharti Hexacom IPO sees 17x subscription on Day 3, QIBs subscribe 26 times",REJECTED_ENTITY_MATCHER,False,,DIRECTLY_RELEVANT,Bharti Hexacom IPO / landmark listing involving promoter Bharti Airtel
20240405103000-T2380,20240405103000,haribhoomi.com,https://www.haribhoomi.com/technology/news/jio-airtel-plane-know-about-the-cheap-plans-of-reliance-jio-and-airtel-for-84-days-you-will-get-daily-data-and-free-calling--18355,"Jio-Airtel Plane: जानिए रिलायंस जियो व एयरटेल के 84 दिनों वाले सस्ते प्लान के बारे में, रोजाना मिलेगा डेटा और फ्री कॉलिंग",REJECTED_ENTITY_MATCHER,False,,NOT_RELEVANT,Generic match without direct Bharti Airtel relevance
20240405104500-560,20240405104500,rttnews.com,https://www.rttnews.com/3437174/sensex-nifty-reverse-early-losses-a-banks-financials-surge.aspx,"Sensex, Nifty Reverse Early Losses A Banks, Financials Surge",REJECTED_ENTITY_MATCHER,False,,NOT_RELEVANT,Generic match without direct Bharti Airtel relevance
20240405110000-643,20240405110000,news18.com,https://www.news18.com/business/bharti-hexacom-ipo-closes-today-should-you-subscribe-check-subscription-status-gmp-today-8840682.html,"Bharti Hexacom IPO Closes Today: Check Subscription Status, GMP Today",REJECTED_ENTITY_MATCHER,False,,DIRECTLY_RELEVANT,Bharti Hexacom IPO / landmark listing involving promoter Bharti Airtel
20240405110000-101,20240405110000,freepressjournal.in,https://www.freepressjournal.in/business/market-ends-on-a-high-note-sensex-at-7430447-nifty-above-22500-banks-and-financials-lead-the-bull-charge,"Market Ends On A Flat Note: Sensex At 74,304.47, Nifty Above 22,500; Banks And Financials Lead The Bull Charge",REJECTED_ENTITY_MATCHER,False,,NOT_RELEVANT,Generic match without direct Bharti Airtel relevance
20240405111500-434,20240405111500,theeagleonline.com.ng,https://theeagleonline.com.ng/body-parts-of-42-year-old-woman-said-to-have-died-in-auto-crash-missing/,Body parts of 42-year-old woman said to have died in auto crash missing,REJECTED_ENTITY_MATCHER,False,,NOT_RELEVANT,Generic match without direct Bharti Airtel relevance
20240405113000-756,20240405113000,indiatimes.com,https://economictimes.indiatimes.com/markets/stocks/stock-watch/stock-market-update-fertilisers-stocks-up-as-market-rises/articleshow/109064887.cms,Stock Market Sectors: Stock market update: Fertilisers stocks up as market rises,REJECTED_ENTITY_MATCHER,False,,NOT_RELEVANT,Generic match without direct Bharti Airtel relevance
20240405113000-232,20240405113000,indiatimes.com,https://economictimes.indiatimes.com/markets/stocks/stock-watch/stock-market-update-power-stocks-down-as-market-rises/articleshow/109065181.cms,Stock Market Sectors: Stock market update: Power stocks down as market rises,REJECTED_ENTITY_MATCHER,False,,NOT_RELEVANT,Generic match without direct Bharti Airtel relevance
20240405120000-280,20240405120000,financialexpress.com,https://www.financialexpress.com/market/closing-bell-markets-flat-and-nifty-settles-above-22500-banks-and-realty-stocks-shine-as-as-rbi-keeps-repo-rate-unchanged-3447622/,"Closing Bell: Markets flat and Nifty settles above 22,500; Banks and Realty stocks shine as as RBI keeps repo rate unchanged",REJECTED_ENTITY_MATCHER,False,,NOT_RELEVANT,Generic match without direct Bharti Airtel relevance
20240405121500-1818,20240405121500,thehindubusinessline.com,https://www.thehindubusinessline.com/markets/stock-market-highlights-5-april-2024/article68027996.ece,"Share Market Highlights 5th April 2024: Sensex, Nifty trade flat; bank stocks shine",REJECTED_ENTITY_MATCHER,False,,NOT_RELEVANT,Generic match without direct Bharti Airtel relevance
20240405121500-1722,20240405121500,thehindu.com,https://www.thehindu.com/business/markets/sensex-gains-marginally-to-scale-new-peak-after-rbi-policy-decision/article68032215.ece,Sensex gains marginally to scale new peak after RBI policy decision,REJECTED_ENTITY_MATCHER,False,,NOT_RELEVANT,Generic match without direct Bharti Airtel relevance
20240405123000-1124,20240405123000,theweek.in,https://www.theweek.in/wire-updates/business/2024/04/05/del125-biz-stocks-close.html,Equity markets gain marginally to scale new peaks after RBI policy decision,REJECTED_ENTITY_MATCHER,False,,NOT_RELEVANT,Generic match without direct Bharti Airtel relevance
20240405123000-416,20240405123000,rttnews.com,https://www.rttnews.com/story.aspx?Id=3437174,"Sensex, Nifty Reverse Early Losses A Banks, Financials Surge",REJECTED_ENTITY_MATCHER,False,,NOT_RELEVANT,Generic match without direct Bharti Airtel relevance
20240405124500-1605,20240405124500,telegraphindia.com,https://www.telegraphindia.com/feeds/business/equity-markets-gain-marginally-to-scale-new-peaks-after-rbi-policy-decision/cid/2011437,Stock market | Equity markets gain marginally to scale new peaks after RBI policy decision,REJECTED_ENTITY_MATCHER,False,,NOT_RELEVANT,Generic match without direct Bharti Airtel relevance
20240405130000-1975,20240405130000,telegraphindia.com,https://www.telegraphindia.com/business/equity-markets-gain-marginally-to-scale-new-peaks-after-rbi-policy-decision/cid/2011437,Stock market | Equity markets gain marginally to scale new peaks after RBI policy decision,REJECTED_ENTITY_MATCHER,False,,NOT_RELEVANT,Generic match without direct Bharti Airtel relevance
20240405130000-1272,20240405130000,deccanherald.com,https://www.deccanherald.com/business/equity-markets-gain-marginally-to-scale-new-peaks-after-rbi-policy-decision-2966752,Equity markets gain marginally to scale new peaks after RBI policy decision,REJECTED_ENTITY_MATCHER,False,,NOT_RELEVANT,Generic match without direct Bharti Airtel relevance
20240405131500-1023,20240405131500,india.com,https://zeenews.india.com/markets/equity-markets-gain-marginally-to-scale-new-peaks-after-rbi-policy-decision-2737494.html,Equity Markets Gain Marginally To Scale New Peaks After RBI Policy Decision,REJECTED_ENTITY_MATCHER,False,,NOT_RELEVANT,Generic match without direct Bharti Airtel relevance
20240405131500-1689,20240405131500,indiatimes.com,https://telecom.economictimes.indiatimes.com/news/industry/bharti-hexacom-ipo-booked-3-24-times-so-far-on-final-day-check-gmp-and-other-details/109062220,"Bharti Hexacom IPO booked 3.24 times so far on final day, Telecom News, ET Telecom",REJECTED_ENTITY_MATCHER,False,,DIRECTLY_RELEVANT,Bharti Hexacom IPO / landmark listing involving promoter Bharti Airtel
20240405131500-T794,20240405131500,digit.in,https://www.digit.in/hi/news/telecom/jio-best-plan-april-2024.html,"Jio का ताबड़तोड़ Recharge Plan, Airtel को दे दी मात",REJECTED_ENTITY_MATCHER,False,,NOT_RELEVANT,Formulaic consumer recharge plan / OTT bundle comparison table
20240405134500-1032,20240405134500,techweez.com,https://techweez.com/2024/04/05/how-kenya-access-the-internet/,"How Kenyans connect to the Internet from Submarine Cable Infrastructure, ISPs to Personal Devices",REJECTED_ENTITY_MATCHER,False,,NOT_RELEVANT,Generic match without direct Bharti Airtel relevance
20240405140000-311,20240405140000,theweek.in,https://www.theweek.in/news/biz-tech/2024/04/05/sensex-gains-marginally-to-scale-new-peak-after-rbi-policy-decision.html,Sensex gains marginally to scale new peak after RBI policy decision,REJECTED_ENTITY_MATCHER,False,,NOT_RELEVANT,Generic match without direct Bharti Airtel relevance
20240405140000-276,20240405140000,marketscreener.com,https://www.marketscreener.com/news/latest/India-s-Bharti-Hexacom-IPO-receives-bids-worth-over-8-billion-46373380/,India's Bharti Hexacom IPO receives bids worth over $8 billion,REJECTED_ENTITY_MATCHER,False,,DIRECTLY_RELEVANT,Bharti Hexacom IPO / landmark listing involving promoter Bharti Airtel
20240405140000-T881,20240405140000,webdunia.com,https://hindi.webdunia.com/stock-market/sensex-at-new-peak-124040500080_1.html,"Share Market : सेंसेक्स नए शिखर पर, RBI के इस फैसले का दिखा असर",REJECTED_ENTITY_MATCHER,False,,NOT_RELEVANT,Generic match without direct Bharti Airtel relevance
20240405150000-929,20240405150000,tribuneindia.com,https://www.tribuneindia.com/news/business/sensex-gains-marginally-to-scale-new-peak-after-rbi-policy-607731,Sensex gains marginally to scale new peak after RBI policy,REJECTED_ENTITY_MATCHER,False,,NOT_RELEVANT,Generic match without direct Bharti Airtel relevance
20240405150000-45,20240405150000,rcrwireless.com,https://www.rcrwireless.com/20240405/spectrum/india-postpones-spectrum-auction-due-to-general-elections,India postpones spectrum auction due to general elections,REJECTED_ENTITY_MATCHER,False,,NOT_RELEVANT,Generic match without direct Bharti Airtel relevance
20240405150000-391,20240405150000,usnews.com,https://www.usnews.com/news/world/articles/2024-04-05/indias-bharti-hexacom-ipo-receives-bids-worth-over-8-billion,India's Bharti Hexacom IPO Receives Bids Worth Over $8 Billion,REJECTED_ENTITY_MATCHER,False,,DIRECTLY_RELEVANT,Bharti Hexacom IPO / landmark listing involving promoter Bharti Airtel
20240405151500-1764,20240405151500,rediff.com,https://www.rediff.com/business/report/sensex-gains-marginally-to-scale-new-peak-after-rbi-policy-decision/20240405.htm,Sensex gains marginally to scale new peak after RBI policy decision,REJECTED_ENTITY_MATCHER,False,,NOT_RELEVANT,Generic match without direct Bharti Airtel relevance
20240405153000-1039,20240405153000,saltwire.com,https://www.saltwire.com/halifax/news/indias-bharti-hexacom-ipo-receives-bids-worth-over-8-billion-100954307/,India's Bharti Hexacom IPO receives bids worth over $8 billion,REJECTED_ENTITY_MATCHER,False,,DIRECTLY_RELEVANT,Bharti Hexacom IPO / landmark listing involving promoter Bharti Airtel
20240405153000-1504,20240405153000,indiablooms.com,https://www.indiablooms.com/finance-details/20195/sensex-ends-flat-at-74248-22.html,Sensex ends flat at 74248.22 | Indiablooms - First Portal on Digital News Management,REJECTED_ENTITY_MATCHER,False,,NOT_RELEVANT,Generic match without direct Bharti Airtel relevance
20240405161500-701,20240405161500,saltwire.com,https://www.saltwire.com/prince-edward-island/news/world/indias-bharti-hexacom-ipo-receives-bids-worth-over-8-billion-100954307/,India's Bharti Hexacom IPO receives bids worth over $8 billion,REJECTED_ENTITY_MATCHER,False,,DIRECTLY_RELEVANT,Bharti Hexacom IPO / landmark listing involving promoter Bharti Airtel
20240405161500-1654,20240405161500,businesstoday.in,https://www.businesstoday.in/markets/ipo-corner/story/bharti-hexacom-ipo-day-3-issue-subscribed-2988-times-check-latest-grey-market-premium-424503-2024-04-05,Bharti Hexacom IPO Day 3: Issue subscribed 29.88 times; check latest GMP & expected listing date,REJECTED_ENTITY_MATCHER,False,,DIRECTLY_RELEVANT,Bharti Hexacom IPO / landmark listing involving promoter Bharti Airtel
20240405164500-1392,20240405164500,thehindubusinessline.com,https://www.thehindubusinessline.com/markets/bharti-hexacom-ipo-subscribed-30-times-thanks-to-qibs/article68032839.ece,"Bharti Hexacom IPO subscribed 30 times, thanks to QIBs - The Hindu BusinessLine",REJECTED_ENTITY_MATCHER,False,,DIRECTLY_RELEVANT,Bharti Hexacom IPO / landmark listing involving promoter Bharti Airtel
20240405170000-1904,20240405170000,datacenterdynamics.com,https://www.datacenterdynamics.com/en/news/india-delays-5g-spectrum-auction-to-june-due-to-upcoming-election/,India delays 5G spectrum auction to June due to upcoming election,REJECTED_ENTITY_MATCHER,False,,NOT_RELEVANT,Generic match without direct Bharti Airtel relevance
20240405171500-T1780,20240405171500,haribhoomi.com,https://www.haribhoomi.com/business/news/swiggy-instamart-delivery-fastag-within-10-minute-of-online-order-from-its-app-updates-18432,"FASTags: ऑर्डर करते ही 10 मिनट में फास्टैग सीधे पहुंचेगा घर, बेहद आसान है तरीका; जानें कैसे करें अप्लाई",REJECTED_ENTITY_MATCHER,False,,NOT_RELEVANT,Generic match without direct Bharti Airtel relevance
20240405171500-790,20240405171500,dealstreetasia.com,https://www.dealstreetasia.com/stories/indias-bharti-hexacoms-oversubscribed-ipo-gets-bids-worth-over-8b-390713,India's Bharti Hexacom's oversubscribed IPO gets bids worth over $8b,REJECTED_ENTITY_MATCHER,False,,DIRECTLY_RELEVANT,Bharti Hexacom IPO / landmark listing involving promoter Bharti Airtel
20240405173000-121,20240405173000,finanznachrichten.de,https://www.finanznachrichten.de/nachrichten-2024-04/61876973-european-stocks-close-lower-on-geopolitical-tensions-interest-rate-uncertainty-020.htm,"European Stocks Close Lower On Geopolitical Tensions, Interest Rate Uncertainty",REJECTED_ENTITY_MATCHER,False,,NOT_RELEVANT,Generic match without direct Bharti Airtel relevance
20240405174500-1008,20240405174500,rttnews.com,https://www.rttnews.com/3437284/european-stocks-close-lower-on-geopolitical-tensions-interest-rate-uncertainty.aspx,"European Stocks Close Lower On Geopolitical Tensions, Interest Rate Uncertainty",REJECTED_ENTITY_MATCHER,False,,NOT_RELEVANT,Generic match without direct Bharti Airtel relevance
20240405190000-953,20240405190000,kelo.com,https://kelo.com/2024/04/05/indias-bharti-hexacom-ipo-receives-bids-worth-over-8-billion/,India's Bharti Hexacom IPO receives bids worth over $8 billion,REJECTED_ENTITY_MATCHER,False,,DIRECTLY_RELEVANT,Bharti Hexacom IPO / landmark listing involving promoter Bharti Airtel
20240405190000-1001,20240405190000,yourstory.com,https://yourstory.com:443/2020/07/india-mobile-phones-smartphone-market-25-years,25 years of mobile phones: India's journey to becoming world's second-largest smartphone market,REJECTED_ENTITY_MATCHER,False,,NOT_RELEVANT,Generic match without direct Bharti Airtel relevance
20240405191500-873,20240405191500,indiatimes.com,https://economictimes.indiatimes.com/industry/telecom/telecom-news/vi-to-renew-tech-outsourcing-deal-with-ibm-for-about-1-billion/articleshow/109074057.cms,Vi to renew tech outsourcing deal with IBM for about $1 billion,REJECTED_ENTITY_MATCHER,False,,NOT_RELEVANT,Generic match without direct Bharti Airtel relevance
20240405194500-1318,20240405194500,rttnews.com,https://www.rttnews.com/story.aspx?Id=3437284,"European Stocks Close Lower On Geopolitical Tensions, Interest Rate Uncertainty",REJECTED_ENTITY_MATCHER,False,,NOT_RELEVANT,Generic match without direct Bharti Airtel relevance
20240405201500-740,20240405201500,indiainfoline.com,https://www.indiainfoline.com/blog/what-fiis-bought-and-sold-in-indian-equities-in-march-2024,What FIIs bought and sold in Indian equities in March 2024?,REJECTED_ENTITY_MATCHER,False,,NOT_RELEVANT,Generic match without direct Bharti Airtel relevance
20240405201500-1042,20240405201500,indiainfoline.com,https://www.indiainfoline.com/news/ipo-news/bharti-hexacom-ipo-oversubscribed-on-last-day,Bharti Hexacom IPO Oversubscribed on Last Day,REJECTED_ENTITY_MATCHER,False,,DIRECTLY_RELEVANT,Bharti Hexacom IPO / landmark listing involving promoter Bharti Airtel
20240405223000-1680,20240405223000,rashtranews.com,https://www.rashtranews.com/how-much-do-the-major-isps-earn-in-nepal-nepal-news/,How Much Do the Major ISPs Earn in Nepal? :Nepal News,REJECTED_ENTITY_MATCHER,False,,NOT_RELEVANT,Generic match without direct Bharti Airtel relevance
20240406004500-873,20240406004500,udaipurkiran.com,https://udaipurkiran.com/bsnl-best-plan-just-rs-197-for-70-days-validity-unlimited-calls-and-2gb-data-per-day/,"BSNL Best Plan: Just Rs 197 for 70 days Validity, Unlimited Calls and 2GB Data Per Day",REJECTED_ENTITY_MATCHER,False,,NOT_RELEVANT,Formulaic consumer recharge plan / OTT bundle comparison table
20240406014500-329,20240406014500,indiatimes.com,https://economictimes.indiatimes.com/news/elections/lok-sabha/india/election-panel-increases-scrutiny-of-parties-spending-on-sms/voice-call-campaigns/articleshow/109074471.cms,lok sabha polls 2024: Election panel increases scrutiny of parties' spending on SMS/voice call campaigns,REJECTED_ENTITY_MATCHER,False,,NOT_RELEVANT,Generic match without direct Bharti Airtel relevance
20240406021500-456,20240406021500,financialexpress.com,https://www.financialexpress.com/business/roadways-park-accelerates-fastag-ambitions-3448192/,Park+ accelerates FASTag ambitions,REJECTED_ENTITY_MATCHER,False,,NOT_RELEVANT,Generic match without direct Bharti Airtel relevance
20240406030000-241,20240406030000,tribuneindia.com,https://www.tribuneindia.com/news/lifestyle/young-filmmaker-mukul-kapoors-upcoming-short-film-tatva-explores-the-transformative-power-of-art-607902,Young filmmaker Mukul Kapoor's upcoming short film Tatva explores the transformative power of art : The Tribune India,REJECTED_ENTITY_MATCHER,False,,NOT_RELEVANT,Generic match without direct Bharti Airtel relevance
20240406031500-729,20240406031500,indiatimes.com,https://telecom.economictimes.indiatimes.com/news/industry/vodafone-idea-to-renew-tech-outsourcing-deal-with-ibm-for-about-1-billion/109078782,"Vodafone Idea to renew tech outsourcing deal with IBM for about $1 billion, ET Telecom",REJECTED_ENTITY_MATCHER,False,,NOT_RELEVANT,Generic match without direct Bharti Airtel relevance
20240406031500-553,20240406031500,indiatimes.com,https://telecom.economictimes.indiatimes.com/news/policy/election-panel-increases-scrutiny-of-parties-spending-on-sms/voice-call-campaigns/109079109,"Lok Sabha Polls 2024: Election panel increases scrutiny of parties' spending on SMS/voice call campaigns, ET Telecom",REJECTED_ENTITY_MATCHER,False,,NOT_RELEVANT,Generic match without direct Bharti Airtel relevance
20240406034500-687,20240406034500,udaipurkiran.com,https://udaipurkiran.com/airtel-family-plan-4-users-unlimited-5g-data-calls-netflix-prime-hotstar-for-just-rs-40-day/,"Airtel Family Plan: 4 Users, Unlimited 5G Data, Calls, Netflix, Prime, Hotstar for Just Rs. 40/Day",REJECTED_ENTITY_MATCHER,False,,NOT_RELEVANT,Formulaic consumer recharge plan / OTT bundle comparison table
20240406034500-307,20240406034500,udaipurkiran.com,https://udaipurkiran.com/tag/airtel-postpaid/,airtel postpaid | Udaipur Kiran,REJECTED_NON_ARTICLE_URL,False,,NOT_RELEVANT,Non-article URL / taxonomy tag page
20240406034500-790,20240406034500,udaipurkiran.com,https://udaipurkiran.com/tag/airtel-black-plans/,airtel black plans | Udaipur Kiran,REJECTED_NON_ARTICLE_URL,False,,NOT_RELEVANT,Non-article URL / taxonomy tag page
20240406034500-430,20240406034500,udaipurkiran.com,https://udaipurkiran.com/tag/airtel-family-plan/,Airtel Family Plan | Udaipur Kiran,REJECTED_NON_ARTICLE_URL,False,,NOT_RELEVANT,Non-article URL / taxonomy tag page
20240406034500-816,20240406034500,udaipurkiran.com,https://udaipurkiran.com/tag/airtel-5g/,airtel 5g | Udaipur Kiran,REJECTED_NON_ARTICLE_URL,False,,NOT_RELEVANT,Non-article URL / taxonomy tag page
20240406034500-557,20240406034500,udaipurkiran.com,https://udaipurkiran.com/tag/airtel-new-plan/,airtel new plan | Udaipur Kiran,REJECTED_NON_ARTICLE_URL,False,,NOT_RELEVANT,Non-article URL / taxonomy tag page
20240406034500-397,20240406034500,udaipurkiran.com,https://udaipurkiran.com/tag/airtel-new-plans/,airtel new plans | Udaipur Kiran,REJECTED_NON_ARTICLE_URL,False,,NOT_RELEVANT,Non-article URL / taxonomy tag page
20240406034500-937,20240406034500,udaipurkiran.com,https://udaipurkiran.com/tag/airtel-postpaid-family-plans/,airtel postpaid family plans | Udaipur Kiran,REJECTED_NON_ARTICLE_URL,False,,NOT_RELEVANT,Non-article URL / taxonomy tag page
20240406034500-773,20240406034500,udaipurkiran.com,https://udaipurkiran.com/tag/airtel-postpaid-plan/,airtel postpaid plan | Udaipur Kiran,REJECTED_NON_ARTICLE_URL,False,,NOT_RELEVANT,Non-article URL / taxonomy tag page
20240406034500-274,20240406034500,udaipurkiran.com,https://udaipurkiran.com/tag/airtel-postpaid-plans-2023/,airtel postpaid plans 2023 | Udaipur Kiran,REJECTED_NON_ARTICLE_URL,False,,NOT_RELEVANT,Non-article URL / taxonomy tag page
20240406034500-530,20240406034500,udaipurkiran.com,https://udaipurkiran.com/tag/airtel-postpaid-plans-2024/,airtel postpaid plans 2024 | Udaipur Kiran,REJECTED_NON_ARTICLE_URL,False,,NOT_RELEVANT,Non-article URL / taxonomy tag page
20240406034500-1016,20240406034500,udaipurkiran.com,https://udaipurkiran.com/tag/airtel-postpaid-plans-499-benefits/,airtel postpaid plans 499 benefits,REJECTED_NON_ARTICLE_URL,False,,NOT_RELEVANT,Non-article URL / taxonomy tag page
20240406034500-1062,20240406034500,udaipurkiran.com,https://udaipurkiran.com/tag/airtel-postpaid-plans-all/,airtel postpaid plans all | Udaipur Kiran,REJECTED_NON_ARTICLE_URL,False,,NOT_RELEVANT,Non-article URL / taxonomy tag page
20240406034500-738,20240406034500,udaipurkiran.com,https://udaipurkiran.com/tag/airtel-postpaid-plans-change/,airtel postpaid plans change | Udaipur Kiran,REJECTED_NON_ARTICLE_URL,False,,NOT_RELEVANT,Non-article URL / taxonomy tag page
20240406034500-249,20240406034500,udaipurkiran.com,https://udaipurkiran.com/tag/airtel-postpaid-plans-hindi/,airtel postpaid plans hindi | Udaipur Kiran,REJECTED_NON_ARTICLE_URL,False,,NOT_RELEVANT,Non-article URL / taxonomy tag page
20240406034500-702,20240406034500,udaipurkiran.com,https://udaipurkiran.com/tag/airtel-postpaid-plans/,airtel postpaid plans | Udaipur Kiran,REJECTED_NON_ARTICLE_URL,False,,NOT_RELEVANT,Non-article URL / taxonomy tag page
20240406034500-142,20240406034500,udaipurkiran.com,https://udaipurkiran.com/tag/airtel-prepaid-plans/,airtel prepaid plans | Udaipur Kiran,REJECTED_NON_ARTICLE_URL,False,,NOT_RELEVANT,Non-article URL / taxonomy tag page
20240406034500-216,20240406034500,udaipurkiran.com,https://udaipurkiran.com/tag/airtel-unlimited-postpaid-plans/,airtel unlimited postpaid plans | Udaipur Kiran,REJECTED_NON_ARTICLE_URL,False,,NOT_RELEVANT,Non-article URL / taxonomy tag page
20240406034500-196,20240406034500,udaipurkiran.com,https://udaipurkiran.com/tag/postpaid-airtel-plans/,postpaid airtel plans | Udaipur Kiran,REJECTED_NON_ARTICLE_URL,False,,NOT_RELEVANT,Non-article URL / taxonomy tag page
20240406040000-501,20240406040000,nation.africa,https://nation.africa/kenya/life-and-style/showbiz/nonini-willis-raburu-them-mushrooms-how-artistes-are-cashing-in-on-copyright-fights-4580390,"Nonini, Willis Raburu, Them Mushrooms: How artistes are cashing in on copyright fights",REJECTED_ENTITY_MATCHER,False,,NOT_RELEVANT,Generic match without direct Bharti Airtel relevance
20240406040000-T1121,20240406040000,prabhatkhabar.com,https://www.prabhatkhabar.com/technology/jio-vs-airtel-sabse-sasta-annual-plan-kiska-rjv,Jio vs Airtel : सबसे सस्ता एन्युअल प्लान किसका?,REJECTED_ENTITY_MATCHER,False,,NOT_RELEVANT,Generic match without direct Bharti Airtel relevance
20240406044500-T1521,20240406044500,dailyhindinews.com,https://dailyhindinews.com/loot-airtel-family-plan-for-40-rupees-have-fun/,"Airtel Family Plan 40 रुपये में लूट लो मजे, चलेंगे 4 लोगों के फोन, मिलेगा Unlimited 5G डेटा-कॉल्स, Netflix, Prime, Hotstar सबकुछ FREE – Daily Hindi News",REJECTED_ENTITY_MATCHER,False,,NOT_RELEVANT,Formulaic consumer recharge plan / OTT bundle comparison table
20240406054500-735,20240406054500,rashtranews.com,https://www.rashtranews.com/why-are-social-media-companies-nuts-for-nfts-tech-news/,Why are social media companies nuts for NFTs? : Tech News,REJECTED_ENTITY_MATCHER,False,,NOT_RELEVANT,Generic match without direct Bharti Airtel relevance
20240406064500-143,20240406064500,thecable.ng,https://www.thecable.ng/how-to-link-your-mobile-number-to-your-nin-as-an-airtel-customer/,How to link your mobile number to your NIN as an Airtel customer,REJECTED_ENTITY_MATCHER,False,,NOT_RELEVANT,Generic match without direct Bharti Airtel relevance
20240406073000-422,20240406073000,udaipurkiran.com,https://udaipurkiran.com/apple-iphone-13-available-at-a-huge-discount-on-flipkart-and-amazon/,Apple iPhone 13 Available at a huge discount on Flipkart and Amazon,REJECTED_ENTITY_MATCHER,False,,NOT_RELEVANT,Generic match without direct Bharti Airtel relevance
20240406083000-T1117,20240406083000,pardaphash.com,https://hindi.pardaphash.com/airtels-cheap-plan-will-get-one-year-validity-the-hassle-of-recharging-again-and-again-is-over/,"Airtel के सस्ते प्लान में मिलेगी एक साल की वैलिडिटी, बार-बार रिचार्ज करने का झंझट खत्म!",REJECTED_ENTITY_MATCHER,False,,NOT_RELEVANT,Generic match without direct Bharti Airtel relevance
20240406091500-667,20240406091500,indiainfoline.com,https://www.indiainfoline.com/news/ipo/bharti-hexacom-ipo-oversubscribed-on-last-day,Bharti Hexacom IPO Oversubscribed on Last Day,REJECTED_ENTITY_MATCHER,False,,DIRECTLY_RELEVANT,Bharti Hexacom IPO / landmark listing involving promoter Bharti Airtel
20240406091500-524,20240406091500,dailypioneer.com,https://www.dailypioneer.com/2024/business/sensex-gains-marginally-to-scale-new-peak.html,Sensex gains marginally to scale new peak,REJECTED_ENTITY_MATCHER,False,,NOT_RELEVANT,Generic match without direct Bharti Airtel relevance
20240406091500-T999,20240406091500,moneycontrol.com,https://hindi.moneycontrol.com/news/markets/market-this-week-market-hits-new-high-amidst-huge-ups-and-downs-rupee-closes-with-gain-1892923.html,"Market this week : भारी उठापटक के बीच बाजार ने हिट किया नया हाई, बढ़त पर बंद हुआ रुपया",REJECTED_ENTITY_MATCHER,False,,NOT_RELEVANT,Generic match without direct Bharti Airtel relevance
20240406094500-146,20240406094500,viewngr.com,https://viewngr.com/4g-WIFI-Sim-Router-with-5G-Sim-card-slot-at-Rs-2499-New-Delhi-494666.html,"4g WIFI Sim Router with 5G Sim card slot at Rs 2499, New Delhi, router sim 5g",REJECTED_ENTITY_MATCHER,False,,NOT_RELEVANT,Generic match without direct Bharti Airtel relevance
20240406094500-T878,20240406094500,tarunmitra.in,https://www.tarunmitra.in/article/33873/thieves-gang-creating-havoc-in-west-bokaro-area-busted-three,"वेस्ट बोकारो क्षेत्र में तांडव मचाने वाले चोर गिरोह का पर्दाफाश, तीन गिरफ्तार",REJECTED_ENTITY_MATCHER,False,,NOT_RELEVANT,Generic match without direct Bharti Airtel relevance
20240406104500-729,20240406104500,malawi24.com,https://malawi24.com/2024/04/06/airtel-malawi-hikes-prices-for-bundle-packages/,Airtel Malawi hikes prices for bundle packages | Malawi 24,REJECTED_ENTITY_MATCHER,False,,NOT_RELEVANT,Standalone Airtel Africa operational / regional news
20240406120000-261,20240406120000,nairametrics.com,https://nairametrics.com/2024/04/06/bua-foods-leads-as-top-performing-fmcg-stocks-in-q1-2024/,BUA Foods leads as top performing FMCG stocks in Q1 2024,REJECTED_ENTITY_MATCHER,False,,NOT_RELEVANT,Generic match without direct Bharti Airtel relevance
20240406151500-454,20240406151500,indiatimes.com,https://economictimes.indiatimes.com/industry/telecom/telecom-news/vodafone-idea-board-clears-raising-rs-2075-cr-from-aditya-birla-group-via-preferential-issue/articleshow/109092029.cms,Vodafone Idea board clears raising Rs 2075 cr from Aditya Birla Group via preferential issue,REJECTED_ENTITY_MATCHER,False,,NOT_RELEVANT,Generic match without direct Bharti Airtel relevance
20240406171500-T1851,20240406171500,indiatimes.com,https://navbharattimes.indiatimes.com/business/share-market/share-news/stock-market-prediction-how-the-market-may-move-next-week-all-details/articleshow/109093331.cms,"Stock Market: अगले सप्ताह चढ़ेगा या गिरेगा मार्केट, जानिए कैसी रहेगी शेयर बाजार की चाल",REJECTED_ENTITY_MATCHER,False,,NOT_RELEVANT,Generic match without direct Bharti Airtel relevance
20240406173000-615,20240406173000,indiatimes.com,https://telecom.economictimes.indiatimes.com/news/industry/telecom-diary-explainer-fair-share-debate-hots-up-puts-telcos-at-odds-with-ott-players/109090394,"Telecom Diary: Explainer: Fair share debate hots up, puts telcos at odds with OTT players, ET Telecom",REJECTED_ENTITY_MATCHER,False,,NOT_RELEVANT,Generic match without direct Bharti Airtel relevance
20240406200000-780,20240406200000,rashtranews.com,https://www.rashtranews.com/apple-apple-iphone-13-launch-event-5-ways-to-watch-it-on-september-14-rashtra-news-tech-news/,apple: Apple iPhone 13 launch event: 5 ways to watch it on September 14 – Rashtra News : Tech News,REJECTED_ENTITY_MATCHER,False,,NOT_RELEVANT,Generic match without direct Bharti Airtel relevance
20240406224500-T532,20240406224500,moneycontrol.com,https://hindi.moneycontrol.com/news/markets/vodafone-idea-board-has-approved-raising-rs-2075-crore-from-promoter-aditya-birla-group-1893008.html,"Vodafone Idea को मिली इजाजत, Aditya Birla Group से जुटाएगी 2075 करोड़ रुपये",REJECTED_ENTITY_MATCHER,False,,NOT_RELEVANT,Generic match without direct Bharti Airtel relevance
20240406234500-450,20240406234500,rashtranews.com,https://www.rashtranews.com/recent-slow-internet-due-to-submarine-cables-failure-nepal-news/,Recent Slow Internet Due to Submarine Cables Failure :Nepal News,REJECTED_ENTITY_MATCHER,False,,NOT_RELEVANT,Generic match without direct Bharti Airtel relevance
20240407003000-717,20240407003000,rashtranews.com,https://www.rashtranews.com/business-news-dot-returns-bank-guarantees-worth-rs-9000-crore-to-telcos/,"Business News: DoT returns bank guarantees worth Rs 9,000 crore to telcos",REJECTED_ENTITY_MATCHER,False,,NOT_RELEVANT,Generic match without direct Bharti Airtel relevance
20240407003000-394,20240407003000,indianexpress.com,https://indianexpress.com/article/business/companies/vi-gets-board-approval-for-raising-rs-2075-cr-from-aditya-birla-group-9255455/,"Vi gets board approval for raising Rs 2,075 cr from Aditya Birla Group",REJECTED_ENTITY_MATCHER,False,,NOT_RELEVANT,Generic match without direct Bharti Airtel relevance
20240407010000-296,20240407010000,kawowo.com,https://kawowo.com/2024/04/06/over-100000-participants-expected-at-2024-kabaka-birthday-run/,"Over 100,000 participants expected at 2024 Kabaka Birthday run",REJECTED_ENTITY_MATCHER,False,,NOT_RELEVANT,Generic match without direct Bharti Airtel relevance
20240407010000-55,20240407010000,indiatimes.com,https://economictimes.indiatimes.com/industry/telecom/telecom-news/vis-rs-2000-crore-preferential-issue-to-kickstart-larger-infusion-plan/articleshow/109094387.cms,Vi's Rs 2000 crore preferential issue to kickstart larger infusion plan,REJECTED_ENTITY_MATCHER,False,,NOT_RELEVANT,Generic match without direct Bharti Airtel relevance
20240407011500-713,20240407011500,financialexpress.com,https://www.financialexpress.com/business/industry-vi-gets-board-nod-to-raise-rs-2075-cr-aditya-birla-group-to-infuse-funds-3448776/,"Vi gets board nod to raise Rs 2,075 cr, Aditya Birla Group to infuse funds",REJECTED_ENTITY_MATCHER,False,,NOT_RELEVANT,Generic match without direct Bharti Airtel relevance
20240407044500-160,20240407044500,hindustantimes.com,https://www.hindustantimes.com/business/vodafone-idea-to-raise-rs-2075-crore-from-aditya-birla-group-gets-board-nod-101712455374697.html,"Vodafone Idea to raise ₹2075 crore from Aditya Birla Group, gets board nod",REJECTED_ENTITY_MATCHER,False,,NOT_RELEVANT,Generic match without direct Bharti Airtel relevance
20240407053000-215,20240407053000,yourstory.com,https://social.yourstory.com:443/2020/05/sensex-zooms-over-1400pts-modis-package-economic-booster,"Sensex zooms over 1,400 pts on PM Modi's Rs 20 lakh Cr economic booster",REJECTED_ENTITY_MATCHER,False,,NOT_RELEVANT,Generic match without direct Bharti Airtel relevance
20240407053000-75,20240407053000,livemint.com,https://www.livemint.com/market/ipo/upcoming-ipos-teerth-gopicon-ipo-dcg-cables-wires-ipo-among-public-issues-to-open-this-week-11712459094570.html,Upcoming IPOs: 3 SME public issues and 6 new listings scheduled for primary market this week,REJECTED_ENTITY_MATCHER,False,,NOT_RELEVANT,Generic match without direct Bharti Airtel relevance
20240407060000-335,20240407060000,thehindu.com,https://www.thehindu.com/business/markets/hdfc-bank-lic-emerge-as-big-gainers-as-four-of-the-top-10-valued-firms-add-171-lakh-cr-to-m-cap/article68038746.ece,"HDFC Bank, LIC emerge as big gainers as four of the top 10 valued firms add ₹1.71 lakh cr to m-cap",REJECTED_ENTITY_MATCHER,False,,NOT_RELEVANT,Generic match without direct Bharti Airtel relevance
20240407060000-35,20240407060000,yourstory.com,https://her.yourstory.com:443/enterprise-story/2024/04/voda-idea-gets-board-nod-raise-2075-crore-aditya-birla,YourStory | Stories about startups & entrepreneurships,REJECTED_ENTITY_MATCHER,False,,NOT_RELEVANT,Generic match without direct Bharti Airtel relevance
20240407063000-T30,20240407063000,livehindustan.com,https://www.livehindustan.com/business/vodafone-idea-raise-2075-crore-rupees-fund-13-rupees-share-price-201712468018881.html,"Vodafone Idea raise 2075 crore rupees fund 13 rupees share price ₹13 के शेयर वाली कंपनी जुटाएगी ₹2075 करोड़, 8 मई को अहम बैठक, आपके पास है यह शेयर?",REJECTED_ENTITY_MATCHER,False,,NOT_RELEVANT,Generic match without direct Bharti Airtel relevance
20240407063000-T35,20240407063000,livehindustan.com,https://www.livehindustan.com/gadgets/vodafone-idea-introduce-rs-49-plan-with-new-benefits-check-whats-new-201712468731632.html,"vodafone idea introduce rs 49 plan with new benefits check whats new ग्राहकों को तोहफा: ₹49 के छोटू प्लान में अब मिलेगा 20GB डेटा, इतनी मिलेगी वैलिडिटी",REJECTED_ENTITY_MATCHER,False,,NOT_RELEVANT,Generic match without direct Bharti Airtel relevance
20240407071500-701,20240407071500,theweek.in,https://www.theweek.in/news/biz-tech/2024/04/07/mcap-tracker-hdfc-bank-lic-biggest-gainers-among-top-10-firms-reliance-loses-most.html,"Mcap tracker: HDFC Bank, LIC biggest gainers among Top 10 firms, Reliance loses most",REJECTED_ENTITY_MATCHER,False,,NOT_RELEVANT,Generic match without direct Bharti Airtel relevance
20240407073000-176,20240407073000,financialexpress.com,https://www.financialexpress.com/market/four-of-top-10-valued-firms-add-rs-1-71-lakh-cr-to-mcap-hdfc-bank-lic-lead-gainers-3449025/,"Four of top 10 valued firms add Rs 1.71 lakh cr to mcap; HDFC Bank, LIC lead gainers",REJECTED_ENTITY_MATCHER,False,,NOT_RELEVANT,Generic match without direct Bharti Airtel relevance
20240407074500-428,20240407074500,orissapost.com,https://www.orissapost.com/four-of-top-10-valued-firms-add-rs-1-71-lakh-cr-to-mcap-hdfc-bank-lic-lead-gainers/,"Four of top 10 valued firms add Rs 1.71 lakh cr to mcap; HDFC Bank, LIC lead gainers",REJECTED_ENTITY_MATCHER,False,,NOT_RELEVANT,Generic match without direct Bharti Airtel relevance
20240407074500-389,20240407074500,thestatesman.com,https://www.thestatesman.com/business/vodafone-idea-to-make-preferential-issue-of-shares-to-aditya-birla-group-entity-for-rs-2075-crore-1503287857.html,"Vodafone Idea to raise Rs 2,075 crore from promoter Aditya Birla group",REJECTED_ENTITY_MATCHER,False,,NOT_RELEVANT,Generic match without direct Bharti Airtel relevance
20240407080000-297,20240407080000,moneycontrol.com,https://www.moneycontrol.com/news/business/markets/four-of-top-10-valued-firms-add-rs-1-71-lakh-crore-to-mcap-hdfc-bank-lic-lead-gainers-12590481.html,"Four of top 10 valued firms add Rs 1.71 lakh crore to mcap; HDFC Bank, LIC lead gainers",REJECTED_ENTITY_MATCHER,False,,NOT_RELEVANT,Generic match without direct Bharti Airtel relevance
20240407080000-T108,20240407080000,bhaskar.com,https://divyamarathi.bhaskar.com/business/news/hdfc-reliance-market-capitalization-2024-update-sbi-bank-lic-132838362.html,"HDFC Reliance; Market Capitalization 2024 Update | SBI Bank LIC | रिलायन्सचे बाजारमूल्य 38 हजार कोटींनी घसरले: HDFC चे 76,880 कोटींनी वाढले, गेल्या आठवड्यात टॉप-10 स्टॉक मार्केट कंपन्यांपैकी 4 गेनर",REJECTED_ENTITY_MATCHER,False,,NOT_RELEVANT,Generic match without direct Bharti Airtel relevance
20240407081500-T261,20240407081500,bhaskar.com,https://www.bhaskar.com/business/news/reliances-market-cap-fell-by-more-than-38-thousand-crores-132838305.html,"HDFC Reliance; Market Capitalization 2024 Update | SBI Bank LIC | रिलायंस की मार्केट वैल्यू ₹38 हजार करोड़ से ज्यादा गिरी: HDFC की ₹76,880 करोड़ बढ़ी, पिछले हफ्ते शेयर मार्केट की टॉप-10 कंपनियों में 4 गेनर",REJECTED_ENTITY_MATCHER,False,,NOT_RELEVANT,Generic match without direct Bharti Airtel relevance
20240407083000-34,20240407083000,hindustantimes.com,https://www.hindustantimes.com/business/hdfc-adds-rs-77-000-crore-to-its-mcap-biggest-gainer-among-top-10-valued-firms-101712473027176.html,"HDFC adds ₹77,000 crore to its mcap, biggest gainer among top 10 valued firms",REJECTED_ENTITY_MATCHER,False,,NOT_RELEVANT,Generic match without direct Bharti Airtel relevance
20240407083000-609,20240407083000,tribuneindia.com,https://www.tribuneindia.com/news/business/four-of-top-10-valued-firms-add-rs-1-71-lakh-crore-to-mcap-hdfc-bank-lic-lead-gainers-608371,"Four of top-10 valued firms add Rs 1.71 lakh crore to mcap; HDFC Bank, LIC lead gainers",REJECTED_ENTITY_MATCHER,False,,NOT_RELEVANT,Generic match without direct Bharti Airtel relevance
20240407083000-626,20240407083000,yourstory.com,https://yourstory.com:443/enterprise-story/2024/04/voda-idea-gets-board-nod-raise-2075-crore-aditya-birla,YourStory | Stories about startups & entrepreneurships,REJECTED_ENTITY_MATCHER,False,,NOT_RELEVANT,Generic match without direct Bharti Airtel relevance
20240407083000-235,20240407083000,india.com,https://zeenews.india.com/companies/vodafone-idea-granted-board-approval-to-raise-rs-2075-crore-from-aditya-birla-group-2737954.html,"Vodafone Idea Granted Board Approval To Raise Rs 2,075 Crore From Aditya Birla Group",REJECTED_ENTITY_MATCHER,False,,NOT_RELEVANT,Generic match without direct Bharti Airtel relevance
20240407084500-567,20240407084500,udaipurkiran.com,https://udaipurkiran.com/jio-plan-fails-airtel-offers-20-otts-and-3gb-daily-data-for-just-rs-1-extra/,Jio Plan Fails : Airtel Offers 20 OTTs and 3GB Daily Data for Just Rs 1 Extra,REJECTED_ENTITY_MATCHER,False,,NOT_RELEVANT,Formulaic consumer recharge plan / OTT bundle comparison table
20240407084500-246,20240407084500,udaipurkiran.com,https://udaipurkiran.com/tag/reliance-jio-and-airtel/,Reliance Jio and Airtel | Udaipur Kiran,REJECTED_NON_ARTICLE_URL,False,,NOT_RELEVANT,Non-article URL / taxonomy tag page
20240407084500-79,20240407084500,udaipurkiran.com,https://udaipurkiran.com/tag/airtel-4g/,airtel 4g | Udaipur Kiran,REJECTED_NON_ARTICLE_URL,False,,NOT_RELEVANT,Non-article URL / taxonomy tag page
20240407084500-535,20240407084500,udaipurkiran.com,https://udaipurkiran.com/tag/airtel-charges-vs-reliance-jio/,airtel charges vs reliance jio | Udaipur Kiran,REJECTED_NON_ARTICLE_URL,False,,NOT_RELEVANT,Non-article URL / taxonomy tag page
20240407084500-661,20240407084500,udaipurkiran.com,https://udaipurkiran.com/tag/airtel-vs-jio-plans/,airtel vs jio plans | Udaipur Kiran,REJECTED_NON_ARTICLE_URL,False,,NOT_RELEVANT,Non-article URL / taxonomy tag page
20240407084500-716,20240407084500,udaipurkiran.com,https://udaipurkiran.com/tag/airtel-vs-jio-speed-test/,airtel vs jio speed test | Udaipur Kiran,REJECTED_NON_ARTICLE_URL,False,,NOT_RELEVANT,Non-article URL / taxonomy tag page
20240407084500-529,20240407084500,udaipurkiran.com,https://udaipurkiran.com/tag/airtel-vs-jio-which-is-better/,airtel vs jio which is better | Udaipur Kiran,REJECTED_NON_ARTICLE_URL,False,,NOT_RELEVANT,Non-article URL / taxonomy tag page
20240407084500-474,20240407084500,udaipurkiran.com,https://udaipurkiran.com/tag/airtel-vs-reliance-jio/,airtel vs reliance jio | Udaipur Kiran,REJECTED_NON_ARTICLE_URL,False,,NOT_RELEVANT,Non-article URL / taxonomy tag page
20240407084500-76,20240407084500,udaipurkiran.com,https://udaipurkiran.com/tag/how-airtel-is-beating-jio/,how airtel is beating jio | Udaipur Kiran,REJECTED_NON_ARTICLE_URL,False,,NOT_RELEVANT,Non-article URL / taxonomy tag page
20240407084500-687,20240407084500,udaipurkiran.com,https://udaipurkiran.com/tag/jio-vs-airtel-4g-speed-test/,jio vs airtel 4g speed test | Udaipur Kiran,REJECTED_NON_ARTICLE_URL,False,,NOT_RELEVANT,Non-article URL / taxonomy tag page
20240407084500-223,20240407084500,udaipurkiran.com,https://udaipurkiran.com/tag/jio-vs-airtel-fiber/,jio vs airtel fiber | Udaipur Kiran,REJECTED_NON_ARTICLE_URL,False,,NOT_RELEVANT,Non-article URL / taxonomy tag page
20240407084500-446,20240407084500,udaipurkiran.com,https://udaipurkiran.com/tag/jio-vs-airtel-in-hindi/,jio vs airtel in hindi | Udaipur Kiran,REJECTED_NON_ARTICLE_URL,False,,NOT_RELEVANT,Non-article URL / taxonomy tag page
20240407084500-645,20240407084500,udaipurkiran.com,https://udaipurkiran.com/tag/jio-vs-airtel-plans/,jio vs airtel plans | Udaipur Kiran,REJECTED_NON_ARTICLE_URL,False,,NOT_RELEVANT,Non-article URL / taxonomy tag page
20240407084500-677,20240407084500,udaipurkiran.com,https://udaipurkiran.com/tag/jio-vs-airtel-vs-vi/,jio vs airtel vs vi | Udaipur Kiran,REJECTED_NON_ARTICLE_URL,False,,NOT_RELEVANT,Non-article URL / taxonomy tag page
20240407084500-172,20240407084500,udaipurkiran.com,https://udaipurkiran.com/tag/reliance-jio-review/,reliance jio review | Udaipur Kiran,REJECTED_NON_ARTICLE_URL,False,,NOT_RELEVANT,Non-article URL / taxonomy tag page
20240407084500-441,20240407084500,udaipurkiran.com,https://udaipurkiran.com/tag/reliance-jio-vs-airtel/,reliance jio vs airtel | Udaipur Kiran,REJECTED_NON_ARTICLE_URL,False,,NOT_RELEVANT,Non-article URL / taxonomy tag page
20240407084500-288,20240407084500,udaipurkiran.com,https://udaipurkiran.com/tag/reliance-jio-vs-bharti-airtel/,reliance jio vs bharti airtel | Udaipur Kiran,REJECTED_NON_ARTICLE_URL,False,,NOT_RELEVANT,Non-article URL / taxonomy tag page
20240407084500-372,20240407084500,sentinelassam.com,https://www.sentinelassam.com/more-news/business/tata-steel-india-clocks-record-production-data,Tata Steel India clocks record production: Data,REJECTED_ENTITY_MATCHER,False,,NOT_RELEVANT,Generic match without direct Bharti Airtel relevance
20240407084500-T1811,20240407084500,moneycontrol.com,https://hindi.moneycontrol.com/news/markets/four-of-the-top-10-most-valued-firms-added-rs-171309-crore-to-their-market-valuation-last-week-hdfc-bank-and-lic-biggest-gainers-1893038.html,"सेंसेक्स की टॉप 10 कंपनियों में से 4 का m-cap ₹1.71 लाख करोड़ बढ़ा, HDFC Bank को सबसे ज्यादा फायदा",REJECTED_ENTITY_MATCHER,False,,NOT_RELEVANT,Generic match without direct Bharti Airtel relevance
20240407090000-571,20240407090000,livemint.com,https://www.livemint.com/market/stock-market-news/market-capitalisation-of-4-of-top-10-valued-firms-add-1-71-lakh-crore-hdfc-bank-lic-lead-gainers-11712469787095.html,"Market capitalisation of 4 of top 10 valued firms add ₹1.71 lakh crore; HDFC Bank, LIC lead gainers",REJECTED_ENTITY_MATCHER,False,,NOT_RELEVANT,Generic match without direct Bharti Airtel relevance
20240407091500-201,20240407091500,mwnation.com,https://mwnation.com/thokozani-unyolo-award-winning-marketer-women-advocate/,"Thokozani Unyolo: Award-winning marketer, women advocate",REJECTED_ENTITY_MATCHER,False,,NOT_RELEVANT,Generic match without direct Bharti Airtel relevance
20240407091500-283,20240407091500,yahoo.com,https://finance.yahoo.com/news/think-buying-airtel-africa-plc-082459719.html,Should You Think About Buying Airtel Africa Plc (LON:AAF) Now?,REJECTED_ENTITY_MATCHER,False,,NOT_RELEVANT,Standalone Airtel Africa operational / regional news
20240407091500-T352,20240407091500,indiatimes.com,https://navbharattimes.indiatimes.com/business/share-market/share-news/market-cap-of-four-of-top-10-firms-up-1-71-lakh-crore-hdfc-bank-lic-lead-gainers/articleshow/109104073.cms,"रिलायंस समेत देश की 10 टॉप कंपनियों में से छह को नुकसान, जानिए कौन रहा फायदे में",REJECTED_ENTITY_MATCHER,False,,NOT_RELEVANT,Generic match without direct Bharti Airtel relevance
20240407094500-353,20240407094500,yourstory.com,https://social.yourstory.com:443/enterprise-story/2024/04/voda-idea-gets-board-nod-raise-2075-crore-aditya-birla,YourStory | Stories about startups & entrepreneurships,REJECTED_ENTITY_MATCHER,False,,NOT_RELEVANT,Generic match without direct Bharti Airtel relevance
20240407100000-253,20240407100000,udaipurkiran.com,https://udaipurkiran.com/tag/airtel-and-vodafone-idea-plans/,airtel and vodafone idea plans | Udaipur Kiran,REJECTED_NON_ARTICLE_URL,False,,NOT_RELEVANT,Non-article URL / taxonomy tag page
20240407100000-220,20240407100000,businesstoday.in,https://www.businesstoday.in/markets/stocks/story/hdfc-bank-lic-gain-big-as-4-of-top-10-valued-firms-add-rs-171-lakh-crore-to-market-cap-424603-2024-04-07,"HDFC Bank, LIC gain big as 4 of top 10 valued firms add Rs 1.71 lakh crore to market cap",REJECTED_ENTITY_MATCHER,False,,NOT_RELEVANT,Generic match without direct Bharti Airtel relevance
20240407101500-439,20240407101500,indiatimes.com,https://economictimes.indiatimes.com/markets/stocks/news/mcap-of-4-of-top-10-companies-hit-rs-1-71-trillion-hdfc-bank-lic-lead-gainers/articleshow/109104336.cms,"Mcap of 4 of top 10 companies hit Rs 1.71 trillion; HDFC Bank, LIC lead gainers",REJECTED_ENTITY_MATCHER,False,,NOT_RELEVANT,Generic match without direct Bharti Airtel relevance
20240407103000-689,20240407103000,thehindubusinessline.com,https://www.thehindubusinessline.com/markets/four-of-top-10-valued-firms-add-171-lakh-crore-to-mcap-hdfc-bank-lic-lead-gainers/article68038740.ece,"Four of top 10 valued firms add ₹1.71 lakh crore to mcap; HDFC Bank, LIC lead gainers",REJECTED_ENTITY_MATCHER,False,,NOT_RELEVANT,Generic match without direct Bharti Airtel relevance
20240407123000-769,20240407123000,moneycontrol.com,https://www.moneycontrol.com/news/business/ipo/primary-market-to-be-a-bit-quiet-next-week-as-action-only-in-sme-segment-and-not-in-mainboard-12592061.html,Primary market to be a bit quiet next week as action only in SME segment and not in mainboard,REJECTED_ENTITY_MATCHER,False,,NOT_RELEVANT,Generic match without direct Bharti Airtel relevance
20240407124500-319,20240407124500,thestatesman.com,https://www.thestatesman.com/business/four-out-of-10-firms-add-over-rs-1-71-lakh-crore-to-m-cap-1503287892.html,Four out of 10 firms add over Rs 1.71 lakh crore to m-cap,REJECTED_ENTITY_MATCHER,False,,NOT_RELEVANT,Generic match without direct Bharti Airtel relevance
20240407133000-526,20240407133000,india.com,https://zeenews.india.com/markets/four-of-top-10-valued-firms-add-rs-1-71-lakh-cr-to-mcap-hdfc-bank-lic-lead-gainers-2737977.html,"Four Of Top 10 Valued Firms Add Rs 1.71 Lakh Cr To Mcap; HDFC Bank, LIC Lead Gainers",REJECTED_ENTITY_MATCHER,False,,NOT_RELEVANT,Generic match without direct Bharti Airtel relevance
20240407133000-T1722,20240407133000,indiatimes.com,https://navbharattimes.indiatimes.com/tech/gadgets-news/how-to-activate-dnd-on-airtel-jio-vi-uses-stop-fake-sms-call/articleshow/109103070.cms,"Jio Airtel और Vi यूजर्स दें ध्यान! फालतू के Call और SMS से हमेशा की छुट्टी, बस फॉलों करें ये स्टेप्स",REJECTED_ENTITY_MATCHER,False,,NOT_RELEVANT,Generic match without direct Bharti Airtel relevance
20240407171500-219,20240407171500,chimpreports.com,https://chimpreports.com/kabaka-birthday-run-thousands-join-in-the-fight-to-end-hiv-aids-in-uganda-by-2030/,Kabaka Birthday Run: Thousands Join in the Fight to End HIV/AIDS in Uganda by 2030,REJECTED_ENTITY_MATCHER,False,,NOT_RELEVANT,Generic match without direct Bharti Airtel relevance
20240407190000-243,20240407190000,theindianawaaz.com,https://theindianawaaz.com/final-trade-april-4-bse-sensex-rises-351-points-nse-nifty-also-gains-80-points/,Final Trade April 4: BSE Sensex Rises 351 Points & NSE Nifty also Gains 80 Points,REJECTED_ENTITY_MATCHER,False,,NOT_RELEVANT,Generic match without direct Bharti Airtel relevance
20240407200000-95,20240407200000,kawowo.com,https://kawowo.com/2024/04/07/thousands-join-in-the-brave-fight-to-end-hiv-aids-in-uganda-by-2030-at-the-11th-kabaka-birthday-run/,Thousands Join in the brave fight to end HIV/AIDS in Uganda by 2030 at the 11th Kabaka Birthday Run,REJECTED_ENTITY_MATCHER,False,,NOT_RELEVANT,Generic match without direct Bharti Airtel relevance
20240408030000-T408,20240408030000,bhaskar.com,https://www.bhaskar.com/business/news/business-events-today-share-market-petrol-diesel-gold-silver-alexa-mahindra-adani-green-energy-132839785.html,"Business events today, Share Market, petrol diesel, gold silver, alexa mahindra, adani green energy | आनंद महिंद्रा ने 13-साल की बच्ची को ऑफर की जॉब: अडाणी ग्रीन एनर्जी अगले 5-साल में ₹1.5 लाख करोड़ का इंवेस्टमेंट करेगी, सोना 6 महीने में 25% महंगा हुआ",REJECTED_ENTITY_MATCHER,False,,NOT_RELEVANT,Generic match without direct Bharti Airtel relevance
20240408044500-T1117,20240408044500,livehindustan.com,https://www.livehindustan.com/business/share-market/share-market-live-updates-8-april-record-breaking-opening-of-sensex-nifty-201712547736638.html,"Share Market Live Updates 8 April record breaking opening of sensex nifty - Share Market Live Updates 8 April: शेयर मार्केट ने फिर रचा इतिहास, सेंसेक्स-निफ्टी की रिकॉर्ड तोड़ ओपनिंग, शेयर मार्केट समाचार न्यूज",REJECTED_ENTITY_MATCHER,False,,NOT_RELEVANT,Generic match without direct Bharti Airtel relevance
20240408051500-76,20240408051500,moneycontrol.com,https://www.moneycontrol.com/news/business/personal-finance/tata-mutual-fund-launches-6-index-funds-3-are-industry-first-12595211.html,Tata Mutual Fund launches 6 index funds; 3 are industry first,REJECTED_ENTITY_MATCHER,False,,NOT_RELEVANT,Generic match without direct Bharti Airtel relevance
20240408054500-594,20240408054500,thehindubusinessline.com,https://www.thehindubusinessline.com/markets/market-optimism-prevails-sensex-nifty-up/article68041730.ece,"Market optimism prevails: Sensex, Nifty up - The Hindu BusinessLine",REJECTED_ENTITY_MATCHER,False,,NOT_RELEVANT,Generic match without direct Bharti Airtel relevance
20240408054500-1163,20240408054500,news18.com,https://www.news18.com/business/stock-market-updates-sensex-jumps-300-pts-nifty-above-22500-voltas-rallies-7-8843644.html,"Stock Market Updates: Sensex, Nifty Hits Fresh Highs; Nifty Realty Soars 2%",REJECTED_ENTITY_MATCHER,False,,NOT_RELEVANT,Generic match without direct Bharti Airtel relevance
20240408054500-218,20240408054500,indiatimes.com,https://economictimes.indiatimes.com/tech/startups/byjus-aakash-appoints-deepak-mehrotra-as-md-and-ceo/articleshow/109119878.cms,byju's aakash deepak mehrotra: Byju's Aakash appoints Deepak Mehrotra as MD and CEO,REJECTED_ENTITY_MATCHER,False,,NOT_RELEVANT,Generic match without direct Bharti Airtel relevance
20240408060000-1256,20240408060000,freepressjournal.in,https://www.freepressjournal.in/business/tata-steel-jumps-193-at-the-beginning-of-days-trade-as-markets-bloom-in-green,"Tata Steel Jumps 1.93% At The Beginning Of Day's Trade, As Markets Bloom In Green",REJECTED_ENTITY_MATCHER,False,,NOT_RELEVANT,Generic match without direct Bharti Airtel relevance
20240408061500-389,20240408061500,devdiscourse.com,https://www.devdiscourse.com/article/education/2881048-aakash-educational-services-appoints-deepak-mehrotra-as-new-md-ceo,"Aakash Educational Services appoints Deepak Mehrotra as new MD, CEO",REJECTED_ENTITY_MATCHER,False,,NOT_RELEVANT,Generic match without direct Bharti Airtel relevance
20240408063000-T744,20240408063000,digit.in,https://www.digit.in/hi/news/telecom/vodafone-idea-rs-49-recharge-plan-new-benefits.html,"Vi लाया सबसे सस्ता प्लान, Jio-Airtel के उड़े होश",REJECTED_ENTITY_MATCHER,False,,NOT_RELEVANT,Generic match without direct Bharti Airtel relevance
20240408070000-906,20240408070000,menafn.com,https://menafn.com/1108069522/ByjuS-Owned-Aakash-Educational-Services-Appoints-Deepak-Mehrotra-As-MD-CEO,"Byju'S-Owned Aakash Educational Services Appoints Deepak Mehrotra As MD, CEO",REJECTED_ENTITY_MATCHER,False,,NOT_RELEVANT,Generic match without direct Bharti Airtel relevance
20240408073000-801,20240408073000,indiaeducationdiary.in,https://indiaeducationdiary.in/aakash-educational-services-limited-appoints-deepak-mehrotra-as-new-managing-director-and-ceo/,Aakash Educational Services Limited Appoints Deepak Mehrotra as New Managing Director and CEO,REJECTED_ENTITY_MATCHER,False,,NOT_RELEVANT,Generic match without direct Bharti Airtel relevance
20240408073000-1408,20240408073000,prokerala.com,https://www.prokerala.com/news/articles/a1521158.html,"Byju's-owned Aakash Educational Services appoints Deepak Mehrotra as MD, CEO",REJECTED_ENTITY_MATCHER,False,,NOT_RELEVANT,Generic match without direct Bharti Airtel relevance
20240408081500-77,20240408081500,dnaindia.com,https://www.dnaindia.com/education/report-meet-iit-graduate-worked-at-airtel-coca-cola-now-hired-by-byju-s-for-3084625,"Meet IIT graduate, worked at Airtel, Coca-Cola, now hired by Byju's for….",REJECTED_ENTITY_MATCHER,False,,NOT_RELEVANT,Generic match without direct Bharti Airtel relevance
20240408081500-66,20240408081500,hindustantimes.com,https://www.hindustantimes.com/business/3-sme-public-issues-and-6-new-listings-scheduled-for-primary-market-this-week-all-you-need-to-know-101712546685985.html,3 SME public issues and 6 new listings scheduled for primary market this week: All you need to know,REJECTED_ENTITY_MATCHER,False,,NOT_RELEVANT,Generic match without direct Bharti Airtel relevance
20240408081500-373,20240408081500,thenationonlineng.net,https://thenationonlineng.net/nigeria-earns-7-7m-from-mvnos-847-8m-from-5g-spectrum/,"Nigeria earns $7.7m from MVNOs, $847.8m from 5G spectrum",REJECTED_ENTITY_MATCHER,False,,NOT_RELEVANT,Generic match without direct Bharti Airtel relevance
20240408083000-707,20240408083000,indiatimes.com,https://economictimes.indiatimes.com/markets/ipos/fpos/bharti-hexacom-ipo-allotment-to-be-finalised-soon-heres-how-you-can-check-status/articleshow/109126495.cms,Bharti Hexacom IPO allotment to be finalised soon. Here's how you can check status,REJECTED_ENTITY_MATCHER,False,,DIRECTLY_RELEVANT,Bharti Hexacom IPO / landmark listing involving promoter Bharti Airtel
20240408083000-T2356,20240408083000,khaskhabar.com,https://www.khaskhabar.com/local/delhi-ncr/delhi-news/news-bjp-took-large-scale-donations-from-loss-making-companies-sanjay-singh-news-hindi-1-630315-KKN.html,"BJP took large scale donations from loss making companies: Sanjay Singh, Delhi News in Hindi",REJECTED_ENTITY_MATCHER,False,,NOT_RELEVANT,Generic match without direct Bharti Airtel relevance
20240408084500-357,20240408084500,marketscreener.com,https://www.marketscreener.com/quote/stock/OPERA-LIMITED-45064808/news/Opera-Saves-Nigerians-Nearly-5-Billion-Naira-in-Data-Costs-in-2023-with-Free-Data-Campaigns-on-Ope-46384716/,"Opera : Saves Nigerians Nearly 5 Billion Naira in Data Costs in 2023 with Free Data Campaigns on Opera Mini. -April 08, 2024 at 04:28 am EDT",REJECTED_ENTITY_MATCHER,False,,NOT_RELEVANT,Generic match without direct Bharti Airtel relevance
20240408084500-572,20240408084500,thehindubusinessline.com,https://www.thehindubusinessline.com/info-tech/vi-hard-sells-fpo-to-over-250-hedge-funds-institutional-investors/article68039335.ece,"Vi hard sells FPO to over 250 hedge funds, institutional investors",REJECTED_ENTITY_MATCHER,False,,NOT_RELEVANT,Generic match without direct Bharti Airtel relevance
20240408084500-754,20240408084500,yourstory.com,https://yourstory.com:443/2024/04/byjus-aakash-names-deepak-mehrotra-md-ceo-edtech,Aakash names Deepak Mehrotra as MD and CEO,REJECTED_ENTITY_MATCHER,False,,NOT_RELEVANT,Generic match without direct Bharti Airtel relevance
20240408084500-894,20240408084500,yourstory.com,https://social.yourstory.com:443/2024/04/byjus-aakash-names-deepak-mehrotra-md-ceo-edtech,Aakash names Deepak Mehrotra as MD and CEO,REJECTED_ENTITY_MATCHER,False,,NOT_RELEVANT,Generic match without direct Bharti Airtel relevance
20240408090000-39,20240408090000,financialexpress.com,https://www.financialexpress.com/jobs-career/education-aakash-educational-services-appoints-deepak-mehrotra-as-managing-director-and-ceonbsp-3449848/,Aakash Educational Services appoints Deepak Mehrotra as managing director and CEO,REJECTED_ENTITY_MATCHER,False,,NOT_RELEVANT,Generic match without direct Bharti Airtel relevance
20240408090000-1144,20240408090000,punchng.com,https://punchng.com/opera-saves-nigerians-nearly-5-billion-naira-in-data-costs-in-2023-with-free-data-campaigns-on-opera-mini/,Opera Saves Nigerians Nearly 5 Billion Naira in Data Costs in 2023 with Free Data Campaigns on Opera Mini,REJECTED_ENTITY_MATCHER,False,,NOT_RELEVANT,Generic match without direct Bharti Airtel relevance
20240408091500-808,20240408091500,siasat.com,https://www.siasat.com/aap-alleges-massive-donations-to-bjp-amid-corporate-losses-3005664/,AAP alleges 'massive' donations to BJP amid corporate losses,REJECTED_ENTITY_MATCHER,False,,NOT_RELEVANT,Generic match without direct Bharti Airtel relevance
20240408093000-1089,20240408093000,glamsham.com,https://glamsham.com/world/technology/byjus-owned-aakash-educational-services-appoints-deepak-mehrotra-as-md-ceo,"Byju's-owned Aakash Educational Services Appoints Deepak Mehrotra As MD, CEO",REJECTED_ENTITY_MATCHER,False,,NOT_RELEVANT,Generic match without direct Bharti Airtel relevance
20240408100000-1054,20240408100000,rediff.com,https://www.rediff.com/business/report/street-signs-dmarts-stock-surge-tepid-gmp-ipo-lull-and-more/20240408.htm,"Street Signs: DMart's stock surge, tepid GMP, IPO lull and more",REJECTED_ENTITY_MATCHER,False,,NOT_RELEVANT,Generic match without direct Bharti Airtel relevance
20240408101500-1366,20240408101500,siliconindia.com,https://www.siliconindia.com/news/general/byjusowned-aakash-names-deepak-mehrotra-as-md-and-ceo-nid-228889-cid-1.html,Byju's-owned Aakash Names Deepak Mehrotra as MD and CEO,REJECTED_ENTITY_MATCHER,False,,NOT_RELEVANT,Generic match without direct Bharti Airtel relevance
20240408103000-496,20240408103000,indiatimes.com,https://economictimes.indiatimes.com/industry/telecom/telecom-news/number-of-telecom-subscribers-grows-marginally-to-119-7-cr-in-feb-trai/articleshow/109131248.cms,India telecom news: Number of telecom subscribers grows marginally to 119.7 cr in Feb: TRAI,REJECTED_ENTITY_MATCHER,False,,NOT_RELEVANT,Generic match without direct Bharti Airtel relevance
20240408103000-531,20240408103000,yourstory.com,https://her.yourstory.com:443/2024/04/byjus-aakash-names-deepak-mehrotra-md-ceo-edtech,Aakash names Deepak Mehrotra as MD and CEO,REJECTED_ENTITY_MATCHER,False,,NOT_RELEVANT,Generic match without direct Bharti Airtel relevance
20240408110000-91,20240408110000,moneycontrol.com,https://www.moneycontrol.com/news/india/number-of-telecom-subscribers-grows-marginally-to-119-7-crore-in-february-trai-12599911.html,Number of telecom subscribers grows marginally to 119.7 crore in February: TRAI,REJECTED_ENTITY_MATCHER,False,,NOT_RELEVANT,Generic match without direct Bharti Airtel relevance
20240408111500-T101,20240408111500,digit.in,https://www.digit.in/mr/news/telecom/bsnl-699-and-999rs-plan-offers-extra-validity-check-all-benifits.html,"BSNL Best Plans: सरकारी टेलिकॉम कंपनीच्या 'हे' आहेत सर्वात अप्रतिम प्लॅन्स, Jio आणि Airtel अशी जबरदस्त स्पर्धा। Tech News",REJECTED_ENTITY_MATCHER,False,,NOT_RELEVANT,Formulaic consumer recharge plan / OTT bundle comparison table
20240408111500-T198,20240408111500,digit.in,https://www.digit.in/bn/news/telecom/vodafone-idea-vi-rs-49-plan-with-new-benefits.html,"Jio-Airtel এর ঘুম উরল! মাত্র 49 টাকার নতুন প্ল্যান আনল Vodafone Idea, একটি রিচার্জে 20GB ডেটা",REJECTED_ENTITY_MATCHER,False,,NOT_RELEVANT,Generic match without direct Bharti Airtel relevance
20240408111500-T2350,20240408111500,digit.in,https://www.digit.in/ta/news/telecom/vodafone-idea-rs-49-plan-know-here-what-is-new-benifit.html,"Vodafone Idea ரூ,49 யில் விலையோ குறைவு நன்மை அதிகம்",REJECTED_ENTITY_MATCHER,False,,NOT_RELEVANT,Generic match without direct Bharti Airtel relevance
20240408111500-T507,20240408111500,digit.in,https://www.digit.in/hi/news/telecom/bsnl-huge-recharge-plan-april-24.html,Jio-Airtel का पत्ता कट कर सकते हैं BSNL के ये रिचार्ज प्लान,REJECTED_ENTITY_MATCHER,False,,NOT_RELEVANT,Generic match without direct Bharti Airtel relevance
20240408114500-T373,20240408114500,palpalindia.com,https://www.palpalindia.com/2024/04/08/-New-Delhi-BJP-took-large-scale-donations-from-loss-making-companies-AAP-MP-Sanjay-Singh-news-in-hindi.html,बीजेपी ने घाटे वाली कंपनियों से बड़े पैमाने पर लिया चंदा- आप एमपी संजय सिंह news in hindi,REJECTED_ENTITY_MATCHER,False,,NOT_RELEVANT,Generic match without direct Bharti Airtel relevance
20240408114500-1231,20240408114500,indiatimes.com,https://telecom.economictimes.indiatimes.com/news/industry/bharti-hexacom-ipo-allotment-to-be-finalised-soon/109126907,"Bharti Hexacom IPO allotment to be finalised soon, Telecom News, ET Telecom",REJECTED_ENTITY_MATCHER,False,,DIRECTLY_RELEVANT,Bharti Hexacom IPO / landmark listing involving promoter Bharti Airtel
20240408120000-481,20240408120000,indiatimes.com,https://timesofindia.indiatimes.com/business/india-business/number-of-telecom-subscribers-grows-marginally-to-119-7-crore-in-feb-trai/articleshow/109131400.cms,Number of telecom subscribers grows marginally to 119.7 crore in Feb: TRAI,REJECTED_ENTITY_MATCHER,False,,NOT_RELEVANT,Generic match without direct Bharti Airtel relevance
20240408123000-76,20240408123000,thenationonlineng.net,https://thenationonlineng.net/opera-saves-nigerians-nearly-5-billion-naira-in-data-costs-in-2023-with-free-data-campaigns-on-opera-mini/,Opera Saves Nigerians Nearly 5 Billion Naira in Data Costs in 2023 with Free Data Campaigns on Opera Mini,REJECTED_ENTITY_MATCHER,False,,NOT_RELEVANT,Generic match without direct Bharti Airtel relevance
20240408134500-T2735,20240408134500,moneycontrol.com,https://hindi.moneycontrol.com/news/company/reliance-jio-adds-35-98-lakh-mobile-users-in-february-vodafone-idea-airtel-trai-1893274.html,"Reliance Jio ने फरवरी में 35.98 लाख नए ग्राहक जोड़े, वोडाफोन आइडिया को उठाना पड़ा घाटा",REJECTED_ENTITY_MATCHER,False,,NOT_RELEVANT,Generic match without direct Bharti Airtel relevance
20240408134500-1573,20240408134500,indiatimes.com,https://economictimes.indiatimes.com/tech/newsletters/tech-top-5/delaportes-email-to-wipro-staff-cxos-looking-to-upskill-in-ai/articleshow/109135451.cms,Delaporte's email to Wipro staff; CXOs looking to upskill in AI,REJECTED_ENTITY_MATCHER,False,,NOT_RELEVANT,Generic match without direct Bharti Airtel relevance
20240408140000-1381,20240408140000,medianama.com,https://www.medianama.com/2024/04/223-rbi-upi-prepaid-payment/,RBI proposes to allow UPI payments via prepaid payment modes,REJECTED_ENTITY_MATCHER,False,,NOT_RELEVANT,Generic match without direct Bharti Airtel relevance
20240408140000-T994,20240408140000,dinamani.com,https://www.dinamani.com/india/2024/Apr/08/number-of-telecom-subscribers-grows-marginally-to-1197-cr-in-feb-trai,பிப்ரவரி 2024: இந்திய தொலைத்தொடர்பு சந்தாதாரர் எண்ணிக்கை 119.7 கோடியாக உயர்வு,REJECTED_ENTITY_MATCHER,False,,NOT_RELEVANT,Generic match without direct Bharti Airtel relevance
20240408141500-T1854,20240408141500,newstracklive.com,https://www.newstracklive.com/news/airtel-extreme-airfiber-launched-in-two-new-cities-know-details-of-all-three-plans-sc71-nu371-ta901-1603551-1.html,"एयरटेल एक्सट्रीम एयरफाइबर दो नए शहरों में लॉन्च, जानें तीनों प्लान की डिटेल",REJECTED_ENTITY_MATCHER,False,,NOT_RELEVANT,Generic match without direct Bharti Airtel relevance
20240408143000-1118,20240408143000,indiatimes.com,https://economictimes.indiatimes.com/industry/telecom/telecom-news/vodafone-idea-a-laggard-is-trying-to-gallop-into-two-horse-telecom-race/articleshow/109138353.cms,vodafone idea: A laggard is trying to gallop into two-horse telecom race,REJECTED_ENTITY_MATCHER,False,,NOT_RELEVANT,Generic match without direct Bharti Airtel relevance
20240408150000-T974,20240408150000,mediacongo.net,https://www.mediacongo.net/publireportage-reportage-135599_airtel_money_congo_s_a_rdc_reduit_ses_tarifs_sur_le_marche_et_confirme_son_engagement_en_faveur_de_l_inclusion_financiere_pour_un_developpement_durable.html,Airtel Money Congo S.A. RDC réduit ses tarifs sur le marché et confirme son engagement en faveur de l'inclusion financière pour un développement durable - mediacongo.net,REJECTED_ENTITY_MATCHER,False,,NOT_RELEVANT,Standalone Airtel Africa operational / regional news
20240408153000-1606,20240408153000,adgully.com,https://www.adgully.com/aakash-educational-services-appoints-deepak-mehrotra-as-md-ceo-144231.html,Aakash Educational Services appoints Deepak Mehrotra as MD & CEO,REJECTED_ENTITY_MATCHER,False,,NOT_RELEVANT,Generic match without direct Bharti Airtel relevance
20240408153000-195,20240408153000,india.com,https://zeenews.india.com/companies/byju-s-owned-aakash-institute-appoints-deepak-mehrotra-as-new-md-ceo-2738426.html,Byju's-Owned Aakash Institute Appoints Deepak Mehrotra As New MD & CEO | Companies News,REJECTED_ENTITY_MATCHER,False,,NOT_RELEVANT,Generic match without direct Bharti Airtel relevance
20240408153000-565,20240408153000,adgully.com,https://www.adgully.com/reliance-jio-infocomm-has-most-broadband-subscribers-in-india-at-478-51-mn-144232.html,Reliance Jio Infocomm has most broadband subscribers in India at 478.51 mn,REJECTED_ENTITY_MATCHER,False,,NOT_RELEVANT,Generic match without direct Bharti Airtel relevance
20240408153000-1605,20240408153000,thehindubusinessline.com,https://www.thehindubusinessline.com/news/telephone-subscribers-rise-to-119775-million-in-february/article68043327.ece,"Telephone subscribers rise to 1,197.75 million in February - The Hindu BusinessLine",REJECTED_ENTITY_MATCHER,False,,NOT_RELEVANT,Generic match without direct Bharti Airtel relevance
20240408153000-T1738,20240408153000,digit.in,https://www.digit.in/hi/features/telecom/airtel-vs-jio-re-1-plan-compare.html,"Airtel ने Jio की कर दी खटिया खड़ी, केवल 1 रुपये ज्यादा में 3GB डेली डेटा और 20 से भी ज्यादा OTT FREE",REJECTED_ENTITY_MATCHER,False,,NOT_RELEVANT,Generic match without direct Bharti Airtel relevance
20240408153000-T236,20240408153000,digit.in,https://www.digit.in/ta/news/telecom/airtel-cheapest-plan-with-rs-199-get-upto-90gb-data-and-unlimited-calling-know-all.html,"Airtel யின் செம்ம மசன பிளான் வெறும் ரூ,199 90GB டேட்டா",REJECTED_ENTITY_MATCHER,False,,NOT_RELEVANT,Generic match without direct Bharti Airtel relevance
20240408161500-1261,20240408161500,indiatimes.com,https://telecom.economictimes.indiatimes.com/news/industry/a-laggard-is-trying-to-gallop-into-two-horse-telecom-race/109140167,"Vodafone Idea: A laggard is trying to gallop into two-horse telecom race, ET Telecom",REJECTED_ENTITY_MATCHER,False,,NOT_RELEVANT,Generic match without direct Bharti Airtel relevance
20240408163000-1235,20240408163000,sharecast.com,https://www.sharecast.com/news/market-report-close/london-close-stocks-rise-at-start-of-busy-week--16565699.html,London close: Stocks rise at start of busy week,REJECTED_ENTITY_MATCHER,False,,NOT_RELEVANT,Generic match without direct Bharti Airtel relevance
20240408163000-1987,20240408163000,sharecast.com,https://www.sharecast.com/news/risers-and-fallers/ftse-100-movers-entain-rallies-retailers-in-the-red--16564550.html,FTSE 100 movers: Entain rallies; retailers in the red,REJECTED_ENTITY_MATCHER,False,,NOT_RELEVANT,Generic match without direct Bharti Airtel relevance
20240408170000-2199,20240408170000,lse.co.uk,https://www.lse.co.uk/news/london-close-stocks-rise-at-start-of-busy-week-vo95fdij1e9ez5p.html,London close: Stocks rise at start of busy week,REJECTED_ENTITY_MATCHER,False,,NOT_RELEVANT,Generic match without direct Bharti Airtel relevance
20240408174500-1258,20240408174500,rttnews.com,https://www.rttnews.com/3437543/european-stocks-close-higher-on-encouraging-economic-data.aspx,European Stocks Close Higher On Encouraging Economic Data,REJECTED_ENTITY_MATCHER,False,,NOT_RELEVANT,Generic match without direct Bharti Airtel relevance
20240408183000-848,20240408183000,thehindubusinessline.com,https://www.thehindubusinessline.com/news/education/aakash-institute-appoints-deepak-mehrotra-as-managing-director/article68043165.ece,Aakash Institute appoints Deepak Mehrotra as Managing Director,REJECTED_ENTITY_MATCHER,False,,NOT_RELEVANT,Generic match without direct Bharti Airtel relevance
20240408183000-1174,20240408183000,thehindubusinessline.com,https://www.thehindubusinessline.com/info-tech/telephone-subscribers-rise-to-119775-million-in-february/article68043327.ece,"Telephone subscribers rise to 1,197.75 million in February - The Hindu BusinessLine",REJECTED_ENTITY_MATCHER,False,,NOT_RELEVANT,Generic match without direct Bharti Airtel relevance
20240408191500-306,20240408191500,rttnews.com,https://www.rttnews.com/story.aspx?Id=3437543,European Stocks Close Higher On Encouraging Economic Data,REJECTED_ENTITY_MATCHER,False,,NOT_RELEVANT,Generic match without direct Bharti Airtel relevance
20240408191500-T456,20240408191500,navabharat.com,https://navabharat.com/?p=10737,मजबूत तिमाही नतीजे आने की उम्मीद में बाजार नये शिखर पर,REJECTED_ENTITY_MATCHER,False,,NOT_RELEVANT,Generic match without direct Bharti Airtel relevance
20240408193000-1885,20240408193000,dailyexcelsior.com,https://www.dailyexcelsior.com/aakash-educational-services-appoints-deepak-mehrotra-as-new-md-ceo/,"Aakash Educational Services appoints Deepak Mehrotra as new MD, CEO",REJECTED_ENTITY_MATCHER,False,,NOT_RELEVANT,Generic match without direct Bharti Airtel relevance
20240408193000-896,20240408193000,openpr.com,https://www.openpr.com/news/3456405/navigating-the-future-gps-equipment-market-to-reach-2-88,Navigating the Future: GPS Equipment Market to Reach $2.88,REJECTED_ENTITY_MATCHER,False,,NOT_RELEVANT,Generic match without direct Bharti Airtel relevance
20240408194500-744,20240408194500,hl.co.uk,https://www.hl.co.uk/shares/stock-market-news/market-reports/london-close-stocks-rise-at-start-of-busy-week,London close: Stocks rise at start of busy week,REJECTED_ENTITY_MATCHER,False,,NOT_RELEVANT,Generic match without direct Bharti Airtel relevance
20240408200000-1793,20240408200000,dailypioneer.com,https://www.dailypioneer.com/2024/business/telecom-subscribers-grow-marginally-to-119-7-crore-in-february--trai.html,Telecom subscribers grow marginally to 119.7 crore in February: TRAI,REJECTED_ENTITY_MATCHER,False,,NOT_RELEVANT,Generic match without direct Bharti Airtel relevance
20240408211500-2021,20240408211500,avenuemail.in,https://avenuemail.in/jamshedpur-airtel-prepaid-customers-face-sim-lock-woes-thousands-affected/,"Jamshedpur: Airtel prepaid customers face SIM lock woes, thousands affected",REJECTED_ENTITY_MATCHER,False,,NOT_RELEVANT,Generic match without direct Bharti Airtel relevance
20240409031500-1150,20240409031500,financialexpress.com,https://www.financialexpress.com/business/industry-jio-mobile-subscriber-market-share-tops-40-3450630/,Jio mobile subscriber market share tops 40%,REJECTED_ENTITY_MATCHER,False,,NOT_RELEVANT,Generic match without direct Bharti Airtel relevance
20240409041500-1015,20240409041500,udaipurkiran.com,https://udaipurkiran.com/tag/jio-cinema-airtel-sim/,Jio Cinema Airtel Sim | Udaipur Kiran,REJECTED_NON_ARTICLE_URL,False,,NOT_RELEVANT,Non-article URL / taxonomy tag page
20240409050000-T655,20240409050000,navabharat.com,https://navabharat.com/?p=10842,दीपक मेहरोत्रा आकाश एज्‍युकेशनल सर्विसेज के एमडी एवं सीईओ नियुक्‍त,REJECTED_ENTITY_MATCHER,False,,NOT_RELEVANT,Generic match without direct Bharti Airtel relevance
20240409054500-1076,20240409054500,moneycontrol.com,https://www.moneycontrol.com/news/business/earnings/only-four-stocks-contribute-60-to-the-5000-point-rally-in-sensex-to-summit-75k-12604421.html,"Only four stocks contribute 60% to the 5,000-point rally in Sensex to Summit 75K",REJECTED_ENTITY_MATCHER,False,,NOT_RELEVANT,Generic match without direct Bharti Airtel relevance
20240409061500-56,20240409061500,rashtranews.com,https://www.rashtranews.com/business-news-5g-auction-telecom-operators-put-forth-differing-views-in-comments-to-trai/,Business News: 5G auction: Telecom operators put forth differing views in comments to Trai,REJECTED_ENTITY_MATCHER,False,,NOT_RELEVANT,Generic match without direct Bharti Airtel relevance
20240409061500-189,20240409061500,theweek.in,https://www.theweek.in/wire-updates/business/2024/04/09/dcm17-inkspell-media.html,Zee wins big at the Drivers of Digital DOD Awards - 2023 held on 29th March 2024,REJECTED_ENTITY_MATCHER,False,,NOT_RELEVANT,Generic match without direct Bharti Airtel relevance
20240409064500-T2617,20240409064500,amarujala.com,https://www.amarujala.com/business/bazaar/sensex-from-70k-to-75k-in-just-four-months-two-tata-stocks-in-top-5-gainers-itc-among-key-losers-2024-04-09,"Sensex From 70k To 75k In Just Four Months, Two Tata Stocks In Top 5 Gainers, Itc Among Key Losers - Amar Ujala Hindi News Live - Big Bull:चार महीने में ही 70 से 75 का हुआ सेंसेक्स, इन शेयरों के दम से मार्केट कैप 11 लाख करोड़ रुपये बढ़ा",REJECTED_ENTITY_MATCHER,False,,NOT_RELEVANT,Generic match without direct Bharti Airtel relevance
20240409070000-220,20240409070000,hindustantimes.com,https://www.hindustantimes.com/business/stock-market-today-these-5-stocks-took-sensex-from-70k-to-75k-2-are-tata-shares-top-losers-are-101712643359810.html,Stock market today: These 5 stocks took Sensex from 70k to 75k; 2 are Tata shares. Top losers are…,REJECTED_ENTITY_MATCHER,False,,NOT_RELEVANT,Generic match without direct Bharti Airtel relevance
20240409071500-T444,20240409071500,moneycontrol.com,https://hindi.moneycontrol.com/news/markets/stock-market-opening-bell-sensex-nifty-jumps-investors-gains-1-22-lakh-crore-rupees-smallcap-midcap-dollar-index-1893378.html,"Stock Market Opening Bell: 74900 के पार Sensex, नई ऊंचाई पर Nifty भी, निवेशकों ने कमाए ₹1.22 लाख करोड़",REJECTED_ENTITY_MATCHER,False,,NOT_RELEVANT,Generic match without direct Bharti Airtel relevance
20240409071500-805,20240409071500,moneycontrol.com,https://www.moneycontrol.com/news/business/investor-funding-in-edtech-drives-behaviour-which-is-not-good-for-industry-byjus-aakash-ceo-12605501.html,Investor funding in edtech drives behaviour which is not good for industry: Byju's Aakash CEO,REJECTED_ENTITY_MATCHER,False,,NOT_RELEVANT,Generic match without direct Bharti Airtel relevance
20240409073000-250,20240409073000,financialexpress.com,https://www.financialexpress.com/market/reliance-industries-morgan-stanley-overweight-sees-potential-for-multiple-re-rating-nbsp-3451002/,"Reliance Industries: Morgan Stanley Overweight, sees potential for multiple re-rating - Market News",REJECTED_ENTITY_MATCHER,False,,NOT_RELEVANT,Generic match without direct Bharti Airtel relevance
20240409073000-778,20240409073000,financialexpress.com,https://www.financialexpress.com/market/reliance-industries-morgan-stanley-overweight-sees-potential-for-multiple-re-rating-3451002/,"Reliance Industries: Morgan Stanley Overweight, sees potential for multiple re-rating - Market News",REJECTED_ENTITY_MATCHER,False,,NOT_RELEVANT,Generic match without direct Bharti Airtel relevance
20240409080000-473,20240409080000,businesstoday.in,https://www.businesstoday.in/markets/market-commentary/story/sensex-drives-to-75000-from-26000-in-4-years-stocks-rally-up-to-1375-from-covid-lows-424841-2024-04-09,"Sensex drives to 75,000 from 26,000 in 4 years; stocks rally up to 1,375% from Covid lows",REJECTED_ENTITY_MATCHER,False,,NOT_RELEVANT,Generic match without direct Bharti Airtel relevance
20240409080000-1182,20240409080000,businesstoday.in,https://www.businesstoday.in/markets/market-commentary/story/sensex-from-70k-to-75k-two-tata-stocks-in-top-5-gainers-itc-among-key-losers-424833-2024-04-09,"Sensex from 70K to 75k: Two Tata stocks in top 5 gainers, ITC among key losers",REJECTED_ENTITY_MATCHER,False,,NOT_RELEVANT,Generic match without direct Bharti Airtel relevance
20240409080000-385,20240409080000,businesstoday.in,https://www.businesstoday.in/markets/stock-picks/story/tata-steel-jsw-steel-techm-airtel-bpcl-5-nifty-firms-that-may-report-over-10-fall-in-q4-profit-424847-2024-04-09,5 Nifty firms that may report 10-60% fall in Q4 profit,REJECTED_ENTITY_MATCHER,False,,NOT_RELEVANT,Generic match without direct Bharti Airtel relevance
20240409083000-578,20240409083000,dailyexcelsior.com,https://www.dailyexcelsior.com/investor-funding-in-edtech-drives-behaviour-which-is-not-good-for-industry-byjus-aakash-ceo/,Investor Funding In Edtech Drives Behaviour Which Is Not Good For Industry: Byju's Aakash CEO,REJECTED_ENTITY_MATCHER,False,,NOT_RELEVANT,Generic match without direct Bharti Airtel relevance
20240409083000-915,20240409083000,indiatimes.com,https://economictimes.indiatimes.com/tech/startups/investor-funding-in-edtech-drives-behaviour-which-is-not-good-for-industry-byjus-aakash-ceo/articleshow/109156455.cms,Deepak Mehrotra: Investor funding in edtech drives behaviour which is not good for industry: Byju's Aakash CEO,REJECTED_ENTITY_MATCHER,False,,NOT_RELEVANT,Generic match without direct Bharti Airtel relevance
20240409083000-605,20240409083000,indianexpress.com,https://indianexpress.com/article/business/byjus-aakash-ceo-deepak-mehrotra-investor-funding-edtech-industry-9259842/,Investor funding in edtech drives behaviour which is not good for industry: Byju's Aakash CEO | Business News,REJECTED_ENTITY_MATCHER,False,,NOT_RELEVANT,Generic match without direct Bharti Airtel relevance
20240409084500-1011,20240409084500,observer.ug,https://www.observer.ug/index.php/businessnews/81003-airtel-pays-out-shs-35bn-to-ucc-to-support-rural-infrastructure-dev-t,Airtel pays out Shs 35bn to UCC to support rural infrastructure dev't,REJECTED_ENTITY_MATCHER,False,,NOT_RELEVANT,Generic match without direct Bharti Airtel relevance
20240409084500-277,20240409084500,devdiscourse.com,https://www.devdiscourse.com/article/education/2882199-investor-funding-in-edtech-drives-behaviour-which-is-not-good-for-industry-byjus-aakash-ceo,Investor funding in edtech drives behaviour which is not good for industry: Byju's Aakash CEO,REJECTED_ENTITY_MATCHER,False,,NOT_RELEVANT,Generic match without direct Bharti Airtel relevance
20240409090000-507,20240409090000,observer.ug,https://observer.ug/index.php/businessnews/81003-airtel-pays-out-shs-35bn-to-ucc-to-support-rural-infrastructure-dev-t,Airtel pays out Shs 35bn to UCC to support rural infrastructure dev't,REJECTED_ENTITY_MATCHER,False,,NOT_RELEVANT,Generic match without direct Bharti Airtel relevance
20240409090000-T1311,20240409090000,indiatimes.com,https://navbharattimes.indiatimes.com/tech/gadgets-news/airtel-799-black-postpaid-plan-offer-unlimited-calling-data-ott-subscription/articleshow/109158420.cms,"Airtel 799 Postpaid Plan: Amazon Prime, Hotstar खरीदने की जरूरत नहीं, Airtel 799 प्लान में मिलेगा सब फ्री",REJECTED_ENTITY_MATCHER,False,,NOT_RELEVANT,Formulaic consumer recharge plan / OTT bundle comparison table
20240409100000-T1199,20240409100000,digit.in,https://www.digit.in/hi/news/telecom/jio-and-airtel-rs-155-recharge-plan-full-information.html,"Jio और Airtel का धमाका Recharge Plan, एक दूसरे को कड़ी टक्कर",REJECTED_ENTITY_MATCHER,False,,NOT_RELEVANT,Formulaic consumer recharge plan / OTT bundle comparison table
20240409100000-T1201,20240409100000,digit.in,https://www.digit.in/hi/news/telecom/airtel-rs-79-plan-competes-with-jio.html,"अब कट जाएगा Jio का पत्ता, Airtel के इस सस्ते प्लान के आगे मिली पटखनी",REJECTED_ENTITY_MATCHER,False,,NOT_RELEVANT,Generic match without direct Bharti Airtel relevance
20240409104500-1185,20240409104500,indiatimes.com,https://telecom.economictimes.indiatimes.com/news/policy/centre-should-ensure-sustainable-telecom-industry-c-dep/109157547,"Centre should ensure sustainable telecom industry: C-DEP, Telecom News, ET Telecom",REJECTED_ENTITY_MATCHER,False,,NOT_RELEVANT,Generic match without direct Bharti Airtel relevance
20240409104500-T325,20240409104500,haribhoomi.com,https://www.haribhoomi.com/business/news/stocks-market-all-time-high-only-4-stocks-contribute-60-percent-to-5-000-point-rally-in-sensex-to-summit-75k-19089,"SENSEX 75 हजार के पार: केवल 82 दिन में 5000 अंकों की छलांग; इसमें रिलायंस, एयरटेल समेत 4 शेयरों का 60% योगदान",REJECTED_ENTITY_MATCHER,False,,NOT_RELEVANT,Generic match without direct Bharti Airtel relevance
20240409110000-1763,20240409110000,businesstoday.in,https://www.businesstoday.in/markets/ipo-corner/story/bharti-hexacom-ipo-shares-to-make-d-st-debut-on-wednesday-heres-what-gmp-signals-424873-2024-04-09,Bharti Hexacom IPO shares to make D-St debut on Wednesday; here's what GMP signals,REJECTED_ENTITY_MATCHER,False,,DIRECTLY_RELEVANT,Bharti Hexacom IPO / landmark listing involving promoter Bharti Airtel
20240409113000-682,20240409113000,theweek.in,https://www.theweek.in/news/biz-tech/2024/04/09/sensex-nifty-lower-setting-record-highs-analysts-caution-mid-small-caps.html,"Sensex, Nifty settle slightly lower after setting record highs; analysts advise caution on mid and small caps",REJECTED_ENTITY_MATCHER,False,,NOT_RELEVANT,Generic match without direct Bharti Airtel relevance
20240409113000-1636,20240409113000,indiatimes.com,https://economictimes.indiatimes.com/markets/stocks/news/potential-for-re-rating-across-verticals-in-ril-morgan-stanley/articleshow/109164068.cms,Potential for re-rating across verticals in RIL: Morgan Stanley,REJECTED_ENTITY_MATCHER,False,,NOT_RELEVANT,Generic match without direct Bharti Airtel relevance
20240409123000-1682,20240409123000,moneycontrol.com,https://www.moneycontrol.com/news/business/stocks/the-surprise-winners-in-the-race-to-rs-400-trillion-12607691.html,The surprise winners in the race to Rs 400 trillion,REJECTED_ENTITY_MATCHER,False,,NOT_RELEVANT,Generic match without direct Bharti Airtel relevance
20240409124500-1793,20240409124500,allafrica.com,https://allafrica.com/stories/202404090192.html,Uganda: Airtel Pays Out SHS 35 Billion to UCC to Support Rural Infrastructure Dev't,REJECTED_ENTITY_MATCHER,False,,NOT_RELEVANT,Generic match without direct Bharti Airtel relevance
20240409131500-1046,20240409131500,medianama.com,https://www.medianama.com/2024/04/223-broadband-connections-india-2/,Broadband connections in India grow by 0.63% in February,REJECTED_ENTITY_MATCHER,False,,NOT_RELEVANT,Generic match without direct Bharti Airtel relevance
20240409134500-1373,20240409134500,capitalfm.co.ke,https://www.capitalfm.co.ke/business/2024/04/im-bank-extends-free-banking-to-m-pesa-airtel-money-transfers-to-sole-business-owners/,"I&M Bank extends free banking to M-Pesa, Airtel Money transfers to sole business owners",REJECTED_ENTITY_MATCHER,False,,NOT_RELEVANT,Standalone Airtel Africa operational / regional news
20240409134500-T1197,20240409134500,digit.in,https://www.digit.in/ta/news/telecom/airtel-799-black-postpaid-plan-get-more-details-here-what-benifits-get.html,Airtel 799ரூபாய் கொண்ட திட்டத்தில் OTT அன்லிமிடெட் காலிங்,REJECTED_ENTITY_MATCHER,False,,NOT_RELEVANT,Generic match without direct Bharti Airtel relevance
20240409134500-T776,20240409134500,digit.in,https://www.digit.in/hi/news/telecom/airtel-best-value-for-money-recharge-plan.html,"Airtel का जबरदस्त Value for Money Recharge Plan, 90GB डेटा के साथ Unlimited Calling और फ्री बेनेफिट",REJECTED_ENTITY_MATCHER,False,,NOT_RELEVANT,Formulaic consumer recharge plan / OTT bundle comparison table
20240409154500-T381,20240409154500,bhaskar.com,https://www.bhaskar.com/career/news/current-affairs-india-receives-first-batch-of-igla-s-man-portable-missile-cinematographer-gangu-ramsay-passes-away-132849185.html,"Current Affairs India receives first batch of Igla-S man portable missile, cinematographer Gangu Ramsay passes away | करेंट अफेयर्स 09 अप्रैल: भारत को इग्ला-एस मैन पोर्टेबल मिसाइल का पहला बैच मिला, सिनेमैटेग्रॉफर गंगू रामसे का निधन हुआ",REJECTED_ENTITY_MATCHER,False,,NOT_RELEVANT,Generic match without direct Bharti Airtel relevance
20240409160000-153,20240409160000,marketscreener.com,https://www.marketscreener.com/quote/stock/INTEL-CORPORATION-4829/news/Intel-Unleashing-GenAI-with-Gaudi-3-Open-Systems-46397668/,"Intel : Unleashing GenAI with Gaudi 3, Open Systems -April 09, 2024 at 11:41 am EDT",REJECTED_ENTITY_MATCHER,False,,NOT_RELEVANT,Generic match without direct Bharti Airtel relevance
20240409160000-721,20240409160000,marketscreener.com,https://www.marketscreener.com/quote/stock/INTEL-CORPORATION-4829/news/Intel-Unleashes-Enterprise-AI-with-Gaudi-3-AI-Open-Systems-Strategy-and-New-Customer-Wins-46397633/,"Intel Unleashes Enterprise AI with Gaudi 3, AI Open Systems Strategy and New Customer Wins",REJECTED_ENTITY_MATCHER,False,,NOT_RELEVANT,Generic match without direct Bharti Airtel relevance
20240409171500-2676,20240409171500,the-star.co.ke,https://www.the-star.co.ke/business/kenya/2024-04-09-kenya-fronts-tax-incentives-to-attract-indian-investments/,Kenya fronts tax incentives to attract Indian investments,REJECTED_ENTITY_MATCHER,False,,NOT_RELEVANT,Generic match without direct Bharti Airtel relevance
20240409174500-2039,20240409174500,indiatimes.com,https://economictimes.indiatimes.com/industry/telecom/telecom-news/telcos-unanimous-in-opposing-trai-tougher-quality-norm-proposals/articleshow/109172522.cms,Telcos unanimous in opposing Trai tougher quality norm proposals,REJECTED_ENTITY_MATCHER,False,,NOT_RELEVANT,Generic match without direct Bharti Airtel relevance
20240409181500-288,20240409181500,rcrwireless.com,https://www.rcrwireless.com/20240409/spectrum/trai-launches-consultation-process-new-spectrum-bands,Trai launches consultation process on new spectrum bands,REJECTED_ENTITY_MATCHER,False,,NOT_RELEVANT,Generic match without direct Bharti Airtel relevance
20240409181500-501,20240409181500,rcrwireless.com,https://www.rcrwireless.com/20240409/5g/india-dot-launches-experimental-license-5g-use-cases,India's DoT launches experimental license for 5G use cases,REJECTED_ENTITY_MATCHER,False,,NOT_RELEVANT,Generic match without direct Bharti Airtel relevance
20240409183000-147,20240409183000,hpcwire.com,https://www.hpcwire.com/off-the-wire/intel-introduces-gaudi-3-elevating-hpc-and-ai-with-increased-speed-and-scalability/,"Intel Introduces Gaudi 3, Elevating HPC and AI with Increased Speed and Scalability",REJECTED_ENTITY_MATCHER,False,,NOT_RELEVANT,Generic match without direct Bharti Airtel relevance
20240409184500-375,20240409184500,tmcnet.com,https://www.tmcnet.com/usubmit/2024/04/09/9991611.htm,"Intel Unleashes Enterprise AI with Gaudi 3, AI Open Systems Strategy and New Customer Wins",REJECTED_ENTITY_MATCHER,False,,NOT_RELEVANT,Generic match without direct Bharti Airtel relevance
20240409190000-1045,20240409190000,indiatimes.com,https://economictimes.indiatimes.com/industry/telecom/telecom-news/govt-may-not-allot-satcom-waves-in-a-rush-to-fine-tune-rules-first/articleshow/109173078.cms,bharti group: Govt may not allot satcom waves in a rush; to fine-tune rules first,REJECTED_ENTITY_MATCHER,False,,NOT_RELEVANT,Generic match without direct Bharti Airtel relevance
20240409210000-2163,20240409210000,benzinga.com,https://www.benzinga.com/news/24/04/38171196/intel-reinvents-ai-landscape-with-gaudi-3-launch-and-strategic-financial-moves,Intel Reinvents AI Landscape with Gaudi 3 Launch and Strategic Financial Moves - Intel (NASDAQ:INTC),REJECTED_ENTITY_MATCHER,False,,NOT_RELEVANT,Generic match without direct Bharti Airtel relevance
20240410013000-T1021,20240410013000,moneycontrol.com,https://hindi.moneycontrol.com/news/your-money/airtel-superhit-plan-of-35-days-validity-airtel-rupees-289-plan-unlimited-data-sms-active-sim-1893552.html,"Airtel का सुपरहिट प्लान, 35 दिनों तक एक्टिव रहेगी सिम",REJECTED_ENTITY_MATCHER,False,,NOT_RELEVANT,Generic match without direct Bharti Airtel relevance
20240410030000-967,20240410030000,financialexpress.com,https://www.financialexpress.com/market/sensex-scales-75k-took-81-sessions-to-rise-from-70000-to-75000-points-3451622/,"Sensex scales 75K: Took 81 sessions to rise from 70,000 to 75,000 points",REJECTED_ENTITY_MATCHER,False,,NOT_RELEVANT,Generic match without direct Bharti Airtel relevance
20240410034500-1203,20240410034500,businesstoday.in,https://www.businesstoday.in/markets/company-stock/story/bharti-hexacom-shares-to-debut-at-bourses-today-will-it-deliver-a-strong-listing-pop-424964-2024-04-10,Bharti Hexacom shares to debut at bourses today: Will it deliver a strong listing pop?,REJECTED_ENTITY_MATCHER,False,,DIRECTLY_RELEVANT,Bharti Hexacom IPO / landmark listing involving promoter Bharti Airtel
20240410044500-568,20240410044500,indiatimes.com,https://economictimes.indiatimes.com/markets/stocks/live-blog/bse-sensex-today-live-nifty-stock-market-updates-10-april-2024/liveblog/109178042.cms,"Sensex Today | Stock Market LIVE Updates: Sensex gains 200 points, Nifty tops 22,700; Vedanta rises 3%, Paytm drops 2%",REJECTED_ENTITY_MATCHER,False,,NOT_RELEVANT,Generic LIVE market update
20240410044500-1171,20240410044500,indiatimes.com,https://economictimes.indiatimes.com/markets/stocks/news/sensex-gains-200-poinys-nifty-near-22700-on-gains-in-index-heavyweights/articleshow/109180706.cms,"Sensex rises 200 points, Nifty near 22,700 on gains in index heavyweights",REJECTED_ENTITY_MATCHER,False,,NOT_RELEVANT,Generic match without direct Bharti Airtel relevance
20240410044500-334,20240410044500,digitimes.com,https://www.digitimes.com/news/a20240410VL201/ai-chips+components-data-center-intel-server-ipc-cloud-computing-iot-tsmc.html,Intel introduces Gaudi 3 made by TSMC to mount counterstrike in data center market,REJECTED_ENTITY_MATCHER,False,,NOT_RELEVANT,Generic match without direct Bharti Airtel relevance
20240410050000-1100,20240410050000,india.com,https://www.india.com/business/share-market-news-sensex-opens-in-green-at-74k-nifty-fifty-at-22720-paytm-stock-falls-reliance-tata-motors-gain-6848816/,"Share Market News: Sensex Opens In Green At 74K; Nifty Fifty At 22720; Paytm Stock Falls, Reliance, TATA Motors Gain",REJECTED_ENTITY_MATCHER,False,,NOT_RELEVANT,Generic match without direct Bharti Airtel relevance
20240410050000-939,20240410050000,udaipurkiran.com,https://udaipurkiran.com/tag/jio-vs-vi-vs-airtel-plans/,Jio Vs Vi Vs Airtel Plans | Udaipur Kiran,REJECTED_NON_ARTICLE_URL,False,,NOT_RELEVANT,Non-article URL / taxonomy tag page
20240410050000-1098,20240410050000,udaipurkiran.com,https://udaipurkiran.com/airtel-superhit-plan-sim-will-active-for-35-days/,Airtel Superhit Plan : SIM Will Active for 35 Days,REJECTED_ENTITY_MATCHER,False,,NOT_RELEVANT,Generic match without direct Bharti Airtel relevance
20240410050000-415,20240410050000,udaipurkiran.com,https://udaipurkiran.com/tag/airtel-digital-tv/,Airtel Digital Tv | Udaipur Kiran,REJECTED_NON_ARTICLE_URL,False,,NOT_RELEVANT,Non-article URL / taxonomy tag page
20240410050000-277,20240410050000,udaipurkiran.com,https://udaipurkiran.com/tag/airtel-dish-tv-plans/,Airtel Dish Tv Plans | Udaipur Kiran,REJECTED_NON_ARTICLE_URL,False,,NOT_RELEVANT,Non-article URL / taxonomy tag page
20240410050000-812,20240410050000,udaipurkiran.com,https://udaipurkiran.com/tag/airtel-dish-tv/,Airtel Dish Tv | Udaipur Kiran,REJECTED_NON_ARTICLE_URL,False,,NOT_RELEVANT,Non-article URL / taxonomy tag page
20240410050000-129,20240410050000,udaipurkiran.com,https://udaipurkiran.com/tag/airtel-dth-connection/,Airtel Dth Connection | Udaipur Kiran,REJECTED_NON_ARTICLE_URL,False,,NOT_RELEVANT,Non-article URL / taxonomy tag page
20240410050000-433,20240410050000,udaipurkiran.com,https://udaipurkiran.com/tag/airtel-dth-hd-plans/,Airtel Dth Hd Plans | Udaipur Kiran,REJECTED_NON_ARTICLE_URL,False,,NOT_RELEVANT,Non-article URL / taxonomy tag page
20240410050000-889,20240410050000,udaipurkiran.com,https://udaipurkiran.com/tag/airtel-dth-hd/,Airtel Dth Hd | Udaipur Kiran,REJECTED_NON_ARTICLE_URL,False,,NOT_RELEVANT,Non-article URL / taxonomy tag page
20240410050000-662,20240410050000,udaipurkiran.com,https://udaipurkiran.com/tag/airtel-dth-new-connection/,Airtel Dth New Connection | Udaipur Kiran,REJECTED_NON_ARTICLE_URL,False,,NOT_RELEVANT,Non-article URL / taxonomy tag page
20240410050000-1053,20240410050000,udaipurkiran.com,https://udaipurkiran.com/tag/airtel-dth-offers/,Airtel Dth Offers | Udaipur Kiran,REJECTED_NON_ARTICLE_URL,False,,NOT_RELEVANT,Non-article URL / taxonomy tag page
20240410050000-475,20240410050000,udaipurkiran.com,https://udaipurkiran.com/tag/airtel-dth-plans/,Airtel Dth Plans | Udaipur Kiran,REJECTED_NON_ARTICLE_URL,False,,NOT_RELEVANT,Non-article URL / taxonomy tag page
20240410050000-289,20240410050000,udaipurkiran.com,https://udaipurkiran.com/tag/airtel-dth-price/,Airtel Dth Price | Udaipur Kiran,REJECTED_NON_ARTICLE_URL,False,,NOT_RELEVANT,Non-article URL / taxonomy tag page
20240410050000-669,20240410050000,udaipurkiran.com,https://udaipurkiran.com/tag/airtel-dth/,Airtel Dth | Udaipur Kiran,REJECTED_NON_ARTICLE_URL,False,,NOT_RELEVANT,Non-article URL / taxonomy tag page
20240410050000-566,20240410050000,udaipurkiran.com,https://udaipurkiran.com/tag/airtel-prepaid-recharge-plans/,Airtel Prepaid Recharge Plans | Udaipur Kiran,REJECTED_NON_ARTICLE_URL,False,,NOT_RELEVANT,Non-article URL / taxonomy tag page
20240410050000-1005,20240410050000,udaipurkiran.com,https://udaipurkiran.com/tag/airtel-recharge-offer/,Airtel Recharge Offer | Udaipur Kiran,REJECTED_NON_ARTICLE_URL,False,,NOT_RELEVANT,Non-article URL / taxonomy tag page
20240410050000-1015,20240410050000,udaipurkiran.com,https://udaipurkiran.com/tag/airtel-recharge-plan/,Airtel Recharge Plan | Udaipur Kiran,REJECTED_NON_ARTICLE_URL,False,,NOT_RELEVANT,Non-article URL / taxonomy tag page
20240410050000-99,20240410050000,udaipurkiran.com,https://udaipurkiran.com/tag/airtel-set-top-box/,Airtel Set Top Box | Udaipur Kiran,REJECTED_NON_ARTICLE_URL,False,,NOT_RELEVANT,Non-article URL / taxonomy tag page
20240410050000-456,20240410050000,udaipurkiran.com,https://udaipurkiran.com/tag/airtel-superhit-plan/,Airtel Superhit Plan | Udaipur Kiran,REJECTED_NON_ARTICLE_URL,False,,NOT_RELEVANT,Non-article URL / taxonomy tag page
20240410050000-794,20240410050000,udaipurkiran.com,https://udaipurkiran.com/tag/airtel-unlimited-5g-plans/,Airtel Unlimited 5g Plans | Udaipur Kiran,REJECTED_NON_ARTICLE_URL,False,,NOT_RELEVANT,Non-article URL / taxonomy tag page
20240410050000-937,20240410050000,udaipurkiran.com,https://udaipurkiran.com/tag/airtel-xstream-box/,Airtel Xstream Box | Udaipur Kiran,REJECTED_NON_ARTICLE_URL,False,,NOT_RELEVANT,Non-article URL / taxonomy tag page
20240410053000-449,20240410053000,adgully.com,https://www.adgully.com/archana-aggarwal-bids-adieu-to-airtel-after-decade-long-stint-144290.html,Archana Aggarwal bids adieu to Airtel after decade-long stint,REJECTED_ENTITY_MATCHER,False,,NOT_RELEVANT,Generic match without direct Bharti Airtel relevance
20240410053000-848,20240410053000,siliconindia.com,https://www.siliconindia.com/news/general/intel-launches-gaudi-3-ai-chip-teams-up-with-infosys-airtel-ola-in-india-nid-228904-cid-1.html,"Intel Launches Gaudi 3 AI Chip, Teams Up with Infosys, Airtel, Ola in India",REJECTED_ENTITY_MATCHER,False,,NOT_RELEVANT,Generic match without direct Bharti Airtel relevance
20240410053000-742,20240410053000,rttnews.com,https://www.rttnews.com/story.aspx?Id=3437907,"Sensex, Nifty Modestly Higher; Healthcare Stocks Underperform",REJECTED_ENTITY_MATCHER,False,,NOT_RELEVANT,Generic match without direct Bharti Airtel relevance
20240410054500-585,20240410054500,indiatimes.com,https://economictimes.indiatimes.com/markets/stocks/stock-watch/stock-market-update-fertilisers-stocks-up-as-market-rises/articleshow/109181774.cms,Stock Market Sectors: Stock market update: Fertilisers stocks up as market rises,REJECTED_ENTITY_MATCHER,False,,NOT_RELEVANT,Generic match without direct Bharti Airtel relevance
20240410054500-1146,20240410054500,indiatimes.com,https://economictimes.indiatimes.com/markets/stocks/stock-watch/stock-market-update-mining-stocks-up-as-market-rises/articleshow/109181583.cms,Stock Market Sectors: Stock market update: Mining stocks up as market rises,REJECTED_ENTITY_MATCHER,False,,NOT_RELEVANT,Generic match without direct Bharti Airtel relevance
20240410054500-658,20240410054500,indiatimes.com,https://economictimes.indiatimes.com/markets/stocks/stock-watch/stock-market-update-sugar-stocks-up-as-market-rises/articleshow/109182622.cms,Stock Market Sectors: Stock market update: Sugar stocks up as market rises,REJECTED_ENTITY_MATCHER,False,,NOT_RELEVANT,Generic match without direct Bharti Airtel relevance
20240410054500-440,20240410054500,thehindu.com,https://www.thehindu.com/business/markets/sensex-updates-on-april-10-2024/article68049220.ece,"Sensex, Nifty rebound in early trade",REJECTED_ENTITY_MATCHER,False,,NOT_RELEVANT,Generic match without direct Bharti Airtel relevance
20240410054500-107,20240410054500,fonearena.com,https://www.fonearena.com/blog/421307/intel-gaudi-3-ai-accelerator-vision-2024.html,"Intel unveils Gaudi 3 AI Accelerator and more at Vision 2024,",REJECTED_ENTITY_MATCHER,False,,NOT_RELEVANT,Generic match without direct Bharti Airtel relevance
20240410060000-543,20240410060000,dnaindia.com,https://www.dnaindia.com/technology/report-akash-ambani-s-reliance-jio-offering-more-benefits-than-airtel-under-rs-250-unlimited-5g-data-calls-at-just-3084845,"Akash Ambani's Reliance Jio offering more benefits than Airtel under Rs 250: Unlimited 5G data, calls at just Rs…",REJECTED_ENTITY_MATCHER,False,,NOT_RELEVANT,Formulaic consumer recharge plan / OTT bundle comparison table
20240410060000-947,20240410060000,indianexpress.com,https://indianexpress.com/article/business/market/sensex-nifty-rebound-bharti-airtel-reliance-axis-bank-9261511/,"Sensex, Nifty rebound in early trade",REJECTED_ENTITY_MATCHER,False,,NOT_RELEVANT,Generic match without direct Bharti Airtel relevance
20240410061500-283,20240410061500,techcabal.com,https://techcabal.com/2024/04/10/techcabal-daily-kenya-to-develop-national-ai-strategy/,👨🏿‍🚀TechCabal Daily - Kenya to develop national AI strategy,REJECTED_ENTITY_MATCHER,False,,NOT_RELEVANT,Generic match without direct Bharti Airtel relevance
20240410061500-1065,20240410061500,indiatimes.com,https://telecom.economictimes.indiatimes.com/news/portal-in-portal/satcom/govt-may-not-allot-satcom-waves-in-a-rush-to-fine-tune-rules-first/109178034,"Department Of Telecommunications: Govt may not allot satcom airwaves in a rush; to fine-tune rules first, ET Telecom",REJECTED_ENTITY_MATCHER,False,,NOT_RELEVANT,Generic match without direct Bharti Airtel relevance
20240410061500-1044,20240410061500,indiatimes.com,https://economictimes.indiatimes.com/markets/stocks/stock-watch/stock-market-update-power-stocks-up-as-market-rises/articleshow/109184001.cms,Stock Market Sectors: Stock market update: Power stocks up as market rises,REJECTED_ENTITY_MATCHER,False,,NOT_RELEVANT,Generic match without direct Bharti Airtel relevance
20240410064500-943,20240410064500,leadership.ng,https://leadership.ng/internet-usage-falls-to-694804-54-terabytes/,"Internet Usage Falls To 694,804.54 Terabytes",REJECTED_ENTITY_MATCHER,False,,NOT_RELEVANT,Generic match without direct Bharti Airtel relevance
20240410071500-1119,20240410071500,prokerala.com,https://www.prokerala.com/news/articles/a1521721.html,"Robust economic growth will keep market resilient, say analysts",REJECTED_ENTITY_MATCHER,False,,NOT_RELEVANT,Generic match without direct Bharti Airtel relevance
20240410071500-703,20240410071500,deccanherald.com,https://www.deccanherald.com/business/markets/sensex-climbs-27365-points-nifty-advances-to-2272660-2971898,Markets rebound in early trade,REJECTED_ENTITY_MATCHER,False,,NOT_RELEVANT,Generic match without direct Bharti Airtel relevance
20240410071500-T410,20240410071500,digit.in,https://www.digit.in/hi/news/telecom/airtel-superhit-recharge-plan-rs-329.html,"Airtel के इस सुपरहिट Recharge Plan के आगे गिर पड़ा जियो, बेनेफिट हैं ताबड़तोड़",REJECTED_ENTITY_MATCHER,False,,NOT_RELEVANT,Formulaic consumer recharge plan / OTT bundle comparison table
20240410073000-794,20240410073000,news18.com,https://www.news18.com/business/stock-market-updates-sensex-up-200-points-higher-nifty-above-22650-vedanta-rises-3-8846342.html,"Stock Market Updates: Sensex Up 200 Points Higher, Nifty Above 22,650; Vedanta Rises 3%",REJECTED_ENTITY_MATCHER,False,,NOT_RELEVANT,Generic match without direct Bharti Airtel relevance
20240410074500-T1451,20240410074500,madhyamam.com,https://www.madhyamam.com/kerala/mismanagement-of-the-municipal-corporation-it-is-reported-that-the-government-did-not-get-353-crores-due-to-cable-laying-1276644,നഗരസഭയുടെ കെടുകാര്യസ്ഥത: കേബിൾ വലിച്ചതിൽ സർക്കാരിന് ലഭിക്കാതെ പോയത് 3.53 കോടിയെന്ന് റിപ്പോർട്ട് | Mismanagement of the Municipal Corporation: It is reported that the government did not get 3.53 crores due to cable laying,REJECTED_ENTITY_MATCHER,False,,NOT_RELEVANT,Generic match without direct Bharti Airtel relevance
20240410074500-793,20240410074500,siasat.com,https://www.siasat.com/robust-economic-growth-will-keep-market-resilient-say-analysts-3006570/,"Robust economic growth will keep market resilient, say analysts",REJECTED_ENTITY_MATCHER,False,,NOT_RELEVANT,Generic match without direct Bharti Airtel relevance
20240410074500-263,20240410074500,sharecast.com,https://www.sharecast.com/news/market-report-opening/london-open-stocks-gain-ahead-of-us-cpi-tesco-in-the-black--16575299.html,London open: Stocks gain ahead of US CPI; Tesco in the black,REJECTED_ENTITY_MATCHER,False,,NOT_RELEVANT,Generic match without direct Bharti Airtel relevance
20240410074500-525,20240410074500,indiainfoline.com,https://www.indiainfoline.com/blog/the-juiciest-and-the-riskiest-nifty-stocks-in-march-2024,The juiciest and the riskiest Nifty stocks in March 2024,REJECTED_ENTITY_MATCHER,False,,NOT_RELEVANT,Generic match without direct Bharti Airtel relevance
20240410080000-342,20240410080000,rttnews.com,https://www.rttnews.com/3437907/sensex-nifty-modestly-higher-healthcare-stocks-underperform.aspx,"Sensex, Nifty Modestly Higher; Healthcare Stocks Underperform",REJECTED_ENTITY_MATCHER,False,,NOT_RELEVANT,Generic match without direct Bharti Airtel relevance
20240410080000-824,20240410080000,yourstory.com,https://yourstory.com:443/2024/04/warburg-pincus-invests-in-opthalmic-equipment-maker-appasamy,Warburg Pincus invests in ophthalmic equipment maker Appasamy,REJECTED_ENTITY_MATCHER,False,,NOT_RELEVANT,Generic match without direct Bharti Airtel relevance
20240410080000-1246,20240410080000,yourstory.com,https://social.yourstory.com:443/2024/04/warburg-pincus-invests-in-opthalmic-equipment-maker-appasamy,Warburg Pincus invests in ophthalmic equipment maker Appasamy,REJECTED_ENTITY_MATCHER,False,,NOT_RELEVANT,Generic match without direct Bharti Airtel relevance
20240410080000-T266,20240410080000,amarujala.com,https://www.amarujala.com/business/business-diary/airtel-xstreamfiber-has-brought-a-huge-entertainment-offer-for-its-customers-get-20-ott-services-2024-04-10,"Airtel Xstreamfiber Has Brought A Huge Entertainment Offer For Its Customers, Get 20+ Ott Services - Amar Ujala Hindi News Live - Airtel Xstreamfiber अपने ग्राहकों के लिए लेकर आया है जोरदार एंटरटेनमेंट का धमाका ऑफर, पाइए 20+ ओटीटी सेवाएं",REJECTED_ENTITY_MATCHER,False,,NOT_RELEVANT,Generic match without direct Bharti Airtel relevance
20240410080000-T239,20240410080000,sharemanthan.in,https://www.sharemanthan.in/technical-tips/intraday-tips/74682-reliance-secrities-market-lens-intraday-calls-20240410,"हिंदुस्तान यूनिलीवर और भारती एयरटेल खरीदें, ऑयल ऐंड नेचुरल गैस कॉर्पोरेशन बेचें : रिलायंस सिक्योरिटीज",REJECTED_ENTITY_MATCHER,False,,NOT_RELEVANT,Generic match without direct Bharti Airtel relevance
20240410081500-743,20240410081500,telegraphindia.com,https://www.telegraphindia.com/business/sensex-climbs-273-points-to-74957-in-early-trade-nifty-advances-83-points-to-22726/cid/2012359,"Stock market | Sensex climbs 273 points to 74,957 in early trade; Nifty advances 83 points to 22,726",REJECTED_ENTITY_MATCHER,False,,NOT_RELEVANT,Generic match without direct Bharti Airtel relevance
20240410081500-1246,20240410081500,telegraphindia.com,https://www.telegraphindia.com/feeds/business/sensex-climbs-273-points-to-74957-in-early-trade-nifty-advances-83-points-to-22726/cid/2012359,"Stock market | Sensex climbs 273 points to 74,957 in early trade; Nifty advances 83 points to 22,726",REJECTED_ENTITY_MATCHER,False,,NOT_RELEVANT,Generic match without direct Bharti Airtel relevance
20240410081500-162,20240410081500,thehindubusinessline.com,https://www.thehindubusinessline.com/markets/sensex-nifty-edge-up-in-early-trade/article68049229.ece,"Sensex, Nifty edge up in early trade - The Hindu BusinessLine",REJECTED_ENTITY_MATCHER,False,,NOT_RELEVANT,Generic match without direct Bharti Airtel relevance
20240410083000-1147,20240410083000,indiatimes.com,https://economictimes.indiatimes.com/markets/ipos/fpos/vodafone-idea-fpo-likely-to-open-next-week-to-be-priced-at-significant-discount-to-pref-issue/articleshow/109188785.cms,"Vodafone Idea FPO date: Vodafone Idea's Rs 20,000 crore FPO likely to open next week",REJECTED_ENTITY_MATCHER,False,,NOT_RELEVANT,Generic match without direct Bharti Airtel relevance
20240410083000-13,20240410083000,tribuneindia.com,https://www.tribuneindia.com/news/business/markets-rebound-in-early-trade-amid-ongoing-optimistic-trend-in-equities-609409,Markets rebound in early trade amid ongoing optimistic trend in equities,REJECTED_ENTITY_MATCHER,False,,NOT_RELEVANT,Generic match without direct Bharti Airtel relevance
20240410084500-782,20240410084500,blueprint.ng,https://blueprint.ng/mtn-airtels-gains-push-nigerias-mobile-subscriptions-to-219-7m/,"MTN, Airtel's gains push Nigeria's mobile subscriptions to 219.7m – Blueprint Newspapers Limited",REJECTED_ENTITY_MATCHER,False,,NOT_RELEVANT,Generic match without direct Bharti Airtel relevance
20240410090000-907,20240410090000,datacenterdynamics.com,https://www.datacenterdynamics.com/en/news/ptcl-secures-400m-debt-financing-for-telenor-acquisition/,PTCL secures $400m debt financing for Telenor acquisition,REJECTED_ENTITY_MATCHER,False,,NOT_RELEVANT,Generic match without direct Bharti Airtel relevance
20240410090000-16,20240410090000,india.com,https://www.india.com/business/share-market-news-necc-promoter-acquires-over-39-lakh-equities-all-you-need-to-know-6849624/,Share Market News: NECC Promoter Acquires Over 39 Lakh Equities,REJECTED_ENTITY_MATCHER,False,,NOT_RELEVANT,Generic match without direct Bharti Airtel relevance
20240410091500-292,20240410091500,india.com,https://zeenews.india.com/markets/rebound-in-early-trade-sensex-climbs-273-points-2738856.html,Rebound In Early Trade; Sensex Climbs 273 Points,REJECTED_ENTITY_MATCHER,False,,NOT_RELEVANT,Generic match without direct Bharti Airtel relevance
20240410091500-T254,20240410091500,punjabkesari.com,https://www.punjabkesari.com/business-news/share-market-share-market-rises-sensex-crosses-74953-nifty-also-rises/,"Share Market: शेयर बाजार में तेजी, Sensex 74,953 के पार, Nifty में भी आया उछाल Share Market: Share Market Rises, Sensex Crosses 74,953, Nifty Also Rises",REJECTED_ENTITY_MATCHER,False,,NOT_RELEVANT,Generic match without direct Bharti Airtel relevance
20240410093000-683,20240410093000,hl.co.uk,https://www.hl.co.uk/shares/stock-market-news/market-reports/london-open-stocks-gain-ahead-of-us-cpi-tesco-in-the-black,London open: Stocks gain ahead of US CPI; Tesco in the black,REJECTED_ENTITY_MATCHER,False,,NOT_RELEVANT,Generic match without direct Bharti Airtel relevance
20240410094500-T1463,20240410094500,prabhatkhabar.com,https://www.prabhatkhabar.com/technology/eid-mubarak-recharge-plans-annual-prepaid-plan-jio-airtel-vi-bsnl-rjv,Eid Mubarak Recharge Plans: अगली ईद तक चलेंगे ये प्लान्स,REJECTED_ENTITY_MATCHER,False,,NOT_RELEVANT,Generic match without direct Bharti Airtel relevance
20240410101500-177,20240410101500,fonearena.com,https://www.fonearena.com/blog/421228/samsung-galaxy-s24-plus-review.html,Samsung Galaxy S24+ Review: Much-needed Improvements,REJECTED_ENTITY_MATCHER,False,,NOT_RELEVANT,Generic match without direct Bharti Airtel relevance
20240410103000-1506,20240410103000,yourstory.com,https://her.yourstory.com:443/2024/04/warburg-pincus-invests-in-opthalmic-equipment-maker-appasamy,Warburg Pincus invests in ophthalmic equipment maker Appasamy,REJECTED_ENTITY_MATCHER,False,,NOT_RELEVANT,Generic match without direct Bharti Airtel relevance
20240410104500-675,20240410104500,eteknix.com,https://www.eteknix.com/intel-gears-up-with-gaudi-3-to-challenge-nvidias-dominance/,Intel Gears Up with Gaudi 3 to Challenge Nvidia's Dominance,REJECTED_ENTITY_MATCHER,False,,NOT_RELEVANT,Generic match without direct Bharti Airtel relevance
20240410110000-1419,20240410110000,indiatimes.com,https://economictimes.indiatimes.com/markets/stocks/news/sensex-nifty-rally-to-record-highs-ahead-of-us-inflation-report/articleshow/109194564.cms,"sensex news today: Sensex, Nifty rally to record highs ahead of US inflation report; investors gain Rs 2 lakh crore",REJECTED_ENTITY_MATCHER,False,,NOT_RELEVANT,Generic match without direct Bharti Airtel relevance
20240410110000-T1714,20240410110000,moneycontrol.com,https://hindi.moneycontrol.com/news/markets/share-market-sensex-nifty-ends-at-new-record-high-investor-earns-rs-2-13-lakh-crore-psb-oil-gas-fmcg-lead-gains-1893802.html,"Share Market: सेंसेक्स-निफ्टी रिकॉर्ड ऊंचाई पर बंद, दिन भर में ₹2.13 लाख करोड़ बढ़ी निवेशकों की दौलत",REJECTED_ENTITY_MATCHER,False,,NOT_RELEVANT,Generic match without direct Bharti Airtel relevance
20240410111500-T22,20240410111500,jagran.com,https://www.jagran.com/markets/stock-update-share-market-closed-on-positive-note-on-10-april-2024-check-top-trending-stock-23694054.html,"Share Market Close: शेयर बाजार ने आज बनाया रिकॉर्ड, पहली बार सेंसेक्स 75,000 अंक से ऊपर हुआ बंद - Share Market closed on positive note on 10 April 2024 check top trending stock",REJECTED_ENTITY_MATCHER,False,,NOT_RELEVANT,Generic match without direct Bharti Airtel relevance
20240410111500-T11,20240410111500,prabhatkhabar.com,https://www.prabhatkhabar.com/business/share-market-closed-with-positive-sign-before-eid-sensex-nifty-jumped-mdn,"Share Market में खरीदारी से आयी तेजी, सेंसेक्स 74,983 पर बंद",REJECTED_ENTITY_MATCHER,False,,NOT_RELEVANT,Generic match without direct Bharti Airtel relevance
20240410111500-38,20240410111500,indiatimes.com,https://timesofindia.indiatimes.com/business/india-business/stock-market-today-bse-sensex-closes-above-75000-for-the-first-time-investors-richer-by-rs-2-lakh-crore/articleshow/109195233.cms,"Stock market today: BSE Sensex closes above 75,000 for the first time; investors richer by Rs 2 lakh crore",REJECTED_ENTITY_MATCHER,False,,NOT_RELEVANT,Generic match without direct Bharti Airtel relevance
20240410111500-1375,20240410111500,indiatimes.com,https://telecom.economictimes.indiatimes.com/news/industry/vodafone-idea-fpo-likely-to-open-next-week-to-be-priced-at-a-significant-discount-to-pref-issue/109189287,"Vodafone Idea FPO likely to open next week, to be priced at a 'significant discount' to pref issue, ET Telecom",REJECTED_ENTITY_MATCHER,False,,NOT_RELEVANT,Generic match without direct Bharti Airtel relevance
20240410111500-800,20240410111500,indiatimes.com,https://timesofindia.indiatimes.com/business/india-business/sensex-settles-above-75000-mark-for-first-time-nifty-closes-at-record-high/articleshow/109195525.cms,"Sensex settles above 75,000-mark for first time, Nifty closes at record high",REJECTED_ENTITY_MATCHER,False,,NOT_RELEVANT,Generic match without direct Bharti Airtel relevance
20240410111500-1005,20240410111500,businesstoday.in,https://www.businesstoday.in/visualstories/stock/airtel-bajaj-finance-puravankara-among-5-stocks-to-see-fresh-analysts-interest-124758-10-04-2024,"Airtel, Bajaj Finance, Puravankara among 5 stocks to see fresh interest from analysts",REJECTED_ENTITY_MATCHER,False,,NOT_RELEVANT,Generic match without direct Bharti Airtel relevance
20240410111500-756,20240410111500,businesstoday.in,https://www.businesstoday.in/markets/company-stock/story/sensex-ends-above-75k-mark-nifty-hits-record-high-analysts-425053-2024-04-10,"Sensex closes above 75K mark for first time, Nifty hits record high; where is the market headed?",REJECTED_ENTITY_MATCHER,False,,NOT_RELEVANT,Generic match without direct Bharti Airtel relevance
20240410113000-893,20240410113000,indiatimes.com,https://timesofindia.indiatimes.com/technology/tech-tips/how-to-port-your-jio-vi-or-bsnl-number-to-airtel-online-know-the-process/articleshow/109194610.cms,"How to port your Jio, Vi or BSNL number to Airtel online: Know the process |",REJECTED_ENTITY_MATCHER,False,,NOT_RELEVANT,Generic match without direct Bharti Airtel relevance
20240410114500-1243,20240410114500,freepressjournal.in,https://www.freepressjournal.in/business/coal-india-bpcl-rally-sensex-surges-past-75000-mark-as-markets-close-in-green,"Coal India, BPCL Rally, Sensex Surges Past 75,000 Mark As Markets Close In Green",REJECTED_ENTITY_MATCHER,False,,NOT_RELEVANT,Generic match without direct Bharti Airtel relevance
20240410114500-718,20240410114500,thehindu.com,https://www.thehindu.com/business/markets/sensex-settles-above-75000-mark-for-first-time-nifty-closes-at-record-high/article68050075.ece,"Sensex settles above 75,000-mark for first time, Nifty closes at record high",REJECTED_ENTITY_MATCHER,False,,NOT_RELEVANT,Generic match without direct Bharti Airtel relevance
20240410114500-T1864,20240410114500,livehindustan.com,https://www.livehindustan.com/business/vodafone-idea-share-may-down-61-percent-company-will-launch-20000-crore-rupee-fpo-next-week-201712746774515.html,"Vodafone idea share may down 61 percent company will launch 20000 crore rupee FPO next week 61% लुढ़क सकता है यह शेयर, ₹5 पर आ सकता है भाव, एक्सपर्ट ने चेताया, संकट में कंपनी!",REJECTED_ENTITY_MATCHER,False,,NOT_RELEVANT,Generic match without direct Bharti Airtel relevance
20240410120000-707,20240410120000,howng.com,https://howng.com/mtn-nigerias-internet-subscriber-base-drops-by-2-8-million/,MTN Nigeria's Internet Subscriber Base Drops by 2.8 Million,REJECTED_ENTITY_MATCHER,False,,NOT_RELEVANT,Generic match without direct Bharti Airtel relevance
20240410120000-1031,20240410120000,theweek.in,https://www.theweek.in/news/biz-tech/2024/04/10/sensex-settles-above-75000-mark-for-first-time-nifty-closes-at-record-high.html,"Sensex settles above 75,000-mark for first time, Nifty closes at record high",REJECTED_ENTITY_MATCHER,False,,NOT_RELEVANT,Generic match without direct Bharti Airtel relevance
20240410120000-1151,20240410120000,lse.co.uk,https://www.lse.co.uk/news/london-midday-tesco-paces-gains-as-investors-eye-us-inflation-wo7botann7c26w3.html,London midday: Tesco paces gains as investors eye US inflation,REJECTED_ENTITY_MATCHER,False,,NOT_RELEVANT,Generic match without direct Bharti Airtel relevance
20240410120000-1099,20240410120000,lse.co.uk,https://www.lse.co.uk/news/london-open-stocks-gain-ahead-of-us-cpi-tesco-in-the-black-ddfivai07ld3n6k.html,London open: Stocks gain ahead of US CPI; Tesco in the black,REJECTED_ENTITY_MATCHER,False,,NOT_RELEVANT,Generic match without direct Bharti Airtel relevance
20240410121500-1108,20240410121500,theweek.in,https://www.theweek.in/wire-updates/business/2024/04/10/des18-cbi-tcil.html,Former TCIL-ED booked by CBI in two corruption cases,REJECTED_ENTITY_MATCHER,False,,NOT_RELEVANT,Generic match without direct Bharti Airtel relevance
20240410121500-695,20240410121500,udaipurkiran.com,https://udaipurkiran.com/tag/how-to-change-port-number-in-mysql-workbench/,How To Change Port Number In Mysql Workbench,REJECTED_NON_ARTICLE_URL,False,,NOT_RELEVANT,Non-article URL / taxonomy tag page
20240410121500-293,20240410121500,udaipurkiran.com,https://udaipurkiran.com/tag/how-to-change-port-number/,How To Change Port Number | Udaipur Kiran,REJECTED_NON_ARTICLE_URL,False,,NOT_RELEVANT,Non-article URL / taxonomy tag page
20240410121500-894,20240410121500,udaipurkiran.com,https://udaipurkiran.com/tag/how-to-check-mysql-port-number-in-windows/,How To Check Mysql Port Number In Windows,REJECTED_NON_ARTICLE_URL,False,,NOT_RELEVANT,Non-article URL / taxonomy tag page
20240410121500-358,20240410121500,udaipurkiran.com,https://udaipurkiran.com/tag/how-to-port-a-number/,How To Port A Number | Udaipur Kiran,REJECTED_NON_ARTICLE_URL,False,,NOT_RELEVANT,Non-article URL / taxonomy tag page
20240410121500-442,20240410121500,udaipurkiran.com,https://udaipurkiran.com/tag/how-to-port-mobile-number/,How To Port Mobile Number | Udaipur Kiran,REJECTED_NON_ARTICLE_URL,False,,NOT_RELEVANT,Non-article URL / taxonomy tag page
20240410121500-1364,20240410121500,udaipurkiran.com,https://udaipurkiran.com/tag/how-to-port-number-to-google-voice/,How To Port Number To Google Voice,REJECTED_NON_ARTICLE_URL,False,,NOT_RELEVANT,Non-article URL / taxonomy tag page
20240410121500-721,20240410121500,udaipurkiran.com,https://udaipurkiran.com/tag/how-to-port-number/,How To Port Number | Udaipur Kiran,REJECTED_NON_ARTICLE_URL,False,,NOT_RELEVANT,Non-article URL / taxonomy tag page
20240410121500-305,20240410121500,udaipurkiran.com,https://udaipurkiran.com/tag/how-to-port-sim-to-another-network/,How To Port Sim To Another Network,REJECTED_NON_ARTICLE_URL,False,,NOT_RELEVANT,Non-article URL / taxonomy tag page
20240410121500-105,20240410121500,udaipurkiran.com,https://udaipurkiran.com/tag/how-to-port-your-jio/,How to port your Jio | Udaipur Kiran,REJECTED_NON_ARTICLE_URL,False,,NOT_RELEVANT,Non-article URL / taxonomy tag page
20240410121500-510,20240410121500,udaipurkiran.com,https://udaipurkiran.com/tag/mobile-number-port-kaise-kare/,Mobile Number Port Kaise Kare | Udaipur Kiran,REJECTED_NON_ARTICLE_URL,False,,NOT_RELEVANT,Non-article URL / taxonomy tag page
20240410121500-683,20240410121500,udaipurkiran.com,https://udaipurkiran.com/tag/mobile-number-port/,Mobile Number Port | Udaipur Kiran,REJECTED_NON_ARTICLE_URL,False,,NOT_RELEVANT,Non-article URL / taxonomy tag page
20240410121500-1059,20240410121500,udaipurkiran.com,https://udaipurkiran.com/tag/port-my-number-to-google-voice/,Port My Number To Google Voice | Udaipur Kiran,REJECTED_NON_ARTICLE_URL,False,,NOT_RELEVANT,Non-article URL / taxonomy tag page
20240410121500-620,20240410121500,udaipurkiran.com,https://udaipurkiran.com/tag/port-number-to-google-voice/,Port Number To Google Voice | Udaipur Kiran,REJECTED_NON_ARTICLE_URL,False,,NOT_RELEVANT,Non-article URL / taxonomy tag page
20240410121500-1383,20240410121500,udaipurkiran.com,https://udaipurkiran.com/tag/port-number/,Port Number | Udaipur Kiran,REJECTED_NON_ARTICLE_URL,False,,NOT_RELEVANT,Non-article URL / taxonomy tag page
20240410121500-1382,20240410121500,udaipurkiran.com,https://udaipurkiran.com/tag/port-phone-number-to-google-voice/,Port Phone Number To Google Voice | Udaipur Kiran,REJECTED_NON_ARTICLE_URL,False,,NOT_RELEVANT,Non-article URL / taxonomy tag page
20240410121500-1476,20240410121500,udaipurkiran.com,https://udaipurkiran.com/tag/port-your-number/,Port Your Number | Udaipur Kiran,REJECTED_NON_ARTICLE_URL,False,,NOT_RELEVANT,Non-article URL / taxonomy tag page
20240410121500-1121,20240410121500,udaipurkiran.com,https://udaipurkiran.com/tag/vi-or-bsnl-number/,Vi or BSNL number | Udaipur Kiran,REJECTED_NON_ARTICLE_URL,False,,NOT_RELEVANT,Non-article URL / taxonomy tag page
20240410121500-355,20240410121500,udaipurkiran.com,https://udaipurkiran.com/tag/what-is-port-number/,What Is Port Number | Udaipur Kiran,REJECTED_NON_ARTICLE_URL,False,,NOT_RELEVANT,Non-article URL / taxonomy tag page
20240410121500-958,20240410121500,indiatimes.com,https://economictimes.indiatimes.com/markets/stocks/stock-watch/stock-market-update-power-stocks-down-as-market-rises/articleshow/109196579.cms,Stock Market Sectors: Stock market update: Power stocks down as market rises,REJECTED_ENTITY_MATCHER,False,,NOT_RELEVANT,Generic match without direct Bharti Airtel relevance
20240410121500-1290,20240410121500,digit.in,https://www.digit.in/news/general/intel-vision-2024-intel-gaudi-3-boasts-50-better-performance-with-a-focus-on-open-standards-of-ai.html,Intel Vision 2024: Intel Gaudi 3 boasts 50% better performance with a focus on open standards of AI,REJECTED_ENTITY_MATCHER,False,,NOT_RELEVANT,Generic match without direct Bharti Airtel relevance
20240410121500-1029,20240410121500,udaipurkiran.com,https://udaipurkiran.com/how-to-port-your-jio-vi-or-bsnl-number-to-airtel-online/,"How to port your Jio, Vi or BSNL number to Airtel online",REJECTED_ENTITY_MATCHER,False,,NOT_RELEVANT,Generic match without direct Bharti Airtel relevance
20240410121500-T2188,20240410121500,digit.in,https://www.digit.in/kn/news/telecom/airtel-best-rs-1799-annual-plan-for-365-validity-plan.html,Airtel Plan: ಏರ್ಟೆಲ್ ಬಳಕೆದಾರರೇ 1799 ರೂಗಳಿಗೆ ಪೂರ್ತಿ 365 ದಿನಗಳ ವ್ಯಾಲಿಡಿಟಿ ನೀಡುವ ಬೆಸ್ಟ್ ಯೋಜನೆ!,REJECTED_ENTITY_MATCHER,False,,NOT_RELEVANT,Generic match without direct Bharti Airtel relevance
20240410121500-T2735,20240410121500,digit.in,https://www.digit.in/ta/news/telecom/airtel-rs-329-with-35-days-validity-plan-know-all-details.html,Airtel யின் குறைந்த விலையில் 35 நாட்கள் வேலிடிட்டி,REJECTED_ENTITY_MATCHER,False,,NOT_RELEVANT,Generic match without direct Bharti Airtel relevance
20240410121500-T1178,20240410121500,digit.in,https://www.digit.in/hi/news/telecom/airtel-best-ott-recharge-plans.html,"Airtel के इन Prepaid Plans में FREE मिलती है ये महंगे सुविधा, देखें सम्पूर्ण जानकारी",REJECTED_ENTITY_MATCHER,False,,NOT_RELEVANT,Formulaic consumer recharge plan / OTT bundle comparison table
20240410123000-572,20240410123000,independantexpress.com,https://independantexpress.com/cellecor-gadgets-enters-air-conditioner-products-and-stock-price-rises/,Cellecor Gadgets enters air conditioner products and stock price rises,REJECTED_ENTITY_MATCHER,False,,NOT_RELEVANT,Generic match without direct Bharti Airtel relevance
20240410123000-756,20240410123000,sharecast.com,https://www.sharecast.com/news/market-report-midday/london-midday-tesco-paces-gains-as-investors-eye-us-inflation--16576143.html,London midday: Tesco paces gains as investors eye US inflation,REJECTED_ENTITY_MATCHER,False,,NOT_RELEVANT,Generic match without direct Bharti Airtel relevance
20240410124500-1791,20240410124500,nairaland.com,https://www.nairaland.com/8057137/airtel-partners-roducate-launch-exam,Airtel Partners Roducate To Launch Exam Success Data Bundle - Education,REJECTED_ENTITY_MATCHER,False,,NOT_RELEVANT,Generic match without direct Bharti Airtel relevance
20240410124500-T442,20240410124500,amarujala.com,https://www.amarujala.com/business/business-diary/sensex-closing-bell-share-market-closing-sensex-nifty-share-market-news-and-updates-2024-04-10,"Sensex Closing Bell Share Market Closing Sensex Nifty Share Market News And Updates - Amar Ujala Hindi News Live - Sensex Closing Bell:शेयर बाजार में हरियाली बरकरार; पहली बार 75000 के पार बंद हुआ सेंसेक्स, निफ्टी 22750 पार",REJECTED_ENTITY_MATCHER,False,,NOT_RELEVANT,Generic match without direct Bharti Airtel relevance
20240410130000-318,20240410130000,proactiveinvestors.co.uk,https://www.proactiveinvestors.co.uk/companies/news/1044944/ftse-100-live-shares-lift-higher-us-inflation-comes-in-hot-tesco-rallies-on-strong-results-1044944.html,FTSE 100 Live: Shares lift higher; US inflation comes in hot; Tesco rallies on results,REJECTED_ENTITY_MATCHER,False,,NOT_RELEVANT,Generic match without direct Bharti Airtel relevance
20240410130000-1486,20240410130000,indiablooms.com,https://www.indiablooms.com/finance-details/20219/sensex-ends-strong-at-75038-15.html,Sensex ends strong at 75038.15 | Indiablooms - First Portal on Digital News Management,REJECTED_ENTITY_MATCHER,False,,NOT_RELEVANT,Generic match without direct Bharti Airtel relevance
20240410131500-313,20240410131500,thehindubusinessline.com,https://www.thehindubusinessline.com/markets/sensex-settles-above-75000-mark-for-first-time-nifty-closes-at-record-high/article68050047.ece,"Sensex settles above 75,000-mark for first time, Nifty closes at record high",REJECTED_ENTITY_MATCHER,False,,NOT_RELEVANT,Generic match without direct Bharti Airtel relevance
20240410133000-1532,20240410133000,india.com,https://zeenews.india.com/markets/sensex-settles-above-75000-mark-for-first-time-nifty-closes-at-record-high-2739006.html,"Sensex Settles Above 75,000 Mark For First Time; Nifty Closes At Record High",REJECTED_ENTITY_MATCHER,False,,NOT_RELEVANT,Generic match without direct Bharti Airtel relevance
20240410134500-1418,20240410134500,latestly.com,https://www.latestly.com/agency-news/india-news-sensex-closes-above-record-75k-mark-nifty-hits-new-peak-as-metal-fmcg-shares-shine-5884509.html,"India News | Sensex Closes Above Record 75K Mark, Nifty Hits New Peak as Metal, FMCG Shares Shine",REJECTED_ENTITY_MATCHER,False,,NOT_RELEVANT,Generic match without direct Bharti Airtel relevance
20240410140000-975,20240410140000,adgully.com,https://www.adgully.com/zypp-electric-adds-four-key-leaders-for-growth-and-innovation-144323.html,Zypp Electric adds four key leaders for growth and innovation,REJECTED_ENTITY_MATCHER,False,,NOT_RELEVANT,Generic match without direct Bharti Airtel relevance
20240410141500-579,20240410141500,ndtv.com,https://www.ndtv.com/world-news/investors-richer-by-rs-2-27-lakh-crore-as-sensex-crosses-75-000-mark-5413693,"Investors Richer By Rs 2.27 Lakh Crore As Sensex Crosses 75,000 Mark",REJECTED_ENTITY_MATCHER,False,,NOT_RELEVANT,Generic match without direct Bharti Airtel relevance
20240410141500-1545,20240410141500,telegraphindia.com,https://www.telegraphindia.com/feeds/business/sensex-settles-above-75000-mark-for-first-time-nifty-closes-at-record-high/cid/2012451,"Stock market | Sensex settles above 75,000-mark for first time, Nifty closes at record high",REJECTED_ENTITY_MATCHER,False,,NOT_RELEVANT,Generic match without direct Bharti Airtel relevance
20240410143000-1209,20240410143000,hl.co.uk,https://www.hl.co.uk/shares/stock-market-news/market-reports/london-midday-tesco-paces-gains-as-investors-eye-us-inflation,London midday: Tesco paces gains as investors eye US inflation,REJECTED_ENTITY_MATCHER,False,,NOT_RELEVANT,Generic match without direct Bharti Airtel relevance
20240410143000-181,20240410143000,moneycontrol.com,https://www.moneycontrol.com/news/business/markets/markets-rally-makes-investors-richer-by-rs-2-27-lakh-cr-12617161.html,Markets rally makes investors richer by Rs 2.27 lakh cr,REJECTED_ENTITY_MATCHER,False,,NOT_RELEVANT,Generic match without direct Bharti Airtel relevance
20240410143000-T1188,20240410143000,punjabkesari.in,https://www.punjabkesari.in/business/news/stock-market-brightened-before-eid-investors-benefited-1965319,"रिकॉर्ड ऊंचाई पर बंद सेंसेक्स-निफ्टी, निवेशकों की दौलत में हुआ इजाफा - stock market brightened before eid investors benefited",REJECTED_ENTITY_MATCHER,False,,NOT_RELEVANT,Generic match without direct Bharti Airtel relevance
20240410144500-535,20240410144500,rediff.com,https://www.rediff.com/business/report/sensex-closes-above-75000-for-the-first-time/20240410.htm,"Sensex closes above 75,000 for the first time",REJECTED_ENTITY_MATCHER,False,,NOT_RELEVANT,Generic match without direct Bharti Airtel relevance
20240410153000-2422,20240410153000,yourstory.com,https://her.yourstory.com:443/2024/04/startup-news-and-updates-daily-roundup-april-10-2024,"Startup news and updates: daily roundup (April 10, 2024)",REJECTED_ENTITY_MATCHER,False,,NOT_RELEVANT,Generic match without direct Bharti Airtel relevance
20240410153000-2181,20240410153000,udaipurkiran.com,https://udaipurkiran.com/cheapest-bsnl-plan-70-days-validity-high-speed-data-and-free-calls-at-rs-197/,"Cheapest BSNL plan: 70 days validity, High Speed Data and Free Calls at Rs 197",REJECTED_ENTITY_MATCHER,False,,NOT_RELEVANT,Formulaic consumer recharge plan / OTT bundle comparison table
20240410154500-159,20240410154500,tribuneindia.com,https://www.tribuneindia.com/news/business/sensex-settles-above-75-000-mark-for-first-time-nifty-closes-at-record-high-609438,"Sensex settles above 75,000-mark for first time; Nifty closes at record high",REJECTED_ENTITY_MATCHER,False,,NOT_RELEVANT,Generic match without direct Bharti Airtel relevance
20240410160000-1936,20240410160000,hindustantimes.com,https://www.hindustantimes.com/business/vodafone-idea-fpo-troubled-telco-looks-to-raise-rs-18000-20000-crore-next-week-101712763101110.html,Vodafone Idea FPO: Troubled telco looks to raise ₹18000-20000 crore next week,REJECTED_ENTITY_MATCHER,False,,NOT_RELEVANT,Generic match without direct Bharti Airtel relevance
20240410160000-2036,20240410160000,lightreading.com,https://www.lightreading.com/finance/the-return-of-vodafone-idea-,The 'return' of Vodafone Idea?,REJECTED_ENTITY_MATCHER,False,,NOT_RELEVANT,Generic match without direct Bharti Airtel relevance
20240410161500-1965,20240410161500,thehindu.com,https://www.thehindu.com/business/sensex-scales-75000-mark/article68051397.ece,"Sensex scales 75,000 mark - The Hindu",REJECTED_ENTITY_MATCHER,False,,NOT_RELEVANT,Generic match without direct Bharti Airtel relevance
20240410163000-1462,20240410163000,telegraphindia.com,https://www.telegraphindia.com/business/sensex-settles-above-75000-mark-for-first-time-nifty-closes-at-record-high/cid/2012451,"Stock market | Sensex settles above 75,000-mark for first time, Nifty closes at record high",REJECTED_ENTITY_MATCHER,False,,NOT_RELEVANT,Generic match without direct Bharti Airtel relevance
20240410164500-T377,20240410164500,digit.in,https://www.digit.in/bn/news/telecom/jio-vs-airtel-rs-155-recharge-plan-compare.html,"Jio vs Airtel: এয়ারটেল কে টেক্কা দিয়ে এগিয়ে গেল জিও! সস্তার প্রিপেইড প্ল্যানে দিচ্ছে দ্বিগুন ডেটা, আনলিমিটেড কলিং",REJECTED_ENTITY_MATCHER,False,,NOT_RELEVANT,Generic match without direct Bharti Airtel relevance
20240410164500-2224,20240410164500,indiatimes.com,https://economictimes.indiatimes.com/markets/stocks/news/vodafone-idea-rs-20000-crore-fpo-likely-to-open-next-week/articleshow/109202523.cms,"Vodafone Idea Rs 20,000-crore FPO likely to open next week",REJECTED_ENTITY_MATCHER,False,,NOT_RELEVANT,Generic match without direct Bharti Airtel relevance
20240410173000-T2819,20240410173000,sharemanthan.in,https://www.sharemanthan.in/60-stock-market/74686-sensex-nifty-bank-dow-jones-nasdaq-gift-nifty-10042024,"निफ्टी, बैंक निफ्टी ने फिर बनाया रिकॉर्ड, निफ्टी 111, सेंसेक्स 354 अंक चढ़ कर बंद",REJECTED_ENTITY_MATCHER,False,,NOT_RELEVANT,Generic match without direct Bharti Airtel relevance
20240410173000-203,20240410173000,sharecast.com,https://www.sharecast.com/news/risers-and-fallers/ftse-100-movers-tesco-jumps-on-results-miners-retreat--16577765.html,FTSE 100 movers: Tesco jumps on results; miners retreat,REJECTED_ENTITY_MATCHER,False,,NOT_RELEVANT,Generic match without direct Bharti Airtel relevance
20240410173000-705,20240410173000,sharecast.com,https://www.sharecast.com/news/market-report-close/london-close-stocks-finish-higher-as-us-inflation-tops-forecasts--16578311.html,London close: Stocks finish higher as US inflation tops forecasts,REJECTED_ENTITY_MATCHER,False,,NOT_RELEVANT,Generic match without direct Bharti Airtel relevance
20240410173000-999,20240410173000,proactiveinvestors.co.uk,https://www.proactiveinvestors.co.uk/companies/news/1044944/ftse-100-closes-higher-after-us-inflation-comes-in-hot-tesco-rallies-on-results-1044944.html,FTSE 100 closes higher after US inflation comes in hot; Tesco rallies on results,REJECTED_ENTITY_MATCHER,False,,NOT_RELEVANT,Generic match without direct Bharti Airtel relevance
20240410173000-327,20240410173000,yourstory.com,https://social.yourstory.com:443/2024/04/startup-news-and-updates-daily-roundup-april-10-2024,"Startup news and updates: daily roundup (April 10, 2024)",REJECTED_ENTITY_MATCHER,False,,NOT_RELEVANT,Generic match without direct Bharti Airtel relevance
20240410174500-1382,20240410174500,yourstory.com,https://yourstory.com:443/2024/04/startup-news-and-updates-daily-roundup-april-10-2024,"Startup news and updates: daily roundup (April 10, 2024)",REJECTED_ENTITY_MATCHER,False,,NOT_RELEVANT,Generic match without direct Bharti Airtel relevance
20240410181500-702,20240410181500,developingtelecoms.com,https://developingtelecoms.com/telecom-business/operator-news/16540-sub-saharan-africa-operators-call-for-government-alliance.html,Sub-Saharan Africa operators call for government alliance,REJECTED_ENTITY_MATCHER,False,,NOT_RELEVANT,Generic match without direct Bharti Airtel relevance
20240410183000-669,20240410183000,centralchronicle.com,https://www.centralchronicle.com/both-sensex-and-gold-at-record-high/,Both Sensex and Gold at record high | Central India's Premier English Daily,REJECTED_ENTITY_MATCHER,False,,NOT_RELEVANT,Generic match without direct Bharti Airtel relevance
20240410184500-2001,20240410184500,hl.co.uk,https://www.hl.co.uk/shares/stock-market-news/market-reports/london-close-stocks-finish-higher-as-us-inflation-tops-forecasts,London close: Stocks finish higher as US inflation tops forecasts,REJECTED_ENTITY_MATCHER,False,,NOT_RELEVANT,Generic match without direct Bharti Airtel relevance
20240410211500-1127,20240410211500,lse.co.uk,https://www.lse.co.uk/news/london-close-stocks-finish-higher-as-us-inflation-tops-forecasts-c3amr44sg8lj94r.html,London close: Stocks finish higher as US inflation tops forecasts,REJECTED_ENTITY_MATCHER,False,,NOT_RELEVANT,Generic match without direct Bharti Airtel relevance
20240410224500-T1500,20240410224500,divyahimachal.com,https://www.divyahimachal.com/2024/04/big-relief-to-consumers-get-bills-deposited-online/,"उपभोक्ताओं को बड़ी राहत, ऑनलाइन जमा करवाएं बिल",REJECTED_ENTITY_MATCHER,False,,NOT_RELEVANT,Generic match without direct Bharti Airtel relevance
20240411004500-10,20240411004500,gadget.co.za,https://gadget.co.za/gaudi3/,Intel launches Gaudi 3 – Gadget,REJECTED_ENTITY_MATCHER,False,,NOT_RELEVANT,Generic match without direct Bharti Airtel relevance
20240411050000-248,20240411050000,freepressjournal.in,https://www.freepressjournal.in/business/stock-market-april-11-indices-to-remain-closed-for-trading-on-the-occasion-of-eid-al-fitr,Stock Market April 11 : Indices To Remain Closed For Trading On The Occasion Of Eid Al-Fitr,REJECTED_ENTITY_MATCHER,False,,NOT_RELEVANT,Generic match without direct Bharti Airtel relevance
20240411051500-949,20240411051500,thehitavada.com,https://www.thehitavada.com/Encyc/2024/4/11/RECORD-75-000-mark-SENSEX-AT-ALL-TIME-HIGHNifty-peaks-at-record-22-775-70.html,"RECORD 75,000 mark SENSEX AT ALL TIME HIGHNifty peaks at record 22,775.70",REJECTED_ENTITY_MATCHER,False,,NOT_RELEVANT,Generic match without direct Bharti Airtel relevance
20240411051500-680,20240411051500,indiatimes.com,https://timesofindia.indiatimes.com/technology/gaming/wordle-1027-puzzle-hints-and-answers-for-11-april-2024/articleshow/109211583.cms,Wordle 1027 Puzzle Hints and Answers for 11 April 2024 |,REJECTED_ENTITY_MATCHER,False,,NOT_RELEVANT,Generic match without direct Bharti Airtel relevance
20240411064500-T84,20240411064500,punjabkesari.in,https://www.punjabkesari.in/business/news/there-will-be-no-trading-in-the-market-today-on-the-occasion-of-eid-ul-fitr-1965570,ईद-उल-फितर के मौके पर आज बाजार में नहीं होगी ट्रेडिंग - there will be no trading in the market today on the occasion of eid ul fitr,REJECTED_ENTITY_MATCHER,False,,NOT_RELEVANT,Generic match without direct Bharti Airtel relevance
20240411071500-T303,20240411071500,digit.in,https://www.digit.in/ta/news/telecom/airtel-best-ott-recharge-with-starting-rs-499-know-all.html,Airtel யின் இந்த ப்ரீபெய்ட் திட்டத்தில் கிடைக்கும் FREE OTT,REJECTED_ENTITY_MATCHER,False,,NOT_RELEVANT,Formulaic consumer recharge plan / OTT bundle comparison table
20240411080000-T615,20240411080000,ddaily.co.kr,https://www.ddaily.co.kr/page/view/2024041114364328279,인텔은 네이버 AI `페이스메이커`…'AI 에브리웨어' 핵심 '개방성' 검증,REJECTED_ENTITY_MATCHER,False,,NOT_RELEVANT,Generic match without direct Bharti Airtel relevance
20240411091500-680,20240411091500,dailyexcelsior.com,https://www.dailyexcelsior.com/telecom-tariff-hike-imminent-expect-15-17-pc-rise-post-election-analyst-report/,Telecom Tariff hike imminent; expect 15-17 pc rise post election: Analyst report,REJECTED_ENTITY_MATCHER,False,,NOT_RELEVANT,Generic match without direct Bharti Airtel relevance
20240411093000-1424,20240411093000,telegraphindia.com,https://www.telegraphindia.com/feeds/business/telecom-tariff-hike-imminent-expect-15-17-per-cent-rise-post-election-analyst-report/cid/2012654,telecom sector | Telecom tariff hike imminent; expect 15-17 per cent rise post election: Analyst report,REJECTED_ENTITY_MATCHER,False,,NOT_RELEVANT,Generic match without direct Bharti Airtel relevance
20240411094500-443,20240411094500,indiatimes.com,https://economictimes.indiatimes.com/industry/telecom/telecom-news/telecom-tariff-hike-imminent-expect-15-17-pc-rise-post-election-analyst-report/articleshow/109217347.cms,Telecom Tariff hike imminent; expect 15- 17 pc rise post election: Analyst report,REJECTED_ENTITY_MATCHER,False,,NOT_RELEVANT,Generic match without direct Bharti Airtel relevance
20240411100000-951,20240411100000,livemint.com,https://www.livemint.com/market/stock-market-news/40-of-nifty-50-stocks-delivered-double-digit-returns-this-year-with-bpcl-ongc-bajaj-auto-top-gainers-check-full-list-11712817241973.html,40% of Nifty 50 stocks delivered double-digit returns this year; BPCL top gainer,REJECTED_ENTITY_MATCHER,False,,NOT_RELEVANT,Generic match without direct Bharti Airtel relevance
20240411104500-762,20240411104500,indiatimes.com,https://telecom.economictimes.indiatimes.com/news/industry/telecom-tariff-hike-imminent-expect-15-17-rise-post-election-report/109217344,"Telecom Tariff hike imminent; expect 15-17% rise post election: Report, ET Telecom",REJECTED_ENTITY_MATCHER,False,,NOT_RELEVANT,Generic match without direct Bharti Airtel relevance
20240411104500-689,20240411104500,indianexpress.com,https://indianexpress.com/shorts/cities/delhi/cbi-arrest-brs-mla-k-kavitha-delhi-liquor-policy-case-9264165/,"After ED, now CBI arrests BRS MLA K Kavitha in Delhi liquor policy case",REJECTED_ENTITY_MATCHER,False,,NOT_RELEVANT,Generic match without direct Bharti Airtel relevance
20240411111500-1078,20240411111500,telegraphindia.com,https://www.telegraphindia.com/business/telecom-tariff-hike-imminent-expect-15-17-per-cent-rise-post-election-analyst-report/cid/2012654,telecom sector | Telecom tariff hike imminent; expect 15-17 per cent rise post election: Analyst report,REJECTED_ENTITY_MATCHER,False,,NOT_RELEVANT,Generic match without direct Bharti Airtel relevance
20240411113000-1397,20240411113000,indiatimes.com,https://economictimes.indiatimes.com/markets/ipos/fpos/bharti-hexacom-gmp-will-there-be-a-listing-pop-at-the-bourses-tomorrow/articleshow/109219765.cms,Bharti Hexacom GMP: Will there be a listing pop at the bourses tomorrow?,REJECTED_ENTITY_MATCHER,False,,DIRECTLY_RELEVANT,Bharti Hexacom IPO / landmark listing involving promoter Bharti Airtel
20240411113000-12,20240411113000,indiatimes.com,https://economictimes.indiatimes.com/industry/services/education/we-cherish-the-connection-with-india-says-insead-dean-francisco-veloso/articleshow/109219396.cms,"We cherish the connection with India, says INSEAD dean Francisco Veloso",REJECTED_ENTITY_MATCHER,False,,NOT_RELEVANT,Generic match without direct Bharti Airtel relevance
20240411113000-T1164,20240411113000,nobat.com,https://www.nobat.com/news2583-nd-3a2f0094313238313539.html,નિફ્ટી ફયુચર ૨૨૪૦૪ પોઈન્ટ મહત્ત્વની સપાટી...!!!,REJECTED_ENTITY_MATCHER,False,,NOT_RELEVANT,Generic match without direct Bharti Airtel relevance
20240411114500-317,20240411114500,moneycontrol.com,https://www.moneycontrol.com/news/business/ipo/bharti-hexacom-ipo-robust-debut-on-the-cards-experts-eye-15-premium-12618911.html,"Bharti Hexacom IPO: Robust debut on the cards, experts eye 15% premium",REJECTED_ENTITY_MATCHER,False,,DIRECTLY_RELEVANT,Bharti Hexacom IPO / landmark listing involving promoter Bharti Airtel
20240411121500-T20,20240411121500,digit.in,https://www.digit.in/ta/news/telecom/vodafone-idea-new-data-vaucher-at-rs-19-know-here-benifits.html,Vodafone Idea வெறும் 19ரூபாயில் 1 நாள் முழுவதும் டேட்டா,REJECTED_ENTITY_MATCHER,False,,NOT_RELEVANT,Generic match without direct Bharti Airtel relevance
20240411131500-T365,20240411131500,maalaimalar.com,http://cinema.maalaimalar.com/news/national/telecom-tariff-hike-imminent-expect-15-17-pc-rise-post-election-analyst-report-712782,தேர்தல் முடியட்டும் - ஏர்டெல் பயனர்களுக்கு காத்திருக்கும் அதிர்ச்சி: என்ன தெரியுமா?,REJECTED_ENTITY_MATCHER,False,,NOT_RELEVANT,Generic match without direct Bharti Airtel relevance
20240411131500-T366,20240411131500,maalaimalar.com,https://www.maalaimalar.com/tags/tariff,Read all Latest Updates on and about tariff,REJECTED_NON_ARTICLE_URL,False,,NOT_RELEVANT,Non-article URL / taxonomy tag page
20240411131500-1260,20240411131500,prokerala.com,https://www.prokerala.com/news/articles/a1522148.html,Will Musk announce affordable Starlink internet service during India visit?,REJECTED_ENTITY_MATCHER,False,,NOT_RELEVANT,Generic match without direct Bharti Airtel relevance
20240411133000-422,20240411133000,menafn.com,https://menafn.com/1108083859/Will-Musk-Announce-Affordable-Starlink-Internet-Service-During-India-Visit,Will Musk Announce Affordable Starlink Internet Service During India Visit?,REJECTED_ENTITY_MATCHER,False,,NOT_RELEVANT,Generic match without direct Bharti Airtel relevance
20240411134500-1183,20240411134500,india.com,https://zeenews.india.com/technology/will-elon-musk-announce-affordable-starlink-internet-service-during-india-visit-2739430.html,Will Elon Musk Announce Affordable Starlink Internet Service During India Visit?,REJECTED_ENTITY_MATCHER,False,,NOT_RELEVANT,Generic match without direct Bharti Airtel relevance
20240411134500-861,20240411134500,morungexpress.com,https://morungexpress.com/will-musk-announce-affordable-starlink-internet-service-during-india-visit,Will Musk announce affordable Starlink internet service during India visit?,REJECTED_ENTITY_MATCHER,False,,NOT_RELEVANT,Generic match without direct Bharti Airtel relevance
20240411140000-T847,20240411140000,maalaimalar.com,https://www.maalaimalar.com:443/news/national/telecom-tariff-hike-imminent-expect-15-17-pc-rise-post-election-analyst-report-712782,தேர்தல் முடியட்டும் - ஏர்டெல் பயனர்களுக்கு காத்திருக்கும் அதிர்ச்சி: என்ன தெரியுமா?,REJECTED_ENTITY_MATCHER,False,,NOT_RELEVANT,Generic match without direct Bharti Airtel relevance
20240411143000-1331,20240411143000,fonearena.com,https://www.fonearena.com/blog/421520/telecom-tariff-hike-post-election-report.html,Telecom tariff could be hiked up to 17% post-election: Report,REJECTED_ENTITY_MATCHER,False,,NOT_RELEVANT,Generic match without direct Bharti Airtel relevance
20240411150000-1763,20240411150000,indiatimes.com,https://telecom.economictimes.indiatimes.com/news/industry/bharti-hexacom-gmp-will-there-be-a-listing-pop-at-the-bourses-tomorrow/109220701,"Bharti Hexacom GMP: Will there be a listing pop at the bourses tomorrow?, ET Telecom",REJECTED_ENTITY_MATCHER,False,,DIRECTLY_RELEVANT,Bharti Hexacom IPO / landmark listing involving promoter Bharti Airtel
20240411151500-T244,20240411151500,moneycontrol.com,https://hindi.moneycontrol.com/news/lok-sabha-election/loksabha-election-2024-mobile-recharge-price-may-increase-by-15-17-percent-after-general-polls-1894060.html,लोकसभा चुनाव के बाद महंगा हो जाएगा फोन पर बात करना! 15-17% तक बढ़ सकती है मोबाइल रिचार्ज की कीमत,REJECTED_ENTITY_MATCHER,False,,NOT_RELEVANT,Generic match without direct Bharti Airtel relevance
20240411151500-T252,20240411151500,moneycontrol.com,https://hindi.moneycontrol.com/news/your-money/how-to-port-mobile-number-to-jio-from-airtel-vodafone-idea-or-bsnl-1894106.html,"अपने एयरटेल, बीएसएनएल या वोडाफोन आइडिया नंबर को जियो में कैसे करें पोर्ट, ये है तरीका",REJECTED_ENTITY_MATCHER,False,,NOT_RELEVANT,Generic match without direct Bharti Airtel relevance
20240411160000-1298,20240411160000,thestatesman.com,https://www.thestatesman.com/business/telecom-industry-likely-to-hike-tariff-by-15-to-17-post-ls-polls-report-1503289417.html,Telecom industry likely to hike tariff by 15 to 17% post LS polls: Report,REJECTED_ENTITY_MATCHER,False,,NOT_RELEVANT,Generic match without direct Bharti Airtel relevance
20240411160000-1456,20240411160000,glamsham.com,https://glamsham.com/world/technology/will-musk-announce-affordable-starlink-internet-service-during-india-visit,Will Elon Musk Announce Affordable Starlink Internet Service During India Visit?,REJECTED_ENTITY_MATCHER,False,,NOT_RELEVANT,Generic match without direct Bharti Airtel relevance
20240411160000-T469,20240411160000,livehindustan.com,https://www.livehindustan.com/gadgets/jio-rs-399-bundles-extra-data-rs-61-get-96gb-data-unlimited-calling-sms-no-competition-with-airtel-vi-201712845019528.html,"Jio rs 399 bundles extra data Rs 61 get 96GB data unlimited calling SMS no competition with airtel vi Jio ने उड़ाई Airtel-Vi की नींद: ₹399 में 28 दिन तक करें बातें, 61 रुपये का डेटा दे रहा एकदम FREE",REJECTED_ENTITY_MATCHER,False,,NOT_RELEVANT,Generic match without direct Bharti Airtel relevance
20240411163000-22,20240411163000,livemint.com,https://www.livemint.com/mutual-fund/magic-of-compounding-rs-1-lakh-investment-at-the-launch-of-this-mutual-fund-swelled-to-rs-1-50-crore-absl-flexi-cap-11712837790007.html,Magic of compounding: ₹1 lakh investment in this mutual fund at the time of launch would have swelled to ₹1.50 crore,REJECTED_ENTITY_MATCHER,False,,NOT_RELEVANT,Generic match without direct Bharti Airtel relevance
20240411181500-1902,20240411181500,moneycontrol.com,https://www.moneycontrol.com/news/business/markets/trade-setup-for-friday-15-things-to-know-before-opening-bell-25-12623851.html,Trade setup for Friday: 15 things to know before opening bell,REJECTED_ENTITY_MATCHER,False,,NOT_RELEVANT,Generic match without direct Bharti Airtel relevance
20240411183000-84,20240411183000,thehindu.com,https://www.thehindu.com/newsletter/the-morning-brew/here-are-the-latest-updates-and-the-big-news-stories-to-follow-today/article68055291.ece,Here are the latest updates and the big news stories to follow today,REJECTED_ENTITY_MATCHER,False,,NOT_RELEVANT,Generic match without direct Bharti Airtel relevance
20240411184500-T2320,20240411184500,prahaar.in,https://prahaar.in/this-is-airtels-amazing-plan-of-rs-155/,Airtelचा १५५ रूपयांचा हा आहे धमाकेदार प्लान,REJECTED_ENTITY_MATCHER,False,,NOT_RELEVANT,Generic match without direct Bharti Airtel relevance
20240411193000-508,20240411193000,modernghana.com,https://www.modernghana.com/news/1305110/ghana-is-fertile-destination-for-tech-companies.html,Ghana is fertile destination for tech companies in the world,REJECTED_ENTITY_MATCHER,False,,NOT_RELEVANT,Generic match without direct Bharti Airtel relevance
20240411194500-T2527,20240411194500,moneycontrol.com,https://hindi.moneycontrol.com/news/ipo/bharti-hexacom-ipo-what-is-latest-gmp-just-before-listing-opinion-of-experts-regarding-profit-1894081.html,"Bharti Hexacom IPO: दमदार हो सकती है भारती ग्रुप के इस शेयर की लिस्टिंग, 15% प्रीमियम पर लिस्ट होने का चांस",REJECTED_ENTITY_MATCHER,False,,DIRECTLY_RELEVANT,Bharti Hexacom IPO / landmark listing involving promoter Bharti Airtel
20240411211500-831,20240411211500,indianexpress.com,https://indianexpress.com/shorts/political-pulse/gandhis-stall-amethi-raebareli-voters-warn-times-change-9264309/,"As Gandhis stall on Amethi, Raebareli, voters warn",REJECTED_ENTITY_MATCHER,False,,NOT_RELEVANT,Generic match without direct Bharti Airtel relevance
20240412013000-242,20240412013000,freepressjournal.in,https://www.freepressjournal.in/analysis/analysis-why-financial-discipline-is-important-for-banks,Analysis: Why Financial Discipline Is Important For Banks,REJECTED_ENTITY_MATCHER,False,,NOT_RELEVANT,Generic match without direct Bharti Airtel relevance
20240412013000-T420,20240412013000,indiatimes.com,https://navbharattimes.indiatimes.com/business/share-market/share-news/stock-market-prediction-today-these-shares-including-archean-chemical-and-hpcl-showing-bullishness-will-you-bet/articleshow/109226134.cms,"Stock Market Prediction Today these shares including Archean Chemical and HPCL showing bullishness will you bet: आज Archean Chemical और HPCL समेत ये शेयर कराएंगे कमाई, दिख रही तेजी",REJECTED_ENTITY_MATCHER,False,,NOT_RELEVANT,Generic match without direct Bharti Airtel relevance
20240412014500-T606,20240412014500,amarujala.com,https://www.amarujala.com/business/business-diary/after-lok-sabha-elections-talking-on-mobile-will-become-expensive-by-17-percent-2024-04-12,"After Lok Sabha Elections, Talking On Mobile Will Become Expensive By 17 Percent - Amar Ujala Hindi News Live - Telecom:आम चुनाव के बाद 17 फीसदी तक महंगा हो जाएगा मोबाइल पर बात करना, इस कंपनी को होगा सबसे ज्यादा फायदा",REJECTED_ENTITY_MATCHER,False,,NOT_RELEVANT,Generic match without direct Bharti Airtel relevance
20240412021500-1071,20240412021500,indianewengland.com,https://indianewengland.com/will-musk-announce-affordable-starlink-internet-service-during-india-visit/,Will Musk announce affordable Starlink internet service during India visit?,REJECTED_ENTITY_MATCHER,False,,NOT_RELEVANT,Generic match without direct Bharti Airtel relevance
20240412024500-710,20240412024500,moneycontrol.com,https://www.moneycontrol.com/news/business/ipo/bharti-hexacomm-comes-under-jm-financial-coverage-with-buy-rating-target-at-rs-790-12624491.html,"Bharti Hexacomm comes under JM Financial coverage with 'buy' rating, target at Rs 790",REJECTED_ENTITY_MATCHER,False,,NOT_RELEVANT,Generic match without direct Bharti Airtel relevance
20240412024500-83,20240412024500,insidermonkey.com,https://www.insidermonkey.com/blog/20-countries-with-the-most-domestically-listed-companies-in-the-world-1286776/,20 Countries with the Most Domestically Listed Companies in the World,REJECTED_ENTITY_MATCHER,False,,NOT_RELEVANT,Generic match without direct Bharti Airtel relevance
20240412030000-360,20240412030000,bnnbloomberg.ca,https://www.bnnbloomberg.ca/bharti-hexacom-set-to-debut-after-india-s-biggest-ipo-in-a-year-1.2058213,Bharti Hexacom Set to Debut After India's Biggest IPO in a Year,REJECTED_ENTITY_MATCHER,False,,DIRECTLY_RELEVANT,Bharti Hexacom IPO / landmark listing involving promoter Bharti Airtel
20240412030000-522,20240412030000,siasat.com,https://www.siasat.com/will-musk-announce-affordable-starlink-internet-service-during-india-visit-3007378/,Will Musk announce affordable Starlink internet service during India visit?,REJECTED_ENTITY_MATCHER,False,,NOT_RELEVANT,Generic match without direct Bharti Airtel relevance
20240412031500-787,20240412031500,indiatimes.com,https://timesofindia.indiatimes.com/business/india-business/bharti-hexacom-set-to-debut-after-indias-biggest-ipo-in-a-year/articleshow/109231285.cms,Bharti Hexacom set to debut after India's biggest IPO in a year,REJECTED_ENTITY_MATCHER,False,,DIRECTLY_RELEVANT,Bharti Hexacom IPO / landmark listing involving promoter Bharti Airtel
20240412031500-T1116,20240412031500,gujaratsamachar.com,https://www.gujaratsamachar.com/news/madhya-gujarat/of-sending-sim-cards-from-karamsad-to-dubai-for-speculation-exposed,"ગુજરાત પોલીસને મળી સફળતા, સટ્ટા માટે કરમસદથી દુબઇ સીમકાર્ડ મોકલવાનાં કૌભાંડનો પર્દાફાશ",REJECTED_ENTITY_MATCHER,False,,NOT_RELEVANT,Generic match without direct Bharti Airtel relevance
20240412033000-820,20240412033000,yahoo.com,https://finance.yahoo.com/news/20-countries-most-domestically-listed-020200362.html,20 Countries with the Most Domestically Listed Companies in the World,REJECTED_ENTITY_MATCHER,False,,NOT_RELEVANT,Generic match without direct Bharti Airtel relevance
20240412040000-1075,20240412040000,timesnownews.com,https://www.timesnownews.com/business-economy/markets/bharti-hexacom-ipo-listing-indias-biggest-offering-in-a-year-set-to-make-market-debut-today-check-details-article-109231925,Bharti Hexacom Ipo Listing: Bharti Hexacom IPO Listing: India's Biggest Offering in a Year Set to Make Market Debut Today - Check Details | Markets News,REJECTED_ENTITY_MATCHER,False,,DIRECTLY_RELEVANT,Bharti Hexacom IPO / landmark listing involving promoter Bharti Airtel
20240412041500-661,20240412041500,freepressjournal.in,https://www.freepressjournal.in/business/sun-pharma-slumps-over-2-early-in-the-day-as-markets-start-in-red,Sun Pharma Slumps Over 2% Early In The Day As Markets Start In Red,REJECTED_ENTITY_MATCHER,False,,NOT_RELEVANT,Generic match without direct Bharti Airtel relevance
20240412043000-533,20240412043000,indiatimes.com,https://timesofindia.indiatimes.com/technology/tech-news/airtel-backed-company-reliance-jio-is-unnecessarily-trying-to-confuse-matters-by-/articleshow/109230756.cms,Airtel-backed company: Reliance Jio is unnecessarily trying to confuse matters by ...,REJECTED_ENTITY_MATCHER,False,,NOT_RELEVANT,Generic match without direct Bharti Airtel relevance
20240412043000-320,20240412043000,thehindubusinessline.com,https://www.thehindubusinessline.com/markets/ipo-screener-bharti-hexacom-listing-today/article68054758.ece,IPO screener: Bharti Hexacom listing today - The Hindu BusinessLine,REJECTED_ENTITY_MATCHER,False,,DIRECTLY_RELEVANT,Bharti Hexacom IPO / landmark listing involving promoter Bharti Airtel
20240412043000-T1820,20240412043000,bhaskar.com,https://www.bhaskar.com/business/news/stock-market-bse-sensex-nse-nifty-updates-bharti-hexacom-ipo-share-list-132863383.html,"Stock Market BSE Sensex NSE Nifty Updates Bharti Hexacom IPO Share List | भारती हेक्साकॉम के शेयर की लिस्टिंग आज: सेंसेक्स में 150 अंक की गिरावट, निफ्टी भी 50 अंक लुढ़का",REJECTED_ENTITY_MATCHER,False,,DIRECTLY_RELEVANT,Bharti Hexacom IPO / landmark listing involving promoter Bharti Airtel
20240412043000-T1836,20240412043000,prabhatkhabar.com,https://www.prabhatkhabar.com/business/bharti-hexacom-ipo-listing-today-update-share-price-on-bse-nse-mdn,Bharti Hexacom IPO Listing के साथ ही करेगा जेब गर्म,REJECTED_ENTITY_MATCHER,False,,DIRECTLY_RELEVANT,Bharti Hexacom IPO / landmark listing involving promoter Bharti Airtel
20240412043000-T1788,20240412043000,tarunmitra.in,https://www.tarunmitra.in/article/34860/telecom-companies-can-increase-tariffs-by-up-to-17-percent,दूरसंचार कंपनियां टैरिफ में 17 फीसदी तक कर सकती बढ़ोतरी,REJECTED_ENTITY_MATCHER,False,,NOT_RELEVANT,Generic match without direct Bharti Airtel relevance
20240412044500-989,20240412044500,moneycontrol.com,https://www.moneycontrol.com/news/business/ipo/bharti-hexacom-makes-solid-market-debut-lists-at-32-premium-over-ipo-price-12620921.html,"Bharti Hexacom makes solid market debut, lists at 32% premium over IPO price",REJECTED_ENTITY_MATCHER,False,,DIRECTLY_RELEVANT,Bharti Hexacom IPO / landmark listing involving promoter Bharti Airtel
20240412050000-557,20240412050000,indiatimes.com,https://economictimes.indiatimes.com/markets/stocks/news/bharti-hexacom-shares-list-at-32-premium-over-issue-price/articleshow/109234071.cms,Bharti Hexacom share price: Bharti Hexacom shares list at 32% premium over issue price,REJECTED_ENTITY_MATCHER,False,,NOT_RELEVANT,Standalone Bharti Hexacom operational news
20240412050000-893,20240412050000,indiatimes.com,https://economictimes.indiatimes.com/markets/ipos/fpos/voda-idea-fpo-to-open-april-18-close-april-22-prices-it-at-rs10-11/articleshow/109234434.cms,"voda idea fpo: Voda Idea FPO to open April 18, close April 22, prices it at Rs10-11",REJECTED_ENTITY_MATCHER,False,,NOT_RELEVANT,Generic match without direct Bharti Airtel relevance
20240412050000-T1184,20240412050000,livehindustan.com,https://www.livehindustan.com/gadgets/recharge-plans-by-airtel-jio-and-vodafone-idea-to-get-expensive-after-tarrif-hike-soon-users-may-have-to-pay-for-5g-too-201712895397927.html,"Recharge plans by airtel jio and vodafone idea to get expensive after tarrif hike soon users may have to pay for 5G too महंगे होने वाले हैं रीचार्ज प्लान, अब 5G के लिए भी लगेंगे पैसे; इतनी बढ़ सकती है कीमत",REJECTED_ENTITY_MATCHER,False,,NOT_RELEVANT,Formulaic consumer recharge plan / OTT bundle comparison table
20240412051500-T15,20240412051500,palpalindia.com,https://www.palpalindia.com/2024/04/12/General-elections-will-become-expensive-by-17-percent-mobile-talking-news-in-hindi.html,आम चुनाव के बाद 17 फीसदी तक महंगा हो जाएगा मोबाइल पर बात करना news in hindi,REJECTED_ENTITY_MATCHER,False,,NOT_RELEVANT,Generic match without direct Bharti Airtel relevance
20240412051500-716,20240412051500,indiatimes.com,https://telecom.economictimes.indiatimes.com/news/industry/vodafone-idea-fpo-to-open-april-18-close-april-22/109233165,"Vodafone Idea FPO: Voda Idea FPO to open April 18, close April 22, prices it at Rs10-11, ET Telecom",REJECTED_ENTITY_MATCHER,False,,NOT_RELEVANT,Generic match without direct Bharti Airtel relevance
20240412051500-418,20240412051500,news18.com,https://www.news18.com/business/stock-market-updates-sensex-falls-250-points-nifty-below-22700-private-bank-stocks-drag-8848627.html,"Stock Market Updates: Sensex Falls 250 Points, Nifty Below 22,700; Private Bank Stocks Drag",REJECTED_ENTITY_MATCHER,False,,NOT_RELEVANT,Generic match without direct Bharti Airtel relevance
20240412053000-T1575,20240412053000,indiatimes.com,https://navbharattimes.indiatimes.com/business/share-market/share-news/bharti-hexacom-share-listed-today-in-bse-listed-more-than-32-percent-premium/articleshow/109234590.cms,"सेंसेक्स में 400 अंकों से ज्यादा की गिरावट, तब भी भारती हेक्साकॉम के शेयर 185 रुपये चढ़ कर हुए लिस्ट - bharti hexacom share listed today in bse listed more than 32 percent premium",REJECTED_ENTITY_MATCHER,False,,NOT_RELEVANT,Standalone Bharti Hexacom operational news
20240412053000-T1574,20240412053000,moneycontrol.com,https://hindi.moneycontrol.com/news/markets/brokerage-house-antique-broking-give-a-buy-call-on-bharti-airtel-with-with-target-price-1894171.html,"Airtel के कारोबार में ग्रोथ की उम्मीद, शेयर में दिख सकती है 20% से ज्यादा की तेजी, ये ब्रोकरेज है बुलिश",REJECTED_ENTITY_MATCHER,False,,NOT_RELEVANT,Generic match without direct Bharti Airtel relevance
20240412053000-T1602,20240412053000,moneycontrol.com,https://hindi.moneycontrol.com/news/markets/bharti-airtel-company-bharti-hexacom-ipo-listing-shares-debut-at-32-percent-premium-bharti-hexacom-share-price-jumps-further-1894170.html,"Bharti Hexacom IPO Listing: ढहते मार्केट में 32% प्रीमियम पर शेयर लिस्ट, कंपनी की ऐसी है कारोबारी सेहत",REJECTED_ENTITY_MATCHER,False,,DIRECTLY_RELEVANT,Bharti Hexacom IPO / landmark listing involving promoter Bharti Airtel
20240412053000-443,20240412053000,marketscreener.com,https://www.marketscreener.com/quote/stock/JSW-INFRASTRUCTURE-LIMITE-159906969/news/India-s-Bharti-Hexacom-jump-32-5-in-debut-trade-at-4-53-billion-valuation-46418989/,India's Bharti Hexacom jump 32.5% in debut trade at $4.53 billion valuation,REJECTED_ENTITY_MATCHER,False,,DIRECTLY_RELEVANT,Bharti Hexacom IPO / landmark listing involving promoter Bharti Airtel
20240412054500-702,20240412054500,india.com,https://zeenews.india.com/markets/bharti-hexacom-ipo-listing-today-check-details-2739575.html,Bharti Hexacom IPO Listing Today: Check Details,REJECTED_ENTITY_MATCHER,False,,DIRECTLY_RELEVANT,Bharti Hexacom IPO / landmark listing involving promoter Bharti Airtel
20240412054500-T1480,20240412054500,vtvgujarati.com,https://www.vtvgujarati.com/news-details/400-points-crash-in-the-stock-market-on-the-second-day-of-eid,"ઈદના બીજા દિવસે શેર માર્કેટમાં કોહરામ, 400 અંકનો કડાકો, આ શેરો પડ્યા સુસ્ત | 400 points crash in the stock market on the second day of Eid",REJECTED_ENTITY_MATCHER,False,,NOT_RELEVANT,Generic match without direct Bharti Airtel relevance
20240412060000-1119,20240412060000,indiatimes.com,https://timesofindia.indiatimes.com/business/india-business/bharti-hexacom-share-price-today-stock-lists-at-32-premium-over-ipo-issue-price/articleshow/109235001.cms,Bharti Hexacom share price today: Stock lists at 32% premium over IPO issue price,REJECTED_ENTITY_MATCHER,False,,DIRECTLY_RELEVANT,Bharti Hexacom IPO / landmark listing involving promoter Bharti Airtel
20240412061500-255,20240412061500,businesstoday.in,https://www.businesstoday.in/markets/company-stock/story/bharti-hexacom-jm-initiates-coverage-ahead-of-stock-listing-sees-39-upside-425198-2024-04-12,"Bharti Hexacom: JM initiates coverage ahead of stock listing, sees 39% upside",REJECTED_ENTITY_MATCHER,False,,DIRECTLY_RELEVANT,Bharti Hexacom IPO / landmark listing involving promoter Bharti Airtel
20240412061500-717,20240412061500,indiatimes.com,https://economictimes.indiatimes.com/markets/stocks/news/jm-financial-initiates-coverage-on-newly-listed-bharti-hexacom-signals-38-upside/articleshow/109236205.cms,"bharti hexacom share price: JM Financial initiates coverage on newly-listed Bharti Hexacom, signals 38% upside",REJECTED_ENTITY_MATCHER,False,,NOT_RELEVANT,Standalone Bharti Hexacom operational news
20240412061500-140,20240412061500,indiatimes.com,https://economictimes.indiatimes.com/markets/stocks/news/hot-stocks-brokerages-on-entero-creditaccess-bharti-hexacom-interglobe-and-pvr/articleshow/109236024.cms,"stock recommendations: Hot Stocks: Brokerages on Entero, CreditAccess, Bharti Hexacom, Interglobe and PVR",REJECTED_ENTITY_MATCHER,False,,NOT_RELEVANT,Standalone Bharti Hexacom operational news
20240412063000-1160,20240412063000,thehindubusinessline.com,https://www.thehindubusinessline.com/markets/stock-markets/vodafone-idea-to-launch-rs-18000-crore-share-sale/article68056835.ece,"Vodafone Idea to launch Rs 18,000-crore share sale - The Hindu BusinessLine",REJECTED_ENTITY_MATCHER,False,,NOT_RELEVANT,Generic match without direct Bharti Airtel relevance
20240412063000-T257,20240412063000,khaskhabar.com,https://www.khaskhabar.com/local/delhi-ncr/delhi-news/news-will-musk-announce-affordable-starlink-internet-service-during-india-visit-news-hindi-1-631261-KKN.html,"Will Musk announce affordable Starlink internet service during India visit?, Delhi News in Hindi",REJECTED_ENTITY_MATCHER,False,,NOT_RELEVANT,Generic match without direct Bharti Airtel relevance
20240412064500-581,20240412064500,newsghana.com.gh,https://newsghana.com.gh/ghana-a-fertile-destination-for-tech-giants/,Ghana: A Fertile Destination For Tech Giants,REJECTED_ENTITY_MATCHER,False,,NOT_RELEVANT,Generic match without direct Bharti Airtel relevance
20240412070000-T658,20240412070000,prabhatkhabar.com,https://www.prabhatkhabar.com/technology/telecom-tariff-hike-expected-after-loksabha-election-2024-say-reports-rjv,Telecom Tariff Hike: चुनाव बाद महंगा हो जाएगा मोबाइल रीचार्ज,REJECTED_ENTITY_MATCHER,False,,NOT_RELEVANT,Generic match without direct Bharti Airtel relevance
20240412070000-T719,20240412070000,punjabkesari.in,https://www.punjabkesari.in/business/news/bse-fell-by-150-points-nifty-also-fell-by-50-points-1966013,"सेंसेक्स में 150 अंक की गिरावट, निफ्टी भी 50 अंक लुढ़का - bse fell by 150 points nifty also fell by 50 points",REJECTED_ENTITY_MATCHER,False,,NOT_RELEVANT,Generic match without direct Bharti Airtel relevance
20240412071500-98,20240412071500,trak.in,https://trak.in/stories/get-ready-to-pay-upto-17-more-for-5g-data-voice-calls-after-elections/,"Get Ready To Pay Upto 17% More For 5G Data, Voice Calls After Elections - Trak.in - Indian Business of Tech, Mobile & Startups",REJECTED_ENTITY_MATCHER,False,,NOT_RELEVANT,Generic match without direct Bharti Airtel relevance
20240412073000-T494,20240412073000,bhaskar.com,https://www.bhaskar.com/business/news/jio-airtel-recharge-plans-price-hike-update-132863670.html,"Jio Airtel Recharge Plans Price Hike Update | Mobile Recharge Tariff | 17% तक महंगा हो सकता है मोबाइल रिचार्ज: 5G सर्विस के लिए भी लगेगा 5-10% ज्यादा चार्ज, जून-जुलाई से टैरिफ बढ़ा सकती हैं टेलीकॉम कंपनियां",REJECTED_ENTITY_MATCHER,False,,NOT_RELEVANT,Formulaic consumer recharge plan / OTT bundle comparison table
20240412073000-T499,20240412073000,bhaskar.com,https://www.bhaskar.com/business/news/vodafone-idea-fpo-price-band-2024-gmp-allotment-listing-dates-details-132863652.html,"Vodafone Idea FPO Price Band 2024; GMP Allotment Listing Dates Details | वोडाफोन आइडिया का FPO 18 अप्रैल को ओपन होगा: 22 अप्रैल तक बोली लगा सकेंगे निवेशक, मिनिमम इन्वेस्टमेंट ₹14,278",REJECTED_ENTITY_MATCHER,False,,NOT_RELEVANT,Generic match without direct Bharti Airtel relevance
20240412073000-T496,20240412073000,indiatimes.com,https://navbharattimes.indiatimes.com/tech/gadgets-news/lok-sabha-election-2024-may-affect-mobile-recharge-hike-report-reveal-jio-vodafone-idea-airtel/articleshow/109237862.cms,"Mobile Recharge Price Hike News: लोकसभा चुनाव का पड़ेगा मोबाइल रिचार्ज पर असर, हो सकते हैं महंगे, सामने आई रिपोर्ट",REJECTED_ENTITY_MATCHER,False,,NOT_RELEVANT,Generic match without direct Bharti Airtel relevance
20240412074500-754,20240412074500,indiatimes.com,https://economictimes.indiatimes.com/markets/stocks/news/bharti-hexacom-shares-jump-12-post-listing-should-you-buy-sell-or-hold/articleshow/109238995.cms,"Bharti Hexacom shares jump 12% post listing. Should you buy, sell or hold?",REJECTED_ENTITY_MATCHER,False,,DIRECTLY_RELEVANT,Bharti Hexacom IPO / landmark listing involving promoter Bharti Airtel
20240412080000-83,20240412080000,news18.com,https://www.news18.com/business/bharti-hexacom-shares-list-at-32-46-premium-should-you-buy-sell-or-hold-8848632.html,"Bharti Hexacom Shares List At 32.46% Premium; Should You Buy, Sell or Hold?",REJECTED_ENTITY_MATCHER,False,,NOT_RELEVANT,Standalone Bharti Hexacom operational news
20240412081500-97,20240412081500,withinnigeria.com,https://www.withinnigeria.com/piece/2024/04/12/12-cheapest-businesses-to-start-in-nigeria-capital-2024/,12 Cheapest Businesses to Start in Nigeria & Capital (2024),REJECTED_ENTITY_MATCHER,False,,NOT_RELEVANT,Generic match without direct Bharti Airtel relevance
20240412083000-87,20240412083000,indiatimes.com,https://economictimes.indiatimes.com/markets/commodities/news/with-13-returns-in-2024-so-far-gold-bulls-leave-sensex-behind-by-miles/articleshow/109240457.cms,"With 13% returns in 2024 so far, gold bulls leave Sensex behind by miles",REJECTED_ENTITY_MATCHER,False,,NOT_RELEVANT,Generic match without direct Bharti Airtel relevance
20240412084500-1148,20240412084500,vccircle.com,https://www.vccircle.com/bhartihexacom-jumps-32-5-in-trading-debut-at-4-53-bn-valuation,Bharti Hexacom jumps 32.5% in trading debut at $4.53 bn valuation,REJECTED_ENTITY_MATCHER,False,,DIRECTLY_RELEVANT,Bharti Hexacom IPO / landmark listing involving promoter Bharti Airtel
20240412084500-602,20240412084500,vccircle.com,https://www.vccircle.com/vodafoneidea-to-raise-2-16-bn-via-india-s-biggest-follow-on-stock-offering,Vodafone Idea to raise $2.16 bn via India's biggest follow-on stock offering,REJECTED_ENTITY_MATCHER,False,,NOT_RELEVANT,Generic match without direct Bharti Airtel relevance
20240412090000-T475,20240412090000,ndtv.com,https://marathi.ndtv.com/india/mobile-service-prices-to-hike-after-elections-know-the-reason-5424005,"पेट्रोल, गॅस नंतर आता फोन सेवा ही महागणार? वाचा कारण काय?",REJECTED_ENTITY_MATCHER,False,,NOT_RELEVANT,Generic match without direct Bharti Airtel relevance
20240412090000-T463,20240412090000,bhaskar.com,https://divyamarathi.bhaskar.com/business/news/jio-airtel-recharge-plans-price-hike-update-mobile-recharge-tariff-plan-132863707.html,"Jio Airtel Recharge Plans Price Hike Update Mobile Recharge Tariff Plan | 17% पर्यंत महाग होऊ शकते मोबाईल रिचार्ज: 5G सेवेसाठी 5-10% अधिक शुल्क आकारले जातील, टेलिकॉम कंपन्या जून-जुलैपासून दर वाढवू शकतात",REJECTED_ENTITY_MATCHER,False,,NOT_RELEVANT,Formulaic consumer recharge plan / OTT bundle comparison table
20240412091500-855,20240412091500,dailypioneer.com,https://www.dailypioneer.com/2024/business/bharti-hexacom-shares-make-remarkable-debut--zoom-over-32-pc.html,Bharti Hexacom shares make remarkable debut; zoom over 32 pc,REJECTED_ENTITY_MATCHER,False,,DIRECTLY_RELEVANT,Bharti Hexacom IPO / landmark listing involving promoter Bharti Airtel
20240412091500-303,20240412091500,wn.com,https://article.wn.com/view/2024/04/12/Bharti_Hexacom_listing_Bharti_Hexacom_shares_debut_at_32_pre/,Bharti Hexacom listing: Bharti Hexacom shares debut at 32% premium over IPO price,REJECTED_ENTITY_MATCHER,False,,DIRECTLY_RELEVANT,Bharti Hexacom IPO / landmark listing involving promoter Bharti Airtel
20240412091500-T468,20240412091500,lokmat.com,https://www.lokmat.com/tech/the-plan-of-telecom-companies-in-the-lok-sabha-election-itself-recharge-likely-to-increase-15-17-percent-a-a607/,लोकसभा निवडणुकीतच टेलिकॉम कंपन्यांचा प्लॅन? रिचार्ज १५-१७ टक्क्यांनी महागण्याची शक्यता,REJECTED_ENTITY_MATCHER,False,,NOT_RELEVANT,Generic match without direct Bharti Airtel relevance
20240412093000-41,20240412093000,indiatimes.com,https://telecom.economictimes.indiatimes.com/news/industry/indias-bharti-hexacom-jumps-54-in-debut-trade-at-over-5-billion-valuation/109240368,"India's Bharti Hexacom jumps 54% in debut trade at over $5 billion valuation, ET Telecom",REJECTED_ENTITY_MATCHER,False,,DIRECTLY_RELEVANT,Bharti Hexacom IPO / landmark listing involving promoter Bharti Airtel
20240412094500-350,20240412094500,telegraphindia.com,https://www.telegraphindia.com/feeds/business/vodafone-idea-announces-rs-18000-crore-follow-on-public-offer-offer-opens-on-april-18/cid/2012864,"Vodafone Idea Limited (VIL) | Vodafone Idea announces Rs 18,000-crore follow-on public offer; offer opens on April 18",REJECTED_ENTITY_MATCHER,False,,NOT_RELEVANT,Generic match without direct Bharti Airtel relevance
20240412094500-1058,20240412094500,telegraphindia.com,https://www.telegraphindia.com/business/vodafone-idea-announces-rs-18000-crore-follow-on-public-offer-offer-opens-on-april-18/cid/2012864,"Vodafone Idea Limited (VIL) | Vodafone Idea announces Rs 18,000-crore follow-on public offer; offer opens on April 18",REJECTED_ENTITY_MATCHER,False,,NOT_RELEVANT,Generic match without direct Bharti Airtel relevance
20240412094500-515,20240412094500,freepressjournal.in,https://www.freepressjournal.in/business/fpo-time-vodafone-idea-announces-18000-crore-offer-opens-on-april-18,"FPO Time: Vodafone Idea Announces ₹18,000 Crore Offer; Opens On April 18",REJECTED_ENTITY_MATCHER,False,,NOT_RELEVANT,Generic match without direct Bharti Airtel relevance
20240412100000-90,20240412100000,marketscreener.com,https://www.marketscreener.com/quote/stock/VODAFONE-GROUP-PLC-15867071/news/GQG-SBI-funds-eye-investments-in-Vodafone-Idea-2-16-bln-share-sale-sources-say-46422045/,"GQG, SBI funds eye investments in Vodafone Idea $2.16 bln share sale, sources say",REJECTED_ENTITY_MATCHER,False,,NOT_RELEVANT,Generic match without direct Bharti Airtel relevance
20240412100000-611,20240412100000,techcabal.com,https://techcabal.com/2024/04/12/techcabal-daily-airtel-africa-is-buying-back-its-shares/,👨🏿‍🚀TechCabal Daily - Airtel Africa is buying back its shares,REJECTED_ENTITY_MATCHER,False,,NOT_RELEVANT,Standalone Airtel Africa operational / regional news
20240412100000-1077,20240412100000,indiatimes.com,https://economictimes.indiatimes.com/markets/stocks/news/gqg-sbi-funds-eye-investments-in-voda-ideas-rs-18000-crore-share-sale-report/articleshow/109243877.cms,"Vodafone Idea OFS: GQG, SBI Mutual Fund eye investments in Vodafone Idea's Rs 18,000 crore FPO: Report",REJECTED_ENTITY_MATCHER,False,,NOT_RELEVANT,Generic match without direct Bharti Airtel relevance
20240412100000-59,20240412100000,yahoo.com,https://finance.yahoo.com/news/gqg-sbi-funds-eye-investments-093442250.html,"GQG, SBI funds eye investments in Vodafone Idea $2.16 billion share sale, sources say",REJECTED_ENTITY_MATCHER,False,,NOT_RELEVANT,Generic match without direct Bharti Airtel relevance
20240412101500-354,20240412101500,moneycontrol.com,https://www.moneycontrol.com/news/business/markets/gqg-sbi-mf-eye-up-to-rs-6500-cr-investments-in-vodafone-ideas-rs-18000-cr-fpo-report-12627941.html,"GQG, SBI MF eye up to Rs 6,500-cr investments in Vodafone Idea's Rs 18,000-cr FPO: Report",REJECTED_ENTITY_MATCHER,False,,NOT_RELEVANT,Generic match without direct Bharti Airtel relevance
20240412101500-496,20240412101500,dealstreetasia.com,https://www.dealstreetasia.com/stories/indias-bharti-hexacom-surges-54-in-stock-market-debut-at-over-5b-valuation-391784,India's Bharti Hexacom surges 54% in stock market debut at over $5b valuation,REJECTED_ENTITY_MATCHER,False,,DIRECTLY_RELEVANT,Bharti Hexacom IPO / landmark listing involving promoter Bharti Airtel
20240412101500-1212,20240412101500,dealstreetasia.com,https://www.dealstreetasia.com/stories/vodafone-idea-to-launch-2-16b-share-sale-in-indias-biggest-fpo-391773,"India: GQG, SBI looking to invest in Vodafone Idea's $2.16b share sale",REJECTED_ENTITY_MATCHER,False,,NOT_RELEVANT,Generic match without direct Bharti Airtel relevance
20240412103000-338,20240412103000,businesstoday.in,https://www.businesstoday.in/technology/news/story/starlink-for-india-elon-musk-may-unveil-satellite-plan-during-his-india-visit-425262-2024-04-12,Why Jio and Airtel would be closely tracking Elon Musk's visit to India this month,REJECTED_ENTITY_MATCHER,False,,NOT_RELEVANT,Generic match without direct Bharti Airtel relevance
20240412103000-1201,20240412103000,india.com,https://zeenews.india.com/markets/bharti-hexacom-ltd-shares-make-solid-debut-with-a-32-premium-over-issue-price-2739683.html,Bharti Hexacom Ltd Shares Make Solid Debut With A 32% Premium Over Issue Price,REJECTED_ENTITY_MATCHER,False,,DIRECTLY_RELEVANT,Bharti Hexacom IPO / landmark listing involving promoter Bharti Airtel
20240412104500-T1591,20240412104500,indiatimes.com,https://marathi.indiatimes.com/business/share-bazaar/bharti-hexacom-makes-solid-market-debut-shares-listed-at-premium-over-ipo-price/articleshow/109238238.cms,"Bharti Hexacom Listing | घसरत्या बाजारात दिग्गज टेलिकॉम आयपीओची दमदार एंट्री, पहिल्या दिवशी गुंतवणूकदारांची कमाईच कमाई | Bharti Hexacom Shares Made Debut at 32% Premium over IPO Price",REJECTED_ENTITY_MATCHER,False,,DIRECTLY_RELEVANT,Bharti Hexacom IPO / landmark listing involving promoter Bharti Airtel
20240412111500-1037,20240412111500,technext24.com,https://technext24.com/2024/04/12/starlink-ordered-to-shutdown-in-zimbabwe/,Starlink ordered to shutdown its services in Zimbabwe,REJECTED_ENTITY_MATCHER,False,,NOT_RELEVANT,Generic match without direct Bharti Airtel relevance
20240412120000-994,20240412120000,streetinsider.com,"https://www.streetinsider.com/Reuters/GQG,+SBI+funds+eye+investments+in+Vodafone+Idea+$2.16+billion+share+sale,+sources+say/23058928.html","GQG, SBI funds eye investments in Vodafone Idea $2.16 billion share sale, sources say",REJECTED_ENTITY_MATCHER,False,,NOT_RELEVANT,Generic match without direct Bharti Airtel relevance
20240412120000-1989,20240412120000,rashtranews.com,https://www.rashtranews.com/telecom-stocks-weaken-on-higher-base-price-for-3g-spectrum/,Telecom stocks weaken on higher base price for 3G spectrum,REJECTED_ENTITY_MATCHER,False,,NOT_RELEVANT,Generic match without direct Bharti Airtel relevance
20240412120000-1112,20240412120000,usnews.com,https://money.usnews.com/investing/news/articles/2024-04-12/gqg-sbi-funds-eye-investments-in-vodafone-idea-2-16-billion-share-sale-sources-say,"GQG, SBI Funds Eye Investments in Vodafone Idea $2.16 Billion Share Sale, Sources Say",REJECTED_ENTITY_MATCHER,False,,NOT_RELEVANT,Generic match without direct Bharti Airtel relevance
20240412120000-T1723,20240412120000,afriqueitnews.com,https://afriqueitnews.com/finance/airtel-africa-poursuit-programme-rachat-actions-100-millions-dollars/,Airtel Africa poursuit son programme de rachat d'actions pour 100 millions de dollars,REJECTED_ENTITY_MATCHER,False,,NOT_RELEVANT,Standalone Airtel Africa operational / regional news
20240412121500-881,20240412121500,medianama.com,https://www.medianama.com/2024/04/223-us-implements-broadband-nutrition-labels-should-india-do-the-same/,"US enforces broadband nutrition labels, should India do the same?",REJECTED_ENTITY_MATCHER,False,,NOT_RELEVANT,Generic match without direct Bharti Airtel relevance
20240412123000-57,20240412123000,yourstory.com,https://social.yourstory.com:443/2020/04/airtel-apollo-team-up-support-covid19,"Airtel, Apollo Hospitals Group team up to support India's battle against COVID-19 pandemic",REJECTED_ENTITY_MATCHER,False,,NOT_RELEVANT,Generic match without direct Bharti Airtel relevance
20240412131500-1458,20240412131500,thehindubusinessline.com,https://www.thehindubusinessline.com/markets/stock-markets/bharti-hexacoms-shares-surge-nearly-43-on-debut/article68057757.ece,Bharti Hexacom shares surge nearly 43% on debut - The Hindu BusinessLine,REJECTED_ENTITY_MATCHER,False,,DIRECTLY_RELEVANT,Bharti Hexacom IPO / landmark listing involving promoter Bharti Airtel
20240412133000-1265,20240412133000,invezz.com,https://invezz.com/news/2024/04/12/these-blue-chip-stocks-are-dragging-the-ftse-100-index-in-2024/,These blue chip stocks are dragging the FTSE 100 index in 2024,REJECTED_ENTITY_MATCHER,False,,NOT_RELEVANT,Generic match without direct Bharti Airtel relevance
20240412141500-1815,20240412141500,indiatoday.in,https://www.indiatoday.in/business/story/vodafone-idea-fpo-gqg-sbi-funds-eye-investments-2526478-2024-04-12,"Vodafone FPO: GQG, SBI funds eye investments",REJECTED_ENTITY_MATCHER,False,,NOT_RELEVANT,Generic match without direct Bharti Airtel relevance
20240412150000-1403,20240412150000,indiainfoline.com,https://www.indiainfoline.com/news/companies/gqg-sbi-mf-may-invest-up-to-6500-crore-in-vodafone-ideas-fpo-says-report,"GQG, SBI MF may invest up to ₹6,500 Crore in Vodafone Idea's FPO, says Report",REJECTED_ENTITY_MATCHER,False,,NOT_RELEVANT,Generic match without direct Bharti Airtel relevance
20240412150000-1909,20240412150000,techcabal.com,https://techcabal.com/2024/04/12/cloud-service-provider-servercore-launches-affiliate-program-in-kenya/,Cloud Service Provider Servercore Launches Affiliate Program in Kenya,REJECTED_ENTITY_MATCHER,False,,NOT_RELEVANT,Generic match without direct Bharti Airtel relevance
20240412151500-T26,20240412151500,digit.in,https://www.digit.in/ta/news/telecom/vodafone-idea-25-percent-extra-data-at-rs-75-recharge-plan.html,Vodafone idea குறைந்த விலையில் கிடைக்கும் Extra 25% Data,REJECTED_ENTITY_MATCHER,False,,NOT_RELEVANT,Generic match without direct Bharti Airtel relevance
20240412151500-T2087,20240412151500,digit.in,https://www.digit.in/bn/news/telecom/vodafone-idea-rs-19-new-prepaid-plan-launched-check-benefits.html,"Vodafone Idea New Plan: মাত্র 19 টাকার সস্তা প্ল্যান নিয়ে এল ভোডাফোন, Jio-Airtel এর মাথায় হাত!",REJECTED_ENTITY_MATCHER,False,,NOT_RELEVANT,Generic match without direct Bharti Airtel relevance
20240412153000-2056,20240412153000,indiatimes.com,https://economictimes.indiatimes.com/news/india/beyond-tesla-what-is-elon-musks-next-big-india-ambition/articleshow/109252737.cms,"Beyond Tesla, what is Elon Musk's next big India ambition?",REJECTED_ENTITY_MATCHER,False,,NOT_RELEVANT,Generic match without direct Bharti Airtel relevance
20240412154500-54,20240412154500,thehindubusinessline.com,https://www.thehindubusinessline.com/data-stories/data-focus/indias-wired-broadband-subscribers-jump-20-to-394-million/article68057927.ece,India's wired broadband subscribers jump 20% to 39.4 million,REJECTED_ENTITY_MATCHER,False,,NOT_RELEVANT,Generic match without direct Bharti Airtel relevance
20240412161500-488,20240412161500,latestly.com,https://www.latestly.com/agency-news/latest-news-vodafone-idea-shares-tank-nearly-6-pc-intra-day-bounce-back-to-settle-flat-5889571.html,Latest News | Vodafone Idea Shares Tank Nearly 6 Pc Intra-day; Bounce Back to Settle Flat,REJECTED_ENTITY_MATCHER,False,,NOT_RELEVANT,Generic match without direct Bharti Airtel relevance
20240412161500-168,20240412161500,livemint.com,https://www.livemint.com/industry/telecom/jio-airtel-likely-to-raise-prices-post-2024-lok-sabha-elections-everything-we-know-so-far-11712929763729.html,"Jio, Airtel likely to raise prices post 2024 Lok Sabha elections: Everything we know so far",REJECTED_ENTITY_MATCHER,False,,NOT_RELEVANT,Generic match without direct Bharti Airtel relevance
20240412181500-1569,20240412181500,financialexpress.com,https://www.financialexpress.com/business/industry-vodafone-idea-to-raise-rs-18000-crore-via-fpo-will-spend-rs-5700-crore-for-5g-launch-3455476/,"Vodafone Idea to raise Rs 18,000 crore via FPO Will spend Rs 5,700 crore for 5G launch",REJECTED_ENTITY_MATCHER,False,,NOT_RELEVANT,Generic match without direct Bharti Airtel relevance
20240412181500-868,20240412181500,financialexpress.com,https://www.financialexpress.com/market/vis-mega-fpo-likely-to-keep-stock-price-muted-3455493/,Vi's mega FPO likely to keep stock price muted - Market News,REJECTED_ENTITY_MATCHER,False,,NOT_RELEVANT,Generic match without direct Bharti Airtel relevance
20240412191500-1885,20240412191500,hindustantimes.com,https://www.hindustantimes.com/business/vodafone-idea-fpo-announced-rs-18000-crore-offer-coming-on-this-date-101712946830011.html,Vodafone Idea FPO announced: ₹18000 crore offer coming on this date,REJECTED_ENTITY_MATCHER,False,,NOT_RELEVANT,Generic match without direct Bharti Airtel relevance
20240412191500-1917,20240412191500,india.com,https://www.india.com/business/jio-and-airtel-may-raise-tariffs-after-lok-sabha-elections-details-inside-6855836/,"Jio And Airtel May Raise Tariffs After Lok Sabha Elections, Details Inside",REJECTED_ENTITY_MATCHER,False,,NOT_RELEVANT,Generic match without direct Bharti Airtel relevance
20240412194500-1053,20240412194500,faceofmalawi.com,https://www.faceofmalawi.com/2024/04/12/man-hospitalized-at-qech-after-being-burnt-while-vandalizing-escom-cables-in-limbe/,Man hospitalized at QECH after being burnt while vandalizing ESCOM cables in Limbe,REJECTED_ENTITY_MATCHER,False,,NOT_RELEVANT,Generic match without direct Bharti Airtel relevance
20240412214500-1402,20240412214500,indiablooms.com,https://www.indiablooms.com/finance-details/20237/gqg-partners-sbi-mutual-fund-invest-in-vodafone-idea-report.html,"GQG Partners, SBI Mutual Fund invest in Vodafone Idea: Report | Indiablooms - First Portal on Digital News Management",REJECTED_ENTITY_MATCHER,False,,NOT_RELEVANT,Generic match without direct Bharti Airtel relevance
20240413000000-200,20240413000000,indiatimes.com,https://timesofindia.indiatimes.com/business/india-business/beyond-tesla-elon-musk-pm-modi-to-take-up-starlink-too/articleshow/109258864.cms,"Beyond Tesla: Elon Musk, PM Modi to take up Starlink too",REJECTED_ENTITY_MATCHER,False,,NOT_RELEVANT,Generic match without direct Bharti Airtel relevance
20240413010000-989,20240413010000,indianexpress.com,https://indianexpress.com/article/business/companies/vi-to-raise-rs-18000-cr-via-indias-largest-ever-fpo-9267005/,"Vi to raise Rs 18,000 cr via India's largest ever FPO | Business News",REJECTED_ENTITY_MATCHER,False,,NOT_RELEVANT,Generic match without direct Bharti Airtel relevance
20240413011500-1199,20240413011500,indiatimes.com,https://timesofindia.indiatimes.com/business/india-business/vodafone-idea-to-raise-rs-18000-crore-via-follow-on-offer/articleshow/109259981.cms,"Vodafone Idea to raise Rs 18,000 crore via follow-on offer",REJECTED_ENTITY_MATCHER,False,,NOT_RELEVANT,Generic match without direct Bharti Airtel relevance
20240413044500-630,20240413044500,businesstoday.in,https://www.businesstoday.in/tech-today/news/story/elon-musk-in-india-dot-speeds-up-licence-application-process-for-starlink-next-step-is-indias-nod-425377-2024-04-13,"Elon Musk in India: DoT speeds up licence application process for Starlink, next step is India's nod",REJECTED_ENTITY_MATCHER,False,,NOT_RELEVANT,Generic match without direct Bharti Airtel relevance
20240413053000-T1681,20240413053000,indiatimes.com,https://navbharattimes.indiatimes.com/tech/gadgets-news/elon-musk-starlink-start-satellite-network-after-india-visit-work-without-sim/articleshow/109262693.cms,"Elon Musk Starlink Internet Provide: भारत में सैटेलाइट इंटरनेट लाएंगे एलन मस्क, सामने आया प्लान, बिना SIM होगी कॉलिंग",REJECTED_ENTITY_MATCHER,False,,NOT_RELEVANT,Generic match without direct Bharti Airtel relevance
20240413053000-261,20240413053000,indiatimes.com,https://auto.economictimes.indiatimes.com/news/industry/beyond-tesla-musk-pm-to-take-up-starlink-too/109261366,"Beyond Tesla: Musk, Pm To Take Up Starlink Too, Auto News, ET Auto",REJECTED_ENTITY_MATCHER,False,,NOT_RELEVANT,Generic match without direct Bharti Airtel relevance
20240413053000-493,20240413053000,hindustantimes.com,https://www.hindustantimes.com/business/centre-expedites-process-of-allocating-licence-to-elon-musks-starlink-ahead-of-his-india-visit-report-101712977900684.html,Centre expedites process of allocating licence to Elon Musk's Starlink ahead of his India visit: Report,REJECTED_ENTITY_MATCHER,False,,NOT_RELEVANT,Generic match without direct Bharti Airtel relevance
20240413054500-848,20240413054500,indiatimes.com,https://economictimes.indiatimes.com/markets/stocks/news/in-a-steep-fall-from-400-only-25-smallcaps-offer-double-digit-weekly-returns/articleshow/109262523.cms,"In a steep fall from 400, only 25 smallcaps offer double-digit weekly returns",REJECTED_ENTITY_MATCHER,False,,NOT_RELEVANT,Generic match without direct Bharti Airtel relevance
20240413054500-T399,20240413054500,moneycontrol.com,https://hindi.moneycontrol.com/news/markets/market-failed-to-hold-record-high-indian-rupee-closed-at-lower-level-1894430.html,"बाजार रिकॉर्ड ऊंचाई पर टिकने में रहा नाकामयाब, भारतीय रुपया निचले स्तर पर हुआ बंद",REJECTED_ENTITY_MATCHER,False,,NOT_RELEVANT,Generic match without direct Bharti Airtel relevance
20240413054500-T401,20240413054500,moneycontrol.com,https://hindi.moneycontrol.com/news/markets/vodafone-idea-fpo-gqg-partners-and-sbi-mutual-fund-considering-investing-up-to-rs-6500-crore-1894418.html,Vodafone Idea FPO: GQG Partners और SBI Mutual Fund कर सकते हैं ₹6500 करोड़ तक का निवेश,REJECTED_ENTITY_MATCHER,False,,NOT_RELEVANT,Generic match without direct Bharti Airtel relevance
20240413061500-128,20240413061500,india.com,https://zeenews.india.com/technology/mobile-recharge-prices-expected-to-rise-after-lok-sabha-elections-2739881.html,Mobile Recharge Prices Expected To Rise After Lok Sabha Elections,REJECTED_ENTITY_MATCHER,False,,NOT_RELEVANT,Generic match without direct Bharti Airtel relevance
20240413063000-67,20240413063000,udaipurkiran.com,https://udaipurkiran.com/indias-wired-broadband-subscribers-rose-20-to-39-4-million-people/,India's Wired Broadband Subscribers rose 20% to 39.4 million People,REJECTED_ENTITY_MATCHER,False,,NOT_RELEVANT,Generic match without direct Bharti Airtel relevance
20240413070000-714,20240413070000,telegraphindia.com,https://www.telegraphindia.com/feeds/business/vodafone-idea-targets-rs-18000-crore-in-indias-largest-follow-on-public-offer/cid/2013040,"telecom sector | Vodafone Idea targets Rs 18,000 crore in India's largest follow-on public offer",REJECTED_ENTITY_MATCHER,False,,NOT_RELEVANT,Generic match without direct Bharti Airtel relevance
20240413070000-T58,20240413070000,saamana.com,http://www.saamana.com/telecom-companies-in-the-country-will-soon-make-mobile-recharge-expensive-saamana-online-news/,मोबाईल रिचार्ज महागणार? | Saamana (सामना),REJECTED_ENTITY_MATCHER,False,,NOT_RELEVANT,Generic match without direct Bharti Airtel relevance
20240413071500-T1625,20240413071500,pressnote.in,https://www.pressnote.in/Business_News_494868.html,एयरटेल मना रहा है राजस्थान में 38 लाख 5जी ग्राहकों का जश्न Business_News :: pressnote.in,REJECTED_ENTITY_MATCHER,False,,NOT_RELEVANT,Generic match without direct Bharti Airtel relevance
20240413071500-T1635,20240413071500,pressnote.in,https://www.pressnote.in/Business_News_494868.html%20,एयरटेल मना रहा है राजस्थान में 38 लाख 5जी ग्राहकों का जश्न Business_News :: pressnote.in,REJECTED_ENTITY_MATCHER,False,,NOT_RELEVANT,Generic match without direct Bharti Airtel relevance
20240413080000-111,20240413080000,newstodaynet.com,https://newstodaynet.com/2024/04/13/voda-ideas-rs-18000-cr-fpo-offer-on-apr-18/,"Voda Idea's Rs 18,000 cr FPO offer on Apr 18 - News Today",REJECTED_ENTITY_MATCHER,False,,NOT_RELEVANT,Generic match without direct Bharti Airtel relevance
20240413080000-451,20240413080000,adgully.com,https://www.adgully.com/zee-studios-ceo-shariq-patel-departs-144430.html,"Zee Studios' CEO, Shariq Patel, departs",REJECTED_ENTITY_MATCHER,False,,NOT_RELEVANT,Generic match without direct Bharti Airtel relevance
20240413081500-386,20240413081500,telegraphindia.com,https://www.telegraphindia.com/business/vodafone-idea-targets-rs-18000-crore-in-indias-largest-follow-on-public-offer/cid/2013040,"telecom sector | Vodafone Idea targets Rs 18,000 crore in India's largest follow-on public offer",REJECTED_ENTITY_MATCHER,False,,NOT_RELEVANT,Generic match without direct Bharti Airtel relevance
20240413081500-T779,20240413081500,punjabkesari.in,https://www.punjabkesari.in/national/news/can-jio-and-airtel-get-a-big-shock-recharge-plans-can-be-expensive-1966510,"Jio और Airtel से आई बड़ी खबर, करोड़ों यूजर्स को मिला झटका - can jio and airtel get a big shock recharge plans can be expensive",REJECTED_ENTITY_MATCHER,False,,NOT_RELEVANT,Formulaic consumer recharge plan / OTT bundle comparison table
20240413094500-521,20240413094500,india.com,https://zeenews.india.com/markets/vodafone-idea-announces-rs-18000-crore-fpo-offer-opens-on-apr-18-2739939.html,"Vodafone Idea Announces Rs 18,000 Crore FPO; Offer Opens On Apr 18",REJECTED_ENTITY_MATCHER,False,,NOT_RELEVANT,Generic match without direct Bharti Airtel relevance
20240413130000-T91,20240413130000,bhaskar.com,https://www.bhaskar.com/business/news/gqg-sbi-mf-eye-up-to-rs-6500-cr-investments-in-vodafone-ideas-rs-18000-cr-fpo-132869577.html,"GQG, SBI MF eye up to Rs 6,500-cr investments in Vodafone Idea's Rs 18,000-cr FPO | वोडाफोन आइडिया का FPO 18 अप्रैल को ओपन होगा: SBI म्यूचुअल फंड और GQG पार्टनर्स कर सकते हैं ₹6500 करोड़ तक का निवेश",REJECTED_ENTITY_MATCHER,False,,NOT_RELEVANT,Generic match without direct Bharti Airtel relevance
20240413141500-762,20240413141500,indiatimes.com,https://telecom.economictimes.indiatimes.com/news/portal-in-portal/satcom/telecom-diary-spectrum-allocation-to-satcom-players-caught-in-the-crosshairs/109272518,"Telecom Diary: Spectrum allocation to satcom players caught in the crosshairs, ET Telecom",REJECTED_ENTITY_MATCHER,False,,NOT_RELEVANT,Generic match without direct Bharti Airtel relevance
20240413160000-581,20240413160000,fool.com,https://www.fool.com/investing/2024/04/13/intel-unveil-artificial-intelligence-chip-nvidia/?source=iedfolrf0000001,Intel Unveiled Its New Artificial Intelligence Chip -- Can It Compete With Nvidia?,REJECTED_ENTITY_MATCHER,False,,NOT_RELEVANT,Generic match without direct Bharti Airtel relevance
20240413164500-T1716,20240413164500,prabhasakshi.com,https://www.prabhasakshi.com/technologyarticles/jio-and-airtel-tariff-price-jike-soon-recharge-plan-may-got-costly,"Jio और Airtel दे सकते हैं तगड़ा झटका, महंगे हो सकते हैं रिचार्ज प्लान्स",REJECTED_ENTITY_MATCHER,False,,NOT_RELEVANT,Generic match without direct Bharti Airtel relevance
20240413170000-929,20240413170000,indiatimes.com,https://economictimes.indiatimes.com/markets/stocks/news/as-vi-speak-telco-to-ring-in-biggest-fpo-of-rs18000-crore/articleshow/109275407.cms,"vodafone idea fpo: As Vi Speak: Telco to ring in biggest FPO of Rs18,000 crore",REJECTED_ENTITY_MATCHER,False,,NOT_RELEVANT,Generic match without direct Bharti Airtel relevance
20240413170000-71,20240413170000,thehindubusinessline.com,https://www.thehindubusinessline.com/portfolio/vodafone-idea-will-not-flounder-but-will-it-flourish/article68062578.ece,"Vodafone Idea: Will not flounder, but will it flourish? - The Hindu BusinessLine",REJECTED_ENTITY_MATCHER,False,,NOT_RELEVANT,Generic match without direct Bharti Airtel relevance
20240413180000-404,20240413180000,fool.com,https://www.fool.com/investing/2024/04/13/intel-unveil-artificial-intelligence-chip-nvidia/,Intel Unveiled Its New Artificial Intelligence Chip -- Can It Compete With Nvidia?,REJECTED_ENTITY_MATCHER,False,,NOT_RELEVANT,Generic match without direct Bharti Airtel relevance
20240414014500-633,20240414014500,indiatimes.com,https://economictimes.indiatimes.com/industry/telecom/telecom-news/ipl-firms-up-telcos-data-cover-drive-wholl-score-more/articleshow/109276424.cms,IPL firms up Telcos' data cover drive...Who'll score more?,REJECTED_ENTITY_MATCHER,False,,NOT_RELEVANT,Generic match without direct Bharti Airtel relevance
20240414014500-719,20240414014500,indiatimes.com,https://economictimes.indiatimes.com/epaper/delhicapital/2024/apr/14/sunet-front/ipl-firms-up-telcos-data-cover-drive-wholl-score-more/articleshow/109277296.cms,IPL Firms up Telcos' Data Cover Drive... Who'll Score More?,REJECTED_ENTITY_MATCHER,False,,NOT_RELEVANT,Generic match without direct Bharti Airtel relevance
20240414014500-374,20240414014500,viewngr.com,https://viewngr.com/TV-Box-in-Pakistan-Best-Price-3353028.html,"38 + Top Android Smart TV Box in Pakistan (Best Price, 2024), tv smart box",REJECTED_ENTITY_MATCHER,False,,NOT_RELEVANT,Generic match without direct Bharti Airtel relevance
20240414041500-247,20240414041500,indiatimes.com,https://economictimes.indiatimes.com/markets/expert-view/slightly-bearish-on-the-market-if-you-have-raised-cash-stay-on-the-sidelines-sanjiv-bhasin/articleshow/109273230.cms,"Sanjiv Bhasin | Sanjiv Bhasin portfolio: Slightly bearish on the market; if you have raised cash, stay on the sidelines: Sanjiv Bhasin",REJECTED_ENTITY_MATCHER,False,,NOT_RELEVANT,Generic match without direct Bharti Airtel relevance
20240414043000-162,20240414043000,indiatimes.com,https://telecom.economictimes.indiatimes.com/news/industry/ipl-firms-up-telcos-data-cover-drive-wholl-score-more/109281614,"Telecom Companies: IPL firms up telcos' data cover drive... Who'll score more?, ET Telecom",REJECTED_ENTITY_MATCHER,False,,NOT_RELEVANT,Generic match without direct Bharti Airtel relevance
20240414051500-T395,20240414051500,sakshi.com,https://www.sakshi.com/telugu-news/business/airtel-launches-35-days-validity-plan-ends-28-days-tension-2023777,కొత్త రీచార్జ్‌ ప్లాన్‌.. '28 రోజులు' టెన్షన్‌ లేదిక! | Airtel Launches 35 Days Validity Plan Ends 28 Days Tension,REJECTED_ENTITY_MATCHER,False,,NOT_RELEVANT,Formulaic consumer recharge plan / OTT bundle comparison table
20240414061500-89,20240414061500,indiatimes.com,https://economictimes.indiatimes.com/markets/expert-view/hold-sun-pharma-and-dr-reddys-buy-natco-on-dips-among-pharma-stocks-mayuresh-joshi/articleshow/109273346.cms,pharma stocks to buy: Hold Sun Pharma and Dr Reddy's; buy Natco on dips among pharma stocks: Mayuresh Joshi,REJECTED_ENTITY_MATCHER,False,,NOT_RELEVANT,Generic match without direct Bharti Airtel relevance
20240414064500-227,20240414064500,trak.in,https://trak.in/stories/airtel-ends-tension-of-28-days-validity-launches-35-days-validity-plan/,"Airtel Ends Tension Of 28 Days Validity: Launches 35 Days Validity Plan! - Trak.in - Indian Business of Tech, Mobile & Startups",REJECTED_ENTITY_MATCHER,False,,NOT_RELEVANT,Formulaic consumer recharge plan / OTT bundle comparison table
20240414074500-T332,20240414074500,bhaskar.com,https://www.bhaskar.com/business/news/market-capitalization-april-2024-update-airtelhdfc-reliance-sbi-lic-132873502.html,"Airtel HDFC Bank Market Capitalisation|Reliance Industries | एयरटेल का मार्केट-कैप एक हफ्ते में ₹19,029 करोड़ बढ़ा: टॉप-10 कंपनियों में से 7 की वैल्यू ₹59,404 करोड़ बढ़ी, HDFC की ₹23,170 करोड़ कम हुई",REJECTED_ENTITY_MATCHER,False,,NOT_RELEVANT,Generic match without direct Bharti Airtel relevance
20240414080000-508,20240414080000,livemint.com,https://www.livemint.com/market/market-valuation-of-top-firms-surges-rs-59-404-crore-during-holiday-shortened-week-airtel-and-icici-bank-gain-big-11713074689281.html,"Market valuation of top firms surges ₹59,404 crore during holiday-shortened week; Airtel and ICICI Bank gain big",REJECTED_ENTITY_MATCHER,False,,NOT_RELEVANT,Generic match without direct Bharti Airtel relevance
20240414081500-230,20240414081500,livelaw.in,https://www.livelaw.in/digests/madras-high-court-quarterly-digest-january-to-march-2024-255027,Madras High Court Quarterly Digest: January To March 2024 [Citations 1-142],REJECTED_ENTITY_MATCHER,False,,NOT_RELEVANT,Generic match without direct Bharti Airtel relevance
20240414083000-86,20240414083000,rashtranews.com,https://www.rashtranews.com/business-news-govt-to-only-offer-cash-flow-relief-to-telcos/,Business News: Govt to only offer cash flow relief to telcos,REJECTED_ENTITY_MATCHER,False,,NOT_RELEVANT,Generic match without direct Bharti Airtel relevance
20240414094500-T2414,20240414094500,moneycontrol.com,https://hindi.moneycontrol.com/news/markets/sensex-market-cap-of-7-most-valued-firms-climb-rs-59404-crore-bharti-airtel-icici-bank-lead-gainers-1894563.html,"Market Cap : टॉप 10 में से 7 कंपनियों का मार्केट कैप 59404 करोड़ रुपये बढ़ा, Airtel-ICICI Bank को सबसे ज्यादा फायदा",REJECTED_ENTITY_MATCHER,False,,NOT_RELEVANT,Generic match without direct Bharti Airtel relevance
20240414104500-T214,20240414104500,indiatimes.com,https://navbharattimes.indiatimes.com/business/share-market/share-news/market-value-of-seven-most-valued-firms-climb-rs-59404-cr-bharti-airtel-icici-bank-lead-gainers/articleshow/109287610.cms,"भारती एयरटेल और ICICI Bank को सबसे ज्यादा फायदा, एचडीएफसी बैंक समेत तीन कंपनियों को नुकसान",REJECTED_ENTITY_MATCHER,False,,NOT_RELEVANT,Generic match without direct Bharti Airtel relevance
20240414113000-706,20240414113000,livemint.com,https://www.livemint.com/companies/company-results/q4-results-from-infosys-bajaj-auto-and-wipro-to-hdfc-bank-a-look-at-the-earnings-schedule-this-week-11713080278351.html,"Q4 Results: From Infosys, Bajaj Auto and Wipro to HDFC Bank — A look at the earnings schedule this week",REJECTED_ENTITY_MATCHER,False,,NOT_RELEVANT,Generic match without direct Bharti Airtel relevance
20240414130000-378,20240414130000,indianexpress.com,https://indianexpress.com/article/technology/techook/how-to-set-up-jiotune-9269381/,How to set your favourite song as JioTune,REJECTED_ENTITY_MATCHER,False,,NOT_RELEVANT,Generic match without direct Bharti Airtel relevance
20240414131500-565,20240414131500,thehindubusinessline.com,https://www.thehindubusinessline.com/catalyst/on-the-campaign-trail/article68064575.ece,On the campaign trail. - The Hindu BusinessLine,REJECTED_ENTITY_MATCHER,False,,NOT_RELEVANT,Generic match without direct Bharti Airtel relevance
20240414131500-446,20240414131500,datacenterdynamics.com,https://www.datacenterdynamics.com/en/news/vodafone-idea-to-launch-216bn-fpo-in-india/,Vodafone Idea to launch $2.16bn FPO in India,REJECTED_ENTITY_MATCHER,False,,NOT_RELEVANT,Generic match without direct Bharti Airtel relevance
20240414180000-811,20240414180000,thehindu.com,https://www.thehindu.com/news/cities/chennai/aavin-parlour-park-still-latching-on-to-its-essence/article68065921.ece,Aavin Parlour Park still latching on to its essence,REJECTED_ENTITY_MATCHER,False,,NOT_RELEVANT,Generic match without direct Bharti Airtel relevance
20240414203000-743,20240414203000,indiatimes.com,https://economictimes.indiatimes.com/industry/telecom/telecom-news/indus-towers-may-benefit-if-vi-gets-money-and-invests-analysts/articleshow/109294229.cms,Indus Towers may benefit if Vi gets money and invests: Analysts,REJECTED_ENTITY_MATCHER,False,,NOT_RELEVANT,Standalone Indus Towers operational news
20240414223000-439,20240414223000,opinionnigeria.com,https://www.opinionnigeria.com/urging-airtel-glo-mtn-and-9mobile-to-eschew-violation-of-customers-rights-in-their-zeal-to-implement-nin-sim-linkage-by-isaac-asabor/,"Urging Airtel, Glo, MTN And 9mobile To Eschew Violation Of Customers' Rights In Their Zeal To Implement NIN-SIM linkage -By Isaac Asabor – Opinion Nigeria",REJECTED_ENTITY_MATCHER,False,,NOT_RELEVANT,Generic match without direct Bharti Airtel relevance
20240415004500-20,20240415004500,viewngr.com,https://viewngr.com/4GB-RAM-32GB-ROM-Android-10-1-5G-4K-Android-TV-Box-in-India-1752201.html,"Buy at Rs.1849 4GB RAM / 32GB ROM Android 10.1 5G 4K Android TV Box in India, box tv android",REJECTED_ENTITY_MATCHER,False,,NOT_RELEVANT,Generic match without direct Bharti Airtel relevance
20240415033000-170,20240415033000,moneycontrol.com,https://www.moneycontrol.com/news/business/markets/moneycontrol-pro-market-outlook-war-clouds-over-the-middle-east-can-keep-the-market-jittery-12635581.html,Moneycontrol Pro Market Outlook | War clouds over the Middle East can keep the market jittery,REJECTED_ENTITY_MATCHER,False,,NOT_RELEVANT,Generic match without direct Bharti Airtel relevance
20240415040000-473,20240415040000,indiatimes.com,https://telecom.economictimes.indiatimes.com/news/industry/indus-towers-may-benefit-if-vodafone-idea-gets-money-and-invests-analysts/109298023,"Indus Towers may benefit if Vodafone Idea gets money and invests: Analysts, ET Telecom",REJECTED_ENTITY_MATCHER,False,,NOT_RELEVANT,Standalone Indus Towers operational news
20240415043000-990,20240415043000,indiantelevision.com,https://indiantelevision.com/mam/marketing/mam/the-role-of-emotional-branding-in-fostering-customer-loyalty-240415,The role of emotional branding in fostering customer loyalty,REJECTED_ENTITY_MATCHER,False,,NOT_RELEVANT,Generic match without direct Bharti Airtel relevance
20240415044500-188,20240415044500,bdnews24.com,https://bdnews24.com/business/m0eq27ala4,Telenor has no plans to exit Bangladesh or merge Grameenphone with others: CEO Brekke,REJECTED_ENTITY_MATCHER,False,,NOT_RELEVANT,Generic match without direct Bharti Airtel relevance
20240415053000-260,20240415053000,indiatimes.com,https://economictimes.indiatimes.com/markets/stocks/stock-watch/stock-market-update-fertilisers-stocks-down-as-market-falls/articleshow/109301741.cms,Stock Market Sectors: Stock market update: Fertilisers stocks down as market falls,REJECTED_ENTITY_MATCHER,False,,NOT_RELEVANT,Generic match without direct Bharti Airtel relevance
20240415053000-188,20240415053000,indiatimes.com,https://economictimes.indiatimes.com/markets/stocks/stock-watch/stock-market-update-mining-stocks-down-as-market-falls/articleshow/109301897.cms,Stock Market Sectors: Stock market update: Mining stocks down as market falls,REJECTED_ENTITY_MATCHER,False,,NOT_RELEVANT,Generic match without direct Bharti Airtel relevance
20240415054500-330,20240415054500,indiatimes.com,https://economictimes.indiatimes.com/markets/stocks/stock-watch/stock-market-update-sugar-stocks-down-as-market-falls/articleshow/109302463.cms,Stock Market Sectors: Stock market update: Sugar stocks down as market falls,REJECTED_ENTITY_MATCHER,False,,NOT_RELEVANT,Generic match without direct Bharti Airtel relevance
20240415070000-509,20240415070000,bitdefender.com,https://www.bitdefender.com/blog/hotforsecurity/zambia-arrests-77-people-in-swoop-on-scam-call-centre/,"Zambia arrests 77 people in swoop on ""scam"" call centre",REJECTED_ENTITY_MATCHER,False,,NOT_RELEVANT,Generic match without direct Bharti Airtel relevance
20240415071500-919,20240415071500,rediff.com,https://www.rediff.com/business/report/fpis-jettison-fmcg-auto-shares-in-march-voyage/20240415.htm,"FPIs jettison FMCG, auto shares in March voyage",REJECTED_ENTITY_MATCHER,False,,NOT_RELEVANT,Generic match without direct Bharti Airtel relevance
20240415091500-911,20240415091500,indiatimes.com,https://economictimes.indiatimes.com/markets/stocks/news/23-stocks-that-indias-5-largest-mutual-funds-bought-and-sold-last-month/articleshow/109309066.cms,mf stock purchases: 23 stocks that India's 5 largest mutual funds bought and sold last month,REJECTED_ENTITY_MATCHER,False,,NOT_RELEVANT,Generic match without direct Bharti Airtel relevance
20240415091500-1050,20240415091500,indiatimes.com,https://economictimes.indiatimes.com/industry/telecom/telecom-news/vodafone-idea-expects-5g-rollout-in-6-9-months-after-fpo/articleshow/109309074.cms,Vodafone Idea expects 5G rollout in 6-9 months after FPO,REJECTED_ENTITY_MATCHER,False,,NOT_RELEVANT,Generic match without direct Bharti Airtel relevance
20240415091500-328,20240415091500,indianexpress.com,https://indianexpress.com/article/business/companies/vodafone-idea-5g-fpo-aditya-birla-group-9271328/,Vodafone Idea expects 5G rollout in 6-9 months after FPO: CEO,REJECTED_ENTITY_MATCHER,False,,NOT_RELEVANT,Generic match without direct Bharti Airtel relevance
20240415093000-T2435,20240415093000,moneycontrol.com,https://hindi.moneycontrol.com/news/your-money/airtel-data-plan-will-be-expensive-after-loksabha-chunav-2024-rupees-198-plan-will-be-expensive-1894692.html,"एयरटेल के डेटा प्लान्स जल्द होंगे महंगे, 198 रुपये के प्लान के लिए चुकाना पड़ सकता है इतना",REJECTED_ENTITY_MATCHER,False,,NOT_RELEVANT,Generic match without direct Bharti Airtel relevance
20240415094500-1031,20240415094500,moneycontrol.com,https://www.moneycontrol.com/news/business/companies/tariff-correction-required-for-industry-growth-vodafone-idea-ceo-12642481.html,Tariff correction required for industry growth: Vodafone Idea CEO,REJECTED_ENTITY_MATCHER,False,,NOT_RELEVANT,Generic match without direct Bharti Airtel relevance
20240415101500-852,20240415101500,telegraphindia.com,https://www.telegraphindia.com/feeds/business/vodafone-idea-expects-5g-rollout-in-6-9-months-after-its-rs-18000-crore-further-public-offer/cid/2013455,"5G technology | Vodafone Idea expects 5G rollout in 6-9 months after its Rs 18,000 crore further public offer",REJECTED_ENTITY_MATCHER,False,,NOT_RELEVANT,Generic match without direct Bharti Airtel relevance
20240415101500-1428,20240415101500,moneycontrol.com,https://www.moneycontrol.com/news/business/vodafone-idea-fpo-to-improve-competitiveness-with-rivals-meaningful-market-share-gains-unlikely-analysts-12642921.html,Vodafone Idea FPO to improve competitiveness with rivals; meaningful market share gains unlikely: Analysts,REJECTED_ENTITY_MATCHER,False,,NOT_RELEVANT,Generic match without direct Bharti Airtel relevance
20240415103000-1213,20240415103000,telegraphindia.com,https://www.telegraphindia.com/business/vodafone-idea-expects-5g-rollout-in-6-9-months-after-its-rs-18000-crore-further-public-offer/cid/2013455,"5G technology | Vodafone Idea expects 5G rollout in 6-9 months after its Rs 18,000 crore further public offer",REJECTED_ENTITY_MATCHER,False,,NOT_RELEVANT,Generic match without direct Bharti Airtel relevance
20240415104500-T720,20240415104500,digit.in,https://www.digit.in/ta/news/telecom/airtel-cheapest-plan-april-2024-666-unlimited-5g-calling-know-all.html,Airtel யின் இந்த திட்டத்தில் கிடைக்கும் அன்லிமிடெட் காலிங்,REJECTED_ENTITY_MATCHER,False,,NOT_RELEVANT,Generic match without direct Bharti Airtel relevance
20240415110000-26,20240415110000,moneycontrol.com,https://www.moneycontrol.com/news/business/markets/taking-stock-market-deep-in-red-as-israel-iran-tensions-spook-investors-oil-gas-outshine-12643151.html,Taking Stock: Market deep in red as Israel-Iran tensions spook investors; oil & gas outshine,REJECTED_ENTITY_MATCHER,False,,NOT_RELEVANT,Generic match without direct Bharti Airtel relevance
20240415111500-1528,20240415111500,theweek.in,https://www.theweek.in/wire-updates/business/2024/04/15/del35-biz-stocks-close.html,Sensex Nifty tank over 1 pc on concerns over Middle East conflict weak global trends,REJECTED_ENTITY_MATCHER,False,,NOT_RELEVANT,Generic match without direct Bharti Airtel relevance
20240415111500-56,20240415111500,thehindubusinessline.com,https://www.thehindubusinessline.com/markets/sensex-nifty-tank-over-1-on-concerns-over-middle-east-conflict-weak-global-trends/article68067605.ece,"Sensex, Nifty tank over 1% on concerns over Middle East conflict, weak global trends",REJECTED_ENTITY_MATCHER,False,,NOT_RELEVANT,Generic match without direct Bharti Airtel relevance
20240415113000-517,20240415113000,businesstoday.in,https://www.businesstoday.in/markets/market-commentary/story/iran-israel-tensions-sensex-falls-845-points-nifty-below-22300-india-vix-rises-425598-2024-04-15,"Iran-Israel tensions: Sensex tumbles 845 points, Nifty ends below 22,300; India VIX rises 8%",REJECTED_ENTITY_MATCHER,False,,NOT_RELEVANT,Generic match without direct Bharti Airtel relevance
20240415114500-958,20240415114500,orissapost.com,https://www.orissapost.com/sensex-nifty-tank-over-1-on-concerns-over-middle-east-conflict-weak-global-trends/,"Sensex, Nifty tank over 1% on concerns over Middle East conflict, weak global trends",REJECTED_ENTITY_MATCHER,False,,NOT_RELEVANT,Generic match without direct Bharti Airtel relevance
20240415120000-8,20240415120000,india.com,https://zeenews.india.com/markets/markets-tank-over-1-on-concerns-over-middle-east-conflict-sensex-falls-845-points-2740601.html,"Markets Tank Over 1% On Concerns Over Middle East Conflict, Sensex Falls 845 Points",REJECTED_ENTITY_MATCHER,False,,NOT_RELEVANT,Generic match without direct Bharti Airtel relevance
20240415120000-1701,20240415120000,faceofmalawi.com,https://www.faceofmalawi.com/2024/04/15/4-nabbed-for-series-break-ins-of-airtel-money-branches-in-lilongwe/,4 Nabbed For Series Break-Ins Of Airtel Money Branches In Lilongwe,REJECTED_ENTITY_MATCHER,False,,NOT_RELEVANT,Standalone Airtel Africa operational / regional news
20240415120000-956,20240415120000,tribuneindia.com,https://www.tribuneindia.com/news/business/sensex-nifty-tank-over-1-per-cent-on-concerns-over-middle-east-conflict-weak-global-trends-611048,"Sensex, Nifty tank over 1 per cent on concerns over Middle East conflict, weak global trends",REJECTED_ENTITY_MATCHER,False,,NOT_RELEVANT,Generic match without direct Bharti Airtel relevance
20240415120000-T766,20240415120000,prabhatkhabar.com,https://www.prabhatkhabar.com/business/share-market-sink-due-to-iran-israel-tension-sensex-nifty-down-mdn,Share Market:ईरान-इजराइल टेंशन से बिकवाली की भेंट चढ़ा बाजार,REJECTED_ENTITY_MATCHER,False,,NOT_RELEVANT,Generic match without direct Bharti Airtel relevance
20240415123000-1497,20240415123000,theweek.in,https://www.theweek.in/news/biz-tech/2024/04/15/sensex-nifty-tank-over-1-pc-on-concerns-over-middle-east-conflict-weak-global-trends.html,"Sensex, Nifty tank over 1 pc on concerns over Middle East conflict, weak global trends",REJECTED_ENTITY_MATCHER,False,,NOT_RELEVANT,Generic match without direct Bharti Airtel relevance
20240415123000-1137,20240415123000,thehindu.com,https://www.thehindu.com/business/markets/sensex-nifty-tank-over-1-on-concerns-over-middle-east-conflict-weak-global-trends-rupee-falls-6-paise/article68067813.ece,"Sensex, Nifty tank over 1% on concerns over Middle East conflict, weak global trends; Rupee falls 6 paise",REJECTED_ENTITY_MATCHER,False,,NOT_RELEVANT,Generic match without direct Bharti Airtel relevance
20240415124500-566,20240415124500,livemint.com,https://www.livemint.com/market/stock-market-news/stock-market-today-sensex-nifty-fall-over-1-each-for-2nd-straight-day-investors-lose-7-lakh-crore-in-2-days-11713175246901.html,"Stock market today: Sensex, Nifty fall over 1% each for 2nd day in a row",REJECTED_ENTITY_MATCHER,False,,NOT_RELEVANT,Generic match without direct Bharti Airtel relevance
20240415130000-900,20240415130000,opinionnigeria.com,https://www.opinionnigeria.com/nin-sim-linkage-a-golden-opportunity-for-telcos-to-rev-up-customer-service-by-isaac-asabor/,NIN-SIM Linkage: A Golden Opportunity For Telcos To Rev Up Customer Service -By Isaac Asabor – Opinion Nigeria,REJECTED_ENTITY_MATCHER,False,,NOT_RELEVANT,Generic match without direct Bharti Airtel relevance
20240415131500-287,20240415131500,livemint.com,https://www.livemint.com/companies/vodafone-idea-expects-full-subscription-to-rs-18-000-crore-fpo-11713176004211.html,"Vodafone Idea expects full subscription to ₹18,000-crore FPO",REJECTED_ENTITY_MATCHER,False,,NOT_RELEVANT,Generic match without direct Bharti Airtel relevance
20240415131500-T1441,20240415131500,divyahimachal.com,https://www.divyahimachal.com/2024/04/market-shaken-by-iran-israel-conflict-sensex-nifty-crash/,"ईरान-इजरायल संघर्ष से सहमा बाजार, सेंसेक्स-निफ्टी धड़ाम",REJECTED_ENTITY_MATCHER,False,,NOT_RELEVANT,Generic match without direct Bharti Airtel relevance
20240415133000-1633,20240415133000,ndtv.com,https://www.ndtv.com/business-news/sensex-nifty-tank-over-1-on-concerns-over-middle-east-conflict-5447242,"Sensex, Nifty Tank Over 1% On Concerns Over Middle East Conflict",REJECTED_ENTITY_MATCHER,False,,NOT_RELEVANT,Generic match without direct Bharti Airtel relevance
20240415133000-T237,20240415133000,webdunia.com,https://hindi.webdunia.com/share-market-news/latest-prices-of-mumbai-stock-market-on-15th-april-2024-124041500072_1.html,"Share bazaar News: पश्चिम एशिया में तनाव बढ़ने से सेंसेक्स 845 अंक लुढ़का, निफ्टी भी 247 अंक टूटा",REJECTED_ENTITY_MATCHER,False,,NOT_RELEVANT,Generic match without direct Bharti Airtel relevance
20240415134500-1224,20240415134500,indiatimes.com,https://telecom.economictimes.indiatimes.com/news/telecom-equipment/wi-fi-7-5g-to-offer-huge-iot-opportunity-for-affordable-rural-coverage-qualcomm/109318102,"Wi-Fi 7, 5G to offer huge IoT opportunity for affordable rural coverage: Qualcomm, ET Telecom",REJECTED_ENTITY_MATCHER,False,,NOT_RELEVANT,Generic match without direct Bharti Airtel relevance
20240415141500-826,20240415141500,indiainfoline.com,https://www.indiainfoline.com/news/markets/sensex-nifty-suffer-second-day-of-losses-nifty-slips-below-22300,"Sensex, Nifty Suffer Second Day of Losses; Nifty Slips Below 22,300",REJECTED_ENTITY_MATCHER,False,,NOT_RELEVANT,Generic match without direct Bharti Airtel relevance
20240415143000-1415,20240415143000,telegraphindia.com,https://www.telegraphindia.com/feeds/business/sensex-and-nifty-tank-over-1-per-cent-on-concerns-over-middle-east-conflict-weak-global-trends/cid/2013486,"Stock market | Sensex and Nifty tank over 1 per cent on concerns over Middle East conflict, weak global trends",REJECTED_ENTITY_MATCHER,False,,NOT_RELEVANT,Generic match without direct Bharti Airtel relevance
20240415151500-705,20240415151500,telegraphindia.com,https://www.telegraphindia.com/business/sensex-and-nifty-tank-over-1-per-cent-on-concerns-over-middle-east-conflict-weak-global-trends/cid/2013486,"Stock market | Sensex and Nifty tank over 1 per cent on concerns over Middle East conflict, weak global trends",REJECTED_ENTITY_MATCHER,False,,NOT_RELEVANT,Generic match without direct Bharti Airtel relevance
20240415153000-415,20240415153000,businesstoday.in,https://www.businesstoday.in/markets/story/vodafone-idea-aims-5g-rollout-post-fpo-fund-raising-425624-2024-04-15,Vodafone Idea aims 5G rollout post-FPO fund raising,REJECTED_ENTITY_MATCHER,False,,NOT_RELEVANT,Generic match without direct Bharti Airtel relevance
20240415154500-1307,20240415154500,indiablooms.com,https://www.indiablooms.com/finance-details/20248/indian-market-tanks-over-800-points-amid-escalating-tension-between-israel-iran.html,Indian market tanks over 800 points amid escalating tension between Israel-Iran | Indiablooms - First Portal on Digital News Management,REJECTED_ENTITY_MATCHER,False,,NOT_RELEVANT,Generic match without direct Bharti Airtel relevance
20240415160000-1462,20240415160000,rediff.com,https://www.rediff.com/business/report/vi-expects-5g-rollout-in-6-9-months-after-fpo/20240415.htm,Vi expects 5G rollout in 6-9 months after FPO,REJECTED_ENTITY_MATCHER,False,,NOT_RELEVANT,Generic match without direct Bharti Airtel relevance
20240415170000-1817,20240415170000,thehindubusinessline.com,https://www.thehindubusinessline.com/info-tech/expect-5g-rollout-6-9-months-after-raising-funds-vodafone-ceo-akshay-moondra/article68068488.ece,"Expect 5G rollout, 6-9 months after raising funds: Vodafone CEO, Akshay Moondra",REJECTED_ENTITY_MATCHER,False,,NOT_RELEVANT,Generic match without direct Bharti Airtel relevance
20240415173000-T474,20240415173000,sharemanthan.in,https://www.sharemanthan.in/61-news/corporate-update/74728-vodafone-idea-fpo-fund-5g-roll-out-15042024,वोडाफोन आइडिया की 6-9 महीने में 5G सेवा शुरू करने की योजना,REJECTED_ENTITY_MATCHER,False,,NOT_RELEVANT,Generic match without direct Bharti Airtel relevance
20240415174500-767,20240415174500,rcrwireless.com,https://www.rcrwireless.com/20240415/5g/vodafone-idea-to-launch-2-16-billion-fpo-in-india,Vodafone Idea to launch $2.16 billion FPO in India,REJECTED_ENTITY_MATCHER,False,,NOT_RELEVANT,Generic match without direct Bharti Airtel relevance
20240415180000-1752,20240415180000,lightreading.com,https://www.lightreading.com/5g/vodafone-idea-turns-the-corner-announces-india-5g-launch-plans,"Vodafone Idea turns the corner, announces India 5G launch plans",REJECTED_ENTITY_MATCHER,False,,NOT_RELEVANT,Generic match without direct Bharti Airtel relevance
20240415181500-T2579,20240415181500,webdunia.com,https://hindi.webdunia.com/stock-market/stock-market-decline-for-the-second-consecutive-day-124041500097_1.html,"Share Market लगातार दूसरे दिन टूटा, निवेशकों के डूबे 5.18 लाख करोड़ रुपए",REJECTED_ENTITY_MATCHER,False,,NOT_RELEVANT,Generic match without direct Bharti Airtel relevance
20240415183000-857,20240415183000,kbc.co.ke,https://www.kbc.co.ke/kenya-to-host-connected-africa-summit-2024-in-nairobi-next-week/,Kenya to host Connected Africa Summit 2024 in Nairobi next week,REJECTED_ENTITY_MATCHER,False,,NOT_RELEVANT,Generic match without direct Bharti Airtel relevance
20240415193000-T683,20240415193000,punjabkesari.in,https://www.punjabkesari.in/business/news/big-news-regarding-5g-services-of-vodafone-idea-1967668,"vodafone idea की 5G सेवाओं को लेकर बड़ी खबर, इतने समय में 5जी सर्विसेज शुरू होने की उम्मीद - big news regarding 5g services of vodafone idea",REJECTED_ENTITY_MATCHER,False,,NOT_RELEVANT,Generic match without direct Bharti Airtel relevance
20240415200000-1365,20240415200000,pc-tablet.co.in,https://www.pc-tablet.co.in/samsung-galaxy-s24-series-leads-in-5g-download-speeds-in-india/16694/,Samsung Galaxy S24 Series Leads in 5G Download Speeds in India,REJECTED_ENTITY_MATCHER,False,,NOT_RELEVANT,Generic match without direct Bharti Airtel relevance
20240415200000-T1773,20240415200000,digit.in,https://www.digit.in/bn/news/telecom/airtel-cheapest-prepaid-plan-rs-666-offer-84-days-126gb-and-unlimited-5g.html,"Airtel Prepaid Plan: 84 দিন পর্যন্ত 126GB ডেটা, আনলিমিটেড 5G, কলিং সহ এয়ারটেল এর দুর্দান্ত প্রিপেইড প্ল্যান!!",REJECTED_ENTITY_MATCHER,False,,NOT_RELEVANT,Formulaic consumer recharge plan / OTT bundle comparison table
20240415211500-1711,20240415211500,viewngr.com,https://viewngr.com/Smart-Router-for-Europe-Home-Wireless-Network-Router-Support-494657.html,"Pocket 5G WiFi 300Mbps Router, Mobile Router with SIM Card Slot, Mini Smart Router for Europe Home, Wireless Network Router, Support Multiple Encryption Protection, Plug and Play",REJECTED_ENTITY_MATCHER,False,,NOT_RELEVANT,Generic match without direct Bharti Airtel relevance
20240415221500-1519,20240415221500,indiatimes.com,https://timesofindia.indiatimes.com/business/international-business/musks-satellite-business-starlink-gets-in-principle-government-nod/articleshow/109324914.cms,Musk's satellite business Starlink gets in-principle government nod,REJECTED_ENTITY_MATCHER,False,,NOT_RELEVANT,Generic match without direct Bharti Airtel relevance
20240416004500-1214,20240416004500,financialexpress.com,https://www.financialexpress.com/business/industry-vodafone-idea-to-cover-40-revenue-base-with-5g-3457979/,Vodafone Idea to cover 40% revenue base with 5G,REJECTED_ENTITY_MATCHER,False,,NOT_RELEVANT,Generic match without direct Bharti Airtel relevance
20240416010000-T181,20240416010000,indiatimes.com,https://navbharattimes.indiatimes.com/business/share-market/share-news/stock-market-prediction-today-these-stocks-including-delhivery-showing-bullishness-will-you-bet/articleshow/109322575.cms,"Stock Market Prediction today these stocks including Delhivery showing bullishness will you bet: सहमे बाजार में आज Delhivery समेत इन शेयरों से उम्‍मीद, क्‍या लगाएंगे दांव?",REJECTED_ENTITY_MATCHER,False,,NOT_RELEVANT,Generic match without direct Bharti Airtel relevance
20240416020000-1325,20240416020000,crn.com.au,https://www.crn.com.au/news/8-big-announcements-at-intel-vision-2024-607090,8 big announcements at Intel Vision 2024,REJECTED_ENTITY_MATCHER,False,,NOT_RELEVANT,Generic match without direct Bharti Airtel relevance
20240416043000-811,20240416043000,businesstoday.in,https://www.businesstoday.in/india/story/everyone-will-regret-it-pm-modi-attacks-opposition-over-electoral-bonds-issue-425644-2024-04-16,'Everyone will regret it': PM Modi attacks opposition over electoral bonds issue,REJECTED_ENTITY_MATCHER,False,,NOT_RELEVANT,Generic match without direct Bharti Airtel relevance
20240416043000-1124,20240416043000,businesstoday.in,https://www.businesstoday.in/markets/market-commentary/story/sensex-plunges-500-pts-nifty-nears-at-22100-as-iran-israel-conflict-flares-up-425664-2024-04-16,"Sensex plunges 500 pts, Nifty nears at 22,100 as Iran-Israel conflict flares up",REJECTED_ENTITY_MATCHER,False,,NOT_RELEVANT,Generic match without direct Bharti Airtel relevance
20240416043000-438,20240416043000,tribuneindia.com,https://www.tribuneindia.com/news/business/sensex-nifty-tumble-as-conflict-in-west-asia-spooks-investors-611202,"Sensex, Nifty tumble as conflict in West Asia spooks investors",REJECTED_ENTITY_MATCHER,False,,NOT_RELEVANT,Generic match without direct Bharti Airtel relevance
20240416044500-737,20240416044500,indiatimes.com,https://economictimes.indiatimes.com/markets/stocks/news/sensex-declines-500-points-on-us-rate-cut-outlook-middle-east-tensions-nifty-below-22200/articleshow/109331906.cms,"sensex news: Sensex declines 500 points on US rate cut outlook, Middle East tensions; Nifty below 22,200",REJECTED_ENTITY_MATCHER,False,,NOT_RELEVANT,Generic match without direct Bharti Airtel relevance
20240416044500-331,20240416044500,indiatimes.com,https://economictimes.indiatimes.com/industry/telecom/telecom-news/elon-musks-starlink-one-step-away-from-getting-greenlit-in-india-with-in-principal-govt-nod/articleshow/109330405.cms,Starlink: Elon Musk's Starlink one step away from getting greenlit in India with in-principle govt nod,REJECTED_ENTITY_MATCHER,False,,NOT_RELEVANT,Generic match without direct Bharti Airtel relevance
20240416051500-417,20240416051500,timesnownews.com,https://www.timesnownews.com/technology-science/elon-musks-starlink-receives-government-approval-for-satellite-internet-service-in-india-article-109332448,Elon Musk's Starlink Receives Government Approval For Satellite Internet Service In India,REJECTED_ENTITY_MATCHER,False,,NOT_RELEVANT,Generic match without direct Bharti Airtel relevance
20240416053000-197,20240416053000,latestly.com,https://www.latestly.com/agency-news/business-news-stock-market-opens-flat-in-negative-territory-sensex-nifty-witness-substantial-declines-5897110.html,Business News | Stock Market Opens Flat in Negative Territory; Sensex-Nifty Witness Substantial Declines,REJECTED_ENTITY_MATCHER,False,,NOT_RELEVANT,Generic match without direct Bharti Airtel relevance
20240416054500-283,20240416054500,nigeriasun.com,https://www.nigeriasun.com/news/274276266/stock-market-opens-flat-in-negative-territory-sensex-nifty-witness-substantial-declines,Stock market opens flat in negative territory; Sensex-Nifty witness substantial declines,REJECTED_ENTITY_MATCHER,False,,NOT_RELEVANT,Generic match without direct Bharti Airtel relevance
20240416054500-936,20240416054500,indiatimes.com,https://economictimes.indiatimes.com/markets/stocks/news/bharti-hexacom-shares-jump-9-as-stock-enters-good-books-of-jefferies/articleshow/109333221.cms,bharti hexacom shares: Bharti Hexacom shares jump 9% as stock enters good books of Jefferies,REJECTED_ENTITY_MATCHER,False,,NOT_RELEVANT,Standalone Bharti Hexacom operational news
20240416054500-900,20240416054500,moneycontrol.com,https://www.moneycontrol.com/news/business/markets/ek-saal-me-paisa-double-is-jefferies-forecasts-for-bharati-hexacom-12647361.html,"'Ek saal me paisa double'; Jefferies sees massive upside in Bharti Hexacom stock, eyes growth, margin expansion",REJECTED_ENTITY_MATCHER,False,,NOT_RELEVANT,Standalone Bharti Hexacom operational news
20240416054500-796,20240416054500,moneycontrol.com,https://www.moneycontrol.com/news/business/gqg-fidelity-hdfc-mf-quant-mf-to-invest-in-vodafone-ideas-rs-18000-cr-fpo-12648021.html,"GQG, Fidelity, HDFC MF, Quant MF to invest in Vodafone Idea's Rs 18,000 cr FPO",REJECTED_ENTITY_MATCHER,False,,NOT_RELEVANT,Generic match without direct Bharti Airtel relevance
20240416061500-T2418,20240416061500,livehindustan.com,https://www.livehindustan.com/business/bharati-hexacom-may-double-investors-money-from-ipo-price-jefferies-given-1080-rupee-price-target-201713246659523.html,"Bharati Hexacom may double investors money from IPO Price Jefferies Given 1080 rupee Price Target एक साल में दोगुना होगा पैसा, एक्सपर्ट बोले- खरीदो शेयर, इसी महीने आया है कंपनी का IPO",REJECTED_ENTITY_MATCHER,False,,NOT_RELEVANT,Standalone Bharti Hexacom operational news
20240416061500-553,20240416061500,bignewsnetwork.com,https://www.bignewsnetwork.com/news/274276266/stock-market-opens-flat-in-negative-territory-sensex-nifty-witness-substantial-declines,Stock market opens flat in negative territory; Sensex-Nifty witness substantial declines,REJECTED_ENTITY_MATCHER,False,,NOT_RELEVANT,Generic match without direct Bharti Airtel relevance
20240416064500-122,20240416064500,indiablooms.com,https://www.indiablooms.com/finance-details/20255/oil-prices-fall-indian-indices-open-on-negative-note-with-nifty-below-22-150-amid-iran-israel-hostilities.html,"Oil prices fall, Indian indices open on negative note with Nifty below 22,150 amid Iran-Israel hostilities | Indiablooms",REJECTED_ENTITY_MATCHER,False,,NOT_RELEVANT,Generic match without direct Bharti Airtel relevance
20240416064500-436,20240416064500,newzealandstar.com,https://www.newzealandstar.com/news/274276266/stock-market-opens-flat-in-negative-territory-sensex-nifty-witness-substantial-declines,Stock market opens flat in negative territory; Sensex-Nifty witness substantial declines,REJECTED_ENTITY_MATCHER,False,,NOT_RELEVANT,Generic match without direct Bharti Airtel relevance
20240416070000-112,20240416070000,udaipurkiran.com,https://udaipurkiran.com/tag/vodafone-idea-news/,vodafone idea news | Udaipur Kiran,REJECTED_NON_ARTICLE_URL,False,,NOT_RELEVANT,Non-article URL / taxonomy tag page
20240416070000-633,20240416070000,udaipurkiran.com,https://udaipurkiran.com/tag/vodafone-idea-share-price/,vodafone idea share price | Udaipur Kiran,REJECTED_NON_ARTICLE_URL,False,,NOT_RELEVANT,Non-article URL / taxonomy tag page
20240416070000-424,20240416070000,theusnews.com,https://www.theusnews.com/news/274276266/stock-market-opens-flat-in-negative-territory-sensex-nifty-witness-substantial-declines,Stock market opens flat in negative territory; Sensex-Nifty witness substantial declines,REJECTED_ENTITY_MATCHER,False,,NOT_RELEVANT,Generic match without direct Bharti Airtel relevance
20240416071500-232,20240416071500,phoneworld.com.pk,https://www.phoneworld.com.pk/telenor-ceo-highlights-business-challenges-in-pakistan/,Telenor CEO Highlights Business Challenges in Pakistan,REJECTED_ENTITY_MATCHER,False,,NOT_RELEVANT,Generic match without direct Bharti Airtel relevance
20240416074500-443,20240416074500,aninews.in,https://aninews.in/news/business/stock-market-opens-flat-in-negative-territory-sensex-nifty-witness-substantial-declines20240416094515/,Stock market opens flat in negative territory; Sensex-Nifty witness substantial declines,REJECTED_ENTITY_MATCHER,False,,NOT_RELEVANT,Generic match without direct Bharti Airtel relevance
20240416074500-689,20240416074500,webindia123.com,https://news.webindia123.com/news/Articles/Business/20240416/4188165.html,Stock market opens flat in negative territory; Sensex-Nifty witness substantial declines,REJECTED_ENTITY_MATCHER,False,,NOT_RELEVANT,Generic match without direct Bharti Airtel relevance
20240416081500-942,20240416081500,indiatimes.com,https://telecom.economictimes.indiatimes.com/news/telecom-equipment/ericssons-net-sales-fall-38-in-south-east-asia-oceania-and-india-in-q1-2024/109338125,"Ericsson's net sales fall 38% in South East Asia, Oceania and India in Q1 2024, ET Telecom",REJECTED_ENTITY_MATCHER,False,,NOT_RELEVANT,Generic match without direct Bharti Airtel relevance
20240416083000-285,20240416083000,telegraphindia.com,https://www.telegraphindia.com/feeds/business/vodafone-aims-to-roll-out-5g-after-raising-rs-18000-crore-via-follow-on-public-offering/cid/2013654,"5G | Vodafone aims to roll out 5G after raising Rs 18,000 crore via follow-on public offering",REJECTED_ENTITY_MATCHER,False,,NOT_RELEVANT,Generic match without direct Bharti Airtel relevance
20240416083000-410,20240416083000,businesstoday.in,https://www.businesstoday.in/markets/company-stock/story/bharti-hexacom-shares-jump-9-today-whats-next-for-this-recent-d-street-debutant-425683-2024-04-16,Bharti Hexacom shares jump 9% today; what's next for this recent D-Street debutant?,REJECTED_ENTITY_MATCHER,False,,DIRECTLY_RELEVANT,Bharti Hexacom IPO / landmark listing involving promoter Bharti Airtel
20240416083000-T1469,20240416083000,punjabkesari.com,https://www.punjabkesari.com/business-news/share-market-update-stock-market-opened-with-decline-today-sensex-nifty-showed-decline/,"Share Market Update: आज गिरावट के साथ खुला शेयर बाजार, Sensex-Nifty में दिखा उतार",REJECTED_ENTITY_MATCHER,False,,NOT_RELEVANT,Generic match without direct Bharti Airtel relevance
20240416084500-593,20240416084500,thenorthlines.com,https://thenorthlines.com/sensex-nifty-tumble-as-conflict-in-west-asia-spooks-investors/,"Sensex, Nifty tumble as conflict in West Asia spooks investors",REJECTED_ENTITY_MATCHER,False,,NOT_RELEVANT,Generic match without direct Bharti Airtel relevance
20240416090000-78,20240416090000,firstpost.com,https://www.firstpost.com/tech/starlink-in-india-goi-gives-in-principle-nod-dot-expediting-process-ahead-of-elon-musks-visit-13760148.html,"Starlink in India: GoI gives in-principle nod, DoT expediting process ahead of Elon Musk's visit",REJECTED_ENTITY_MATCHER,False,,NOT_RELEVANT,Generic match without direct Bharti Airtel relevance
20240416090000-973,20240416090000,oklahomacitysun.com,https://www.oklahomacitysun.com/news/274276266/stock-market-opens-flat-in-negative-territory-sensex-nifty-witness-substantial-declines,Stock market opens flat in negative territory; Sensex-Nifty witness substantial declines,REJECTED_ENTITY_MATCHER,False,,NOT_RELEVANT,Generic match without direct Bharti Airtel relevance
20240416091500-888,20240416091500,devdiscourse.com,https://www.devdiscourse.com/article/business/2888777-stock-market-opens-flat-in-negative-territory-sensex-nifty-witness-substantial-declines,Stock market opens flat in negative territory; Sensex-Nifty witness substantial declines,REJECTED_ENTITY_MATCHER,False,,NOT_RELEVANT,Generic match without direct Bharti Airtel relevance
20240416091500-883,20240416091500,torontotelegraph.com,https://www.torontotelegraph.com/news/274276266/stock-market-opens-flat-in-negative-territory-sensex-nifty-witness-substantial-declines,Stock market opens flat in negative territory; Sensex-Nifty witness substantial declines,REJECTED_ENTITY_MATCHER,False,,NOT_RELEVANT,Generic match without direct Bharti Airtel relevance
20240416094500-1235,20240416094500,telegraphindia.com,https://www.telegraphindia.com/business/vodafone-aims-to-roll-out-5g-after-raising-rs-18000-crore-via-follow-on-public-offering/cid/2013654,"5G | Vodafone aims to roll out 5G after raising Rs 18,000 crore via follow-on public offering",REJECTED_ENTITY_MATCHER,False,,NOT_RELEVANT,Generic match without direct Bharti Airtel relevance
20240416101500-816,20240416101500,pc-tablet.co.in,https://www.pc-tablet.co.in/exclusive-interview-with-mr-h-s-bhatia-md-kelwon-electronics-and-appliances-pvt-ltd-manufacturing-partner-daewoo-india/16739/,"Exclusive Interview with Mr. H.S. Bhatia MD Kelwon Electronics and Appliances Pvt Ltd, Manufacturing Partner Daewoo India",REJECTED_ENTITY_MATCHER,False,,NOT_RELEVANT,Generic match without direct Bharti Airtel relevance
20240416103000-245,20240416103000,bnnbloomberg.ca,https://www.bnnbloomberg.ca/gqg-said-to-invest-around-400-million-in-ailing-vodafone-idea-1.2059529,GQG Said to Invest Around $400 Million in Ailing Vodafone Idea,REJECTED_ENTITY_MATCHER,False,,NOT_RELEVANT,Generic match without direct Bharti Airtel relevance
20240416103000-230,20240416103000,yahoo.com,https://finance.yahoo.com/news/gqg-said-invest-around-400-092426908.html,GQG Said to Invest Around $400 Million in Ailing Vodafone Idea,REJECTED_ENTITY_MATCHER,False,,NOT_RELEVANT,Generic match without direct Bharti Airtel relevance
20240416104500-737,20240416104500,indiatimes.com,https://economictimes.indiatimes.com/markets/ipos/fpos/gqg-said-to-invest-around-400-million-in-ailing-vodafone-idea/articleshow/109342989.cms,GQG said to invest around $400 million in ailing Vodafone Idea,REJECTED_ENTITY_MATCHER,False,,NOT_RELEVANT,Generic match without direct Bharti Airtel relevance
20240416104500-82,20240416104500,techpp.com,https://techpp.com/2024/04/16/oneplus-nord-ce-4-review/,OnePlus Nord CE 4 Review: A Balancing Act,REJECTED_ENTITY_MATCHER,False,,NOT_RELEVANT,Generic match without direct Bharti Airtel relevance
20240416104500-194,20240416104500,forbesindia.com,https://www.forbesindia.com/article/take-one-big-story-of-the-day/vodafone-idea-fpo-is-rs-18000-crore-enough-to-save-a-wreckage/92595/1,"Vodafone Idea FPO: Is Rs 18,000 Crore Enough To Save A Wreckage?",REJECTED_ENTITY_MATCHER,False,,NOT_RELEVANT,Generic match without direct Bharti Airtel relevance
20240416104500-T2201,20240416104500,digit.in,https://www.digit.in/hi/news/telecom/airtel-xstream-airfiber-plans-with-100-mbps-speed.html,"ये हैं Airtel के सुपर से ऊपर प्लान, मिलेगा 1TB डेटा, हाई-स्पीड इंटरनेट और बड़े OTT का मज़ा, जानें कीमत",REJECTED_ENTITY_MATCHER,False,,NOT_RELEVANT,Generic match without direct Bharti Airtel relevance
20240416111500-228,20240416111500,livemint.com,https://www.livemint.com/market/mark-to-market/vodafone-ideas-fpo-would-be-good-for-lenders-bad-for-shareholders-11713260037833.html,"Vodafone Idea's FPO would be good for lenders, bad for shareholders",REJECTED_ENTITY_MATCHER,False,,NOT_RELEVANT,Generic match without direct Bharti Airtel relevance
20240416121500-1812,20240416121500,themobileindian.com,https://www.themobileindian.com/news/noise-sound-master-speaker-launched-in-india-with-100w-output-price-features,"Noise Sound Master Speaker Launched In India With 100W Output: Price, Features",REJECTED_ENTITY_MATCHER,False,,NOT_RELEVANT,Generic match without direct Bharti Airtel relevance
20240416123000-537,20240416123000,indiatimes.com,https://telecom.economictimes.indiatimes.com/news/industry/gqg-said-to-invest-around-400-million-in-ailing-vodafone-idea/109345859,"GQG To Invest In Vodafone Idea: GQG said to invest around $400 million in ailing Vodafone Idea, ET Telecom",REJECTED_ENTITY_MATCHER,False,,NOT_RELEVANT,Generic match without direct Bharti Airtel relevance
20240416123000-759,20240416123000,totaltele.com,https://totaltele.com/vodafone-idea-targets-5g-launch-in-6-9-months/,Vodafone Idea targets 5G launch in 6–9 months,REJECTED_ENTITY_MATCHER,False,,NOT_RELEVANT,Generic match without direct Bharti Airtel relevance
20240416124500-228,20240416124500,mobileworldlive.com,https://www.mobileworldlive.com/operators/vodafone-idea-to-launch-5g-after-cash-injection/,Vodafone Idea to launch 5G after cash injection,REJECTED_ENTITY_MATCHER,False,,NOT_RELEVANT,Generic match without direct Bharti Airtel relevance
20240416130000-1529,20240416130000,invezz.com,https://invezz.com/news/2024/04/16/vodafone-idea-stock-formed-a-risky-pattern/,Vodafone Idea stock formed a risky pattern ahead of its share sale,REJECTED_ENTITY_MATCHER,False,,NOT_RELEVANT,Generic match without direct Bharti Airtel relevance
20240416131500-T2087,20240416131500,nobat.com,https://www.nobat.com/news9248-nd-3a2f0094313238313539.html,નિફ્ટી ફયુચર ૨૨૦૮૮ પોઈન્ટ મહત્ત્વની સપાટી...!!!,REJECTED_ENTITY_MATCHER,False,,NOT_RELEVANT,Generic match without direct Bharti Airtel relevance
20240416143000-2048,20240416143000,indiatimes.com,https://economictimes.indiatimes.com/industry/telecom/telecom-news/vodafone-idea-raised-rs-5400-crore-from-nearly-60-anchor-investors/articleshow/109350842.cms,"vi: Vodafone Idea raised Rs 5,400 crore from nearly 60 anchor investors",REJECTED_ENTITY_MATCHER,False,,NOT_RELEVANT,Generic match without direct Bharti Airtel relevance
20240416150000-T2061,20240416150000,news18.com,https://hindi.news18.com/states/news/uttar-pradesh/ghaziabad-uttar-pradesh-ghaziabad-police-arrested-three-students-for-drug-smuggling-8243961.html,"8वीं,10वीं पास व बीबीए के छात्रों ने ग्रुप बना शुरू किया 'गंदा' धंधा, कमाई से करने लगे ऐश, राज जान पुलिस दंग... – News18 हिंदी",REJECTED_ENTITY_MATCHER,False,,NOT_RELEVANT,Generic match without direct Bharti Airtel relevance
20240416151500-730,20240416151500,indiatimes.com,https://timesofindia.indiatimes.com/technology/tech-tips/ran-out-of-data-in-middle-of-ipl-match-heres-how-you-can-borrow-data-from-airtel-vi-and-jio/articleshow/109351548.cms,"Ran out of data in middle of IPL match, here's how you can borrow data from Airtel, Vi and Jio",REJECTED_ENTITY_MATCHER,False,,NOT_RELEVANT,Generic match without direct Bharti Airtel relevance
20240416151500-T2801,20240416151500,digit.in,https://www.digit.in/mr/news/telecom/airtel-plans-with-disney-plus-hotstar-subscription-check-full-list.html,Airtel चे सर्वात जबरदस्त प्लॅन्स! Unlimited बेनिफिट्ससह हॉटस्टारचे सबस्क्रिप्शन मिळेल अगदी मोफत। Tech News,REJECTED_ENTITY_MATCHER,False,,NOT_RELEVANT,Generic match without direct Bharti Airtel relevance
20240416170000-1261,20240416170000,indiatimes.com,https://telecom.economictimes.indiatimes.com/news/industry/vodafone-idea-raised-rs-5400-crore-from-nearly-60-anchor-investors/109351188,"Vi: Vodafone Idea raised Rs 5,400 crore from nearly 60 anchor investors, ET Telecom",REJECTED_ENTITY_MATCHER,False,,NOT_RELEVANT,Generic match without direct Bharti Airtel relevance
20240416183000-2058,20240416183000,legit.ng,https://www.legit.ng/nigeria/1588107-group-lauds-ncc-boss-spot-effective-policies/,"""Dexterity and Passion"": Citizens Watch Africa Lauds NCC Boss Maida for Telecoms Reforms",REJECTED_ENTITY_MATCHER,False,,NOT_RELEVANT,Generic match without direct Bharti Airtel relevance
20240416190000-1141,20240416190000,indiatimes.com,https://economictimes.indiatimes.com/opinion/et-editorial/dear-elon-have-no-fear-india-is-here/articleshow/109354744.cms,"Dear Elon, have no fear, India is here",REJECTED_ENTITY_MATCHER,False,,NOT_RELEVANT,Generic match without direct Bharti Airtel relevance
20240416201500-1584,20240416201500,the-star.co.ke,https://www.the-star.co.ke/news/2024-04-16-its-all-systems-go-for-connected-africa-summit-2024/,"It's all systems go for Connected Africa Summit, 2024",REJECTED_ENTITY_MATCHER,False,,NOT_RELEVANT,Generic match without direct Bharti Airtel relevance
20240416201500-1341,20240416201500,the-star.co.ke,https://www.the-star.co.ke/news/2024-04-16-victor-bwire-connected-africa-summit-2024-offers-media-business-opportunities/,VICTOR BWIRE: Connected Africa Summit 2024 offers media business opportunities,REJECTED_ENTITY_MATCHER,False,,NOT_RELEVANT,Generic match without direct Bharti Airtel relevance
20240416223000-17,20240416223000,financialexpress.com,https://www.financialexpress.com/life/technology/ericsson-india-sales-fall-12-q-o-q-to-rs-4046-cr-in-january-march/3458975/,"Ericsson India sales fall 12% q-o-q to Rs 4,046 cr in January-March - Technology News",REJECTED_ENTITY_MATCHER,False,,NOT_RELEVANT,Generic match without direct Bharti Airtel relevance
20240416223000-979,20240416223000,financialexpress.com,https://www.financialexpress.com/business/industry-government-has-no-plans-to-monetise-its-stake-in-vodafone-pandey-3458907/,Government has no plans to monetise its stake in Vodafone: Pandey,REJECTED_ENTITY_MATCHER,False,,NOT_RELEVANT,Generic match without direct Bharti Airtel relevance
20240416230000-1685,20240416230000,sierraleonetimes.com,https://www.sierraleonetimes.com/news/274276266/stock-market-opens-flat-in-negative-territory-sensex-nifty-witness-substantial-declines,Stock market opens flat in negative territory; Sensex-Nifty witness substantial declines,REJECTED_ENTITY_MATCHER,False,,NOT_RELEVANT,Generic match without direct Bharti Airtel relevance
20240416233000-1452,20240416233000,thenorthlines.com,https://thenorthlines.com/realmeunveils-p-series-5g-smartphones-t110-buds-and-pad-2-wi-fi-variant/,"Realmeunveils P Series 5G smartphones, T110 buds and Pad 2 Wi-Fi Variant",REJECTED_ENTITY_MATCHER,False,,NOT_RELEVANT,Generic match without direct Bharti Airtel relevance
20240417021500-426,20240417021500,thehindubusinessline.com,https://www.thehindubusinessline.com/markets/vodafone-idea-raises-5400-crore-from-anchor-investors-ahead-of-fpo/article68073027.ece,"Vodafone Idea raises ₹5,400 crore from anchor investors ahead of FPO",REJECTED_ENTITY_MATCHER,False,,NOT_RELEVANT,Generic match without direct Bharti Airtel relevance
20240417031500-4,20240417031500,indiatimes.com,https://economictimes.indiatimes.com/markets/ipos/fpos/vodafone-ideas-rs-18000-cr-fpo-may-attract-big-investors-is-it-worth-your-money/articleshow/109355180.cms,"Vodafone Idea's Rs 18,000 cr FPO may attract big investors. Is it worth your money?",REJECTED_ENTITY_MATCHER,False,,NOT_RELEVANT,Generic match without direct Bharti Airtel relevance
20240417033000-488,20240417033000,businesstoday.in,https://www.businesstoday.in/markets/stocks/story/stock-market-holiday-bse-nse-to-remain-closed-today-on-account-of-ram-navami-425812-2024-04-17,"Stock market holiday: BSE, NSE to remain closed today on account of Ram Navami",REJECTED_ENTITY_MATCHER,False,,NOT_RELEVANT,Generic match without direct Bharti Airtel relevance
20240417044500-190,20240417044500,observer.ug,https://www.observer.ug/index.php/viewpoint/81086-the-money-that-museveni-failed-to-count,The money that Museveni failed to count,REJECTED_ENTITY_MATCHER,False,,NOT_RELEVANT,Generic match without direct Bharti Airtel relevance
20240417044500-339,20240417044500,indiatimes.com,https://timesofindia.indiatimes.com/business/india-business/rajiv-jains-gqg-to-invest-around-400-million-in-vodafone-idea/articleshow/109362179.cms,Rajiv Jain's GQG to invest around $400 million in Vodafone Idea,REJECTED_ENTITY_MATCHER,False,,NOT_RELEVANT,Generic match without direct Bharti Airtel relevance
20240417051500-243,20240417051500,marketscreener.com,https://www.marketscreener.com/quote/stock/VODAFONE-GROUP-PLC-15867071/news/GQG-Fidelity-pick-up-shares-worth-261-mln-in-India-s-Vodafone-Idea-46451627/,"GQG, Fidelity pick up shares worth $261 mln in India's Vodafone Idea",REJECTED_ENTITY_MATCHER,False,,NOT_RELEVANT,Generic match without direct Bharti Airtel relevance
20240417053000-380,20240417053000,indianexpress.com,https://indianexpress.com/article/business/companies/vodafone-idea-complete-anchor-investor-ahead-of-fpo-9274867/,"Vodafone Idea garners Rs 5,400 crore from anchor investors ahead of FPO",REJECTED_ENTITY_MATCHER,False,,NOT_RELEVANT,Generic match without direct Bharti Airtel relevance
20240417060000-706,20240417060000,observer.ug,https://observer.ug/index.php/viewpoint/81086-the-money-that-museveni-failed-to-count,The money that Museveni failed to count,REJECTED_ENTITY_MATCHER,False,,NOT_RELEVANT,Generic match without direct Bharti Airtel relevance
20240417060000-745,20240417060000,dailyexcelsior.com,https://www.dailyexcelsior.com/ahead-of-fpo-vodafone-idea-garners-rs-5400-cr-from-anchor-investors/,"Ahead Of FPO, Vodafone Idea Garners Rs 5,400 Cr From Anchor Investors",REJECTED_ENTITY_MATCHER,False,,NOT_RELEVANT,Generic match without direct Bharti Airtel relevance
20240417060000-1251,20240417060000,timesnownews.com,https://www.timesnownews.com/business-economy/markets/vodafone-idea-raises-rs-5400-cr-from-morgan-stanley-goldman-sachs-and-five-other-prominent-investors-ahead-of-fpo-opening-check-details-article-109361575,"Vodafone Idea FPO: Vodafone Idea Raises Rs 5,400 Cr From Morgan Stanley, Goldman Sachs, And Other Prominent Investors Ahead of FPO Opening - Check Details | Markets News",REJECTED_ENTITY_MATCHER,False,,NOT_RELEVANT,Generic match without direct Bharti Airtel relevance
20240417061500-890,20240417061500,investegate.co.uk,https://www.investegate.co.uk:443/announcement/rns/airtel-africa--aaf/transaction-in-own-shares/8141097,Transaction in Own Shares | Company Announcement,REJECTED_ENTITY_MATCHER,False,,NOT_RELEVANT,Generic match without direct Bharti Airtel relevance
20240417063000-45,20240417063000,adgully.com,https://www.adgully.com/sandeep-bansal-on-how-chaupal-tv-is-redefining-punjabi-entertainment-144615.html,Sandeep Bansal on how Chaupal TV is redefining Punjabi entertainment,REJECTED_ENTITY_MATCHER,False,,NOT_RELEVANT,Generic match without direct Bharti Airtel relevance
20240417064500-1139,20240417064500,telegraphindia.com,https://www.telegraphindia.com/feeds/business/vodafone-idea-raises-about-rs-5400-crore-from-anchor-investors-closes-anchor-book-allocation/cid/2013854,"Vodafone Idea Limited (VIL) | Vodafone Idea raises about Rs 5,400 crore from anchor investors, closes anchor book allocation",REJECTED_ENTITY_MATCHER,False,,NOT_RELEVANT,Generic match without direct Bharti Airtel relevance
20240417064500-1160,20240417064500,telegraphindia.com,https://www.telegraphindia.com/business/vodafone-idea-raises-about-rs-5400-crore-from-anchor-investors-closes-anchor-book-allocation/cid/2013854,"Vodafone Idea Limited (VIL) | Vodafone Idea raises about Rs 5,400 crore from anchor investors, closes anchor book allocation",REJECTED_ENTITY_MATCHER,False,,NOT_RELEVANT,Generic match without direct Bharti Airtel relevance
20240417064500-1246,20240417064500,vccircle.com,https://www.vccircle.com/rajivjain-s-gqg-fidelity-pick-up-shares-worth-261-mn-in-vodafone-idea,"Rajiv Jain's GQG, Fidelity pick up shares worth $261 mn in Vodafone Idea",REJECTED_ENTITY_MATCHER,False,,NOT_RELEVANT,Generic match without direct Bharti Airtel relevance
20240417064500-1284,20240417064500,usnews.com,https://money.usnews.com/investing/news/articles/2024-04-17/gqg-fidelity-pick-up-shares-worth-261-million-in-indias-vodafone-idea,"GQG, Fidelity Pick up Shares Worth $261 Million in India's Vodafone Idea",REJECTED_ENTITY_MATCHER,False,,NOT_RELEVANT,Generic match without direct Bharti Airtel relevance
20240417070000-1220,20240417070000,wsau.com,https://wsau.com/2024/04/17/gqg-fidelity-pick-up-shares-worth-261-million-in-indias-vodafone-idea/,"GQG, Fidelity pick up shares worth $261 million in India's Vodafone Idea | WSAU News/Talk 550 AM · 99.9 FM",REJECTED_ENTITY_MATCHER,False,,NOT_RELEVANT,Generic match without direct Bharti Airtel relevance
20240417073000-37,20240417073000,moneycontrol.com,https://www.moneycontrol.com/news/business/ipo/vodafone-idea-fpo-should-you-subscribe-to-indias-largest-follow-on-offer-analysts-advise-caution-12656281.html,Vodafone Idea FPO: Should you subscribe to India's largest follow-on offer? Analysts advise caution,REJECTED_ENTITY_MATCHER,False,,NOT_RELEVANT,Generic match without direct Bharti Airtel relevance
20240417083000-58,20240417083000,dailypioneer.com,https://www.dailypioneer.com/2024/business/ahead-of-fpo--vodafone-idea-garners-rs-5-400-cr-from-anchor-investors.html,"Ahead of FPO, Vodafone Idea garners Rs 5,400 cr from anchor investors",REJECTED_ENTITY_MATCHER,False,,NOT_RELEVANT,Generic match without direct Bharti Airtel relevance
20240417083000-963,20240417083000,dealstreetasia.com,https://www.dealstreetasia.com/stories/gqg-fidelity-pick-up-shares-worth-261m-in-indias-vodafone-idea-392373,"GQG, Fidelity pick up shares worth $261m in India's Vodafone Idea",REJECTED_ENTITY_MATCHER,False,,NOT_RELEVANT,Generic match without direct Bharti Airtel relevance
20240417084500-514,20240417084500,udaipurkiran.com,https://udaipurkiran.com/jio-leads-rajasthan-with-1-03-lakh-new-subscribers-trai-report/,"Jio leads Rajasthan with 1.03 lakh New Subscribers, TRAI Report",REJECTED_ENTITY_MATCHER,False,,NOT_RELEVANT,Generic match without direct Bharti Airtel relevance
20240417084500-59,20240417084500,udaipurkiran.com,https://udaipurkiran.com/tag/airtel-5g-services-announced-in-india/,airtel 5g services announced in india,REJECTED_NON_ARTICLE_URL,False,,NOT_RELEVANT,Non-article URL / taxonomy tag page
20240417084500-900,20240417084500,udaipurkiran.com,https://udaipurkiran.com/tag/jio-airtel-users-ready-to-pay-45-more-for-5g-services/,jio & airtel users ready to pay 45% more for 5g services,REJECTED_NON_ARTICLE_URL,False,,NOT_RELEVANT,Non-article URL / taxonomy tag page
20240417093000-22,20240417093000,theweek.in,https://www.theweek.in/news/biz-tech/2024/04/17/ahead-of-fpo-vodafone-idea-garners-rs-5400-crore-from-anchor-investors.html,"Ahead of FPO, Vodafone Idea garners Rs 5,400 crore from anchor investors",REJECTED_ENTITY_MATCHER,False,,NOT_RELEVANT,Generic match without direct Bharti Airtel relevance
20240417100000-T954,20240417100000,indiatimes.com,https://navbharattimes.indiatimes.com/business/share-market/share-news/voda-idea-fpo-raises-rs-5400-cr-from-anchor-investors-gqg-partners-also-invested/articleshow/109370067.cms,Voda Idea FPO: अडानी के 'तारणहार' राजीव जैन बन गए वोडाफोन आइडिया के 'खेवनहार'! - voda idea fpo raises rs 5400 cr from anchor investors gqg partners also invested,REJECTED_ENTITY_MATCHER,False,,NOT_RELEVANT,Generic match without direct Bharti Airtel relevance
20240417110000-885,20240417110000,rediff.com,https://www.rediff.com/business/report/ahead-of-fpo-vodafone-idea-garners-rs-5400-cr-from-anchor-investors/20240417.htm,"Ahead of FPO, Vodafone Idea garners Rs 5,400 cr from anchor investors",REJECTED_ENTITY_MATCHER,False,,NOT_RELEVANT,Generic match without direct Bharti Airtel relevance
20240417111500-717,20240417111500,africa.com,https://www.africa.com/e-commerce-fintech-flagship-category-for-the-2024-edition-of-the-africatech-awards-at-vivatech/,E-Commerce & Fintech: Flagship Category for the 2024 Edition of the Africatech Awards at Vivatech,REJECTED_ENTITY_MATCHER,False,,NOT_RELEVANT,Generic match without direct Bharti Airtel relevance
20240417113000-611,20240417113000,businesstoday.in,https://www.businesstoday.in/technology/news/story/bridging-indias-digital-horizon-a-deep-dive-into-5g-and-fixed-wireless-access-with-ericsson-india-head-nitin-bansal-425852-2024-04-17,Bridging India's digital horizon: A deep dive into 5G and Fixed Wireless Access with Ericsson India head Nitin Bansal,REJECTED_ENTITY_MATCHER,False,,NOT_RELEVANT,Generic match without direct Bharti Airtel relevance
20240417113000-598,20240417113000,indiatimes.com,https://economictimes.indiatimes.com/prime/media-and-communications/what-next-for-vodafone-idea/primearticleshow/109372866.cms,What next for Vodafone Idea?,REJECTED_ENTITY_MATCHER,False,,NOT_RELEVANT,Generic match without direct Bharti Airtel relevance
20240417114500-T106,20240417114500,moneycontrol.com,https://hindi.moneycontrol.com/news/markets/vodafone-idea-fpo-should-you-subscribe-india-largest-follow-on-offer-1895237.html,Vodafone Idea FPO में पैसे लगाएं या नहीं? एक्सपर्ट्स का ये है रुझान,REJECTED_ENTITY_MATCHER,False,,NOT_RELEVANT,Generic match without direct Bharti Airtel relevance
20240417121500-T1869,20240417121500,nobat.com,https://www.nobat.com/news7096-nd-3a2f0094313238313539.html,નિફ્ટી ફયુચર ૨૨૦૦૮ પોઈન્ટ મહત્ત્વની સપાટી...!!!,REJECTED_ENTITY_MATCHER,False,,NOT_RELEVANT,Generic match without direct Bharti Airtel relevance
20240417133000-87,20240417133000,livemint.com,https://www.livemint.com/companies/vodafone-idea-s-post-fpo-priority-clearing-vendor-dues-11713358359389.html,Vodafone Idea's post-FPO priority: Clearing vendor dues,REJECTED_ENTITY_MATCHER,False,,NOT_RELEVANT,Generic match without direct Bharti Airtel relevance
20240417154500-T2620,20240417154500,prahaar.in,https://prahaar.in/these-are-2-awesome-plans-of-jio-with-lots-of-benefits/,"जिओचे हे आहेत २ जबरदस्त प्लान्स, मिळतील भरपूर फायदे",REJECTED_ENTITY_MATCHER,False,,NOT_RELEVANT,Generic match without direct Bharti Airtel relevance
20240417164500-262,20240417164500,developingtelecoms.com,https://developingtelecoms.com/telecom-business/operator-news/16574-fibre-first-for-tigo-tanzania-spectrum-boost-for-vodacom.html,Fibre first for Tigo Tanzania; spectrum boost for Vodacom,REJECTED_ENTITY_MATCHER,False,,NOT_RELEVANT,Generic match without direct Bharti Airtel relevance
20240417164500-162,20240417164500,developingtelecoms.com,https://developingtelecoms.com/telecom-business/telecom-investment-mergers/16572-good-start-for-vodafone-idea-s-massive-fundraising-plans.html,Good start for Vodafone Idea's massive fundraising plans,REJECTED_ENTITY_MATCHER,False,,NOT_RELEVANT,Generic match without direct Bharti Airtel relevance
20240417164500-851,20240417164500,viewngr.com,https://viewngr.com/How-To-Connect-Jio-Wifi-Router-To-Cctv-Camera-5249940.html,"How To Connect Jio Wifi Router To Cctv Camera ?, cctv camera wifi wireless",REJECTED_ENTITY_MATCHER,False,,NOT_RELEVANT,Generic match without direct Bharti Airtel relevance
20240417173000-45,20240417173000,moneycontrol.com,https://www.moneycontrol.com/news/business/markets/trade-setup-for-thursday-15-things-to-know-before-opening-bell-28-12661871.html,Trade setup for Thursday: 15 things to know before opening bell,REJECTED_ENTITY_MATCHER,False,,NOT_RELEVANT,Generic match without direct Bharti Airtel relevance
20240417180000-1074,20240417180000,techweez.com,https://techweez.com/2024/04/17/airtel-new-rates-call-minutes/,"Airtel Announces New Rates, Call Minutes Following CA Mandate",REJECTED_ENTITY_MATCHER,False,,NOT_RELEVANT,Generic match without direct Bharti Airtel relevance
20240417181500-597,20240417181500,livelaw.in,https://www.livelaw.in/consumer-cases/south-west-delhi-district-commission-bharti-airtel-dth-connection-refund-255345,Bharti Airtel Held Liable For Unfair Trade Practice For Failure To Provide Promised Validity Of DTH Connection Pack,REJECTED_ENTITY_MATCHER,False,,NOT_RELEVANT,Formulaic consumer recharge plan / OTT bundle comparison table
20240417190000-1564,20240417190000,indiatimes.com,https://timesofindia.indiatimes.com/spotlight/recharge-and-unwind-experience-togetherness-and-unlimited-entertainment-at-home/articleshow/109056424.cms,Recharge and unwind: Experience togetherness and unlimited entertainment at home!,REJECTED_ENTITY_MATCHER,False,,NOT_RELEVANT,Generic match without direct Bharti Airtel relevance
20240417201500-1289,20240417201500,allafrica.com,https://allafrica.com/stories/202404170361.html,Uganda: Govt Releases More PDM Funds,REJECTED_ENTITY_MATCHER,False,,NOT_RELEVANT,Generic match without direct Bharti Airtel relevance
20240417213000-1685,20240417213000,developingtelecoms.com,https://developingtelecoms.com/telecom-business/telecom-investment-mergers/16572-good-start-for-vodafone-idea-s-latest-massive-fundraising-plans.html,Good start for Vodafone Idea's latest massive fundraising plans,REJECTED_ENTITY_MATCHER,False,,NOT_RELEVANT,Generic match without direct Bharti Airtel relevance
20240417230000-1346,20240417230000,yourstory.com,https://her.yourstory.com:443/2024/04/startup-news-and-updates-daily-roundup-april-17-small-business,"Startup news and updates: Daily roundup (April 17, 2024)",REJECTED_ENTITY_MATCHER,False,,NOT_RELEVANT,Generic match without direct Bharti Airtel relevance
20240418003000-313,20240418003000,newsghana.com.gh,https://newsghana.com.gh/e-commerce-fintech-flagship-category-for-the-2024-edition-of-the-africatech-awards-at-vivatech/,E-Commerce & Fintech: Flagship Category for the 2024 Edition of the Africatech Awards at Vivatech,REJECTED_ENTITY_MATCHER,False,,NOT_RELEVANT,Generic match without direct Bharti Airtel relevance
20240418010000-1491,20240418010000,indiatimes.com,https://economictimes.indiatimes.com/epaper/delhicapital/2024/apr/18/et-front/fpo-funds-to-take-care-of-vis-capex-needs-for-3-years/articleshow/109383420.cms,FPO Funds to Take Care of Vi's Capex Needs for 3 Years,REJECTED_ENTITY_MATCHER,False,,NOT_RELEVANT,Generic match without direct Bharti Airtel relevance
20240418010000-1046,20240418010000,indiatimes.com,https://economictimes.indiatimes.com/industry/telecom/telecom-news/fpo-funds-to-take-care-of-vis-capex-needs-for-3-years-akshaya-moondra-ceo/articleshow/109382305.cms,"FPO funds to take care of Vi's capex needs for 3 years: Akshaya Moondra, CEO",REJECTED_ENTITY_MATCHER,False,,NOT_RELEVANT,Generic match without direct Bharti Airtel relevance
20240418020000-79,20240418020000,indiatimes.com,https://economictimes.indiatimes.com/markets/expert-view/fpo-funds-to-take-care-of-vis-capex-needs-for-3-years-akshaya-moondra-ceo/articleshow/109386732.cms,"FPO funds to take care of Vi's capex needs for 3 years: Akshaya Moondra, CEO",REJECTED_ENTITY_MATCHER,False,,NOT_RELEVANT,Generic match without direct Bharti Airtel relevance
20240418024500-575,20240418024500,moneycontrol.com,https://www.moneycontrol.com/news/business/markets/short-call-high-rates-and-deep-bites-mixed-outlook-for-steel-hdfc-amc-vodafone-gujarat-gas-in-focus-12663121.html,"Short Call | High rates and deep bites; mixed outlook for steel; HDFC AMC, Vodafone, Gujarat Gas in focus",REJECTED_ENTITY_MATCHER,False,,NOT_RELEVANT,Generic match without direct Bharti Airtel relevance
20240418031500-1086,20240418031500,financialexpress.com,https://www.financialexpress.com/business/industry-may-need-more-support-from-govt-vodafone-idea-ceo-3460373/,May need more support from govt: Voda Idea CEO - Industry News,REJECTED_ENTITY_MATCHER,False,,NOT_RELEVANT,Generic match without direct Bharti Airtel relevance
20240418043000-T1325,20240418043000,bhaskar.com,https://www.bhaskar.com/business/news/vodafone-idea-fpo-price-band-gmp-allotment-listing-dates-details-132893216.html,"Vodafone Idea FPO Price Band; GMP Allotment Listing Dates Details | वोडाफोन आइडिया का FPO ओपन हुआ: 22 अप्रैल तक बोली लगा सकेंगे रिटेल निवेशक, मिनिमम इन्वेस्टमेंट ₹14,278",REJECTED_ENTITY_MATCHER,False,,NOT_RELEVANT,Generic match without direct Bharti Airtel relevance
20240418050000-238,20240418050000,modernreaders.com,https://www.modernreaders.com/news/2024/04/18/airtel-africa-lonaaf-shares-up-1-2.html,Airtel Africa (LON:AAF) Shares Up 1.2%,REJECTED_ENTITY_MATCHER,False,,NOT_RELEVANT,Standalone Airtel Africa operational / regional news
20240418051500-459,20240418051500,adgully.com,https://www.adgully.com/leo-burnett-mumbai-announces-new-appointments-to-senior-leadership-team-144657.html,Leo Burnett Mumbai announces new appointments to senior leadership team,REJECTED_ENTITY_MATCHER,False,,NOT_RELEVANT,Generic match without direct Bharti Airtel relevance
20240418053000-402,20240418053000,thenewdawnliberia.com,https://thenewdawnliberia.com/e-commerce-fintech-flagship-category-for-the-2024-edition-of-the-africatech-awards-at-vivatech/,"E-Commerce & Fintech: Flagship Category for the 2024 Edition of the Africatech Awards at Vivatech - Liberia news The New Dawn Liberia, premier resource for latest news",REJECTED_ENTITY_MATCHER,False,,NOT_RELEVANT,Generic match without direct Bharti Airtel relevance
20240418053000-952,20240418053000,thehindu.com,https://www.thehindu.com/business/markets/sensex-updates-on-aprl-18-2024/article68078528.ece,Stock Market Today: Markets rebound in early trade after three days of decline,REJECTED_ENTITY_MATCHER,False,,NOT_RELEVANT,Generic match without direct Bharti Airtel relevance
20240418060000-579,20240418060000,telegraphindia.com,https://www.telegraphindia.com/feeds/business/centre-eases-foreign-direct-investment-rules-for-satellites-business/cid/2014014,foreign direct investment (FDI) | Centre eases Foreign Direct Investment rules for satellites business,REJECTED_ENTITY_MATCHER,False,,NOT_RELEVANT,Generic match without direct Bharti Airtel relevance
20240418060000-583,20240418060000,telegraphindia.com,https://www.telegraphindia.com/business/centre-eases-foreign-direct-investment-rules-for-satellites-business/cid/2014014,foreign direct investment (FDI) | Centre eases Foreign Direct Investment rules for satellites business,REJECTED_ENTITY_MATCHER,False,,NOT_RELEVANT,Generic match without direct Bharti Airtel relevance
20240418060000-1143,20240418060000,theweek.in,https://www.theweek.in/news/biz-tech/2024/04/18/markets-rebound-in-early-trade-after-three-days-of-decline.html,Markets rebound in early trade after three days of decline,REJECTED_ENTITY_MATCHER,False,,NOT_RELEVANT,Generic match without direct Bharti Airtel relevance
20240418060000-1194,20240418060000,india.com,https://zeenews.india.com/markets/markets-rebound-in-early-trade-after-three-days-of-decline-2741379.html,Markets Rebound In Early Trade After Three Days Of Decline,REJECTED_ENTITY_MATCHER,False,,NOT_RELEVANT,Generic match without direct Bharti Airtel relevance
20240418060000-438,20240418060000,telecomlead.com,https://www.telecomlead.com/latest-news/investment-firms-gqg-and-fidelity-buys-stake-in-vodafone-idea-for-261-mn-115778,Investment Firms GQG and Fidelity Buys Stake in Vodafone Idea for $261 mn,REJECTED_ENTITY_MATCHER,False,,NOT_RELEVANT,Generic match without direct Bharti Airtel relevance
20240418061500-286,20240418061500,marketscreener.com,https://www.marketscreener.com/quote/stock/AIRTEL-AFRICA-PLC-61661826/news/AIRTEL-AFRICA-NOTICE-OF-FULL-YEAR-RESULTS-TO-31-MARCH-2024-46463171/,AIRTEL AFRICA : NOTICE OF FULL YEAR RESULTS TO 31 MARCH 2024,REJECTED_ENTITY_MATCHER,False,,NOT_RELEVANT,Standalone Airtel Africa operational / regional news
20240418061500-402,20240418061500,indianexpress.com,https://indianexpress.com/article/business/market/sensex-nifty-rebound-in-early-trade-after-three-sessions-of-decline-9277019/,"Sensex, Nifty rebound in early trade after three sessions of decline",REJECTED_ENTITY_MATCHER,False,,NOT_RELEVANT,Generic match without direct Bharti Airtel relevance
20240418061500-T626,20240418061500,prabhasakshi.com,https://www.prabhasakshi.com/business/stock-market-opening-stock-market-is-on-green-marksensex-crosses-73100-nifty-crosses-2000,"Stock Market Opening: हरे निशान पर कारोबार कर रहा शेयर बाजार, सेंसेक्स 73,100 के पार निफ्टी 2000 से अधिक",REJECTED_ENTITY_MATCHER,False,,NOT_RELEVANT,Generic match without direct Bharti Airtel relevance
20240418063000-302,20240418063000,indiatimes.com,https://economictimes.indiatimes.com/markets/stocks/stock-watch/stock-market-update-stocks-that-hit-52-week-highs-on-nse/articleshow/109392734.cms,52 week high stocks: Stock market update: Stocks that hit 52-week highs on NSE,REJECTED_ENTITY_MATCHER,False,,NOT_RELEVANT,Generic match without direct Bharti Airtel relevance
20240418063000-586,20240418063000,indiatimes.com,https://economictimes.indiatimes.com/markets/stocks/news/vodafone-idea-fpo-opens-today-stock-jumps-over-4/articleshow/109392926.cms,vodafone idea share price: Vodafone Idea FPO opens today; stock jumps over 4%,REJECTED_ENTITY_MATCHER,False,,NOT_RELEVANT,Generic match without direct Bharti Airtel relevance
20240418064500-81,20240418064500,dailypioneer.com,https://www.dailypioneer.com/2024/business/markets-rebound-in-early-trade-after-three-days-of-decline.html,Markets rebound in early trade after three days of decline,REJECTED_ENTITY_MATCHER,False,,NOT_RELEVANT,Generic match without direct Bharti Airtel relevance
20240418064500-149,20240418064500,investegate.co.uk,https://www.investegate.co.uk:443/announcement/rns/airtel-africa--aaf/notice-of-results/8143639,Notice of Results | Company Announcement,REJECTED_ENTITY_MATCHER,False,,NOT_RELEVANT,Generic match without direct Bharti Airtel relevance
20240418064500-82,20240418064500,financialexpress.com,https://www.financialexpress.com/business/brandwagon-leo-burnett-mumbai-announces-new-appointments-to-its-senior-leadership-team-3460508/,Leo Burnett Mumbai announces new appointments to its senior leadership team,REJECTED_ENTITY_MATCHER,False,,NOT_RELEVANT,Generic match without direct Bharti Airtel relevance
20240418064500-503,20240418064500,financialexpress.com,https://www.financialexpress.com/market/vodafone-ideas-rs-18000-crore-fpo-kicks-off-today-here-is-all-you-need-to-know-3460475/,"Vodafone Idea's Rs 18,000 crore FPO kicks off today: Here is all you need to know - Market News",REJECTED_ENTITY_MATCHER,False,,NOT_RELEVANT,Generic match without direct Bharti Airtel relevance
20240418064500-208,20240418064500,campaignindia.in,https://www.campaignindia.in:443/article/leo-burnett-mumbai-shakes-up-leadership-to-drive-new-growth-initiatives/495562,Leo Burnett Mumbai shakes up leadership to drive new growth initiatives | Advertising,REJECTED_ENTITY_MATCHER,False,,NOT_RELEVANT,Generic match without direct Bharti Airtel relevance
20240418070000-622,20240418070000,moneycontrol.com,https://www.moneycontrol.com/news/business/markets/mid-day-mood-market-snaps-3-day-losing-streak-as-bond-yields-retreat-volatility-eases-3-12665381.html,"Mid-day Mood | Market snaps 3-day losing streak as bond yields retreat, volatility eases 3%",REJECTED_ENTITY_MATCHER,False,,NOT_RELEVANT,Generic match without direct Bharti Airtel relevance
20240418073000-976,20240418073000,yourstory.com,https://yourstory.com:443/2024/04/startup-news-and-updates-daily-roundup-april-17-small-business,"Startup news and updates: Daily roundup (April 17, 2024)",REJECTED_ENTITY_MATCHER,False,,NOT_RELEVANT,Generic match without direct Bharti Airtel relevance
20240418074500-1211,20240418074500,indiatimes.com,https://economictimes.indiatimes.com/markets/expert-view/how-will-markets-move-in-run-up-to-budget-after-elections-samir-arora-answers/articleshow/109394677.cms,markets: How will markets move in runup to Budget after elections? Samir Arora answers,REJECTED_ENTITY_MATCHER,False,,NOT_RELEVANT,Generic match without direct Bharti Airtel relevance
20240418080000-T1579,20240418080000,webdunia.com,https://hindi.webdunia.com/share-market-news/latest-prices-of-mumbai-stock-market-on-18th-april-2024-124041800014_1.html,"घरेलू बाजारों में शुरुआती कारोबार में रही तेजी, Sensex 311 और nifty 123 अंक चढ़ा",REJECTED_ENTITY_MATCHER,False,,NOT_RELEVANT,Generic match without direct Bharti Airtel relevance
20240418081500-125,20240418081500,tribuneindia.com,https://www.tribuneindia.com/news/business/markets-rebound-in-early-trade-after-three-days-of-decline-612044,Markets rebound in early trade after three days of decline,REJECTED_ENTITY_MATCHER,False,,NOT_RELEVANT,Generic match without direct Bharti Airtel relevance
20240418090000-T1146,20240418090000,moneycontrol.com,https://hindi.moneycontrol.com/news/markets/experts-trades-in-ioc-lic-housing-finance-bharti-airtel-gujarat-pipavav-stocks-to-earn-profit-know-the-target-prices-1895452.html,"3 दिनों की गिरावट के बाद आज बाजार संभलता दिखा, इन 4 शेयर्स में दांव लगाने से होगा तगड़ा मुनाफा, जानें टारगेट प्राइस",REJECTED_ENTITY_MATCHER,False,,NOT_RELEVANT,Generic match without direct Bharti Airtel relevance
20240418091500-811,20240418091500,indiatimes.com,https://economictimes.indiatimes.com/markets/expert-view/prepare-for-a-positive-surprise-in-it-stocks-be-careful-in-metals-this-is-what-rohit-srivastava-has-to-say/articleshow/109397673.cms,metal sector outlook: Prepare for a positive surprise in IT stocks & be careful in metals? This is what Rohit Srivastava has to say,REJECTED_ENTITY_MATCHER,False,,NOT_RELEVANT,Generic match without direct Bharti Airtel relevance
20240418093000-101,20240418093000,thehindubusinessline.com,https://www.thehindubusinessline.com/markets/stock-markets/sensex-trades-at-73400-level-nifty-at-22300-level/article68078830.ece,"Sensex trades at 73,400 level, Nifty at 22,300 level - The Hindu BusinessLine",REJECTED_ENTITY_MATCHER,False,,NOT_RELEVANT,Generic match without direct Bharti Airtel relevance
20240418094500-1487,20240418094500,digit.in,https://www.digit.in/features/mobile-phones/tips-for-maximizing-5g-speeds-on-smartphones.html,Tips for maximizing 5G speeds on smartphones,REJECTED_ENTITY_MATCHER,False,,NOT_RELEVANT,Generic match without direct Bharti Airtel relevance
20240418094500-1225,20240418094500,indiainfoline.com,https://www.indiainfoline.com/news/markets/indian-indices-rally-on-asian-market-boost-auto-sector-leads-gains,Indian Indices Rally on Asian Market Boost; Auto Sector Leads Gains,REJECTED_ENTITY_MATCHER,False,,NOT_RELEVANT,Generic match without direct Bharti Airtel relevance
20240418100000-1140,20240418100000,indiatimes.com,https://economictimes.indiatimes.com/industry/telecom/telecom-news/why-this-maverick-investor-is-betting-on-vodafone-idea/articleshow/109399922.cms,Why this maverick investor is betting on Vodafone Idea,REJECTED_ENTITY_MATCHER,False,,NOT_RELEVANT,Generic match without direct Bharti Airtel relevance
20240418100000-1232,20240418100000,indianexpress.com,https://indianexpress.com/article/technology/techook/5g-network-issues-and-troubleshoot-tips-9277566/,Trouble connecting to 5G network? 5 ways to get faster internet,REJECTED_ENTITY_MATCHER,False,,NOT_RELEVANT,Generic match without direct Bharti Airtel relevance
20240418100000-276,20240418100000,fonearena.com,https://www.fonearena.com/blog/421658/moto-g64-5g-review.html,moto g64 5G Review: Feature-packed under Rs. 15000,REJECTED_ENTITY_MATCHER,False,,NOT_RELEVANT,Generic match without direct Bharti Airtel relevance
20240418101500-T2436,20240418101500,indiatimes.com,https://navbharattimes.indiatimes.com/tech/gadgets-news/airtel-launches-rs-39-and-rs-79-plan-and-revised-rs-40-plan-check-extra-benefits/articleshow/109399735.cms,"Airtel के 2 नए प्रीपेड प्लान लॉन्च, 39 रुपये में अनलिमिटेड डेटा समेत एक्स्ट्रा फायदे",REJECTED_ENTITY_MATCHER,False,,NOT_RELEVANT,Generic match without direct Bharti Airtel relevance
20240418104500-505,20240418104500,livemint.com,https://www.livemint.com/market/stock-market-news/stock-market-today-sensex-nifty-fall-for-4th-consecutive-session-11713434120238.html,"Stock market today: Sensex, Nifty fall for 4th consecutive session; investors lose nearly ₹9 lakh crore in 4 days",REJECTED_ENTITY_MATCHER,False,,NOT_RELEVANT,Generic match without direct Bharti Airtel relevance
20240418104500-797,20240418104500,moneycontrol.com,https://www.moneycontrol.com/news/business/markets/taking-stock-bears-tighten-control-on-d-street-sensex-down-455-pts-nifty-below-22000-12667731.html,"Taking Stock: Bears tighten control on D-Street; Sensex down 455 pts, Nifty below 22,000",REJECTED_ENTITY_MATCHER,False,,NOT_RELEVANT,Generic match without direct Bharti Airtel relevance
20240418110000-48,20240418110000,telegraphindia.com,https://www.telegraphindia.com/feeds/business/markets-rebound-in-early-trade-after-three-days-of-decline/cid/2014062,Stock market | Markets rebound in early trade after three days of decline,REJECTED_ENTITY_MATCHER,False,,NOT_RELEVANT,Generic match without direct Bharti Airtel relevance
20240418110000-622,20240418110000,aninews.in,https://aninews.in/news/business/selling-in-indian-stock-market-continues-for-the-fourth-session20240418161159/,Selling in Indian stock market continues for the fourth session,REJECTED_ENTITY_MATCHER,False,,NOT_RELEVANT,Generic match without direct Bharti Airtel relevance
20240418111500-1518,20240418111500,moneycontrol.com,https://www.moneycontrol.com/news/business/nokia-ericsson-q1-sales-fall-in-india-as-top-telcos-normalise-5g-network-investment-12668001.html,"Nokia, Ericsson Q1 sales fall in India as top telcos normalise 5G network investment",REJECTED_ENTITY_MATCHER,False,,NOT_RELEVANT,Generic match without direct Bharti Airtel relevance
20240418113000-1871,20240418113000,indiatimes.com,https://economictimes.indiatimes.com/markets/stocks/stock-watch/stock-market-update-power-stocks-up-as-market-falls/articleshow/109403194.cms,Stock Market Sectors: Stock market update: Power stocks up as market falls,REJECTED_ENTITY_MATCHER,False,,NOT_RELEVANT,Generic match without direct Bharti Airtel relevance
20240418113000-75,20240418113000,telegraphindia.com,https://www.telegraphindia.com/business/markets-rebound-in-early-trade-after-three-days-of-decline/cid/2014062,Stock market | Markets rebound in early trade after three days of decline,REJECTED_ENTITY_MATCHER,False,,NOT_RELEVANT,Generic match without direct Bharti Airtel relevance
20240418113000-1279,20240418113000,indiatimes.com,https://economictimes.indiatimes.com/markets/expert-view/is-it-time-to-take-small-bets-in-fmcg-stocks-should-you-buy-it-largecaps-on-10-15-correction/articleshow/109402958.cms,sandip sabharwal stocks: Is it time to take small bets in FMCG stocks? Should you buy IT largecaps on 10-15% correction?,REJECTED_ENTITY_MATCHER,False,,NOT_RELEVANT,Generic match without direct Bharti Airtel relevance
20240418113000-2103,20240418113000,hindustantimes.com,https://www.hindustantimes.com/business/sensex-nifty-close-in-red-4th-day-in-a-row-investors-log-rs-9-lakh-crore-loss-in-stock-market-plunge-101713437773843.html,"Sensex, Nifty close in red 4th day in a row; investors log ₹9 lakh crore loss in stock market plunge",REJECTED_ENTITY_MATCHER,False,,NOT_RELEVANT,Generic match without direct Bharti Airtel relevance
20240418114500-1681,20240418114500,indiatimes.com,https://economictimes.indiatimes.com/markets/stocks/stock-watch/stock-market-update-fertilisers-stocks-down-as-market-falls/articleshow/109403718.cms,Stock Market Sectors: Stock market update: Fertilisers stocks down as market falls,REJECTED_ENTITY_MATCHER,False,,NOT_RELEVANT,Generic match without direct Bharti Airtel relevance
20240418114500-125,20240418114500,indiatimes.com,https://economictimes.indiatimes.com/markets/stocks/stock-watch/stock-market-update-mining-stocks-down-as-market-falls/articleshow/109403506.cms,Stock Market Sectors: Stock market update: Mining stocks down as market falls,REJECTED_ENTITY_MATCHER,False,,NOT_RELEVANT,Generic match without direct Bharti Airtel relevance
20240418114500-1340,20240418114500,indiatimes.com,https://economictimes.indiatimes.com/markets/stocks/stock-watch/stock-market-update-stocks-that-hit-52-week-highs-on-nse-in-todays-trade/articleshow/109403340.cms,52 week high stocks: Stock market update: Stocks that hit 52-week highs on NSE in today's trade,REJECTED_ENTITY_MATCHER,False,,NOT_RELEVANT,Generic match without direct Bharti Airtel relevance
20240418114500-T1806,20240418114500,gujaratsamachar.com,https://www.gujaratsamachar.com/news/business/stock-market-down-4th-consecutive-session-investors-lost-9-lakh-crores,"Stock Market Closing: સેન્સેક્સ વધ્યા મથાળેથી 984 પોઈન્ટ તૂટ્યો, નિફ્ટીએ 22000ની સપાટી ગુમાવી",REJECTED_ENTITY_MATCHER,False,,NOT_RELEVANT,Generic match without direct Bharti Airtel relevance
20240418120000-1812,20240418120000,bignewsnetwork.com,https://www.bignewsnetwork.com/news/274284481/selling-in-indian-stock-market-continues-for-the-fourth-session,Selling in Indian stock market continues for the fourth session,REJECTED_ENTITY_MATCHER,False,,NOT_RELEVANT,Generic match without direct Bharti Airtel relevance
20240418120000-394,20240418120000,rttnews.com,https://www.rttnews.com/story.aspx?Id=3439819,"Sensex, Nifty Extend Losses For Fourth Day",REJECTED_ENTITY_MATCHER,False,,NOT_RELEVANT,Generic match without direct Bharti Airtel relevance
20240418120000-974,20240418120000,theweek.in,https://www.theweek.in/news/biz-tech/2024/04/markets-face-heavy-fluctuations-settle-lower-taking-downtrend-to-fourth-day.html,Markets face heavy fluctuations; settle lower taking downtrend to fourth day,REJECTED_ENTITY_MATCHER,False,,NOT_RELEVANT,Generic match without direct Bharti Airtel relevance
20240418120000-1036,20240418120000,theweek.in,https://www.theweek.in/wire-updates/business/2024/04/18/del31-biz-stocks-close.html,Markets face heavy fluctuations settle lower taking downtrend to 4th day,REJECTED_ENTITY_MATCHER,False,,NOT_RELEVANT,Generic match without direct Bharti Airtel relevance
20240418121500-T1368,20240418121500,punjabkesari.in,https://www.punjabkesari.in/business/news/airtel-took-a-big-decision-regarding-sri-lanka-business-1968867,"Airtel ने श्रीलंका कारोबार को लेकर लिया बड़ा फैसला, शेयर में दिखा एक्शन - airtel took a big decision regarding sri lanka business",REJECTED_ENTITY_MATCHER,False,,NOT_RELEVANT,Generic match without direct Bharti Airtel relevance
20240418121500-854,20240418121500,indiatimes.com,https://economictimes.indiatimes.com/markets/stocks/stock-watch/share-market-update-most-active-stocks-of-the-day-in-terms-of-traded-value/articleshow/109403891.cms,active stocks: Share market update: Most active stocks of the day in terms of traded value,REJECTED_ENTITY_MATCHER,False,,NOT_RELEVANT,Generic match without direct Bharti Airtel relevance
20240418121500-825,20240418121500,indiatimes.com,https://economictimes.indiatimes.com/markets/stocks/stock-watch/stock-market-update-fmcg-stocks-down-as-market-falls/articleshow/109404529.cms,Stock Market Sectors: Stock market update: FMCG stocks down as market falls,REJECTED_ENTITY_MATCHER,False,,NOT_RELEVANT,Generic match without direct Bharti Airtel relevance
20240418121500-1154,20240418121500,indiatimes.com,https://economictimes.indiatimes.com/markets/stocks/stock-watch/stock-market-update-stocks-that-hit-52-week-lows-on-nse-in-todays-trade/articleshow/109404107.cms,52 week high stocks: Stock market update: Stocks that hit 52-week lows on NSE in today's trade,REJECTED_ENTITY_MATCHER,False,,NOT_RELEVANT,Generic match without direct Bharti Airtel relevance
20240418121500-957,20240418121500,srilankamirror.com,https://srilankamirror.com/news/keheliyas-family-yet-to-return-ministrys-vehicles/,Keheliya's family yet to return ministry's vehicles – Sri Lanka Mirror – Right to Know. Power to Change,REJECTED_ENTITY_MATCHER,False,,NOT_RELEVANT,Generic match without direct Bharti Airtel relevance
20240418121500-747,20240418121500,srilankamirror.com,https://srilankamirror.com/news/sri-lankans-rescued-from-myanmar-repatriated/,Sri Lankans rescued from Myanmar repatriated,REJECTED_ENTITY_MATCHER,False,,NOT_RELEVANT,Generic match without direct Bharti Airtel relevance
20240418121500-1109,20240418121500,srilankamirror.com,https://srilankamirror.com/news/wimals-phone-switched-off/,Wimal's phone switched off – Sri Lanka Mirror – Right to Know. Power to Change,REJECTED_ENTITY_MATCHER,False,,NOT_RELEVANT,Generic match without direct Bharti Airtel relevance
20240418121500-1085,20240418121500,indiatimes.com,https://telecom.economictimes.indiatimes.com/news/industry/government-mulls-to-sell-remaining-15-bharti-hexacom-stake-in-tranches-to-earn-special-dividend/109395647,"Government mulls to sell remaining 15% Bharti Hexacom stake in tranches, to earn special dividend, ET Telecom",REJECTED_ENTITY_MATCHER,False,,NOT_RELEVANT,Standalone Bharti Hexacom operational news
20240418123000-466,20240418123000,thehindu.com,https://www.thehindu.com/business/markets/markets-face-heavy-fluctuations-settle-lower-taking-downtrend-to-4th-day/article68079573.ece,Markets face heavy fluctuations; settle lower taking downtrend to 4th day,REJECTED_ENTITY_MATCHER,False,,NOT_RELEVANT,Generic match without direct Bharti Airtel relevance
20240418124500-1020,20240418124500,mobileworldlive.com,https://www.mobileworldlive.com/operators/axiata-airtel-move-ahead-with-sri-lanka-tie-up/,"Axiata, Airtel move ahead with Sri Lanka tie-up",REJECTED_ENTITY_MATCHER,False,,NOT_RELEVANT,Generic match without direct Bharti Airtel relevance
20240418124500-1234,20240418124500,oklahomacitysun.com,https://www.oklahomacitysun.com/news/274284481/selling-in-indian-stock-market-continues-for-the-fourth-session,Selling in Indian stock market continues for the fourth session,REJECTED_ENTITY_MATCHER,False,,NOT_RELEVANT,Generic match without direct Bharti Airtel relevance
20240418124500-480,20240418124500,livemint.com,https://www.livemint.com/market/stock-market-news/how-indias-stock-show-set-stage-for-a-bulk-deal-bonanza-11713430087605.html,How India's stock show set the stage for a bulk deal bonanza,REJECTED_ENTITY_MATCHER,False,,NOT_RELEVANT,Generic match without direct Bharti Airtel relevance
20240418124500-1171,20240418124500,medianama.com,https://www.medianama.com/2024/04/223-trai-recommendations-digital-communication-sandbox/,TRAI's recommendations for digital communication sector sandbox,REJECTED_ENTITY_MATCHER,False,,NOT_RELEVANT,Generic match without direct Bharti Airtel relevance
20240418130000-T2766,20240418130000,vtvgujarati.com,https://www.vtvgujarati.com/news-details/after-the-days-rally-the-stock-market-turned-upside-down-these-shares-were-washed-away,"દિવસભરની તેજી બાદ ઉંધા માથે પડ્યું શેર બજાર, આ શેર ધોવાયા, સેન્સેક્સ 478 પોઈન્ટ ગગડ્યો, After the day's rally, the stock market turned upside down, these shares were washed away, Sensex fell 478 points.",REJECTED_ENTITY_MATCHER,False,,NOT_RELEVANT,Generic match without direct Bharti Airtel relevance
20240418130000-243,20240418130000,theweek.in,https://www.theweek.in/news/biz-tech/2024/04/18/vodafone-idea-fpo-open-for-subscription-should-you-invest.html,Vodafone Idea FPO open for subscription. Should you invest?,REJECTED_ENTITY_MATCHER,False,,NOT_RELEVANT,Generic match without direct Bharti Airtel relevance
20240418130000-901,20240418130000,indiatimes.com,https://economictimes.indiatimes.com/industry/telecom/telecom-news/uks-vodafone-offers-no-comment-on-voda-idea-backing/articleshow/109406430.cms,UK's Vodafone offers 'no comment' on Voda Idea backing,REJECTED_ENTITY_MATCHER,False,,NOT_RELEVANT,Generic match without direct Bharti Airtel relevance
20240418131500-699,20240418131500,prokerala.com,https://www.prokerala.com/news/articles/a1524004.html,"Airtel Payments Bank joins NPCI to launch NCMC-enabled debit, prepaid cards",REJECTED_ENTITY_MATCHER,False,,NOT_RELEVANT,Standalone Airtel Payments Bank operational news
20240418131500-899,20240418131500,rttnews.com,https://www.rttnews.com/3439819/sensex-nifty-extend-losses-for-fourth-day.aspx,"Sensex, Nifty Extend Losses For Fourth Day",REJECTED_ENTITY_MATCHER,False,,NOT_RELEVANT,Generic match without direct Bharti Airtel relevance
20240418133000-T2148,20240418133000,moneycontrol.com,https://hindi.moneycontrol.com/news/markets/dealers-bearish-on-petronet-stock-and-given-bullish-view-on-tata-power-share-1895551.html,"डीलिंग रूम्स में आज इस स्टॉक में हुई जोरदार बिकवाली, टाटा ग्रुप के इस दिग्गज शेयर में हुई बंपर बाईंग",REJECTED_ENTITY_MATCHER,False,,NOT_RELEVANT,Generic match without direct Bharti Airtel relevance
20240418133000-T2157,20240418133000,moneycontrol.com,https://hindi.moneycontrol.com/news/markets/market-outlook-market-closed-in-the-red-for-fourth-consecutive-day-know-how-it-may-move-on-april-19-1895570.html,"Market outlook: लगातार चौथे दिन लाल निशान में बंद हुआ बाजार, जानिए 19 अप्रैल को कैसी रह सकती है इसकी चाल",REJECTED_ENTITY_MATCHER,False,,NOT_RELEVANT,Generic match without direct Bharti Airtel relevance
20240418133000-T2160,20240418133000,prabhatkhabar.com,https://www.prabhatkhabar.com/technology/best-recharge-plan-airtel-superhit-pack-rs-329-rjv,"Airtel Superhit Plan: 28 या 30 नहीं, पूरे 35 दिन की वैलिडिटी",REJECTED_ENTITY_MATCHER,False,,NOT_RELEVANT,Generic match without direct Bharti Airtel relevance
20240418140000-1755,20240418140000,menafn.com,https://menafn.com/1108110582/Airtel-Payments-Bank-Joins-NPCI-To-Launch-NCMC-Enabled-Debit-Prepaid-Cards,"Airtel Payments Bank Joins NPCI To Launch NCMC-Enabled Debit, Prepaid Cards",REJECTED_ENTITY_MATCHER,False,,NOT_RELEVANT,Standalone Airtel Payments Bank operational news
20240418140000-1151,20240418140000,indiatimes.com,https://timesofindia.indiatimes.com/technology/tech-news/airtel-payments-bank-launches-interoperable-ncmc-enabled-debit-and-prepaid-cards-benefits-how-to-get-one-and-more/articleshow/109406839.cms,"Airtel Payments Bank launches interoperable NCMC-enabled debit and prepaid cards: Benefits, how to get one and more",REJECTED_ENTITY_MATCHER,False,,NOT_RELEVANT,Standalone Airtel Payments Bank operational news
20240418141500-975,20240418141500,thestatesman.com,https://www.thestatesman.com/business/sensex-nifty-end-lower-for-fourth-straight-session-1503291601.html,"Sensex, Nifty end lower for fourth straight session",REJECTED_ENTITY_MATCHER,False,,NOT_RELEVANT,Generic match without direct Bharti Airtel relevance
20240418141500-80,20240418141500,thehindubusinessline.com,https://www.thehindubusinessline.com/markets/markets-face-heavy-fluctuations-settle-lower-taking-downtrend-to-fourth-day/article68079324.ece,Markets face heavy fluctuations; settle lower taking downtrend to fourth day,REJECTED_ENTITY_MATCHER,False,,NOT_RELEVANT,Generic match without direct Bharti Airtel relevance
20240418141500-1466,20240418141500,indiainfoline.com,https://www.indiainfoline.com/news/markets/sensex-nifty-suffer-fourth-consecutive-loss-nifty-slips-below-22000,"Sensex, Nifty Suffer Fourth Consecutive Loss; Nifty Slips Below 22,000",REJECTED_ENTITY_MATCHER,False,,NOT_RELEVANT,Generic match without direct Bharti Airtel relevance
20240418141500-493,20240418141500,torontotelegraph.com,https://www.torontotelegraph.com/news/274284481/selling-in-indian-stock-market-continues-for-the-fourth-session,Selling in Indian stock market continues for the fourth session,REJECTED_ENTITY_MATCHER,False,,NOT_RELEVANT,Generic match without direct Bharti Airtel relevance
20240418141500-679,20240418141500,newzealandstar.com,https://www.newzealandstar.com/news/274284481/selling-in-indian-stock-market-continues-for-the-fourth-session,Selling in Indian stock market continues for the fourth session,REJECTED_ENTITY_MATCHER,False,,NOT_RELEVANT,Generic match without direct Bharti Airtel relevance
20240418141500-T2054,20240418141500,digit.in,https://www.digit.in/kn/news/telecom/airtel-recharge-plan-with-unlimited-5g-data-and-voice-calling-for-90-days-validity.html,90 ದಿನಗಳ ವ್ಯಾಲಿಡಿಟಿಯೊಂದಿಗೆ Unlimited 5G ಡೇಟಾ ಮತ್ತು ವಾಯ್ಸ್ ಕರೆ ನೀಡುವ ಅತ್ಯುತ್ತಮ Airtel ಪ್ಲಾನ್ ಯಾವುದು?,REJECTED_ENTITY_MATCHER,False,,NOT_RELEVANT,Formulaic consumer recharge plan / OTT bundle comparison table
20240418144500-1955,20240418144500,telegraphindia.com,https://www.telegraphindia.com/feeds/business/sensex-and-nifty-face-heavy-fluctuations-settle-lower-taking-downtrend-to-fourth-day/cid/2014155,Stock market | Sensex and Nifty face heavy fluctuations; settle lower taking downtrend to fourth day,REJECTED_ENTITY_MATCHER,False,,NOT_RELEVANT,Generic match without direct Bharti Airtel relevance
20240418144500-747,20240418144500,theweek.in,https://www.theweek.in/wire-updates/business/2024/04/18/del59-biz-vodafone-idea-fpo.html,Vodafone Idea FPO opens to slow start 26 shares subscribed,REJECTED_ENTITY_MATCHER,False,,NOT_RELEVANT,Generic match without direct Bharti Airtel relevance
20240418144500-1659,20240418144500,india.com,https://zeenews.india.com/markets/selling-in-indian-stock-market-continues-for-the-fourth-session-2741544.html,Selling In Indian Stock Market Continues For The Fourth Session,REJECTED_ENTITY_MATCHER,False,,NOT_RELEVANT,Generic match without direct Bharti Airtel relevance
20240418150000-1265,20240418150000,indiatoday.in,https://www.indiatoday.in/technology/news/story/iphone-13-is-available-at-a-discount-on-amazon-but-should-you-buy-it-2528817-2024-04-18,iPhone 13 is available at a discount on Amazon but should you buy it?,REJECTED_ENTITY_MATCHER,False,,NOT_RELEVANT,Generic match without direct Bharti Airtel relevance
20240418150000-647,20240418150000,businesstoday.in,https://www.businesstoday.in/visualstories/stock/apollo-hospitals-nestle-top-losers-on-nifty50-as-market-extends-losses-into-4th-session-infosys-most-active-on-april-18-129927-18-04-2024,"Apollo Hospitals, Nestle top losers on Nifty50 as market extends losses into 4th session; Infosys most active on April 18",REJECTED_ENTITY_MATCHER,False,,NOT_RELEVANT,Generic match without direct Bharti Airtel relevance
20240418150000-933,20240418150000,easternmirrornagaland.com,https://easternmirrornagaland.com/airtel-payments-bank-joins-npci-to-launch-ncmc-enabled-debit-prepaid-cards/,"Airtel Payments Bank Joins NPCI To Launch NCMC-enabled Debit, Prepaid Cards",REJECTED_ENTITY_MATCHER,False,,NOT_RELEVANT,Standalone Airtel Payments Bank operational news
20240418153000-2293,20240418153000,theusnews.com,https://www.theusnews.com/news/274284481/selling-in-indian-stock-market-continues-for-the-fourth-session,Selling in Indian stock market continues for the fourth session,REJECTED_ENTITY_MATCHER,False,,NOT_RELEVANT,Generic match without direct Bharti Airtel relevance
20240418154500-2303,20240418154500,telegraphindia.com,https://www.telegraphindia.com/business/sensex-and-nifty-face-heavy-fluctuations-settle-lower-taking-downtrend-to-fourth-day/cid/2014155,Stock market | Sensex and Nifty face heavy fluctuations; settle lower taking downtrend to fourth day,REJECTED_ENTITY_MATCHER,False,,NOT_RELEVANT,Generic match without direct Bharti Airtel relevance
20240418160000-2226,20240418160000,ibcworldnews.com,https://ibcworldnews.com/?p=143648,"Airtel Payments Bank Joins NPCI To Launch NCMC-Enabled Debit, Prepaid Cards",REJECTED_ENTITY_MATCHER,False,,NOT_RELEVANT,Standalone Airtel Payments Bank operational news
20240418161500-527,20240418161500,financialexpress.com,https://www.financialexpress.com/market/closing-bell-markets-wipe-out-intra-day-gains-nifty-below-22000-bank-nifty-tanks-over-400-points-on-april-18-3461050/,"Closing Bell: Markets wipe out intra-day gains, Nifty below 22,000, Bank Nifty tanks over 400 points on April 18",REJECTED_ENTITY_MATCHER,False,,NOT_RELEVANT,Generic match without direct Bharti Airtel relevance
20240418161500-776,20240418161500,sierraleonetimes.com,https://www.sierraleonetimes.com/news/274284481/selling-in-indian-stock-market-continues-for-the-fourth-session,Selling in Indian stock market continues for the fourth session,REJECTED_ENTITY_MATCHER,False,,NOT_RELEVANT,Generic match without direct Bharti Airtel relevance
20240418163000-1788,20240418163000,tribuneindia.com,https://www.tribuneindia.com/news/business/markets-end-lower-for-4th-straight-session-amid-heavy-fluctuations-612094,Markets end lower for 4th straight session amid heavy fluctuations,REJECTED_ENTITY_MATCHER,False,,NOT_RELEVANT,Generic match without direct Bharti Airtel relevance
20240418163000-387,20240418163000,rediff.com,https://www.rediff.com/business/report/sensex-tanks-455-points-dragged-by-bank-stocks/20240418.htm,Sensex tanks 455 points dragged by bank stocks,REJECTED_ENTITY_MATCHER,False,,NOT_RELEVANT,Generic match without direct Bharti Airtel relevance
20240418163000-1709,20240418163000,nigeriasun.com,https://www.nigeriasun.com/news/274284481/selling-in-indian-stock-market-continues-for-the-fourth-session,Selling in Indian stock market continues for the fourth session,REJECTED_ENTITY_MATCHER,False,,NOT_RELEVANT,Generic match without direct Bharti Airtel relevance
20240418163000-1891,20240418163000,rediff.com,https://www.rediff.com/business/report/vodafone-idea-fpo-opens-to-slow-start-26-shares-subscribed/20240418.htm,"Vodafone Idea FPO opens to slow start, 26% shares subscribed",REJECTED_ENTITY_MATCHER,False,,NOT_RELEVANT,Generic match without direct Bharti Airtel relevance
20240418163000-128,20240418163000,indiablooms.com,https://www.indiablooms.com/finance-details/20284/indian-bourses-close-in-red-amid-uncertainty-in-west-asia-sensex-tanks-450pts-nifty-at-21-995.html,"Indian bourses close in red amid uncertainty in West Asia; Sensex tanks 450pts, Nifty at 21,995 | Indiablooms",REJECTED_ENTITY_MATCHER,False,,NOT_RELEVANT,Generic match without direct Bharti Airtel relevance
20240418164500-848,20240418164500,totaltele.com,https://totaltele.com/axiata-and-airtel-sign-agreement-to-merge-operations-in-sri-lanka/,Axiata and Airtel sign agreement to merge operations in Sri Lanka,REJECTED_ENTITY_MATCHER,False,,NOT_RELEVANT,Generic match without direct Bharti Airtel relevance
20240418164500-1764,20240418164500,bnnbloomberg.ca,https://www.bnnbloomberg.ca/nigeria-to-criminalise-fiber-cable-damage-costing-telecoms-billions-1.2060885,Nigeria to Criminalise Fiber Cable Damage Costing Telecoms Billions,REJECTED_ENTITY_MATCHER,False,,NOT_RELEVANT,Generic match without direct Bharti Airtel relevance
20240418164500-2166,20240418164500,indiatimes.com,https://economictimes.indiatimes.com/markets/ipos/fpos/vodafone-idea-gets-muted-response-for-its-rs-18000-crore-fpo-on-day-1/articleshow/109410179.cms,"vodafone idea fpo: Vodafone Idea gets muted response for its Rs 18,000 crore FPO on Day 1",REJECTED_ENTITY_MATCHER,False,,NOT_RELEVANT,Generic match without direct Bharti Airtel relevance
20240418171500-1508,20240418171500,indiatimes.com,https://telecom.economictimes.indiatimes.com/news/industry/vodafone-idea-fpo-opens-to-slow-start-26-shares-subscribed/109409240,"Vodafone Idea FPO opens to slow start, 26% shares subscribed, Telecom News, ET Telecom",REJECTED_ENTITY_MATCHER,False,,NOT_RELEVANT,Generic match without direct Bharti Airtel relevance
20240418180000-1441,20240418180000,rttnews.com,https://www.rttnews.com/story.aspx?Id=3439965,European Stocks Close Higher On Rate Cut Hopes,REJECTED_ENTITY_MATCHER,False,,NOT_RELEVANT,Generic match without direct Bharti Airtel relevance
20240418181500-1539,20240418181500,moneycontrol.com,https://www.moneycontrol.com/news/business/markets/trade-setup-for-friday-15-things-to-know-before-opening-bell-26-12671171.html,Trade setup for Friday: 15 things to know before opening bell,REJECTED_ENTITY_MATCHER,False,,NOT_RELEVANT,Generic match without direct Bharti Airtel relevance
20240418181500-2027,20240418181500,sharecast.com,https://www.sharecast.com/news/market-report-close/london-close--16623009.html,London close: Stocks push ahead as airlines lead gains,REJECTED_ENTITY_MATCHER,False,,NOT_RELEVANT,Generic match without direct Bharti Airtel relevance
20240418191500-427,20240418191500,theindianawaaz.com,https://theindianawaaz.com/final-trade-april-18-indices-continue-to-fall-for-fourth-session-nifty-gives-up-22000-sensex-drops-455/,"FINAL TRADE APRIL 18: Indices continue to fall for fourth session; Nifty gives up 22,000, Sensex drops 455",REJECTED_ENTITY_MATCHER,False,,NOT_RELEVANT,Generic match without direct Bharti Airtel relevance
20240418194500-1915,20240418194500,indiatimes.com,https://economictimes.indiatimes.com/industry/telecom/telecom-news/three-pvt-telecom-operators-ideal-for-india-sunil-mittal/articleshow/109412167.cms,Three pvt telecom operators ideal for India: Sunil Mittal,REJECTED_ENTITY_MATCHER,False,,NOT_RELEVANT,Generic match without direct Bharti Airtel relevance
20240418201500-2012,20240418201500,rttnews.com,https://www.rttnews.com/3439965/european-stocks-close-higher-on-rate-cut-hopes.aspx,European Stocks Close Higher On Rate Cut Hopes,REJECTED_ENTITY_MATCHER,False,,NOT_RELEVANT,Generic match without direct Bharti Airtel relevance
20240418201500-T1573,20240418201500,navabharat.com,https://navabharat.com/?p=14244,शेयर बाजार में चौथे दिन गिरावट,REJECTED_ENTITY_MATCHER,False,,NOT_RELEVANT,Generic match without direct Bharti Airtel relevance
20240418203000-827,20240418203000,marketscreener.com,https://www.marketscreener.com/quote/stock/BHARTI-AIRTEL-LIMITED-6494412/news/Deals-of-the-day-Mergers-and-acquisitions-46472321/,Deals of the day-Mergers and acquisitions,REJECTED_ENTITY_MATCHER,False,,NOT_RELEVANT,Generic match without direct Bharti Airtel relevance
20240418203000-1459,20240418203000,hl.co.uk,https://www.hl.co.uk/shares/stock-market-news/market-reports/london-close-stocks-push-ahead-as-airlines-lead-gains,London close: Stocks push ahead as airlines lead gains,REJECTED_ENTITY_MATCHER,False,,NOT_RELEVANT,Generic match without direct Bharti Airtel relevance
20240418203000-1620,20240418203000,hl.co.uk,https://www.hl.co.uk/shares/stock-market-news/market-reports/london-close-stocks-push-ahead-as-airlines-lead-gains2,London close: Stocks push ahead as airlines lead gains,REJECTED_ENTITY_MATCHER,False,,NOT_RELEVANT,Generic match without direct Bharti Airtel relevance
20240418204500-309,20240418204500,punchng.com,https://punchng.com/nigeria-moves-to-protect-broadband-infrastructure-against-sabotage/,Nigeria moves to protect broadband infrastructure against sabotage,REJECTED_ENTITY_MATCHER,False,,NOT_RELEVANT,Generic match without direct Bharti Airtel relevance
20240418210000-81,20240418210000,lse.co.uk,https://www.lse.co.uk/news/london-close-stocks-push-ahead-as-airlines-lead-gains-46q1vpcl0zxqrm2.html,London close: Stocks push ahead as airlines lead gains,REJECTED_ENTITY_MATCHER,False,,NOT_RELEVANT,Generic match without direct Bharti Airtel relevance
20240418210000-1180,20240418210000,lse.co.uk,https://www.lse.co.uk/news/london-close-stocks-push-ahead-as-airlines-lead-gains-669q4ylftsr9yt6.html,London close: Stocks push ahead as airlines lead gains,REJECTED_ENTITY_MATCHER,False,,NOT_RELEVANT,Generic match without direct Bharti Airtel relevance
20240419010000-1360,20240419010000,punchng.com,https://punchng.com/fg-may-criminalise-fiber-cable-damage-report/,FG may criminalise fiber cable damage -Report,REJECTED_ENTITY_MATCHER,False,,NOT_RELEVANT,Generic match without direct Bharti Airtel relevance
20240419010000-T60,20240419010000,indiatimes.com,https://navbharattimes.indiatimes.com/business/share-market/share-news/stock-market-prediction-today-these-shares-including-poly-medicure-showing-bullishness-will-you-bet/articleshow/109411126.cms,"Stock Market Prediction Today these shares including Poly Medicure showing bullishness will you bet: थर्राए बाजार में आज Poly Medicure समेत इन शेयरों से कमाल की आस, लगाएंगे दांव?",REJECTED_ENTITY_MATCHER,False,,NOT_RELEVANT,Generic match without direct Bharti Airtel relevance
20240419011500-224,20240419011500,campaignasia.com,https://www.campaignasia.com:443/article/leo-burnett-mumbai-shakes-up-leadership-to-drive-new-growth-initiatives/495575,Leo Burnett Mumbai shakes up leadership to drive new growth initiatives | News,REJECTED_ENTITY_MATCHER,False,,NOT_RELEVANT,Generic match without direct Bharti Airtel relevance
20240419021500-322,20240419021500,thehindubusinessline.com,https://www.thehindubusinessline.com/markets/share-market-nifty-sensex-live-updates-19-april-2024/article68079637.ece,"Stock Market Live Updates 19 April 2024: Asia stocks weaken on US sell-off, Fed's hawkish stance",REJECTED_ENTITY_MATCHER,False,,NOT_RELEVANT,Generic match without direct Bharti Airtel relevance
20240419031500-705,20240419031500,indiatimes.com,https://economictimes.indiatimes.com/markets/ipos/fpos/vodafone-idea-fpo-subscribed-26-on-day-1/articleshow/109416607.cms,Vodafone Idea FPO subscribed 26% on Day 1,REJECTED_ENTITY_MATCHER,False,,NOT_RELEVANT,Generic match without direct Bharti Airtel relevance
20240419033000-33,20240419033000,dailyexcelsior.com,https://www.dailyexcelsior.com/markets-end-lower-for-4th-straight-session-amid-heavy-fluctuations/,Markets end lower for 4th straight session amid heavy fluctuations,REJECTED_ENTITY_MATCHER,False,,NOT_RELEVANT,Generic match without direct Bharti Airtel relevance
20240419034500-140,20240419034500,moneycontrol.com,https://www.moneycontrol.com/news/business/mc-exclusive-indias-telecom-market-structure-looks-good-satcom-could-become-very-significant-says-telecom-secy-12669221.html,"MC Exclusive: India's telecom market structure looks good; satcom could become very significant, says Telecom Secy",REJECTED_ENTITY_MATCHER,False,,NOT_RELEVANT,Generic match without direct Bharti Airtel relevance
20240419043000-T589,20240419043000,indiatimes.com,https://navbharattimes.indiatimes.com/business/share-market/share-news/baby-food-sugar-controversy-nestle-india-see-worst-day-in-3-years/articleshow/109417695.cms,नेस्त्ले इंडिया के शेयर में 3% से अधिक गिरावट का असर,REJECTED_ENTITY_MATCHER,False,,NOT_RELEVANT,Generic match without direct Bharti Airtel relevance
20240419043000-714,20240419043000,thestar.com.my,https://www.thestar.com.my/business/business-news/2024/04/19/trading-ideas-rhb-axiata-yinson-affin-kimlun-awc-pansar-dc-healthcare-awanbiru-systech-auro-bursa-malaysia-heitech-padu-amfirst-reit-and-sin-kung-logistics,"Trading ideas: RHB, Axiata, Yinson, Affin, Kimlun, AWC, Pansar, DC Healthcare, AwanBiru, Systech, Auro, Bursa Malaysia, HeiTech Padu, AmFirst REIT and Sin-Kung Logistics",REJECTED_ENTITY_MATCHER,False,,NOT_RELEVANT,Generic match without direct Bharti Airtel relevance
20240419044500-1134,20240419044500,indiatimes.com,https://economictimes.indiatimes.com/markets/expert-view/gurmeet-chadha-explains-why-his-biggest-largecap-holdings-are-counter-cyclical-in-nature/articleshow/109419727.cms,Gurmeet Chadha explains why his biggest largecap holdings are counter-cyclical in nature,REJECTED_ENTITY_MATCHER,False,,NOT_RELEVANT,Generic match without direct Bharti Airtel relevance
20240419050000-925,20240419050000,freepressjournal.in,https://www.freepressjournal.in/business/indices-start-in-red-again-as-rising-tension-in-middle-east-keeps-market-on-its-toes,"Indices Start In Red Again, As Rising Tension In Middle East Keeps Market On Its Toes",REJECTED_ENTITY_MATCHER,False,,NOT_RELEVANT,Generic match without direct Bharti Airtel relevance
20240419054500-419,20240419054500,indiatimes.com,https://economictimes.indiatimes.com/markets/stocks/stock-watch/stock-market-update-power-stocks-down-as-market-falls/articleshow/109421708.cms,Stock Market Sectors: Stock market update: Power stocks down as market falls,REJECTED_ENTITY_MATCHER,False,,NOT_RELEVANT,Generic match without direct Bharti Airtel relevance
20240419054500-1045,20240419054500,indiatimes.com,https://economictimes.indiatimes.com/markets/stocks/stock-watch/stock-market-update-stocks-that-hit-52-week-highs-on-nse/articleshow/109422193.cms,52 week high stocks: Stock market update: Stocks that hit 52-week highs on NSE,REJECTED_ENTITY_MATCHER,False,,NOT_RELEVANT,Generic match without direct Bharti Airtel relevance
20240419060000-598,20240419060000,indiablooms.com,https://www.indiablooms.com/finance-details/20289/stock-market-opens-in-the-red-amid-reports-of-israeli-retaliatory-strikes-against-iran.html,Stock market opens in the red amid reports of Israeli retaliatory strikes against Iran | Indiablooms,REJECTED_ENTITY_MATCHER,False,,NOT_RELEVANT,Generic match without direct Bharti Airtel relevance
20240419061500-936,20240419061500,indiatimes.com,https://economictimes.indiatimes.com/markets/stocks/stock-watch/stock-market-update-mining-stocks-down-as-market-falls/articleshow/109422750.cms,Stock Market Sectors: Stock market update: Mining stocks down as market falls,REJECTED_ENTITY_MATCHER,False,,NOT_RELEVANT,Generic match without direct Bharti Airtel relevance
20240419061500-577,20240419061500,indiatimes.com,https://economictimes.indiatimes.com/markets/stocks/stock-watch/stock-market-update-fmcg-stocks-down-as-market-falls/articleshow/109423136.cms,Stock Market Sectors: Stock market update: FMCG stocks down as market falls,REJECTED_ENTITY_MATCHER,False,,NOT_RELEVANT,Generic match without direct Bharti Airtel relevance
20240419063000-1049,20240419063000,developingtelecoms.com,https://developingtelecoms.com/telecom-business/operator-news/16583-dialog-axiata-to-take-over-airtel-lanka-in-long-awaited-merger-deal.html,Dialog Axiata to take over Airtel Lanka in long-awaited merger deal,REJECTED_ENTITY_MATCHER,False,,NOT_RELEVANT,Generic match without direct Bharti Airtel relevance
20240419064500-T1102,20240419064500,bhaskar.com,https://www.bhaskar.com/business/news/sensex-fell-by-more-than-500-points-132898132.html,"Sensex fell by more than 500 points | सेंसेक्स में 400 अंक से ज्यादा की गिरावट: निफ्टी 135 अंक लुढ़का, निफ्टी PSU बैंक और निफ्टी मीडिया सेक्टर में सबसे ज्यादा गिरावट",REJECTED_ENTITY_MATCHER,False,,NOT_RELEVANT,Generic match without direct Bharti Airtel relevance
20240419070000-T2620,20240419070000,moneycontrol.com,https://hindi.moneycontrol.com/news/markets/these-4-trades-will-give-profit-in-the-falling-market-indus-towers-hindustan-aeronautics-bharti-airtel-rvnl-are-experts-big-bets-for-today-1895692.html,"गिरते बाजार में ये 4 स्टॉक्स लगायेंगे मुनाफे का तड़का, अलग-अलग सेक्टर के स्टॉक खरीदने से होगी तगड़ी कमाई",REJECTED_ENTITY_MATCHER,False,,NOT_RELEVANT,Generic match without direct Bharti Airtel relevance
20240419070000-T2632,20240419070000,moneycontrol.com,https://hindi.moneycontrol.com/news/markets/trade-spotlight-what-to-do-in-bharti-airtel-jio-financial-services-and-poonawalla-fincorp-now-1895713.html,"Trade Spotlight : पोजीशनल ट्रेडर्स को एयरटेल में हासिल हो सकता है 1,350 रुपये का लक्ष्य, जियो फाइनेंशियल और पूनावाला फिनकॉर्प में भी बाकी है दम",REJECTED_ENTITY_MATCHER,False,,NOT_RELEVANT,Generic match without direct Bharti Airtel relevance
20240419070000-T2641,20240419070000,moneycontrol.com,https://hindi.moneycontrol.com/news/markets/hot-stocks-today-buy-tata-power-bharti-airtel-and-samvardhana-motherson-for-upto-22-percent-returns-in-short-terms-1895699.html,"Hot Stocks: टाटा पावर सहित इन 3 शेयरों पर लगाएं दांव, कुछ हफ्तों में मिल सकता है 22% तक रिटर्न",REJECTED_ENTITY_MATCHER,False,,NOT_RELEVANT,Generic match without direct Bharti Airtel relevance
20240419073000-918,20240419073000,indiatimes.com,https://telecom.economictimes.indiatimes.com/news/industry/three-pvt-telecom-operators-ideal-for-india-sunil-mittal/109417393,"Three pvt telecom operators ideal for India: Sunil Mittal, Telecom News, ET Telecom",REJECTED_ENTITY_MATCHER,False,,NOT_RELEVANT,Generic match without direct Bharti Airtel relevance
20240419073000-286,20240419073000,indiatimes.com,https://telecom.economictimes.indiatimes.com/news/industry/vodafone-idea-fpo-subscribed-26-on-day-1/109417300,"Vodafone Idea FPO subscribed 26% on Day 1, Telecom News, ET Telecom",REJECTED_ENTITY_MATCHER,False,,NOT_RELEVANT,Generic match without direct Bharti Airtel relevance
20240419073000-T382,20240419073000,punjabkesari.in,https://www.punjabkesari.in/business/news/stock-market-fell-by-more-than-400-points-26-out-of-30-bse-stocks-fell-1969156,"बाजार लाल निशान में खुले, सेंसेक्स में 400 अंक से ज्यादा की गिरावट - stock market fell by more than 400 points 26 out of 30 bse stocks fell",REJECTED_ENTITY_MATCHER,False,,NOT_RELEVANT,Generic match without direct Bharti Airtel relevance
20240419081500-106,20240419081500,indiantelevision.com,https://indiantelevision.com/mam/media-and-advertising/people/leo-burnett-mumbai-announces-new-appointments-to-its-senior-leadership-team-240419,Leo Burnett Mumbai announces new appointments to its senior leadership team,REJECTED_ENTITY_MATCHER,False,,NOT_RELEVANT,Generic match without direct Bharti Airtel relevance
20240419084500-T1159,20240419084500,nobat.com,https://www.nobat.com/news7702-nd-3a2f0094313238313539.html,નિફ્ટી ફયુચર ૨૨૦૦૮ પોઈન્ટ મહત્ત્વની સપાટી...!!!,REJECTED_ENTITY_MATCHER,False,,NOT_RELEVANT,Generic match without direct Bharti Airtel relevance
20240419091500-746,20240419091500,indiatimes.com,https://economictimes.indiatimes.com/industry/telecom/telecom-news/government-may-sell-15-stake-in-bharti-hexacom-in-multiple-chunks/articleshow/109429363.cms,Government may sell 15% stake in Bharti Hexacom in multiple chunks,REJECTED_ENTITY_MATCHER,False,,NOT_RELEVANT,Standalone Bharti Hexacom operational news
20240419091500-449,20240419091500,indiatimes.com,https://economictimes.indiatimes.com/markets/options/fo-stocks-hdfc-bank-indus-towers-among-5-stocks-with-long-buildup/articleshow/109429873.cms,"hdfc bank shares: F&O stocks: HDFC Bank, Indus Towers among 5 stocks with long buildup",REJECTED_ENTITY_MATCHER,False,,NOT_RELEVANT,Standalone Indus Towers operational news
20240419091500-481,20240419091500,indiainfoline.com,https://www.indiainfoline.com/news/markets/market-update-indian-indices-rise-mixed-market-performance-noted,"Market update: Indian Indices Rise, Mixed Market Performance Noted",REJECTED_ENTITY_MATCHER,False,,NOT_RELEVANT,Generic match without direct Bharti Airtel relevance
20240419094500-T1129,20240419094500,digit.in,https://www.digit.in/mr/news/mobile-phones/airtel-39-and-49-rs-plans-with-unlimited-data-benifits-check-all-details.html,"Airtel Plans: Unlimited डेटासह येतात प्रसिद्ध टेलिकॉम दिग्गजचे जबरदस्त प्लॅन्स, किंमत 50 रुपयांपेक्षा कमी",REJECTED_ENTITY_MATCHER,False,,NOT_RELEVANT,Generic match without direct Bharti Airtel relevance
20240419100000-T286,20240419100000,livehindustan.com,https://www.livehindustan.com/gadgets/airtel-users-can-get-free-netflix-recharge-plan-with-this-only-prepaid-plan-201713518450934.html,"Airtel users can get free netflix recharge plan with this only prepaid plan Airtel यूजर्स के लिए Netflix का मजा Free, इस प्लान से करना होगा रीचार्ज",REJECTED_ENTITY_MATCHER,False,,NOT_RELEVANT,Formulaic consumer recharge plan / OTT bundle comparison table
20240419104500-T145,20240419104500,punjabkesari.in,https://www.punjabkesari.in/business/news/greenery-returned-to-the-stock-market-bse-rose-by-599-points-1969156,"शेयर बाजार में लौटी हरियाली, सेंसेक्स 599 अंक चढ़ा, निफ्टी 22000 के पार - greenery returned to the stock market bse rose by 599 points",REJECTED_ENTITY_MATCHER,False,,NOT_RELEVANT,Generic match without direct Bharti Airtel relevance
20240419104500-1085,20240419104500,hl.co.uk,https://www.hl.co.uk/shares/stock-market-news/market-reports/london-open-stocks-fall-on-middle-east-tensions-as-oil-prices-jump,London open: Stocks fall on Middle East tensions as oil prices jump,REJECTED_ENTITY_MATCHER,False,,NOT_RELEVANT,Generic match without direct Bharti Airtel relevance
20240419110000-525,20240419110000,orissapost.com,https://www.orissapost.com/stock-markets-stage-strong-rebound-after-four-days-of-slump-sensex-rallies-599-pts/,Stock markets stage strong rebound after four days of slump; Sensex rallies 599 pts,REJECTED_ENTITY_MATCHER,False,,NOT_RELEVANT,Generic match without direct Bharti Airtel relevance
20240419110000-370,20240419110000,indiatimes.com,https://economictimes.indiatimes.com/markets/ipos/fpos/vodafone-idea-fpo-sees-sluggish-response-even-on-day-2-check-subscription-and-other-details/articleshow/109433040.cms,Vodafone Idea FPO sees sluggish response even on Day 2. Check subscription and other details,REJECTED_ENTITY_MATCHER,False,,NOT_RELEVANT,Generic match without direct Bharti Airtel relevance
20240419110000-1210,20240419110000,moneycontrol.com,https://www.moneycontrol.com/news/business/markets/taking-stock-market-make-a-smart-recovery-to-snap-4-day-losing-streak-banks-metals-shine-12676771.html,"Taking Stock: Market makes a smart recovery to snap 4-day losing streak; banks, metals shine",REJECTED_ENTITY_MATCHER,False,,NOT_RELEVANT,Generic match without direct Bharti Airtel relevance
20240419110000-215,20240419110000,thehindubusinessline.com,https://www.thehindubusinessline.com/markets/stock-markets/sensex-nifty-rebound-bank-stocks-advance/article68083257.ece,"Sensex, Nifty rebound; bank stocks advance - The Hindu BusinessLine",REJECTED_ENTITY_MATCHER,False,,NOT_RELEVANT,Generic match without direct Bharti Airtel relevance
20240419110000-1121,20240419110000,freepressjournal.in,https://www.freepressjournal.in/business/green-light-at-the-end-of-red-tunnel-indian-indices-end-week-on-a-positive-note,Green Light At The End Of Red Tunnel: Indian Indices End Week On A Positive Note,REJECTED_ENTITY_MATCHER,False,,NOT_RELEVANT,Generic match without direct Bharti Airtel relevance
20240419111500-884,20240419111500,lse.co.uk,https://www.lse.co.uk/news/london-open-stocks-fall-on-middle-east-tensions-as-oil-prices-jump-lvzad44eubjrvcc.html,London open: Stocks fall on Middle East tensions as oil prices jump,REJECTED_ENTITY_MATCHER,False,,NOT_RELEVANT,Generic match without direct Bharti Airtel relevance
20240419111500-1163,20240419111500,malawi24.com,https://malawi24.com/2024/04/19/airtel-leads-malawi-mobile-services-individuals-spend-k5000-per-month-on-internet/,"Airtel leads Malawi mobile services-individuals spend K5,000 per month on internet | Malawi 24",REJECTED_ENTITY_MATCHER,False,,NOT_RELEVANT,Generic match without direct Bharti Airtel relevance
20240419111500-887,20240419111500,the-star.co.ke,https://www.the-star.co.ke/sasa/lifestyle/2024-04-19-west-africa-is-now-africas-mobile-money-hotspot/,West Africa is now Africa's mobile money hotspot,REJECTED_ENTITY_MATCHER,False,,NOT_RELEVANT,Generic match without direct Bharti Airtel relevance
20240419113000-952,20240419113000,indiatimes.com,https://economictimes.indiatimes.com/markets/stocks/stock-watch/stock-market-update-mining-stocks-down-as-market-rises/articleshow/109435119.cms,Stock Market Sectors: Stock market update: Mining stocks down as market rises,REJECTED_ENTITY_MATCHER,False,,NOT_RELEVANT,Generic match without direct Bharti Airtel relevance
20240419113000-892,20240419113000,theweek.in,https://www.theweek.in/wire-updates/business/2024/04/19/del17-biz-stocks-close.html,Stock markets stage strong rebound after 4 days of slump Sensex rallies 599 pts,REJECTED_ENTITY_MATCHER,False,,NOT_RELEVANT,Generic match without direct Bharti Airtel relevance
20240419113000-660,20240419113000,indiatimes.com,https://economictimes.indiatimes.com/markets/stocks/stock-watch/stock-market-update-power-stocks-down-as-market-rises/articleshow/109434563.cms,Stock Market Sectors: Stock market update: Power stocks down as market rises,REJECTED_ENTITY_MATCHER,False,,NOT_RELEVANT,Generic match without direct Bharti Airtel relevance
20240419113000-T2513,20240419113000,indiatimes.com,https://navbharattimes.indiatimes.com/business/business-news/mukesh-ambani-to-face-biggest-challenge-how-elon-musk-change-game/articleshow/109434324.cms,"Mukesh Ambani to face biggest challenge in coming days how Elon Musk change game: मुकेश अंबानी के सामने आने वाली है सबसे बड़ी चुनौती, एलन मस्‍क कैसे चेंज करेंगे गेम?",REJECTED_ENTITY_MATCHER,False,,NOT_RELEVANT,Generic match without direct Bharti Airtel relevance
20240419114500-1422,20240419114500,prokerala.com,https://www.prokerala.com/news/articles/a1524314.html,"Sensex, Nifty witness worst week since March 15 amid Iran-Israel conflict",REJECTED_ENTITY_MATCHER,False,,NOT_RELEVANT,Generic match without direct Bharti Airtel relevance
20240419114500-580,20240419114500,thehindu.com,https://www.thehindu.com/business/markets/stock-markets-stage-strong-rebound-after-four-days-of-slump-sensex-rallies-599-points/article68083507.ece,Stock markets stage strong rebound after four days of slump; Sensex rallies 599 points,REJECTED_ENTITY_MATCHER,False,,NOT_RELEVANT,Generic match without direct Bharti Airtel relevance
20240419114500-T2895,20240419114500,moneycontrol.com,https://hindi.moneycontrol.com/news/business/dot-secretary-neeraj-mittal-says-work-on-6g-has-started-india-will-play-a-big-role-in-it-1895794.html,"टेलीकॉम सेक्रेटरी नीरज मित्तल ने कहा-6जी टेक्नोलॉजी पर काम शुरू हो गया है, इसमें भी इंडिया बड़ा रोल निभाएगा",REJECTED_ENTITY_MATCHER,False,,NOT_RELEVANT,Generic match without direct Bharti Airtel relevance
20240419114500-T2897,20240419114500,moneycontrol.com,https://hindi.moneycontrol.com/news/your-money/airtel-special-ipl-plan-get-data-pack-in-just-rupees-19-plan-check-special-service-1895810.html,"Airtel के IPL स्पेशल प्लान, सिर्फ 19 रुपये में मिलेगी ये खास सर्विस",REJECTED_ENTITY_MATCHER,False,,NOT_RELEVANT,Generic match without direct Bharti Airtel relevance
20240419120000-T488,20240419120000,khaskhabar.com,https://www.khaskhabar.com/news/india-news/news-sensex-nifty-have-worst-week-since-march-15-amid-iran-israel-conflict-news-hindi-1-632966-KKN.html,"Sensex, Nifty have worst week since March 15 amid Iran-Israel conflict",REJECTED_ENTITY_MATCHER,False,,NOT_RELEVANT,Generic match without direct Bharti Airtel relevance
20240419120000-217,20240419120000,indiatimes.com,https://telecom.economictimes.indiatimes.com/news/policy/government-losing-rs-1000-crore-annually-in-tax-collection-from-top-ott-players/109434720,"Government Losing Rs 1000 Crore In Tax Collection: Government losing Rs 1,000 crore annually in tax collection from top OTT players, ET Telecom",REJECTED_ENTITY_MATCHER,False,,NOT_RELEVANT,Generic match without direct Bharti Airtel relevance
20240419120000-1864,20240419120000,indiatimes.com,https://telecom.economictimes.indiatimes.com/news/industry/vodafone-idea-fpo-sees-sluggish-response-even-on-day-2/109434910,"Vodafone Idea FPO sees sluggish response even on Day 2, Telecom News, ET Telecom",REJECTED_ENTITY_MATCHER,False,,NOT_RELEVANT,Generic match without direct Bharti Airtel relevance
20240419124500-1505,20240419124500,sharecast.com,https://www.sharecast.com/news/market-report-midday/london-midday--16627986.html,London midday: Stocks lower on Middle East tensions as risk appetite fades,REJECTED_ENTITY_MATCHER,False,,NOT_RELEVANT,Generic match without direct Bharti Airtel relevance
20240419124500-1644,20240419124500,sharecast.com,https://www.sharecast.com/news/market-report-opening/london-open--16626680.html,London open: Stocks fall on Middle East tensions as oil prices jump,REJECTED_ENTITY_MATCHER,False,,NOT_RELEVANT,Generic match without direct Bharti Airtel relevance
20240419133000-611,20240419133000,marketscreener.com,https://www.marketscreener.com/quote/stock/VODAFONE-IDEA-LIMITED-9743588/news/India-s-Vodafone-Idea-receives-bids-for-half-of-shares-in-FPO-so-far-46479260/,India's Vodafone Idea receives bids for half of shares in FPO so far,REJECTED_ENTITY_MATCHER,False,,NOT_RELEVANT,Generic match without direct Bharti Airtel relevance
20240419134500-359,20240419134500,theweek.in,https://www.theweek.in/news/biz-tech/2024/04/19/markets-recover-sharply-to-close-higher-but-still-end-down-for-the-weak-amid-fii-selling.html,"Markets recover sharply to close higher, but still end down for the weak amid FII selling",REJECTED_ENTITY_MATCHER,False,,NOT_RELEVANT,Generic match without direct Bharti Airtel relevance
20240419134500-951,20240419134500,tribuneindia.com,https://www.tribuneindia.com/news/business/stock-markets-stage-strong-rebound-after-4-days-of-slump-sensex-rallies-599-points-612416,Stock markets stage strong rebound after 4 days of slump; Sensex rallies 599 points,REJECTED_ENTITY_MATCHER,False,,NOT_RELEVANT,Generic match without direct Bharti Airtel relevance
20240419134500-T1831,20240419134500,nobat.com,https://www.nobat.com/news1184-nd-3a2f0094313238313539.html,નિફ્ટી ફયુચર ૨૧૮૦૮ પોઈન્ટ મહત્ત્વની સપાટી...!!!,REJECTED_ENTITY_MATCHER,False,,NOT_RELEVANT,Generic match without direct Bharti Airtel relevance
20240419134500-T300,20240419134500,webdunia.com,https://hindi.webdunia.com/share-market-news/latest-prices-of-mumbai-stock-market-on-19th-april-2024-124041900074_1.html,"Share bazaar में 4 दिनों से जारी गिरावट थमी, Sensex 599 और Nifty 151 अंक उछला",REJECTED_ENTITY_MATCHER,False,,NOT_RELEVANT,Generic match without direct Bharti Airtel relevance
20240419144500-1068,20240419144500,indiatimes.com,https://timesofindia.indiatimes.com/business/india-business/vodafone-idea-fpo-picks-momentum-as-institutional-investors-pour-money/articleshow/109439391.cms,Vodafone Idea FPO picks momentum as institutional investors pour money,REJECTED_ENTITY_MATCHER,False,,NOT_RELEVANT,Generic match without direct Bharti Airtel relevance
20240419144500-138,20240419144500,nairobiwire.com,https://nairobiwire.com/2024/04/register-and-try-your-luck-at-1win-kenya.html,Place Bets and Play Real Money Casino Games at 1win Kenya,REJECTED_ENTITY_MATCHER,False,,NOT_RELEVANT,Generic match without direct Bharti Airtel relevance
20240419150000-377,20240419150000,telegraphindia.com,https://www.telegraphindia.com/feeds/business/stock-markets-stage-strong-rebound-after-4-days-of-slump-sensex-rallies-599-points/cid/2014384,Stock market | Stock markets stage strong rebound after 4 days of slump; Sensex rallies 599 points,REJECTED_ENTITY_MATCHER,False,,NOT_RELEVANT,Generic match without direct Bharti Airtel relevance
20240419150000-1975,20240419150000,telegraphindia.com,https://www.telegraphindia.com/business/stock-markets-stage-strong-rebound-after-4-days-of-slump-sensex-rallies-599-points/cid/2014384,Stock market | Stock markets stage strong rebound after 4 days of slump; Sensex rallies 599 points,REJECTED_ENTITY_MATCHER,False,,NOT_RELEVANT,Generic match without direct Bharti Airtel relevance
20240419150000-871,20240419150000,naija247news.com,https://naija247news.com/2024/04/19/nigeria-to-crack-down-on-broadband-cable-vandals-amid-telecom-losses/,Nigeria to Crack Down on Broadband Cable Vandals Amid Telecom Losses,REJECTED_ENTITY_MATCHER,False,,NOT_RELEVANT,Generic match without direct Bharti Airtel relevance
20240419151500-608,20240419151500,hl.co.uk,https://www.hl.co.uk/shares/stock-market-news/market-reports/london-midday-stocks-lower-on-middle-east-tensions-as-risk-appetite-fades,London midday: Stocks lower on Middle East tensions as risk appetite fades,REJECTED_ENTITY_MATCHER,False,,NOT_RELEVANT,Generic match without direct Bharti Airtel relevance
20240419153000-773,20240419153000,indiatimes.com,https://economictimes.indiatimes.com/markets/ipos/fpos/vodafone-idea-fpo-picks-momentum-as-institutional-investors-pour-money/articleshow/109440021.cms,Vodafone Idea FPO picks momentum as institutional investors pour money,REJECTED_ENTITY_MATCHER,False,,NOT_RELEVANT,Generic match without direct Bharti Airtel relevance
20240419154500-594,20240419154500,thehindubusinessline.com,https://www.thehindubusinessline.com/markets/stock-markets-stage-strong-rebound-after-four-days-of-slump-sensex-rallies-599-pts/article68083490.ece,Stock markets stage strong rebound after four days of slump; Sensex rallies 599 pts,REJECTED_ENTITY_MATCHER,False,,NOT_RELEVANT,Generic match without direct Bharti Airtel relevance
20240419160000-1259,20240419160000,rediff.com,https://www.rediff.com/business/report/sensex-rallies-599-pts-on-buying-in-banking-auto-shares/20240419.htm,"Sensex rallies 599 pts on buying in banking, auto shares",REJECTED_ENTITY_MATCHER,False,,NOT_RELEVANT,Generic match without direct Bharti Airtel relevance
20240419161500-974,20240419161500,lse.co.uk,https://www.lse.co.uk/news/london-midday-stocks-lower-on-middle-east-tensions-as-risk-appetite-fades-xvnesefdz4a1sbf.html,London midday: Stocks lower on Middle East tensions as risk appetite fades,REJECTED_ENTITY_MATCHER,False,,NOT_RELEVANT,Generic match without direct Bharti Airtel relevance
20240419161500-2019,20240419161500,morungexpress.com,https://morungexpress.com/sensex-nifty-witness-worst-week-since-march-15-amid-iran-israel-conflict,"Sensex, Nifty witness worst week since March 15 amid Iran-Israel conflict",REJECTED_ENTITY_MATCHER,False,,NOT_RELEVANT,Generic match without direct Bharti Airtel relevance
20240419163000-876,20240419163000,rashtranews.com,https://www.rashtranews.com/indian-companies-tata-and-airtel-warn-to-stop-bandwidth-to-nepal-nepal-news/,Indian Companies Tata and Airtel Warn to Stop Bandwidth to Nepal :Nepal News,REJECTED_ENTITY_MATCHER,False,,NOT_RELEVANT,Generic match without direct Bharti Airtel relevance
20240419164500-743,20240419164500,indiatimes.com,https://telecom.economictimes.indiatimes.com/news/industry/vodafone-idea-fpo-picks-momentum-as-institutional-investors-pour-money/109440096,"Vodafone Idea FPO picks momentum as institutional investors pour money, ET Telecom",REJECTED_ENTITY_MATCHER,False,,NOT_RELEVANT,Generic match without direct Bharti Airtel relevance
20240419170000-405,20240419170000,techcabal.com,https://techcabal.com/2024/04/19/nigerian-government-will-criminalise-cable-damage/,Nigeria will criminalise fibre damage after causing ₦27 billion loss,REJECTED_ENTITY_MATCHER,False,,NOT_RELEVANT,Generic match without direct Bharti Airtel relevance
20240419174500-873,20240419174500,thestatesman.com,https://www.thestatesman.com/business/stock-market-bounces-back-banks-metals-shine-1503291995.html,"Stock market bounces back; banks, metals shine",REJECTED_ENTITY_MATCHER,False,,NOT_RELEVANT,Generic match without direct Bharti Airtel relevance
20240419190000-T27,20240419190000,digit.in,https://www.digit.in/ml/news/telecom/airtel-365-days-plan-cost-just-rs1799-offers-unlimted-benefits.html,Airtel 365 ദിവസത്തേക്ക് ഈടാക്കുന്നത് 1799 രൂപ! തരുന്നതോ Unlimited ഓഫറുകളും പിന്നെ...,REJECTED_ENTITY_MATCHER,False,,NOT_RELEVANT,Generic match without direct Bharti Airtel relevance
20240419203000-669,20240419203000,rcrwireless.com,https://www.rcrwireless.com/20240419/carriers/reliance-jio-ends-february-over-40-market-share-india,Reliance Jio ends February with over 40% market share in India,REJECTED_ENTITY_MATCHER,False,,NOT_RELEVANT,Generic match without direct Bharti Airtel relevance
20240420031500-1123,20240420031500,tribuneindia.com,https://www.tribuneindia.com/news/business/markets-rebound-after-4-days-of-slump-sensex-rallies-599-pts-612496,Markets rebound after 4 days of slump; Sensex rallies 599 pts,REJECTED_ENTITY_MATCHER,False,,NOT_RELEVANT,Generic match without direct Bharti Airtel relevance
20240420044500-161,20240420044500,indiatimes.com,https://economictimes.indiatimes.com/markets/stocks/news/only-39-smallcap-stocks-rise-in-double-digits-as-geopolitical-concerns-lofty-valuations-weigh/articleshow/109449556.cms,"Only 39 smallcap stocks rise in double-digits as geopolitical concerns, lofty valuations weigh",REJECTED_ENTITY_MATCHER,False,,NOT_RELEVANT,Generic match without direct Bharti Airtel relevance
20240420051500-207,20240420051500,dailypioneer.com,https://www.dailypioneer.com/2024/business/stock-markets-stage-strong-rebound.html,Stock markets stage strong rebound,REJECTED_ENTITY_MATCHER,False,,NOT_RELEVANT,Generic match without direct Bharti Airtel relevance
20240420071500-T1684,20240420071500,moneycontrol.com,https://hindi.moneycontrol.com/news/markets/market-decline-1-5-percent-amid-geopolitical-tension-rupee-slips-to-record-low-1895924.html,"बाजार भूराजनीतिक तनाव के बीच 1.5% गिरा, रुपया रिकॉर्ड निचले स्तर पर पहुंचा",REJECTED_ENTITY_MATCHER,False,,NOT_RELEVANT,Generic match without direct Bharti Airtel relevance
20240420073000-235,20240420073000,telegraphindia.com,https://www.telegraphindia.com/feeds/business/investors-scurry-for-bonds-gold-amid-fears-of-escalation-in-iran-israel-conflict/cid/2014534,"Iran-Israel conflict | Investors scurry for bonds, gold amid fears of escalation in Iran-Israel conflict",REJECTED_ENTITY_MATCHER,False,,NOT_RELEVANT,Generic match without direct Bharti Airtel relevance
20240420073000-875,20240420073000,telegraphindia.com,https://www.telegraphindia.com/business/investors-scurry-for-bonds-gold-amid-fears-of-escalation-in-iran-israel-conflict/cid/2014534,"Iran-Israel conflict | Investors scurry for bonds, gold amid fears of escalation in Iran-Israel conflict",REJECTED_ENTITY_MATCHER,False,,NOT_RELEVANT,Generic match without direct Bharti Airtel relevance
20240420080000-141,20240420080000,rashtranews.com,https://www.rashtranews.com/the-google-airtel-deal-and-its-implications-in-india-tech-news/,The Google-Airtel deal and its implications in India : Tech News,REJECTED_ENTITY_MATCHER,False,,NOT_RELEVANT,Generic match without direct Bharti Airtel relevance
20240420083000-508,20240420083000,rashtranews.com,https://www.rashtranews.com/how-this-startup-is-helping-smes-connect-work-with-right-sales-marketing-agencies-from-thousands-online/,"How this startup is helping SMEs connect, work with right sales, marketing agencies from thousands online",REJECTED_ENTITY_MATCHER,False,,NOT_RELEVANT,Generic match without direct Bharti Airtel relevance
20240420084500-592,20240420084500,peoplesdailyng.com,https://www.peoplesdailyng.com/the-life-times-impact-of-chief-arc-gy-aduku/,"The Life, Times, Impact of Chief Arc. GY Aduku",REJECTED_ENTITY_MATCHER,False,,NOT_RELEVANT,Generic match without direct Bharti Airtel relevance
20240420090000-600,20240420090000,livemint.com,https://www.livemint.com/education/assam-hslc-result-2024-seba-declares-result-how-to-check-pass-percentage-other-details-here-11713591890845.html,Assam HSLC 10th Result 2024: SEBA declares result at resultsassam.nic.in | Here's how to check,REJECTED_ENTITY_MATCHER,False,,NOT_RELEVANT,Generic match without direct Bharti Airtel relevance
20240420100000-714,20240420100000,businesstoday.in,https://www.businesstoday.in/personal-finance/news/story/airtel-payments-bank-launches-ncmc-aligned-debit-pre-paid-cards-here-are-the-top-features-426228-2024-04-20,"Airtel Payments Bank launches NCMC aligned debit, pre-paid cards. Here are the top features",REJECTED_ENTITY_MATCHER,False,,NOT_RELEVANT,Standalone Airtel Payments Bank operational news
20240420101500-759,20240420101500,indiatimes.com,https://timesofindia.indiatimes.com/business/india-business/blaming-very-heavy-obligations-around-tesla-musk-cancels-much-anticipated-india-visit/articleshow/109456133.cms,"Blaming 'very heavy obligations' around Tesla, Musk cancels much-anticipated India visit",REJECTED_ENTITY_MATCHER,False,,NOT_RELEVANT,Generic match without direct Bharti Airtel relevance
20240420114500-362,20240420114500,sentinelassam.com,https://www.sentinelassam.com/more-news/business/sensex-nifty-witness-worst-week-since-march-15-amid-iran-israel-conflict,"Sensex, Nifty witness worst week since March 15 amid Iran-Israel conflict",REJECTED_ENTITY_MATCHER,False,,NOT_RELEVANT,Generic match without direct Bharti Airtel relevance
20240420143000-321,20240420143000,pc-tablet.co.in,https://www.pc-tablet.co.in/boat-unveils-affordable-smartwatch-with-built-in-navigation-and-esim-support/17492/,boAt Unveils Affordable Smartwatch with Built-in Navigation and eSIM Support,REJECTED_ENTITY_MATCHER,False,,NOT_RELEVANT,Generic match without direct Bharti Airtel relevance
20240420150000-T2035,20240420150000,tarunmitra.in,https://www.tarunmitra.in/article/35930/the-24th-patotsav-program-of-shri-varshneya-temple-started-with,भव्य कलश यात्रा के साथ श्री वार्ष्णेय मंदिर के 24 वे पाटोत्सव कार्यक्रम का हुआ शुभारंभ,REJECTED_ENTITY_MATCHER,False,,NOT_RELEVANT,Generic match without direct Bharti Airtel relevance
20240420151500-1142,20240420151500,thehindubusinessline.com,https://www.thehindubusinessline.com/portfolio/technical-analysis/bandus-blockbusters-for-apr-21-2024/article68083624.ece,"Bandu's Blockbusters for April 21, 2024 - The Hindu BusinessLine",REJECTED_ENTITY_MATCHER,False,,NOT_RELEVANT,Generic match without direct Bharti Airtel relevance
20240420151500-365,20240420151500,thehindubusinessline.com,https://www.thehindubusinessline.com/portfolio/vodafone-idea-fpo-applaud-the-endeavour-skip-the-ride/article68087373.ece,"Vodafone Idea FPO: Applaud the Endeavour, Skip the Ride - The Hindu BusinessLine",REJECTED_ENTITY_MATCHER,False,,NOT_RELEVANT,Generic match without direct Bharti Airtel relevance
20240420170000-1,20240420170000,indiatimes.com,https://telecom.economictimes.indiatimes.com/news/industry/telecom-diary-vodafone-ideas-uphill-battle/109460478,"Telecom Diary: Vodafone Idea's uphill battle!, Telecom News, ET Telecom",REJECTED_ENTITY_MATCHER,False,,NOT_RELEVANT,Generic match without direct Bharti Airtel relevance
20240420171500-821,20240420171500,livelaw.in,https://www.livelaw.in/consumer-cases/karnal-district-commission-airtel-vodafone-deficient-service-unfair-trade-practice-mobile-connections-outstanding-dues-255620,Karnal District Commission Holds Airtel And Vodafone Liable For Disconnecting Mobile Connection Despite Receiving Payment Of Dues,REJECTED_ENTITY_MATCHER,False,,NOT_RELEVANT,Generic match without direct Bharti Airtel relevance
20240420181500-229,20240420181500,indiatimes.com,https://economictimes.indiatimes.com/industry/telecom/telecom-news/trai-dials-handset-cos-telcos-digital-platforms-to-discuss-rcs-messaging/articleshow/109464275.cms,"Trai dials handset cos, telcos, digital platforms to discuss RCS messaging",REJECTED_ENTITY_MATCHER,False,,NOT_RELEVANT,Generic match without direct Bharti Airtel relevance
20240420184500-T1048,20240420184500,punjabkesari.in,https://www.punjabkesari.in/national/news/airtel-is-bringing-great-offers-1969839,"Airtel ला रहा बेहतरीन ऑफर, भारतीय कंपनियों को झेलना पड़ सकता है भारी नुकसान - airtel is bringing great offers",REJECTED_ENTITY_MATCHER,False,,NOT_RELEVANT,Generic match without direct Bharti Airtel relevance
20240420191500-323,20240420191500,rashtranews.com,https://www.rashtranews.com/how-to-apply-for-jio-broadband-online-all-details/,How to Apply for Jio Broadband Online: All Details,REJECTED_ENTITY_MATCHER,False,,NOT_RELEVANT,Generic match without direct Bharti Airtel relevance
20240420233000-94,20240420233000,indiatimes.com,https://timesofindia.indiatimes.com/business/india-business/elon-musk-defers-visit-to-india-congress-says-writing-on-the-wall/articleshow/109465540.cms,Elon Musk defers visit to India; Congress says 'writing on the wall',REJECTED_ENTITY_MATCHER,False,,NOT_RELEVANT,Generic match without direct Bharti Airtel relevance
20240421024500-660,20240421024500,viewngr.com,https://viewngr.com/How-to-Place-a-Wireless-Extender-2071887.html,"Wireless Witch: How to Place a Wireless Extender, wifi extender",REJECTED_ENTITY_MATCHER,False,,NOT_RELEVANT,Generic match without direct Bharti Airtel relevance
20240421024500-T730,20240421024500,dailykesari.com,https://dailykesari.com/News/9629/%E0%A4%AC%E0%A5%8B%E0%A4%B2%E0%A4%A3%E0%A5%87-%E0%A4%AE%E0%A4%B9%E0%A4%BE%E0%A4%97%E0%A4%A3%E0%A4%BE%E0%A4%B0---,News - Daily Kesari,REJECTED_ENTITY_MATCHER,False,,NOT_RELEVANT,Generic match without direct Bharti Airtel relevance
20240421024500-T735,20240421024500,dailykesari.com,https://dailykesari.com/%5C%E0%A4%AC%E0%A5%8D%E0%A4%B0%E0%A5%87%E0%A4%95%E0%A4%BF%E0%A4%82%E0%A4%97%5C9629%5C%E0%A4%AC%E0%A5%8B%E0%A4%B2%E0%A4%A3%E0%A5%87-%E0%A4%AE%E0%A4%B9%E0%A4%BE%E0%A4%97%E0%A4%A3%E0%A4%BE%E0%A4%B0---,ब्रेकिंग - Daily Kesari,REJECTED_ENTITY_MATCHER,False,,NOT_RELEVANT,Generic match without direct Bharti Airtel relevance
20240421051500-611,20240421051500,punchng.com,https://punchng.com/telcos-record-n27bn-loss-from-damaged-fibre-cables/,Telcos record N27bn loss from damaged fibre cables,REJECTED_ENTITY_MATCHER,False,,NOT_RELEVANT,Generic match without direct Bharti Airtel relevance
20240421054500-182,20240421054500,indiatimes.com,https://economictimes.indiatimes.com/markets/stocks/news/six-of-top-10-valued-firms-take-rs-1-40-lakh-cr-hit-in-mcaptcs-infosys-biggest-laggards/articleshow/109471095.cms,"Six of top 10 valued firms take Rs 1.40 lakh cr hit in mcap;TCS, Infosys biggest laggards",REJECTED_ENTITY_MATCHER,False,,NOT_RELEVANT,Generic match without direct Bharti Airtel relevance
20240421054500-10,20240421054500,indiatimes.com,https://timesofindia.indiatimes.com/business/india-business/six-of-top-10-valued-firms-take-rs-1-40-lakh-cr-hit-in-mcaptcs-infosys-biggest-laggards/articleshow/109471073.cms,"Six of top 10 valued firms take Rs 1.40 lakh cr hit in mcap; TCS, Infosys biggest laggards",REJECTED_ENTITY_MATCHER,False,,NOT_RELEVANT,Generic match without direct Bharti Airtel relevance
20240421060000-203,20240421060000,moneycontrol.com,https://www.moneycontrol.com/news/business/six-of-top-10-valued-firms-take-rs-1-40-lakh-crore-hit-in-mcap-tcs-infosys-biggest-laggards-12685031.html,"Six of top 10 valued firms take Rs 1.40 lakh crore hit in mcap; TCS, Infosys biggest laggards",REJECTED_ENTITY_MATCHER,False,,NOT_RELEVANT,Generic match without direct Bharti Airtel relevance
20240421060000-216,20240421060000,telegraphindia.com,https://www.telegraphindia.com/feeds/business/elon-musk-puts-off-highly-anticipated-india-visit-cites-pressing-commitments-at-tesla/cid/2014723,"Tesla | Elon Musk puts off highly anticipated India visit, cites pressing commitments at Tesla",REJECTED_ENTITY_MATCHER,False,,NOT_RELEVANT,Generic match without direct Bharti Airtel relevance
20240421061500-516,20240421061500,dailyexcelsior.com,https://www.dailyexcelsior.com/six-of-top-10-valued-firms-take-rs-1-40-lakh-cr-hit-in-mcap-tcs-infosys-biggest-laggards/,"Six of top 10 valued firms take Rs 1.40 lakh cr hit in mcap; TCS, Infosys biggest laggards",REJECTED_ENTITY_MATCHER,False,,NOT_RELEVANT,Generic match without direct Bharti Airtel relevance
20240421063000-9,20240421063000,businesstoday.in,https://www.businesstoday.in/latest/corporate/story/six-of-top-10-valued-firms-take-rs-140-lakh-cr-hit-in-mcap-tcs-infosys-biggest-losers-426276-2024-04-21,"Six of top 10 valued firms take Rs 1.40 lakh cr hit in mcap; TCS, Infosys biggest losers",REJECTED_ENTITY_MATCHER,False,,NOT_RELEVANT,Generic match without direct Bharti Airtel relevance
20240421064500-567,20240421064500,telegraphindia.com,https://www.telegraphindia.com/business/elon-musk-puts-off-highly-anticipated-india-visit-cites-pressing-commitments-at-tesla/cid/2014723,"Tesla | Elon Musk puts off highly anticipated India visit, cites pressing commitments at Tesla",REJECTED_ENTITY_MATCHER,False,,NOT_RELEVANT,Generic match without direct Bharti Airtel relevance
20240421064500-163,20240421064500,livemint.com,https://www.livemint.com/market/stock-market-news/top-indian-firms-lose-rs-1-40-lakh-crore-in-mcap-it-majors-tcs-infosys-among-hardest-hit-hdfc-bank-ril-top-gainers-11713675832512.html,"Top Indian firms lose ₹1.40 lakh crore in mcap; IT majors TCS, Infosys among hardest hit, HDFC Bank, RIL top gainers",REJECTED_ENTITY_MATCHER,False,,NOT_RELEVANT,Generic match without direct Bharti Airtel relevance
20240421064500-T1,20240421064500,moneycontrol.com,https://hindi.moneycontrol.com/news/markets/combined-market-valuation-of-six-of-the-top-10-most-valued-firms-eroded-by-rs-1-40-lakh-crore-last-week-tcs-and-infosys-taking-the-maximum-hit-1896060.html,"टॉप 10 कंपनियों में से 6 का m-cap ₹1.40 लाख करोड़ घटा, इन दो IT कंपनियों को सबसे ज्यादा नुकसान",REJECTED_ENTITY_MATCHER,False,,NOT_RELEVANT,Generic match without direct Bharti Airtel relevance
20240421071500-220,20240421071500,hindustantimes.com,https://www.hindustantimes.com/business/tcs-infosys-sbi-itc-hul-icici-bank-market-capitalisation-loss-reliance-industries-bharti-airtel-market-cap-101713680428941.html,"TCS, Infosys, SBI, ITC, HUL, ICICI Bank biggest losers, suffer ₹1.4 lakh crore loss in market capitalisation",REJECTED_ENTITY_MATCHER,False,,NOT_RELEVANT,Generic match without direct Bharti Airtel relevance
20240421073000-T893,20240421073000,bhaskar.com,https://www.bhaskar.com/business/news/market-capitalization-2024-top-10-list-update-airtel-tcs-infosys-reliance-132907639.html,"Airtel TCS; Market Capitalization 2024 Top 10 List Update | Infosys ICICI Bank - Reliance | TCS की मार्केट-वैल्यू एक हफ्ते में ₹62,538 करोड़ कम हुई: टॉप-10 कंपनियों में से 6 की वैल्यू ₹1.40 लाख करोड़ गिरी, एयरटेल टॉप गेनर",REJECTED_ENTITY_MATCHER,False,,NOT_RELEVANT,Generic match without direct Bharti Airtel relevance
20240421074500-T1132,20240421074500,indiatimes.com,https://navbharattimes.indiatimes.com/business/share-market/share-news/market-cap-six-of-top-10-valued-firms-take-rs-1-40-lakh-cr-hit-in-mcap/articleshow/109472380.cms,"Market Cap: टॉप 10 में से 6 कंपनियों ने गंवाए 1.40 लाख करोड़, बस ये रहीं मुनाफे में, देखें डिटेल्स",REJECTED_ENTITY_MATCHER,False,,NOT_RELEVANT,Generic match without direct Bharti Airtel relevance
20240421074500-T1136,20240421074500,prabhatkhabar.com,https://www.prabhatkhabar.com/technology/jioairfiber-or-airtel-xstream-plans-price-features-know-which-internet-service-is-best-for-you-tku,JioAirFiber Vs Airtel AirFiber दोनों में कौन है बेस्ट?,REJECTED_ENTITY_MATCHER,False,,NOT_RELEVANT,Generic match without direct Bharti Airtel relevance
20240421080000-T955,20240421080000,vtvgujarati.com,https://www.vtvgujarati.com/news-details/do-this-if-the-5g-network-is-not-working-properly-in-the-smartphone,સ્માર્ટફોનમાં 5G નેટવર્ક બરાબર નથી આવતું? સારી કનેક્ટિવિટી માટે કરો આ કામ | Do this if the 5G network is not working properly in the smartphone,REJECTED_ENTITY_MATCHER,False,,NOT_RELEVANT,Generic match without direct Bharti Airtel relevance
20240421081500-507,20240421081500,tribuneindia.com,https://www.tribuneindia.com/news/business/six-of-top-10-valued-firms-take-rs-1-40-lakh-crore-hit-in-mcap-tcs-infosys-biggest-laggards-613092,"Six of top-10 valued firms take Rs 1.40 lakh crore hit in mcap; TCS, Infosys biggest laggards",REJECTED_ENTITY_MATCHER,False,,NOT_RELEVANT,Generic match without direct Bharti Airtel relevance
20240421090000-T1914,20240421090000,tarunmitra.in,https://www.tarunmitra.in/article/35997/one-arrested-for-stealing-modem-worth-eight-lakhs-from-mobile,मोबाइल टावर का आठ लाख का मोडम चोरी करते एक गिरफ्तार,REJECTED_ENTITY_MATCHER,False,,NOT_RELEVANT,Generic match without direct Bharti Airtel relevance
20240421103000-619,20240421103000,thehindubusinessline.com,https://www.thehindubusinessline.com/markets/mcap-6-of-top-10-valued-firms-take-140-lakh-crore-hit-tcs-infosys-biggest-laggards/article68090236.ece,"Mcap: 6 of top 10 valued firms take ₹1.40 lakh crore hit; TCS, Infosys biggest laggards",REJECTED_ENTITY_MATCHER,False,,NOT_RELEVANT,Generic match without direct Bharti Airtel relevance
20240421103000-T1603,20240421103000,prabhasakshi.com,https://www.prabhasakshi.com/business/market-capitalization-of-six-of-the-top-10-companies-decreased,शीर्ष 10 कंपनियों में छह का बाजार पूंजीकरण 1.40 लाख करोड़ रुपये घटा,REJECTED_ENTITY_MATCHER,False,,NOT_RELEVANT,Generic match without direct Bharti Airtel relevance
20240421114500-679,20240421114500,orissapost.com,https://www.orissapost.com/mcap-of-six-of-top-10-valued-firms-at-rs-1-40-trillion-tcs-infosys-lag/,"Mcap of six of top 10 valued firms at Rs 1.40 trillion; TCS, Infosys lag",REJECTED_ENTITY_MATCHER,False,,NOT_RELEVANT,Generic match without direct Bharti Airtel relevance
20240421120000-T1394,20240421120000,indiatimes.com,https://navbharattimes.indiatimes.com/business/business-news/top-20-cities-with-most-billionaires-in-2024-see-full-list-here/articleshow/109476945.cms,"चीन-6, अमेरिका-3, भारत-2... यह कैसी लिस्ट है जिसमें आमची मुंबई है एशिया की सरताज",REJECTED_ENTITY_MATCHER,False,,NOT_RELEVANT,Generic match without direct Bharti Airtel relevance
20240421120000-352,20240421120000,indiatimes.com,https://telecom.economictimes.indiatimes.com/news/policy/trai-dials-handset-cos-telcos-digital-platforms-to-discuss-rcs-messaging/109477213,"Trai dials handset cos, telcos, digital platforms to discuss RCS messaging, ET Telecom",REJECTED_ENTITY_MATCHER,False,,NOT_RELEVANT,Generic match without direct Bharti Airtel relevance
20240421131500-823,20240421131500,thehindubusinessline.com,https://www.thehindubusinessline.com/money-and-banking/pramerica-life-insurance-aims-30-cagr-in-nbp-in-next-five-years/article68090544.ece,Pramerica Life Insurance aims 30% CAGR in NBP in next five years,REJECTED_ENTITY_MATCHER,False,,NOT_RELEVANT,Generic match without direct Bharti Airtel relevance
20240421224500-110,20240421224500,newsblogged.com,https://newsblogged.com/5-reasons-to-switch-to-airtel/,5 Reasons To Switch To Airtel - News Blogged,REJECTED_ENTITY_MATCHER,False,,NOT_RELEVANT,Generic match without direct Bharti Airtel relevance
20240422024500-799,20240422024500,indiatimes.com,https://timesofindia.indiatimes.com/technology/tech-news/this-is-what-bharti-group-chairman-sunil-mittal-has-to-say-on-vodafone-idea-raising-funds/articleshow/109485792.cms,This is what Bharti Group chairman Sunil Mittal has to say on Vodafone-Idea raising funds,REJECTED_ENTITY_MATCHER,False,,NOT_RELEVANT,Sunil Mittal generic speech
20240422031500-6,20240422031500,the-star.co.ke,https://www.the-star.co.ke/business/kenya/2024-04-22-over-13-million-kenyans-hit-as-opera-stops-free-data-plans/,Over 13 million Kenyans hit as Opera stops free data plans,REJECTED_ENTITY_MATCHER,False,,NOT_RELEVANT,Generic match without direct Bharti Airtel relevance
20240422031500-414,20240422031500,indiatimes.com,https://economictimes.indiatimes.com/wealth/invest/esg-mutual-funds-why-these-mfs-may-not-be-the-right-choice-for-investors/articleshow/109452190.cms,ESG mutual funds: Why these MFs may not be the right choice for investors,REJECTED_ENTITY_MATCHER,False,,NOT_RELEVANT,Generic match without direct Bharti Airtel relevance
20240422050000-1000,20240422050000,indiatimes.com,https://economictimes.indiatimes.com/mf/analysis/esg-mutual-funds-why-these-mfs-may-not-be-the-right-choice-for-investors/articleshow/109488936.cms,ESG mutual funds: Why these MFs may not be the right choice for investors,REJECTED_ENTITY_MATCHER,False,,NOT_RELEVANT,Generic match without direct Bharti Airtel relevance
20240422051500-433,20240422051500,businesstoday.in,https://www.businesstoday.in/markets/company-stock/story/tanla-platforms-shares-rise-multibagger-returns-buy-sell-or-hold-426341-2024-04-22,"Multibagger IT stock rose 2,100% in five years; buy, sell or hold?",REJECTED_ENTITY_MATCHER,False,,NOT_RELEVANT,Generic match without direct Bharti Airtel relevance
20240422063000-379,20240422063000,freepressjournal.in,https://www.freepressjournal.in/business/markets-start-in-green-as-concerns-over-israel-iran-escalation-subsides-crude-oil-prices-dip,Markets Start In Green As Concerns Over Israel-Iran Escalation Subside; Crude Oil Prices Dip,REJECTED_ENTITY_MATCHER,False,,NOT_RELEVANT,Generic match without direct Bharti Airtel relevance
20240422070000-202,20240422070000,indiatimes.com,https://economictimes.indiatimes.com/markets/expert-view/what-to-expect-from-consumer-durable-stocks-going-ahead-sandip-sabharwal-answers/articleshow/109492016.cms,markets: What to expect from consumer durable stocks going ahead? Sandip Sabharwal answers,REJECTED_ENTITY_MATCHER,False,,NOT_RELEVANT,Generic match without direct Bharti Airtel relevance
20240422071500-71,20240422071500,techcabal.com,https://techcabal.com/2024/04/22/techcabal-daily-nigeria-bags-an-llm/,👨🏿‍🚀TechCabal Daily - Nigeria bags an LLM,REJECTED_ENTITY_MATCHER,False,,NOT_RELEVANT,Generic match without direct Bharti Airtel relevance
20240422080000-T1211,20240422080000,digit.in,https://www.digit.in/kn/news/telecom/airtel-popular-recharge-plan-offers-unlimited-5g-data-and-calling-with-ott-benefits.html,Airtel ಬಳಕೆದಾರರಿಗೆ ಮಾಸಿಕ ಯೋಜನೆಗಳಲ್ಲಿ ಸೂಪರ್ ಡೂಪರ್ ಪ್ಲಾನ್! ಪ್ರಯೋಜನ ನೋಡಿದ್ರೆ ಹೌದೌದು ಅಂತೀರಾ!,REJECTED_ENTITY_MATCHER,False,,NOT_RELEVANT,Generic match without direct Bharti Airtel relevance
20240422083000-479,20240422083000,guernseypress.com,https://guernseypress.com/news/2024/04/22/regulators-comparison-of-internet-speedis-misleading/,'Regulator's comparison of internet speed is misleading',REJECTED_ENTITY_MATCHER,False,,NOT_RELEVANT,Generic match without direct Bharti Airtel relevance
20240422083000-970,20240422083000,indiatimes.com,https://economictimes.indiatimes.com/markets/stocks/news/amit-shah-wife-own-more-than-rs-1-crore-worth-of-shares-in-these-10-stocks/articleshow/109495142.cms,"amit shah portfolio stocks: Amit Shah, wife own more than Rs 1 crore worth of shares in these 10 stocks",REJECTED_ENTITY_MATCHER,False,,NOT_RELEVANT,Generic match without direct Bharti Airtel relevance
20240422083000-976,20240422083000,indiatimes.com,https://economictimes.indiatimes.com/industry/media/entertainment/broadcasters-seek-tariff-forbearance-to-help-pay-tv-compete-with-otts-others/articleshow/109495035.cms,"OTTs: Broadcasters seek tariff forbearance to help pay-TV compete with OTTs, others",REJECTED_ENTITY_MATCHER,False,,NOT_RELEVANT,Generic match without direct Bharti Airtel relevance
20240422083000-462,20240422083000,indiainfoline.com,https://www.indiainfoline.com/blog/how-mfs-churned-large-caps-mid-caps-and-small-caps-in-march-2024,"How MFs churned large caps, mid-caps, and small caps in March 2024",REJECTED_ENTITY_MATCHER,False,,NOT_RELEVANT,Generic match without direct Bharti Airtel relevance
20240422084500-1341,20240422084500,indiatimes.com,https://economictimes.indiatimes.com/markets/ipos/fpos/vodafone-idea-fpo-sails-through-on-last-day-despite-little-retail-interest/articleshow/109496216.cms,Vodafone Idea FPO sails through on last day despite little retail interest,REJECTED_ENTITY_MATCHER,False,,NOT_RELEVANT,Generic match without direct Bharti Airtel relevance
20240422090000-T769,20240422090000,bhaskar.com,https://www.bhaskar.com/business/market/news/vodafone-idea-fpo-2024-update-anchor-investors-shares-allotment-132912580.html,"Vodafone Idea FPO 2024 Update; Anchor Investors Amount | Shares Allotment | वोडाफोन आइडिया के FPO में निवेश का आखिरी मौका: रिटेल इन्वेस्टर मिनिमम ₹14,278 लगा सकते हैं, कंपनी ₹18,000 करोड़ जुटाना चाहती है",REJECTED_ENTITY_MATCHER,False,,NOT_RELEVANT,Generic match without direct Bharti Airtel relevance
20240422100000-935,20240422100000,rashtranews.com,https://www.rashtranews.com/business-news-vodafone-idea-no-longer-giving-double-data-benefits-with-rs-359-rs-539-and-rs-839-prepaid-recharge-plans/,"Business News: Vodafone Idea no longer giving 'double data benefits' with Rs 359, Rs 539 and Rs 839 prepaid recharge plans",REJECTED_ENTITY_MATCHER,False,,NOT_RELEVANT,Formulaic consumer recharge plan / OTT bundle comparison table
20240422103000-T2421,20240422103000,prahaar.in,https://prahaar.in/economy-the-world-is-flourishing-talking-is-expensive/,"Economy : अर्थविश्व बहरतेय, बोलणे महागतेय!",REJECTED_ENTITY_MATCHER,False,,NOT_RELEVANT,Generic match without direct Bharti Airtel relevance
20240422103000-978,20240422103000,moneycontrol.com,https://www.moneycontrol.com/news/business/markets/can-vodafone-ideas-successful-rs-18000-cr-fpo-end-duopoly-in-telecom-sector-12693331.html,"Can Vodafone Idea's successful Rs 18,000-cr FPO end duopoly in telecom sector?",REJECTED_ENTITY_MATCHER,False,,NOT_RELEVANT,Generic match without direct Bharti Airtel relevance
20240422104500-T666,20240422104500,jagran.com,https://www.jagran.com/business/biz-how-reliance-jio-fulfilled-dhirubhai-ambani-dream-of-affordable-call-rates-23702138.html,"धीरूभाई अंबानी ने देखा था पोस्टकार्ड से सस्ती कॉल का सपना, जियो ने उसे कैसे किया साकार? - How Reliance Jio fulfilled Dhirubhai Ambani's dream of affordable call rates",REJECTED_ENTITY_MATCHER,False,,NOT_RELEVANT,Generic match without direct Bharti Airtel relevance
20240422104500-128,20240422104500,moneycontrol.com,https://www.moneycontrol.com/news/business/markets/taking-stock-market-gains-for-second-session-sensex-up-560-points-nifty-above-22300-12694051.html,"Taking Stock: Market gains for second session; Sensex up 560 points, Nifty above 22,300",REJECTED_ENTITY_MATCHER,False,,NOT_RELEVANT,Generic match without direct Bharti Airtel relevance
20240422113000-23,20240422113000,hindustantimes.com,https://www.hindustantimes.com/india-news/amit-shahs-investment-portfolio-hul-to-mrf-and-colgatepalmolive-101713773923424.html,Amit Shah's investment portfolio: HUL to MRF and Colgate-Palmolive,REJECTED_ENTITY_MATCHER,False,,NOT_RELEVANT,Generic match without direct Bharti Airtel relevance
20240422120000-1096,20240422120000,indiatimes.com,https://telecom.economictimes.indiatimes.com/news/prepaid-postpaid/airtel-simplifies-international-roaming-pack-for-customers/109503429,"Bharti Airtel: Airtel simplifies international roaming pack for customers, ET Telecom",REJECTED_ENTITY_MATCHER,False,,NOT_RELEVANT,Formulaic consumer recharge plan / OTT bundle comparison table
20240422120000-638,20240422120000,indiatimes.com,https://telecom.economictimes.indiatimes.com/news/industry/significant-increase-in-tariffs-post-fund-raise-necessary-to-rescue-vodafone-idea-analysts/109496516,"Sharp increase in tariffs post fund raise required to bail out Vodafone Idea: Analysts, ET Telecom",REJECTED_ENTITY_MATCHER,False,,NOT_RELEVANT,Generic match without direct Bharti Airtel relevance
20240422120000-1591,20240422120000,indiatimes.com,https://telecom.economictimes.indiatimes.com/news/industry/broadcasters-seek-tariff-forbearance-to-help-pay-tv-compete-with-otts-others/109497991,"OTT Platforms: Broadcasters seek tariff forbearance to help pay-TV compete with OTTs, others, ET Telecom",REJECTED_ENTITY_MATCHER,False,,NOT_RELEVANT,Generic match without direct Bharti Airtel relevance
20240422120000-677,20240422120000,indiatimes.com,https://telecom.economictimes.indiatimes.com/news/industry/vodafone-idea-fpo-sails-through-on-last-day-despite-little-retail-interest/109498080,"Vodafone Idea FPO sails through on last day despite little retail interest, ET Telecom",REJECTED_ENTITY_MATCHER,False,,NOT_RELEVANT,Generic match without direct Bharti Airtel relevance
20240422121500-823,20240422121500,theweek.in,https://www.theweek.in/wire-updates/business/2024/04/22/dcm52-airtel-payments-bank.html,Airtel Payments Bank Launches Interoperable Eco-friendly NCMC Enabled Debit and Pre-paid Cards,REJECTED_ENTITY_MATCHER,False,,NOT_RELEVANT,Standalone Airtel Payments Bank operational news
20240422121500-586,20240422121500,aninews.in,https://www.aninews.in/news/business/airtel-payments-bank-launches-interoperable-eco-friendly-ncmc-enabled-debit-and-pre-paid-cards20240422160556/,Airtel Payments Bank Launches Interoperable Eco-friendly NCMC Enabled Debit and Pre-paid Cards,REJECTED_ENTITY_MATCHER,False,,NOT_RELEVANT,Standalone Airtel Payments Bank operational news
20240422121500-471,20240422121500,indiatimes.com,https://economictimes.indiatimes.com/industry/telecom/telecom-news/airtel-simplifies-international-roaming-to-184-countries-offers-single-pack-for-multiple-destinations/articleshow/109503553.cms,"Airtel international roaming pack: Airtel simplifies international roaming to 184 countries, offers single pack for multiple destinations",REJECTED_ENTITY_MATCHER,False,,NOT_RELEVANT,Formulaic consumer recharge plan / OTT bundle comparison table
20240422121500-385,20240422121500,marketscreener.com,https://www.marketscreener.com/quote/stock/RELIANCE-INC-14292/news/India-s-Reliance-Jio-says-Q4-profit-rises-13-2-46491165/,India's Reliance Jio says Q4 profit rises 13.2%,REJECTED_ENTITY_MATCHER,False,,NOT_RELEVANT,Generic match without direct Bharti Airtel relevance
20240422123000-832,20240422123000,indianexpress.com,https://indianexpress.com/article/technology/tech-news-technology/airtel-international-roaming-plans-2024-9284613/,Airtel introduces new international roaming plans with in-flight data benefits,REJECTED_ENTITY_MATCHER,False,,NOT_RELEVANT,Generic match without direct Bharti Airtel relevance
20240422124500-1160,20240422124500,livemint.com,https://www.livemint.com/market/stock-market-news/stock-market-today-sensex-nifty-extend-gains-into-2nd-straight-session-investors-richer-by-4-lakh-crore-in-a-day-11713779193150.html,"Stock market today: Sensex, Nifty extend gains into 2nd straight session",REJECTED_ENTITY_MATCHER,False,,NOT_RELEVANT,Generic match without direct Bharti Airtel relevance
20240422124500-375,20240422124500,indiatimes.com,https://timesofindia.indiatimes.com/business/india-business/reliance-jio-q4-results-rjio-reports-13-2-rise-in-profit-to-rs-5337-crore/articleshow/109504298.cms,"Reliance Jio Q4 results: RJio reports 13.2% rise in profit to Rs 5,337 crore",REJECTED_ENTITY_MATCHER,False,,NOT_RELEVANT,Generic match without direct Bharti Airtel relevance
20240422130000-152,20240422130000,indiainfoline.com,https://www.indiainfoline.com/news/companies/vodafone-ideas-fpo-subscribed-6-35-times,Vodafone Idea's FPO subscribed 6.35 times,REJECTED_ENTITY_MATCHER,False,,NOT_RELEVANT,Generic match without direct Bharti Airtel relevance
20240422130000-1218,20240422130000,aninews.in,https://aninews.in/news/business/airtel-payments-bank-launches-interoperable-eco-friendly-ncmc-enabled-debit-and-pre-paid-cards20240422160556/,Airtel Payments Bank Launches Interoperable Eco-friendly NCMC Enabled Debit and Pre-paid Cards,REJECTED_ENTITY_MATCHER,False,,NOT_RELEVANT,Standalone Airtel Payments Bank operational news
20240422130000-34,20240422130000,srilankasource.com,https://www.srilankasource.com/news/274297918/airtel-payments-bank-launches-interoperable-eco-friendly-ncmc-enabled-debit-and-pre-paid-cards,Airtel Payments Bank Launches Interoperable Eco-friendly NCMC Enabled Debit and Pre-paid Cards,REJECTED_ENTITY_MATCHER,False,,NOT_RELEVANT,Standalone Airtel Payments Bank operational news
20240422130000-T77,20240422130000,digit.in,https://www.digit.in/hi/press-release/telecom/airtel-rs-133-recharge-plan-full-details.html,एयरटेल ने पेश किया दुनिया घूमने वाले ग्राहकों के लिए किफ़ायती इंटरनेशनल रोमिंग पैक,REJECTED_ENTITY_MATCHER,False,,NOT_RELEVANT,Generic match without direct Bharti Airtel relevance
20240422134500-T20,20240422134500,indiatimes.com,https://navbharattimes.indiatimes.com/tech/gadgets-news/airtel-internation-roaming-plan-rs-133-free-sim-and-more-service/articleshow/109504901.cms,"एयरटेल ने करा दी मौज, 133 रुपये में इंटरनेट रोमिंग पैक लॉन्च, SIM मिलेगा फ्री",REJECTED_ENTITY_MATCHER,False,,NOT_RELEVANT,Generic match without direct Bharti Airtel relevance
20240422140000-1482,20240422140000,pulse.ng,https://www.pulse.ng/lifestyle/how-to-share-data-on-glo/weee5fm,how to share data on glo | Pulse Nigeria,REJECTED_ENTITY_MATCHER,False,,NOT_RELEVANT,Generic match without direct Bharti Airtel relevance
20240422140000-1717,20240422140000,devdiscourse.com,https://www.devdiscourse.com/article/technology/2904547-airtel-payments-bank-introduces-eco-friendly-interoperable-debit-and-pre-paid-cards-with-ncmc-compatibility,Airtel Payments Bank Introduces Eco-Friendly Interoperable Debit and Pre-paid Cards with NCMC Compatibility,REJECTED_ENTITY_MATCHER,False,,NOT_RELEVANT,Standalone Airtel Payments Bank operational news
20240422141500-1707,20240422141500,indianexpress.com,https://indianexpress.com/article/business/reliance-jio-q4-net-profit-rises-over-13-to-rs-5337-crore-9284756/,"Reliance Jio Q4 net profit rises over 13% to Rs 5,337 crore",REJECTED_ENTITY_MATCHER,False,,NOT_RELEVANT,Generic match without direct Bharti Airtel relevance
20240422143000-1057,20240422143000,techworm.net,https://www.techworm.net/2018/08/free-movie-download-websites-watch-online-legally.html,30 Best Free Movie Download Websites in 2024,REJECTED_ENTITY_MATCHER,False,,NOT_RELEVANT,Generic match without direct Bharti Airtel relevance
20240422150000-1310,20240422150000,marketscreener.com,https://www.marketscreener.com/quote/stock/VODAFONE-IDEA-LIMITED-9743588/news/Vodafone-Idea-fetches-bids-worth-10-6-billion-in-India-s-largest-ever-follow-on-share-sale-46492839/,Vodafone Idea fetches bids worth $10.6 billion in India's largest-ever follow-on share sale,REJECTED_ENTITY_MATCHER,False,,NOT_RELEVANT,Generic match without direct Bharti Airtel relevance
20240422160000-157,20240422160000,quicknews-africa.net,https://quicknews-africa.net/cpj-calls-on-nigeria-to-ensure-internet-social-media-services-remain-connected-during-elections/,"CPJ calls on Nigeria to ensure Internet, social media services remain connected during elections",REJECTED_ENTITY_MATCHER,False,,NOT_RELEVANT,Generic match without direct Bharti Airtel relevance
20240422160000-331,20240422160000,srilankamirror.com,https://srilankamirror.com/biz/cbsl-names-8-more-companies-conducting-prohibited-schemes/,CBSL names 8 more companies conducting prohibited schemes,REJECTED_ENTITY_MATCHER,False,,NOT_RELEVANT,Generic match without direct Bharti Airtel relevance
20240422160000-92,20240422160000,srilankamirror.com,https://srilankamirror.com/biz/6-rfqs-received-to-acquire-srilankan-shares/,6 RfQs received to acquire SriLankan shares,REJECTED_ENTITY_MATCHER,False,,NOT_RELEVANT,Generic match without direct Bharti Airtel relevance
20240422161500-1423,20240422161500,livelaw.in,https://www.livelaw.in/round-ups/weekly/consumer-cases-weekly-round-up-15-21-april-2024-255759,Consumer Cases Weekly Round-Up: 15th to 21st April 2024,REJECTED_ENTITY_MATCHER,False,,NOT_RELEVANT,Generic match without direct Bharti Airtel relevance
20240422161500-568,20240422161500,businesstimes.com.sg,https://www.businesstimes.com.sg/international/vodafone-idea-fetches-bids-worth-us-10-6-billion-india-s-largest-ever-follow-share-sale,Vodafone Idea fetches bids worth US$10.6 billion in India's largest-ever follow-on share sale,REJECTED_ENTITY_MATCHER,False,,NOT_RELEVANT,Generic match without direct Bharti Airtel relevance
20240422164500-1178,20240422164500,centralchronicle.com,https://www.centralchronicle.com/sensex-recovers-335-39-pts/,Sensex recovers 335.39 pts | Central India's Premier English Daily,REJECTED_ENTITY_MATCHER,False,,NOT_RELEVANT,Generic match without direct Bharti Airtel relevance
20240422171500-2300,20240422171500,thedailystar.net,https://www.thedailystar.net/business/news/robi-records-massive-153-jump-profit-3593036,Robi records a massive 153% jump in profit,REJECTED_ENTITY_MATCHER,False,,NOT_RELEVANT,Generic match without direct Bharti Airtel relevance
20240422171500-879,20240422171500,indiatimes.com,https://timesofindia.indiatimes.com/technology/tech-news/airtel-launches-international-roaming-plan-that-will-work-in-184-countries-price-and-other-details/articleshow/109504127.cms,Airtel launches international roaming plan that will work in 184 countries: Price and other details,REJECTED_ENTITY_MATCHER,False,,NOT_RELEVANT,Generic match without direct Bharti Airtel relevance
20240422174500-1972,20240422174500,redpepper.co.ug,https://redpepper.co.ug/from-frustration-to-fast-tracking-how-uganda-can-fix-its-internet/134857/,From Frustration to Fast-Tracking: How Uganda Can Fix Its Internet,REJECTED_ENTITY_MATCHER,False,,NOT_RELEVANT,Generic match without direct Bharti Airtel relevance
20240422181500-1242,20240422181500,fonearena.com,https://www.fonearena.com/blog/422234/airtel-international-roaming-packs-rs-133-per-day.html,Airtel launches new International roaming packs starting at Rs. 133 per day,REJECTED_ENTITY_MATCHER,False,,NOT_RELEVANT,Generic match without direct Bharti Airtel relevance
20240422184500-383,20240422184500,developingtelecoms.com,https://developingtelecoms.com/telecom-technology/energy-sustainability/16592-india-s-indus-and-ngel-sign-renewable-power-pact.html,India's Indus and NGEL sign renewable power pact - Developing Telecoms,REJECTED_ENTITY_MATCHER,False,,NOT_RELEVANT,Generic match without direct Bharti Airtel relevance
20240422190000-740,20240422190000,vccircle.com,https://www.vccircle.com/vodafoneidea-gets-bids-worth-10-6-bn-in-country-s-largest-ever-follow-on-public-offering,Vodafone Idea gets bids worth $10.6 bn in country's largest ever follow-on public offering,REJECTED_ENTITY_MATCHER,False,,NOT_RELEVANT,Generic match without direct Bharti Airtel relevance
20240422193000-1228,20240422193000,rcrwireless.com,https://www.rcrwireless.com/20240422/spectrum/indian-telcos-continue-push-6-ghz-spectrum-report,Indian telcos continue to push for 6 GHz spectrum: Report,REJECTED_ENTITY_MATCHER,False,,NOT_RELEVANT,Generic match without direct Bharti Airtel relevance
20240422194500-1575,20240422194500,indiatimes.com,https://economictimes.indiatimes.com/industry/telecom/telecom-news/some-mobile-users-caught-in-recycled-numbers-game/articleshow/109510771.cms,Some mobile users caught in recycled numbers game,REJECTED_ENTITY_MATCHER,False,,NOT_RELEVANT,Generic match without direct Bharti Airtel relevance
20240422203000-1166,20240422203000,mwnation.com,https://mwnation.com/airtel-loses-k56bn-to-kwacha-decline/,Airtel loses K56bn to kwacha decline,REJECTED_ENTITY_MATCHER,False,,NOT_RELEVANT,Generic match without direct Bharti Airtel relevance
20240422213000-1156,20240422213000,seekingalpha.com,https://seekingalpha.com/article/4685022-its-tower-time,It's Tower Time,REJECTED_ENTITY_MATCHER,False,,NOT_RELEVANT,Generic match without direct Bharti Airtel relevance
20240422220000-1507,20240422220000,indianexpress.com,https://indianexpress.com/shorts/india/election-commission-pm-modi-rajasthan-speech-row-9284316/,EC declines comment on PM's Rajasthan poll speech,REJECTED_ENTITY_MATCHER,False,,NOT_RELEVANT,Generic match without direct Bharti Airtel relevance
20240422221500-1037,20240422221500,prnewswire.com,https://www.prnewswire.com/news-releases/e-wallet-market-size-is-set-to-grow-by-usd-163-43-billion-from-2023-2027--aci-worldwide-inc-alibaba-group-holding-ltd-and-alphabet-inc-and-more-to-emerge-as-some-of-the-key-vendors-technavio-302122210.html,"E-Wallet Market size is set to grow by USD 163.43 billion from 2023-2027, ACI Worldwide Inc., Alibaba Group Holding Ltd. and Alphabet Inc., and more to emerge as Some of the Key Vendors, Technavio",REJECTED_ENTITY_MATCHER,False,,NOT_RELEVANT,Generic match without direct Bharti Airtel relevance
20240422231500-423,20240422231500,indianexpress.com,https://indianexpress.com/shorts/cities/bangalore/eshwarappa-expelled-bjp-karnataka-9284926/,Former Karnataka deputy CM K S Eshwarappa expelled from BJP for 6 years,REJECTED_ENTITY_MATCHER,False,,NOT_RELEVANT,Generic match without direct Bharti Airtel relevance
20240423020000-1057,20240423020000,indiatimes.com,https://economictimes.indiatimes.com/markets/ipos/fpos/dial-vi-for-victory-cash-strapped-telco-pulls-off-biggest-fpo/articleshow/109515426.cms,Vodafone Idea FPO: Dial Vi for victory: Cash-strapped telco pulls off biggest FPO,REJECTED_ENTITY_MATCHER,False,,NOT_RELEVANT,Generic match without direct Bharti Airtel relevance
20240423021500-714,20240423021500,dailypioneer.com,https://www.dailypioneer.com/2024/business/six-of-top-ten-valued-firms-take--1-40-lakh-crore-hit-in-mcap.html,Six of top ten valued firms take `1.40 lakh crore hit in mcap,REJECTED_ENTITY_MATCHER,False,,NOT_RELEVANT,Generic match without direct Bharti Airtel relevance
20240423031500-573,20240423031500,livemint.com,https://www.livemint.com/opinion/quick-edit/dial-vi-for-revival-its-fpo-was-a-success-11713791615691.html,Dial Vi for revival: Its FPO was a success,REJECTED_ENTITY_MATCHER,False,,NOT_RELEVANT,Generic match without direct Bharti Airtel relevance
20240423031500-200,20240423031500,techweez.com,https://techweez.com/2024/04/23/best-kenya-isp-in-2024/,Kenya ISP Status: Report on Who Offers the Fastest Browsing and Streaming,REJECTED_ENTITY_MATCHER,False,,NOT_RELEVANT,Generic match without direct Bharti Airtel relevance
20240423034500-197,20240423034500,siliconindia.com,https://www.siliconindia.com/news/general/razorpay-airtel-bank-launch-upi-switch-for-10000-upi-transactions-per-second-nid-229124-cid-1.html,"Razorpay, Airtel Bank Launch UPI Switch for 10,000 UPI Transactions Per Second",REJECTED_ENTITY_MATCHER,False,,NOT_RELEVANT,Standalone Airtel Payments Bank operational news
20240423034500-T217,20240423034500,divyabhaskar.co.in,https://www.divyabhaskar.co.in/business/news/investment-points-the-week-started-with-an-improvement-in-the-indian-stock-market-132915341.html,INVESTMENT POINTS- The week started with an improvement in the Indian stock market | ઇન્વેસ્ટમેન્ટ પોઈન્ટ-ભારતીય શેરબજારમાં સુધારા સાથે સપ્તાહની શરૂઆત: ઓસ્ટ્રેલિયા અને મલેશિયાના ફુગાવા સંબંધિત આંકડાઓ પર નજર,REJECTED_ENTITY_MATCHER,False,,NOT_RELEVANT,Generic match without direct Bharti Airtel relevance
20240423044500-530,20240423044500,indiatimes.com,https://economictimes.indiatimes.com/markets/stocks/news/sensex-rises-for-3rd-straight-day-up-300-pts-tracking-global-cues-nifty-above-22400/articleshow/109518198.cms,"sensex news: Sensex rises for 3rd straight day, up 300 pts tracking global cues; Nifty above 22,400",REJECTED_ENTITY_MATCHER,False,,NOT_RELEVANT,Generic match without direct Bharti Airtel relevance
20240423050000-980,20240423050000,thehindubusinessline.com,https://www.thehindubusinessline.com/markets/share-market-nifty-sensex-live-updates-23-april-2024/article68094241.ece,"Stock Market Live Updates 23 April, 2024: Sensex, Nifty open on a firm note",REJECTED_ENTITY_MATCHER,False,,NOT_RELEVANT,Generic match without direct Bharti Airtel relevance
20240423051500-1149,20240423051500,bloomberg.com,https://www.bloomberg.com/news/articles/2024-04-23/how-congo-s-government-tried-to-push-extra-taxes-on-foreign-mobile-operators,How Congo's Government Tried to Push Extra Taxes on Foreign Mobile Operators,REJECTED_ENTITY_MATCHER,False,,NOT_RELEVANT,Generic match without direct Bharti Airtel relevance
20240423051500-482,20240423051500,bnnbloomberg.ca,https://www.bnnbloomberg.ca/how-congo-pushed-millions-in-additional-taxes-on-foreign-mobile-operators-1.2062444,How Congo Pushed Millions in Additional Taxes on Foreign Mobile Operators,REJECTED_ENTITY_MATCHER,False,,NOT_RELEVANT,Generic match without direct Bharti Airtel relevance
20240423051500-T1953,20240423051500,amarujala.com,https://www.amarujala.com/business/bazaar/sensex-opening-bell-share-market-opening-sensex-nifty-share-market-news-and-updates-2024-04-23,"Sensex Opening Bell Share Market Opening Sensex Nifty Share Market News And Updates - Amar Ujala Hindi News Live - Sensex Opening Bell:शेयर बाजार में उछाल जारी; सेंसेक्स 212 अंक चढ़ा, निफ्टी 22400 के करीब",REJECTED_ENTITY_MATCHER,False,,NOT_RELEVANT,Generic match without direct Bharti Airtel relevance
20240423053000-1019,20240423053000,marketscreener.com,https://www.marketscreener.com/quote/stock/BHARTI-AIRTEL-LIMITED-6494412/news/INDIA-STOCKS-Indian-shares-rise-as-global-risk-sentiment-improves-46496869/,INDIA STOCKS-Indian shares rise as global risk sentiment improves,REJECTED_ENTITY_MATCHER,False,,NOT_RELEVANT,Generic match without direct Bharti Airtel relevance
20240423053000-438,20240423053000,financialpost.com,https://financialpost.com/pmn/business-pmn/how-congo-pushed-millions-in-additional-taxes-on-foreign-mobile-operators,How Congo Pushed Millions in Additional Taxes on Foreign Mobile Operators,REJECTED_ENTITY_MATCHER,False,,NOT_RELEVANT,Generic match without direct Bharti Airtel relevance
20240423053000-T39,20240423053000,punjabkesari.in,https://www.punjabkesari.in/blogs/news/meaning-of-cancellation-of-musk-s-visit-to-india-1970705,मस्क की भारत यात्रा रद्द होने के मायने - meaning of cancellation of musk s visit to india,REJECTED_ENTITY_MATCHER,False,,NOT_RELEVANT,Generic match without direct Bharti Airtel relevance
20240423054500-262,20240423054500,indiatimes.com,https://economictimes.indiatimes.com/markets/stocks/stock-watch/share-market-update-most-active-stocks-on-d-street-today-in-terms-of-volume/articleshow/109519995.cms,share market: Share market update: Most active stocks on D-Street today in terms of volume,REJECTED_ENTITY_MATCHER,False,,NOT_RELEVANT,Generic match without direct Bharti Airtel relevance
20240423054500-882,20240423054500,indiatimes.com,https://economictimes.indiatimes.com/markets/stocks/stock-watch/stock-market-update-sugar-stocks-up-as-market-rises/articleshow/109519764.cms,Stock Market Sectors: Stock market update: Sugar stocks up as market rises,REJECTED_ENTITY_MATCHER,False,,NOT_RELEVANT,Generic match without direct Bharti Airtel relevance
20240423054500-456,20240423054500,news18.com,https://www.news18.com/business/stock-market-updates-sensex-up-over-250-points-nifty-above-22400-voda-idea-gains-4-8862547.html,"Stock Market Updates: Sensex Up Over 250 Points, Nifty Above 22,400; Voda Idea Gains 4%",REJECTED_ENTITY_MATCHER,False,,NOT_RELEVANT,Generic match without direct Bharti Airtel relevance
20240423054500-1036,20240423054500,rttnews.com,https://www.rttnews.com/story.aspx?Id=3440527,"Sensex, Nifty Modestly Higher In Early Trade",REJECTED_ENTITY_MATCHER,False,,NOT_RELEVANT,Generic match without direct Bharti Airtel relevance
20240423054500-474,20240423054500,thehindu.com,https://www.thehindu.com/business/markets/markets-climb-in-early-trade-on-firm-global-trends-extend-winning-momentum-to-3rd-day-running/article68096943.ece,Markets climb in early trade on firm global trends; extend winning momentum to 3rd day running,REJECTED_ENTITY_MATCHER,False,,NOT_RELEVANT,Generic match without direct Bharti Airtel relevance
20240423060000-357,20240423060000,tribuneindia.com,https://www.tribuneindia.com/news/business/markets-climb-in-early-trade-on-firm-global-trends-extend-winning-momentum-to-3rd-day-running-613757,Markets climb in early trade on firm global trends; extend winning momentum to 3rd day running,REJECTED_ENTITY_MATCHER,False,,NOT_RELEVANT,Generic match without direct Bharti Airtel relevance
20240423061500-938,20240423061500,indiatimes.com,https://economictimes.indiatimes.com/markets/stocks/stock-watch/stock-market-update-stocks-that-hit-52-week-highs-on-nse/articleshow/109520872.cms,52 week high stocks: Stock market update: Stocks that hit 52-week highs on NSE,REJECTED_ENTITY_MATCHER,False,,NOT_RELEVANT,Generic match without direct Bharti Airtel relevance
20240423061500-849,20240423061500,indiatimes.com,https://economictimes.indiatimes.com/markets/stocks/stock-watch/stock-market-update-stocks-that-hit-52-week-lows-on-nse/articleshow/109520758.cms,52 week high stocks: Stock market update: Stocks that hit 52-week lows on NSE,REJECTED_ENTITY_MATCHER,False,,NOT_RELEVANT,Generic match without direct Bharti Airtel relevance
20240423061500-652,20240423061500,theweek.in,https://www.theweek.in/news/biz-tech/2024/04/23/markets-climb-in-early-trade-amid-global-trends-extend-rally-to-3rd-day-running.html,Markets climb in early trade amid global trends; extend rally to 3rd day running,REJECTED_ENTITY_MATCHER,False,,NOT_RELEVANT,Generic match without direct Bharti Airtel relevance
20240423061500-871,20240423061500,indiatimes.com,https://economictimes.indiatimes.com/markets/stocks/news/vodafone-idea-shares-jump-over-6-a-day-after-fpo-subscribed-6-5x/articleshow/109521488.cms,Vodafone Idea shares jump over 6% a day after FPO subscribed 6.5x,REJECTED_ENTITY_MATCHER,False,,NOT_RELEVANT,Generic match without direct Bharti Airtel relevance
20240423061500-T644,20240423061500,sangbadpratidin.in,https://www.sangbadpratidin.in/india/stock-market-opening-today-with-great-uptrend/,Stock Market opening today with great uptrend,REJECTED_ENTITY_MATCHER,False,,NOT_RELEVANT,Generic match without direct Bharti Airtel relevance
20240423063000-1237,20240423063000,dailyexcelsior.com,https://www.dailyexcelsior.com/markets-climb-in-early-trade-on-firm-global-trends-extend-winning-momentum-to-3rd-day-running/,Markets climb in early trade on firm global trends; extend winning momentum to 3rd day running,REJECTED_ENTITY_MATCHER,False,,NOT_RELEVANT,Generic match without direct Bharti Airtel relevance
20240423064500-649,20240423064500,telegraphindia.com,https://www.telegraphindia.com/feeds/business/markets-climb-in-early-trade-on-firm-global-trends-extend-winning-momentum-to-3rd-day-running/cid/2015157,Stock market | Markets climb in early trade on firm global trends; extend winning momentum to 3rd day running,REJECTED_ENTITY_MATCHER,False,,NOT_RELEVANT,Generic match without direct Bharti Airtel relevance
20240423064500-1018,20240423064500,telegraphindia.com,https://www.telegraphindia.com/business/markets-climb-in-early-trade-on-firm-global-trends-extend-winning-momentum-to-3rd-day-running/cid/2015157,Stock market | Markets climb in early trade on firm global trends; extend winning momentum to 3rd day running,REJECTED_ENTITY_MATCHER,False,,NOT_RELEVANT,Generic match without direct Bharti Airtel relevance
20240423064500-T1330,20240423064500,prabhatkhabar.com,https://www.prabhatkhabar.com/business/share-market-opening-sensex-nifty-jumped-in-pre-opening-update-mdn,"Share Market में खरीदारी से आयी तेजी, सेंसेक्स 316 अंक चढ़ा",REJECTED_ENTITY_MATCHER,False,,NOT_RELEVANT,Generic match without direct Bharti Airtel relevance
20240423070000-1008,20240423070000,siasat.com,https://www.siasat.com/sensex-in-the-green-amid-bullish-undercurrent-3013605/,Sensex in the green amid bullish undercurrent,REJECTED_ENTITY_MATCHER,False,,NOT_RELEVANT,Generic match without direct Bharti Airtel relevance
20240423070000-153,20240423070000,domain-b.com,https://www.domain-b.com/markets/investment-general/vodafone-idea-s-follow-on-share-offer-subscribed-5-4-times,Vodafone Idea's follow-on share offer subscribed 5.4 times,REJECTED_ENTITY_MATCHER,False,,NOT_RELEVANT,Generic match without direct Bharti Airtel relevance
20240423070000-T2823,20240423070000,moneycontrol.com,https://hindi.moneycontrol.com/news/markets/stock-market-opening-bell-sensex-nifty-jumps-investors-gains-1-82-lakh-crore-rupees-smallcap-midcap-1896444.html,"Stock Market Opening Bell: 22400 के पार Nifty, सेंसेक्स में भी तेजी, निवेशकों पर बरसे ₹1.82 लाख करोड़",REJECTED_ENTITY_MATCHER,False,,NOT_RELEVANT,Generic match without direct Bharti Airtel relevance
20240423071500-280,20240423071500,indiatimes.com,https://timesofindia.indiatimes.com/business/india-business/getting-wrong-calls-from-loan-recovery-agents-unable-to-link-number-with-bank-account-you-may-have-got-a-recycled-mobile-number/articleshow/109521875.cms,"Getting wrong calls from loan recovery agents, unable to link number with bank account? You may have got a recycled mobile number",REJECTED_ENTITY_MATCHER,False,,NOT_RELEVANT,Generic match without direct Bharti Airtel relevance
20240423071500-1132,20240423071500,menafn.com,https://menafn.com/1108126167/Sensex-In-The-Green-Amid-Bullish-Undercurrent,Sensex In The Green Amid Bullish Undercurrent,REJECTED_ENTITY_MATCHER,False,,NOT_RELEVANT,Generic match without direct Bharti Airtel relevance
20240423071500-1057,20240423071500,indiatimes.com,https://telecom.economictimes.indiatimes.com/news/industry/some-mobile-users-caught-in-recycled-numbers-game/109515934,"Reliance Jio: Some mobile users caught in recycled numbers game, ET Telecom",REJECTED_ENTITY_MATCHER,False,,NOT_RELEVANT,Generic match without direct Bharti Airtel relevance
20240423071500-444,20240423071500,financialexpress.com,https://www.financialexpress.com/market/mampm-finance-slides-7-as-company-delays-earnings-meet-on-account-of-rs-150-cr-fraud-detected/3465584/,M&M Finance slides 7% as company delays earnings meet on account of Rs 150 cr fraud detected,REJECTED_ENTITY_MATCHER,False,,NOT_RELEVANT,Generic match without direct Bharti Airtel relevance
20240423071500-297,20240423071500,prokerala.com,https://www.prokerala.com/news/articles/a1525250.html,Sensex in the green amid bullish undercurrent,REJECTED_ENTITY_MATCHER,False,,NOT_RELEVANT,Generic match without direct Bharti Airtel relevance
20240423073000-378,20240423073000,dailyexcelsior.com,https://www.dailyexcelsior.com/vodafone-idea-approves-offer-price-of-rs-11-per-equity-share-for-rs-18000-cr-fpo/,"Vodafone Idea approves offer price of Rs 11 per equity share for Rs 18,000 cr-FPO",REJECTED_ENTITY_MATCHER,False,,NOT_RELEVANT,Generic match without direct Bharti Airtel relevance
20240423073000-119,20240423073000,indianexpress.com,https://indianexpress.com/article/business/companies/vodafone-idea-vil-price-share-fpo-bse-nse-9285817/,Vodafone Idea approves offer price of Rs 11 per equity share for FPO,REJECTED_ENTITY_MATCHER,False,,NOT_RELEVANT,Generic match without direct Bharti Airtel relevance
20240423074500-1093,20240423074500,indiablooms.com,https://www.indiablooms.com/finance-details/20304/stock-market-opens-in-green-with-nifty-above-22-400-sensex-near-73-900.html,"Stock market opens in green with Nifty above 22,400, Sensex near 73,900 | Indiablooms - First Portal on Digital News Management",REJECTED_ENTITY_MATCHER,False,,NOT_RELEVANT,Generic match without direct Bharti Airtel relevance
20240423074500-710,20240423074500,businesstoday.in,https://www.businesstoday.in/markets/company-stock/story/buy-ril-shares-reliance-jio-to-contribute-lions-share-in-fy25-ebitda-growth-jefferies-426538-2024-04-23,Buy RIL shares; Reliance Jio to contribute lion's share in FY25 Ebitda growth: Jefferies,REJECTED_ENTITY_MATCHER,False,,NOT_RELEVANT,Generic match without direct Bharti Airtel relevance
20240423074500-T170,20240423074500,indiatimes.com,https://navbharattimes.indiatimes.com/tech/gadgets-news/realme-c65-fastest-entry-level-5g-under-10k-check-launch-date-and-features/articleshow/109521979.cms,"best 5G phone under 10k Realme C65 5G: 10 हजार से कम में 5G फोन, मिलेगा Free अनलिमिटेड इंटरनेट, जानें लॉन्च डेट",REJECTED_ENTITY_MATCHER,False,,NOT_RELEVANT,Generic match without direct Bharti Airtel relevance
20240423074500-T2127,20240423074500,maalaimalar.com,https://www.maalaimalar.com:443/technology/techfacts/good-news-from-airtel-for-travelers-going-abroad-714734,வெளிநாடு செல்லும் பயணிகளுக்கு ஏர்டெல்-ன் குட் நியூஸ்,REJECTED_ENTITY_MATCHER,False,,NOT_RELEVANT,Generic match without direct Bharti Airtel relevance
20240423074500-T2130,20240423074500,maalaimalar.com,https://www.maalaimalar.com/tags/%E0%AE%B5%E0%AE%BE%E0%AE%9F%E0%AE%BF%E0%AE%95%E0%AF%8D%E0%AE%95%E0%AF%88%E0%AE%AF%E0%AE%BE%E0%AE%B3%E0%AE%B0%E0%AF%8D,Read all Latest Updates on and about வாடிக்கையாளர்,REJECTED_NON_ARTICLE_URL,False,,NOT_RELEVANT,Non-article URL / taxonomy tag page
20240423074500-T2132,20240423074500,maalaimalar.com,https://www.maalaimalar.com/tags/%E0%AE%9F%E0%AF%87%E0%AE%9F%E0%AF%8D%E0%AE%9F%E0%AE%BE-%E0%AE%9A%E0%AF%87%E0%AE%B5%E0%AF%88,Read all Latest Updates on and about டேட்டா சேவை,REJECTED_NON_ARTICLE_URL,False,,NOT_RELEVANT,Non-article URL / taxonomy tag page
20240423074500-T2136,20240423074500,maalaimalar.com,http://cinema.maalaimalar.com/technology/techfacts/good-news-from-airtel-for-travelers-going-abroad-714734,வெளிநாடு செல்லும் பயணிகளுக்கு ஏர்டெல்-ன் குட் நியூஸ்,REJECTED_ENTITY_MATCHER,False,,NOT_RELEVANT,Generic match without direct Bharti Airtel relevance
20240423074500-T2138,20240423074500,maalaimalar.com,https://www.maalaimalar.com/tags/%E0%AE%AA%E0%AF%8B%E0%AE%B8%E0%AF%8D%E0%AE%9F%E0%AF%8D%E0%AE%AA%E0%AF%86%E0%AE%AF%E0%AF%8D%E0%AE%9F%E0%AF%8D,Read all Latest Updates on and about போஸ்ட்பெய்ட்,REJECTED_NON_ARTICLE_URL,False,,NOT_RELEVANT,Non-article URL / taxonomy tag page
20240423074500-T2143,20240423074500,maalaimalar.com,https://www.maalaimalar.com/tags/%E0%AE%AA%E0%AF%8D%E0%AE%B0%E0%AF%80%E0%AE%AA%E0%AF%86%E0%AE%AF%E0%AF%8D%E0%AE%9F%E0%AF%8D,Read all Latest Updates on and about ப்ரீபெய்ட்,REJECTED_NON_ARTICLE_URL,False,,NOT_RELEVANT,Non-article URL / taxonomy tag page
20240423074500-T2149,20240423074500,maalaimalar.com,https://www.maalaimalar.com/tags/data-service,Read all Latest Updates on and about Data Service,REJECTED_NON_ARTICLE_URL,False,,NOT_RELEVANT,Non-article URL / taxonomy tag page
20240423074500-T2150,20240423074500,maalaimalar.com,https://www.maalaimalar.com/tags/prepaid,Read all Latest Updates on and about Prepaid,REJECTED_NON_ARTICLE_URL,False,,NOT_RELEVANT,Non-article URL / taxonomy tag page
20240423074500-T2156,20240423074500,maalaimalar.com,https://www.maalaimalar.com/tags/postpaid,Read all Latest Updates on and about Postpaid,REJECTED_NON_ARTICLE_URL,False,,NOT_RELEVANT,Non-article URL / taxonomy tag page
20240423080000-1337,20240423080000,yourstory.com,https://her.yourstory.com:443/2024/04/zeaplai-aims-to-transform-enterprise-engagement-with-ai-powered-solutions,Navigating the digital shift: Zeapl.ai aims to transform enterprise engagement with AI-powered solutions,REJECTED_ENTITY_MATCHER,False,,NOT_RELEVANT,Generic match without direct Bharti Airtel relevance
20240423080000-992,20240423080000,indiainfoline.com,https://www.indiainfoline.com/news/markets/indian-markets-inch-upward-broader-market-outperforms,"Indian Markets Inch Upward, Broader Market Outperforms",REJECTED_ENTITY_MATCHER,False,,NOT_RELEVANT,Generic match without direct Bharti Airtel relevance
20240423080000-T1568,20240423080000,divyahimachal.com,https://www.divyahimachal.com/2024/04/airtel-introduces-affordable-international-roaming-packs/,Airtel ने पेश किए किफायती इंटरनेशनल रोमिंग पैक,REJECTED_ENTITY_MATCHER,False,,NOT_RELEVANT,Generic match without direct Bharti Airtel relevance
20240423081500-59,20240423081500,bilkulonline.com,https://bilkulonline.com/2024/04/23/sensex-in-the-green-amid-bullish-undercurrent/,Sensex in the green amid bullish undercurrent,REJECTED_ENTITY_MATCHER,False,,NOT_RELEVANT,Generic match without direct Bharti Airtel relevance
20240423081500-T1466,20240423081500,tarunmitra.in,https://www.tarunmitra.in/article/36212/sensex-and-nifty-rose-amid-fluctuations-in-the-domestic-stock,"घरेलू शेयर बाजार में तेजी, उतार-चढ़ाव के बीच सेंसेक्स और निफ्टी उछले",REJECTED_ENTITY_MATCHER,False,,NOT_RELEVANT,Generic match without direct Bharti Airtel relevance
20240423083000-114,20240423083000,theweek.in,https://www.theweek.in/news/biz-tech/2024/04/23/vodafone-idea-shares-jump-nearly-8-a-day-after-raising-rs-18000-crore-in-fpo.html,"Vodafone Idea shares jump nearly 8% a day after raising Rs 18,000 crore in FPO",REJECTED_ENTITY_MATCHER,False,,NOT_RELEVANT,Generic match without direct Bharti Airtel relevance
20240423083000-864,20240423083000,thehindubusinessline.com,https://www.thehindubusinessline.com/markets/bullish-trend-continues-nifty-and-sensex-up-concerns-over-valuations/article68096964.ece,"Bullish trend continues: Nifty and Sensex up, concerns over valuations",REJECTED_ENTITY_MATCHER,False,,NOT_RELEVANT,Generic match without direct Bharti Airtel relevance
20240423083000-T302,20240423083000,digit.in,https://www.digit.in/hi/features/telecom/jio-trending-recharge-plan-take-airtel-and-vi.html,"Jio का Trending Plan, कम कीमत में ज्यादा बेनेफिट के साथ Airtel-Vi को देता है पटखनी",REJECTED_ENTITY_MATCHER,False,,NOT_RELEVANT,Generic match without direct Bharti Airtel relevance
20240423083000-T308,20240423083000,digit.in,https://www.digit.in/mr/news/telecom/airtel-new-133rs-international-roaming-plan-check-all-benifits.html,"जगभरात फिरणाऱ्या ग्राहकांसाठी Airtel ने लाँच केला नवा Affordable इंटरनॅशनल रोमिंग प्लॅन, बघा बेनिफिट्स। Tech News",REJECTED_ENTITY_MATCHER,False,,NOT_RELEVANT,Generic match without direct Bharti Airtel relevance
20240423083000-T1961,20240423083000,digit.in,https://www.digit.in/ta/news/telecom/airtel-introduces-affordable-international-roaming-packs-rs-133-with-free-sim-know-all.html,"Airtel அறிமுகம் செய்தது வெறும் ரூ,133 இண்டர்நேசனல் ரோமிங்",REJECTED_ENTITY_MATCHER,False,,NOT_RELEVANT,Generic match without direct Bharti Airtel relevance
20240423084500-768,20240423084500,eyesonnews.com,https://eyesonnews.com/vodafone-idea-approves-offer-price-of-rs-11-per-equity-share-for-rs-18000/,"Vodafone Idea approves offer price of Rs 11 per equity share for Rs 18,000",REJECTED_ENTITY_MATCHER,False,,NOT_RELEVANT,Generic match without direct Bharti Airtel relevance
20240423084500-855,20240423084500,telegraphindia.com,https://www.telegraphindia.com/feeds/business/vodafone-idea-approves-offer-price-of-rs-11-per-equity-share-for-rs-18000-crore-fpo/cid/2015185,"Vodafone Idea Limited (VIL) | Vodafone Idea approves offer price of Rs 11 per equity share for Rs 18,000 crore-FPO",REJECTED_ENTITY_MATCHER,False,,NOT_RELEVANT,Generic match without direct Bharti Airtel relevance
20240423084500-1157,20240423084500,deccanherald.com,https://www.deccanherald.com/business/vodafone-idea-shares-jump-nearly-8-2990254,Vodafone Idea shares jump nearly 8%,REJECTED_ENTITY_MATCHER,False,,NOT_RELEVANT,Generic match without direct Bharti Airtel relevance
20240423084500-1412,20240423084500,yourstory.com,https://social.yourstory.com:443/2024/04/zeaplai-aims-to-transform-enterprise-engagement-with-ai-powered-solutions,Navigating the digital shift: Zeapl.ai aims to transform enterprise engagement with AI-powered solutions,REJECTED_ENTITY_MATCHER,False,,NOT_RELEVANT,Generic match without direct Bharti Airtel relevance
20240423090000-701,20240423090000,rttnews.com,https://www.rttnews.com/3440527/sensex-nifty-modestly-higher-in-early-trade.aspx,"Sensex, Nifty Modestly Higher In Early Trade",REJECTED_ENTITY_MATCHER,False,,NOT_RELEVANT,Generic match without direct Bharti Airtel relevance
20240423093000-848,20240423093000,india.com,https://zeenews.india.com/technology/airtel-introduces-new-international-roaming-plans-for-184-countries-with-in-flight-data-benefits-2743168.html,Airtel Introduces New International Roaming Plans For 184 Countries With In-Flight Data Benefits,REJECTED_ENTITY_MATCHER,False,,NOT_RELEVANT,Generic match without direct Bharti Airtel relevance
20240423093000-126,20240423093000,moneycontrol.com,https://www.moneycontrol.com/news/business/razorpay-announces-upi-switch-in-partnership-with-airtel-payments-bank-12703101.html,Razorpay announces 'UPI Switch' in partnership with Airtel Payments Bank,REJECTED_ENTITY_MATCHER,False,,NOT_RELEVANT,Standalone Airtel Payments Bank operational news
20240423094500-248,20240423094500,prokerala.com,https://www.prokerala.com/news/articles/a1525270.html,Razorpay 'UPI Switch' with Airtel Payments Bank to power 10K transactions a second,REJECTED_ENTITY_MATCHER,False,,NOT_RELEVANT,Standalone Airtel Payments Bank operational news
20240423094500-1249,20240423094500,prokerala.com,https://www.prokerala.com/news/articles/a1525267.html,"Telecom, realty stocks lead market gains",REJECTED_ENTITY_MATCHER,False,,NOT_RELEVANT,Generic match without direct Bharti Airtel relevance
20240423100000-1301,20240423100000,indiatimes.com,https://economictimes.indiatimes.com/tech/technology/razorpay-announces-upi-switch-in-partnership-with-airtel-payments-bank/articleshow/109528490.cms,UPI Switch: Razorpay announces 'UPI Switch' in partnership with Airtel Payments Bank,REJECTED_ENTITY_MATCHER,False,,NOT_RELEVANT,Standalone Airtel Payments Bank operational news
20240423101500-379,20240423101500,menafn.com,https://menafn.com/1108126454/Razorpay-UPI-Switch-With-Airtel-Payments-Bank-To-Power-10K-Transactions-A-Second,Razorpay 'UPI Switch' With Airtel Payments Bank To Power 10K Transactions A Second,REJECTED_ENTITY_MATCHER,False,,NOT_RELEVANT,Standalone Airtel Payments Bank operational news
20240423103000-1277,20240423103000,yourstory.com,https://yourstory.com:443/2024/04/razorpay-launches-upi-switch-partnership-with-airtel-payments-bank,Razorpay launches UPI Switch in partnership with Airtel Payments Bank,REJECTED_ENTITY_MATCHER,False,,NOT_RELEVANT,Standalone Airtel Payments Bank operational news
20240423103000-266,20240423103000,yourstory.com,https://yourstory.com:443/2024/04/zeaplai-aims-to-transform-enterprise-engagement-with-ai-powered-solutions,Navigating the digital shift: Zeapl.ai aims to transform enterprise engagement with AI-powered solutions,REJECTED_ENTITY_MATCHER,False,,NOT_RELEVANT,Generic match without direct Bharti Airtel relevance
20240423103000-T1548,20240423103000,indiatimes.com,https://navbharattimes.indiatimes.com/tech/gadgets-news/reliance-jio-become-world-biggest-data-consumption-telecom-network-beat-china-mobile-check-airtel-rank/articleshow/109527182.cms,"Jio ने तोड़ा ड्रैगन का घमंड, बनी दुनिया की पहली ऐसी कंपनी, जानकर हर भारतीय को होगा गर्व",REJECTED_ENTITY_MATCHER,False,,NOT_RELEVANT,Generic match without direct Bharti Airtel relevance
20240423104500-1284,20240423104500,moneycontrol.com,https://www.moneycontrol.com/news/business/markets/taking-stock-market-fails-to-hold-on-to-days-gains-ends-marginally-higher-12703401.html,"Taking Stock: Market fails to hold on to day's gains, ends marginally higher",REJECTED_ENTITY_MATCHER,False,,NOT_RELEVANT,Generic match without direct Bharti Airtel relevance
20240423104500-566,20240423104500,dailyexcelsior.com,https://www.dailyexcelsior.com/razorpay-announces-upi-switch-in-partnership-with-airtel-payments-bank/,Razorpay announces 'UPI Switch' in partnership with Airtel Payments Bank,REJECTED_ENTITY_MATCHER,False,,NOT_RELEVANT,Standalone Airtel Payments Bank operational news
20240423104500-129,20240423104500,moneycontrol.com,https://www.moneycontrol.com/news/business/companies/vodafone-idea-fpo-future-funding-plans-to-ensure-india-remains-strong-three-private-telco-market-analysts-12703541.html,"Vodafone Idea FPO, future funding plans to ensure India remains strong three-private telco market: Analysts",REJECTED_ENTITY_MATCHER,False,,NOT_RELEVANT,Generic match without direct Bharti Airtel relevance
20240423104500-T1643,20240423104500,amarujala.com,https://www.amarujala.com/business/business-diary/sensex-closing-bell-share-market-closing-sensex-nifty-share-market-news-and-updates-2024-04-23,"Sensex Closing Bell Share Market Closing Sensex Nifty Share Market News And Updates - Amar Ujala Hindi News Live - Sensex Closing Bell:शेयर बाजार लगातार तीसरे दिन हरे निशान पर हुआ बंद; सेंसेक्स 90 अंक चढ़ा, निफ्टी 22350 पार",REJECTED_ENTITY_MATCHER,False,,NOT_RELEVANT,Generic match without direct Bharti Airtel relevance
20240423110000-521,20240423110000,indiatimes.com,https://economictimes.indiatimes.com/markets/stocks/stock-watch/stock-market-update-mining-stocks-mixed-as-market-rises/articleshow/109531463.cms,Stock Market Sectors: Stock market update: Mining stocks mixed as market rises,REJECTED_ENTITY_MATCHER,False,,NOT_RELEVANT,Generic match without direct Bharti Airtel relevance
20240423110000-1313,20240423110000,indiatimes.com,https://economictimes.indiatimes.com/markets/stocks/news/sensex-nifty-end-marginally-higher-ril-limits-upside/articleshow/109530856.cms,"Sensex, Nifty end marginally higher; RIL limits upside",REJECTED_ENTITY_MATCHER,False,,NOT_RELEVANT,Generic match without direct Bharti Airtel relevance
20240423110000-708,20240423110000,financialexpress.com,https://www.financialexpress.com/shorts/market/mm-finance-slides-7-as-company-delays-earnings-meet-on-account-of-rs-150-cr-fraud-detected-3465584/,M&M Finance dips 7% as company delays earnings meet on account of Rs 150 cr fraud detected,REJECTED_ENTITY_MATCHER,False,,NOT_RELEVANT,Generic match without direct Bharti Airtel relevance
20240423110000-1129,20240423110000,financialexpress.com,https://www.financialexpress.com/market/mampm-finance-slides-7-as-company-delays-earnings-meet-on-account-of-rs-150-cr-fraud-detected-3465584/,M&M Finance slides 7% as company delays earnings meet on account of Rs 150 cr fraud detected,REJECTED_ENTITY_MATCHER,False,,NOT_RELEVANT,Generic match without direct Bharti Airtel relevance
20240423110000-181,20240423110000,financialexpress.com,https://www.financialexpress.com/market/brokerages-reiterate-buy-on-reliance-industries-despite-muted-profit-read-to-know-why-3465676/,Brokerages reiterate Buy on Reliance Industries despite muted profit- Read to know why,REJECTED_ENTITY_MATCHER,False,,NOT_RELEVANT,Generic match without direct Bharti Airtel relevance
20240423110000-131,20240423110000,freepressjournal.in,https://www.freepressjournal.in/business/nestle-bounces-back-amid-controversy-airtel-makes-huge-gains-as-markets-end-in-green,"Nestle Bounces Back Amid Controversy, Airtel Makes Huge Gains As Markets End In Green",REJECTED_ENTITY_MATCHER,False,,NOT_RELEVANT,Generic match without direct Bharti Airtel relevance
20240423110000-1004,20240423110000,financialexpress.com,https://www.financialexpress.com/market/markets-trade-sideways-sensex-up-90-points-nifty-closes-above-22350-volatility-index-tanks-close-to-20-3466004/,"Markets trade sideways! Sensex up 90 points, Nifty closes above 22,350, Volatility Index tanks close to 20%",REJECTED_ENTITY_MATCHER,False,,NOT_RELEVANT,Generic match without direct Bharti Airtel relevance
20240423111500-976,20240423111500,orissapost.com,https://www.orissapost.com/markets-climb-for-third-day-on-firm-global-cues/,Markets climb for third day on firm global cues,REJECTED_ENTITY_MATCHER,False,,NOT_RELEVANT,Generic match without direct Bharti Airtel relevance
20240423111500-1324,20240423111500,thehindu.com,https://www.thehindu.com/business/markets/markets-climb-for-third-day-on-firm-global-cues/article68097683.ece,Markets climb for third day on firm global cues,REJECTED_ENTITY_MATCHER,False,,NOT_RELEVANT,Generic match without direct Bharti Airtel relevance
20240423111500-T2480,20240423111500,prabhatkhabar.com,https://www.prabhatkhabar.com/business/share-market-closing-bell-sensex-nifty-fell-from-day-high-know-update-mdn,"Share Market दिन के ऊपरी स्तर से गिरा,मामूली तेजी के साथ बंद",REJECTED_ENTITY_MATCHER,False,,NOT_RELEVANT,Generic match without direct Bharti Airtel relevance
20240423111500-T1455,20240423111500,sonapresse.com,https://www.union.sonapresse.com/justice-faits-divers-au-gabon/lastoursville-les-braqueurs-des-operateurs-airtel-money-ecroues-27703,Lastoursville : les braqueurs des opérateurs Airtel money écroués,REJECTED_ENTITY_MATCHER,False,,NOT_RELEVANT,Standalone Airtel Africa operational / regional news
20240423113000-1937,20240423113000,indiatimes.com,https://economictimes.indiatimes.com/markets/stocks/stock-watch/stock-market-update-power-stocks-up-as-market-rises/articleshow/109531640.cms,Stock Market Sectors: Stock market update: Power stocks up as market rises,REJECTED_ENTITY_MATCHER,False,,NOT_RELEVANT,Generic match without direct Bharti Airtel relevance
20240423113000-692,20240423113000,indiatimes.com,https://economictimes.indiatimes.com/markets/stocks/stock-watch/stock-market-update-stocks-that-hit-52-week-highs-on-nse-in-todays-trade/articleshow/109531902.cms,52 week high stocks: Stock market update: Stocks that hit 52-week highs on NSE in today's trade,REJECTED_ENTITY_MATCHER,False,,NOT_RELEVANT,Generic match without direct Bharti Airtel relevance
20240423113000-761,20240423113000,indiatimes.com,https://economictimes.indiatimes.com/markets/stocks/stock-watch/stock-market-update-sugar-stocks-mixed-as-market-rises/articleshow/109532523.cms,Stock Market Sectors: Stock market update: Sugar stocks mixed as market rises,REJECTED_ENTITY_MATCHER,False,,NOT_RELEVANT,Generic match without direct Bharti Airtel relevance
20240423113000-613,20240423113000,indiatimes.com,https://economictimes.indiatimes.com/markets/web-stories/gainers-amp-losers-ril-mampm-financial-among-5-stocks-in-spotlight-on-tuesday/slideshow/109531978.cms,"Vodafone Idea shares: Gainers & Losers: RIL, M&M Financial among 5 stocks in spotlight on Tuesday",REJECTED_ENTITY_MATCHER,False,,NOT_RELEVANT,Generic match without direct Bharti Airtel relevance
20240423113000-802,20240423113000,dailypioneer.com,https://www.dailypioneer.com/2024/business/vodafone-idea-approves-offer-price-of-rs-11-per-equity-share-for-rs-18-000-cr-fpo.html,"Vodafone Idea approves offer price of Rs 11 per equity share for Rs 18,000 cr-FPO",REJECTED_ENTITY_MATCHER,False,,NOT_RELEVANT,Generic match without direct Bharti Airtel relevance
20240423113000-116,20240423113000,indiatimes.com,https://economictimes.indiatimes.com/tech/technology/razorpay-launches-upi-switch-in-partnership-with-airtel-payments-bank/articleshow/109532715.cms,Razorpay: Razorpay launches UPI switch in partnership with Airtel Payments Bank,REJECTED_ENTITY_MATCHER,False,,NOT_RELEVANT,Standalone Airtel Payments Bank operational news
20240423113000-1531,20240423113000,livemint.com,https://www.livemint.com/market/stock-market-news/stock-market-today-sensex-nifty-50-end-in-the-green-for-3rd-straight-session-india-vix-falls-20-11713865828785.html,"Stock market today: Sensex, Nifty 50 end in the green for 3rd straight session",REJECTED_ENTITY_MATCHER,False,,NOT_RELEVANT,Generic match without direct Bharti Airtel relevance
20240423114500-T1256,20240423114500,moneycontrol.com,https://hindi.moneycontrol.com/news/markets/market-outlook-the-market-closed-on-the-rise-for-the-third-consecutive-day-know-how-it-will-move-on-april-24-1896588.html,"Market outlook : लगातार तीसरे दिन बढ़त पर बंद हुआ बाजार, जानिए 24 अप्रैल को कैसी रहेगी इसकी चाल",REJECTED_ENTITY_MATCHER,False,,NOT_RELEVANT,Generic match without direct Bharti Airtel relevance
20240423114500-T1276,20240423114500,moneycontrol.com,https://hindi.moneycontrol.com/news/markets/share-market-today-sensex-nifty-up-third-straight-day-investors-wealths-jumps-rs-1-82-lakh-crore-in-a-day-1896575.html,"Share Market Today: सेंसेक्स ने लगाया तेजी का हैट्रिक, निवेशकों ने दिन भर में ₹1.82 लाख करोड़ कमाए",REJECTED_ENTITY_MATCHER,False,,NOT_RELEVANT,Generic match without direct Bharti Airtel relevance
20240423120000-539,20240423120000,indiatimes.com,https://telecom.economictimes.indiatimes.com/news/industry/reliance-jio-well-poised-for-fy25-driven-by-likely-tariff-hike-5g-momentum-capex-decline-bnp-paribas/109532455,"Reliance Jio well-poised for FY25 driven by likely tariff hike, 5G momentum, capex decline: BNP Paribas, ET Telecom",REJECTED_ENTITY_MATCHER,False,,NOT_RELEVANT,Generic match without direct Bharti Airtel relevance
20240423121500-516,20240423121500,indiatimes.com,https://economictimes.indiatimes.com/markets/stocks/stock-watch/share-market-update-most-active-stocks-of-the-day-in-terms-of-traded-value/articleshow/109534166.cms,active stocks: Share market update: Most active stocks of the day in terms of traded value,REJECTED_ENTITY_MATCHER,False,,NOT_RELEVANT,Generic match without direct Bharti Airtel relevance
20240423121500-483,20240423121500,indiatimes.com,https://economictimes.indiatimes.com/markets/stocks/stock-watch/stock-market-update-fertilisers-stocks-up-as-market-rises/articleshow/109534339.cms,Stock Market Sectors: Stock market update: Fertilisers stocks up as market rises,REJECTED_ENTITY_MATCHER,False,,NOT_RELEVANT,Generic match without direct Bharti Airtel relevance
20240423121500-1064,20240423121500,businesstoday.in,https://www.businesstoday.in/latest/corporate/story/razorpay-launches-upi-infrastructure-in-collaboration-with-airtel-payments-bank-check-details-here-426597-2024-04-23,Razorpay launches UPI infrastructure in collaboration with Airtel Payments Bank; check details here,REJECTED_ENTITY_MATCHER,False,,NOT_RELEVANT,Standalone Airtel Payments Bank operational news
20240423121500-1151,20240423121500,theweek.in,https://www.theweek.in/news/biz-tech/2024/04/23/markets-climb-for-third-day-on-firm-global-cues.html,Markets climb for third day on firm global cues,REJECTED_ENTITY_MATCHER,False,,NOT_RELEVANT,Generic match without direct Bharti Airtel relevance
20240423121500-798,20240423121500,deccanherald.com,https://www.deccanherald.com/business/markets/markets-climb-for-third-day-on-firm-global-cues-2990652,Markets climb for third day on firm global cues,REJECTED_ENTITY_MATCHER,False,,NOT_RELEVANT,Generic match without direct Bharti Airtel relevance
20240423121500-811,20240423121500,thehindu.com,https://www.thehindu.com/business/Industry/vodafone-idea-approves-offer-price-of-11-per-equity-share-for-18000-cr-fpo/article68097606.ece,"Vodafone Idea approves offer price of ₹11 per equity share for ₹18,000 cr-FPO",REJECTED_ENTITY_MATCHER,False,,NOT_RELEVANT,Generic match without direct Bharti Airtel relevance
20240423121500-292,20240423121500,hindustantimes.com,https://www.hindustantimes.com/business/markets-climb-for-3rd-day-on-firm-global-cues-101713873109373.html,Markets climb for 3rd day on firm global cues,REJECTED_ENTITY_MATCHER,False,,NOT_RELEVANT,Generic match without direct Bharti Airtel relevance
20240423124500-T1827,20240423124500,digit.in,https://www.digit.in/hi/news/telecom/bsnl-70-days-validity-recharge-plan-check-details.html,"3 रुपये दिन के खर्च पर BSNL के इस प्लान ने बजा दी Jio की बैंड, Airtel भी भर रहा पानी",REJECTED_ENTITY_MATCHER,False,,NOT_RELEVANT,Generic match without direct Bharti Airtel relevance
20240423124500-376,20240423124500,newzealandstar.com,https://www.newzealandstar.com/news/274301640/nifty-sees-modest-gain-sensex-inches-higher-market-sentiment-remains-cautious-amid-global-developments,"Nifty sees modest gain, Sensex inches higher; Market sentiment remains cautious amid global developments",REJECTED_ENTITY_MATCHER,False,,NOT_RELEVANT,Generic match without direct Bharti Airtel relevance
20240423124500-2081,20240423124500,newzealandstar.com,https://www.newzealandstar.com/news/274301500/nifty-sees-modest-gain-sensex-inches-higher-market-sentiment-remains-cautious-amid-global-developmentsnifty-sees-modest-gain-sensex-inches-higher-market-cautious-amid-global-developments,"Nifty sees modest gain, Sensex inches higher; Market sentiment remains cautious amid global developmentsNifty sees modest gain, Sensex inches higher; market cautious amid global developments",REJECTED_ENTITY_MATCHER,False,,NOT_RELEVANT,Generic match without direct Bharti Airtel relevance
20240423124500-1159,20240423124500,yourstory.com,https://her.yourstory.com:443/2024/04/razorpay-launches-upi-switch-partnership-with-airtel-payments-bank,Razorpay launches UPI Switch in partnership with Airtel Payments Bank,REJECTED_ENTITY_MATCHER,False,,NOT_RELEVANT,Standalone Airtel Payments Bank operational news
20240423130000-1370,20240423130000,aninews.in,https://aninews.in/news/business/nifty-sees-modest-gain-sensex-inches-higher-market-sentiment-remains-cautious-amid-global-developments20240423161615/,"Nifty sees modest gain, Sensex inches higher; Market sentiment remains cautious amid global developments",REJECTED_ENTITY_MATCHER,False,,NOT_RELEVANT,Generic match without direct Bharti Airtel relevance
20240423130000-334,20240423130000,indiainfoline.com,https://www.indiainfoline.com/news/markets/indices-inch-up-for-third-day-nifty-settles-around-22350,"Indices inch up for third day; Nifty settles at around 22,350",REJECTED_ENTITY_MATCHER,False,,NOT_RELEVANT,Generic match without direct Bharti Airtel relevance
20240423130000-149,20240423130000,torontotelegraph.com,https://www.torontotelegraph.com/news/274301500/nifty-sees-modest-gain-sensex-inches-higher-market-sentiment-remains-cautious-amid-global-developmentsnifty-sees-modest-gain-sensex-inches-higher-market-cautious-amid-global-developments,"Nifty sees modest gain, Sensex inches higher; Market sentiment remains cautious amid global developmentsNifty sees modest gain, Sensex inches higher; market cautious amid global developments",REJECTED_ENTITY_MATCHER,False,,NOT_RELEVANT,Generic match without direct Bharti Airtel relevance
20240423130000-2002,20240423130000,torontotelegraph.com,https://www.torontotelegraph.com/news/274301640/nifty-sees-modest-gain-sensex-inches-higher-market-sentiment-remains-cautious-amid-global-developments,"Nifty sees modest gain, Sensex inches higher; Market sentiment remains cautious amid global developments",REJECTED_ENTITY_MATCHER,False,,NOT_RELEVANT,Generic match without direct Bharti Airtel relevance
20240423130000-T2112,20240423130000,khabarfast.com,https://www.khabarfast.com/tech-gadgets-news-reliance-jio-become-world-biggest-data-consumption-telecom-network-beat-china-mobile-check-airtel-rank/,"Jio ने चूर किया चीन का घमंड, बनी दुनिया की पहली ऐसी कंपनी, जानकर हर भारतीय को होगा गर्व!",REJECTED_ENTITY_MATCHER,False,,NOT_RELEVANT,Generic match without direct Bharti Airtel relevance
20240423133000-1124,20240423133000,maurice-info.mu,https://www.maurice-info.mu/2024/04/23/2024-edition-of-the-africatech-awards-at-vivatech.html,2024 Edition of the Africatech Awards at Vivatech,REJECTED_ENTITY_MATCHER,False,,NOT_RELEVANT,Generic match without direct Bharti Airtel relevance
20240423133000-1428,20240423133000,bignewsnetwork.com,https://www.bignewsnetwork.com/news/274301640/nifty-sees-modest-gain-sensex-inches-higher-market-sentiment-remains-cautious-amid-global-developments,"Nifty sees modest gain, Sensex inches higher; Market sentiment remains cautious amid global developments",REJECTED_ENTITY_MATCHER,False,,NOT_RELEVANT,Generic match without direct Bharti Airtel relevance
20240423133000-302,20240423133000,bignewsnetwork.com,https://www.bignewsnetwork.com/news/274301500/nifty-sees-modest-gain-sensex-inches-higher-market-sentiment-remains-cautious-amid-global-developmentsnifty-sees-modest-gain-sensex-inches-higher-market-cautious-amid-global-developments,"Nifty sees modest gain, Sensex inches higher; Market sentiment remains cautious amid global developmentsNifty sees modest gain, Sensex inches higher; market cautious amid global developments",REJECTED_ENTITY_MATCHER,False,,NOT_RELEVANT,Generic match without direct Bharti Airtel relevance
20240423133000-T937,20240423133000,punjabkesari.in,https://www.punjabkesari.in/business/news/market-remained-bullish-bse-closed-at-73-738-and-nifty-at-22-368-1970760,"मुनाफावसूली के बावजूद बाजार में तेजी कायम, सेंसेक्स 90 अंक चढ़ा - market remained bullish bse closed at 73 738 and nifty at 22 368",REJECTED_ENTITY_MATCHER,False,,NOT_RELEVANT,Generic match without direct Bharti Airtel relevance
20240423134500-1198,20240423134500,india.com,https://zeenews.india.com/markets/markets-climb-for-3rd-day-on-firm-global-cues-dragged-by-selling-pressure-in-index-heavyweights-2743211.html,Markets Climb For 3rd Day On Firm Global Cues Dragged By Selling Pressure In Index Heavyweights,REJECTED_ENTITY_MATCHER,False,,NOT_RELEVANT,Generic match without direct Bharti Airtel relevance
20240423134500-1636,20240423134500,yourstory.com,https://social.yourstory.com:443/2024/04/razorpay-launches-upi-switch-partnership-with-airtel-payments-bank,Razorpay launches UPI Switch in partnership with Airtel Payments Bank,REJECTED_ENTITY_MATCHER,False,,NOT_RELEVANT,Standalone Airtel Payments Bank operational news
20240423140000-1532,20240423140000,rttnews.com,https://www.rttnews.com/3440692/sensex-nifty-extend-gains-for-third-day.aspx,"Sensex, Nifty Extend Gains For Third Day",REJECTED_ENTITY_MATCHER,False,,NOT_RELEVANT,Generic match without direct Bharti Airtel relevance
20240423140000-T1728,20240423140000,nobat.com,https://www.nobat.com/news_detail.php?news_id=493cc1a3313835393731,શેરબજારમાં તેજીઃ સેન્સેક્સે વટાવી ૭૪ હજારની સપાટીઃ નિફ્ટીમાં પણ ઉછાળો,REJECTED_ENTITY_MATCHER,False,,NOT_RELEVANT,Generic match without direct Bharti Airtel relevance
20240423140000-T1734,20240423140000,nobat.com,https://www.nobat.com/news3699-nd-493cc1a3313835393731.html,શેરબજારમાં તેજીઃ સેન્સેક્સે વટાવી ૭૪ હજારની સપાટીઃ નિફ્ટીમાં પણ ઉછાળો,REJECTED_ENTITY_MATCHER,False,,NOT_RELEVANT,Generic match without direct Bharti Airtel relevance
20240423141500-2011,20240423141500,thehindubusinessline.com,https://www.thehindubusinessline.com/markets/stock-market-highlights-23-april-2024/article68094241.ece,"Share Market Highlights 23rd April 2024: Sensex, Nifty hold steady; Sensex rises 89 points to 73,857, Nifty 50 rises 31.60 pts to 22368",REJECTED_ENTITY_MATCHER,False,,NOT_RELEVANT,Generic match without direct Bharti Airtel relevance
20240423141500-510,20240423141500,thehindubusinessline.com,https://www.thehindubusinessline.com/markets/markets-climb-for-third-day-on-firm-global-cues/article68097679.ece,Markets climb for third day on firm global cues - The Hindu BusinessLine,REJECTED_ENTITY_MATCHER,False,,NOT_RELEVANT,Generic match without direct Bharti Airtel relevance
20240423141500-2015,20240423141500,livemint.com,https://www.livemint.com/companies/news/dish-tv-aims-at-raising-its-efficiency-by-lowering-capex-customer-acquisition-cost-11713844022253.html,"Dish TV aims at raising its efficiency by lowering capex, customer acquisition cost",REJECTED_ENTITY_MATCHER,False,,NOT_RELEVANT,Generic match without direct Bharti Airtel relevance
20240423144500-T2214,20240423144500,webdunia.com,https://hindi.webdunia.com/share-market-news/latest-prices-of-mumbai-stock-market-on-23-april-2024-124042300057_1.html,"Share bazaar: शेयर बाजार में लगातार तीसरे दिन भी रही बढ़त, सेंसेक्स 90 और निफ्टी 33 अंक चढ़ा",REJECTED_ENTITY_MATCHER,False,,NOT_RELEVANT,Generic match without direct Bharti Airtel relevance
20240423144500-1031,20240423144500,theusnews.com,https://www.theusnews.com/news/274301500/nifty-sees-modest-gain-sensex-inches-higher-market-sentiment-remains-cautious-amid-global-developmentsnifty-sees-modest-gain-sensex-inches-higher-market-cautious-amid-global-developments,"Nifty sees modest gain, Sensex inches higher; Market sentiment remains cautious amid global developmentsNifty sees modest gain, Sensex inches higher; market cautious amid global developments",REJECTED_ENTITY_MATCHER,False,,NOT_RELEVANT,Generic match without direct Bharti Airtel relevance
20240423144500-1760,20240423144500,theusnews.com,https://www.theusnews.com/news/274301640/nifty-sees-modest-gain-sensex-inches-higher-market-sentiment-remains-cautious-amid-global-developments,"Nifty sees modest gain, Sensex inches higher; Market sentiment remains cautious amid global developments",REJECTED_ENTITY_MATCHER,False,,NOT_RELEVANT,Generic match without direct Bharti Airtel relevance
20240423144500-476,20240423144500,indiatimes.com,https://economictimes.indiatimes.com/tech/newsletters/tech-top-5/awfis-gets-sebi-nod-for-ipo-investors-accuse-byjus-of-violating-nclt-order/articleshow/109536142.cms,Sebi nod for Awfis IPO; Byju's NCLT saga continues,REJECTED_ENTITY_MATCHER,False,,NOT_RELEVANT,Generic match without direct Bharti Airtel relevance
20240423150000-T1881,20240423150000,afriqueitnews.com,https://afriqueitnews.com/finance/airtel-africa-initie-rachat-actions-redresser-position-financiere/,Airtel Africa initie un rachat d'actions pour Redresser sa position financière,REJECTED_ENTITY_MATCHER,False,,NOT_RELEVANT,Standalone Airtel Africa operational / regional news
20240423150000-789,20240423150000,nigeriasun.com,https://www.nigeriasun.com/news/274301500/nifty-sees-modest-gain-sensex-inches-higher-market-sentiment-remains-cautious-amid-global-developmentsnifty-sees-modest-gain-sensex-inches-higher-market-cautious-amid-global-developments,"Nifty sees modest gain, Sensex inches higher; Market sentiment remains cautious amid global developmentsNifty sees modest gain, Sensex inches higher; market cautious amid global developments",REJECTED_ENTITY_MATCHER,False,,NOT_RELEVANT,Generic match without direct Bharti Airtel relevance
20240423150000-976,20240423150000,nigeriasun.com,https://www.nigeriasun.com/news/274301640/nifty-sees-modest-gain-sensex-inches-higher-market-sentiment-remains-cautious-amid-global-developments,"Nifty sees modest gain, Sensex inches higher; Market sentiment remains cautious amid global developments",REJECTED_ENTITY_MATCHER,False,,NOT_RELEVANT,Generic match without direct Bharti Airtel relevance
20240423150000-947,20240423150000,deccanherald.com,https://www.deccanherald.com/business/razorpay-announces-upi-switch-in-partnership-with-airtel-payments-bank-2990445,Razorpay announces 'UPI Switch' in partnership with Airtel Payments Bank,REJECTED_ENTITY_MATCHER,False,,NOT_RELEVANT,Standalone Airtel Payments Bank operational news
20240423150000-556,20240423150000,rttnews.com,https://www.rttnews.com/story.aspx?Id=3440692,"Sensex, Nifty Extend Gains For Third Day",REJECTED_ENTITY_MATCHER,False,,NOT_RELEVANT,Generic match without direct Bharti Airtel relevance
20240423151500-675,20240423151500,fierce-network.com,https://www.fierce-network.com/wireless/what-lies-ahead-indias-vodafone-idea,What lies ahead for India's Vodafone Idea,REJECTED_ENTITY_MATCHER,False,,NOT_RELEVANT,Generic match without direct Bharti Airtel relevance
20240423153000-2218,20240423153000,oklahomacitysun.com,https://www.oklahomacitysun.com/news/274301500/nifty-sees-modest-gain-sensex-inches-higher-market-sentiment-remains-cautious-amid-global-developmentsnifty-sees-modest-gain-sensex-inches-higher-market-cautious-amid-global-developments,"Nifty sees modest gain, Sensex inches higher; Market sentiment remains cautious amid global developmentsNifty sees modest gain, Sensex inches higher; market cautious amid global developments",REJECTED_ENTITY_MATCHER,False,,NOT_RELEVANT,Generic match without direct Bharti Airtel relevance
20240423153000-2021,20240423153000,oklahomacitysun.com,https://www.oklahomacitysun.com/news/274301640/nifty-sees-modest-gain-sensex-inches-higher-market-sentiment-remains-cautious-amid-global-developments,"Nifty sees modest gain, Sensex inches higher; Market sentiment remains cautious amid global developments",REJECTED_ENTITY_MATCHER,False,,NOT_RELEVANT,Generic match without direct Bharti Airtel relevance
20240423153000-538,20240423153000,rediff.com,https://www.rediff.com/business/report/sensex-pares-early-gains-but-ends-up-90-points/20240423.htm,Sensex pares early gains but ends up 90 points - Rediff.com Business,REJECTED_ENTITY_MATCHER,False,,NOT_RELEVANT,Generic match without direct Bharti Airtel relevance
20240423160000-325,20240423160000,indiatimes.com,https://economictimes.indiatimes.com/industry/telecom/telecom-news/airtel-to-provide-international-roaming-packs-starting-at-rs-133/day-in-184-countries/articleshow/109538655.cms,Airtel to provide international roaming packs starting at Rs 133/day in 184 countries,REJECTED_ENTITY_MATCHER,False,,NOT_RELEVANT,Generic match without direct Bharti Airtel relevance
20240423160000-2063,20240423160000,indiatimes.com,https://economictimes.indiatimes.com/markets/stocks/news/ahead-of-market-10-things-that-will-decide-d-street-action-on-wednesday/articleshow/109538899.cms,Ahead of Market: 10 things that will decide D-Street action on Wednesday,REJECTED_ENTITY_MATCHER,False,,NOT_RELEVANT,Generic match without direct Bharti Airtel relevance
20240423161500-1077,20240423161500,cnbcafrica.com,https://www.cnbcafrica.com/media/6351414495112/will-investors-sustain-sell-pressure-on-nigerian-stocks/,Will investors sustain sell pressure on Nigerian stocks?,REJECTED_ENTITY_MATCHER,False,,NOT_RELEVANT,Generic match without direct Bharti Airtel relevance
20240423163000-1285,20240423163000,livemint.com,https://www.livemint.com/industry/coming-up-in-fy25-tariff-hikes-5g-monetization-and-vi-20-11713879648063.html,"Coming up in FY25: Tariff hikes, 5G monetization and VI 2.0",REJECTED_ENTITY_MATCHER,False,,NOT_RELEVANT,Generic match without direct Bharti Airtel relevance
20240423164500-143,20240423164500,india.com,https://zeenews.india.com/technology/swiggy-launches-smart-links-tool-to-boost-restaurant-online-visibility-2743294.html,Swiggy Launches 'Smart Links' Tool To Boost Restaurant Online Visibility | Technology News,REJECTED_ENTITY_MATCHER,False,,NOT_RELEVANT,Generic match without direct Bharti Airtel relevance
20240423170000-647,20240423170000,indiablooms.com,https://www.indiablooms.com/finance-details/20305/vodafone-idea-s-successful-fpo-likely-to-end-reliance-jio-and-airtel-s-dominance-report.html,Vodafone Idea's successful FPO likely to end Reliance Jio and Airtel's dominance: Report | Indiablooms,REJECTED_ENTITY_MATCHER,False,,NOT_RELEVANT,Generic match without direct Bharti Airtel relevance
20240423173000-978,20240423173000,moneycontrol.com,https://www.moneycontrol.com/news/business/markets/trade-setup-for-wednesday-15-things-to-know-before-opening-bell-29-12706281.html,Trade setup for Wednesday: 15 things to know before opening bell,REJECTED_ENTITY_MATCHER,False,,NOT_RELEVANT,Generic match without direct Bharti Airtel relevance
20240423183000-1379,20240423183000,webindia123.com,https://news.webindia123.com/news/Articles/Business/20240423/4190744.html,"Nifty sees modest gain, Sensex inches higher; Market sentiment remains cautious amid global developmentsNifty sees modest gain, Sensex inches higher; market cautious amid global developments",REJECTED_ENTITY_MATCHER,False,,NOT_RELEVANT,Generic match without direct Bharti Airtel relevance
20240423183000-1073,20240423183000,thehindubusinessline.com,https://www.thehindubusinessline.com/economy/time-to-embrace-economic-nationalism-vp-jagdeep-dhankhar-tells-corporate-india/article68099074.ece,"Time to embrace 'Economic Nationalism', VP Jagdeep Dhankhar tells Corporate India",REJECTED_ENTITY_MATCHER,False,,NOT_RELEVANT,Generic match without direct Bharti Airtel relevance
20240423183000-1413,20240423183000,thehindubusinessline.com,https://www.thehindubusinessline.com/opinion/columns/statistalk/indian-telecom-industry-landscape/article68098299.ece,Indian telecom industry landscape - The Hindu BusinessLine,REJECTED_ENTITY_MATCHER,False,,NOT_RELEVANT,Generic match without direct Bharti Airtel relevance
20240423193000-1033,20240423193000,rcrwireless.com,https://www.rcrwireless.com/20240423/5g/jio-reaches-108-million-5g-subscribers-india,Jio reaches 108 million 5G subscribers in India,REJECTED_ENTITY_MATCHER,False,,NOT_RELEVANT,Generic match without direct Bharti Airtel relevance
20240423194500-1356,20240423194500,indiatimes.com,https://economictimes.indiatimes.com/industry/telecom/telecom-news/jio-now-worlds-top-mobile-operator-by-data-traffic/articleshow/109541598.cms,Jio now world's top mobile operator by data traffic,REJECTED_ENTITY_MATCHER,False,,NOT_RELEVANT,Generic match without direct Bharti Airtel relevance
20240423194500-554,20240423194500,indiatimes.com,https://economictimes.indiatimes.com/industry/media/entertainment/media/tv-distributors-bet-on-bundling-to-arrest-churn/articleshow/109541593.cms,TV distributors bet on bundling to arrest churn,REJECTED_ENTITY_MATCHER,False,,NOT_RELEVANT,Generic match without direct Bharti Airtel relevance
20240423200000-1619,20240423200000,financialexpress.com,https://www.financialexpress.com/shorts/business/industry/tata-consumer-products-q4-results-profit-down-22-5-at-rs-26771-crore-revenue-up-85-on-year-3466124/,"Tata Consumer Products Q4 Results: Profit down 22.5% at Rs 267.71 cr, revenue up 8.5% YoY",REJECTED_ENTITY_MATCHER,False,,NOT_RELEVANT,Generic match without direct Bharti Airtel relevance
20240423200000-808,20240423200000,financialexpress.com,https://www.financialexpress.com/shorts/money/9-7-interest-rate-this-debt-instrument-beats-all-high-return-fixed-deposits-3465784/,9.7% interest rate: This debt instrument beats all high-return fixed deposits,REJECTED_ENTITY_MATCHER,False,,NOT_RELEVANT,Generic match without direct Bharti Airtel relevance
20240423200000-953,20240423200000,financialexpress.com,https://www.financialexpress.com/market/telecom-stocks-send-a-strong-signal-outperform-sensex-so-far-in-2024-3466373/,"Telecom stocks send a strong signal, outperform Sensex so far in 2024",REJECTED_ENTITY_MATCHER,False,,NOT_RELEVANT,Generic match without direct Bharti Airtel relevance
20240423200000-1615,20240423200000,financialexpress.com,https://www.financialexpress.com/shorts/business/airlines-aviation/air-india-bids-goodbye-to-one-of-its-last-boeing-747s-with-a-wing-wave-watch-3465759/,Air India bids goodbye to one of its last Boeing 747s with a 'wing wave' – WATCH,REJECTED_ENTITY_MATCHER,False,,NOT_RELEVANT,Generic match without direct Bharti Airtel relevance
20240423200000-1416,20240423200000,financialexpress.com,https://www.financialexpress.com/shorts/jobs-career/education/urlmpbse-mp-board-10th-12th-result-2024-date-time-direct-link-on-www-mpbse-nicin-mpresults-nic-in-mpbse-mponline-gov-in-live-updates-3466225/,"MP Board 10th, 12th Result 2024 Live Updates: Results to be out tomorrow at Mpbse.nic.in",REJECTED_ENTITY_MATCHER,False,,NOT_RELEVANT,Generic match without direct Bharti Airtel relevance
20240423211500-T1075,20240423211500,moneycontrol.com,https://hindi.moneycontrol.com/news/markets/vodafone-idea-share-price-jumps-14-percent-in-one-day-why-stock-jump-sky-rocket-1896700.html,"Vodafone Idea Share Price: एक दिन में 12% तेजी, आखिर अचानक क्यों रॉकेट बना वोडाफोन आइडिया का शेयर",REJECTED_ENTITY_MATCHER,False,,NOT_RELEVANT,Generic match without direct Bharti Airtel relevance
20240423211500-T1067,20240423211500,moneycontrol.com,https://hindi.moneycontrol.com/news/markets/vodafone-idea-fpo-and-other-fund-raising-plans-will-help-to-compete-with-reliance-jio-and-bharti-airtel-1896628.html,"Vodafone Idea को मिली फंडिंग से देश का टेलीकॉम मार्केट होगा मजबूत, 5G मार्केट में कंपनी के पास अभी भी मौका: एनालिस्ट्स",REJECTED_ENTITY_MATCHER,False,,NOT_RELEVANT,Generic match without direct Bharti Airtel relevance
20240423231500-1602,20240423231500,developingtelecoms.com,https://developingtelecoms.com/telecom-business/telecom-investment-mergers/16599-vodafone-idea-fpo-fully-subscribed-now-what.html,Vodafone Idea FPO fully subscribed: now what?,REJECTED_ENTITY_MATCHER,False,,NOT_RELEVANT,Generic match without direct Bharti Airtel relevance
20240423231500-352,20240423231500,financialexpress.com,https://www.financialexpress.com/shorts/market/hindustan-motors-surges-10-intra-day-all-eyes-on-q4-earnings-3466151/,Hindustan Motors surges 10% intra-day: All eyes on Q4 earnings,REJECTED_ENTITY_MATCHER,False,,NOT_RELEVANT,Generic match without direct Bharti Airtel relevance
20240423234500-1529,20240423234500,biztoc.com,https://biztoc.com/x/ac84355b0c83ac26,International Roaming Packs Drive Travelers Deeper Into the Connected Economy,REJECTED_ENTITY_MATCHER,False,,NOT_RELEVANT,Generic match without direct Bharti Airtel relevance
20240424011500-T1110,20240424011500,indiatimes.com,https://navbharattimes.indiatimes.com/business/share-market/share-news/stock-market-prediction-today-these-shares-including-tata-teleservices-showing-bullish-signals-will-you-bet/articleshow/109541032.cms,"Stock Market Prediction today these shares including Tata Teleservices showing bullish signals will you bet: उठापटक के बीच आज Tata Teleservices समेत ये शेयर लगाएं दौड़, तेजी के संकेत",REJECTED_ENTITY_MATCHER,False,,NOT_RELEVANT,Generic match without direct Bharti Airtel relevance
20240424011500-863,20240424011500,indiatimes.com,https://economictimes.indiatimes.com/markets/stocks/news/vi-stock-surges-12-day-after-success-of-rs-18000-crore-fpo/articleshow/109546134.cms,"Vodafone Idea share price: Vi stock surges 12% day after success of Rs 18,000 crore FPO",REJECTED_ENTITY_MATCHER,False,,NOT_RELEVANT,Generic match without direct Bharti Airtel relevance
20240424011500-976,20240424011500,indiatimes.com,https://economictimes.indiatimes.com/industry/telecom/telecom-news/talk-of-the-tower-airtel-eyes-vodafones-21-05-in-indus/articleshow/109541706.cms,Vodafone Group: Talk of the Tower: Airtel eyes Vodafone's 21.05% in Indus,REJECTED_ENTITY_MATCHER,False,,NOT_RELEVANT,Generic match without direct Bharti Airtel relevance
20240424011500-474,20240424011500,indiatimes.com,https://economictimes.indiatimes.com/epaper/delhicapital/2024/apr/24/et-front/talk-of-the-tower-airtel-eyes-vodas-21-05-in-indus/articleshow/109542353.cms,Talk of the Tower: Airtel eyes Voda's 21.05% in Indus,REJECTED_ENTITY_MATCHER,False,,NOT_RELEVANT,Generic match without direct Bharti Airtel relevance
20240424021500-566,20240424021500,moneycontrol.com,https://www.moneycontrol.com/news/business/markets/stock-market-live-sensex-nifty-50-share-price-gift-nifty-latest-updates-24-04-2024-liveblog-12706707.html,"Stock Market LIVE Updates: GIFT Nifty indicates a firm start; US, Asian markets gain",REJECTED_ENTITY_MATCHER,False,,NOT_RELEVANT,Generic match without direct Bharti Airtel relevance
20240424021500-T260,20240424021500,moneycontrol.com,https://hindi.moneycontrol.com/news/your-money/airtel-international-roaming-pack-starts-with-rupees-133-cover-184-nations-details-1896703.html,"एयरटेल लेकर आया इंटरनेशनल रोमिंग पैक, सिर्फ 133 रुपये से है शुरू, 184 देशों को करेगा कवर",REJECTED_ENTITY_MATCHER,False,,NOT_RELEVANT,Generic match without direct Bharti Airtel relevance
20240424023000-908,20240424023000,pymnts.com,https://www.pymnts.com/connectedeconomy/2024/international-roaming-packs-drive-travelers-deeper-into-the-connected-economy/,International Roaming Packs Drive the Connected Economy,REJECTED_ENTITY_MATCHER,False,,NOT_RELEVANT,Generic match without direct Bharti Airtel relevance
20240424024500-638,20240424024500,indiatimes.com,https://telecom.economictimes.indiatimes.com/news/industry/jio-now-worlds-top-mobile-operator-by-data-traffic/109546371,"Reliance Jio: Jio now world's top mobile operator by data traffic, ET Telecom",REJECTED_ENTITY_MATCHER,False,,NOT_RELEVANT,Generic match without direct Bharti Airtel relevance
20240424024500-274,20240424024500,financialexpress.com,https://www.financialexpress.com/shorts/market/brokerages-raise-ril-target-price-despite-profit-fall-3466338/,Brokerages raise RIL target price despite profit fall,REJECTED_ENTITY_MATCHER,False,,NOT_RELEVANT,Generic match without direct Bharti Airtel relevance
20240424024500-813,20240424024500,financialexpress.com,https://www.financialexpress.com/shorts/business/defence/sia-india-and-isac-forge-alliance-to-strengthen-space-cybersecurity-standards-3466239/,SIA-India and ISAC forge alliance to strengthen space cybersecurity standards,REJECTED_ENTITY_MATCHER,False,,NOT_RELEVANT,Generic match without direct Bharti Airtel relevance
20240424024500-523,20240424024500,financialexpress.com,https://www.financialexpress.com/market/stocks-to-watch-hindustan-zinc-tata-consumer-products-tata-elxsi-vedanta-reliance-industries-mcx-cyient-dlm-telecom-companies-petroleum-and-natural-gas-companies-3466424/,"Stocks To Watch: Hindustan Zinc, Tata Consumer, Tata Elxsi, Vedanta, Reliance",REJECTED_ENTITY_MATCHER,False,,NOT_RELEVANT,Generic match without direct Bharti Airtel relevance
20240424024500-1133,20240424024500,indiatimes.com,https://telecom.economictimes.indiatimes.com/news/industry/vodafone-idea-stock-surges-12-day-after-success-of-rs-18000-crore-fpo/109546368,"Vodafone Idea stock surges 12% day after success of Rs 18,000 crore FPO, ET Telecom",REJECTED_ENTITY_MATCHER,False,,NOT_RELEVANT,Generic match without direct Bharti Airtel relevance
20240424024500-557,20240424024500,financialexpress.com,https://www.financialexpress.com/opinion/the-burden-of-legacy/3466398/,The burden of legacy,REJECTED_ENTITY_MATCHER,False,,NOT_RELEVANT,Generic match without direct Bharti Airtel relevance
20240424024500-69,20240424024500,indiatimes.com,https://telecom.economictimes.indiatimes.com/news/industry/tv-distributors-bet-on-bundling-to-arrest-churn/109546302,"TV distributors bet on bundling to arrest churn, Telecom News, ET Telecom",REJECTED_ENTITY_MATCHER,False,,NOT_RELEVANT,Generic match without direct Bharti Airtel relevance
20240424030000-534,20240424030000,thisdaylive.com,https://www.thisdaylive.com:443/index.php/2024/04/24/telecoms-operators-and-tariff-hike,TELECOMS OPERATORS AND TARIFF HIKE,REJECTED_ENTITY_MATCHER,False,,NOT_RELEVANT,Generic match without direct Bharti Airtel relevance
20240424030000-T1499,20240424030000,divyabhaskar.co.in,https://www.divyabhaskar.co.in/business/news/know-the-future-technical-level-132918682.html,NIFTY FUTURE 22404 POINTS IMPORTANT LEVEL...!!! | ઇન્વેસ્ટમેન્ટ પોઈન્ટ: નિફ્ટી ફયુચર 22404 પોઈન્ટ મહત્વની સપાટી...!!!,REJECTED_ENTITY_MATCHER,False,,NOT_RELEVANT,Generic match without direct Bharti Airtel relevance
20240424033000-805,20240424033000,moneycontrol.com,https://www.moneycontrol.com/news/business/morning-scan-all-the-big-stories-to-get-you-started-for-the-day-699-12706741.html,Morning Scan: All the big stories to get you started for the day,REJECTED_ENTITY_MATCHER,False,,NOT_RELEVANT,Generic match without direct Bharti Airtel relevance
20240424034500-778,20240424034500,businesstoday.in,https://www.businesstoday.in/markets/stocks/story/stocks-in-news-axis-bank-hul-ltimindtree-ausfb-vodafone-idea-tata-consumer-tata-elxsi-426649-2024-04-24,"Stocks in news: Axis Bank, HUL, LTIMindtree, AUSFB, Vodafone Idea, Tata Consumer, Tata Elxsi",REJECTED_ENTITY_MATCHER,False,,NOT_RELEVANT,Generic stocks in news list
20240424034500-369,20240424034500,indiainfoline.com,https://www.indiainfoline.com/news/markets/indian-benchmark-indices-may-ring-positive-opening-bells,Indian benchmark indices may ring positive opening bells,REJECTED_ENTITY_MATCHER,False,,NOT_RELEVANT,Generic match without direct Bharti Airtel relevance
20240424041500-146,20240424041500,indiatimes.com,https://economictimes.indiatimes.com/markets/expert-view/even-with-fund-infusion-vi-balance-sheet-will-continue-to-be-weak-nitin-soni/articleshow/109548503.cms,"Fitch Ratings: Even with fund infusion, Vi balance sheet will continue to be weak: Nitin Soni",REJECTED_ENTITY_MATCHER,False,,NOT_RELEVANT,Generic match without direct Bharti Airtel relevance
20240424043000-83,20240424043000,marketscreener.com,https://www.marketscreener.com/quote/stock/VODAFONE-GROUP-PLC-15867071/news/India-s-Airtel-in-talks-to-buy-Vodafone-UK-s-stake-in-Indus-Towers-ET-reports-46509564/,"India's Airtel in talks to buy Vodafone UK's stake in Indus Towers, ET reports",REJECTED_ENTITY_MATCHER,False,,NOT_RELEVANT,Standalone Indus Towers operational news
20240424043000-1213,20240424043000,news18.com,https://www.news18.com/business/stock-market-updates-sensex-gains-200-points-nifty-above-22400-icici-pru-down-6-8864111.html,"Stock Market Updates: Sensex Gains 200 Points, Nifty Above 22,400; ICICI Pru Down 6%",REJECTED_ENTITY_MATCHER,False,,NOT_RELEVANT,Generic match without direct Bharti Airtel relevance
20240424043000-T452,20240424043000,zonebourse.com,https://www.zonebourse.com/cours/action/VODAFONE-GROUP-PLC-15867071/actualite/L-operateur-indien-Airtel-en-pourparlers-pour-acheter-la-participation-de-Vodafone-UK-dans-Indus-To-46509564/,"L'opérateur indien Airtel en pourparlers pour acheter la participation de Vodafone UK dans Indus Towers, selon l'Economic Times",REJECTED_ENTITY_MATCHER,False,,NOT_RELEVANT,Standalone Indus Towers operational news
20240424050000-828,20240424050000,moneycontrol.com,https://www.moneycontrol.com/news/business/companies/airtel-eyeing-control-of-indus-towers-in-talks-to-acquire-vodafones-21-05-stake-12706852.html,"Airtel eyeing control of Indus Towers, in talks to acquire Vodafone's 21.05% stake",REJECTED_ENTITY_MATCHER,False,,NOT_RELEVANT,Standalone Indus Towers operational news
20240424051500-53,20240424051500,indiatimes.com,https://timesofindia.indiatimes.com/technology/tech-news/reliance-jio-has-become-the-worlds-largest-mobile-operator-surpassing-china-mobile-with-this-new-record/articleshow/109550190.cms,"Reliance Jio has become the world's largest mobile operator, surpassing China Mobile, with this new record",REJECTED_ENTITY_MATCHER,False,,NOT_RELEVANT,Generic match without direct Bharti Airtel relevance
20240424053000-839,20240424053000,indiatimes.com,https://economictimes.indiatimes.com/markets/stocks/news/how-gqgs-11-billion-india-empire-is-growing-fast-beyond-adani/articleshow/109549484.cms,How GQG's $11 billion India empire is growing fast beyond Adani,REJECTED_ENTITY_MATCHER,False,,NOT_RELEVANT,Generic match without direct Bharti Airtel relevance
20240424053000-719,20240424053000,businesstoday.in,https://www.businesstoday.in/markets/company-stock/story/vodafone-idea-shares-nuvama-doubles-target-price-post-fpo-sees-vi-as-going-concern-426677-2024-04-24,"Vodafone Idea shares: Nuvama doubles target price post FPO, sees Vi as 'going concern'",REJECTED_ENTITY_MATCHER,False,,NOT_RELEVANT,Generic match without direct Bharti Airtel relevance
20240424053000-466,20240424053000,moneycontrol.com,https://www.moneycontrol.com/news/business/airtel-clarifies-not-in-any-discussion-to-buy-vodafone-uks-stake-in-indus-towers-12706919.html,Airtel says 'not in any discussion' to buy Vodafone UK's stake in Indus Towers,REJECTED_ENTITY_MATCHER,False,,NOT_RELEVANT,Standalone Indus Towers operational news
20240424053000-856,20240424053000,indiatimes.com,https://economictimes.indiatimes.com/markets/expert-view/sanjiv-bhasin-on-4-private-bank-stocks-to-bet-on-now-sees-2-stocks-in-starring-role-this-year/articleshow/109551156.cms,Sanjiv Bhasin | Sanjiv Bhasin portfolio: Sanjiv Bhasin on 4 private bank stocks to bet on now; sees 2 stocks in starring role this year,REJECTED_ENTITY_MATCHER,False,,NOT_RELEVANT,Generic match without direct Bharti Airtel relevance
20240424060000-T2460,20240424060000,prabhasakshi.com,https://www.prabhasakshi.com/national/agr-of-telecom-services-sector-increased-by-18-percent-in-december-quarter-trai,दूरसंचार सेवा क्षेत्र का एजीआर दिसंबर तिमाही में 1.8 प्रतिशत बढ़ाः TRAI,REJECTED_ENTITY_MATCHER,False,,NOT_RELEVANT,Generic match without direct Bharti Airtel relevance
20240424060000-112,20240424060000,dailypioneer.com,https://www.dailypioneer.com/2024/business/razorpay-announces-upi-switch-in-partnership-with-airtel-payments-bank.html,Razorpay announces UPI Switch in partnership with Airtel Payments Bank,REJECTED_ENTITY_MATCHER,False,,NOT_RELEVANT,Standalone Airtel Payments Bank operational news
20240424061500-343,20240424061500,indiatimes.com,https://economictimes.indiatimes.com/markets/ipos/fpos/vodafone-idea-fpo-allotment-finalised-heres-how-you-can-check-status/articleshow/109552198.cms,Vodafone Idea FPO allotment finalised. Here's how you can check status,REJECTED_ENTITY_MATCHER,False,,NOT_RELEVANT,Generic match without direct Bharti Airtel relevance
20240424063000-1208,20240424063000,financialexpress.com,https://www.financialexpress.com/business/brandwagon-interview-gaurav-khatri-co-founder-noise-3466561/,"Interview: Gaurav Khatri, co-founder, Noise",REJECTED_ENTITY_MATCHER,False,,NOT_RELEVANT,Generic match without direct Bharti Airtel relevance
20240424063000-702,20240424063000,financialexpress.com,https://www.financialexpress.com/shorts/market/telecom-stocks-send-a-strong-signal-outperform-sensex-so-far-in-2024-3466373/,"Telecom stocks send a strong signal, outperform Sensex so far in 2024",REJECTED_ENTITY_MATCHER,False,,NOT_RELEVANT,Generic match without direct Bharti Airtel relevance
20240424063000-407,20240424063000,financialexpress.com,https://www.financialexpress.com/shorts/india-news/weather-update-imd-forecasts-intense-heatwave-conditions-in-parts-of-india-heavy-rainfall-over-northeast-india-3466425/,Weather Update: IMD forecasts intense heatwave conditions in parts of India,REJECTED_ENTITY_MATCHER,False,,NOT_RELEVANT,Generic match without direct Bharti Airtel relevance
20240424063000-187,20240424063000,financialexpress.com,https://www.financialexpress.com/shorts/money/mutual-funds/mutual-fund-investment-when-is-the-right-time-to-start-investing-in-mutual-funds-3465907/,Mutual Fund Investment: When is the right time to start investing in mutual funds?,REJECTED_ENTITY_MATCHER,False,,NOT_RELEVANT,Generic match without direct Bharti Airtel relevance
20240424063000-266,20240424063000,financialexpress.com,https://www.financialexpress.com/shorts/economy/household-debt-set-for-new-peak-3466349/,Household debt set for new peak,REJECTED_ENTITY_MATCHER,False,,NOT_RELEVANT,Generic match without direct Bharti Airtel relevance
20240424064500-1172,20240424064500,nigerianobservernews.com,https://nigerianobservernews.com/2024/04/equity-investors-lose-n3trn-as-traders-rejig-portfolios-after-cbn-rate-hike/,Equity investors lose N3trn as traders rejig portfolios after CBN rate hike – Nigerian Observer,REJECTED_ENTITY_MATCHER,False,,NOT_RELEVANT,Generic match without direct Bharti Airtel relevance
20240424070000-568,20240424070000,moneycontrol.com,https://www.moneycontrol.com/news/business/markets/mid-day-mood-sensex-nifty-50-trade-higher-as-metals-lead-gains-india-vix-recovers-12706956.html,"Mid-day Mood | Sensex, Nifty 50 trade higher as metals lead gains, India VIX recovers",REJECTED_ENTITY_MATCHER,False,,NOT_RELEVANT,Generic match without direct Bharti Airtel relevance
20240424070000-1145,20240424070000,hindustantimes.com,https://www.hindustantimes.com/business/realme-narzo-70-5g-narzo-70x-set-to-launch-in-india-today-price-to-specs-know-what-to-expect-101713938877641.html,"Realme Narzo 70 5G, Narzo 70x set to launch in India today; price to specs, know what to expect",REJECTED_ENTITY_MATCHER,False,,NOT_RELEVANT,Generic match without direct Bharti Airtel relevance
20240424070000-860,20240424070000,hindustantimes.com,https://www.hindustantimes.com/business/chinas-flying-cars-could-be-launched-by-the-end-of-2024-what-we-know-so-far-101713939315242.html,China's 'flying cars' could be launched by the end of 2025? What we know so far,REJECTED_ENTITY_MATCHER,False,,NOT_RELEVANT,Generic match without direct Bharti Airtel relevance
20240424070000-T1677,20240424070000,punjabkesari.in,https://www.punjabkesari.in/business/news/agr-of-telecom-services-sector-increased-by-1-8-in-december-quarter-trai-1971188,दूरसंचार सेवा क्षेत्र का AGR दिसंबर तिमाही में 1.8% बढ़ाः ट्राई - agr of telecom services sector increased by 1 8 in december quarter trai,REJECTED_ENTITY_MATCHER,False,,NOT_RELEVANT,Generic match without direct Bharti Airtel relevance
20240424073000-T1644,20240424073000,prabhatkhabar.com,https://www.prabhatkhabar.com/state/jharkhand/ranchi/two-cyber-fraudsters-arrested-for-cheating-part-time-job-in-ranchi-kkk,रांची में पार्ट टाइम जॉब के नाम पर ठगी के आरोप में दो साइबर फ्रॉड गिरफ्तार,REJECTED_ENTITY_MATCHER,False,,NOT_RELEVANT,Generic match without direct Bharti Airtel relevance
20240424074500-678,20240424074500,adgully.com,https://www.adgully.com/fancode-to-exclusively-broadcast-india-women-s-tour-of-bangladesh-144910.html,FanCode to exclusively broadcast India women's tour of Bangladesh,REJECTED_ENTITY_MATCHER,False,,NOT_RELEVANT,Generic match without direct Bharti Airtel relevance
20240424080000-542,20240424080000,indiatimes.com,https://economictimes.indiatimes.com/markets/stocks/news/indus-towers-share-declines-3-after-airtel-dismisses-talks-of-acquiring-stake/articleshow/109556565.cms,indus towers shares: Indus Towers share declines 3% after Airtel dismisses talks of acquiring stake,REJECTED_ENTITY_MATCHER,False,,NOT_RELEVANT,Standalone Indus Towers operational news
20240424081500-638,20240424081500,leadership.ng,https://leadership.ng/telcos-incur-n27bn-on-undersea-cables-repairs-report/,Telcos Incur N27bn On Undersea Cables Repairs – Report,REJECTED_ENTITY_MATCHER,False,,NOT_RELEVANT,Generic match without direct Bharti Airtel relevance
20240424083000-856,20240424083000,menafn.com,https://menafn.com/1108131432/Sachin-Tendulkar-Turns-51-Master-Blasters-Net-Worth-Assets,"Sachin Tendulkar Turns 51: Master Blaster's Net Worth, Assets",REJECTED_ENTITY_MATCHER,False,,NOT_RELEVANT,Generic match without direct Bharti Airtel relevance
20240424084500-1183,20240424084500,globenewswire.com,https://www.globenewswire.com/news-release/2024/04/24/2868358/0/en/Africa-Data-Center-Landscape-Report-2024-2029-Technology-Advancements-Increased-Digitalization-and-Strategic-Government-Initiatives-Driving-Market-Developments.html,Africa Data Center Landscape Report 2024-2029: Technology,REJECTED_ENTITY_MATCHER,False,,NOT_RELEVANT,Generic match without direct Bharti Airtel relevance
20240424084500-218,20240424084500,indianexpress.com,https://indianexpress.com/article/india/electoral-bonds-ngos-move-sc-seek-sit-probe-on-quid-pro-quo-between-corporates-political-parties-9287945/,"Electoral bonds: NGOs move SC, seek SIT probe on 'quid pro quo' between corporates, political parties | India News",REJECTED_ENTITY_MATCHER,False,,NOT_RELEVANT,Generic match without direct Bharti Airtel relevance
20240424090000-T180,20240424090000,eenadu.net,https://www.eenadu.net/telugu-news/business/airtel-to-provide-international-roaming-packs-starting-at-rs-133-per-day-in-184-countries/0110/124078797,airtel: ఎయిర్‌టెల్‌ కొత్త రోమింగ్ ప్యాక్స్‌.. 184 దేశాలకు ఒకే ప్యాక్,REJECTED_ENTITY_MATCHER,False,,NOT_RELEVANT,Generic match without direct Bharti Airtel relevance
20240424094500-534,20240424094500,financialexpress.com,https://www.financialexpress.com/market/cafeinvest-mehta-equities-top-recommendation-for-the-week-include-grasim-and-indian-hotels-3467003/,Mehta Equities' top recommendation for the week include Grasim and Indian Hotels - CaFE Invest News,REJECTED_ENTITY_MATCHER,False,,NOT_RELEVANT,Generic match without direct Bharti Airtel relevance
20240424094500-846,20240424094500,financialexpress.com,https://www.financialexpress.com/shorts/market/tata-elxsi-slides-over-3-despite-rs-70-share-dividend-announcement-find-out-whats-triggering-the-selling-3466775/,Tata Elxsi slides over 3% despite Rs 70/share dividend; what's triggering the selling?,REJECTED_ENTITY_MATCHER,False,,NOT_RELEVANT,Generic match without direct Bharti Airtel relevance
20240424100000-82,20240424100000,mobileworldlive.com,https://www.mobileworldlive.com/airtel/airtel-denies-contact-with-vodafone-over-tower-stake-sale/,Airtel denies contact with Vodafone over tower stake sale,REJECTED_ENTITY_MATCHER,False,,NOT_RELEVANT,Generic match without direct Bharti Airtel relevance
20240424100000-T1161,20240424100000,indiatimes.com,https://navbharattimes.indiatimes.com/business/business-news/amit-shah-investment-portfolio-of-rs-66-crore-hul-mrf-stocks-small-savings-schemes-and-more-know-details/articleshow/109560303.cms,"Amit Shah Portfolio,अमित शाह ने इन दिग्गज कंपनियों में किया है निवेश, पोर्टफोलियो में हैं ये शेयर, देखिए कितना लगाया पैसा - amit shah investment portfolio of rs 66 crore hul, mrf stocks small savings schemes and more know details",REJECTED_ENTITY_MATCHER,False,,NOT_RELEVANT,Generic match without direct Bharti Airtel relevance
20240424110000-468,20240424110000,dailyexcelsior.com,https://www.dailyexcelsior.com/not-changing-2g-judgment-non-auction-allocation-only-for-defence-satellite-use-sources/,"Not changing 2G judgment, non-auction allocation only for defence, satellite use: Sources",REJECTED_ENTITY_MATCHER,False,,NOT_RELEVANT,Generic match without direct Bharti Airtel relevance
20240424110000-T556,20240424110000,indiatimes.com,https://navbharattimes.indiatimes.com/business/business-news/how-gqgs-11-billion-dollar-india-empire-is-growing-fast-beyond-adani/articleshow/109562057.cms,"मुसीबत में गौतम अडानी को दिया सहारा, आज 11 अरब डॉलर पहुंच चुकी है पोर्टफोलियो की वैल्यू",REJECTED_ENTITY_MATCHER,False,,NOT_RELEVANT,Generic match without direct Bharti Airtel relevance
20240424113000-1545,20240424113000,techmoran.com,https://techmoran.com/2024/04/24/45-startups-shortlisted-for-the-2024-edition-of-the-africatech-awards/,45 startups shortlisted for the 2024 edition Of The Africatech Awards,REJECTED_ENTITY_MATCHER,False,,NOT_RELEVANT,Generic match without direct Bharti Airtel relevance
20240424114500-807,20240424114500,dealstreetasia.com,https://www.dealstreetasia.com/stories/indias-airtel-denies-talks-to-buy-vodafone-uks-stake-in-indus-towers-393390,India's Airtel denies talks to buy Vodafone UK's stake in Indus Towers,REJECTED_ENTITY_MATCHER,False,,NOT_RELEVANT,Standalone Indus Towers operational news
20240424114500-618,20240424114500,thehindubusinessline.com,https://www.thehindubusinessline.com/markets/stock-market-highlights-24-april-2024/article68097831.ece,"Share Market Highlights 24 April 2024: Sensex gains 114 pts, Nifty settles above 22,400",REJECTED_ENTITY_MATCHER,False,,NOT_RELEVANT,Generic match without direct Bharti Airtel relevance
20240424120000-1951,20240424120000,rediff.com,https://www.rediff.com/news/report/not-changing-2g-judgment-non-auction-allocation-only-for-sources/20240424.htm,"Not changing 2G judgment, non-auction allocation only for...: Sources",REJECTED_ENTITY_MATCHER,False,,NOT_RELEVANT,Generic match without direct Bharti Airtel relevance
20240424120000-232,20240424120000,newindianexpress.com,https://www.newindianexpress.com/nation/2024/Apr/24/centre-not-changing-2g-judgement-non-auction-allocation-only-for-defence-satellite-use-sources,"Centre not changing 2G judgement, non-auction allocation only for defence, satellite use: Sources",REJECTED_ENTITY_MATCHER,False,,NOT_RELEVANT,Generic match without direct Bharti Airtel relevance
20240424120000-730,20240424120000,menafn.com,https://menafn.com/1108131786/SIT-Probe-Into-Electoral-Bonds-Scam-Plea-In-SC-Seeks-Court-Monitored-Investigation,SIT Probe Into Electoral Bonds 'Scam': Plea In SC Seeks Court-Monitored Investigation,REJECTED_ENTITY_MATCHER,False,,NOT_RELEVANT,Generic match without direct Bharti Airtel relevance
20240424123000-1482,20240424123000,indiainfoline.com,https://www.indiainfoline.com/news/markets/market-update-indices-rise-on-global-cues-strong-q4-numbers,Market Update: Indices rise on positive global cues,REJECTED_ENTITY_MATCHER,False,,NOT_RELEVANT,Generic match without direct Bharti Airtel relevance
20240424130000-1300,20240424130000,moneycontrol.com,https://www.moneycontrol.com/news/business/jio-pips-china-mobile-to-become-worlds-top-telco-by-data-traffic-analysts-expect-5g-monetisation-focus-12707302.html,Jio pips China Mobile to become world's top telco by data traffic; analysts expect 5G monetisation focus,REJECTED_ENTITY_MATCHER,False,,NOT_RELEVANT,Generic match without direct Bharti Airtel relevance
20240424130000-1385,20240424130000,afropages.fr,https://www.afropages.fr/ecofin/mobile-money-users-surge-by-228-8-in-drc-over-3-years,Mobile Money users surge by 228.8% in DRC over 3 years (ECOFIN),REJECTED_ENTITY_MATCHER,False,,NOT_RELEVANT,Generic match without direct Bharti Airtel relevance
20240424130000-1087,20240424130000,scroll.in,https://scroll.in/latest/1067003/probe-alleged-quid-pro-quo-revealed-through-electoral-bonds-says-plea-in-supreme-court,"Probe alleged quid pro quo revealed through electoral bonds, says plea in Supreme Court",REJECTED_ENTITY_MATCHER,False,,NOT_RELEVANT,Generic match without direct Bharti Airtel relevance
20240424141500-1093,20240424141500,vccircle.com,https://www.vccircle.com/grapevinegeneral-atlantic-mulls-rubicon-ipo-airtel-eyes-vodafone-s-indus-stake,Grapevine: General Atlantic mulls Rubicon IPO; Airtel Eyes Vodafone's Indus Stake,REJECTED_ENTITY_MATCHER,False,,NOT_RELEVANT,Generic match without direct Bharti Airtel relevance
20240424141500-T474,20240424141500,digit.in,https://www.digit.in/hi/press-release/telecom/airtel-enhances-network-coverage-across-leh-and-ladakh-ahead-of-summer-vacation-rush.html,"Airtel ने इन दूर दराज के इलाकों में अपने नेटवर्क को और बेहतर किया, देखें डिटेल्स",REJECTED_ENTITY_MATCHER,False,,NOT_RELEVANT,Generic match without direct Bharti Airtel relevance
20240424144500-T457,20240424144500,navabharat.com,https://navabharat.com/?p=16345,शेयर बाजार में तेजी का सिलसिला जारी,REJECTED_ENTITY_MATCHER,False,,NOT_RELEVANT,Generic match without direct Bharti Airtel relevance
20240424144500-1878,20240424144500,indiatimes.com,https://economictimes.indiatimes.com/industry/telecom/telecom-news/india-must-close-gap-with-china-on-fibre-deployment-sterlite-tech-exec/articleshow/109568238.cms,India must close gap with China on fibre deployment: Sterlite Tech exec,REJECTED_ENTITY_MATCHER,False,,NOT_RELEVANT,Generic match without direct Bharti Airtel relevance
20240424144500-2031,20240424144500,rcrwireless.com,https://www.rcrwireless.com/20240424/5g/vodafone-idea-successfully-closes-fpo-fund-4g-5g-rollouts,"Vodafone Idea successfully closes FPO to fund 4G, 5G rollouts",REJECTED_ENTITY_MATCHER,False,,NOT_RELEVANT,Generic match without direct Bharti Airtel relevance
20240424151500-990,20240424151500,indiatimes.com,https://economictimes.indiatimes.com/industry/media/entertainment/dishtv-jump-on-the-built-in-ott-services-bandwagon-alongside-jio-airtel/articleshow/109568719.cms,"dish tv smart+ services: DishTV jumps on the built-in OTT services bandwagon alongside Jio, Airtel",REJECTED_ENTITY_MATCHER,False,,NOT_RELEVANT,Generic match without direct Bharti Airtel relevance
20240424154500-826,20240424154500,legit.ng,https://www.legit.ng/business-economy/money/1589387-cbn-addresses-ban-bybit-kucoin-okx-sanctioning-binance/,"CBN Speaks on Alleged Ban of Bybit, Kucoin, Other Cryptocurrency Platforms After Sanctioning Binance",REJECTED_ENTITY_MATCHER,False,,NOT_RELEVANT,Generic match without direct Bharti Airtel relevance
20240424163000-2432,20240424163000,rashtranews.com,https://www.rashtranews.com/wi-fi-calling-what-it-is-how-much-data-it-consumes-do-users-need-to-pay-extra-and-all-other-answers-rashtra-news/,"Wi-Fi Calling: What it is, how much data it consumes, do users need to pay extra and all other answers – Rashtra News",REJECTED_ENTITY_MATCHER,False,,NOT_RELEVANT,Generic match without direct Bharti Airtel relevance
20240424170000-1360,20240424170000,indiatimes.com,https://economictimes.indiatimes.com/markets/stocks/news/ahead-of-market-10-things-that-will-decide-d-street-action-on-thursday/articleshow/109570258.cms,Ahead of Market: 10 things that will decide D-Street action on Thursday,REJECTED_ENTITY_MATCHER,False,,NOT_RELEVANT,Generic match without direct Bharti Airtel relevance
20240424170000-934,20240424170000,indiatimes.com,https://telecom.economictimes.indiatimes.com/news/telecom-equipment/india-must-close-gap-with-china-on-fibre-deployment-stl/109568165,"India must close gap with China on fibre deployment: STL, Telecom News, ET Telecom",REJECTED_ENTITY_MATCHER,False,,NOT_RELEVANT,Generic match without direct Bharti Airtel relevance
20240424171500-T21,20240424171500,bhaskar.com,https://divyamarathi.bhaskar.com/business/news/jio-network-data-consumption-vs-china-mobile-jio-5g-customers-jio-wireless-data-traffic-132923300.html,"Jio Network Data Consumption Vs China Mobile, Jio 5g Customers, Jio Wireless Data Traffic | डेटा वापरात जियो जगातील सर्वात मोठा मोबाइल ऑपरेटर: युझर्सनी चौथ्या तिमाहीत 40.9 एक्झाबाइट डेटा वापरला, चायना मोबाइलला टाकले मागे",REJECTED_ENTITY_MATCHER,False,,NOT_RELEVANT,Generic match without direct Bharti Airtel relevance
20240424174500-132,20240424174500,thestatesman.com,https://www.thestatesman.com/india/pm-modi-holds-roadshow-in-bhopal-1503293789.html,PM Modi holds roadshow in Bhopal - The Statesman,REJECTED_ENTITY_MATCHER,False,,NOT_RELEVANT,Generic match without direct Bharti Airtel relevance
20240424180000-877,20240424180000,redpepper.co.ug,https://redpepper.co.ug/5-suspected-hardcore-criminals-arrested/134969/,5 Suspected Hardcore Criminals Arrested,REJECTED_ENTITY_MATCHER,False,,NOT_RELEVANT,Generic match without direct Bharti Airtel relevance
20240424181500-T154,20240424181500,livehindustan.com,https://www.livehindustan.com/gadgets/jio-90-days-validity-plan-is-cheaper-than-airtel-get-200gb-data-and-free-calling-benefits-201713971804470.html,"Jio 90 days validity plan is cheaper than Airtel get 200GB data and FREE calling benefits नहीं देखा होगा कोई ऐसा प्लान! 30 रुपए कम खर्च कर भी मिल रहा 65GB EXTRA डेटा, 90 दिन तक फ्री कॉल्स-SMS",REJECTED_ENTITY_MATCHER,False,,NOT_RELEVANT,Formulaic consumer recharge plan / OTT bundle comparison table
20240424184500-840,20240424184500,techstory.in,https://techstory.in/reliance-jio-beats-china-mobile-to-become-worlds-largest-telecom-operator-by-data-traffic-usage/,Reliance JIO beats China Mobile to become world's largest telecom operator by data traffic usage,REJECTED_ENTITY_MATCHER,False,,NOT_RELEVANT,Generic match without direct Bharti Airtel relevance
20240424190000-T1106,20240424190000,jagran.com,https://www.jagran.com/news/national-t-rabi-sankar-re-appointed-as-rbi-dg-for-one-year-23704180.html,"RBI के डिप्टी गवर्नर टी रबीशंकर का कार्यकाल एक साल बढ़ा, 2021 में तीन साल के लिए संभाला था यह पद - T Rabi Sankar re appointed as RBI DG for one year",REJECTED_ENTITY_MATCHER,False,,NOT_RELEVANT,Generic match without direct Bharti Airtel relevance
20240424190000-T1083,20240424190000,jagran.com,https://www.jagran.com/news/national-centre-not-seeking-to-change-2g-judgment-non-auction-allocation-only-for-defence-satellite-use-23704181.html,"केवल रक्षा, उपग्रह सेक्टर के लिए ही नीलामी के बगैर स्पेक्ट्रम आवंटन; SC के फैसले को बदलने की कोशिश नहीं कर रही सरकार - Centre not seeking to change 2G judgment non auction allocation only for defence satellite use",REJECTED_ENTITY_MATCHER,False,,NOT_RELEVANT,Generic match without direct Bharti Airtel relevance
20240424193000-T86,20240424193000,tarunbharat.com,https://www.tarunbharat.com/%E0%A4%87%E0%A4%82%E0%A4%A1%E0%A4%B8-%E0%A4%9F%E0%A5%89%E0%A4%B5%E0%A4%B0%E0%A4%AE%E0%A4%A7%E0%A5%8D%E0%A4%AF%E0%A5%87-%E0%A4%B9%E0%A4%BF%E0%A4%B8%E0%A5%8D%E0%A4%B8%E0%A5%87%E0%A4%A6%E0%A4%BE%E0%A4%B0/,इंडस टॉवरमध्ये हिस्सेदारी घेणार नसल्याचा एअरटेलचा खुलासा,REJECTED_ENTITY_MATCHER,False,,NOT_RELEVANT,Generic match without direct Bharti Airtel relevance
20240424194500-1959,20240424194500,srilankamirror.com,https://srilankamirror.com/biz/imported-milk-powder-prices-slashed/,Imported milk powder prices slashed,REJECTED_ENTITY_MATCHER,False,,NOT_RELEVANT,Generic match without direct Bharti Airtel relevance
20240424200000-1956,20240424200000,financialexpress.com,https://www.financialexpress.com/business/industry/ltimindtree-misses-estimates-profit-down-6/3467636/,"LTIMindtree misses estimates, profit down 6%",REJECTED_ENTITY_MATCHER,False,,NOT_RELEVANT,Generic match without direct Bharti Airtel relevance
20240424221500-1542,20240424221500,indiablooms.com,https://www.indiablooms.com/finance-details/20320/reliance-jio-surpasses-china-mobile-as-world-s-largest-mobile-operator.html,Reliance Jio surpasses China Mobile as world's largest mobile operator | Indiablooms - First Portal on Digital News Management,REJECTED_ENTITY_MATCHER,False,,NOT_RELEVANT,Generic match without direct Bharti Airtel relevance
20240424233000-1362,20240424233000,developingtelecoms.com,https://developingtelecoms.com/telecom-business/operator-news/16607-india-s-jio-tops-data-traffic-consumption-charts.html,India's Jio tops data traffic consumption charts - Developing Telecoms,REJECTED_ENTITY_MATCHER,False,,NOT_RELEVANT,Generic match without direct Bharti Airtel relevance
20240425001500-1568,20240425001500,financialexpress.com,https://www.financialexpress.com/business/industry/macrotechs-net-profit-goes-up-21/3467575/,Macrotech's net profit goes up 21% - Industry News | The Financial Express,REJECTED_ENTITY_MATCHER,False,,NOT_RELEVANT,Generic match without direct Bharti Airtel relevance
20240425011500-147,20240425011500,rashtranews.com,https://www.rashtranews.com/oneweb-signs-deal-with-elon-musks-spacex-to-resume-satellite-launches/,OneWeb signs deal with Elon Musk's SpaceX to resume satellite launches,REJECTED_ENTITY_MATCHER,False,,NOT_RELEVANT,Generic match without direct Bharti Airtel relevance
20240425011500-691,20240425011500,financialexpress.com,https://www.financialexpress.com/business/industry/trai-proposes-telecom-infra-sharing-for-telcos-to-reduce-cost/3467616/,Trai proposes telecom infra sharing for telcos to reduce cost,REJECTED_ENTITY_MATCHER,False,,NOT_RELEVANT,Generic match without direct Bharti Airtel relevance
20240425030000-1172,20240425030000,biztoc.com,https://biztoc.com/x/8da06b68e37990ce,Razorpay and Airtel Payments Bank Partner on UPI Infrastructure,REJECTED_ENTITY_MATCHER,False,,NOT_RELEVANT,Standalone Airtel Payments Bank operational news
20240425044500-195,20240425044500,marketscreener.com,https://www.marketscreener.com/quote/stock/AXIATA-GROUP-6499937/news/Axiata-Sinar-Mas-closer-to-3-5-billion-telco-merger-in-Indonesia-Bloomberg-says-46523310/,"Axiata, Sinar Mas closer to $3.5 billion telco merger in Indonesia, Bloomberg says",REJECTED_ENTITY_MATCHER,False,,NOT_RELEVANT,Generic match without direct Bharti Airtel relevance
20240425044500-858,20240425044500,indiatimes.com,https://economictimes.indiatimes.com/industry/telecom/telecom-news/voda-idea-a-national-asset-km-birla/articleshow/109580584.cms,birla: Vodafone Idea a national asset: KM Birla - The Economic Times,REJECTED_ENTITY_MATCHER,False,,NOT_RELEVANT,Generic match without direct Bharti Airtel relevance
20240425050000-317,20240425050000,streetinsider.com,"https://www.streetinsider.com/Reuters/Axiata,+Sinar+Mas+closer+to+$3.5+billion+telco+merger+in+Indonesia,+Bloomberg+says/23112719.html","Axiata, Sinar Mas closer to $3.5 billion telco merger in Indonesia, Bloomberg says",REJECTED_ENTITY_MATCHER,False,,NOT_RELEVANT,Generic match without direct Bharti Airtel relevance
20240425053000-200,20240425053000,yahoo.com,https://finance.yahoo.com/news/axiata-sinar-mas-closer-3-042159338.html,"Axiata, Sinar Mas closer to $3.5 billion telco merger in Indonesia, Bloomberg says",REJECTED_ENTITY_MATCHER,False,,NOT_RELEVANT,Generic match without direct Bharti Airtel relevance
20240425060000-239,20240425060000,news18.com,https://www.news18.com/business/vodafone-idea-fpo-share-price-today-8865405.html,Vodafone Idea FPO: Shares Debuts With 7.27% Premium At Rs 11.80; Book Profits Or Hold?,REJECTED_ENTITY_MATCHER,False,,NOT_RELEVANT,Generic match without direct Bharti Airtel relevance
20240425061500-511,20240425061500,usnews.com,https://money.usnews.com/investing/news/articles/2024-04-25/axiata-sinar-mas-closer-to-3-5-billion-telco-merger-in-indonesia-bloomberg-says,"Axiata, Sinar Mas Closer to $3.5 Billion Telco Merger in Indonesia, Bloomberg Says",REJECTED_ENTITY_MATCHER,False,,NOT_RELEVANT,Generic match without direct Bharti Airtel relevance
20240425061500-353,20240425061500,dealstreetasia.com,https://www.dealstreetasia.com/stories/axiata-sinar-mas-close-in-on-3-5b-telco-merger-in-indonesia-393553,"Axiata, Sinar Mas close in on $3.5b telco merger in Indonesia",REJECTED_ENTITY_MATCHER,False,,NOT_RELEVANT,Generic match without direct Bharti Airtel relevance
20240425063000-51,20240425063000,indiatimes.com,https://economictimes.indiatimes.com/markets/stocks/news/vodafone-idea-tumbles-10-after-listing-of-fpo-shares-today/articleshow/109583681.cms,vodafone idea shares: Vodafone Idea tumbles 10% after listing of FPO shares today,REJECTED_ENTITY_MATCHER,False,,NOT_RELEVANT,Generic match without direct Bharti Airtel relevance
20240425064500-995,20240425064500,933thedrive.com,https://www.933thedrive.com/2024/04/25/axiata-sinar-mas-closer-to-3-5-billion-telco-merger-in-indonesia-bloomberg-says/,"Axiata, Sinar Mas closer to $3.5 billion telco merger in Indonesia, Bloomberg says",REJECTED_ENTITY_MATCHER,False,,NOT_RELEVANT,Generic match without direct Bharti Airtel relevance
20240425070000-986,20240425070000,pymnts.com,https://www.pymnts.com/partnerships/2024/razorpay-and-airtel-payments-bank-partner-on-upi-infrastructure/,Razorpay and Airtel Payments Bank Partner on UPI Infrastructure,REJECTED_ENTITY_MATCHER,False,,NOT_RELEVANT,Standalone Airtel Payments Bank operational news
20240425071500-1131,20240425071500,indiatimes.com,https://economictimes.indiatimes.com/industry/telecom/telecom-news/fpo-to-put-voda-idea-on-growth-path-sbi-chairman/articleshow/109585345.cms,FPO to put Voda Idea on growth path: SBI chairman,REJECTED_ENTITY_MATCHER,False,,NOT_RELEVANT,Generic match without direct Bharti Airtel relevance
20240425071500-702,20240425071500,financialexpress.com,https://www.financialexpress.com/business/industry/q4-results-2024-live-updates-bajaj-finance-nestle-india-indusind-bank-vedanta-tech-mahindra-more-to-announce-earnings-today/3467831/,"Q4 Results 2024 LIVE Updates: Bajaj Finance, Nestle India, IndusInd Bank, Vedanta, Tech Mahindra, more to announce earnings today",REJECTED_ENTITY_MATCHER,False,,NOT_RELEVANT,Generic match without direct Bharti Airtel relevance
20240425071500-348,20240425071500,indiatimes.com,https://telecom.economictimes.indiatimes.com/news/industry/vodafone-idea-a-national-asset-birla/109580600,"Vodafone Idea a national asset: Birla, Telecom News, ET Telecom",REJECTED_ENTITY_MATCHER,False,,NOT_RELEVANT,Generic match without direct Bharti Airtel relevance
20240425071500-219,20240425071500,indiatimes.com,https://telecom.economictimes.indiatimes.com/news/industry/fpo-to-put-vodafone-idea-on-growth-path-sbi-chairman/109585337,"FPO to put Vodafone Idea on growth path: SBI chairman, Telecom News, ET Telecom",REJECTED_ENTITY_MATCHER,False,,NOT_RELEVANT,Generic match without direct Bharti Airtel relevance
20240425073000-99,20240425073000,wkzo.com,https://wkzo.com/2024/04/25/axiata-sinar-mas-closer-to-3-5-billion-telco-merger-in-indonesia-bloomberg-says/,"Axiata, Sinar Mas closer to $3.5 billion telco merger in Indonesia, Bloomberg says",REJECTED_ENTITY_MATCHER,False,,NOT_RELEVANT,Generic match without direct Bharti Airtel relevance
20240425073000-1572,20240425073000,news18.com,https://www.news18.com/business/vodafone-idea-fpo-listing-kumar-mangalam-birla-vi-8865493.html,"'Fresh Lease Of Life For Vodafone Idea': Kumar Mangalam Birla Says After VI's Rs 18,000 Cr FPO",REJECTED_ENTITY_MATCHER,False,,NOT_RELEVANT,Generic match without direct Bharti Airtel relevance
20240425090000-373,20240425090000,financialexpress.com,https://www.financialexpress.com/business/industry/nestle-india-q4-results-net-profit-up-nearly-27-at-rs-934-17-crore-read-to-know-other-details/3468030/,Nestle India Q4 results: Net profit up nearly 27% at Rs 934.17 crore; Read to know other details - Industry News,REJECTED_ENTITY_MATCHER,False,,NOT_RELEVANT,Generic match without direct Bharti Airtel relevance
20240425091500-652,20240425091500,indiatimes.com,https://economictimes.indiatimes.com/markets/options/fo-stocks-bank-of-baroda-trent-among-5-stocks-with-long-buildup/articleshow/109588865.cms,"F&O stocks: Bank of Baroda, Trent among 5 stocks with long buildup",REJECTED_ENTITY_MATCHER,False,,NOT_RELEVANT,Generic match without direct Bharti Airtel relevance
20240425101500-374,20240425101500,financialexpress.com,https://www.financialexpress.com/business/industry/acc-q4-result-net-profit-up-301-in-q4-fy24-read-to-know-more/3468228/,ACC Q4 result: Net profit up 301% in Q4 FY24; Read to know more,REJECTED_ENTITY_MATCHER,False,,NOT_RELEVANT,Generic match without direct Bharti Airtel relevance
20240425101500-1211,20240425101500,orissadiary.com,https://orissadiary.com/reliance-jio-becomes-worlds-no-1-mobile-operator-in-data-consumption-surpasses-china-mobile/,"Reliance Jio becomes world's No. 1 mobile operator in data consumption, surpasses China Mobile – Odisha Diary, Latest Odisha News, Breaking News Odisha",REJECTED_ENTITY_MATCHER,False,,NOT_RELEVANT,Generic match without direct Bharti Airtel relevance
20240425101500-572,20240425101500,indiatimes.com,https://timesofindia.indiatimes.com/technology/tech-news/airtel-makes-an-important-clarification-to-bse-on-vodafone-groups-stake-in-indus-tower/articleshow/109590607.cms,Airtel makes an important clarification to BSE on Vodafone Group's stake in Indus Tower,REJECTED_ENTITY_MATCHER,False,,NOT_RELEVANT,Standalone Indus Towers operational news
20240425103000-1025,20240425103000,naija247news.com,https://naija247news.com/2024/04/25/nigerias-5g-subscriptions-rise-to-1-24-in-march-2024/,Nigeria's 5G subscriptions rise to 1.24% in March 2024,REJECTED_ENTITY_MATCHER,False,,NOT_RELEVANT,Generic match without direct Bharti Airtel relevance
20240425103000-1467,20240425103000,thenews-chronicle.com,https://thenews-chronicle.com/nigerias-5g-subscriptions-climb-to-1-24-in-march-2024-ncc/,Nigeria's 5G subscriptions climb to 1.24% in March 2024 – NCC – The News Chronicle,REJECTED_ENTITY_MATCHER,False,,NOT_RELEVANT,Generic match without direct Bharti Airtel relevance
20240425114500-1513,20240425114500,financialexpress.com,https://www.financialexpress.com/business/industry/vedanta-q4-results-net-profit-declines-27-3-to-rs-2275-crore-read-to-know-more/3468301/,"Vedanta Q4 results: Net profit declines 27.3% to Rs 2,275 crore; Read to know more",REJECTED_ENTITY_MATCHER,False,,NOT_RELEVANT,Generic match without direct Bharti Airtel relevance
20240425114500-672,20240425114500,financialexpress.com,https://www.financialexpress.com/business/industry/tech-mahindra-q4-results-net-profit-declines-41-to-rs-664-2-crore-here-are-all-other-details/3468386/,Tech Mahindra Q4 results: Net profit declines 41% to Rs 664.2 crore; Here are all other details,REJECTED_ENTITY_MATCHER,False,,NOT_RELEVANT,Generic match without direct Bharti Airtel relevance
20240425123000-T57,20240425123000,nobat.com,https://www.nobat.com/news2086-nd-3a2f0094313238313539.html,નિફ્ટી ફયુચર ૨૨૬૦૬ પોઈન્ટ મહત્ત્વની સપાટી...!!!,REJECTED_ENTITY_MATCHER,False,,NOT_RELEVANT,Generic match without direct Bharti Airtel relevance
20240425124500-930,20240425124500,moneycontrol.com,https://www.moneycontrol.com/news/business/personal-finance/special-situations-theme-funds-make-a-beeline-for-investors-money-12708193.html,'Special situations' theme funds make a beeline for investors' money,REJECTED_ENTITY_MATCHER,False,,NOT_RELEVANT,Generic match without direct Bharti Airtel relevance
20240425134500-658,20240425134500,developingtelecoms.com,https://developingtelecoms.com/telecom-business/operator-news/16611-airtel-denies-vodafone-interest-in-tower-stake.html,Airtel denies Vodafone interest in tower stake,REJECTED_ENTITY_MATCHER,False,,NOT_RELEVANT,Generic match without direct Bharti Airtel relevance
20240425134500-132,20240425134500,indiatimes.com,https://economictimes.indiatimes.com/industry/telecom/telecom-news/vi-2-0-vodafone-ideas-rs-18000-crore-fundraise-a-fresh-lease-of-life-says-kumar-mangalam-birla/articleshow/109597784.cms,"Vodafone Idea 2.0: Vi 2.0: Vodafone Idea's Rs 18,000 crore fundraise a 'fresh lease of life', says Kumar Mangalam Birla",REJECTED_ENTITY_MATCHER,False,,NOT_RELEVANT,Generic match without direct Bharti Airtel relevance
20240425134500-1395,20240425134500,thecable.ng,https://www.thecable.ng/defending-the-foundations-for-connectivity/,Defending the foundations for connectivity,REJECTED_ENTITY_MATCHER,False,,NOT_RELEVANT,Generic match without direct Bharti Airtel relevance
20240425143000-1019,20240425143000,indiantelevision.com,"https://indiantelevision.com/mam/media-and-advertising/people/anupama-ramaswamy,-ashish-chakravarty,-and-rajdeepak-das-named-abby-awards-2024-jury-chairs-240425","Anupama Ramaswamy, Ashish Chakravarty, and Rajdeepak Das Named Abby Awards 2024 jury chairs",REJECTED_ENTITY_MATCHER,False,,NOT_RELEVANT,Generic match without direct Bharti Airtel relevance
20240425144500-913,20240425144500,lightreading.com,https://www.lightreading.com/5g/why-5g-is-failing-to-gain-momentum-in-india,Why 5G is failing to gain momentum in India,REJECTED_ENTITY_MATCHER,False,,NOT_RELEVANT,Generic match without direct Bharti Airtel relevance
20240425144500-1381,20240425144500,lightreading.com,https://www.lightreading.com/business-management/axiata-and-sinar-mas-step-closer-to-3-5b-merger-in-indonesia-reports,Axiata and Sinar Mas step closer to $3.5B merger in Indonesia – reports,REJECTED_ENTITY_MATCHER,False,,NOT_RELEVANT,Generic match without direct Bharti Airtel relevance
20240425144500-1821,20240425144500,tribuneonlineng.com,https://tribuneonlineng.com/tariff-hike-telcos-urge-govt-intervention-on-pricing-challenges/,Tariff Hike: Telcos urge govt intervention on pricing challenges,REJECTED_ENTITY_MATCHER,False,,NOT_RELEVANT,Generic match without direct Bharti Airtel relevance
20240425144500-1878,20240425144500,tribuneonlineng.com,https://tribuneonlineng.com/defending-the-foundations-for-connectivity/,Defending the foundations for connectivity,REJECTED_ENTITY_MATCHER,False,,NOT_RELEVANT,Generic match without direct Bharti Airtel relevance
20240425151500-1314,20240425151500,adgully.com,https://www.adgully.com/anupama-ramaswamy-ashish-chakravarty-rajdeepak-das-to-chair-abby-awards-144998.html,"Anupama Ramaswamy, Ashish Chakravarty, Rajdeepak Das to chair ABBY Awards",REJECTED_ENTITY_MATCHER,False,,NOT_RELEVANT,Generic match without direct Bharti Airtel relevance
20240425151500-908,20240425151500,thehindubusinessline.com,https://www.thehindubusinessline.com/news/telecom-players-write-to-government-again-to-address-revenue-sharing-model-with-ott-providers/article68106524.ece,Telecom players write to government again to address revenue sharing model with OTT providers,REJECTED_ENTITY_MATCHER,False,,NOT_RELEVANT,Generic match without direct Bharti Airtel relevance
20240425151500-T1506,20240425151500,livehindustan.com,https://www.livehindustan.com/gadgets/bsnl-launch-new-425-days-validity-prepaid-plan-check-price-and-all-details-201714040444684.html,"bsnl launch new 425 days validity prepaid plan check price and all details आ गया 425 दिन चलने वाला सबसे सस्ता रिचार्ज, इसमें अनलिमिटेड कॉलिंग और 850GB डेटा भी",REJECTED_ENTITY_MATCHER,False,,NOT_RELEVANT,Formulaic consumer recharge plan / OTT bundle comparison table
20240425153000-1233,20240425153000,insidermonkey.com,https://www.insidermonkey.com/blog/ribbon-communications-inc-nasdaqrbbn-q1-2024-earnings-call-transcript-1292121/,Ribbon Communications Inc. (NASDAQ:RBBN) Q1 2024 Earnings Call Transcript,REJECTED_ENTITY_MATCHER,False,,NOT_RELEVANT,Generic match without direct Bharti Airtel relevance
20240425153000-T2150,20240425153000,rashtriyakhabar.com,https://rashtriyakhabar.com/120441/,सुप्रीम कोर्ट में एसआईटी जांच की याचिका,REJECTED_ENTITY_MATCHER,False,,NOT_RELEVANT,Generic match without direct Bharti Airtel relevance
20240425154500-221,20240425154500,thehindubusinessline.com,https://www.thehindubusinessline.com/markets/nifty-to-cut-its-lot-size-to-25-from-friday/article68106357.ece,Nifty to cut its lot size to 25 from Friday - The Hindu BusinessLine,REJECTED_ENTITY_MATCHER,False,,NOT_RELEVANT,Generic match without direct Bharti Airtel relevance
20240425154500-819,20240425154500,thehindubusinessline.com,https://www.thehindubusinessline.com/info-tech/telecom-players-write-to-government-again-to-address-revenue-sharing-model-with-ott-providers/article68106524.ece,Telecom players write to government again to address revenue sharing model with OTT providers,REJECTED_ENTITY_MATCHER,False,,NOT_RELEVANT,Generic match without direct Bharti Airtel relevance
20240425180000-326,20240425180000,nigerianeye.com,https://www.nigerianeye.com/2024/04/mtn-glo-airtel-9mobile-considering.html,"MTN, Glo, Airtel, 9mobile considering increasing prices for data, voice services | Nigerian News, Latest Nigeria In News. Nigeria News. Your online Nigerian Newspaper.",REJECTED_ENTITY_MATCHER,False,,NOT_RELEVANT,Generic match without direct Bharti Airtel relevance
20240425180000-87,20240425180000,thehindubusinessline.com,https://www.thehindubusinessline.com/markets/nse-cuts-nifty-lot-size-to-25-from-friday/article68106357.ece,NSE cuts Nifty lot size to 25 from Friday - The Hindu BusinessLine,REJECTED_ENTITY_MATCHER,False,,NOT_RELEVANT,Generic match without direct Bharti Airtel relevance
20240425180000-1571,20240425180000,moneycontrol.com,https://www.moneycontrol.com/news/business/markets/trade-setup-for-friday-15-things-to-know-before-opening-bell-27-12708458.html,Trade setup for Friday: 15 things to know before opening bell,REJECTED_ENTITY_MATCHER,False,,NOT_RELEVANT,Generic match without direct Bharti Airtel relevance
20240425181500-T2219,20240425181500,navabharat.com,https://navabharat.com/?p=16814,बैंकों की तेजी ने बाजार को दी उड़ान,REJECTED_ENTITY_MATCHER,False,,NOT_RELEVANT,Generic match without direct Bharti Airtel relevance
20240425230000-1472,20240425230000,thecable.ng,https://www.thecable.ng/internet-subscribers-hit-163-8m-in-march-says-ncc/,"Internet subscribers hit 163.8m in March, says NCC",REJECTED_ENTITY_MATCHER,False,,NOT_RELEVANT,Generic match without direct Bharti Airtel relevance
20240425234500-421,20240425234500,techmoran.com,https://techmoran.com/2024/04/26/airtel-kenya-revamps-its-tubonge-allnet-and-tubonge-on-net-plans-in-line-with-revised-mtrs/,Airtel Kenya revamps its Tubonge AllNet and Tubonge On Net plans in line with Revised MTRs,REJECTED_ENTITY_MATCHER,False,,NOT_RELEVANT,Standalone Airtel Africa operational / regional news
20240426000000-790,20240426000000,nigeriacommunicationsweek.com.ng,https://www.nigeriacommunicationsweek.com.ng/airtel-boosts-nipr-public-relations-week-with-onsite-unlimited-data-connection/,Airtel Boosts NIPR Public Relations Week with Onsite Unlimited Data Connection,REJECTED_ENTITY_MATCHER,False,,NOT_RELEVANT,Generic match without direct Bharti Airtel relevance
20240426020000-45,20240426020000,financialexpress.com,https://www.financialexpress.com/business/industry-facing-ott-heat-dth-operators-seek-pricing-freedom-urge-trai-for-telecom-sector-like-forbearance-3468791/,"Facing OTT heat, DTH operators seek pricing freedom; urge Trai for telecom sector-like forbearance",REJECTED_ENTITY_MATCHER,False,,NOT_RELEVANT,Generic match without direct Bharti Airtel relevance
20240426024500-554,20240426024500,indiatimes.com,https://economictimes.indiatimes.com/epaper/delhicapital/2024/apr/26/et-front/18kcr-fpo-marks-start-of-vi-2-0-kumar-birla/articleshow/109603890.cms,₹18kcr FPO Marks Start of Vi 2.0: Kumar Birla,REJECTED_ENTITY_MATCHER,False,,NOT_RELEVANT,Generic match without direct Bharti Airtel relevance
20240426034500-770,20240426034500,viewngr.com,https://viewngr.com/TV-box-and-how-does-it-work-Details-inside-332315.html,"What is Android TV box and how does it work? Details inside!, box android",REJECTED_ENTITY_MATCHER,False,,NOT_RELEVANT,Generic match without direct Bharti Airtel relevance
20240426044500-435,20240426044500,punchng.com,https://punchng.com/forex-mtn-glo-others-seek-ncc-nod-for-tariff-hike/,"Forex: MTN, Glo, others seek NCC nod for tariff hike",REJECTED_ENTITY_MATCHER,False,,NOT_RELEVANT,Generic match without direct Bharti Airtel relevance
20240426054500-1224,20240426054500,indiatimes.com,https://economictimes.indiatimes.com/markets/stocks/stock-watch/stock-market-update-power-stocks-down-as-market-falls/articleshow/109613470.cms,Stock Market Sectors: Stock market update: Power stocks down as market falls,REJECTED_ENTITY_MATCHER,False,,NOT_RELEVANT,Generic match without direct Bharti Airtel relevance
20240426060000-T976,20240426060000,indiatimes.com,https://navbharattimes.indiatimes.com/business/business-news/aditya-birla-groups-m-cap-tops-rs-8-1-lakh-crore-with-record-jump-on-thursday/articleshow/109613072.cms,"रईसी में दमानी, पूनावाला और केपी सिंह से आगे निकले कुमार मंगलम बिड़ला, जानिए कितनी पहुंच गई नेटवर्थ",REJECTED_ENTITY_MATCHER,False,,NOT_RELEVANT,Generic match without direct Bharti Airtel relevance
20240426070000-1181,20240426070000,peoplesdailyng.com,https://www.peoplesdailyng.com/telecom-companies-consider-raising-tariffs-amid-economic-crisis/,Telecom companies consider raising tariffs amid economic crisis,REJECTED_ENTITY_MATCHER,False,,NOT_RELEVANT,Generic match without direct Bharti Airtel relevance
20240426074500-871,20240426074500,openpr.com,https://www.openpr.com/news/3477243/gps-tracking-device-industry-key-market-dynamics-and-trends,GPS Tracking Device Industry - Key Market Dynamics and Trends,REJECTED_ENTITY_MATCHER,False,,NOT_RELEVANT,Generic match without direct Bharti Airtel relevance
20240426084500-T1933,20240426084500,pardaphash.com,https://hindi.pardaphash.com/kumar-mangalam-birla-net-worth-kumar-mangalam-birlas-net-worth-increased-to-2-15-billion-record-rise-seen/,"Kumar Mangalam Birla Net Worth : कुमार मंगलम बिड़ला की नेटवर्थ 2.15 अरब डॉलर हुई , रेकॉर्ड तेजी देखने को मिली",REJECTED_ENTITY_MATCHER,False,,NOT_RELEVANT,Generic match without direct Bharti Airtel relevance
20240426093000-1003,20240426093000,indiatimes.com,https://timesofindia.indiatimes.com/technology/tech-news/dish-tv-has-smart-idea-to-take-on-airtel-jio-and-tata-play/articleshow/109620434.cms,"Dish TV has Smart+ idea to take on Airtel, Jio and Tata Play",REJECTED_ENTITY_MATCHER,False,,NOT_RELEVANT,Generic match without direct Bharti Airtel relevance
20240426100000-392,20240426100000,indiatimes.com,https://economictimes.indiatimes.com/prime/media-and-communications/how-the-success-of-the-inr18000-crore-vi-fpo-changes-indian-telecom-forever/primearticleshow/109621485.cms,"How the success of the INR18,000 crore Vi FPO changes Indian telecom forever",REJECTED_ENTITY_MATCHER,False,,NOT_RELEVANT,Generic match without direct Bharti Airtel relevance
20240426101500-1136,20240426101500,telecomlead.com,https://www.telecomlead.com/5g/will-airtel-feel-the-heat-following-the-revival-of-vodafone-idea-115962,Will Airtel feel the heat following the revival of Vodafone Idea?,REJECTED_ENTITY_MATCHER,False,,NOT_RELEVANT,Generic match without direct Bharti Airtel relevance
20240426110000-799,20240426110000,nigerianobservernews.com,https://nigerianobservernews.com/2024/04/citing-economic-realities-telcos-seek-price-hike/,"Citing economic realities, telcos seek price hike – Nigerian Observer",REJECTED_ENTITY_MATCHER,False,,NOT_RELEVANT,Generic match without direct Bharti Airtel relevance
20240426130000-940,20240426130000,insidermonkey.com,https://www.insidermonkey.com/blog/20-richest-billionaires-in-telecommunications-1291826/,20 Richest Billionaires in Telecommunications,REJECTED_ENTITY_MATCHER,False,,NOT_RELEVANT,Generic match without direct Bharti Airtel relevance
20240426141500-T816,20240426141500,indiatimes.com,https://navbharattimes.indiatimes.com/tech/gadgets-news/airtel-best-data-plan-prepaid-39-rupees-offer-unlimited-internet-cheapest/articleshow/109629555.cms,"Airtel Data Plans and Net Packs prepaid offers: Airtel का सबसे सस्ता प्लान, 39 रुपए में मिल रहा Unlimited Data, इन यूजर्स को मिलेगा फायदा",REJECTED_ENTITY_MATCHER,False,,NOT_RELEVANT,Formulaic consumer recharge plan / OTT bundle comparison table
20240426143000-680,20240426143000,hindustantimes.com,https://www.hindustantimes.com/cities/lucknow-news/mahadev-app-scam-inter-pass-supplied-4k-sims-to-operators-who-defrauded-rs-6-000-crore-101714140564471.html,"Mahadev app scam: Inter pass supplied 4K SIMs to operators who defrauded ₹6,000 crore",REJECTED_ENTITY_MATCHER,False,,NOT_RELEVANT,Generic match without direct Bharti Airtel relevance
20240426173000-913,20240426173000,moneycontrol.com,https://www.moneycontrol.com/news/business/stocks/bulk-deals-atc-telecom-offloads-entire-stake-in-vodafone-idea-12709377.html,Bulk deals: ATC Telecom offloads entire stake in Vodafone Idea,REJECTED_ENTITY_MATCHER,False,,NOT_RELEVANT,Generic match without direct Bharti Airtel relevance
20240426174500-597,20240426174500,indiatimes.com,https://economictimes.indiatimes.com/industry/telecom/telecom-news/atc-telecom-infrastructure-exits-vodafone-idea-sells-entire-stake-for-rs-1840-cr/articleshow/109631966.cms,"Vodafone Idea: ATC Telecom Infrastructure exits Vodafone Idea; sells entire stake for Rs 1,840 cr",REJECTED_ENTITY_MATCHER,False,,NOT_RELEVANT,Generic match without direct Bharti Airtel relevance
20240426190000-2291,20240426190000,latestly.com,https://www.latestly.com/agency-news/latest-news-atc-telecom-infrastructure-exits-vodafone-idea-sells-entire-stake-for-rs-1840-cr-5922855.html,"Latest News | ATC Telecom Infrastructure Exits Vodafone Idea; Sells Entire Stake for Rs 1,840 Cr",REJECTED_ENTITY_MATCHER,False,,NOT_RELEVANT,Generic match without direct Bharti Airtel relevance
20240426200000-702,20240426200000,itnewsafrica.com,https://www.itnewsafrica.com/2024/04/10-global-tech-companies-investing-in-africa/,10 Global Tech Companies Investing in Africa,REJECTED_ENTITY_MATCHER,False,,NOT_RELEVANT,Generic match without direct Bharti Airtel relevance
20240426213000-743,20240426213000,devdiscourse.com,https://www.devdiscourse.com/article/headlines/2919201-atc-telecom-exits-vodafone-idea-sells-stake-for-rs-1840-crore,"ATC Telecom exits Vodafone Idea; sells stake for Rs 1,840 crore",REJECTED_ENTITY_MATCHER,False,,NOT_RELEVANT,Generic match without direct Bharti Airtel relevance
20240427000000-873,20240427000000,sunnewsonline.com,https://sunnewsonline.com/energy-tycoon-femi-otedolas-dynamic-fortune-rebound/,Energy tycoon Femi Otedola's dynamic fortune rebound – The Sun Nigeria,REJECTED_ENTITY_MATCHER,False,,NOT_RELEVANT,Generic match without direct Bharti Airtel relevance
20240427013000-200,20240427013000,indiatimes.com,https://economictimes.indiatimes.com/industry/telecom/telecom-news/consumer-spending-on-mobile-services-soared-in-october-december-driven-world-cup/articleshow/109633685.cms,"Consumer spending on mobile services soared in October-December, driven by World Cup",REJECTED_ENTITY_MATCHER,False,,NOT_RELEVANT,Generic match without direct Bharti Airtel relevance
20240427061500-619,20240427061500,indiatimes.com,https://economictimes.indiatimes.com/markets/stocks/news/sail-irfc-among-46-stocks-with-double-digit-returns-this-week-sparc-82-others-deliver-negative-returns/articleshow/109639998.cms,"SAIL, IRFC among 46 stocks with double digit returns this week. SPARC, 82 others deliver negative returns",REJECTED_ENTITY_MATCHER,False,,NOT_RELEVANT,Generic match without direct Bharti Airtel relevance
20240427063000-28,20240427063000,thehindubusinessline.com,https://www.thehindubusinessline.com/markets/atc-telecom-infrastructure-exits-vodafone-idea-sells-entire-stake-for-1840-crore/article68113138.ece,"ATC Telecom Infrastructure exits Vodafone Idea; sells entire stake for ₹1,840 crore",REJECTED_ENTITY_MATCHER,False,,NOT_RELEVANT,Generic match without direct Bharti Airtel relevance
20240427083000-652,20240427083000,promptnewsonline.com,https://promptnewsonline.com/japada-not-to-naija-are-you-mad-part-2/,"Japada: Not to Naija, Are You Mad? (Part 2)",REJECTED_ENTITY_MATCHER,False,,NOT_RELEVANT,Generic match without direct Bharti Airtel relevance
20240427111500-776,20240427111500,indiatimes.com,https://timesofindia.indiatimes.com/technology/tech-tips/watch-ipl-2024-on-jiocinema-for-free-on-any-tv-heres-how/articleshow/109642811.cms,JioCinema's 'free' IPL offer: How to watch it for free on any TV,REJECTED_ENTITY_MATCHER,False,,NOT_RELEVANT,Generic match without direct Bharti Airtel relevance
20240427141500-454,20240427141500,saharareporters.com,https://saharareporters.com/2024/04/27/lawyer-writes-nigerian-communication-commission-demands-sanctions-airtel-company-over,"Lawyer Writes Nigerian Communication Commission, Demands Sanctions For Airtel Company Over Blast Victims In Lagos",REJECTED_ENTITY_MATCHER,False,,NOT_RELEVANT,Generic match without direct Bharti Airtel relevance
20240427153000-454,20240427153000,indiatimes.com,https://telecom.economictimes.indiatimes.com/news/industry/telecom-diary-vodafone-idea-start-of-a-new-era/109649362,"Telecom Diary: Vodafone Idea: Start of a new era?, Telecom News, ET Telecom",REJECTED_ENTITY_MATCHER,False,,NOT_RELEVANT,Generic match without direct Bharti Airtel relevance
20240427184500-T1426,20240427184500,moneycontrol.com,https://hindi.moneycontrol.com/news/your-money/consumer-news/airtel-launches-international-roaming-plan-that-will-work-in-184-countries-1897576.html,"एयरटेल ने 184 देशों के लिए लॉन्च किया इंटरेनशनल रोमिंग प्लान, पैक में होंगी कई और सुविधाएं",REJECTED_ENTITY_MATCHER,False,,NOT_RELEVANT,Generic match without direct Bharti Airtel relevance
20240428073000-65,20240428073000,dailyexcelsior.com,https://www.dailyexcelsior.com/market-valuation-of-6-most-valued-firms-rises-rs-1-30-lakh-cr-sbi-icici-bank-top-gainers/,"Market valuation of 6 most valued firms rises Rs 1.30 lakh cr; SBI, ICICI Bank top gainers",REJECTED_ENTITY_MATCHER,False,,NOT_RELEVANT,Generic match without direct Bharti Airtel relevance
20240428073000-275,20240428073000,thehindubusinessline.com,https://www.thehindubusinessline.com/markets/market-valuation-of-six-most-valued-firms-rises-130-lakh-crore-sbi-icici-bank-top-gainers/article68117069.ece,"Market valuation of six most valued firms rises ₹1.30 lakh crore; SBI, ICICI Bank top gainers",REJECTED_ENTITY_MATCHER,False,,NOT_RELEVANT,Generic match without direct Bharti Airtel relevance
20240428074500-24,20240428074500,indiatimes.com,https://economictimes.indiatimes.com/markets/stocks/news/mcap-of-6-most-valued-firms-rise-rs-1-30-trillion-sbi-icici-bank-top-gainers/articleshow/109662539.cms,"Mcap of 6 most valued firms rise Rs 1.30 trillion; SBI, ICICI Bank top gainers",REJECTED_ENTITY_MATCHER,False,,NOT_RELEVANT,Generic match without direct Bharti Airtel relevance
20240428080000-643,20240428080000,theweek.in,https://www.theweek.in/news/biz-tech/2024/04/28/mcap-tracker-sbi-icici-bank-gained-top-10-reliance-hdfc-bank-laggards.html,"Mcap tracker: SBI, ICICI Bank gained most in Top 10, Reliance, HDFC Bank major laggards",REJECTED_ENTITY_MATCHER,False,,NOT_RELEVANT,Generic match without direct Bharti Airtel relevance
20240428081500-708,20240428081500,moneycontrol.com,https://www.moneycontrol.com/news/business/market-valuation-of-6-most-valued-firms-rises-rs-1-30-lakh-cr-sbi-icici-bank-top-gainers-12709798.html,"Market valuation of 6 most valued firms rises Rs 1.30 lakh cr; SBI, ICICI Bank top gainers",REJECTED_ENTITY_MATCHER,False,,NOT_RELEVANT,Generic match without direct Bharti Airtel relevance
20240428081500-204,20240428081500,nepalitimes.com,https://nepalitimes.com/news/flip-flop-policies-dishearten-domestic-investors,Flip-flop policies dishearten domestic investors,REJECTED_ENTITY_MATCHER,False,,NOT_RELEVANT,Generic match without direct Bharti Airtel relevance
20240428081500-T1962,20240428081500,moneycontrol.com,https://hindi.moneycontrol.com/news/markets/combined-market-valuation-of-six-of-the-top-10-most-valued-firms-increased-rs-1-30-lakh-crore-last-week-sbi-and-icici-bank-biggest-gainers-1897616.html,"Market Valuation of Top Companies: टॉप 10 कंपनियों में से 6 का m-cap ₹1.30 लाख करोड़ बढ़ा, दो बैंकों को सबसे ज्यादा फायदा",REJECTED_ENTITY_MATCHER,False,,NOT_RELEVANT,Generic match without direct Bharti Airtel relevance
20240428084500-391,20240428084500,livelaw.in,https://www.livelaw.in/supreme-court/supreme-court-latest-judgments-orders-monthly-digest-march-2024-256349,Supreme Court Monthly Digest - March 2024,REJECTED_ENTITY_MATCHER,False,,NOT_RELEVANT,Generic match without direct Bharti Airtel relevance
20240428084500-8,20240428084500,theeagleonline.com.ng,https://theeagleonline.com.ng/another-cable-network-will-replace-dstv-glo-will-face-gang-up-primate-ayodele/,"Another cable network will replace DStv, Glo will face gang-up — Primate Ayodele",REJECTED_ENTITY_MATCHER,False,,NOT_RELEVANT,Generic match without direct Bharti Airtel relevance
20240428090000-T1132,20240428090000,bhaskar.com,https://www.bhaskar.com/business/news/market-capitalization-2024-top-10-list-update-sbi-icici-bank-reliance-airtel-132941629.html,"SBI ICICI Bank; Market Capitalization 2024 Top 10 List Update | Reliance Airtel | टॉप-10 कंपनियों में 6 की वैल्यू ₹1.30 लाख करोड़ बढ़ी: SBI और ICICI बैंक टॉप गेनर, रिलायंस का मार्केट-कैप ₹26,116 करोड़ कम हुआ",REJECTED_ENTITY_MATCHER,False,,NOT_RELEVANT,Generic match without direct Bharti Airtel relevance
20240428090000-T1121,20240428090000,indiatimes.com,https://navbharattimes.indiatimes.com/business/share-market/share-news/market-cap-of-six-most-valued-firms-rise-rs-1-30-trillion-sbi-icici-bank-top-gainers/articleshow/109663636.cms,"1.30 लाख करोड़ बढ़ गया टॉप छह कंपनियों का मार्केट कैप, जानिए किसे हुआ सबसे ज्यादा फायदा",REJECTED_ENTITY_MATCHER,False,,NOT_RELEVANT,Generic match without direct Bharti Airtel relevance
20240428091500-354,20240428091500,tribuneindia.com,https://www.tribuneindia.com/news/business/market-valuation-of-6-most-valued-firms-rises-rs-1-30-lakh-crore-sbi-icici-bank-top-gainers-615639,"Market valuation of 6 most valued firms rises Rs 1.30 lakh crore; SBI, ICICI Bank top gainers",REJECTED_ENTITY_MATCHER,False,,NOT_RELEVANT,Generic match without direct Bharti Airtel relevance
20240428103000-342,20240428103000,orissapost.com,https://www.orissapost.com/market-valuation-of-six-most-valued-firms-rises-rs-1-30-lakh-cr-sbi-icici-bank-top-gainers/,"Market valuation of six most valued firms rises Rs 1.30 lakh cr; SBI, ICICI Bank top gainers",REJECTED_ENTITY_MATCHER,False,,NOT_RELEVANT,Generic match without direct Bharti Airtel relevance
20240428103000-865,20240428103000,livemint.com,https://www.livemint.com/market/stock-market-news/market-capitalisation-of-6-most-valued-firms-surges-to-1-30-lakh-crore-sbi-icici-bank-leads-the-pack-11714285252695.html,"Market capitalisation of 6 most valued firms surges to ₹1.30 lakh crore; SBI, ICICI Bank leads the pack",REJECTED_ENTITY_MATCHER,False,,NOT_RELEVANT,Generic match without direct Bharti Airtel relevance
20240428110000-592,20240428110000,thedailystar.net,https://www.thedailystar.net/tech-startup/news/bangladesh-drops-global-mobile-internet-speed-ranking-3597346,Bangladesh drops in global mobile internet speed ranking,REJECTED_ENTITY_MATCHER,False,,NOT_RELEVANT,Generic match without direct Bharti Airtel relevance
20240428111500-48,20240428111500,indiatimes.com,https://timesofindia.indiatimes.com/technology/tech-news/google-fires-20-more-over-israel-protests-jiocinema-new-rs-29-plan-and-other-top-tech-stories-of-the-week/articleshow/109663451.cms,"Google fires 20 more over Israel protests, JioCinema new Rs 29 plan and other top tech stories of the week",REJECTED_ENTITY_MATCHER,False,,NOT_RELEVANT,Generic match without direct Bharti Airtel relevance
20240428113000-T11,20240428113000,digit.in,https://www.digit.in/ta/news/telecom/airtel-best-data-prepaid-plan-rs-39-unlimited-calling-know-all-details-here.html,Airtel வெறும் 39ரூபாயில் கிடைக்கும் அன்லிமிடெட் டேட்டா,REJECTED_ENTITY_MATCHER,False,,NOT_RELEVANT,Generic match without direct Bharti Airtel relevance
20240428120000-283,20240428120000,hindustantimes.com,https://www.hindustantimes.com/business/market-valuation-of-6-most-valued-firms-in-india-rises-by-rs-1-30-lakh-crore-top-gainers-are-101714292680158.html,Market valuation of 6 most valued firms in India rises by ₹1.30 lakh crore; top gainers are…,REJECTED_ENTITY_MATCHER,False,,NOT_RELEVANT,Generic match without direct Bharti Airtel relevance
20240428124500-35,20240428124500,thestatesman.com,https://www.thestatesman.com/business/market-valuation-of-6-most-valued-companies-spikes-to-rs-1-30-lakh-crore-sbi-icici-lead-1503294988.html,"Market valuation of 6 most-valued companies spikes to Rs 1.30 lakh crore; SBI, ICICI lead",REJECTED_ENTITY_MATCHER,False,,NOT_RELEVANT,Generic match without direct Bharti Airtel relevance
20240428131500-108,20240428131500,yourstory.com,https://her.yourstory.com:443/2020/07/india-mobile-phones-smartphone-market-25-years,25 years of mobile phones: India's journey to becoming world's second-largest smartphone market,REJECTED_ENTITY_MATCHER,False,,NOT_RELEVANT,Generic match without direct Bharti Airtel relevance
20240428131500-609,20240428131500,yourstory.com,https://social.yourstory.com:443/2020/07/india-mobile-phones-smartphone-market-25-years,25 years of mobile phones: India's journey to becoming world's second-largest smartphone market,REJECTED_ENTITY_MATCHER,False,,NOT_RELEVANT,Generic match without direct Bharti Airtel relevance
20240428151500-T950,20240428151500,prahaar.in,https://prahaar.in/airtels-cheapest-3-months-recharge-get-calls-data-and-more/,"Airtelचा ३ महिन्यांचा सगळ्यात स्वस्त रिचार्ज, मिळणार कॉल, डेटा आणि बरंच काही…",REJECTED_ENTITY_MATCHER,False,,NOT_RELEVANT,Generic match without direct Bharti Airtel relevance
20240428153000-955,20240428153000,thedailynewnation.com,https://thedailynewnation.com/bangladesh-drops-in-global-mobile-internet-speed-ranking/,Bangladesh drops in global mobile internet speed ranking,REJECTED_ENTITY_MATCHER,False,,NOT_RELEVANT,Generic match without direct Bharti Airtel relevance
20240428203000-284,20240428203000,chimpreports.com,https://chimpreports.com/mtn-airtel-boost-internet-reception-ahead-of-census/,"MTN, Airtel Boost Internet Reception Ahead Of Census",REJECTED_ENTITY_MATCHER,False,,NOT_RELEVANT,Generic match without direct Bharti Airtel relevance
20240428214500-431,20240428214500,pc-tablet.co.in,https://pc-tablet.co.in/exclusive-interview-with-mr-h-s-bhatia-md-kelwon-electronics-and-appliances-pvt-ltd-manufacturing-partner-daewoo-india/16739/,"Exclusive Interview with Mr. H.S. Bhatia MD Kelwon Electronics and Appliances Pvt Ltd, Manufacturing Partner Daewoo India",REJECTED_ENTITY_MATCHER,False,,NOT_RELEVANT,Generic match without direct Bharti Airtel relevance
20240429004500-500,20240429004500,tribuneindia.com,https://www.tribuneindia.com/news/business/airtel-feted-for-best-voice-experience-615127,Airtel feted for 'best voice experience' : The Tribune India,REJECTED_ENTITY_MATCHER,False,,NOT_RELEVANT,Generic match without direct Bharti Airtel relevance
20240429021500-191,20240429021500,bnnbloomberg.ca,https://www.bnnbloomberg.ca/top-indian-fund-bullish-on-telecom-stocks-amid-tariff-hike-bet-1.2066249,Top Indian Fund Bullish on Telecom Stocks Amid Tariff Hike Bet,REJECTED_ENTITY_MATCHER,False,,NOT_RELEVANT,Generic match without direct Bharti Airtel relevance
20240429023000-T1079,20240429023000,bhaskar.com,https://www.bhaskar.com/business/news/business-news-update-elon-musk-china-visit-share-market-gold-silver-mdh-132944072.html,"Business News Update; Elon Musk china Visit | share market gold silver MDH | भारत यात्रा टालने के बाद इलॉन मस्क चीन पहुंचे: MDH ने मसालों में 'कीटनाशक' के दावों को खारिज किया, महिंद्रा XUV3XO की आज भारत में लॉन्चिंग",REJECTED_ENTITY_MATCHER,False,,NOT_RELEVANT,Generic match without direct Bharti Airtel relevance
20240429034500-26,20240429034500,kachwanya.com,https://www.kachwanya.com/2024/04/29/tecno-camon-30-series-redefines-smartphone-imaging-with-ai/,TECNO CAMON 30 Series -Redefines Smartphone Imaging with AI,REJECTED_ENTITY_MATCHER,False,,NOT_RELEVANT,Generic match without direct Bharti Airtel relevance
20240429043000-231,20240429043000,indiatimes.com,https://timesofindia.indiatimes.com/business/india-business/why-motilal-oswals-cio-is-bullish-on-telecom-stocks/articleshow/109677229.cms,Why Motilal Oswal's CIO is bullish on telecom stocks,REJECTED_ENTITY_MATCHER,False,,NOT_RELEVANT,Generic match without direct Bharti Airtel relevance
20240429044500-121,20240429044500,indiatimes.com,https://economictimes.indiatimes.com/markets/stocks/news/top-indian-fund-bullish-on-telecom-stocks-amid-tariff-hike-bet/articleshow/109677722.cms,Top Indian fund bullish on telecom stocks amid tariff hike bet,REJECTED_ENTITY_MATCHER,False,,NOT_RELEVANT,Generic match without direct Bharti Airtel relevance
20240429050000-520,20240429050000,financialexpress.com,https://www.financialexpress.com/business/brandwagon-is-india-ready-for-a-content-e-commerce-marketplace-or-is-telecom-bundling-the-way-forward-3470989/,Is India ready for a content e-commerce marketplace or is telecom bundling the way forward?,REJECTED_ENTITY_MATCHER,False,,NOT_RELEVANT,Generic match without direct Bharti Airtel relevance
20240429053000-473,20240429053000,indiatimes.com,https://telecom.economictimes.indiatimes.com/news/industry/india-should-define-world-leading-spectrum-roadmap-for-future-telecom-networks-gsma/109676327,"India should define world-leading spectrum roadmap for future telecom networks: GSMA, ET Telecom",REJECTED_ENTITY_MATCHER,False,,NOT_RELEVANT,Generic match without direct Bharti Airtel relevance
20240429053000-510,20240429053000,thehindubusinessline.com,https://www.thehindubusinessline.com/markets/motilal-oswal-bullish-on-telecom-stocks-amid-tariff-hike-expectations/article68119775.ece,Motilal Oswal bullish on telecom stocks amid tariff hike expectations,REJECTED_ENTITY_MATCHER,False,,NOT_RELEVANT,Generic match without direct Bharti Airtel relevance
20240429054500-357,20240429054500,indiatimes.com,https://economictimes.indiatimes.com/markets/stocks/stock-watch/stock-market-update-power-stocks-up-as-market-rises/articleshow/109680196.cms,Stock Market Sectors: Stock market update: Power stocks up as market rises,REJECTED_ENTITY_MATCHER,False,,NOT_RELEVANT,Generic match without direct Bharti Airtel relevance
20240429073000-197,20240429073000,business-standard.com,https://www.business-standard.com/markets/stock-market-news/motilal-oswal-amc-s-cio-bets-on-telecom-stocks-in-tariff-hike-optimism-124042900123_1.html,Motilal Oswal AMC's CIO bets on telecom stocks in tariff hike optimism,REJECTED_ENTITY_MATCHER,False,,NOT_RELEVANT,Generic match without direct Bharti Airtel relevance
20240429074500-343,20240429074500,rediff.com,https://www.rediff.com/news/report/india-votes-2024-which-companies-has-amit-shah-invested-in/20240429.htm,India Votes 2024: Which Companies Has Amit Shah Invested In?,REJECTED_ENTITY_MATCHER,False,,NOT_RELEVANT,Generic match without direct Bharti Airtel relevance
20240429080000-848,20240429080000,dnaindia.com,https://www.dnaindia.com/india/report-groww-mf-to-roll-out-india-s-first-nifty-non-cyclical-consumer-index-fund-3087373,Groww MF to Roll Out India's First Nifty Non-Cyclical Consumer Index Fund,REJECTED_ENTITY_MATCHER,False,,NOT_RELEVANT,Generic match without direct Bharti Airtel relevance
20240429091500-963,20240429091500,moneycontrol.com,https://www.moneycontrol.com/news/business/earnings/icici-bank-becomes-5th-indian-firm-to-cross-rs-8-lakh-crore-mcap-12710580.html,ICICI Bank becomes 5th Indian firm to cross Rs 8 lakh crore mcap,REJECTED_ENTITY_MATCHER,False,,NOT_RELEVANT,Generic match without direct Bharti Airtel relevance
20240429093000-321,20240429093000,moneycontrol.com,https://www.moneycontrol.com/news/business/private-telcos-seek-dot-intervention-in-banning-sale-of-6-ghz-wi-fi-products-12710595.html,Private telcos seek DoT intervention in banning sale of 6 GHz Wi-Fi products,REJECTED_ENTITY_MATCHER,False,,NOT_RELEVANT,Generic match without direct Bharti Airtel relevance
20240429114500-1515,20240429114500,theweek.in,https://www.theweek.in/news/biz-tech/2024/04/29/mcap-of-icici-bank-crosses-rs-8-lakh-crore-becomes-fifth-indian-firm-to-achieve-the-milestone.html,Mcap of ICICI Bank crosses Rs 8 lakh crore; becomes fifth Indian firm to achieve the milestone,REJECTED_ENTITY_MATCHER,False,,NOT_RELEVANT,Generic match without direct Bharti Airtel relevance
20240429124500-1118,20240429124500,firstpost.com,https://www.firstpost.com/business/icici-bank-shares-breach-rs-8-lakh-crore-market-cap-13765041.html,"ICICI Bank becomes second lender, 5th India firm to cross Rs 8 lakh crore in market capitalisation",REJECTED_ENTITY_MATCHER,False,,NOT_RELEVANT,Generic match without direct Bharti Airtel relevance
20240429133000-731,20240429133000,pragativadi.com,https://pragativadi.com/pallavi-chakravarti-raj-kamble-mayuri-nikumbh-appointed-as-jury-chairs-for-abby-awards-2024-powered-by-one-show/,"Pallavi Chakravarti, Raj Kamble & Mayuri Nikumbh Appointed As Jury Chairs For Abby Awards 2024 Powered By One Show",REJECTED_ENTITY_MATCHER,False,,NOT_RELEVANT,Generic match without direct Bharti Airtel relevance
20240429133000-762,20240429133000,indiantelevision.com,"https://indiantelevision.com/mam/media-and-advertising/ad-agencies/pallavi-chakravarti,-raj-kamble-and-mayuri-nikumbh-appointed-as-jury-chairs-for-abby-awards-2024-powered-by-one-show-240429","Pallavi Chakravarti, Raj Kamble and Mayuri Nikumbh appointed as jury chairs for Abby Awards 2024 powered by One Show",REJECTED_ENTITY_MATCHER,False,,NOT_RELEVANT,Generic match without direct Bharti Airtel relevance
20240429134500-1043,20240429134500,afaqs.com,https://www.afaqs.com/news/advertising/pallavi-chakravarti-raj-kamble-and-mayuri-nikumbh-appointed-as-jury-chairs-for-abby-awards-2024,"Pallavi Chakravarti, Raj Kamble and Mayuri Nikumbh appointed as Jury Chairs for Abby Awards 2024 powered by One Show",REJECTED_ENTITY_MATCHER,False,,NOT_RELEVANT,Generic match without direct Bharti Airtel relevance
20240429144500-1783,20240429144500,campaignindia.in,https://www.campaignindia.in:443/article/abby-awards-2024-announces-jury-chairs/495753,Abby Awards 2024 announces jury chairs | Advertising,REJECTED_ENTITY_MATCHER,False,,NOT_RELEVANT,Generic match without direct Bharti Airtel relevance
20240429150000-526,20240429150000,adgully.com,https://www.adgully.com/pallavi-chakravarti-raj-kamble-mayuri-nikumbh-appointed-as-jury-chairs-for-abby-awards-145111.html,"Pallavi Chakravarti, Raj Kamble, Mayuri Nikumbh appointed as Jury Chairs for Abby Awards",REJECTED_ENTITY_MATCHER,False,,NOT_RELEVANT,Generic match without direct Bharti Airtel relevance
20240429150000-160,20240429150000,rashtranews.com,https://www.rashtranews.com/business-news-dot-to-soon-finalize-high-speed-broadband-spectrum-allocation-route/,Business News: DoT to soon finalise high speed broadband spectrum allocation route,REJECTED_ENTITY_MATCHER,False,,NOT_RELEVANT,Generic match without direct Bharti Airtel relevance
20240429151500-1505,20240429151500,dailyexcelsior.com,https://www.dailyexcelsior.com/telecom-industry-seeks-ban-on-sale-of-wifi-6e-routers-in-india/,Telecom industry seeks ban on sale of WiFi 6E routers in India,REJECTED_ENTITY_MATCHER,False,,NOT_RELEVANT,Generic match without direct Bharti Airtel relevance
20240429154500-1409,20240429154500,businesstoday.in,https://www.businesstoday.in/markets/company-stock/story/stock-picks-indian-market-mark-mobius-shares-bullish-on-427384-2024-04-29,Stock picks: Mark Mobius picks 4 Indian shares he is currently bullish on,REJECTED_ENTITY_MATCHER,False,,NOT_RELEVANT,Generic match without direct Bharti Airtel relevance
20240429160000-477,20240429160000,indiatimes.com,https://economictimes.indiatimes.com/industry/telecom/telecom-news/telecom-industry-seeks-ban-on-sale-of-wifi-6e-routers-in-india/articleshow/109701046.cms,WiFi 6E routers: Telecom industry seeks ban on sale of WiFi 6E routers in India,REJECTED_ENTITY_MATCHER,False,,NOT_RELEVANT,Generic match without direct Bharti Airtel relevance
20240429161500-T139,20240429161500,digit.in,https://www.digit.in/ta/news/telecom/bsnl-cinemaplus-now-available-at-rs-49-know-here-benefit-all.html,BSNL இந்த சேவையின் விலை குறைப்பு ஜியோவுக்கே டஃப் கொடுக்கும்,REJECTED_ENTITY_MATCHER,False,,NOT_RELEVANT,Generic match without direct Bharti Airtel relevance
20240429164500-1563,20240429164500,devdiscourse.com,https://www.devdiscourse.com/article/technology/2921661-wifi-6e-router-ban-proposal-in-india-sparks-controversy-in-telecom-sector,WiFi 6E Router Ban Proposal in India Sparks Controversy in Telecom Sector,REJECTED_ENTITY_MATCHER,False,,NOT_RELEVANT,Generic match without direct Bharti Airtel relevance
20240429171500-1148,20240429171500,lse.co.uk,https://www.lse.co.uk/news/london-close-stocks-manage-to-finish-above-the-waterline-qg8761nkvxn05l1.html,London close: Stocks manage to finish above the waterline,REJECTED_ENTITY_MATCHER,False,,NOT_RELEVANT,Generic match without direct Bharti Airtel relevance
20240429174500-T2240,20240429174500,navabharat.com,https://navabharat.com/?p=18085,ब्याज दर में कटौती की उम्मीद में चढ़ा बाजार,REJECTED_ENTITY_MATCHER,False,,NOT_RELEVANT,Generic match without direct Bharti Airtel relevance
20240429180000-1629,20240429180000,finanznachrichten.de,https://www.finanznachrichten.de/nachrichten-2024-04/62086383-major-european-markets-close-on-slightly-negative-note-020.htm,Major European Markets Close On Slightly Negative Note,REJECTED_ENTITY_MATCHER,False,,NOT_RELEVANT,Generic match without direct Bharti Airtel relevance
20240429181500-672,20240429181500,rediff.com,https://www.rediff.com/business/report/payments-banks-bat-for-new-model-pin-hopes-on-lending-licence-amid-stress/20240429.htm,"Payments banks bat for new model, pin hopes on lending licence amid stress",REJECTED_ENTITY_MATCHER,False,,NOT_RELEVANT,Generic match without direct Bharti Airtel relevance
20240429183000-1336,20240429183000,datacenterdynamics.com,https://www.datacenterdynamics.com/en/news/axiata-and-sinar-mas-edge-closer-to-35bn-merger-in-indonesia-report/,Axiata and Sinar Mas edge closer to $3.5bn merger in Indonesia - report,REJECTED_ENTITY_MATCHER,False,,NOT_RELEVANT,Generic match without direct Bharti Airtel relevance
20240429183000-1112,20240429183000,rttnews.com,https://www.rttnews.com/3442707/major-european-markets-close-on-slightly-negative-note.aspx,Major European Markets Close On Slightly Negative Note,REJECTED_ENTITY_MATCHER,False,,NOT_RELEVANT,Generic match without direct Bharti Airtel relevance
20240429184500-T2542,20240429184500,newstracklive.com,https://www.newstracklive.com/news/airtel-xstream-fiber-is-giving-tough-competition-to-jiofiber-know-the-list-of-all-free-ott-plans-sc71-nu371-ta901-1605940-1.html,"जियो फाइबर को कड़ी टक्कर दे रहा है एयरटेल एक्सट्रीम फाइबर, जानिए सभी फ्री ओटीटी प्लान्स की लिस्ट",REJECTED_ENTITY_MATCHER,False,,NOT_RELEVANT,Generic match without direct Bharti Airtel relevance
20240429190000-2081,20240429190000,indiatimes.com,https://economictimes.indiatimes.com/industry/telecom/telecom-news/in-top-gear-telecom-parts-output-crosses-rs-45000-crore-milestone/articleshow/109703492.cms,"Telecom news: In top gear: Telecom parts output crosses Rs 45,000-crore milestone",REJECTED_ENTITY_MATCHER,False,,NOT_RELEVANT,Generic match without direct Bharti Airtel relevance
20240429194500-1873,20240429194500,sharecast.com,https://www.sharecast.com/news/market-report-close/london-close-stocks-manage-to-finish-above-the-waterline--16681505.html,London close: Stocks manage to finish above the waterline,REJECTED_ENTITY_MATCHER,False,,NOT_RELEVANT,Generic match without direct Bharti Airtel relevance
20240429194500-1962,20240429194500,leadership.ng,https://leadership.ng/the-ncc-telcos-and-the-tariff-discourse/,"The NCC, Telcos And The Tariff Discourse",REJECTED_ENTITY_MATCHER,False,,NOT_RELEVANT,Generic match without direct Bharti Airtel relevance
20240429213000-363,20240429213000,rttnews.com,https://www.rttnews.com/story.aspx?Id=3442707,Major European Markets Close On Slightly Negative Note,REJECTED_ENTITY_MATCHER,False,,NOT_RELEVANT,Generic match without direct Bharti Airtel relevance
20240429214500-1906,20240429214500,hl.co.uk,https://www.hl.co.uk/shares/stock-market-news/market-reports/london-close-stocks-manage-to-finish-above-the-waterline,London close: Stocks manage to finish above the waterline,REJECTED_ENTITY_MATCHER,False,,NOT_RELEVANT,Generic match without direct Bharti Airtel relevance
20240429223000-1296,20240429223000,nasdaq.com,https://www.nasdaq.com/articles/major-european-markets-close-on-slightly-negative-note,Major European Markets Close On Slightly Negative Note,REJECTED_ENTITY_MATCHER,False,,NOT_RELEVANT,Generic match without direct Bharti Airtel relevance
20240430011500-499,20240430011500,insidermonkey.com,https://www.insidermonkey.com/blog/30-wealthiest-people-in-india-1293290/,30 Wealthiest People in India - Insider Monkey,REJECTED_ENTITY_MATCHER,False,,NOT_RELEVANT,Generic match without direct Bharti Airtel relevance
20240430014500-1044,20240430014500,moneycontrol.com,https://www.moneycontrol.com/news/technology/general-catalysts-anand-chandrasekaran-quits-to-focus-on-his-ai-startup-crescendo-12711061.html,"General Catalyst's Anand Chandrasekaran quits, to focus on his AI startup Crescendo",REJECTED_ENTITY_MATCHER,False,,NOT_RELEVANT,Generic match without direct Bharti Airtel relevance
20240430041500-T127,20240430041500,livehindustan.com,https://www.livehindustan.com/business/share-market/share-market-live-updates-30-april-sensex-nifty-may-hit-new-all-time-high-201714447529679.html,"Share Market Live Updates 30 April sensex nifty may hit new all time high Share Market Live Updates 30 April: शेयर मार्केट की मजबूत शुरुआत, सेंसेक्स 74800 के लेवल पर खुला",REJECTED_ENTITY_MATCHER,False,,NOT_RELEVANT,Generic match without direct Bharti Airtel relevance
20240430044500-340,20240430044500,indiatimes.com,https://economictimes.indiatimes.com/markets/stocks/news/auto-stocks-drive-sensex-100-points-higher-tracking-global-peers-nifty-above-22650/articleshow/109711439.cms,"sensex news: Positive global cues, auto stocks drive Sensex 250 points higher; Nifty above 22,700",REJECTED_ENTITY_MATCHER,False,,NOT_RELEVANT,Generic match without direct Bharti Airtel relevance
20240430050000-1158,20240430050000,indiatimes.com,https://telecom.economictimes.indiatimes.com/news/industry/in-top-gear-telecom-parts-output-crosses-rs-45000-crore-milestone/109708966,"In top gear: Telecom parts output crosses Rs 45,000-crore milestone, ET Telecom",REJECTED_ENTITY_MATCHER,False,,NOT_RELEVANT,Generic match without direct Bharti Airtel relevance
20240430050000-1135,20240430050000,bestmediainfo.com,https://bestmediainfo.com/mediainfo/television/dish-tv-aims-to-garner-25-market-share-this-financial-year-ceo-manoj-dobhal-4525780,Dish TV aims to garner 25% market share this financial year: CEO Manoj Dobhal,REJECTED_ENTITY_MATCHER,False,,NOT_RELEVANT,Generic match without direct Bharti Airtel relevance
20240430050000-403,20240430050000,indianexpress.com,https://indianexpress.com/article/business/market/stock-market-today-live-updates-sensex-nifty-oil-price-rupee-dollar-9298151/,"Stock Market Today Live Updates: Sensex inches closer to 75,000 mark, Nifty above 22,700",REJECTED_ENTITY_MATCHER,False,,NOT_RELEVANT,Generic match without direct Bharti Airtel relevance
20240430051500-1120,20240430051500,indianexpress.com,https://indianexpress.com/article/business/market/sensex-nifty-bse-nse-dii-fii-asian-stocks-us-indices-9298259/,"Sensex, Nifty trade firm on global rally, fresh foreign fund inflows",REJECTED_ENTITY_MATCHER,False,,NOT_RELEVANT,Generic match without direct Bharti Airtel relevance
20240430054500-336,20240430054500,indiatimes.com,https://economictimes.indiatimes.com/markets/stocks/stock-watch/stock-market-update-mining-stocks-up-as-market-rises/articleshow/109712894.cms,Stock Market Sectors: Stock market update: Mining stocks up as market rises,REJECTED_ENTITY_MATCHER,False,,NOT_RELEVANT,Generic match without direct Bharti Airtel relevance
20240430054500-795,20240430054500,dailyexcelsior.com,https://www.dailyexcelsior.com/markets-trade-firm-on-global-rally-fresh-foreign-fund-inflows/,"Markets trade firm on global rally, fresh foreign fund inflows",REJECTED_ENTITY_MATCHER,False,,NOT_RELEVANT,Generic match without direct Bharti Airtel relevance
20240430054500-997,20240430054500,thehindubusinessline.com,https://www.thehindubusinessline.com/markets/stock-markets/sensex-nifty-opens-marginally-up-jana-small-finance-hits-52-week-high/article68123602.ece,"Sensex, Nifty opens marginally up; Jana Small Finance hits 52-week high",REJECTED_ENTITY_MATCHER,False,,NOT_RELEVANT,Generic match without direct Bharti Airtel relevance
20240430060000-811,20240430060000,thehindubusinessline.com,https://www.thehindubusinessline.com/markets/stocks-that-will-see-action-today-april-30-2024/article68123496.ece,"Stocks that will see action today: April 30, 2024 - The Hindu BusinessLine",REJECTED_ENTITY_MATCHER,False,,NOT_RELEVANT,Generic match without direct Bharti Airtel relevance
20240430060000-956,20240430060000,thehindu.com,https://www.thehindu.com/business/markets/markets-trade-firm-on-global-rally-fresh-foreign-fund-inflows/article68123643.ece,"Stock market today: Markets trade firm on global rally, fresh foreign fund inflows",REJECTED_ENTITY_MATCHER,False,,NOT_RELEVANT,Generic match without direct Bharti Airtel relevance
20240430060000-947,20240430060000,thehindubusinessline.com,https://www.thehindubusinessline.com/portfolio/technical-analysis/nifty-prediction-today-30-april-2024/article68123662.ece,"Nifty prediction today – April 30, 2024: Rally can extend, buy Nifty futures",REJECTED_ENTITY_MATCHER,False,,NOT_RELEVANT,Generic match without direct Bharti Airtel relevance
20240430061500-1043,20240430061500,telegraphindia.com,https://www.telegraphindia.com/feeds/business/sensex-climbs-152-points-to-74823-in-early-trade-nifty-up-52-points-to-22696/cid/2016712,"Stock market | Sensex climbs 152 points to 74,823 in early trade; Nifty up 52 points to 22,696",REJECTED_ENTITY_MATCHER,False,,NOT_RELEVANT,Generic match without direct Bharti Airtel relevance
20240430061500-1064,20240430061500,telegraphindia.com,https://www.telegraphindia.com/business/sensex-climbs-152-points-to-74823-in-early-trade-nifty-up-52-points-to-22696/cid/2016712,"Stock market | Sensex climbs 152 points to 74,823 in early trade; Nifty up 52 points to 22,696",REJECTED_ENTITY_MATCHER,False,,NOT_RELEVANT,Generic match without direct Bharti Airtel relevance
20240430061500-T69,20240430061500,digit.in,https://www.digit.in/kn/news/telecom/airtel-data-plan-is-offering-over-20-ott-app-for-free-at-rs-148-recharge-plan.html,Airtel Data Plan: ಕೇವಲ 148 ರೂಗಳಿಗೆ 20ಕ್ಕೂ ಅಧಿಕ OTT ಅಪ್ಲಿಕೇಶನ್ ನೀಡುವ ಬೆಸ್ಟ್ ಯೋಜನೆ!,REJECTED_ENTITY_MATCHER,False,,NOT_RELEVANT,Formulaic consumer recharge plan / OTT bundle comparison table
20240430063000-837,20240430063000,theweek.in,https://www.theweek.in/wire-updates/business/2024/04/30/del5-biz-stocks-open.html,Markets trade firm on global rally fresh foreign fund inflows,REJECTED_ENTITY_MATCHER,False,,NOT_RELEVANT,Generic match without direct Bharti Airtel relevance
20240430063000-794,20240430063000,theweek.in,https://www.theweek.in/news/biz-tech/2024/04/30/sensex-nifty-trade-firm-on-global-rally-fresh-foreign-fund-inflows.html,"Sensex, Nifty trade firm on global rally, fresh foreign fund inflows",REJECTED_ENTITY_MATCHER,False,,NOT_RELEVANT,Generic match without direct Bharti Airtel relevance
20240430063000-852,20240430063000,politicosl.com,https://politicosl.com/cache/normal/politicosl.com/articles/orange-bids-buy-airtel_.html,Orange bids to buy Airtel | Politico SL,REJECTED_ENTITY_MATCHER,False,,NOT_RELEVANT,Generic match without direct Bharti Airtel relevance
20240430064500-5,20240430064500,telegraphindia.com,https://www.telegraphindia.com/feeds/business/cellular-operators-association-renews-campaign-for-revenue-sharing-with-ott-platforms/cid/2016720,telecom sector | Cellular operators' association renews campaign for revenue sharing with OTT platforms,REJECTED_ENTITY_MATCHER,False,,NOT_RELEVANT,Generic match without direct Bharti Airtel relevance
20240430074500-1682,20240430074500,tribuneindia.com,https://www.tribuneindia.com/news/business/markets-trade-firm-on-global-rally-fresh-foreign-fund-inflows-616339,"Markets trade firm on global rally, fresh foreign fund inflows",REJECTED_ENTITY_MATCHER,False,,NOT_RELEVANT,Generic match without direct Bharti Airtel relevance
20240430080000-T208,20240430080000,indiatimes.com,https://navbharattimes.indiatimes.com/tech/gadgets-news/bsnl-installing-free-wifi-fiber-internet-new-connection-airtel-jio-vodafone-idea/articleshow/109716753.cms,"Free WiFi Mobile Internet in India BSNL Installation: घरों में फ्री WiFi लगा रही सरकारी कंपनी, ऑनलाइन करें अप्लाई, Airtel, Jio और Voda की चिंता बढ़ी!",REJECTED_ENTITY_MATCHER,False,,NOT_RELEVANT,Generic match without direct Bharti Airtel relevance
20240430091500-573,20240430091500,india.com,https://zeenews.india.com/india/groww-mf-to-roll-out-indias-first-nifty-non-cyclical-consumer-index-fund-2745271.html,Groww MF to Roll Out India's First Nifty Non-Cyclical Consumer Index Fund | India News,REJECTED_ENTITY_MATCHER,False,,NOT_RELEVANT,Generic match without direct Bharti Airtel relevance
20240430094500-973,20240430094500,india.com,https://www.india.com/business/share-market-news-rathi-steel-shares-in-focus-as-company-commences-work-on-cost-optimisation-project-6894747/,Share Market News: Rathi Steel Shares in Focus as Company Commences Work on Cost Optimisation Project,REJECTED_ENTITY_MATCHER,False,,NOT_RELEVANT,Generic match without direct Bharti Airtel relevance
20240430094500-238,20240430094500,telegraphindia.com,https://www.telegraphindia.com/business/cellular-operators-association-renews-campaign-for-revenue-sharing-with-ott-platforms/cid/2016720,telecom sector | Cellular operators' association renews campaign for revenue sharing with OTT platforms,REJECTED_ENTITY_MATCHER,False,,NOT_RELEVANT,Generic match without direct Bharti Airtel relevance
20240430104500-T2538,20240430104500,digit.in,https://www.digit.in/bn/features/telecom/is-bsnl-bharat-airfiber-a-good-alternative-to-jio-and-airtel-5g-fiber-speed.html,BSNL Bharat AirFiber কি প্রাইভেট টেলিকমের চেয়ে ভালো! জেনে নিন স্পিড এবং পরিষেবা কী দিচ্ছে,REJECTED_ENTITY_MATCHER,False,,NOT_RELEVANT,Generic match without direct Bharti Airtel relevance
20240430104500-T1002,20240430104500,digit.in,https://www.digit.in/hi/news/telecom/airtels-superhit-plan-check-benefits-of-best-airtel-data-pack.html,"Airtel के इस सुपरहिट प्लान को नहीं खरीदा तो क्या खरीदा, देखें बेनेफिट",REJECTED_ENTITY_MATCHER,False,,NOT_RELEVANT,Generic match without direct Bharti Airtel relevance
20240430110000-635,20240430110000,indiatimes.com,https://timesofindia.indiatimes.com/technology/tech-news/government-wants-to-ban-sale-of-these-routers-in-india-heres-why/articleshow/109724615.cms,"COAI urges government to ban sale of Wi-Fi 6E routers, here's why",REJECTED_ENTITY_MATCHER,False,,NOT_RELEVANT,Generic match without direct Bharti Airtel relevance
20240430123000-609,20240430123000,graphic.com.gh,https://www.graphic.com.gh/news/general-news/jobs-youth-empowerment-my-focus.html,"Jobs, youth empowerment my focus - Bawumia pledges as he kick-starts Election 2024 campaign",REJECTED_ENTITY_MATCHER,False,,NOT_RELEVANT,Generic match without direct Bharti Airtel relevance
20240430130000-642,20240430130000,monitor.co.ug,https://www.monitor.co.ug/uganda/news/national/mobile-money-agents-question-central-bank-rule-on-id-4608098,Mobile money agents question Central Bank rule on ID,REJECTED_ENTITY_MATCHER,False,,NOT_RELEVANT,Generic match without direct Bharti Airtel relevance
20240430143000-1045,20240430143000,tribuneonlineng.com,https://tribuneonlineng.com/ncc-telcos-and-the-tariff-discourse/,"NCC, Telcos and the Tariff Discourse",REJECTED_ENTITY_MATCHER,False,,NOT_RELEVANT,Generic match without direct Bharti Airtel relevance
20240430154500-71,20240430154500,livemint.com,https://www.livemint.com/technology/tech-news/airtels-rs-1-499-plan-offers-free-netflix-and-unlimited-5g-data-for-84-days-check-full-details-11714485027663.html,"Airtel's ₹1,499 plan offers free Netflix and unlimited 5G data for 84 days: Check full details",REJECTED_ENTITY_MATCHER,False,,NOT_RELEVANT,Formulaic consumer recharge plan / OTT bundle comparison table
20240430173000-T1728,20240430173000,livehindustan.com,https://www.livehindustan.com/gadgets/airtel-introduced-new-plan-with-free-netflix-and-unlimited-5g-data-for-84-days-price-1499-rupees-201714491805719.html,"Airtel introduced new plan with free Netflix and unlimited 5G data for 84 days price 1499 rupees Airtel ग्राहकों के लिए खुशखबरी: इस प्लान के साथ अब FREE मिल रहा Netflix, अनलिमिटेड 5G डेटा और कॉल्स",REJECTED_ENTITY_MATCHER,False,,NOT_RELEVANT,Formulaic consumer recharge plan / OTT bundle comparison table
20240430174500-220,20240430174500,yourstory.com,https://social.yourstory.com:443/2020/07/siblings-bootstrapped-gifting-startup-messy-corner,"Starting up from a Messy Corner, these siblings built a Rs 6 Cr personalised gifting startup",REJECTED_ENTITY_MATCHER,False,,NOT_RELEVANT,Generic match without direct Bharti Airtel relevance
20240430174500-737,20240430174500,yourstory.com,https://social.yourstory.com:443/2020/03/bharti-enterprises-pledges-rs-100-crore-coronavirus,Bharti Enterprises pledges over Rs 100 Cr to support India's fight against coronavirus,REJECTED_ENTITY_MATCHER,False,,NOT_RELEVANT,Generic match without direct Bharti Airtel relevance
20240430174500-804,20240430174500,indiatimes.com,https://economictimes.indiatimes.com/markets/stocks/earnings/indus-towers-q4-results-net-profit-grows-19-qoq-to-rs-1853-crore/articleshow/109736530.cms,"Indus Towers Q4 Results: Net profit grows 19% QoQ to Rs 1,853 crore",REJECTED_ENTITY_MATCHER,False,,NOT_RELEVANT,Standalone Indus Towers operational news
20240430180000-2460,20240430180000,rcrwireless.com,https://www.rcrwireless.com/20240430/5g/indian-state-telco-bsnl-reaches-800000-4g-subscribers-report,"Indian state telco BSNL reaches 800,000 4G subscribers: Report",REJECTED_ENTITY_MATCHER,False,,NOT_RELEVANT,Generic match without direct Bharti Airtel relevance
20240430180000-2774,20240430180000,yourstory.com,https://her.yourstory.com:443/2020/03/bharti-enterprises-pledges-rs-100-crore-coronavirus,Bharti Enterprises pledges over Rs 100 Cr to support India's fight against coronavirus,REJECTED_ENTITY_MATCHER,False,,NOT_RELEVANT,Generic match without direct Bharti Airtel relevance
20240430183000-1805,20240430183000,rashtranews.com,https://www.rashtranews.com/what-is-wi-fi-calling-how-to-enable-it-on-iphones-android-smartphones-tech-news/,"What is Wi-Fi Calling? How to Enable it on iPhones, Android Smartphones : Tech News",REJECTED_ENTITY_MATCHER,False,,NOT_RELEVANT,Generic match without direct Bharti Airtel relevance
20240430190000-1888,20240430190000,indiatimes.com,https://economictimes.indiatimes.com/industry/telecom/telecom-news/ec-urges-telecom-operators-to-boost-voter-turnout-with-sms-campaigns/articleshow/109737516.cms,Lok Sabha polls: EC urges telecom operators to boost voter turnout with SMS campaigns,REJECTED_ENTITY_MATCHER,False,,NOT_RELEVANT,Generic match without direct Bharti Airtel relevance
20240430191500-157,20240430191500,indiatimes.com,https://telecom.economictimes.indiatimes.com/news/industry/indus-towers-q4fy24-net-profit-at-rs-1853-crore/109736012,"Indus Towers Q4FY24 net profit at Rs 1,853 crore, Telecom News, ET Telecom",REJECTED_ENTITY_MATCHER,False,,NOT_RELEVANT,Standalone Indus Towers operational news
20240430193000-1519,20240430193000,menafn.com,https://menafn.com/1108157977/PLI-Drives-Telecom-Equipment-Production-To-Rs-45000-Crore,"PLI Drives Telecom Equipment Production To Rs 45,000 Crore",REJECTED_ENTITY_MATCHER,False,,NOT_RELEVANT,Generic match without direct Bharti Airtel relevance
20240430200000-978,20240430200000,menafn.com,https://menafn.com/1108158739/Indus-Towers-Profit-Up-32-In-Q4FY24,Indus Towers Profit Up 32% In Q4FY24,REJECTED_ENTITY_MATCHER,False,,NOT_RELEVANT,Standalone Indus Towers operational news
20240430201500-1344,20240430201500,indiatimes.com,https://economictimes.indiatimes.com/news/elections/lok-sabha/india/ec-urges-telecom-operators-to-boost-voter-turnout-with-sms-campaigns/articleshow/109737572.cms,Lok Sabha polls: EC urges telecom operators to boost voter turnout with SMS campaigns,REJECTED_ENTITY_MATCHER,False,,NOT_RELEVANT,Generic match without direct Bharti Airtel relevance
20240430210000-1502,20240430210000,thecable.ng,https://www.thecable.ng/adenuga-a-story-of-the-blind-men-and-the-elephant/,Adenuga: A story of the blind men and the elephant,REJECTED_ENTITY_MATCHER,False,,NOT_RELEVANT,Generic match without direct Bharti Airtel relevance
20240401044500-735,20240401044500,telecomlead.com,https://www.telecomlead.com/5g/user-interest-towards-5g-service-from-jio-and-airtel-decline-ookla-115583,User Interest Towards 5G service from Jio and Airtel Decline: Ookla,ACCEPTED,True,2024-04-01,DIRECTLY_RELEVANT,Airtel telecom / 5G / corporate event
20240401050000-750,20240401050000,indiatimes.com,https://telecom.economictimes.indiatimes.com/news/industry/jio-airtels-large-scale-deployments-propel-india-to-top-15-countries-with-fastest-5g-download-speeds-ookla/108929221,"Jio, Airtel's large-scale deployments propel India to top 15 countries with fastest 5G download speeds: Ookla, ET Telecom",ACCEPTED,True,2024-04-01,DIRECTLY_RELEVANT,Airtel telecom / 5G / corporate event
20240401121500-352,20240401121500,adgully.com,https://www.adgully.com/equinox-films-unveils-dynamic-advertisement-for-airtel-s-xstream-fiber-143880.html,Equinox Films unveils dynamic advertisement for Airtel's 'Xstream Fiber',ACCEPTED,True,2024-04-02,DIRECTLY_RELEVANT,Airtel telecom / 5G / corporate event
20240401153000-1560,20240401153000,indiatimes.com,https://economictimes.indiatimes.com/industry/telecom/telecom-news/jio-added-more-4g-5g-users-vs-airtel-in-january-trai/articleshow/108950746.cms,"Jio 5G: Jio added more 4G, 5G users vs Airtel in January: Trai",ACCEPTED,True,2024-04-02,DIRECTLY_RELEVANT,Airtel telecom / 5G / corporate event
20240401170000-1309,20240401170000,aninews.in,https://aninews.in/news/business/jio-added-42-million-wireless-users-airtel-75-lakh-in-january-trai-data20240401221256/,"Jio added 4.2 million wireless users, Airtel 7.5 lakh in January: TRAI data",ACCEPTED,True,2024-04-02,DIRECTLY_RELEVANT,Airtel telecom / 5G / corporate event
20240401183000-119,20240401183000,indiatimes.com,https://economictimes.indiatimes.com/industry/telecom/telecom-news/jio-5g-user-base-crosses-100-mn-airtel-at-75-mn/articleshow/108953315.cms,"Jio 5G: Jio 5G user base crosses 100 mn, Airtel at 75 mn",ACCEPTED,True,2024-04-02,DIRECTLY_RELEVANT,Airtel telecom / 5G / corporate event
20240401183000-473,20240401183000,indiatimes.com,https://telecom.economictimes.indiatimes.com/news/industry/jio-added-more-4g-5g-users-vs-airtel-in-jan-trai/108950705,"Jio added more 4G, 5G users vs Airtel in Jan: Trai, Telecom News, ET Telecom",ACCEPTED,True,2024-04-02,DIRECTLY_RELEVANT,Airtel telecom / 5G / corporate event
20240401191500-935,20240401191500,webindia123.com,https://news.webindia123.com/news/Articles/Business/20240401/4183674.html,"Jio added 4.2 million wireless users, Airtel 7.5 lakh in January: TRAI data",ACCEPTED,True,2024-04-02,DIRECTLY_RELEVANT,Airtel telecom / 5G / corporate event
20240402043000-T2099,20240402043000,indiatimes.com,https://navbharattimes.indiatimes.com/tech/gadgets-news/jio-added-more-active-users-compare-to-airtel-says-trai-report/articleshow/108958947.cms,"Airtel ने पलट दी Jio की बाजी, Vi की हालात बेहद खराब : TRAI रिपोर्ट",ACCEPTED,True,2024-04-02,DIRECTLY_RELEVANT,Airtel telecom / 5G / corporate event
20240402081500-1077,20240402081500,livemint.com,https://www.livemint.com/market/stocks-to-buy-in-april-coal-india-icici-bank-sbi-bharti-airtel-are-among-top-15-picks-by-axis-securities-11712028401942.html,"Stocks to buy in April: Coal India, ICICI Bank, SBI , Bharti Airtel are among top 15 picks by Axis Securities",ACCEPTED,True,2024-04-02,DIRECTLY_RELEVANT,Explicit Bharti Airtel corporate / financial news
20240402081500-590,20240402081500,financialexpress.com,https://www.financialexpress.com/market/bharti-airtels-arm-bharti-hexacom-ipo-to-open-on-april-03-key-things-to-know-before-opening-3443795/,Bharti Airtel's arm Bharti Hexacom IPO to open on April 03; Key things to know before opening - Market News,ACCEPTED,True,2024-04-02,DIRECTLY_RELEVANT,Bharti Hexacom IPO / landmark listing involving promoter Bharti Airtel
20240402084500-360,20240402084500,businesstoday.in,https://www.businesstoday.in/technology/news/story/reliance-jio-adds-over-41-lakh-new-mobile-users-in-january-airtel-adds-over-7-lakh-subscribers-trai-423877-2024-04-02,"Reliance Jio adds over 41 lakh new mobile users in January, Airtel adds over 7 lakh subscribers: TRAI",ACCEPTED,True,2024-04-02,DIRECTLY_RELEVANT,Airtel telecom / 5G / corporate event
20240402134500-T2477,20240402134500,bhaskar.com,https://www.bhaskar.com/tech-auto/news/phone-calls-fraud-dot-ussd-call-forwarding-service-suspension-132812929.html,"Phone Calls Fraud; DoT USSD Call Forwarding Service Suspension (Airtel Jio | 15 अप्रैल से बंद हो जाएगी USSD कॉल फॉरवर्डिंग सर्विस: *401# डायल करके नहीं होगा कॉल फॉरवर्ड, फ्रॉड रोकने के लिए सरकार का फैसला",ACCEPTED,True,2024-04-03,DIRECTLY_RELEVANT,Airtel telecom / 5G / corporate event
20240402193000-418,20240402193000,livemint.com,https://www.livemint.com/market/ipo/bharti-hexacom-ipo-bharti-airtels-subsidiary-company-raises-1-924-crore-from-anchor-investors-ahead-of-ipo-11712080080578.html,"Bharti Hexacom IPO: Bharti Airtel's subsidiary company raises ₹1,924 crore from anchor investors ahead of IPO",ACCEPTED,True,2024-04-03,DIRECTLY_RELEVANT,Bharti Hexacom IPO / landmark listing involving promoter Bharti Airtel
20240403050000-1461,20240403050000,freepressjournal.in,https://www.freepressjournal.in/business/airtel-shares-slide-by-1192-points-as-markets-start-in-red-reflecting-global-trend,"Airtel Shares Slide By 1192 Points As Markets Start In Red, Reflecting Global Trend",ACCEPTED,True,2024-04-03,DIRECTLY_RELEVANT,Airtel telecom / 5G / corporate event
20240403113000-89,20240403113000,indiatimes.com,https://economictimes.indiatimes.com/news/how-to/spam-calls-and-messages-how-to-activate-dnd-on-jio-airtel-and-vodafone/articleshow/109004699.cms,"Spam calls and messages: How to activate DND on Reliance Jio, Bharti Airtel, and Vodafone",ACCEPTED,True,2024-04-04,DIRECTLY_RELEVANT,Explicit Bharti Airtel corporate / financial news
20240403181500-694,20240403181500,thenorthlines.com,https://thenorthlines.com/airtel-is-the-most-awarded-5g-network-of-jammu-kashmir-open-signal/,Airtel is the most awarded 5G network of Jammu & Kashmir: Open Signal,ACCEPTED,True,2024-04-04,DIRECTLY_RELEVANT,Airtel telecom / 5G / corporate event
20240403191500-687,20240403191500,indiatimes.com,https://economictimes.indiatimes.com/industry/telecom/telecom-policy/bharti-airtel-rejects-jio-view-on-commercial-usage-of-allocated-satcom-spectrum/articleshow/109014230.cms,satcom: Bharti Airtel rejects Jio view on commercial usage of allocated satcom spectrum,ACCEPTED,True,2024-04-04,DIRECTLY_RELEVANT,Explicit Bharti Airtel corporate / financial news
20240404033000-311,20240404033000,indiatimes.com,https://telecom.economictimes.indiatimes.com/news/portal-in-portal/satcom/bharti-airtel-rejects-jio-view-on-commercial-usage-of-allocated-satcom-spectrum/109019533,"Reliance Jio: Bharti Airtel rejects Jio view on commercial usage of allocated satcom spectrum, ET Telecom",ACCEPTED,True,2024-04-04,DIRECTLY_RELEVANT,Explicit Bharti Airtel corporate / financial news
20240404040000-316,20240404040000,udaipurkiran.com,https://udaipurkiran.com/bharti-airtel-rises-on-expanding-network-footprint-in-vadodara/,Bharti Airtel rises on expanding network footprint in Vadodara,ACCEPTED,True,2024-04-04,DIRECTLY_RELEVANT,Explicit Bharti Airtel corporate / financial news
20240404054500-424,20240404054500,indianexpress.com,https://indianexpress.com/article/business/sponsored-business/entertainment-extravaganza-airtel-xstream-fiber-brings-a-world-of-entertainment-right-to-your-fingertips-9250478/,Entertainment Extravaganza: Airtel Xstream Fiber Brings a World of Entertainment Right to Your Fingertips!,ACCEPTED,True,2024-04-04,DIRECTLY_RELEVANT,Airtel telecom / 5G / corporate event
20240408114500-939,20240408114500,indiatimes.com,https://economictimes.indiatimes.com/industry/telecom/telecom-news/bharti-airtel-adds-more-active-users-than-reliance-jio-in-february-trai/articleshow/109134267.cms,Bharti Airtel adds more active users than Reliance Jio in February: TRAI,ACCEPTED,True,2024-04-09,DIRECTLY_RELEVANT,Explicit Bharti Airtel corporate / financial news
20240408114500-1258,20240408114500,indiatimes.com,https://telecom.economictimes.indiatimes.com/news/policy/number-of-telecom-subscribers-grows-marginally-to-119-7-cr-in-feb-trai/109133685,"Bharti Airtel adds 1.51 million active mobile users in February: TRAI, ET Telecom",ACCEPTED,True,2024-04-09,DIRECTLY_RELEVANT,Explicit Bharti Airtel corporate / financial news
20240408134500-T2764,20240408134500,indiatimes.com,https://navbharattimes.indiatimes.com/business/business-news/jio-tops-airtel-at-second-position-how-many-telecom-customers-are-there-know-about-market-share/articleshow/109137740.cms,"Jio tops Airtel at second position how many telecom customers are there know about market share?: जियो टॉप पर तो एयरटेल का दूसरा स्‍थान, कितने हो गए टेलीकॉम कस्‍टमर, किसका कितना शेयर?",ACCEPTED,True,2024-04-09,DIRECTLY_RELEVANT,Airtel telecom / 5G / corporate event
20240408183000-349,20240408183000,indiatimes.com,https://economictimes.indiatimes.com/industry/telecom/telecom-news/broadband-business-seen-bolstering-q4-revenues-for-airtel-and-reliance-jio/articleshow/109142852.cms,Broadband business seen bolstering Q4 revenues for Airtel and Reliance Jio,ACCEPTED,True,2024-04-09,DIRECTLY_RELEVANT,Airtel telecom / 5G / corporate event
20240408200000-T2177,20240408200000,digit.in,https://www.digit.in/ml/news/telecom/good-news-airtel-kerala-users-get-speed-network-know-how.html,Good News! Airtel കേരള വരിക്കാർക്ക് ഇനി ബെസ്റ്റ് Network കിട്ടും!,ACCEPTED,True,2024-04-09,DIRECTLY_RELEVANT,Airtel telecom / 5G / corporate event
20240409061500-959,20240409061500,indiatimes.com,https://telecom.economictimes.indiatimes.com/news/industry/broadband-business-seen-bolstering-q4-revenues-for-airtel-and-reliance-jio/109148639,"Reliance Jio Q4: Broadband business seen bolstering Q4 revenues for Airtel and Reliance Jio, ET Telecom",ACCEPTED,True,2024-04-09,DIRECTLY_RELEVANT,Airtel telecom / 5G / corporate event
20240410034500-497,20240410034500,businesstoday.in,https://www.businesstoday.in/technology/news/story/intel-unveils-new-ai-chip-gaudi-3-to-compete-with-nvidia-partners-with-infosys-bharti-airtel-ola-in-india-424955-2024-04-10,"Intel unveils new AI chip Gaudi 3 to compete with Nvidia, partners with Infosys, Bharti Airtel, Ola in India",ACCEPTED,True,2024-04-10,DIRECTLY_RELEVANT,Explicit Bharti Airtel corporate / financial news
20240410054500-907,20240410054500,indiatimes.com,https://economictimes.indiatimes.com/markets/stocks/news/hot-stocks-brokerage-view-on-vedanta-bharti-airtel-kolte-patil-and-godrej-properties/articleshow/109181651.cms,"Hot Stocks: Brokerage view on Vedanta, Bharti Airtel, Kolte Patil and Godrej Properties",ACCEPTED,True,2024-04-10,DIRECTLY_RELEVANT,Explicit Bharti Airtel corporate / financial news
20240410061500-100,20240410061500,indiatimes.com,https://telecom.economictimes.indiatimes.com/news/industry/bharti-airtel-to-leverage-latest-intel-ai-tech-to-enhance-customer-experience/109178903,"Bharti Airtel to leverage latest Intel AI tech to enhance customer experience, ET Telecom",ACCEPTED,True,2024-04-10,DIRECTLY_RELEVANT,Explicit Bharti Airtel corporate / financial news
20240410080000-1040,20240410080000,moneycontrol.com,https://www.moneycontrol.com/news/business/airtel-to-lead-telecom-tariff-hike-of-15-17-post-lok-sabha-elections-analysts-12613121.html,Airtel to lead telecom tariff hike of 15%-17% post Lok Sabha elections: Analysts,ACCEPTED,True,2024-04-10,DIRECTLY_RELEVANT,Airtel telecom / 5G / corporate event
20240410130000-1661,20240410130000,livemint.com,https://www.livemint.com/market/stock-market-news/q4-earnings-preview-from-tata-steel-to-airtel-bpcl-techm-5-firms-are-likely-to-post-over-15-decline-in-net-profit-11712741138034.html,"Q4 Earnings Preview: From Tata Steel to Airtel, these 5 companies are likely to post over 15% decline in net profit",ACCEPTED,True,2024-04-12,DIRECTLY_RELEVANT,Airtel telecom / 5G / corporate event
20240410130000-T1485,20240410130000,andhrajyothy.com,https://www.andhrajyothy.com/2024/business/shocking-news-for-airtel-users-after-lok-sabha-elections-tariff-plan-rates-increase-sri-1237885.html,Airtel: ఎయిర్‌టెల్ యూజర్లకు షాకింగ్ న్యూస్.. ఎన్నికల తర్వాత.. | Shocking news for Airtel users after lok sabha elections tariff plan rates increase sri,ACCEPTED,True,2024-04-12,DIRECTLY_RELEVANT,Airtel telecom / 5G / corporate event
20240411013000-728,20240411013000,financialexpress.com,https://www.financialexpress.com/business/industry-airtel-to-see-38-growth-in-arpu-over-next-three-years-3452965/,Airtel to see 38% growth in Arpu over next three years,ACCEPTED,True,2024-04-12,DIRECTLY_RELEVANT,Airtel telecom / 5G / corporate event
20240411081500-330,20240411081500,livemint.com,https://www.livemint.com/market/stock-market-news/bharti-airtel-set-to-ride-its-best-financial-performance-phase-in-over-a-decade-says-antique-sees-over-22-upside-11712811610815.html,"Bharti Airtel set to ride its best financial performance phase in over a decade, says Antique; sees over 22% upside",ACCEPTED,True,2024-04-12,DIRECTLY_RELEVANT,Explicit Bharti Airtel corporate / financial news
20240411113000-404,20240411113000,theweek.in,https://www.theweek.in/news/biz-tech/2024/04/11/will-telecom-tariffs-increase-lok-sabha-elections-airtel-will-benefit-most.html,Will telecom tariffs increase after Lok Sabha elections? Analyst says Airtel will benefit most,ACCEPTED,True,2024-04-12,DIRECTLY_RELEVANT,Airtel telecom / 5G / corporate event
20240411150000-1828,20240411150000,techcabal.com,https://techcabal.com/2024/04/11/airtel-buys-back-8-6m-shares-from-citigroup/,Airtel implements share buyback from Citigroup to reduce expenses,ACCEPTED,True,2024-04-12,DIRECTLY_RELEVANT,Airtel telecom / 5G / corporate event
20240412060000-228,20240412060000,moneycontrol.com,https://www.moneycontrol.com/news/business/earnings/bharti-airtel-q4-pat-may-dip-26-8-yoy-to-rs-2201-cr-prabhudas-lilladher-12625501.html,"Bharti Airtel Q4 PAT may dip 26.8% YoY to Rs. 2,201 cr: Prabhudas Lilladher",ACCEPTED,True,2024-04-12,DIRECTLY_RELEVANT,Explicit Bharti Airtel corporate / financial news
20240412090000-653,20240412090000,indiatimes.com,https://timesofindia.indiatimes.com/technology/tech-news/airtel-may-increase-mobile-tariff-by-15-17-post-lok-sabha-election-report/articleshow/109241547.cms,Airtel may increase mobile tariff by 15-17% post Lok Sabha election: Report |,ACCEPTED,True,2024-04-12,DIRECTLY_RELEVANT,Airtel telecom / 5G / corporate event
20240412191500-761,20240412191500,fierce-network.com,https://www.fierce-network.com/wireless/india-explores-restructuring-vnos-promote-competition-duopoly-looms,"Reliance Jio, Bharti Airtel oppose Indian VNO restructuring proposal",ACCEPTED,True,2024-04-15,DIRECTLY_RELEVANT,Explicit Bharti Airtel corporate / financial news
20240414064500-350,20240414064500,dailyexcelsior.com,https://www.dailyexcelsior.com/market-valuation-of-7-most-valued-firms-climb-rs-59404-cr-bharti-airtel-icici-bank-lead-gainers/,"Market valuation of 7 most valued firms climb Rs 59,404 cr; Bharti Airtel, ICICI Bank lead gainers",ACCEPTED,True,2024-04-15,DIRECTLY_RELEVANT,Explicit Bharti Airtel corporate / financial news
20240414071500-338,20240414071500,latestly.com,https://www.latestly.com/agency-news/latest-news-market-valuation-of-7-most-valued-firms-climb-rs-59404-cr-bharti-airtel-icici-bank-lead-gainers-5892637.html,"Latest News | Market Valuation of 7 Most Valued Firms Climb Rs 59,404 Cr; Bharti Airtel, ICICI Bank Lead Gainers",ACCEPTED,True,2024-04-15,DIRECTLY_RELEVANT,Explicit Bharti Airtel corporate / financial news
20240414074500-621,20240414074500,indiatimes.com,https://economictimes.indiatimes.com/markets/stocks/news/market-valuation-of-7-most-valued-firms-climb-rs-59404-cr-bharti-airtel-icici-bank-lead-gainers/articleshow/109283749.cms,"Market valuation of 7 most valued firms climb Rs 59,404 cr; Bharti Airtel, ICICI Bank lead gainers",ACCEPTED,True,2024-04-15,DIRECTLY_RELEVANT,Explicit Bharti Airtel corporate / financial news
20240414081500-612,20240414081500,moneycontrol.com,https://www.moneycontrol.com/news/business/markets/market-valuation-of-7-most-valued-firms-climb-rs-59404-crore-bharti-airtel-icici-bank-lead-gainers-12635451.html,"Market valuation of 7 most valued firms climb Rs 59,404 crore; Bharti Airtel, ICICI Bank lead gainers",ACCEPTED,True,2024-04-15,DIRECTLY_RELEVANT,Explicit Bharti Airtel corporate / financial news
20240414083000-51,20240414083000,tribuneindia.com,https://www.tribuneindia.com/news/business/market-valuation-of-7-most-valued-firms-climb-rs-59-404-crore-bharti-airtel-icici-bank-lead-gainers-610728,"Market valuation of 7 most valued firms climb Rs 59,404 crore; Bharti Airtel, ICICI Bank lead gainers",ACCEPTED,True,2024-04-15,DIRECTLY_RELEVANT,Explicit Bharti Airtel corporate / financial news
20240414091500-72,20240414091500,theweek.in,https://www.theweek.in/news/biz-tech/2024/04/14/mcap-tracker-bharti-airtel-icici-bank-biggest-gainers-among-top-10-firms.html,"Mcap tracker: Bharti Airtel, ICICI Bank biggest gainers among Top 10 firms",ACCEPTED,True,2024-04-15,DIRECTLY_RELEVANT,Explicit Bharti Airtel corporate / financial news
20240415054500-T2238,20240415054500,indiatimes.com,https://navbharattimes.indiatimes.com/tech/gadgets-news/dot-order-to-end-ussd-call-forwarding-effective-15-april-2024/articleshow/109301822.cms,"Telecom Department To Stop USSD Call Forwarding Today आज से बंद हो रही है ये मोबाइल कॉलिंग सर्विस, Airtel, Jio और Vi यूजर्स दें ध्यान",ACCEPTED,True,2024-04-15,DIRECTLY_RELEVANT,Airtel telecom / 5G / corporate event
20240415143000-158,20240415143000,theweek.in,https://www.theweek.in/news/biz-tech/2024/04/15/vi-to-launch-5g-in-6-9-months-post-rs-18000-crore-fpo-as-it-looks-to-catch-up-with-jio-airtel.html,"VI to launch 5G in 6-9 months post Rs 18,000 crore FPO as it looks to catch up with Jio, Airtel",ACCEPTED,True,2024-04-16,DIRECTLY_RELEVANT,Airtel telecom / 5G / corporate event
20240415221500-580,20240415221500,eyesonnews.com,https://eyesonnews.com/intel-introduces-gaudi-3-ai-chip-to-rival-nvidia-collaborates-with-infosys-bharti-airtel-and-ola-in-india/,"Intel Introduces Gaudi 3 AI Chip to Rival Nvidia, Collaborates with Infosys, Bharti Airtel, and Ola in India",ACCEPTED,True,2024-04-16,DIRECTLY_RELEVANT,Explicit Bharti Airtel corporate / financial news
20240416054500-460,20240416054500,moneycontrol.com,https://www.moneycontrol.com/news/business/markets/option-strategy-of-the-day-significant-change-in-oi-in-bharti-airtel-signals-long-call-12647391.html,Option strategy of the day | Significant change in OI in Bharti Airtel signals long call,ACCEPTED,True,2024-04-16,DIRECTLY_RELEVANT,Explicit Bharti Airtel corporate / financial news
20240416160000-112,20240416160000,indiatimes.com,https://economictimes.indiatimes.com/industry/telecom/telecom-news/bharti-airtel-hits-5-9-million-5g-customers-mark-in-tn/articleshow/109352145.cms,Bharti Airtel hits 5.9 million 5G customers mark in TN,ACCEPTED,True,2024-04-18,DIRECTLY_RELEVANT,Explicit Bharti Airtel corporate / financial news
20240416164500-479,20240416164500,rcrwireless.com,https://www.rcrwireless.com/20240416/5g/bharti-airtel-reaches-3-million-5g-subscribers-mumbai-report,Bharti Airtel reaches 3 million 5G subscribers in Mumbai: Report,ACCEPTED,True,2024-04-18,DIRECTLY_RELEVANT,Explicit Bharti Airtel corporate / financial news
20240416170000-365,20240416170000,indiatimes.com,https://telecom.economictimes.indiatimes.com/news/industry/bharti-airtel-hits-5-9-million-5g-customers-mark-in-tn/109351742,"Bharti Airtel hits 5.9 million 5G customers mark in TN, Telecom News, ET Telecom",ACCEPTED,True,2024-04-18,DIRECTLY_RELEVANT,Explicit Bharti Airtel corporate / financial news
20240417120000-1562,20240417120000,the-star.co.ke,https://www.the-star.co.ke/business/kenya/2024-04-17-airtel-cuts-its-cross-network-call-rates-following-ca-directive/,Airtel cuts its cross-network call rates following CA directive,ACCEPTED,True,2024-04-18,DIRECTLY_RELEVANT,Airtel telecom / 5G / corporate event
20240418050000-1043,20240418050000,businesstoday.in,https://www.businesstoday.in/latest/corporate/story/dialog-axiata-group-bharti-airtel-to-merge-operations-in-sri-lanka-425913-2024-04-18,"Dialog, Axiata Group, Bharti Airtel sign agreement to merge operations in Sri Lanka",ACCEPTED,True,2024-04-18,DIRECTLY_RELEVANT,Explicit Bharti Airtel corporate / financial news
20240418054500-376,20240418054500,indiatimes.com,https://economictimes.indiatimes.com/industry/telecom/telecom-news/bharti-airtel-dialog-axiata-group-sign-definitive-agreement-to-merge-operations-in-sri-lanka/articleshow/109390483.cms,"Airtel news: Bharti Airtel, Dialog & Axiata Group to merge operations in Sri Lanka",ACCEPTED,True,2024-04-18,DIRECTLY_RELEVANT,Explicit Bharti Airtel corporate / financial news
20240418060000-111,20240418060000,marketscreener.com,https://www.marketscreener.com/quote/stock/AXIATA-GROUP-6499937/news/Dialog-Axiata-Group-and-Bharti-Airtel-to-Merge-Operations-in-Sri-Lanka-46463019/,"Dialog, Axiata Group and Bharti Airtel to Merge Operations in Sri Lanka",ACCEPTED,True,2024-04-18,DIRECTLY_RELEVANT,Explicit Bharti Airtel corporate / financial news
20240418063000-456,20240418063000,thehindubusinessline.com,https://www.thehindubusinessline.com/markets/stock-markets/bharti-airtel-dialog-axiata-plc-axiata-group-berhad-to-combine-operations-in-sri-lanka/article68078628.ece,"Bharti Airtel, Dialog Axiata PLC, Axiata Group Berhad to combine operations in Sri Lanka",ACCEPTED,True,2024-04-18,DIRECTLY_RELEVANT,Explicit Bharti Airtel corporate / financial news
20240418064500-1200,20240418064500,moneycontrol.com,https://www.moneycontrol.com/news/business/bharti-airtel-to-merge-sri-lanka-operations-with-dialog-axiata-12665521.html,Bharti Airtel to merge Sri Lanka operations with Dialog Axiata,ACCEPTED,True,2024-04-18,DIRECTLY_RELEVANT,Explicit Bharti Airtel corporate / financial news
20240418073000-854,20240418073000,indiatimes.com,https://economictimes.indiatimes.com/industry/telecom/telecom-news/bharti-airtels-merger-deal-with-dialog-axiata-in-sri-lanka-gets-regulatory-approval/articleshow/109394469.cms,Bharti Airtel's merger deal with Dialog Axiata in Sri Lanka gets regulatory approval,ACCEPTED,True,2024-04-18,DIRECTLY_RELEVANT,Explicit Bharti Airtel corporate / financial news
20240418074500-1477,20240418074500,menafn.com,https://menafn.com/1108109149/Dialog-Axiata-Group-And-Bharti-Airtel-To-Merge-Operations-In-Sri-Lanka,"Dialog, Axiata Group And Bharti Airtel To Merge Operations In Sri Lanka",ACCEPTED,True,2024-04-18,DIRECTLY_RELEVANT,Explicit Bharti Airtel corporate / financial news
20240418084500-1316,20240418084500,prokerala.com,https://www.prokerala.com/news/articles/a1523897.html,"Dialog, Axiata Group and Bharti Airtel to merge operations in Sri Lanka",ACCEPTED,True,2024-04-18,DIRECTLY_RELEVANT,Explicit Bharti Airtel corporate / financial news
20240418090000-549,20240418090000,dailyexcelsior.com,https://www.dailyexcelsior.com/bharti-airtel-to-merge-sri-lanka-operations-with-dialog-axiata/,Bharti Airtel to merge Sri Lanka operations with Dialog Axiata,ACCEPTED,True,2024-04-18,DIRECTLY_RELEVANT,Explicit Bharti Airtel corporate / financial news
20240418090000-699,20240418090000,dailyexpress.com.my,https://dailyexpress.com.my/news/232637/axiata-dialog-bharti-airtel-to-merge-operations-in-sri-lanka/,"Axiata, Dialog, Bharti Airtel to merge operations in Sri Lanka",ACCEPTED,True,2024-04-18,DIRECTLY_RELEVANT,Explicit Bharti Airtel corporate / financial news
20240418094500-307,20240418094500,india.com,https://zeenews.india.com/companies/bharti-airtel-to-merge-sri-lanka-operations-with-dialog-axiata-2741417.html,Bharti Airtel To Merge Sri Lanka Operations With Dialog Axiata,ACCEPTED,True,2024-04-18,DIRECTLY_RELEVANT,Explicit Bharti Airtel corporate / financial news
20240418094500-473,20240418094500,moneycontrol.com,https://www.moneycontrol.com/news/business/bharti-airtel-stock-jumps-5-on-tariff-optimism-becomes-top-nifty-gainer-12666561.html,"Bharti Airtel stock jumps 5% on tariff optimism, becomes top Nifty gainer",ACCEPTED,True,2024-04-18,DIRECTLY_RELEVANT,Explicit Bharti Airtel corporate / financial news
20240418094500-709,20240418094500,indiainfoline.com,https://www.indiainfoline.com/news/business/bharti-airtel-to-merge-sri-lanka-operations-with-dialog-axiata,Bharti Airtel to Merge Sri Lanka Operations with Dialog Axiata,ACCEPTED,True,2024-04-18,DIRECTLY_RELEVANT,Explicit Bharti Airtel corporate / financial news
20240418100000-253,20240418100000,indiatimes.com,https://economictimes.indiatimes.com/markets/expert-view/is-it-time-to-look-at-telecom-stocks-balaji-subramanian-answers/articleshow/109399917.cms,Bharti Airtel | Jio | Voda Idea: Is it time to look at telecom stocks? Balaji Subramanian answers,ACCEPTED,True,2024-04-19,DIRECTLY_RELEVANT,Explicit Bharti Airtel corporate / financial news
20240418104500-467,20240418104500,indiatimes.com,https://economictimes.indiatimes.com/markets/options/fo-stocks-bharti-airtel-pvr-inox-among-5-stocks-with-long-buildup/articleshow/109400930.cms,"bharti airtel shares: F&O stocks: Bharti Airtel, PVR Inox among 5 stocks with long buildup",ACCEPTED,True,2024-04-19,DIRECTLY_RELEVANT,Explicit Bharti Airtel corporate / financial news
20240418110000-334,20240418110000,telegraphindia.com,https://www.telegraphindia.com/feeds/business/bharti-airtel-to-merge-sri-lanka-operations-with-dialog-axiata/cid/2014078,Bharti Airtel | Bharti Airtel to merge Sri Lanka operations with Dialog Axiata,ACCEPTED,True,2024-04-19,DIRECTLY_RELEVANT,Explicit Bharti Airtel corporate / financial news
20240418111500-426,20240418111500,businesstoday.in,https://www.businesstoday.in/markets/company-stock/story/bharti-airtel-shares-rise-merger-dialog-and-axiata-group-425977-2024-04-18,"Bharti Airtel shares rise 5%, hit record high today; here's why",ACCEPTED,True,2024-04-19,DIRECTLY_RELEVANT,Explicit Bharti Airtel corporate / financial news
20240418113000-456,20240418113000,telegraphindia.com,https://www.telegraphindia.com/business/bharti-airtel-to-merge-sri-lanka-operations-with-dialog-axiata/cid/2014078,Bharti Airtel | Bharti Airtel to merge Sri Lanka operations with Dialog Axiata,ACCEPTED,True,2024-04-19,DIRECTLY_RELEVANT,Explicit Bharti Airtel corporate / financial news
20240418120000-703,20240418120000,morungexpress.com,https://morungexpress.com/dialog-axiata-group-and-bharti-airtel-to-merge-operations-in-sri-lanka,"Dialog, Axiata Group and Bharti Airtel to merge operations in Sri Lanka",ACCEPTED,True,2024-04-19,DIRECTLY_RELEVANT,Explicit Bharti Airtel corporate / financial news
20240418121500-687,20240418121500,srilankamirror.com,https://srilankamirror.com/biz/dialog-axiata-group-bharti-airtel-to-merge-operations-in-sl/,"Dialog, Axiata Group & Bharti Airtel to merge operations in SL",ACCEPTED,True,2024-04-19,DIRECTLY_RELEVANT,Explicit Bharti Airtel corporate / financial news
20240418121500-1182,20240418121500,indiatimes.com,https://telecom.economictimes.indiatimes.com/news/industry/nokia-indias-net-sales-falls-69-in-q1-as-jio-airtel-normalise-5g-investments/109400186,"Nokia India's net sales falls 69% in Q1 as Jio, Airtel normalise 5G investments, ET Telecom",ACCEPTED,True,2024-04-19,DIRECTLY_RELEVANT,Airtel telecom / 5G / corporate event
20240418130000-1905,20240418130000,siliconindia.com,https://www.siliconindia.com/news/general/dialog-axiata-group-and-bharti-airtel-merge-in-sri-lanka-nid-229054-cid-1.html,"Dialog, Axiata Group and Bharti Airtel Merge in Sri Lanka",ACCEPTED,True,2024-04-19,DIRECTLY_RELEVANT,Explicit Bharti Airtel corporate / financial news
20240418140000-1251,20240418140000,indiatimes.com,https://timesofindia.indiatimes.com/technology/tech-news/bharti-airtel-dialog-and-axiata-group-sign-definitive-agreement-to-merge-operations-in-sri-lanka/articleshow/109406922.cms,"Bharti Airtel, Dialog and Axiata Group sign definitive agreement to merge operations in Sri Lanka",ACCEPTED,True,2024-04-19,DIRECTLY_RELEVANT,Explicit Bharti Airtel corporate / financial news
20240418140000-895,20240418140000,datacenterdynamics.com,https://www.datacenterdynamics.com/en/news/dialog-axiata-finalizes-agreement-to-buy-bharti-airtels-sri-lankan-division/,Dialog Axiata finalizes agreement to buy Bharti Airtel's Sri Lankan division,ACCEPTED,True,2024-04-19,DIRECTLY_RELEVANT,Explicit Bharti Airtel corporate / financial news
20240418163000-1264,20240418163000,thesun.my,https://thesun.my/business/axiata-dialog-and-bharti-airtel-in-deal-to-merge-sri-lanka-operations-HE12344762,"Axiata, Dialog and Bharti Airtel in deal to merge Sri Lanka operations",ACCEPTED,True,2024-04-19,DIRECTLY_RELEVANT,Explicit Bharti Airtel corporate / financial news
20240418164500-2254,20240418164500,indiatimes.com,https://economictimes.indiatimes.com/markets/stocks/news/technical-breakout-stocks-how-to-trade-justdial-jio-financial-services-and-bharti-airtel-on-friday/articleshow/109409822.cms,"Technical Breakout Stocks: How to trade Justdial, Jio Financial Services and Bharti Airtel on Friday",ACCEPTED,True,2024-04-19,DIRECTLY_RELEVANT,Explicit Bharti Airtel corporate / financial news
20240418210000-1766,20240418210000,telecomlead.com,https://www.telecomlead.com/telecom-services/dialog-axiata-and-bharti-airtel-announce-merger-in-sri-lanka-115797,Dialog Axiata and Bharti Airtel Announce Merger in Sri Lanka,ACCEPTED,True,2024-04-19,DIRECTLY_RELEVANT,Explicit Bharti Airtel corporate / financial news
20240418220000-457,20240418220000,thenorthlines.com,https://thenorthlines.com/dialog-axiata-group-and-bharti-airtel-sign-definitive-agreement-to-merge-operations-in-sri-lanka/,"Dialog, Axiata Group and Bharti Airtel sign definitive agreement to merge operations in Sri Lanka",ACCEPTED,True,2024-04-19,DIRECTLY_RELEVANT,Explicit Bharti Airtel corporate / financial news
20240419004500-1288,20240419004500,ft.lk,https://www.ft.lk/front-page/Dialog-Axiata-Group-and-Bharti-Airtel-sign-definitive-deal-for-merger-in-SL/44-760770,"Dialog, Axiata Group and Bharti Airtel sign definitive deal for merger in SL",ACCEPTED,True,2024-04-19,DIRECTLY_RELEVANT,Explicit Bharti Airtel corporate / financial news
20240419014500-885,20240419014500,colombogazette.com,https://colombogazette.com/2024/04/18/dialog-axiata-signs-deal-to-acquire-bharti-airtels-sri-lanka-operations/,Dialog Axiata signs deal to acquire Bharti Airtel's Sri Lanka operations,ACCEPTED,True,2024-04-19,DIRECTLY_RELEVANT,Explicit Bharti Airtel corporate / financial news
20240419021500-1141,20240419021500,thehindubusinessline.com,https://www.thehindubusinessline.com/portfolio/technical-analysis/pf-todays-pick/stock-to-buy-today-bharti-airtel-126720/article68079550.ece,"Stock to buy today: Bharti Airtel (₹1,267.20) - The Hindu BusinessLine",ACCEPTED,True,2024-04-19,DIRECTLY_RELEVANT,Explicit Bharti Airtel corporate / financial news
20240419023000-170,20240419023000,moneycontrol.com,https://www.moneycontrol.com/india/stockpricequote/telecommunications-services/bhartiairtelpp/BAP,"Bharti Air PP Share Price, Bharti Air PP Stock Price, Bharti Airtel PP Ltd. Stock Price, Share Price, Live BSE/NSE, Bharti Airtel PP Ltd. Bids Offers. Buy/Sell Bharti Airtel PP Ltd. news & tips, & F&O Quotes, NSE/BSE Forecast News and Live Quotes",ACCEPTED,True,2024-04-19,DIRECTLY_RELEVANT,Explicit Bharti Airtel corporate / financial news
20240419023000-1058,20240419023000,moneycontrol.com,https://www.moneycontrol.com/news/business/markets/hot-stocks-bharti-airtel-tata-power-samvardhana-motherson-may-fetch-17-22-returns-12671711.html,"Hot Stocks: Bharti Airtel, Tata Power, Samvardhana Motherson may fetch 17-22% returns",ACCEPTED,True,2024-04-19,DIRECTLY_RELEVANT,Explicit Bharti Airtel corporate / financial news
20240419023000-430,20240419023000,moneycontrol.com,https://www.moneycontrol.com/news/business/markets/trade-spotlight-your-blueprint-for-bharti-airtel-jio-financial-services-poonawalla-fincorp-12671751.html,"Trade Spotlight | Your blueprint for Bharti Airtel, Jio Financial Services, Poonawalla Fincorp",ACCEPTED,True,2024-04-19,DIRECTLY_RELEVANT,Explicit Bharti Airtel corporate / financial news
20240419030000-823,20240419030000,tribuneindia.com,https://www.tribuneindia.com/news/business/bharti-airtel-to-merge-lanka-operations-with-dialog-axiata-612257,Bharti Airtel to merge Lanka operations with Dialog Axiata,ACCEPTED,True,2024-04-19,DIRECTLY_RELEVANT,Explicit Bharti Airtel corporate / financial news
20240419063000-994,20240419063000,indiatimes.com,https://economictimes.indiatimes.com/markets/options/fo-stock-strategy-how-to-trade-apollo-hospital-bharti-airtel/articleshow/109423514.cms,"F&O stock strategy: How to trade Apollo Hospital, Bharti Airtel",ACCEPTED,True,2024-04-19,DIRECTLY_RELEVANT,Explicit Bharti Airtel corporate / financial news
20240419074500-1121,20240419074500,businesstoday.in,https://www.businesstoday.in/markets/stocks/story/bharti-airtel-mcx-heres-what-osho-krishan-of-angel-one-says-on-these-2-stocks-426095-2024-04-19,Bharti Airtel & MCX: Here's what Osho Krishan of Angel One says on these 2 stocks,ACCEPTED,True,2024-04-19,DIRECTLY_RELEVANT,Explicit Bharti Airtel corporate / financial news
20240419094500-T1130,20240419094500,digit.in,https://www.digit.in/mr/news/telecom/vodafone-idea-expects-5g-rollout-in-6-to-9-months-check-all-details.html,"VI वापरकर्त्यांसाठी Good News! येत्या 6 ते 9 महिन्यांत 5G सेवा होणार रोलआउट, Jio-Airtel सोबत होणार जबरदस्त स्पर्धा। Tech News",ACCEPTED,True,2024-04-19,DIRECTLY_RELEVANT,Airtel telecom / 5G / corporate event
20240419101500-446,20240419101500,nairaland.com,https://www.nairaland.com/8066093/airtel-vs-glo-which-better,"Airtel Vs Glo Which Has A Better, More Reliable Internet Network? (Photo) - Phones",ACCEPTED,True,2024-04-22,DIRECTLY_RELEVANT,Airtel telecom / 5G / corporate event
20240419144500-619,20240419144500,orissadiary.com,https://orissadiary.com/dialog-axiata-group-and-bharti-airtel-sign-definitive-agreement-to-merge-operations-in-sri-lanka/,"Dialog, Axiata Group and Bharti Airtel sign Definitive Agreement to Merge Operations in Sri Lanka",ACCEPTED,True,2024-04-22,DIRECTLY_RELEVANT,Explicit Bharti Airtel corporate / financial news
20240419164500-846,20240419164500,dailymirror.lk,https://www.dailymirror.lk/business/Malaysias-Axiata-merger-with-Bharti-Airtel-of-India-raises-earnings-concern-Analysts/215-281010,Malaysia's Axiata merger with Bharti Airtel of India raises earnings concern: Analysts - Business,ACCEPTED,True,2024-04-22,DIRECTLY_RELEVANT,Explicit Bharti Airtel corporate / financial news
20240420033000-T1382,20240420033000,tarunbharat.com,https://www.tarunbharat.com/bharti-airtel-to-merge-with-sri-lankan-unit-dialog/,Bharti Airtel to merge with Sri Lankan unit Dialog,ACCEPTED,True,2024-04-22,DIRECTLY_RELEVANT,Explicit Bharti Airtel corporate / financial news
20240420101500-220,20240420101500,businessinsider.com,https://markets.businessinsider.com/news/stocks/dialog-axiata-group-and-bharti-airtel-sign-definitive-agreement-to-merge-operations-in-sri-lanka-1033267533,"Dialog, Axiata Group and Bharti Airtel sign Definitive Agreement to Merge Operations in Sri Lanka",ACCEPTED,True,2024-04-22,DIRECTLY_RELEVANT,Explicit Bharti Airtel corporate / financial news
20240421061500-317,20240421061500,menafn.com,https://menafn.com/1108119177/Dialog-Axiata-Signs-Deal-To-Acquire-Bharti-Airtels-Sri-Lanka-Operations,Dialog Axiata Signs Deal To Acquire Bharti Airtel's Sri Lanka Operations,ACCEPTED,True,2024-04-22,DIRECTLY_RELEVANT,Explicit Bharti Airtel corporate / financial news
20240421070000-413,20240421070000,theweek.in,https://www.theweek.in/news/biz-tech/2024/04/21/mcap-tracker-reliance-hdfc-gain-most-in-top-10-tcs-infosys-major-laggards.html,"Mcap tracker: Bharti Airtel, HDFC Bank gain most in Top 10; TCS, Infosys major laggards",ACCEPTED,True,2024-04-22,DIRECTLY_RELEVANT,Explicit Bharti Airtel corporate / financial news
20240422081500-1003,20240422081500,thefastmode.com,https://www.thefastmode.com/technology-solutions/35673-dialog-axiata-bharti-airtel-to-merge-operations-in-sri-lanka,"Dialog Axiata, Bharti Airtel to Merge Operations in Sri Lanka",ACCEPTED,True,2024-04-22,DIRECTLY_RELEVANT,Explicit Bharti Airtel corporate / financial news
20240422094500-603,20240422094500,marketscreener.com,https://www.marketscreener.com/quote/stock/BHARTI-AIRTEL-LIMITED-6494412/news/Bharti-Airtel-Airtel-unveils-affordable-International-Roaming-packs-for-customers-travelling-acros-46489798/,Bharti Airtel : Airtel unveils affordable International Roaming packs for customers travelling across the world,ACCEPTED,True,2024-04-22,DIRECTLY_RELEVANT,Explicit Bharti Airtel corporate / financial news
20240422174500-479,20240422174500,capitalradiomalawi.com,https://www.capitalradiomalawi.com/2024/04/22/airtel-registers-96-2-decline-in-profit-after-tax/,Airtel registers 96.2% decline in profit after tax – Capital Radio Malawi,ACCEPTED,True,2024-04-23,DIRECTLY_RELEVANT,Airtel telecom / 5G / corporate event
20240423083000-1253,20240423083000,indiatimes.com,https://economictimes.indiatimes.com/markets/options/fo-stocks-bharti-airtel-dlf-among-5-stocks-with-long-buildup/articleshow/109525582.cms,"F&O stocks: Bharti Airtel, DLF among 5 stocks with long buildup",ACCEPTED,True,2024-04-23,DIRECTLY_RELEVANT,Explicit Bharti Airtel corporate / financial news
20240423093000-889,20240423093000,indiatimes.com,https://economictimes.indiatimes.com/markets/stocks/news/bharti-airtel-shares-surge-4-hit-52-week-high-heres-what-triggered-this-stock/articleshow/109528055.cms,"bharti airtel shares: Bharti Airtel shares surge 4%, hit 52-week high. Here's what triggered this stock",ACCEPTED,True,2024-04-23,DIRECTLY_RELEVANT,Explicit Bharti Airtel corporate / financial news
20240423113000-1175,20240423113000,indiatimes.com,https://economictimes.indiatimes.com/industry/telecom/telecom-news/telecom-industry-sees-growth-in-agr-led-by-bharti-airtel-and-reliance-jio/articleshow/109532304.cms,Telecom industry sees growth in AGR led by Bharti Airtel and Reliance Jio,ACCEPTED,True,2024-04-24,DIRECTLY_RELEVANT,Explicit Bharti Airtel corporate / financial news
20240423120000-235,20240423120000,indiatimes.com,https://telecom.economictimes.indiatimes.com/news/industry/bharti-airtel-shares-surge-4-hit-52-week-high-heres-what-triggered-this-stock/109530246,"Bharti Airtel shares surge 4%, hit 52-week high, here's what triggered this stock, ET Telecom",ACCEPTED,True,2024-04-24,DIRECTLY_RELEVANT,Explicit Bharti Airtel corporate / financial news
20240423120000-731,20240423120000,indiatimes.com,https://telecom.economictimes.indiatimes.com/news/industry/telecom-industry-agr-up-by-1-88-sequentially-in-dec-quarter-led-by-jio-airtel-trai/109532163,"Telecom industry AGR up by 1.88% sequentially in Dec quarter, led by Jio, Airtel: TRAI, ET Telecom",ACCEPTED,True,2024-04-24,DIRECTLY_RELEVANT,Airtel telecom / 5G / corporate event
20240423134500-86,20240423134500,indiatimes.com,https://economictimes.indiatimes.com/markets/stocks/news/technical-breakout-stocks-record-highs-how-to-trade-tejas-networks-cochin-shipyard-and-bharti-airtel-on-wednesday/articleshow/109535871.cms,"Technical Breakout Stocks: Record highs! How to trade Tejas Networks, Cochin Shipyard and Bharti Airtel on Wednesday",ACCEPTED,True,2024-04-24,DIRECTLY_RELEVANT,Explicit Bharti Airtel corporate / financial news
20240423180000-1167,20240423180000,siliconindia.com,https://www.siliconindia.com/news/general/telecom-industry-growth-driven-by-bharti-airtel-reliance-jio-nid-229147-cid-1.html,"Telecom Industry Growth Driven by Bharti Airtel, Reliance Jio",ACCEPTED,True,2024-04-24,DIRECTLY_RELEVANT,Explicit Bharti Airtel corporate / financial news
20240423211500-T1062,20240423211500,moneycontrol.com,https://hindi.moneycontrol.com/news/markets/telecom-industry-recorded-growth-in-adjusted-gross-revenue-agr-1896683.html,"Telecom Industry के AGR में दिखी ग्रोथ, Jio-Airtel का रहा हाथ, VI में दिखी गिरावट",ACCEPTED,True,2024-04-24,DIRECTLY_RELEVANT,Airtel telecom / 5G / corporate event
20240423231500-620,20240423231500,financialexpress.com,https://www.financialexpress.com/business/industry/jio-needs-two-tariff-hikes-to-close-arpu-gap-with-airtel/3466396/,Jio needs two tariff hikes to close Arpu gap with Airtel,ACCEPTED,True,2024-04-24,DIRECTLY_RELEVANT,Airtel telecom / 5G / corporate event
20240424011500-97,20240424011500,moneycontrol.com,https://www.moneycontrol.com/news/business/markets/trade-spotlight-how-to-deal-in-bharti-airtel-navin-fluorine-amara-raja-energy-today-12706664.html,"Trade Spotlight | How to deal in Bharti Airtel, Navin Fluorine, Amara Raja Energy today",ACCEPTED,True,2024-04-24,DIRECTLY_RELEVANT,Explicit Bharti Airtel corporate / financial news
20240424024500-205,20240424024500,indiatimes.com,https://telecom.economictimes.indiatimes.com/news/industry/talk-of-the-tower-airtel-eyes-vodafones-21-05-in-indus/109546296,"Talk of the Tower: Airtel eyes Vodafone's 21.05% stake in Indus, ET Telecom",ACCEPTED,True,2024-04-24,DIRECTLY_RELEVANT,Airtel telecom / 5G / corporate event
20240424053000-145,20240424053000,indiatimes.com,https://economictimes.indiatimes.com/industry/telecom/telecom-news/bharti-airtel-says-it-has-no-desire-to-buy-out-vodafone-plcs-share-and-up-stake-in-indus-towers/articleshow/109550937.cms,Bharti Indus stake: Bharti Airtel says it has no desire to buy out Vodafone Plc's share and up stake in Indus Towers,ACCEPTED,True,2024-04-24,DIRECTLY_RELEVANT,Explicit Bharti Airtel corporate / financial news
20240424071500-1064,20240424071500,indiatimes.com,https://telecom.economictimes.indiatimes.com/news/industry/bharti-airtel-says-it-has-no-desire-to-buy-out-vodafone-plcs-share-and-up-stake-in-indus-towers/109552224,"Bharti Indus Stake: Bharti Airtel says it has no desire to buy out Vodafone Plc's share and up stake in Indus Towers, ET Telecom",ACCEPTED,True,2024-04-24,DIRECTLY_RELEVANT,Explicit Bharti Airtel corporate / financial news
20240424081500-898,20240424081500,moneycontrol.com,https://www.moneycontrol.com/news/business/markets/telecom-stocks-fall-after-airtel-says-not-in-any-discussion-to-buy-vodafone-uks-stake-in-indus-towers-12707063.html,Telecom stocks fall after Airtel says 'not in any discussion' to buy Vodafone UK's stake in Indus Towers,ACCEPTED,True,2024-04-24,NOT_RELEVANT,Standalone Indus Towers operational news
20240424100000-552,20240424100000,indiatimes.com,https://economictimes.indiatimes.com/markets/stocks/news/voda-idea-gets-nuvama-upgrade-but-bharti-airtel-remains-in-numero-uno-spot-heres-why/articleshow/109560326.cms,"Voda Idea gets Nuvama upgrade, but Bharti Airtel remains in numero uno spot. Here's why",ACCEPTED,True,2024-04-25,DIRECTLY_RELEVANT,Explicit Bharti Airtel corporate / financial news
20240424111500-T1690,20240424111500,moneycontrol.com,https://hindi.moneycontrol.com/news/markets/bharti-airtel-denies-reports-of-buying-vodafone-stake-in-indus-towers-telecom-stocks-falls-upto-9-percent-1896859.html,"Bharti Airtel के एक बयान से गिरे टेलीकॉम कंपनियों के शेयर, वोडाफोन आइडिया का स्टॉक 9% टूटा",ACCEPTED,True,2024-04-25,DIRECTLY_RELEVANT,Explicit Bharti Airtel corporate / financial news
20240424120000-433,20240424120000,indiatimes.com,https://telecom.economictimes.indiatimes.com/news/industry/voda-idea-gets-nuvama-upgrade-but-bharti-airtel-remains-in-numero-uno-spot-heres-why/109563252,"Vodafone Idea: Voda Idea gets Nuvama upgrade, but Bharti Airtel remains in numero uno spot. Here's why, ET Telecom",ACCEPTED,True,2024-04-25,DIRECTLY_RELEVANT,Explicit Bharti Airtel corporate / financial news
20240424123000-1530,20240424123000,technuter.com,https://technuter.com/telecom/airtel-enhances-network-coverage-across-leh-and-ladakh.html,Airtel enhances network coverage across Leh and Ladakh,ACCEPTED,True,2024-04-25,DIRECTLY_RELEVANT,Airtel telecom / 5G / corporate event
20240425021500-419,20240425021500,indiatimes.com,https://telecom.economictimes.indiatimes.com/news/industry/dishtv-jumps-on-the-built-in-ott-services-bandwagon-alongside-jio-airtel/109577606,"Dish Tv Smart+ Services: DishTV jumps on the built-in OTT services bandwagon alongside Jio, Airtel, ET Telecom",ACCEPTED,True,2024-04-25,DIRECTLY_RELEVANT,Airtel telecom / 5G / corporate event
20240425070000-154,20240425070000,telegraphindia.com,https://www.telegraphindia.com/feeds/business/bharti-airtel-not-engaging-in-discussions-to-acquire-vodafone-groups-21-per-cent-stake-in-indus-towers/cid/2015614,Bharti Airtel | Bharti Airtel not engaging in discussions to acquire Vodafone Group's 21 per cent stake in Indus Towers,ACCEPTED,True,2024-04-25,DIRECTLY_RELEVANT,Explicit Bharti Airtel corporate / financial news
20240425081500-1023,20240425081500,telegraphindia.com,https://www.telegraphindia.com/business/bharti-airtel-not-engaging-in-discussions-to-acquire-vodafone-groups-21-per-cent-stake-in-indus-towers/cid/2015614,Bharti Airtel | Bharti Airtel not engaging in discussions to acquire Vodafone Group's 21 per cent stake in Indus Towers,ACCEPTED,True,2024-04-25,DIRECTLY_RELEVANT,Explicit Bharti Airtel corporate / financial news
20240425144500-591,20240425144500,hallmarknews.com,https://hallmarknews.com/breaking-mtn-glo-airtel-9mobile-move-to-hike-tariff/,"BREAKING: MTN, Glo, Airtel, 9mobile move to hike tariff Business Hallmark",ACCEPTED,True,2024-04-26,DIRECTLY_RELEVANT,Airtel telecom / 5G / corporate event
20240425153000-1273,20240425153000,thenews-chronicle.com,https://thenews-chronicle.com/glo-mtn-airtel-others-move-to-increase-tariff/,"Glo, MTN, Airtel, Others Move To Increase Tariff",ACCEPTED,True,2024-04-26,DIRECTLY_RELEVANT,Airtel telecom / 5G / corporate event
20240425160000-2140,20240425160000,dailytrust.com,https://dailytrust.com/just-in-glo-mtn-airtel-others-move-to-raise-tariff/,"Glo, MTN, Airtel, Others move to raise tariff",ACCEPTED,True,2024-04-26,DIRECTLY_RELEVANT,Airtel telecom / 5G / corporate event
20240425164500-1165,20240425164500,legit.ng,https://www.legit.ng/business-economy/technology/1589573-calls-data-rate-increase-mtn-airtel-glo-push-tariff-increase/,"Calls, Data Rates to Increase as MTN, Airtel, Glo, Others Push For Tariff Hike",ACCEPTED,True,2024-04-26,DIRECTLY_RELEVANT,Airtel telecom / 5G / corporate event
20240425171500-515,20240425171500,pulse.ng,https://www.pulse.ng/business/domestic/glo-mtn-airtel-others-plotting-hike-in-call-data-tariff/c6x6nn5,"Glo, MTN, Airtel, others plotting hike in call, data tariff",ACCEPTED,True,2024-04-26,DIRECTLY_RELEVANT,Airtel telecom / 5G / corporate event
20240425173000-1856,20240425173000,channelstv.com,https://www.channelstv.com/2024/04/25/mtn-airtel-glo-others-mull-tariff-hike/,"MTN, Airtel, Glo, Others Mull Tariff Hike",ACCEPTED,True,2024-04-26,DIRECTLY_RELEVANT,Airtel telecom / 5G / corporate event
20240425213000-1750,20240425213000,nairaland.com,https://www.nairaland.com/8072912/glo-mtn-airtel-others-move,"Glo, MTN, Airtel, Others Move To Raise Tariff - Phones",ACCEPTED,True,2024-04-26,DIRECTLY_RELEVANT,Airtel telecom / 5G / corporate event
20240426000000-1221,20240426000000,howng.com,https://howng.com/mtn-airtel-glo-others-mull-tariff-hike/,"MTN, Airtel, Glo, Others Mull Tariff Hike",ACCEPTED,True,2024-04-26,DIRECTLY_RELEVANT,Airtel telecom / 5G / corporate event
20240426024500-257,20240426024500,rashtranews.com,https://www.rashtranews.com/business-news-bharti-airtel-to-invest-rs-5000-cr-in-new-data-centre-biz-to-triple-capacity-forecasts-4-bn-opportunity/,"Business News: Bharti Airtel to invest Rs 5,000 cr in new data centre biz, to triple capacity; forecasts $4 bn opportunity",ACCEPTED,True,2024-04-26,DIRECTLY_RELEVANT,Explicit Bharti Airtel corporate / financial news
20240426044500-1026,20240426044500,indiatimes.com,https://economictimes.indiatimes.com/markets/stocks/recos/buy-bharti-airtel-target-price-rs-1570-motilal-oswalnbsp/articleshow/109610824.cms,"Bharti Airtel stocks: Buy Bharti Airtel, target price Rs 1570: Motilal Oswal",ACCEPTED,True,2024-04-26,DIRECTLY_RELEVANT,Explicit Bharti Airtel corporate / financial news
20240426120000-1342,20240426120000,dailyexcelsior.com,https://www.dailyexcelsior.com/airtel-honoured-for-offering-best-voice-experience-on-5g-network/,Airtel honoured for offering best voice experience on 5G network,ACCEPTED,True,2024-04-29,DIRECTLY_RELEVANT,Airtel telecom / 5G / corporate event
20240426120000-1721,20240426120000,rashtranews.com,https://www.rashtranews.com/bharti-airtel-prepays-rs-8815-crore-to-clear-deferred-liabilities-for-spectrum-acquired-in-2015/,"Bharti Airtel prepays Rs 8,815 crore to clear deferred liabilities for spectrum acquired in 2015",ACCEPTED,True,2024-04-29,DIRECTLY_RELEVANT,Explicit Bharti Airtel corporate / financial news
20240426123000-642,20240426123000,africanexaminer.com,https://www.africanexaminer.com/mtn-airtel-glo-others-mull-tariff-hike/,"MTN, Airtel, Glo, Others Mull Tariff Hike",ACCEPTED,True,2024-04-29,DIRECTLY_RELEVANT,Airtel telecom / 5G / corporate event
20240427061500-298,20240427061500,indiatimes.com,https://telecom.economictimes.indiatimes.com/news/industry/consumer-spending-on-mobile-services-soared-in-october-december-driven-by-world-cup/109637919,"Bharti Airtel: Consumer spending on mobile services soared in October-December, driven by World Cup, ET Telecom",ACCEPTED,True,2024-04-29,DIRECTLY_RELEVANT,Explicit Bharti Airtel corporate / financial news
20240427081500-17,20240427081500,rashtranews.com,https://www.rashtranews.com/bharti-airtel-shareholders-ok-googles-purchase-of-1-28-stake-for-700-mn-also-approve-rs-1-1-lakh-cr-deals/,Bharti Airtel shareholders OK Google's purchase of 1.28% stake for $700 mn; also approve Rs 1.1 lakh cr deals,ACCEPTED,True,2024-04-29,DIRECTLY_RELEVANT,Explicit Bharti Airtel corporate / financial news
20240429173000-371,20240429173000,indiatimes.com,https://economictimes.indiatimes.com/markets/stocks/news/bharti-airtel-issues-shares-worth-rs-246-crore-to-fccb-holders/articleshow/109702527.cms,bharti airtel share issue: Bharti Airtel issues shares worth Rs 246 crore to FCCB holders,ACCEPTED,True,2024-04-30,DIRECTLY_RELEVANT,Explicit Bharti Airtel corporate / financial news
20240430050000-43,20240430050000,indiatimes.com,https://telecom.economictimes.indiatimes.com/news/industry/bharti-airtel-issues-shares-worth-rs-246-crore-to-fccb-holders/109708990,"Bharti Airtel issues shares worth Rs 246 crore to FCCB holders, ET Telecom",ACCEPTED,True,2024-04-30,DIRECTLY_RELEVANT,Explicit Bharti Airtel corporate / financial news
