gkg_record_id,date,source,document_url,headline,human_label,notes
20240401013000-1009,20240401013000,financialexpress.com,https://www.financialexpress.com/market/stocks-to-watch-hdfc-bank-infosys-iocl-rvnl-asian-paints-jm-financial-adani-total-gas-pharma-stocks-3442442/,"Stocks To Watch: HDFC Bank, Infosys, IOCL, RVNL, Asian Paints, JM Financial, Adani Total Gas, Pharma Stocks",DIRECTLY_RELEVANT,"Infosys Q4 FY24 earnings, revenue, InSemi acquisition, contracts, hiring, or share price performance."
20240401013000-T443,20240401013000,bhaskar.com,https://www.bhaskar.com/business/news/business-news-update-value-of-7-out-of-top-10-companies-increased-by-67260-crore-132805647.html,"Business News Update; Value of 7 out of top-10 companies increased by ₹67,260 crore | टॉप-10 कंपनियों में से 7 की वैल्यू ₹67,260 करोड़ बढ़ी: रिलायंस का मर्केट कैप ₹45,263 करोड़ बढ़ा, जोमैटो को ₹23.26 करोड़ का GST नोटिस",NOT_RELEVANT,Unrelated candidate
20240401021500-615,20240401021500,moneycontrol.com,https://www.moneycontrol.com/news/business/markets/stock-market-today-top-10-things-to-know-before-the-market-opens-262-12545731.html,Stock Market Today: Top 10 things to know before the market opens,NOT_RELEVANT,Unrelated candidate
20240401021500-212,20240401021500,thehindubusinessline.com,https://www.thehindubusinessline.com/markets/share-market-nifty-sensex-live-updates-1st-april-2024/article68012792.ece,"Stock Market Live Updates: Sensex, Nifty hope to build on FY24's strong finish, eyes on RBI MPC meet",NOT_RELEVANT,Unrelated candidate
20240401021500-T986,20240401021500,indiatimes.com,https://navbharattimes.indiatimes.com/business/business-news/success-story-of-infosys-peon-dada-saheb-bhagat-who-established-two-companies/articleshow/108923957.cms,"Success Story: कभी इंफोसिस के दफ्तर में करते थे झाड़ू-पोछे का काम, आज दो कंपनियों के हैं मालिक, ऐसे बदली किस्मत",NOT_RELEVANT,"Narayana Murthy / Sudha Murty non-corporate lifestyle, family memoir, flight encounter, or 70-hour work week viral debate"
20240401023000-473,20240401023000,moneycontrol.com,https://www.moneycontrol.com/elections/lok-sabha-election/constituency-watch-the-rise-of-gandhinagar-as-a-financial-hub-article-12544091.html,Constituency watch: The rise of Gandhinagar as a financial hub,NOT_RELEVANT,Unrelated candidate
20240401024500-17,20240401024500,indiatimes.com,https://economictimes.indiatimes.com/markets/stocks/news/stocks-in-news-idfc-first-bank-indian-oil-infosys-zomato-jsw-steel/articleshow/108928374.cms,"Stocks in news: Stocks in news: IDFC First Bank, Indian Oil, Infosys, Zomato, JSW Steel",DIRECTLY_RELEVANT,"Infosys Q4 FY24 earnings, revenue, InSemi acquisition, contracts, hiring, or share price performance."
20240401030000-536,20240401030000,indiatimes.com,https://timesofindia.indiatimes.com/city/bengaluru/infy-to-get-over-6k-cr-in-i-t-refund-for-11-years/articleshow/108926040.cms,Infosys: Infy To Get Over ₹6k Cr In I-t Refund For 11 Years | Bengaluru News,DIRECTLY_RELEVANT,"Infosys Q4 FY24 earnings, revenue, InSemi acquisition, contracts, hiring, or share price performance."
20240401040000-779,20240401040000,businesstoday.in,https://www.businesstoday.in/markets/company-stock/story/q4-results-infosys-march-quarter-earnings-on-april-18-here-are-dates-for-hdfc-bank-techm-wipro-icici-bank-423640-2024-04-01,"Q4 results: Infosys March quarter earnings on April 18; here are dates for HDFC Bank, TechM, Wipro & ICICI Bank",DIRECTLY_RELEVANT,"Infosys Q4 FY24 earnings, revenue, InSemi acquisition, contracts, hiring, or share price performance."
20240401040000-337,20240401040000,businesstoday.in,https://www.businesstoday.in/markets/company-stock/story/infosys-shares-in-focus-as-it-firm-expects-rs-6329-crore-tax-refund-423623-2024-04-01,"Infosys shares in focus as IT firm expects Rs 6,329 crore tax refund",DIRECTLY_RELEVANT,"Infosys Q4 FY24 earnings, revenue, InSemi acquisition, contracts, hiring, or share price performance."
20240401040000-177,20240401040000,thehindubusinessline.com,https://www.thehindubusinessline.com/markets/stocks-that-will-see-action-today-april-1-2024/article68013793.ece,"Stocks that will see action today: April 1, 2024 - The Hindu BusinessLine",NOT_RELEVANT,Unrelated candidate
20240401040000-789,20240401040000,navhindtimes.in,https://www.navhindtimes.in/2024/04/01/nationalnews/expect-to-receive-rs-6329-cr-tax-refund-infosys/,"Expect to receive Rs 6,329 cr tax refund: Infosys",DIRECTLY_RELEVANT,"Infosys Q4 FY24 earnings, revenue, InSemi acquisition, contracts, hiring, or share price performance."
20240401041500-582,20240401041500,dailypioneer.com,https://www.dailypioneer.com/2024/state-editions/---semiconductor-sector-expected-to-generate-1l-jobs---.html,'Semiconductor sector expected to generate 1L jobs',NOT_RELEVANT,Unrelated candidate
20240401041500-668,20240401041500,news18.com,https://www.news18.com/business/stocks-to-watch-indian-oil-infosys-zomato-ntpc-hdfc-bank-zee-rvnl-and-others-8835138.html,"Stocks to Watch: Indian Oil, Infosys, Zomato, NTPC, HDFC Bank, Zee, RVNL, and Others",DIRECTLY_RELEVANT,"Infosys Q4 FY24 earnings, revenue, InSemi acquisition, contracts, hiring, or share price performance."
20240401041500-659,20240401041500,news18.com,https://www.news18.com/business/stock-market-updates-sensex-jumps-300-points-nifty-above-22450-infosys-gains-1-8835202.html,"Stock Market Updates: Sensex Jumps 300 Points, Nifty Above 22,450; Infosys Gains 1%",DIRECTLY_RELEVANT,"Infosys Q4 FY24 earnings, revenue, InSemi acquisition, contracts, hiring, or share price performance."
20240401043000-T838,20240401043000,punjabkesari.in,https://www.punjabkesari.in/national/news/stock-market-shoot-up-500-points-1960917,"कारोबारी सप्ताह के पहले दिन तेजी के साथ खुला शेयर बाजार, सेंसेक्स 500 अंक ऊपर, निफ्टी 22,483 पर",NOT_RELEVANT,Unrelated candidate
20240401044500-563,20240401044500,hindustantimes.com,https://www.hindustantimes.com/business/stock-market-today-sensex-nifty-hit-record-high-on-first-day-of-fy25-3-key-factors-behind-rally-101711945364784.html,"Stock market today| Sensex, Nifty hit record high on first day of FY25: 3 key factors behind rally",NOT_RELEVANT,Unrelated candidate
20240401050000-396,20240401050000,businessinsider.com,https://markets.businessinsider.com/news/stocks/sensex-nifty-climb-in-early-trade-metal-stocks-outperform-on-china-data-1033210063,"Sensex, Nifty Climb In Early Trade; Metal Stocks Outperform On China Data",NOT_RELEVANT,Unrelated candidate
20240401051500-845,20240401051500,marketscreener.com,https://www.marketscreener.com/quote/index/NIFTY-50-9743680/news/INDIA-STOCKS-Indian-shares-hit-record-high-on-boost-from-China-US-data-46327331/,"INDIA STOCKS-Indian shares hit record high on boost from China, US data",NOT_RELEVANT,Unrelated candidate
20240401051500-324,20240401051500,dnaindia.com,https://www.dnaindia.com/business/report-narayana-murthy-s-infosys-to-get-rs-63290000000-from-income-tax-department-3083600,Narayana Murthy's Infosys to get Rs 63290000000 from Income Tax Department,DIRECTLY_RELEVANT,Infosys corporate governance / strategy
20240401053000-407,20240401053000,news18.com,https://www.news18.com/business/infosys-to-receive-rs-6329-cr-tax-refund-from-it-dept-8835241.html,"Infosys To Receive Rs 6,329 Cr Tax Refund From IT Dept",DIRECTLY_RELEVANT,"Infosys Q4 FY24 earnings, revenue, InSemi acquisition, contracts, hiring, or share price performance."
20240401053000-168,20240401053000,indiatimes.com,https://economictimes.indiatimes.com/markets/stocks/stock-watch/stock-market-update-nifty-it-index-advances-0-64-in-an-upbeat-market/articleshow/108932458.cms,Indices: Stock market update: Nifty IT index advances 0.64% in an upbeat market,NOT_RELEVANT,Unrelated candidate
20240401053000-T1581,20240401053000,pudhari.news,https://pudhari.news/features/arthabhan/764765/arthavarta-article/ar,Stock Market | अर्थवार्ता- निफ्टीमधील ५० पैकी 'या' ४८ समभागांत वाढ,NOT_RELEVANT,Unrelated candidate
20240401054500-130,20240401054500,moneycontrol.com,https://www.moneycontrol.com/news/business/markets/infy-trades-higher-as-morgan-stanley-retains-overweight-call-awaits-fy25-revenue-guidance-12552711.html,"Infy trades higher as Morgan Stanley retains 'overweight' call, awaits FY25 revenue guidance",DIRECTLY_RELEVANT,"Infosys Q4 FY24 earnings, revenue, InSemi acquisition, contracts, hiring, or share price performance."
20240401060000-862,20240401060000,outlookindia.com,https://business.outlookindia.com/markets/stocks-to-watch-hdfc-bank-rvnl-infosys-and-others-in-news,"Stocks To Watch: HDFC Bank, RVNL, Infosys, And Others In News",DIRECTLY_RELEVANT,"Infosys Q4 FY24 earnings, revenue, InSemi acquisition, contracts, hiring, or share price performance."
20240401060000-366,20240401060000,indiatimes.com,https://economictimes.indiatimes.com/markets/expert-view/play-power-theme-with-3-stocks-for-next-one-year-it-largecaps-to-do-well-rahul-shah/articleshow/108933533.cms,NTPC | REC | PFC: Play power theme with 3 stocks for next one year; IT largecaps to do well: Rahul Shah,NOT_RELEVANT,Unrelated candidate
20240401061500-1117,20240401061500,indiatimes.com,https://economictimes.indiatimes.com/mf/analysis/tech-betting-mutual-fund-investors-lose-over-4-in-march-will-april-be-different/articleshow/108933960.cms,Tech-betting mutual fund investors lose over 4% in March. Will April be different?,NOT_RELEVANT,Unrelated candidate
20240401063000-763,20240401063000,ticker.com,"https://ticker.com/Asia-Stock-Movers-News-Today/India--Movers:-Chennai-Petroleum,-Garden-Reach,-Indian-Oil,-Infosys,-NCC,-Prestige-Estates,-RVNL,-Torrent-Power,-Veranda-Learning/Apr%201-2024/T-28053","India Movers: Chennai Petroleum, Garden Reach, Indian Oil, Infosys, NCC, Prestige Estates, RVNL, Torrent Power, Veranda Learning",DIRECTLY_RELEVANT,"Infosys Q4 FY24 earnings, revenue, InSemi acquisition, contracts, hiring, or share price performance."
20240401063000-398,20240401063000,indiatimes.com,https://economictimes.indiatimes.com/markets/stocks/news/hot-stocks-brokerage-view-on-gail-icici-lombard-pnb-housing-and-infosys/articleshow/108934409.cms,"Hot Stocks: Brokerage view on GAIL, ICICI Lombard, PNB Housing and Infosys",DIRECTLY_RELEVANT,"Infosys Q4 FY24 earnings, revenue, InSemi acquisition, contracts, hiring, or share price performance."
20240401071500-985,20240401071500,fortuneindia.com,https://www.fortuneindia.com/long-reads/off-balance-how-global-equity-indices-undermine-india-story/116289,"Fortune India: Business News, Strategy, Finance and Corporate Insight",NOT_RELEVANT,Unrelated candidate
20240401080000-302,20240401080000,siliconindia.com,https://www.siliconindia.com/news/general/stocks-to-monitor-infosys-india-cements-hdfc-bank-hal-boi-iocl-zomato-nid-228742-cid-1.html,"Stocks to Monitor: Infosys, India Cements, HDFC Bank, HAL, BOI, IOCL, Zomato",DIRECTLY_RELEVANT,"Infosys Q4 FY24 earnings, revenue, InSemi acquisition, contracts, hiring, or share price performance."
20240401081500-572,20240401081500,forextv.com,https://forextv.com/forex-analysis/sensex-nifty-climb-in-early-trade-metal-stocks-outperform-on-china-data/,"Sensex, Nifty Climb In Early Trade; Metal Stocks Outperform On China Data",NOT_RELEVANT,Unrelated candidate
20240401081500-1316,20240401081500,indiainfoline.com,https://www.indiainfoline.com/news/companies/infosys-set-for-6300-crore-windfall-from-tax-refunds,"Infosys Set for ₹6,300 Crore Windfall from Tax Refunds",DIRECTLY_RELEVANT,"Infosys Q4 FY24 earnings, revenue, InSemi acquisition, contracts, hiring, or share price performance."
20240401081500-1292,20240401081500,rttnews.com,https://www.rttnews.com/story.aspx?Id=3435856,"Sensex, Nifty Climb In Early Trade; Metal Stocks Outperform On China Data",NOT_RELEVANT,Unrelated candidate
20240401084500-560,20240401084500,rttnews.com,https://www.rttnews.com/3435856/sensex-nifty-climb-in-early-trade-metal-stocks-outperform-on-china-data.aspx,"Sensex, Nifty Climb In Early Trade; Metal Stocks Outperform On China Data",NOT_RELEVANT,Unrelated candidate
20240401094500-609,20240401094500,news18.com,https://www.news18.com/business/tcs-infosys-wipro-q4-results-it-firms-likely-to-post-weak-earnings-8835471.html,"TCS, Infosys, Wipro Q4 Results: IT Firms Likely To Post Weak Earnings",DIRECTLY_RELEVANT,"Infosys Q4 FY24 earnings, revenue, InSemi acquisition, contracts, hiring, or share price performance."
20240401103000-1408,20240401103000,whatech.com,https://whatech.com/og/markets-research/it/800113-managed-security-services-market-size-to-hit-usd-66-52billion-by-2030-latest-report-by-exactitude-consultancy,Managed Security Services Market Size to Hit USD 66.52billion by 2030 As Revealed In New Report,NOT_RELEVANT,Unrelated candidate
20240401111500-306,20240401111500,livemint.com,https://www.livemint.com/market/mark-to-market/optimism-on-persistent-systems-put-to-test-after-a-robust-run-11711965663824.html,Optimism on Persistent Systems put to test after a robust run,NOT_RELEVANT,Unrelated candidate
20240401114500-570,20240401114500,indiatimes.com,https://economictimes.indiatimes.com/markets/stocks/stock-watch/stock-market-update-nifty-it-index-advances-0-41/articleshow/108945320.cms,Indices: Stock market update: Nifty IT index advances 0.41%,NOT_RELEVANT,Unrelated candidate
20240401120000-T1264,20240401120000,moneycontrol.com,https://hindi.moneycontrol.com/news/markets/it-stocks-infosys-tcs-are-analysts-top-picks-based-on-three-factors-1882181.html,"Infosys-TCS पर ब्रोकरेज ने खेला तगड़ा दांव, बताई ये तीन अहम वजह",DIRECTLY_RELEVANT,"Infosys Q4 FY24 earnings, revenue, InSemi acquisition, contracts, hiring, or share price performance."
20240401123000-93,20240401123000,prokerala.com,https://www.prokerala.com/news/articles/a1519440.html,Towards Zero Hunger: PM Modi extends support to India's Permanent Mission to UN,NOT_RELEVANT,Unrelated candidate
20240401123000-947,20240401123000,prokerala.com,https://www.prokerala.com/news/articles/a1519442.html,Towards Zero Hunger: PM Modi extends support to India's Permanent Mission to UN,NOT_RELEVANT,Unrelated candidate
20240401123000-975,20240401123000,prokerala.com,https://www.prokerala.com/news/articles/a1519431.html,Towards Zero Hunger: PM Modi to address India's Permanent Mission to UN,NOT_RELEVANT,Unrelated candidate
20240401131500-319,20240401131500,businesstoday.in,https://www.businesstoday.in/latest/trends/story/terrible-service-no-announcement-no-clarity-mohandas-pai-slams-vistara-for-last-minute-flight-delay-423788-2024-04-01,"'Terrible service, no announcement, no clarity...': Mohandas Pai slams Vistara for last-minute flight delay",NOT_RELEVANT,Unrelated candidate
20240401140000-338,20240401140000,prokerala.com,https://www.prokerala.com/news/articles/a1519451.html,Towards Zero Hunger: PM Modi extends support to India's Permanent Mission to UN,NOT_RELEVANT,Unrelated candidate
20240401153000-996,20240401153000,moneycontrol.com,https://www.moneycontrol.com/news/business/companies/infosys-receives-tax-demand-of-rs-341-crore-from-i-t-dept-12556861.html,Infosys receives tax demand of Rs 341 crore from I-T dept,DIRECTLY_RELEVANT,"Infosys Q4 FY24 earnings, revenue, InSemi acquisition, contracts, hiring, or share price performance."
20240401160000-414,20240401160000,thehindubusinessline.com,https://www.thehindubusinessline.com/companies/infosys-receives-tax-demand-of-341-crore/article68017004.ece,Infosys receives tax demand of ₹341 crore - The Hindu BusinessLine,DIRECTLY_RELEVANT,"Infosys Q4 FY24 earnings, revenue, InSemi acquisition, contracts, hiring, or share price performance."
20240401161500-221,20240401161500,indiatimes.com,https://timesofindia.indiatimes.com/business/india-business/innoviti-completes-first-close-of-its-pre-ipo-round-with-rs-40-crore-fundraise/articleshow/108951600.cms,Innoviti completes first close of its pre-IPO round with Rs 40 crore fundraise,NOT_RELEVANT,Unrelated candidate
20240401161500-1731,20240401161500,theenterpriseleader.com,https://theenterpriseleader.com/2024/04/01/alta-capital-management-llc-lowers-holdings-in-infosys-limited-nyseinfy.html,Alta Capital Management LLC Lowers Holdings in Infosys Limited (NYSE:INFY),DIRECTLY_RELEVANT,"Infosys Q4 FY24 earnings, revenue, InSemi acquisition, contracts, hiring, or share price performance."
20240401170000-1110,20240401170000,deccanherald.com,https://www.deccanherald.com/business/companies/infosys-gets-rs-341-crore-tax-demand-for-assessment-year-2020-21-2960788,Infosys gets Rs 341 crore tax demand for assessment year 2020-21,DIRECTLY_RELEVANT,"Infosys Q4 FY24 earnings, revenue, InSemi acquisition, contracts, hiring, or share price performance."
20240401173000-307,20240401173000,businesstoday.in,https://www.businesstoday.in/magazine/editors-note/story/rebooting-tech-mahindra-new-ceo-mohit-joshi-takes-charge-423774-2024-04-01,Rebooting Tech Mahindra: New CEO Mohit Joshi takes charge,NOT_RELEVANT,Unrelated candidate
20240401173000-735,20240401173000,livemint.com,https://www.livemint.com/companies/news/infosys-receives-demand-of-341-crore-from-income-tax-department-11711986154291.html,Infosys gets demand notice of ₹341 crore from income tax department,DIRECTLY_RELEVANT,"Infosys Q4 FY24 earnings, revenue, InSemi acquisition, contracts, hiring, or share price performance."
20240401180000-361,20240401180000,thehindubusinessline.com,https://www.thehindubusinessline.com/info-tech/infosys-receives-tax-demand-of-341-crore/article68017004.ece,Infosys receives tax demand of ₹341 crore - The Hindu BusinessLine,DIRECTLY_RELEVANT,"Infosys Q4 FY24 earnings, revenue, InSemi acquisition, contracts, hiring, or share price performance."
20240401183000-885,20240401183000,sdtimes.com,https://sdtimes.com/softwaredev/march-2024-people-on-the-move/,March 2024: People on the Move,NOT_RELEVANT,Unrelated candidate
20240401183000-603,20240401183000,briefingwire.com,https://www.briefingwire.com/pr/intelligent-process-automation-market-to-move-forward-at-a-double-digit-cagr-by-2030,Intelligent Process Automation Market to move forward at a double-digit CAGR by 2030,NOT_RELEVANT,Unrelated candidate
20240401184500-1464,20240401184500,ndtv.com,https://www.ndtv.com/india-news/infosys-receives-rs-341-crore-tax-demand-for-assessment-year-2020-21-5354312,Infosys Receives Rs 341 Crore Tax Demand For Assessment Year 2020-21,DIRECTLY_RELEVANT,"Infosys Q4 FY24 earnings, revenue, InSemi acquisition, contracts, hiring, or share price performance."
20240401193000-1219,20240401193000,livemint.com,https://www.livemint.com/opinion/online-views/it-firms-mustn-t-miss-warning-signals-from-accenture-11711975824515.html,IT firms mustn't miss warning signals from Accenture,NOT_RELEVANT,Unrelated candidate
20240401194500-307,20240401194500,whatech.com,https://whatech.com/og/markets-research/industrial/800520-connected-logistics-market-surges-toward-usd-41-51-billion-by-2030-driven-by-seamless-integration-and-customer-centric-solutions,"Connected Logistics Market Surges Toward USD 41.51 Billion by 2030, Driven by Seamless Integration and Customer-Centric Solutions",NOT_RELEVANT,Unrelated candidate
20240401194500-1595,20240401194500,dailypolitical.com,https://www.dailypolitical.com/2024/04/01/hsbc-upgrades-infosys-nyseinfy-to-buy.html,HSBC Upgrades Infosys (NYSE:INFY) to Buy,DIRECTLY_RELEVANT,"Infosys Q4 FY24 earnings, revenue, InSemi acquisition, contracts, hiring, or share price performance."
20240401194500-1925,20240401194500,rediff.com,https://www.rediff.com/business/report/infosys-gets-rs-341-crore-tax-demand-for-assessment-year-2020-21/20240401.htm,Infosys gets Rs 341 crore tax demand for assessment year 2020-21,DIRECTLY_RELEVANT,"Infosys Q4 FY24 earnings, revenue, InSemi acquisition, contracts, hiring, or share price performance."
20240401201500-844,20240401201500,themarketsdaily.com,https://www.themarketsdaily.com/2024/04/01/hsbc-upgrades-infosys-nyseinfy-to-buy.html,HSBC Upgrades Infosys (NYSE:INFY) to Buy,DIRECTLY_RELEVANT,"Infosys Q4 FY24 earnings, revenue, InSemi acquisition, contracts, hiring, or share price performance."
20240401201500-2107,20240401201500,yourstory.com,https://social.yourstory.com:443/enterprise-story/2024/04/infosys-gets-tax-demand-it-department-cyber-threats,YourStory | Stories about startups & entrepreneurships,NOT_RELEVANT,Unrelated candidate
20240401204500-T482,20240401204500,moneycontrol.com,https://hindi.moneycontrol.com/news/markets/infosys-share-price-receives-tax-demand-of-rs-341-crore-from-it-dept-1883081.html,"Infosys को मिला 341 करोड़ रुपये का टैक्स डिमांड नोटिस, जानिए डिटेल",DIRECTLY_RELEVANT,"Infosys Q4 FY24 earnings, revenue, InSemi acquisition, contracts, hiring, or share price performance."
20240401210000-577,20240401210000,yourstory.com,https://her.yourstory.com:443/enterprise-story/2024/04/infosys-gets-tax-demand-it-department-cyber-threats,YourStory | Stories about startups & entrepreneurships,NOT_RELEVANT,Unrelated candidate
20240401210000-1502,20240401210000,yourstory.com,https://yourstory.com:443/enterprise-story/2024/04/infosys-gets-tax-demand-it-department-cyber-threats,YourStory | Stories about startups & entrepreneurships,NOT_RELEVANT,Unrelated candidate
20240401210000-1715,20240401210000,insidermonkey.com,https://www.insidermonkey.com/blog/better-home-finance-holding-company-nysebetr-q4-2023-earnings-call-transcript-1284469/,Better Home & Finance Holding Company (NYSE:BETR) Q4 2023 Earnings Call Transcript,NOT_RELEVANT,Unrelated candidate
20240401211500-1677,20240401211500,hindustantimes.com,https://www.hindustantimes.com/books/report-the-kolkata-literary-meet-2024-101711998918968.html,Report: The Kolkata Literary Meet 2024,NOT_RELEVANT,Unrelated candidate
20240401214500-1158,20240401214500,wkrb13.com,https://www.wkrb13.com/2024/04/01/equities-research-analysts-updated-eps-estimates-for-april-1st-ba-biib-bmy-c-cvx-infy-mrna-piii-plnt-rcl.html,"Equities Research Analysts' Updated EPS Estimates for April 1st (BA, BIIB, BMY, C, CVX, INFY, MRNA, PIII, PLNT, RCL)",DIRECTLY_RELEVANT,"Infosys Q4 FY24 earnings, revenue, InSemi acquisition, contracts, hiring, or share price performance."
20240401224500-1484,20240401224500,chiangraitimes.com,https://www.chiangraitimes.com/business/2020-21-infosys-receives-341-million/,"For 2020-21, Infosys Receives $341 Million Tax Demand",DIRECTLY_RELEVANT,"Infosys Q4 FY24 earnings, revenue, InSemi acquisition, contracts, hiring, or share price performance."
20240402011500-1477,20240402011500,indiatimes.com,https://economictimes.indiatimes.com/markets/stocks/news/stocks-in-news-abfrl-hero-motocorp-infosys-ril-bharat-electronics/articleshow/108958004.cms,"Stocks in news: Stocks in news: ABFRL, Hero MotoCorp, Infosys, RIL, Bharat Electronics",DIRECTLY_RELEVANT,"Infosys Q4 FY24 earnings, revenue, InSemi acquisition, contracts, hiring, or share price performance."
20240402011500-1502,20240402011500,indiatimes.com,https://economictimes.indiatimes.com/tech/information-tech/infosys-calls-employees-to-work-from-office-for-in-person-collab-weeks/articleshow/108952779.cms,Infosys: Infosys calls employees to work from office for In-Person Collab Weeks,DIRECTLY_RELEVANT,"Infosys Q4 FY24 earnings, revenue, InSemi acquisition, contracts, hiring, or share price performance."
20240402023000-463,20240402023000,indiatimes.com,https://economictimes.indiatimes.com/tech/newsletters/morning-dispatch/zeptos-300-million-funding-meta-taps-reliance-for-data-centre/articleshow/108958272.cms,Zepto's $300 million funding; Meta taps Reliance for data centre,NOT_RELEVANT,Unrelated candidate
20240402023000-1299,20240402023000,thehindubusinessline.com,https://www.thehindubusinessline.com/markets/stock-market-live-updates-asian-markets-rise-nikkei-225-hits-40000-mark/article68016082.ece,"Stock Market Live Updates: Asian markets rise, Nikkei 225 hits 40,000 mark",NOT_RELEVANT,Unrelated candidate
20240402023000-1218,20240402023000,thehindubusinessline.com,https://www.thehindubusinessline.com/portfolio/day-trading-guide/day-trading-guide-april-02-2024/article68015870.ece,"Day trading guide for April 02, 2024: Intraday supports, resistances for Nifty50 stocks",NOT_RELEVANT,Unrelated candidate
20240402024500-684,20240402024500,moneycontrol.com,https://www.moneycontrol.com/news/business/markets/stock-market-today-top-10-things-to-know-before-the-market-opens-263-12556511.html,Stock Market Today: Top 10 things to know before the market opens,NOT_RELEVANT,Unrelated candidate
20240402033000-56,20240402033000,marketscreener.com,https://www.marketscreener.com/news/latest/Indian-shares-set-to-open-higher-tracking-Asian-peers-46333324/,Indian shares set to open higher tracking Asian peers,NOT_RELEVANT,Unrelated candidate
20240402034500-537,20240402034500,rashtranews.com,https://www.rashtranews.com/bears-return-to-d-street-after-two-day-rally-sensex-tumbles-over-700-points-nifty-ends-below-17200/,"Bears return to D-Street after two-day rally; Sensex tumbles over 700 points, Nifty ends below 17,200",NOT_RELEVANT,Unrelated candidate
20240402034500-287,20240402034500,businesstoday.in,https://www.businesstoday.in/markets/company-stock/story/bharat-dynamics-tvs-holdings-gpt-healthcare-shares-to-go-ex-dividend-today-423824-2024-04-02,"Bharat Dynamics, TVS Holdings, GPT Healthcare shares to go ex-dividend today",NOT_RELEVANT,Unrelated candidate
20240402043000-791,20240402043000,moneycontrol.com,https://www.moneycontrol.com/news/business/markets/sensex-nifty-trade-lower-analysts-recommend-buy-on-dips-12558511.html,"Sensex, Nifty trade flat ahead of RBI meet, analysts recommend 'buy on dips'",NOT_RELEVANT,Unrelated candidate
20240402043000-672,20240402043000,indiatimes.com,https://telecom.economictimes.indiatimes.com/news/enterprise-services/infosys-calls-employees-to-work-from-office-for-in-person-collab-weeks/108958971,"Infosys calls employees to work from office for 'In-Person Collab Weeks', ET Telecom",DIRECTLY_RELEVANT,"Infosys Q4 FY24 earnings, revenue, InSemi acquisition, contracts, hiring, or share price performance."
20240402043000-839,20240402043000,wn.com,https://article.wn.com/view/2024/04/02/Stocks_that_will_see_action_today_April_2_2024/,"Stocks that will see action today: April 2, 2024",NOT_RELEVANT,Unrelated candidate
20240402043000-286,20240402043000,thehindubusinessline.com,https://www.thehindubusinessline.com/markets/stocks-that-will-see-action-today-april-2-2024/article68018649.ece,Stocks that will see action today: 2 April 2024 - The Hindu BusinessLine,NOT_RELEVANT,Unrelated candidate
20240402044500-635,20240402044500,financialexpress.com,https://www.financialexpress.com/market/stocks-to-watch-aditya-birla-fashion-maruti-suzuki-ashok-leyland-hero-motocorp-infosys-3443382/,"Stocks To Watch: Aditya Birla Fashion, Maruti Suzuki, Ashok Leyland, Hero MotoCorp, Infosys",DIRECTLY_RELEVANT,"Infosys Q4 FY24 earnings, revenue, InSemi acquisition, contracts, hiring, or share price performance."
20240402053000-430,20240402053000,aninews.in,https://www.aninews.in/news/business/innoviti-raises-rs-40-crores-in-first-close-of-series-e-round20240402101304/,Innoviti Raises Rs. 40 Crores in First Close of Series E Round,NOT_RELEVANT,Unrelated candidate
20240402053000-757,20240402053000,rttnews.com,https://www.rttnews.com/3436122/sensex-nifty-subdued-in-early-trade-auto-and-it-stocks-lead-losses.aspx,"Sensex, Nifty Subdued In Early Trade; Auto And IT Stocks Lead Losses",NOT_RELEVANT,Unrelated candidate
20240402054500-459,20240402054500,adgully.com,https://www.adgully.com/in-ai-era-pr-companies-must-undergo-a-metamorphosis-to-stay-relevant-ameer-ismail-143899.html,"In AI era, PR companies must undergo a metamorphosis to stay relevant: Ameer Ismail",NOT_RELEVANT,Unrelated candidate
20240402054500-1295,20240402054500,siasat.com,https://www.siasat.com/markets-fall-in-early-trade-on-profit-taking-foreign-fund-outflows-3002395/,"Markets fall in early trade on profit-taking, foreign fund outflows",NOT_RELEVANT,Unrelated candidate
20240402054500-1265,20240402054500,thehindu.com,https://www.thehindu.com/business/markets/markets-fall-in-early-trade-on-profit-taking-foreign-fund-outflows/article68018733.ece,"Markets fall in early trade on profit-taking, foreign fund outflows",NOT_RELEVANT,Unrelated candidate
20240402054500-624,20240402054500,devdiscourse.com,https://www.devdiscourse.com/article/technology/2875394-innoviti-raises-rs-40-crores-in-first-close-of-series-e-round,Innoviti Raises Rs. 40 Crores in First Close of Series E Round,NOT_RELEVANT,Unrelated candidate
20240402060000-838,20240402060000,theweek.in,https://www.theweek.in/news/biz-tech/2024/04/02/markets-fall-in-early-trade-on-profit-making-foreign-fund-outflows.html,"Markets fall in early trade on profit-making, foreign fund outflows",NOT_RELEVANT,Unrelated candidate
20240402060000-734,20240402060000,theweek.in,https://www.theweek.in/wire-updates/business/2024/04/02/dcm10-innoviti-technologies-pvt.-ltd..html,Innoviti Raises Rs. 40 Crores in First Close of Series E Round,NOT_RELEVANT,Unrelated candidate
20240402060000-859,20240402060000,indiatimes.com,https://economictimes.indiatimes.com/news/india/its-biz-as-usual-at-electronics-city-as-other-bengaluru-industrial-suburbs-battle-water-crisis/articleshow/108963291.cms,It's biz as usual at Electronics City as other Bengaluru industrial suburbs battle water crisis,NOT_RELEVANT,Unrelated candidate
20240402060000-385,20240402060000,news18.com,https://www.news18.com/business/stocks-to-watch-infosys-zomato-ril-hdfc-bank-ntpc-maruti-ashok-leyland-and-others-8836429.html,"Stocks to Watch: Infosys, Zomato, RIL, HDFC Bank, NTPC, Maruti, Ashok Leyland, and Others",DIRECTLY_RELEVANT,"Infosys Q4 FY24 earnings, revenue, InSemi acquisition, contracts, hiring, or share price performance."
20240402061500-367,20240402061500,newsx.com,https://www.newsx.com/top-news/vistara-flight-disruptions-escalate-numerous-flights-cancelled-nationwide/,"Vistara Flight Disruptions Escalate, Numerous Flights Cancelled Nationwide",NOT_RELEVANT,Unrelated candidate
20240402061500-T19,20240402061500,lokmat.com,https://www.lokmat.com/business/stock-market/opening-bell-sensex-nifty-opens-flat-jsw-steel-falls-bajaj-auto-gains-share-market-bse-nse-a-a720/,"Opening Bell: सेन्सेक्स-निफ्टीची फ्लॅट सुरुवात; JSW स्टील घसरला, बजाज ऑटोमध्ये तेजी",NOT_RELEVANT,Unrelated candidate
20240402063000-T1439,20240402063000,moneycontrol.com,https://hindi.moneycontrol.com/news/markets/buzzing-stocks-in-news-from-infosys-to-zomato-these-10-shares-are-making-headlines-today-1883391.html,"Buzzing Stocks: इंफोसिस से लेकर जोमैटो तक, आज इन 10 शेयरों पर निवेशक रखें नजर",DIRECTLY_RELEVANT,"Infosys Q4 FY24 earnings, revenue, InSemi acquisition, contracts, hiring, or share price performance."
20240402070000-768,20240402070000,telegraphindia.com,https://www.telegraphindia.com/feeds/business/markets-fall-in-early-trade-on-profit-taking-foreign-fund-outflows/cid/2010609,"Stock market | Markets fall in early trade on profit-taking, foreign fund outflows",NOT_RELEVANT,Unrelated candidate
20240402071500-212,20240402071500,aninews.in,https://aninews.in/news/business/innoviti-raises-rs-40-crores-in-first-close-of-series-e-round20240402101304/,Innoviti Raises Rs. 40 Crores in First Close of Series E Round,NOT_RELEVANT,Unrelated candidate
20240402071500-520,20240402071500,firstpost.com,https://www.firstpost.com/explainers/vistara-flight-delays-cancellations-crew-shortages-13755077.html,"Flight delays, cancellations, crew shortages: What's going on at Vistara?",NOT_RELEVANT,Unrelated candidate
20240402073000-354,20240402073000,outlookindia.com,https://business.outlookindia.com/markets/stocks-to-watch-hero-motocorp-maruti-suzuki-infosys-and-others-in-news,"Stocks To Watch: Hero MotoCorp, Maruti Suzuki, Infosys, And Others In News",DIRECTLY_RELEVANT,"Infosys Q4 FY24 earnings, revenue, InSemi acquisition, contracts, hiring, or share price performance."
20240402073000-219,20240402073000,siliconindia.com,https://www.siliconindia.com/news/general/stocks-on-focus-abfrl-infosys-ril-airtel-vi-sanofi-hal-aurobindo-pharma-nid-228767-cid-1.html,"Stocks on Focus: ABFRL, Infosys, RIL, Airtel, Vi, Sanofi, HAL, Aurobindo Pharma",DIRECTLY_RELEVANT,"Infosys Q4 FY24 earnings, revenue, InSemi acquisition, contracts, hiring, or share price performance."
20240402074500-158,20240402074500,dailypioneer.com,https://www.dailypioneer.com/2024/business/markets-fall-in-early-trade-on-profit-taking--foreign-fund-outflows.html,"Markets fall in early trade on profit-taking, foreign fund outflows",NOT_RELEVANT,Unrelated candidate
20240402081500-879,20240402081500,indiainfoline.com,https://www.indiainfoline.com/news/business/infosys-faces-341-crore-tax-demand-evaluates-financial-impact,"Infosys Faces ₹341 Crore Tax Demand, Evaluates Financial Impact",DIRECTLY_RELEVANT,"Infosys Q4 FY24 earnings, revenue, InSemi acquisition, contracts, hiring, or share price performance."
20240402081500-T2640,20240402081500,punjabkesari.in,https://www.punjabkesari.in/business/news/info-gets-notice-of-rs-341-crore-from-income-tax-1961387,Infosys को मिला इनकम टैक्स से 341 करोड़ का नोटिस - info gets notice of rs 341 crore from income tax,DIRECTLY_RELEVANT,"Infosys Q4 FY24 earnings, revenue, InSemi acquisition, contracts, hiring, or share price performance."
20240402083000-10,20240402083000,rttnews.com,https://www.rttnews.com/story.aspx?Id=3436122,"Sensex, Nifty Subdued In Early Trade; Auto And IT Stocks Lead Losses",NOT_RELEVANT,Unrelated candidate
20240402084500-900,20240402084500,businesstoday.in,https://www.businesstoday.in/interactive/photo-essay/tech-mahindra-s-big-push-for-growth-will-new-ceo-md-mohit-joshi-s-strategy-work-201-01-04-2024,Tech Mahindra's big push for growth: Will new CEO & MD Mohit Joshi's strategy work?,NOT_RELEVANT,Unrelated candidate
20240402084500-842,20240402084500,webindia123.com,https://news.webindia123.com/news/Articles/Business/20240402/4183817.html,Innoviti Raises Rs. 40 Crores in First Close of Series E Round,NOT_RELEVANT,Unrelated candidate
20240402094500-1586,20240402094500,forbesindia.com,https://www.forbesindia.com/article/news/it-and-ites-see-big-fall-in-private-and-venture-investments/92381/1,IT And ITES See Big Fall In Private And Venture Investments,NOT_RELEVANT,Unrelated candidate
20240402094500-311,20240402094500,forbesindia.com,https://www.forbesindia.com/article/storyboard18/purpose-the-cornerstone-of-timeless-brands/92379/1,Purpose: The Cornerstone Of Timeless Brands,NOT_RELEVANT,Unrelated candidate
20240402100000-621,20240402100000,telegraphindia.com,https://www.telegraphindia.com/business/markets-fall-in-early-trade-on-profit-taking-foreign-fund-outflows/cid/2010609,"Stock market | Markets fall in early trade on profit-taking, foreign fund outflows",NOT_RELEVANT,Unrelated candidate
20240402101500-1516,20240402101500,theonlinecitizen.com,https://www.theonlinecitizen.com/2023/02/05/local-it-grads-cant-find-jobs-while-engineers-constantly-transferred-from-india-to-work-in-sg-under-ceca/,Local IT grads can't find jobs while engineers constantly transferred from India to work in SG under CECA,NOT_RELEVANT,Unrelated candidate
20240402110000-608,20240402110000,themarketsdaily.com,https://www.themarketsdaily.com/2024/04/02/infosys-limited-nyseinfy-given-consensus-rating-of-moderate-buy-by-analysts.html,"Infosys Limited (NYSE:INFY) Given Consensus Rating of ""Moderate Buy"" by Analysts",DIRECTLY_RELEVANT,"Infosys Q4 FY24 earnings, revenue, InSemi acquisition, contracts, hiring, or share price performance."
20240402110000-1109,20240402110000,orissapost.com,https://www.orissapost.com/stock-markets-snap-three-day-winning-run-sensex-down-110-pts-on-profit-taking-foreign-fund-outflows/,"Stock markets snap three-day winning run; Sensex down 110 pts on profit-taking, foreign fund outflows",NOT_RELEVANT,Unrelated candidate
20240402111500-767,20240402111500,financialexpress.com,https://www.financialexpress.com/market/closing-bell-markets-ends-flat-nifty-closes-above-22450-sensex-near-73900-media-and-metal-stocks-shine-on-april-2-3444044/,"Closing Bell: Markets ends flat! Nifty closes above 22,450, Sensex near 73,900; Media and Metal stocks shine on April 2",NOT_RELEVANT,Unrelated candidate
20240402111500-826,20240402111500,livemint.com,https://www.livemint.com/market/stock-market-news/top-gainers-and-losers-today-on-2-april-2024-tata-consumer-mahindra-mahindra-hero-motocorp-kotak-mahindra-bank-among-most-active-stocks-check-full-list-here-11712053997093.html,"Top Gainers and Losers today on 2 April, 2024: Tata Consumer, Mahindra & Mahindra, Hero Motocorp, Kotak Mahindra Bank among most active stocks; Check full list here",NOT_RELEVANT,Unrelated candidate
20240402113000-1004,20240402113000,indiatimes.com,https://timesofindia.indiatimes.com/business/india-business/closing-bell-sensex-decline-around-100-points-nifty-settles-at-22453/articleshow/108973580.cms,"Closing bell: Sensex decline around 100 points, Nifty settles at 22,453",NOT_RELEVANT,Unrelated candidate
20240402113000-T2589,20240402113000,moneycontrol.com,https://hindi.moneycontrol.com/news/markets/share-market-today-sensex-ends-down-110pts-but-investor-earns-rs-2-52-lakh-crore-in-a-day-1884411.html,"Share Market: सेंसेक्स 110 अंक लुढ़का, फिर भी निवेशकों की ₹2.52 लाख करोड़ बढ़ गई संपत्ति, जानें कारण",NOT_RELEVANT,Unrelated candidate
20240402114500-T677,20240402114500,pudhari.news,https://pudhari.news/features/arthabhan/765964/sensex-down-110-points-nifty-on-22453/ar,"Share Market Closing Bell | विक्रमी उच्चांकानंतर बाजारात सुस्ती! सेन्सेक्स ७३,९०३ वर बंद, स्मॉल, मिडकॅप तेजीत",NOT_RELEVANT,Unrelated candidate
20240402120000-15,20240402120000,yahoo.com,https://www.yahoo.com/news/poor-nations-writing-handbook-getting-112146517.html,Poor Nations Are Writing a New Handbook for Getting Rich,NOT_RELEVANT,Unrelated candidate
20240402120000-491,20240402120000,tribuneindia.com,https://www.tribuneindia.com/news/business/stock-markets-snap-3-day-winning-run-sensex-down-110-points-on-profit-taking-foreign-fund-outflows-606627,"Stock markets snap 3-day winning run; Sensex down 110 points on profit-taking, foreign fund outflows",NOT_RELEVANT,Unrelated candidate
20240402120000-318,20240402120000,freepressjournal.in,https://www.freepressjournal.in/business/indian-stock-markets-close-in-red-sensex-at-7390391-nifty-below-22500-mm-tata-motors-lead-gains,"Indian Stock Markets Close In Red: Sensex At 73,903.91 & Nifty Below 22,500; M&M, Tata Motors Lead Gains",NOT_RELEVANT,Unrelated candidate
20240402120000-1424,20240402120000,thehindu.com,https://www.thehindu.com/business/markets/stock-markets-snap-three-day-winning-run-sensex-down-110-points-on-profit-taking-foreign-fund-outflows/article68019609.ece,"Stock markets snap three-day winning run; Sensex down 110 points on profit-taking, foreign fund outflows",NOT_RELEVANT,Unrelated candidate
20240402121500-177,20240402121500,indiatimes.com,https://economictimes.indiatimes.com/markets/stocks/stock-watch/stock-market-update-power-stocks-up-as-market-falls/articleshow/108976793.cms,Stock Market Sectors: Stock market update: Power stocks up as market falls,NOT_RELEVANT,Unrelated candidate
20240402124500-1911,20240402124500,indiatimes.com,https://timesofindia.indiatimes.com/business/india-business/infosys-work-from-office-mandate-now-it-giant-rolls-out-in-person-collab-weeks-heres-what-the-new-initiative-is-about/articleshow/108972959.cms,"Infosys work from office mandate: Now, IT giant rolls out 'In-Person Collab Weeks' - here's what the new initiative is about",DIRECTLY_RELEVANT,"Infosys Q4 FY24 earnings, revenue, InSemi acquisition, contracts, hiring, or share price performance."
20240402130000-T2416,20240402130000,andhrajyothy.com,https://www.andhrajyothy.com/2024/business/stock-market-news-sensex-down-111-points-sgr-spl-1234138.html,"Stock Market: వరుస లాభాలకు బ్రేక్.. నష్టాల్లో దేశీయ స్టాక్ మార్కెట్లు! | Stock Market News, Sensex down 111 points.. sgr spl",NOT_RELEVANT,Unrelated candidate
20240402141500-1701,20240402141500,indiatimes.com,https://www.indiatimes.com/worth/news/no-wfh-80-to-100-hour-week-sachin-bansals-office-rules-for-his-startup-631376.html,"No WFH, 80 To 100-Hour Week: Flipkart Co-Founder Sachin Bansal's Rules For His Startup 'Navi'",NOT_RELEVANT,Unrelated candidate
20240402143000-1549,20240402143000,thehindubusinessline.com,https://www.thehindubusinessline.com/markets/stock-market-highlights-2-april-2024/article68016082.ece,"Share Market Highlights 2nd April 2024: Sensex, Nifty retreat after three-day rally; profit-taking dominates",NOT_RELEVANT,Unrelated candidate
20240402144500-890,20240402144500,thehindubusinessline.com,https://www.thehindubusinessline.com/economy/it-dept-opens-portal-to-file-returns-for-2025-verification-mechanism-reworded/article68019864.ece,"IT Dept opens portal to file returns for 2025, verification mechanism reworded",NOT_RELEVANT,Unrelated candidate
20240402150000-1463,20240402150000,thehindubusinessline.com,https://www.thehindubusinessline.com/markets/sensex-down-110-pts-on-profit-taking-foreign-fund-outflows/article68019583.ece,"Sensex down 110 pts on profit-taking, foreign fund outflows",NOT_RELEVANT,Unrelated candidate
20240402150000-578,20240402150000,rediff.com,https://www.rediff.com/business/report/sensex-down-111-pts-on-profit-taking-foreign-fund-outflows/20240402.htm,"Sensex down 111 pts on profit-taking, foreign fund outflows",NOT_RELEVANT,Unrelated candidate
20240402151500-624,20240402151500,india.com,https://zeenews.india.com/markets/stock-markets-snap-3-day-winning-run-sensex-down-110-pts-on-profit-taking-foreign-fund-outflows-2736484.html,"Stock Markets Snap 3-day Winning Run; Sensex Down 110 Pts On Profit-taking, Foreign Fund Outflows",NOT_RELEVANT,Unrelated candidate
20240402151500-T1390,20240402151500,punjabkesari.com,https://www.punjabkesari.com/business-news/there-was-a-break-in-the-bullish-trend-in-the-share-market-which-has-been-going-on-for-three-days-sensex-fell-by-111-points/,"Share Market में तीन दिन से जारी तेजी पर लगा ब्रेक, Sensex 111 अंक टूटा There Was A Break In The Bullish Trend In The Share Market Which Has Been Going On For Three Days, Sensex Fell By 111 Points",NOT_RELEVANT,Unrelated candidate
20240402160000-2386,20240402160000,indiatimes.com,https://economictimes.indiatimes.com/jobs/hr-policies-trends/it-services-firms-witness-first-rise-in-hiring-in-20-months/articleshow/108980894.cms,IT services firms witness first rise in hiring in 20 months,NOT_RELEVANT,Unrelated candidate
20240402180000-1488,20240402180000,moneycontrol.com,https://www.moneycontrol.com/news/business/markets/trade-setup-for-wednesday-15-things-to-know-before-opening-bell-27-12563901.html,Trade setup for Wednesday: 15 things to know before opening bell,NOT_RELEVANT,Unrelated candidate
20240402181500-1993,20240402181500,business-standard.com,https://www.business-standard.com/companies/news/from-united-spirits-to-zomato-multiple-companies-get-tax-demand-notices-124040200894_1.html,"From United Spirits to Zomato, multiple companies get tax demand notices",NOT_RELEVANT,Unrelated candidate
20240402184500-1533,20240402184500,benzinga.com,https://www.benzinga.com/news/24/04/38047113/strength-seen-in-evolv-technologies-evlv-can-its-14-8-jump-turn-into-more-strength,"Strength Seen in Evolv Technologies (EVLV): Can Its 14.8% Jump Turn into More Strength? - Infosys (NYSE:INFY), Evolv Technologies (NASDAQ:EVLV)",DIRECTLY_RELEVANT,"Infosys Q4 FY24 earnings, revenue, InSemi acquisition, contracts, hiring, or share price performance."
20240402190000-184,20240402190000,indiatimes.com,https://economictimes.indiatimes.com/news/international/business/poor-nations-are-writing-a-new-handbook-for-getting-rich/articleshow/108983608.cms,Poor nations are writing a new handbook for getting rich,NOT_RELEVANT,Unrelated candidate
20240402193000-1568,20240402193000,prokerala.com,https://www.prokerala.com/news/articles/a1519833.html,India's contribution to food security marks a milestone,NOT_RELEVANT,Unrelated candidate
20240403010000-T637,20240403010000,indiatimes.com,https://navbharattimes.indiatimes.com/business/share-market/share-news/stock-market-prediction-today-earning-opportunity-in-these-stocks-including-tanla-platforms-and-mmtc-will-you-bet/articleshow/108983296.cms,"Stock Market Prediction Today earning opportunity in these stocks including Tanla Platforms and MMTC will you bet: आज Tanla Platforms और MMTC सहित इन शेयरों में कमाई का मौका, क्‍या लगाएंगे दांव",NOT_RELEVANT,Unrelated candidate
20240403014500-721,20240403014500,indiatimes.com,https://timesofindia.indiatimes.com/city/mumbai/sebi-chief-justifies-indian-markets-high-multiples/articleshow/108986063.cms,Sebi Chief: Sebi Chief Justifies Indian Markets' High Multiples | Mumbai News,NOT_RELEVANT,Unrelated candidate
20240403014500-559,20240403014500,thehindubusinessline.com,https://www.thehindubusinessline.com/markets/share-market-nifty-sensex-live-updates-03-april-2024/article68020362.ece,Stock Market Live Updates 03 April 2024: Asian stocks down on prolonged higher interest rate speculation,NOT_RELEVANT,Unrelated candidate
20240403014500-608,20240403014500,thehindubusinessline.com,https://www.thehindubusinessline.com/portfolio/day-trading-guide/day-trading-guide-april-03-2024/article68019977.ece,"Day trading guide for April 03, 2024: Intraday supports, resistances for Nifty50 stocks",NOT_RELEVANT,Unrelated candidate
20240403023000-551,20240403023000,dailyexcelsior.com,https://www.dailyexcelsior.com/stock-markets-snap-3-day-winning-run-sensex-down-110-pts-on-profit-taking-foreign-fund-outflows/,"Stock markets snap 3-day winning run; Sensex down 110 pts on profit-taking, foreign fund outflows",NOT_RELEVANT,Unrelated candidate
20240403023000-789,20240403023000,indiatimes.com,https://economictimes.indiatimes.com/tech/information-tech/it-sectors-challenges-persist-in-q4-guidance-for-fy25-in-focus/articleshow/108982279.cms,IT earnings: IT sector's challenges persist in Q4; guidance for FY25 in focus,NOT_RELEVANT,Unrelated candidate
20240403023000-571,20240403023000,indiatimes.com,https://economictimes.indiatimes.com/tech/newsletters/morning-dispatch/wealthtech-startups-rake-in-funds-ads-on-sound-box-coming-soon/articleshow/108988615.cms,Wealthtech startups rake in funds; ads on sound box coming soon!,NOT_RELEVANT,Unrelated candidate
20240403031500-T279,20240403031500,sakshi.com,https://www.sakshi.com/telugu-news/business/infosys-work-office-mandate-rolls-out-person-collab-weeks-2011211,వర్క్‌ ఫ్రమ్‌ ఆఫీస్‌.. మరో ఎత్తు వేసిన ఇన్ఫోసిస్‌!,DIRECTLY_RELEVANT,"Infosys Q4 FY24 earnings, revenue, InSemi acquisition, contracts, hiring, or share price performance."
20240403043000-T1601,20240403043000,tarunbharat.com,https://www.tarunbharat.com/the-market-closed-with-a-minor-decline-in-the-second-session/,The market closed with a minor decline in the second session,NOT_RELEVANT,Unrelated candidate
20240403043000-T1612,20240403043000,tarunbharat.com,https://www.tarunbharat.com/6329-crore-windfall-tax-refund-to-infosys/,"6,329 crore windfall tax refund to Infosys",DIRECTLY_RELEVANT,"Infosys Q4 FY24 earnings, revenue, InSemi acquisition, contracts, hiring, or share price performance."
20240403044500-852,20240403044500,theweek.in,https://www.theweek.in/wire-updates/international/2024/04/03/fgn37-un-akshaya-patra.html,Akshaya Patra's four billionth meal milestone celebrated at the UN,NOT_RELEVANT,Unrelated candidate
20240403050000-1461,20240403050000,freepressjournal.in,https://www.freepressjournal.in/business/airtel-shares-slide-by-1192-points-as-markets-start-in-red-reflecting-global-trend,"Airtel Shares Slide By 1192 Points As Markets Start In Red, Reflecting Global Trend",NOT_RELEVANT,Unrelated candidate
20240403051500-532,20240403051500,rediff.com,https://www.rediff.com/news/column/electoral-bonds-the-quid-pro-quo-factor/20240403.htm,Electoral Bonds: The Quid Pro Quo Factor,NOT_RELEVANT,Unrelated candidate
20240403053000-188,20240403053000,adgully.com,https://www.adgully.com/verve-media-bags-digital-mandate-for-dubai-based-marketplace-laadlee-143957.html,Verve Media bags digital mandate for Dubai-based Marketplace Laadlee,NOT_RELEVANT,Unrelated candidate
20240403053000-1061,20240403053000,indiatimes.com,https://economictimes.indiatimes.com/markets/stocks/news/hot-stocks-brokerage-view-on-mm-finance-jubilant-foodworks-tata-technologies-tcs-and-hcl-tech/articleshow/108992658.cms,"Hot Stocks: Brokerage view on M&M Finance, Jubilant FoodWorks, Tata Technologies, TCS and HCL Tech",NOT_RELEVANT,Unrelated candidate
20240403054500-289,20240403054500,india.com,https://www.india.com/business/infosys-stock-lic-housing-finance-moil-hindustan-zinc-nalco-anupam-rasayan-stocks-know-share-price-target-6831688/,"Infosys Stock, LIC Housing Finance, BHEL, MOIL, Hindustan Zinc, NALCO Stocks; Know Share Price Target",DIRECTLY_RELEVANT,"Infosys Q4 FY24 earnings, revenue, InSemi acquisition, contracts, hiring, or share price performance."
20240403054500-259,20240403054500,marketscreener.com,https://www.marketscreener.com/quote/index/NIFTY-50-9743680/news/INDIA-STOCKS-Indian-shares-swept-up-in-Asia-wide-fears-of-delayed-US-rate-cuts-46344192/,INDIA STOCKS-Indian shares swept up in Asia-wide fears of delayed US rate cuts,NOT_RELEVANT,Unrelated candidate
20240403063000-1383,20240403063000,indiatimes.com,https://economictimes.indiatimes.com/markets/stocks/stock-watch/stock-market-update-mining-stocks-up-as-market-rises/articleshow/108994819.cms,Stock Market Sectors: Stock market update: Mining stocks up as market rises,NOT_RELEVANT,Unrelated candidate
20240403064500-320,20240403064500,moneycontrol.com,https://www.moneycontrol.com/news/business/markets/tcs-hcl-tech-wipro-rises-up-to-2-after-clsa-hikes-stock-target-prices-12565091.html,"TCS, HCL Tech, Wipro rises up to 2% after CLSA hikes stock target prices",NOT_RELEVANT,Unrelated candidate
20240403064500-T82,20240403064500,sharemanthan.in,https://www.sharemanthan.in/technical-tips/intraday-tips/74598-reliance-secrities-market-lens-intraday-calls-20240403,"एबीबी इंडिया और इन्फोसिस बेचें, टाटा केमिकल्स खरीदें : रिलायंस सिक्योरिटीज",DIRECTLY_RELEVANT,"Infosys Q4 FY24 earnings, revenue, InSemi acquisition, contracts, hiring, or share price performance."
20240403074500-983,20240403074500,finanznachrichten.de,https://www.finanznachrichten.de/nachrichten-2024-04/61848043-zand-bank-subscribes-to-infosys-finacle-s-corporate-banking-suite-on-microsoft-cloud-to-deliver-new-age-banking-experiences-008.htm,Zand Bank Subscribes to Infosys Finacle's Corporate Banking Suite on Microsoft Cloud to Deliver New-Age Banking Experiences,DIRECTLY_RELEVANT,"Infosys Q4 FY24 earnings, revenue, InSemi acquisition, contracts, hiring, or share price performance."
20240403080000-1387,20240403080000,lelezard.com,https://www.lelezard.com/en/news-21320277.html,Zand Bank Subscribes to Infosys Finacle's Corporate Banking Suite on Microsoft Cloud to Deliver New-Age Banking Experiences,DIRECTLY_RELEVANT,"Infosys Q4 FY24 earnings, revenue, InSemi acquisition, contracts, hiring, or share price performance."
20240403080000-1201,20240403080000,prnewswire.com,https://www.prnewswire.com/news-releases/zand-bank-subscribes-to-infosys-finacles-corporate-banking-suite-on-microsoft-cloud-to-deliver-new-age-banking-experiences-302106964.html,Zand Bank Subscribes to Infosys Finacle's Corporate Banking Suite on Microsoft Cloud to Deliver New-Age Banking Experiences,DIRECTLY_RELEVANT,"Infosys Q4 FY24 earnings, revenue, InSemi acquisition, contracts, hiring, or share price performance."
20240403080000-500,20240403080000,prokerala.com,https://www.prokerala.com/news/articles/a1519897.html,Highest inflows by domestic funds since April 2020,NOT_RELEVANT,Unrelated candidate
20240403083000-1287,20240403083000,businesstoday.in,https://www.businesstoday.in/magazine/interview/story/the-dramatic-reprioritisation-of-ai-is-our-big-opportunity-says-tech-mahindras-new-ceo-md-mohit-joshi-424078-2024-04-03,"'The dramatic reprioritisation of AI is our big opportunity,' says Tech Mahindra's new CEO & MD Mohit Joshi",NOT_RELEVANT,Unrelated candidate
20240403083000-946,20240403083000,menafn.com,https://menafn.com/1108052393/Zand-Bank-Subscribes-To-Infosys-Finacles-Corporate-Banking-Suite-On-Microsoft-Cloud-To-Deliver-New-Age-Banking-Experiences,Zand Bank Subscribes To Infosys Finacle's Corporate Banking Suite On Microsoft Cloud To Deliver New-Age Banking Experiences,DIRECTLY_RELEVANT,"Infosys Q4 FY24 earnings, revenue, InSemi acquisition, contracts, hiring, or share price performance."
20240403091500-T85,20240403091500,jagran.com,https://www.jagran.com/business/biz-share-market-domestic-funds-inflow-data-highest-inflows-by-domestic-funds-since-april2020-23688866.html,"घरेलू संस्थागत निवेशकों का भी फेवरेट है भारतीय शेयर बाजार, लगातार आठवें महीने 6.8 बिलियन डॉलर का किया निवेश - Share Market Domestic Funds Inflow Data Highest inflows by domestic funds since April 2020 know more details",NOT_RELEVANT,Unrelated candidate
20240403093000-346,20240403093000,thehitavada.com,https://www.thehitavada.com/Encyc/2024/4/3/Akshay-Patra.html,Akshaya Patra's four billionth meal milestone celebrated at the UN,NOT_RELEVANT,Unrelated candidate
20240403101500-674,20240403101500,moneycontrol.com,https://www.moneycontrol.com/news/business/markets/analyst-tracker-tcs-infosys-see-maximum-rating-upgrades-among-nifty-stocks-in-last-3-months-despite-weak-it-outlook-12567461.html,"Analyst Tracker: TCS, Infosys see maximum rating upgrades among Nifty stocks in last 3 months despite weak IT outlook",DIRECTLY_RELEVANT,"Infosys Q4 FY24 earnings, revenue, InSemi acquisition, contracts, hiring, or share price performance."
20240403103000-1571,20240403103000,whatech.com,https://whatech.com/og/markets-research/industrial/801880-optimizing-operations-a-deep-dive-into-the-business-process-outsourcing-market,Optimizing Operations: A Deep Dive into the Business Process Outsourcing Market,NOT_RELEVANT,Unrelated candidate
20240403104500-875,20240403104500,indiatimes.com,https://economictimes.indiatimes.com/markets/stocks/news/clsa-upgrades-tcs-two-other-it-majors-despite-conservative-outlook/articleshow/109003181.cms,"CLSA upgrades TCS, two other IT majors, despite conservative outlook",NOT_RELEVANT,Unrelated candidate
20240403121500-1090,20240403121500,indiatimes.com,https://economictimes.indiatimes.com/tech/technology/amazon-indias-largest-seller-appario-sold-to-clicktech/articleshow/109007624.cms,Amazon India: Amazon India's largest seller Appario sold to Clicktech,NOT_RELEVANT,Unrelated candidate
20240403124500-381,20240403124500,livemint.com,https://www.livemint.com/money/personal-finance/lessons-from-jhunjhunwala-s-once-in-a-lifetime-bullish-turn-11712146989280.html,Lessons from Jhunjhunwala's once-in-a-lifetime bullish turn,NOT_RELEVANT,Unrelated candidate
20240403130000-1602,20240403130000,indiatimes.com,https://economictimes.indiatimes.com/markets/stocks/stock-watch/stock-market-update-nifty-it-index-advances-0-73/articleshow/109007499.cms,Indices: Stock market update: Nifty IT index advances 0.73%,NOT_RELEVANT,Unrelated candidate
20240403131500-32,20240403131500,indiatimes.com,https://timesofindia.indiatimes.com/business/india-business/it-sector-hiring-outlook-what-analysis-of-data-on-infosys-tcs-wipro-hcl-suggests/articleshow/109002989.cms,"IT sector hiring outlook: What analysis of data on Infosys, TCS, Wipro, HCL suggests",DIRECTLY_RELEVANT,"Infosys Q4 FY24 earnings, revenue, InSemi acquisition, contracts, hiring, or share price performance."
20240403131500-1415,20240403131500,moneylife.in,https://www.moneylife.in/article/nifty-sensex-lacking-triggers-for-upside-wednesday-closing-report/73863.html,"Nifty, Sensex Lacking Triggers for Upside - Wednesday Closing Report",NOT_RELEVANT,Unrelated candidate
20240403134500-1968,20240403134500,sunnewsonline.com,https://sunnewsonline.com/heirs-technologies-to-empower-africas-digital-transformation-2/,Heirs Technologies to empower Africa's digital transformation – The Sun Nigeria,NOT_RELEVANT,Unrelated candidate
20240403143000-1049,20240403143000,indiatimes.com,https://economictimes.indiatimes.com/tech/newsletters/tech-top-5/respite-for-it-hiring-amazon-indias-appario-sold-to-clicktech/articleshow/109009416.cms,IT hiring shows signs of life; Amazon seller Appario sold,NOT_RELEVANT,Unrelated candidate
20240403144500-2103,20240403144500,rashtranews.com,https://www.rashtranews.com/pushback-on-crypto-shadow-ban-amazon-to-absorb-cloudtail-prione-employees/,"Pushback on crypto 'shadow ban'; Amazon to absorb Cloudtail, Prione employees",NOT_RELEVANT,Unrelated candidate
20240403144500-1200,20240403144500,fool.com.au,https://www.fool.com.au/2024/04/04/is-the-betashares-global-cybersecurity-etf-hack-a-good-long-term-investment/,Is the Betashares Global Cybersecurity ETF (HACK) a good long-term investment?,NOT_RELEVANT,Unrelated candidate
20240403150000-1969,20240403150000,openpr.com,https://www.openpr.com/news/3450920/aero-engine-structural-part-market-is-surging-must-know,Aero Engine Structural Part Market is Surging; Must Know,NOT_RELEVANT,Unrelated candidate
20240403150000-560,20240403150000,seattletimes.com,https://www.seattletimes.com/business/poor-nations-are-writing-a-new-handbook-for-getting-rich/,Poor nations are writing a new handbook for getting rich,NOT_RELEVANT,Unrelated candidate
20240403154500-874,20240403154500,theprint.in,https://theprint.in/world/experienced-hunger-for-120-hours-non-stop-while-hitchhiking-in-europe-50-years-ago-infosys-founder-narayana-murthy/2026473/,Experienced hunger for 120 hours non-stop while hitchhiking in Europe 50 years ago: Infosys founder Narayana Murthy,DIRECTLY_RELEVANT,Infosys corporate governance / strategy
20240403154500-568,20240403154500,yourstory.com,https://yourstory.com:443/enterprise-story/2024/04/hcltech-expands-partnership-with-google-cloud-info,YourStory | Stories about startups & entrepreneurships,NOT_RELEVANT,Unrelated candidate
20240403154500-939,20240403154500,yourstory.com,https://her.yourstory.com:443/enterprise-story/2024/04/hcltech-expands-partnership-with-google-cloud-info,YourStory | Stories about startups & entrepreneurships,NOT_RELEVANT,Unrelated candidate
20240403160000-2730,20240403160000,indiatimes.com,https://economictimes.indiatimes.com/tech/information-tech/experienced-hunger-for-120-hours-non-stop-while-hitchhiking-in-europe-50-years-ago-infosys-founder-narayana-murthy/articleshow/109012010.cms,Narayana Murthy: Experienced hunger for 120 hours while hitchhiking in Europe 50 years ago: Infosys founder Narayana Murthy,DIRECTLY_RELEVANT,Infosys corporate governance / strategy
20240403161500-906,20240403161500,yourstory.com,https://social.yourstory.com:443/enterprise-story/2024/04/hcltech-expands-partnership-with-google-cloud-info,YourStory | Stories about startups & entrepreneurships,NOT_RELEVANT,Unrelated candidate
20240403161500-523,20240403161500,seekingalpha.com,https://seekingalpha.com/article/4681823-infy-this-pullback-can-set-up-for-a-move-much-higher-technical-analysis,Infosys: This Pullback Can Set Up For A Move Much Higher (Technical Analysis) (NYSE:INFY),DIRECTLY_RELEVANT,"Infosys Q4 FY24 earnings, revenue, InSemi acquisition, contracts, hiring, or share price performance."
20240403163000-2070,20240403163000,streetinsider.com,https://www.streetinsider.com/Corporate+News/Unisys+Corp.+(UIS)+Appoints+Ruchi+Kulhari+as+Chief+Human+Resources+Officer/23021512.html,Unisys Corp. (UIS) Appoints Ruchi Kulhari as Chief Human Resources Officer,NOT_RELEVANT,Unrelated candidate
20240403163000-835,20240403163000,marketscreener.com,https://www.marketscreener.com/quote/stock/UNISYS-CORPORATION-14744/news/Unisys-Names-Ruchi-Kulhari-as-Senior-Vice-President-and-Chief-Human-Resources-Officer-46351327/,Unisys Names Ruchi Kulhari as Senior Vice President and Chief Human Resources Officer,NOT_RELEVANT,Unrelated candidate
20240403164500-1973,20240403164500,prnewswire.com,https://www.prnewswire.com/news-releases/unisys-names-ruchi-kulhari-as-senior-vice-president-and-chief-human-resources-officer-302106578.html,Unisys Names Ruchi Kulhari as Senior Vice President and Chief Human Resources Officer,NOT_RELEVANT,Unrelated candidate
20240403164500-153,20240403164500,supplychaindigital.com,https://supplychaindigital.com/articles/changing-world-of-esg-exposing-businesses-to-new-risks,Changing World of ESG Exposing Businesses to New Risks,NOT_RELEVANT,Unrelated candidate
20240403170000-1799,20240403170000,telegraphindia.com,https://www.telegraphindia.com/world/experienced-hunger-for-120-hours-non-stop-while-hitchhiking-in-europe-50-years-ago-infosys-founder-narayana-murthy/cid/2010994,Narayana Murthy | Experienced hunger for 120 hours non-stop while hitchhiking in Europe 50 years ago: Infosys founder Narayana Murthy,DIRECTLY_RELEVANT,Infosys corporate governance / strategy
20240403180000-1171,20240403180000,firstpost.com,https://www.firstpost.com/world/infosys-founder-narayana-murthy-says-he-starved-for-120-hours-straight-during-hitchhike-journey-in-europe-50-years-ago-13755890.html,Infosys founder Narayana Murthy says he starved for 120 hours straight during hitchhike journey in Europe 50 years ago,NOT_RELEVANT,"Narayana Murthy / Sudha Murty non-corporate lifestyle, family memoir, flight encounter, or 70-hour work week viral debate"
20240403180000-1468,20240403180000,moneycontrol.com,https://www.moneycontrol.com/news/business/experienced-hunger-for-120-hours-non-stop-while-hitchhiking-in-europe-50-years-ago-infosys-founder-narayana-murthy-12570771.html,Experienced hunger for 120 hours non-stop while hitchhiking in Europe 50 years ago: Infosys founder Narayana Murthy,DIRECTLY_RELEVANT,Infosys corporate governance / strategy
20240403181500-1887,20240403181500,webwire.com,https://www.webwire.com/ViewPressRel.asp?aId=320090,Accomplished executive brings significant senior human resources experience and expertise to Unisys,NOT_RELEVANT,Unrelated candidate
20240403183000-1750,20240403183000,streetinsider.com,https://www.streetinsider.com/PRNewswire/Unisys+Names+Ruchi+Kulhari+as+Senior+Vice+President+and+Chief+Human+Resources+Officer/23021501.html,Unisys Names Ruchi Kulhari as Senior Vice President and Chief Human Resources Officer,NOT_RELEVANT,Unrelated candidate
20240403184500-2046,20240403184500,rashtranews.com,https://www.rashtranews.com/top-it-firms-expect-double-digit-sales-growth-wipro-tech-m-to-lead-revenue-performance/,"Top IT firms expect double-digit sales growth; Wipro, Tech M to lead revenue performance",NOT_RELEVANT,Unrelated candidate
20240403184500-T16,20240403184500,amarujala.com,https://www.amarujala.com/business/business-diary/narayana-murthy-experienced-hunger-for-120-hours-non-stop-while-hitchhiking-in-europe-50-years-ago-2024-04-03,"Narayana Murthy: Experienced Hunger For 120 Hours Non Stop While Hitchhiking In Europe 50 Years Ago - Amar Ujala Hindi News Live - संयुक्त राष्ट्र:'50 साल पहले मैंने 120 घंटे तक भूख को महसूस किया', Un में बोले इंफोसिस संस्थापक नारायण मूर्ति",NOT_RELEVANT,Narayana Murthy / Sudha Murty personal opinion piece / lifestyle story
20240403194500-1640,20240403194500,devdiscourse.com,https://www.devdiscourse.com/article/law-order/2877155-experienced-hunger-for-120-hours-non-stop-while-hitchhiking-in-europe-50-years-ago-infosys-founder-narayana-murthy,Experienced hunger for 120 hours non-stop while hitchhiking in Europe 50 years ago: Infosys founder Narayana Murthy,DIRECTLY_RELEVANT,Infosys corporate governance / strategy
20240403203000-1989,20240403203000,theguardian.com,https://www.theguardian.com/politics/2024/apr/03/rishi-sunak-insists-he-did-not-keep-green-card-to-move-back-to-us,Rishi Sunak insists he did not keep green card to move back to US,NOT_RELEVANT,"Narayana Murthy / Sudha Murty non-corporate lifestyle, family memoir, flight encounter, or 70-hour work week viral debate"
20240403214500-489,20240403214500,rashtranews.com,https://www.rashtranews.com/sensex-jumps-over-1000-pts-nifty-breaches-17200/,"Sensex jumps over 1,000 pts, Nifty breaches 17,200",NOT_RELEVANT,Unrelated candidate
20240403214500-1103,20240403214500,theguardian.com,https://www.theguardian.com/politics/2024/apr/03/rishi-sunak-on-sun-tv-even-cheeky-questions-cant-create-a-sense-of-fun,Rishi Sunak on Sun TV: even cheeky questions can't create a sense of fun | Zoe Williams,NOT_RELEVANT,"Narayana Murthy / Sudha Murty non-corporate lifestyle, family memoir, flight encounter, or 70-hour work week viral debate"
20240403214500-487,20240403214500,inews.co.uk,https://inews.co.uk/news/politics/rishi-sunak-leave-echr-rwanda-plan-small-boats-2990085,Rishi Sunak hints UK will leave ECHR to get Rwanda plan off the ground,NOT_RELEVANT,"Narayana Murthy / Sudha Murty non-corporate lifestyle, family memoir, flight encounter, or 70-hour work week viral debate"
20240403214500-T1441,20240403214500,dailythanthi.com,https://www.dailythanthi.com:443/News/World/infosys-founder-narayan-murthy-made-a-big-revelation-on-life-at-the-un-1100167,Infosys founder Narayan Murthy made a big revelation on life at the UN | ஐரோப்பாவில் இருந்தபோது '5 நாட்கள் பட்டினி கிடந்தேன்',DIRECTLY_RELEVANT,"Infosys Q4 FY24 earnings, revenue, InSemi acquisition, contracts, hiring, or share price performance."
20240403220000-1342,20240403220000,prnewswire.com,https://www.prnewswire.com/news-releases/metaverse-market-size-to-record-usd-1152-35-bn-growth-from-2023-2027--growing-number-of-product-launches-is-one-of-the-key-market-trends-technavio-302106672.html,"Metaverse Market size to record USD 1152.35 bn growth from 2023-2027, Growing number of product launches is one of the key market trends, Technavio",NOT_RELEVANT,Unrelated candidate
20240403233000-50,20240403233000,finanznachrichten.de,https://www.finanznachrichten.de/nachrichten-2024-04/61857448-celonis-appoints-first-country-leader-for-australia-new-zealand-004.htm,Celonis Appoints First Country Leader for Australia & New Zealand,NOT_RELEVANT,Unrelated candidate
20240403233000-1525,20240403233000,lelezard.com,https://www.lelezard.com/en/news-21322013.html,Celonis Appoints First Country Leader for Australia & New Zealand,NOT_RELEVANT,Unrelated candidate
20240403233000-1668,20240403233000,modernreaders.com,https://www.modernreaders.com/news/2024/04/03/gam-holding-ag-increases-holdings-in-infosys-limited-nyseinfy.html,GAM Holding AG Increases Holdings in Infosys Limited (NYSE:INFY),DIRECTLY_RELEVANT,"Infosys Q4 FY24 earnings, revenue, InSemi acquisition, contracts, hiring, or share price performance."
20240404000000-T621,20240404000000,thinakaran.lk,https://www.thinakaran.lk/2024/04/04/featured/52986/%E0%AE%87%E0%AE%A8%E0%AF%8D%E0%AE%A4%E0%AE%BF%E0%AE%AF-%E0%AE%A4%E0%AF%8A%E0%AE%B4%E0%AE%BF%E0%AE%B2%E0%AE%A4%E0%AE%BF%E0%AE%AA%E0%AE%B0%E0%AF%8D%E0%AE%95%E0%AE%B3%E0%AE%BF%E0%AE%A9%E0%AF%8D-%E0%AE%95/,இந்திய தொழிலதிபர்களின் கல்வித்தகைமைகள்!,NOT_RELEVANT,Unrelated candidate
20240404001500-1287,20240404001500,indiacurrents.com,https://indiacurrents.com/akshaya-patra-foundation-united-nations-new-york/,Akshaya Patra Foundation Commemorated in NY,NOT_RELEVANT,Unrelated candidate
20240404010000-907,20240404010000,thehindubusinessline.com,https://www.thehindubusinessline.com/portfolio/day-trading-guide/day-trading-guide-april-04-2024/article68024251.ece,"Day trading guide for April 04, 2024: Intraday supports, resistances for Nifty50 stocks",NOT_RELEVANT,Unrelated candidate
20240404020000-1265,20240404020000,01net.it,https://www.01net.it/celonis-appoints-first-country-leader-for-australia-new-zealand/,Celonis Appoints First Country Leader for Australia & New Zealand,NOT_RELEVANT,Unrelated candidate
20240404021500-506,20240404021500,thehindubusinessline.com,https://www.thehindubusinessline.com/markets/share-market-nifty-sensex-live-updates-4-april-2024/article68024587.ece,Stock Market Live Updates: Asian equities rise on Federal Reserve rate cut expectations,NOT_RELEVANT,Unrelated candidate
20240404024500-1133,20240404024500,hindustantimes.com,https://www.hindustantimes.com/business/infosys-founder-narayana-murthy-says-he-starved-for-120-hours-straight-during-hitchhike-in-europe-50-years-ago-101712195177011.html,Infosys founder Narayana Murthy says he starved for 120 hours straight during hitchhike in Europe 50 years ago,DIRECTLY_RELEVANT,Infosys corporate governance / strategy
20240404030000-1,20240404030000,dailyexcelsior.com,https://www.dailyexcelsior.com/akshaya-patras-four-billionth-meal-milestone-celebrated-at-the-un/,Akshaya Patra's four billionth meal milestone celebrated at the UN,NOT_RELEVANT,Unrelated candidate
20240404030000-392,20240404030000,newsindiatimes.com,https://www.newsindiatimes.com/akshaya-patra-foundations-four-billion-meal-journey-lauded-at-the-united-nations/,Akshaya Patra Foundation's four billion meal journey lauded at the United Nations,NOT_RELEVANT,"Narayana Murthy / Sudha Murty non-corporate lifestyle, family memoir, flight encounter, or 70-hour work week viral debate"
20240404030000-693,20240404030000,theregister.com,https://www.theregister.com/2024/04/04/infosys_collaboration_weeks/,Infosys adopts 'In-person collab weeks' – presence mandatory,DIRECTLY_RELEVANT,"Infosys Q4 FY24 earnings, revenue, InSemi acquisition, contracts, hiring, or share price performance."
20240404031500-639,20240404031500,biztoc.com,https://biztoc.com/x/3f893e2ace4d214b,Infosys announces 'In-Person Collab' weeks,DIRECTLY_RELEVANT,"Infosys Q4 FY24 earnings, revenue, InSemi acquisition, contracts, hiring, or share price performance."
20240404033000-233,20240404033000,businesstoday.in,https://www.businesstoday.in/latest/corporate/story/most-of-you-have-not-experienced-hunger-narayana-murthy-says-he-starved-for-120-hrs-while-hitchiking-in-europe-424227-2024-04-04,'Most of you have not experienced hunger...': Narayana Murthy says he starved for 120 hrs while hitchiking in Europe,NOT_RELEVANT,Narayana Murthy / Sudha Murty personal opinion piece / lifestyle story
20240404033000-T1003,20240404033000,maalaimalar.com,https://www.maalaimalar.com/tags/%E0%AE%A8%E0%AE%BE%E0%AE%B0%E0%AE%BE%E0%AE%AF%E0%AE%A3%E0%AE%AE%E0%AF%82%E0%AE%B0%E0%AF%8D%E0%AE%A4%E0%AF%8D%E0%AE%A4%E0%AE%BF,Read all Latest Updates on and about நாராயணமூர்த்தி,NOT_RELEVANT,Non-article URL (CMS tag/topic index page)
20240404033000-T1009,20240404033000,maalaimalar.com,https://www.maalaimalar.com/tags/%E0%AE%90%E0%AE%B0%E0%AF%8B%E0%AE%AA%E0%AF%8D%E0%AE%AA%E0%AE%BE,Read all Latest Updates on and about ஐரோப்பா,NOT_RELEVANT,Non-article URL (CMS tag/topic index page)
20240404033000-T1010,20240404033000,maalaimalar.com,https://www.maalaimalar.com:443/news/world/infosys-founder-narayana-murthy-says-starved-for-120-hours-711459,"ஐரோப்பாவில் இருந்தபோது ""5 நாட்கள் பட்டினி கிடந்தேன்"": இன்போசிஸ் நிறுவனர்",DIRECTLY_RELEVANT,"Infosys Q4 FY24 earnings, revenue, InSemi acquisition, contracts, hiring, or share price performance."
20240404033000-T1012,20240404033000,maalaimalar.com,https://www.maalaimalar.com/tags/infosys-founder,Read all Latest Updates on and about Infosys Founder,NOT_RELEVANT,Non-article URL (CMS tag/topic index page)
20240404034500-T1329,20240404034500,maalaimalar.com,http://cinema.maalaimalar.com/news/world/infosys-founder-narayana-murthy-says-starved-for-120-hours-711459,ஐரோப்பாவில் இருந்தபோது '5 நாட்கள் பட்டினி கிடந்தேன்': இன்போசிஸ் நிறுவனர்,DIRECTLY_RELEVANT,"Infosys Q4 FY24 earnings, revenue, InSemi acquisition, contracts, hiring, or share price performance."
20240404043000-460,20240404043000,moneycontrol.com,https://www.moneycontrol.com/news/business/markets/mid-size-it-firms-to-outperform-larger-peers-jp-morgan-upgrades-kpit-tech-ltimindtree-persistent-12572221.html,"Mid-size IT firms to outperform larger peers, JP Morgan upgrades KPIT Tech, LTIMindtree, Persistent",NOT_RELEVANT,Unrelated candidate
20240404044500-715,20240404044500,indiatimes.com,https://economictimes.indiatimes.com/markets/stocks/earnings/infosys-vs-tcs-who-is-poised-to-win-in-this-q4-it-battle/articleshow/109021910.cms,infosys: Infosys vs TCS: Who is poised to win in this Q4 IT battle?,DIRECTLY_RELEVANT,"Infosys Q4 FY24 earnings, revenue, InSemi acquisition, contracts, hiring, or share price performance."
20240404050000-422,20240404050000,indiawest.com,https://indiawest.com/akshaya-patra-lauded-in-un-for-serving-a-landmark-4-billion-meals/,Akshaya Patra Lauded In UN For Serving A Landmark 4 Billion Meals,NOT_RELEVANT,Unrelated candidate
20240404051500-1275,20240404051500,businesstoday.in,https://www.businesstoday.in/india/story/ls-elections-2024-rahul-gandhi-declares-total-assets-worth-rs-20-crore-infosys-tcs-lti-mindtree-among-shares-bought-424239-2024-04-04,"LS elections 2024: Rahul Gandhi declares total assets worth Rs 20 crore; Infosys, TCS, LTI Mindtree among shares bought",DIRECTLY_RELEVANT,"Infosys Q4 FY24 earnings, revenue, InSemi acquisition, contracts, hiring, or share price performance."
20240404051500-634,20240404051500,businesstoday.in,https://www.businesstoday.in/markets/trending-stocks/story/tcs-infosys-hcl-technologies-heres-what-to-expect-from-it-majors-q4-results-424245-2024-04-04,"TCS, Infosys, HCL Technologies: Here's what to expect from IT majors' Q4 results",DIRECTLY_RELEVANT,"Infosys Q4 FY24 earnings, revenue, InSemi acquisition, contracts, hiring, or share price performance."
20240404051500-409,20240404051500,livemint.com,https://www.livemint.com/market/stock-market-news/nifty-it-rises-1-5-in-a-weak-market-tcs-hcl-tech-infosys-among-top-gainers-11710216242350.html,"Nifty IT rises 1.5% in a weak market; TCS, HCL Tech, Infosys among top gainers",DIRECTLY_RELEVANT,"Infosys Q4 FY24 earnings, revenue, InSemi acquisition, contracts, hiring, or share price performance."
20240404054500-684,20240404054500,indiatimes.com,https://economictimes.indiatimes.com/markets/stocks/news/jp-morgan-upgrades-persistent-systems-kpit-tech-and-ltimindtree-ahead-of-q4-results/articleshow/109023526.cms,"JP Morgan upgrades Persistent Systems, KPIT Tech and LTIMindtree ahead of Q4 results",NOT_RELEVANT,Unrelated candidate
20240404054500-547,20240404054500,news18.com,https://www.news18.com/business/experienced-hunger-for-120-hours-non-stop-while-hitchhiking-in-europe-50-years-ago-infosys-founder-narayana-murthy-8839152.html,Experienced Hunger for 120 Hours Non-stop While Hitchhiking in Europe 50 Years Ago: Infosys Founder Narayana Murthy,DIRECTLY_RELEVANT,Infosys corporate governance / strategy
20240404060000-29,20240404060000,timesnownews.com,https://www.timesnownews.com/business-economy/industry/infosys-founder-narayana-murthy-shares-his-hitchhiking-experience-50-years-ago-recounts-experience-of-hunger-article-109022679,"Narayana Murthy: Infosys founder Narayana Murthy Shares His Hitchhiking Experience 50 Years Ago, Recounts 'Experience of Hunger' | Industry News",DIRECTLY_RELEVANT,Infosys corporate results / valuation with founder commentary
20240404060000-T2022,20240404060000,indiatimes.com,https://navbharattimes.indiatimes.com/business/business-news/rahul-gandhi-net-worth-where-he-has-made-investments/articleshow/109024137.cms,"Rahul Gandhi Net Worth: क्या राहुल गांधी एक स्मार्ट इन्वेस्टर हैं? जानिए कहां लगाया पैसा, कितना कमाया",NOT_RELEVANT,Unrelated candidate
20240404061500-166,20240404061500,indiatimes.com,https://economictimes.indiatimes.com/markets/stocks/news/60-of-stocks-in-vanguards-india-portfolio-lag-in-2024/articleshow/109024275.cms,60% of stocks in Vanguard's India portfolio lag in 2024,NOT_RELEVANT,Unrelated candidate
20240404063000-1182,20240404063000,indiatimes.com,https://economictimes.indiatimes.com/markets/stocks/stock-watch/stock-market-update-nifty-it-index-advances-0-49-in-a-weak-market/articleshow/109025049.cms,Indices: Stock market update: Nifty IT index advances 0.49% in a weak market,NOT_RELEVANT,Unrelated candidate
20240404063000-665,20240404063000,moneycontrol.com,https://www.moneycontrol.com/news/opinion/narendra-modi-must-create-more-factory-jobs-for-india-to-grow-12572921.html,Modi must create more factory jobs for India to grow,NOT_RELEVANT,Unrelated candidate
20240404063000-462,20240404063000,indiatimes.com,https://economictimes.indiatimes.com/markets/stocks/news/itc-icici-bank-and-titan-among-25-stocks-in-rahul-gandhis-rs-4-30-crore-stock-portfolio/articleshow/109024901.cms,"Rahul Gandhi stock portfolio: ITC, ICICI Bank and Titan among 25 stocks in Rahul Gandhi's Rs 4.30 crore stock portfolio",NOT_RELEVANT,Unrelated candidate
20240404063000-469,20240404063000,indiatimes.com,https://retail.economictimes.indiatimes.com/news/e-commerce/e-tailing/amazon-indias-largest-seller-appario-sold-to-clicktech/109021602,"Amazon India's largest seller Appario sold to Clicktech, Retail News, ET Retail",NOT_RELEVANT,Unrelated candidate
20240404070000-618,20240404070000,indiatimes.com,https://economictimes.indiatimes.com/markets/stocks/news/kec-international-shares-zoom-15-hit-52-week-high-on-rs-816-crore-order/articleshow/109025523.cms,"KEC International shares zoom 15%, hit 52-week high on Rs 816 crore order",NOT_RELEVANT,Unrelated candidate
20240404070000-559,20240404070000,indiatimes.com,https://economictimes.indiatimes.com/markets/stocks/news/rbl-bank-shares-jump-over-5-on-q4-business-update/articleshow/109025591.cms,RBL Bank shares jump over 5% on Q4 business update,NOT_RELEVANT,Unrelated candidate
20240404071500-661,20240404071500,indiatimes.com,https://www.indiatimes.com/worth/news/from-rs-55000-cash-to-stock-investments-rahul-gandhi-declares-details-of-his-income-ahead-of-lok-sabha-elections-631552.html,"Rahul Gandhi Declares Rs 20 crore Assets: Rs 55,000 Cash, Stocks And MF Investments And More",NOT_RELEVANT,Unrelated candidate
20240404074500-1024,20240404074500,wkrb13.com,https://www.wkrb13.com/2024/04/04/infosys-nyseinfy-raised-to-buy-at-hsbc.html,"Infosys (NYSE:INFY) Raised to ""Buy"" at HSBC",DIRECTLY_RELEVANT,"Infosys Q4 FY24 earnings, revenue, InSemi acquisition, contracts, hiring, or share price performance."
20240404074500-945,20240404074500,news18.com,https://www.news18.com/business/itc-icici-bank-titan-among-25-stocks-in-rahul-gandhis-rs-4-30-crore-portfolio-8839404.html,"ITC, ICICI Bank, Pidilite, Titan Among 25 Shares In Rahul Gandhi's Rs 4.30-Crore Portfolio",NOT_RELEVANT,Unrelated candidate
20240404081500-1237,20240404081500,indiatimes.com,https://telecom.economictimes.indiatimes.com/news/enterprise-services/infosys-vs-tcs-who-is-poised-to-win-in-this-q4-it-battle/109024202,"Infosys vs TCS: Who is poised to win in this Q4 IT battle?, Telecom News, ET Telecom",DIRECTLY_RELEVANT,"Infosys Q4 FY24 earnings, revenue, InSemi acquisition, contracts, hiring, or share price performance."
20240404081500-739,20240404081500,indiatimes.com,https://telecom.economictimes.indiatimes.com/news/internet/upskill-in-genai-it-firms-tell-employees/109021080,"Upskill In Genai, It Firms Tell Employees, Telecom News, ET Telecom",NOT_RELEVANT,Unrelated candidate
20240404081500-710,20240404081500,pragativadi.com,https://pragativadi.com/rahul-gandhi-declares-total-assets-worth-rs-20-crore/,Rahul Gandhi declares total assets worth Rs 20 crore,NOT_RELEVANT,Unrelated candidate
20240404081500-1046,20240404081500,indiatimes.com,https://timesofindia.indiatimes.com/technology/tech-news/clicktech-buys-amazon-indias-largest-seller-appario-what-makes-this-deal-important/articleshow/109026610.cms,Clicktech buys Amazon India's largest seller Appario: What makes this deal important,NOT_RELEVANT,Unrelated candidate
20240404081500-1429,20240404081500,moneycontrol.com,https://www.moneycontrol.com/news/trends/narayana-murthy-experienced-hunger-for-120-hours-hitchhiking-in-europe-50-years-ago-12570771.html,Narayana Murthy 'experienced hunger for 120 hours' hitchhiking in Europe 50 years ago,NOT_RELEVANT,Narayana Murthy / Sudha Murty personal opinion piece / lifestyle story
20240404090000-639,20240404090000,india.com,https://zeenews.india.com/india/congress-leader-rahul-gandhi-vs-cpis-annie-raja-know-who-is-richer-2737002.html,Congress Leader Rahul Gandhi Vs CPI's Annie Raja: Know Who Is Richer? | India News,NOT_RELEVANT,Unrelated candidate
20240404090000-25,20240404090000,bignewsnetwork.com,https://www.bignewsnetwork.com/news/274229323/data-ingenious-global-limited-celebrates-its-remarkable-silver-jubilee,Data Ingenious Global Limited Celebrates its Remarkable Silver Jubilee,NOT_RELEVANT,Unrelated candidate
20240404090000-713,20240404090000,theweek.in,https://www.theweek.in/news/biz-tech/2024/04/04/rahul-gandhi-portfolio-stocks-mutual-funds-sovereign-gold-bond.html,"Rahul Gandhi's portfolio: A look at Congress MP's stocks, mutual funds and SGBs",NOT_RELEVANT,Unrelated candidate
20240404090000-694,20240404090000,livemint.com,https://www.livemint.com/politics/news/rahul-gandhi-declares-assets-worth-rs-20-crore-files-paper-for-wayanad-annie-raja-lok-sabha-stocks-mutual-funds-sgb-11712195610201.html,Battle of Wayanad 2024: Rahul Gandhi holds shares valued at ₹4.3 crore. What are Annie Raja's total assets?,NOT_RELEVANT,Unrelated candidate
20240404090000-T267,20240404090000,sakshi.com,https://www.sakshi.com/telugu-news/business/so-many-people-have-no-experience-hunger-said-murthy-2012639,"'ఐదు రోజులు తిండి లేదు.. ఆ బాధ మీకు తెలియదు' | Infosys Founder Narayana Murthy Says So Many People Have No Experience, See Details Inside Sakshi",DIRECTLY_RELEVANT,Infosys corporate governance / strategy
20240404091500-T1207,20240404091500,dailyhindinews.com,https://dailyhindinews.com/is-rahul-gandhi-a-smart-investor-know-where-he-invested-his-money-and-how-much-he-earned/,"क्या राहुल गांधी एक स्मार्ट इन्वेस्टर हैं? जानिए कहां लगाया पैसा, कितना कमाया – Daily Hindi News",NOT_RELEVANT,Unrelated candidate
20240404093000-1178,20240404093000,hindustantimes.com,https://www.hindustantimes.com/business/tech-hiring-jobs-aplenty-know-what-the-top-it-services-companies-are-eyeing-101712220361641.html,Tech hiring: Jobs aplenty? Know what the top IT services companies are eyeing,NOT_RELEVANT,Unrelated candidate
20240404101500-719,20240404101500,rashtranews.com,https://www.rashtranews.com/goyal-vaishnaw-chandrasekhar-will-be-guests-of-honour-at-etsa-today/,"Goyal, Vaishnaw, Chandrasekhar will be guests of honour at ETSA today",NOT_RELEVANT,Unrelated candidate
20240404101500-1207,20240404101500,webindia123.com,https://news.webindia123.com/news/Articles/Asia/20240404/4184620.html,Data Ingenious Global Limited Celebrates its Remarkable Silver Jubilee,NOT_RELEVANT,Unrelated candidate
20240404103000-1325,20240404103000,livemint.com,https://www.livemint.com/companies/people/narayana-murthy-hunger-akshaya-patra-infosys-united-nations-pmgkay-pm-poshan-indian-economy-11712224645431.html,"Most of you have not experienced hunger. I have for 120 hours hitchhiking in Europe, says Narayana Murthy",NOT_RELEVANT,Narayana Murthy / Sudha Murty personal opinion piece / lifestyle story
20240404110000-993,20240404110000,dnaindia.com,https://www.dnaindia.com/business/report-meet-man-who-once-starved-for-120-hours-built-rs-600000-crore-business-rejected-job-offer-from-ratan-tata-3084093,"Meet man who once starved for 120 hours, built Rs 600000 crore business, rejected job offer from Ratan Tata due to...",NOT_RELEVANT,Unrelated candidate
20240404110000-596,20240404110000,business-standard.com,https://www.business-standard.com/content/press-releases-ani/data-ingenious-global-limited-celebrates-its-remarkable-silver-jubilee-124040400587_1.html,Data Ingenious Global Limited Celebrates its Remarkable Silver Jubilee,NOT_RELEVANT,Unrelated candidate
20240404111500-531,20240404111500,financialexpress.com,https://www.financialexpress.com/market/itc-icici-bank-bajaj-finance-in-the-list-of-25-shares-held-by-rahul-gandhi-here-are-details-of-his-portfolio-3446251/,"ITC, ICICI Bank, Bajaj Finance in the list of 25 shares held by Rahul Gandhi; Here are details of his portfolio - Market News",NOT_RELEVANT,Unrelated candidate
20240404111500-1337,20240404111500,indiatimes.com,https://timesofindia.indiatimes.com/business/india-business/q4-earnings-between-tcs-and-infosys-who-will-win-the-it-battle-heres-what-analysts-expect/articleshow/109035560.cms,"Q4 earnings: Between TCS and Infosys, who will win the IT battle? Here's what analysts expect | India Business News",DIRECTLY_RELEVANT,"Infosys Q4 FY24 earnings, revenue, InSemi acquisition, contracts, hiring, or share price performance."
20240404113000-39,20240404113000,livemint.com,https://www.livemint.com/companies/news/hero-moto-income-tax-notice-tax-demand-income-tax-department-assessment-years-11712226639114.html,Hero MotoCorp gets demand notice of ₹605 crore from Income Tax Department,NOT_RELEVANT,Unrelated candidate
20240404114500-462,20240404114500,aninews.in,https://aninews.in/news/business/data-ingenious-global-limited-celebrates-its-remarkable-silver-jubilee20240404134600/,Data Ingenious Global Limited Celebrates its Remarkable Silver Jubilee,NOT_RELEVANT,Unrelated candidate
20240404120000-1613,20240404120000,indianexpress.com,https://indianexpress.com/article/lifestyle/food-wine/narayana-murthy-hunger-120-hours-nonstop-hitchhiking-50-years-ago-europe-what-happens-body-starvation-5-days-9250778/,What happens to the body when you starve for 120 hours like Narayana Murthy did 50 years ago?,NOT_RELEVANT,Narayana Murthy / Sudha Murty personal opinion piece / lifestyle story
20240404130000-1322,20240404130000,indianexpress.com,https://indianexpress.com/shorts/world/thailand-monkey-mayhem-tourist-town-lopburi-9250352/,Thailand has a plan to contain the monkey mayhem in the popular tourist town of Lopburi,NOT_RELEVANT,Unrelated candidate
20240404130000-1919,20240404130000,indiainfoline.com,https://www.indiainfoline.com/blog/recap-fy24-best-large-cap-stocks-on-dalal-street,Recap FY24 - Best large cap stocks on Dalal Street,NOT_RELEVANT,Unrelated candidate
20240404130000-1235,20240404130000,news18.com,https://www.news18.com/movies/abhijeet-bhattacharya-takes-a-dig-at-amitabh-bachchan-and-jaya-bachchan-what-we-know-8839844.html,Abhijeet Bhattacharya Takes A Dig At Amitabh Bachchan And Jaya Bachchan? What We Know,NOT_RELEVANT,Unrelated candidate
20240404140000-T369,20240404140000,prabhasakshi.com,https://www.prabhasakshi.com/international/fifty-years-ago-while-traveling-in-europe-i-was-hungry-for-120-hours-straight,पचास वर्ष पहले यूरोप में यात्रा करते हुए लगातार 120 घंटे तक भूख सही थी: Narayana Murthy,NOT_RELEVANT,Narayana Murthy / Sudha Murty personal opinion piece / lifestyle story
20240404143000-572,20240404143000,indiatimes.com,https://timesofindia.indiatimes.com/india/experienced-hunger-for-120-hours-non-stop-while-hitchhiking-in-europe-infosys-founder-narayana-murthy/articleshow/109041069.cms,'Experienced hunger for 120 hours non-stop while hitchhiking in Europe': Infosys founder Narayana Murthy | India News,DIRECTLY_RELEVANT,Infosys corporate governance / strategy
20240404144500-196,20240404144500,indiablooms.com,https://www.indiablooms.com/news-details/N/96249/rahul-gandhi-s-portfolio-assets-exceeding-rs-20-crore-include-25-stocks-7-mutual-funds-worth-over-rs-8-cr.html,"Rahul Gandhi's portfolio: Assets exceeding Rs 20 crore include 25 stocks, 7 mutual funds worth over Rs 8 cr | Indiablooms",NOT_RELEVANT,Unrelated candidate
20240404150000-T652,20240404150000,indiatimes.com,https://navbharattimes.indiatimes.com/business/business-news/narayana-murthy-recalls-tough-time-no-food-for-5-days/articleshow/109041701.cms,Narayana Murthy Recalls tough Time No Food For 5 Days: जो नारायण मूर्ति करोड़ों कर देते हैं गिफ्ट उन्‍हें 5 दिन क्‍यों रहना पड़ा था भूखा? इन्‍फोसिस संस्‍थापक की आपबीती,NOT_RELEVANT,Narayana Murthy / Sudha Murty personal opinion piece / lifestyle story
20240404151500-T21,20240404151500,oneindia.com,https://hindi.oneindia.com/news/business/rahul-gandhi-investment-portfolio-25-stocks-7-mutual-funds-gives-details-in-eci-affidavit-908413.html,"शेयर मार्केट के 'खिलाड़ी' हैं राहुल गांधी! जानिए किन स्टॉक्स में लगाया पैसा, खेल रखा है करोड़ों का दांव",NOT_RELEVANT,Unrelated candidate
20240404153000-1392,20240404153000,indianexpress.com,https://indianexpress.com/shorts/cities/bangalore/up-minor-rape-murder-55-year-old-woman-bengaluru-9251198/,UP minor held for rape-murder of 55-year-old woman in Bengaluru,NOT_RELEVANT,Unrelated candidate
20240404154500-1139,20240404154500,theweek.in,https://www.theweek.in/news/biz-tech/2024/04/04/infosys-founder-narayana-murthy-recalls-going-hungry-for-120-hours-in-europe.html,Infosys founder Narayana Murthy recalls going hungry for 120 hours in Europe,DIRECTLY_RELEVANT,Infosys corporate governance / strategy
20240404163000-39,20240404163000,thehindubusinessline.com,https://www.thehindubusinessline.com/news/elections/astute-investor-raga-bets-big-on-stock-market-925-crore-worth-assets-stashed-in-stocks-mfs-and-sovereign-gold-bonds/article68029096.ece,"Astute Investor: RaGa bets big on stock market, ₹9.25 crore worth assets stashed in stocks, MFs and sovereign gold bonds",NOT_RELEVANT,Unrelated candidate
20240404171500-T1078,20240404171500,navabharat.com,https://navabharat.com/?p=9358,आरबीआई के नीतिगत निर्णय से पहले बाजार ने लगाई छलांग,NOT_RELEVANT,Unrelated candidate
20240404173000-521,20240404173000,indianexpress.com,https://indianexpress.com/shorts/entertainment/music/diljit-dosanjh-says-connection-with-parents-broke-when-he-was-11-family-sent-him-to-live-with-uncle-in-city-without-his-consent-9250659/,Diljit Dosanjh says connection with parents broke when he was 11,NOT_RELEVANT,Unrelated candidate
20240404173000-T548,20240404173000,arrobajuarez.com,https://arrobajuarez.com/2024/04/04/ganancias-del-cuarto-trimestre-entre-tcs-e-infosys-quien-ganara-la-batalla-de-ti-esto-es-lo-que-esperaban-los-analistas/,"Ganancias del cuarto trimestre: entre TCS e Infosys, ¿quién ganará la batalla de TI? Esto es lo que esperaban los analistas",DIRECTLY_RELEVANT,"Infosys Q4 FY24 earnings, revenue, InSemi acquisition, contracts, hiring, or share price performance."
20240404180000-689,20240404180000,livemint.com,https://www.livemint.com/companies/company-results/the-one-bright-star-in-a-bleak-year-for-it-11712234575918.html,The one bright star in a bleak year for IT,NOT_RELEVANT,Unrelated candidate
20240404180000-1283,20240404180000,executivebiz.com,https://executivebiz.com/2024/04/raymond-james-sam-maness-makes-2024-wash100-list-amid-private-equity-firms-growing-govcon-presence/,Raymond James' Sam Maness Makes 2024 Wash100 List Amid Private Equity Firms' Growing GovCon Presence,NOT_RELEVANT,Unrelated candidate
20240404183000-1811,20240404183000,fool.co.uk,https://www.fool.co.uk/2024/04/04/i-consider-this-an-all-star-investment-that-im-buying-for-my-stocks-shares-isa/,I consider this an all-star investment that I'm buying for my Stocks & Shares ISA,NOT_RELEVANT,Unrelated candidate
20240404190000-653,20240404190000,yourstory.com,https://yourstory.com:443/2020/07/funding-alert-jetsynthesys-300cr-poonawalla-gopalkrishnan,"[Funding alert] JetSynthesys raises Rs 300 cr from Poonawalla, Kris Gopalkrishnan",NOT_RELEVANT,Unrelated candidate
20240404190000-1667,20240404190000,bignewsnetwork.com,https://www.bignewsnetwork.com/news/274231552/iim-jammu-first-batch-of-mba-hospital-administration-and-healthcare-management-achieves-100-per-cent-placements,IIM Jammu's first batch of MBA Hospital Administration and Healthcare Management achieves 100 per cent placements,NOT_RELEVANT,"Narayana Murthy / Sudha Murty non-corporate lifestyle, family memoir, flight encounter, or 70-hour work week viral debate"
20240404190000-614,20240404190000,devdiscourse.com,https://www.devdiscourse.com/article/headlines/2878314-iim-jammus-first-batch-of-mba-hospital-administration-and-healthcare-management-achieves-100-per-cent-placements,IIM Jammu's first batch of MBA Hospital Administration and Healthcare Management achieves 100 per cent placements,NOT_RELEVANT,"Narayana Murthy / Sudha Murty non-corporate lifestyle, family memoir, flight encounter, or 70-hour work week viral debate"
20240404204500-584,20240404204500,indianexpress.com,https://indianexpress.com/shorts/entertainment/television/shark-tank-india-neon-attack-pitch-aman-gupta-namita-thapar-9250925/,Shark Tank India: Defeated Aman Gupta admires sibling founders' negotiation tactics,NOT_RELEVANT,Unrelated candidate
20240404220000-1115,20240404220000,aninews.in,https://aninews.in/news/national/general-news/iim-jammus-first-batch-of-mba-hospital-administration-and-healthcare-management-achieves-100-per-cent-placements20240404225820/,IIM Jammu's first batch of MBA Hospital Administration and Healthcare Management achieves 100 per cent placements,NOT_RELEVANT,"Narayana Murthy / Sudha Murty non-corporate lifestyle, family memoir, flight encounter, or 70-hour work week viral debate"
20240405011500-T1254,20240405011500,thinaboomi.com,http://www.thinaboomi.com/daily-events/2024/04/05/223952.html,இன்றைய முக்கிய நிகழ்ச்சிகள்,NOT_RELEVANT,Unrelated candidate
20240405013000-1379,20240405013000,indiatimes.com,https://timesofindia.indiatimes.com/business/india-business/cos-enlist-firms-to-run-moonlighting-checks/articleshow/109048170.cms,Moonlighting Checks: Cos Enlist Firms To Run Moonlighting Checks | India Business News,NOT_RELEVANT,Unrelated candidate
20240405014500-595,20240405014500,thehindubusinessline.com,https://www.thehindubusinessline.com/markets/share-market-nifty-sensex-live-updates-5-april-2024/article68027996.ece,Stock Market Live Updates 5th April 2024: Wall Street's late reversal sparks unease in Asian markets,NOT_RELEVANT,Unrelated candidate
20240405014500-372,20240405014500,thehindubusinessline.com,https://www.thehindubusinessline.com/portfolio/day-trading-guide/day-trading-guide-april-05-2024/article68028136.ece,"Day trading guide for April 05, 2024: Intraday supports, resistances for Nifty50 stocks",NOT_RELEVANT,Unrelated candidate
20240405023000-1077,20240405023000,bnnbloomberg.ca,https://www.bnnbloomberg.ca/uniqlo-owner-sees-overseas-support-amid-japan-domestic-slowdown-1.2055487,Uniqlo Owner Sees Overseas Support Amid Japan Domestic Slowdown,NOT_RELEVANT,Unrelated candidate
20240405024500-1028,20240405024500,indiatimes.com,https://timesofindia.indiatimes.com/technology/tech-news/infosys-founder-nr-narayana-murthy-most-of-you-have-not-experienced-hunger-i-have-/articleshow/109049961.cms,Infosys founder NR Narayana Murthy: Most of you have not experienced hunger. I have ...,DIRECTLY_RELEVANT,Infosys corporate governance / strategy
20240405034500-791,20240405034500,trak.in,https://trak.in/stories/income-tax-dept-will-return-rs-6329-crore-to-infosys-as-it-refund/,"Income Tax Dept Will Return Rs 6329 Crore To Infosys As IT Refund! - Trak.in - Indian Business of Tech, Mobile & Startups",DIRECTLY_RELEVANT,"Infosys Q4 FY24 earnings, revenue, InSemi acquisition, contracts, hiring, or share price performance."
20240405044500-740,20240405044500,indiatimes.com,https://economictimes.indiatimes.com/markets/expert-view/invest-in-pharma-for-safety-but-be-wary-of-it-names-now-pashupati-advani/articleshow/109051755.cms,pharma stocks to buy: Invest in pharma for safety but be wary of IT names now: Pashupati Advani,NOT_RELEVANT,Unrelated candidate
20240405044500-143,20240405044500,indiatimes.com,https://economictimes.indiatimes.com/markets/web-stories/positive-breakout-infosys-and-4-other-stocks-cross-above-their-200-dma/slideshow/109051065.cms,​Positive Breakout: Infosys and 4 other stocks cross above their 200 DMA,DIRECTLY_RELEVANT,"Infosys Q4 FY24 earnings, revenue, InSemi acquisition, contracts, hiring, or share price performance."
20240405051500-T329,20240405051500,anandabazar.com,https://www.anandabazar.com/world/two-scientists-from-west-bengal-took-place-among-one-hundred-scientists-of-asia/cid/1507810,Asian Scientist Magazine | Two scientists from West Bengal took place among one hundred scientists of Asia,NOT_RELEVANT,Unrelated candidate
20240405053000-T2122,20240405053000,tarunbharat.com,https://www.tarunbharat.com/the-market-recovered-due-to-it-banking-boom/,The market recovered due to IT-banking boom,NOT_RELEVANT,Unrelated candidate
20240405071500-T291,20240405071500,saamana.com,http://www.saamana.com/narayana-murthy-infosys-founder-warned-the-poor-children-will-become-violent-and-destroy-what-the-country-has-achieved/,…तर गरीब मुलं हिंसक बनून देशानं साध्य केलेल्या गोष्टींचा नाश करतील! नारायण मूर्तींनी दिला इशारा,NOT_RELEVANT,Unrelated candidate
20240405083000-240,20240405083000,indiatimes.com,https://economictimes.indiatimes.com/markets/stocks/earnings/it-q4-preview-tech-giants-to-see-modest-quarter-all-eyes-on-fy25-guidance/articleshow/109059897.cms,q4 it earnings: IT Q4 Preview: Tech giants to see modest quarter; all eyes on FY25 guidance,NOT_RELEVANT,Unrelated candidate
20240405091500-1116,20240405091500,aninews.in,https://aninews.in/news/business/data-ingenious-global-limited-celebrates-its-remarkable-silver-jubilee20240405125757/,Data Ingenious Global Limited Celebrates its Remarkable Silver Jubilee,NOT_RELEVANT,Unrelated candidate
20240405091500-T358,20240405091500,pressnote.in,https://www.pressnote.in/Headlines_494501.html,अशोक भट्ट की इन्फोसिस के संस्थापक एन आर नारायणमूर्ति से मुलाकात Headlines :: pressnote.in,DIRECTLY_RELEVANT,"Infosys Q4 FY24 earnings, revenue, InSemi acquisition, contracts, hiring, or share price performance."
20240405103000-1405,20240405103000,india.com,https://www.india.com/business/hungry-for-120-hours-says-narayana-murthy-know-when-this-happened-6837798/,'Hungry For 120 Hours…' Says Narayana Murthy; Know When This Happened,NOT_RELEVANT,Narayana Murthy / Sudha Murty personal opinion piece / lifestyle story
20240405104500-476,20240405104500,bignewsnetwork.com,https://www.bignewsnetwork.com/news/274233430/indian-economy-to-grow-7-central-bank,Indian economy to grow 7% central bank,NOT_RELEVANT,Unrelated candidate
20240405104500-507,20240405104500,thehindubusinessline.com,https://www.thehindubusinessline.com/news/elections/rahul-gandhi-bets-big-on-stock-markets-holds-90-of-925-cr-movable-assets-in-stocks-mutual-funds-gold-bonds/article68029096.ece,"Rahul Gandhi bets big on stock markets; holds 90% of ₹9.25-cr movable assets in stocks, mutual funds, gold bonds",NOT_RELEVANT,Unrelated candidate
20240405110000-953,20240405110000,menafn.com,https://menafn.com/1108062332/I-Once-Starved-For-120-Hours-Straight-Infosys-Narayana-Murthy-Recounts-Hitchhiking-In-Europe-50-Years-Ago,'I Once Starved For 120 Hours Straight..' Infosys' Narayana Murthy Recounts Hitchhiking In Europe 50 Years Ago,DIRECTLY_RELEVANT,Infosys corporate governance / strategy
20240405111500-T25,20240405111500,mymahanagar.com,https://www.mymahanagar.com/politics/loksabha-election-2024-how-many-shares-of-which-companies-does-rahul-gandhi-have/727795/,Loksabha election 2024: How many shares of which companies does Rahul Gandhi have?,NOT_RELEVANT,Unrelated candidate
20240405120000-1285,20240405120000,bignewsnetwork.com,https://www.bignewsnetwork.com/news/274233525/indias-central-bank-reveals-growth-prediction,India's central bank reveals growth prediction,NOT_RELEVANT,Unrelated candidate
20240405121500-854,20240405121500,indiatimes.com,https://economictimes.indiatimes.com/markets/stocks/stock-watch/stock-market-update-nifty-it-index-falls-0-5/articleshow/109066507.cms,Indices: Stock market update: Nifty IT index falls 0.5%,NOT_RELEVANT,Unrelated candidate
20240405121500-1818,20240405121500,thehindubusinessline.com,https://www.thehindubusinessline.com/markets/stock-market-highlights-5-april-2024/article68027996.ece,"Share Market Highlights 5th April 2024: Sensex, Nifty trade flat; bank stocks shine",NOT_RELEVANT,Unrelated candidate
20240405123000-T710,20240405123000,dinamalar.com,https://books.dinamalar.com/details.asp?id=21134,"Tamil Book Information, Book Publisher, ISBN, Book Price & Cover Picture Details - BHARATHIDASANUM GLAD MEKKEYUM Book Information, Book Publisher, ISBN, Price & Cover Picture Details",NOT_RELEVANT,Unrelated candidate
20240405144500-815,20240405144500,newsx.com,https://www.newsx.com/national/rahul-gandhi-reveals-25-stocks-and-7-mutual-funds-valued-at-over-rs-8-crore/,Rahul Gandhi Reveals 25 Stocks and 7 Mutual Funds Valued at Over Rs 8 Crore,NOT_RELEVANT,Unrelated candidate
20240405160000-1146,20240405160000,udaipurkiran.com,https://udaipurkiran.com/tag/digital/,digital | Udaipur Kiran,NOT_RELEVANT,Non-article URL (CMS tag/topic index page)
20240405164500-135,20240405164500,moneycontrol.com,https://www.moneycontrol.com/news/business/cognizant-defers-salary-hikes-by-a-quarter-to-august-12585741.html,Cognizant defers salary hikes by a quarter to August,NOT_RELEVANT,Unrelated candidate
20240405181500-1778,20240405181500,indiatimes.com,https://economictimes.indiatimes.com/tech/technology/karnataka-in-talks-with-tesla-cant-discuss-in-public-says-industries-minister/articleshow/109073434.cms,"Tesla in India: Karnataka in talks with Tesla? Can't discuss in public, says industries minister",NOT_RELEVANT,Unrelated candidate
20240405194500-1951,20240405194500,hindustantimes.com,https://www.hindustantimes.com/india-news/southern-lights-in-coimbatore-three-first-timers-seek-votes-to-bring-the-small-town-into-21st-century-101712338324180.html,"Southern Lights | In Coimbatore, three first-timers seek votes to bring the small town into 21st century",NOT_RELEVANT,Unrelated candidate
20240406020000-91,20240406020000,indiatimes.com,https://economictimes.indiatimes.com/tech/newsletters/ettech-unwrapped/regulatory-scrutiny-may-queer-the-pitch-for-insurtech-and-other-top-startup-tech-stories-this-week/articleshow/109078477.cms,Regulatory scrutiny may queer the pitch for insurtech; and other top startup & tech stories this week,NOT_RELEVANT,Unrelated candidate
20240406023000-92,20240406023000,dnaindia.com,https://www.dnaindia.com/business/report-meet-man-a-college-dropout-who-left-india-with-rs-50-now-runs-rs-14000-crore-empire-his-business-is-3084323,"Meet man, a college dropout, who left India with Rs 50, now runs Rs 14000 crore empire, his business is…",NOT_RELEVANT,"Narayana Murthy / Sudha Murty non-corporate lifestyle, family memoir, flight encounter, or 70-hour work week viral debate"
20240406033000-T133,20240406033000,dinamalar.com,https://www.dinamalar.com/news/premium-news/-in-which-stocks-did-rahul-invest-discussion-on-social-media--/3594159,ராகுல் முதலீடு செய்த பங்குகள் எவை? சமூக வலைதளங்களில் விவாதம்,NOT_RELEVANT,Unrelated candidate
20240406041500-465,20240406041500,rashtranews.com,https://www.rashtranews.com/no-more-shopee-ing-in-india/,No more Shopee-ing in India!,NOT_RELEVANT,Unrelated candidate
20240406041500-249,20240406041500,rashtranews.com,https://www.rashtranews.com/sebi-bans-ex-infy-wipro-staffers-in-insider-trading-case-tech-news/,"Sebi bans ex-Infy, Wipro staffers in insider trading case : Tech News",DIRECTLY_RELEVANT,"Infosys Q4 FY24 earnings, revenue, InSemi acquisition, contracts, hiring, or share price performance."
20240406043000-151,20240406043000,rashtranews.com,https://www.rashtranews.com/business-news-budget-digitisation-initiatives-could-lead-to-10-7-billion-spend-on-technology-services/,Business News: Budget digitisation initiatives could lead to $10.7 billion spend on technology services,NOT_RELEVANT,Unrelated candidate
20240406044500-551,20240406044500,indiatimes.com,https://economictimes.indiatimes.com/industry/renewables/karnataka-industries-minister-mum-on-talks-with-tesla/articleshow/109079622.cms,Karnataka Industries minister mum on talks with Tesla,NOT_RELEVANT,Unrelated candidate
20240406054500-735,20240406054500,rashtranews.com,https://www.rashtranews.com/why-are-social-media-companies-nuts-for-nfts-tech-news/,Why are social media companies nuts for NFTs? : Tech News,NOT_RELEVANT,Unrelated candidate
20240406061500-579,20240406061500,indiatimes.com,https://economictimes.indiatimes.com/markets/expert-view/three-stock-ideas-from-rajesh-palviya-for-next-week/articleshow/109081522.cms,Three stock ideas from Rajesh Palviya for next week,NOT_RELEVANT,Unrelated candidate
20240406073000-882,20240406073000,council.science,https://council.science/publications/ai-science-systems/,Preparing National Research Ecosystems for AI: Strategies and progress in 2024,NOT_RELEVANT,Unrelated candidate
20240406101500-425,20240406101500,financialexpress.com,https://www.financialexpress.com/business/industry-cognizant-likelynbspto-roll-out-pay-raise-from-augustnbspdelays-annual-hike-by-a-quarternbspnbsp-3448502/,"Cognizant likely to roll out pay raise from August, delays annual hike by a quarter - Industry News",NOT_RELEVANT,Unrelated candidate
20240406111500-359,20240406111500,indiatimes.com,https://auto.economictimes.indiatimes.com/news/passenger-vehicle/karnataka-industries-minister-mum-on-talks-with-tesla/109083534,"Tesla Karnataka: Karnataka Industries minister mum on talks with Tesla, ET Auto",NOT_RELEVANT,Unrelated candidate
20240406120000-890,20240406120000,indiatimes.com,https://timesofindia.indiatimes.com/business/india-business/it-sector-hiring-alert-headhunters-see-rising-number-of-search-mandates-for-senior-it-talent/articleshow/109085631.cms,IT sector hiring alert! Headhunters see rising number of search mandates for senior IT talent,NOT_RELEVANT,Unrelated candidate
20240406141500-T2070,20240406141500,dinamalar.com,https://www.dinamalar.com/news/premium-news/lok-sabha-election-2024-in-which-stocks-did-rahul-invest-discussion-on-social-media--/3594159,ராகுல் முதலீடு செய்த பங்குகள் எவை? சமூக வலைதளங்களில் விவாதம்,NOT_RELEVANT,Unrelated candidate
20240406150000-740,20240406150000,techstory.in,https://techstory.in/cognizant-delays-annual-salary-hikes-amidst-economic-uncertainties/,Cognizant Delays Annual Salary Hikes Amidst Economic Uncertainties,NOT_RELEVANT,Unrelated candidate
20240406154500-909,20240406154500,thehindu.com,https://www.thehindu.com/news/cities/Mangalore/technology-and-management-will-ensure-countrys-development-says-aicte-chairman/article68036553.ece,"Technology and management will ensure country's development, says AICTE Chairman",NOT_RELEVANT,Unrelated candidate
20240406170000-387,20240406170000,marketscreener.com,https://www.marketscreener.com/quote/stock/WIPRO-LIMITED-6494362/news/CEO-of-India-s-Wipro-resigns-to-be-replaced-by-veteran-insider-46381894/,"CEO of India's Wipro resigns, to be replaced by veteran insider",NOT_RELEVANT,Unrelated candidate
20240406180000-55,20240406180000,ndtv.com,https://www.ndtv.com/business-news/thierry-delaporte-resigns-as-wipro-ceo-srinivas-pallia-set-to-take-over-5389123,"Thierry Delaporte Resigns As Wipro CEO, Srinivas Pallia Set To Take Over",NOT_RELEVANT,Unrelated candidate
20240406194500-601,20240406194500,latestly.com,https://www.latestly.com/agency-news/latest-news-thierry-delaporte-resigns-as-wipro-ceo-srinivas-pallia-named-new-chief-executive-officer-5874885.html,Latest News | Thierry Delaporte Resigns as Wipro CEO; Srinivas Pallia Named New Chief Executive Officer,NOT_RELEVANT,Unrelated candidate
20240406200000-403,20240406200000,mid-day.com,https://www.mid-day.com/news/india-news/article/thierry-delaporte-resigns-srinivas-pallia-named-wipro-new-ceo-23343253,Thierry Delaporte resigns as Wipro CEO; Srinivas Pallia named new Chief Executive Officer,NOT_RELEVANT,Unrelated candidate
20240406201500-899,20240406201500,rediff.com,https://www.rediff.com/business/report/wipro-ceo-thierry-delaporte-resigns-srinivas-pallia-named-new-chief/20240406.htm,Wipro CEO Thierry Delaporte resigns; Srinivas Pallia named new chief,NOT_RELEVANT,Unrelated candidate
20240406203000-606,20240406203000,indiatimes.com,https://timesofindia.indiatimes.com/business/india-business/delaporte-quits-as-wipro-ceo-srinivas-pallia-is-new-chief/articleshow/109095184.cms,"Delaporte quits as Wipro CEO, Srinivas Pallia is new chief",NOT_RELEVANT,Unrelated candidate
20240406220000-117,20240406220000,rashtranews.com,https://www.rashtranews.com/rivals-eyeing-ibm-spinoff-kyndryls-sub-50-million-clients-experts-say-tech-news/,"Rivals eyeing IBM spinoff Kyndryl's sub-$50 million clients, experts say : Tech News",NOT_RELEVANT,Unrelated candidate
20240406224500-611,20240406224500,rashtranews.com,https://www.rashtranews.com/infosys-wins-five-year-deal-with-us-based-frost-bank-tech-news/,Infosys wins five-year deal with US-based Frost Bank : Tech News,DIRECTLY_RELEVANT,"Infosys Q4 FY24 earnings, revenue, InSemi acquisition, contracts, hiring, or share price performance."
20240407010000-7,20240407010000,indiatimes.com,https://economictimes.indiatimes.com/tech/technology/prompt-in-progress-genai-text-to-code-tools-boost-productivity/articleshow/109093288.cms,Generative AI: Prompt in progress: GenAI text-to-code tools boost productivity,NOT_RELEVANT,Unrelated candidate
20240407010000-224,20240407010000,indiatimes.com,https://economictimes.indiatimes.com/epaper/delhicapital/2024/apr/07/sunet-front/wipro-ceo-thierrydelaporte-resigns/articleshow/109095414.cms,Wipro CEO Thierry Delaporte Resigns,NOT_RELEVANT,Unrelated candidate
20240407023000-497,20240407023000,moneycontrol.com,https://www.moneycontrol.com/news/business/markets/equity-markets-to-be-rangebound-until-election-results-says-this-investment-consultant-12589621.html,"Daily Voice: Equity markets to be rangebound until election results, says this investment consultant",NOT_RELEVANT,Unrelated candidate
20240407031500-614,20240407031500,insidermonkey.com,https://www.insidermonkey.com/blog/100-countries-with-lowest-gdp-per-capita-1285925/,100 Countries with Lowest GDP Per Capita,NOT_RELEVANT,Unrelated candidate
20240407050000-111,20240407050000,news18.com,https://www.news18.com/business/wipro-srinivas-pallia-md-ceo-rishad-premji-8842874.html,Meet Srinivas Pallia: Wipro's New MD and CEO,NOT_RELEVANT,Unrelated candidate
20240407060000-335,20240407060000,thehindu.com,https://www.thehindu.com/business/markets/hdfc-bank-lic-emerge-as-big-gainers-as-four-of-the-top-10-valued-firms-add-171-lakh-cr-to-m-cap/article68038746.ece,"HDFC Bank, LIC emerge as big gainers as four of the top 10 valued firms add ₹1.71 lakh cr to m-cap",NOT_RELEVANT,Unrelated candidate
20240407071500-701,20240407071500,theweek.in,https://www.theweek.in/news/biz-tech/2024/04/07/mcap-tracker-hdfc-bank-lic-biggest-gainers-among-top-10-firms-reliance-loses-most.html,"Mcap tracker: HDFC Bank, LIC biggest gainers among Top 10 firms, Reliance loses most",NOT_RELEVANT,Unrelated candidate
20240407073000-176,20240407073000,financialexpress.com,https://www.financialexpress.com/market/four-of-top-10-valued-firms-add-rs-1-71-lakh-cr-to-mcap-hdfc-bank-lic-lead-gainers-3449025/,"Four of top 10 valued firms add Rs 1.71 lakh cr to mcap; HDFC Bank, LIC lead gainers",NOT_RELEVANT,Unrelated candidate
20240407074500-428,20240407074500,orissapost.com,https://www.orissapost.com/four-of-top-10-valued-firms-add-rs-1-71-lakh-cr-to-mcap-hdfc-bank-lic-lead-gainers/,"Four of top 10 valued firms add Rs 1.71 lakh cr to mcap; HDFC Bank, LIC lead gainers",NOT_RELEVANT,Unrelated candidate
20240407080000-297,20240407080000,moneycontrol.com,https://www.moneycontrol.com/news/business/markets/four-of-top-10-valued-firms-add-rs-1-71-lakh-crore-to-mcap-hdfc-bank-lic-lead-gainers-12590481.html,"Four of top 10 valued firms add Rs 1.71 lakh crore to mcap; HDFC Bank, LIC lead gainers",NOT_RELEVANT,Unrelated candidate
20240407080000-675,20240407080000,deccanchronicle.com,https://www.deccanchronicle.com/business/companies/thierry-delaporte-resigns-as-wipro-ceo-srinivas-pallia-named-new-chief-executive-officer-888675,Thierry Delaporte resigns as Wipro CEO; Srinivas Pallia named new Chief Executive Officer,NOT_RELEVANT,Unrelated candidate
20240407080000-606,20240407080000,indiatimes.com,https://telecom.economictimes.indiatimes.com/news/enterprise-services/thierry-delaporte-resigns-as-wipro-ceo-srinivas-pallia-named-new-chief-executive-officer/109099633,"Thierry Delaporte resigns as Wipro CEO; Srinivas Pallia named new Chief Executive Officer, ET Telecom",NOT_RELEVANT,Unrelated candidate
20240407080000-T108,20240407080000,bhaskar.com,https://divyamarathi.bhaskar.com/business/news/hdfc-reliance-market-capitalization-2024-update-sbi-bank-lic-132838362.html,"HDFC Reliance; Market Capitalization 2024 Update | SBI Bank LIC | रिलायन्सचे बाजारमूल्य 38 हजार कोटींनी घसरले: HDFC चे 76,880 कोटींनी वाढले, गेल्या आठवड्यात टॉप-10 स्टॉक मार्केट कंपन्यांपैकी 4 गेनर",NOT_RELEVANT,Unrelated candidate
20240407083000-34,20240407083000,hindustantimes.com,https://www.hindustantimes.com/business/hdfc-adds-rs-77-000-crore-to-its-mcap-biggest-gainer-among-top-10-valued-firms-101712473027176.html,"HDFC adds ₹77,000 crore to its mcap, biggest gainer among top 10 valued firms",NOT_RELEVANT,Unrelated candidate
20240407083000-609,20240407083000,tribuneindia.com,https://www.tribuneindia.com/news/business/four-of-top-10-valued-firms-add-rs-1-71-lakh-crore-to-mcap-hdfc-bank-lic-lead-gainers-608371,"Four of top-10 valued firms add Rs 1.71 lakh crore to mcap; HDFC Bank, LIC lead gainers",NOT_RELEVANT,Unrelated candidate
20240407084500-T1811,20240407084500,moneycontrol.com,https://hindi.moneycontrol.com/news/markets/four-of-the-top-10-most-valued-firms-added-rs-171309-crore-to-their-market-valuation-last-week-hdfc-bank-and-lic-biggest-gainers-1893038.html,"सेंसेक्स की टॉप 10 कंपनियों में से 4 का m-cap ₹1.71 लाख करोड़ बढ़ा, HDFC Bank को सबसे ज्यादा फायदा",NOT_RELEVANT,Unrelated candidate
20240407090000-571,20240407090000,livemint.com,https://www.livemint.com/market/stock-market-news/market-capitalisation-of-4-of-top-10-valued-firms-add-1-71-lakh-crore-hdfc-bank-lic-lead-gainers-11712469787095.html,"Market capitalisation of 4 of top 10 valued firms add ₹1.71 lakh crore; HDFC Bank, LIC lead gainers",NOT_RELEVANT,Unrelated candidate
20240407091500-T352,20240407091500,indiatimes.com,https://navbharattimes.indiatimes.com/business/share-market/share-news/market-cap-of-four-of-top-10-firms-up-1-71-lakh-crore-hdfc-bank-lic-lead-gainers/articleshow/109104073.cms,"रिलायंस समेत देश की 10 टॉप कंपनियों में से छह को नुकसान, जानिए कौन रहा फायदे में",NOT_RELEVANT,Unrelated candidate
20240407100000-220,20240407100000,businesstoday.in,https://www.businesstoday.in/markets/stocks/story/hdfc-bank-lic-gain-big-as-4-of-top-10-valued-firms-add-rs-171-lakh-crore-to-market-cap-424603-2024-04-07,"HDFC Bank, LIC gain big as 4 of top 10 valued firms add Rs 1.71 lakh crore to market cap",NOT_RELEVANT,Unrelated candidate
20240407101500-439,20240407101500,indiatimes.com,https://economictimes.indiatimes.com/markets/stocks/news/mcap-of-4-of-top-10-companies-hit-rs-1-71-trillion-hdfc-bank-lic-lead-gainers/articleshow/109104336.cms,"Mcap of 4 of top 10 companies hit Rs 1.71 trillion; HDFC Bank, LIC lead gainers",NOT_RELEVANT,Unrelated candidate
20240407103000-689,20240407103000,thehindubusinessline.com,https://www.thehindubusinessline.com/markets/four-of-top-10-valued-firms-add-171-lakh-crore-to-mcap-hdfc-bank-lic-lead-gainers/article68038740.ece,"Four of top 10 valued firms add ₹1.71 lakh crore to mcap; HDFC Bank, LIC lead gainers",NOT_RELEVANT,Unrelated candidate
20240407120000-500,20240407120000,rashtranews.com,https://www.rashtranews.com/crypto-bill-to-require-kyc-data-sharing-indian-platforms-join-live-commerce-rush-tech-news/,Crypto bill to require KYC data sharing; Indian platforms join live commerce rush : Tech News,NOT_RELEVANT,Unrelated candidate
20240407124500-319,20240407124500,thestatesman.com,https://www.thestatesman.com/business/four-out-of-10-firms-add-over-rs-1-71-lakh-crore-to-m-cap-1503287892.html,Four out of 10 firms add over Rs 1.71 lakh crore to m-cap,NOT_RELEVANT,Unrelated candidate
20240407133000-526,20240407133000,india.com,https://zeenews.india.com/markets/four-of-top-10-valued-firms-add-rs-1-71-lakh-cr-to-mcap-hdfc-bank-lic-lead-gainers-2737977.html,"Four Of Top 10 Valued Firms Add Rs 1.71 Lakh Cr To Mcap; HDFC Bank, LIC Lead Gainers",NOT_RELEVANT,Unrelated candidate
20240407153000-447,20240407153000,thehindubusinessline.com,https://www.thehindubusinessline.com/news/thierry-delaportes-mixed-legacy-at-wipro/article68039750.ece,Thierry Delaporte's mixed legacy at Wipro - The Hindu BusinessLine,NOT_RELEVANT,Unrelated candidate
20240407171500-160,20240407171500,livemint.com,https://www.livemint.com/industry/a-phone-call-a-discussion-and-a-firing-behind-delaportes-wipro-exit-11712488221475.html,"A phone call, a discussion, and a firing: Behind Delaporte's Wipro exit",NOT_RELEVANT,Unrelated candidate
20240407171500-530,20240407171500,livemint.com,https://www.livemint.com/technology/expat-exits-why-foreign-born-ceos-don-t-last-the-distance-in-indian-it-firms-11712502564786.html,Expat exits: Why foreign-born CEOs don't last the distance in Indian IT firms,NOT_RELEVANT,Unrelated candidate
20240407194500-335,20240407194500,thehindubusinessline.com,https://www.thehindubusinessline.com/info-tech/thierry-delaportes-mixed-legacy-at-wipro/article68039750.ece,Thierry Delaporte's mixed legacy at Wipro - The Hindu BusinessLine,NOT_RELEVANT,Unrelated candidate
20240407221500-207,20240407221500,indiatimes.com,https://timesofindia.indiatimes.com/business/india-business/delaporte-could-not-energise-wipros-india-base-from-paris/articleshow/109113518.cms,'Delaporte could not energise Wipro's India base from Paris',NOT_RELEVANT,Unrelated candidate
20240408001500-468,20240408001500,theregister.com,https://www.theregister.com/2024/04/07/asia_tech_news_roundup/,Wipro appoints new CEO: US boss Srini Pallia takes over,NOT_RELEVANT,Unrelated candidate
20240408011500-358,20240408011500,indiatimes.com,https://economictimes.indiatimes.com/tech/information-tech/wipros-new-ceo-faces-challenging-quarters-impatient-investors-unrealistic-expectations-ahead/articleshow/109110324.cms,"Srinivas Pallia wipro: Restless investors, turnaround hopes await Wipro's new CEO Srinivas Pallia",NOT_RELEVANT,Unrelated candidate
20240408011500-619,20240408011500,biztoc.com,https://biztoc.com/x/99e84de0b29d6144,Wipro appoints new CEO: US boss Srini Pallia takes over,NOT_RELEVANT,Unrelated candidate
20240408020000-198,20240408020000,dealstreetasia.com,https://www.dealstreetasia.com/stories/srinivas-pallia-delaporte-wipro-ceo-390819,Wipro CEO Delaporte resigns; to be replaced by company veteran Pallia,NOT_RELEVANT,Unrelated candidate
20240408024500-324,20240408024500,yahoo.com,https://finance.yahoo.com/news/wipro-ceo-thierry-delaporte-resigns-140051797.html,Wipro CEO Delaporte resigns; to be replaced by veteran insider,NOT_RELEVANT,Unrelated candidate
20240408031500-606,20240408031500,indiatimes.com,https://economictimes.indiatimes.com/tech/newsletters/morning-dispatch/startups-tap-new-pools-of-capital-consumer-lending-apps-hit-profitability/articleshow/109117025.cms,Startups tap new pools of capital; consumer lending apps hit profitability,NOT_RELEVANT,Unrelated candidate
20240408041500-336,20240408041500,moneycontrol.com,https://www.moneycontrol.com/news/tags/wipro.html,"Wipro | Latest & Breaking News on Wipro | Photos, Videos, Breaking Stories and Articles on Wipro",NOT_RELEVANT,Non-article URL (CMS tag/topic index page)
20240408043000-T1435,20240408043000,sharemanthan.in,https://www.sharemanthan.in/technical-tips/intraday-tips/74655-reliance-secrities-market-lens-intraday-calls-20240408,"बजाज ऑटो बेचें, इन्फोसिस और ऐक्सिस बैंक बेचें : रिलायंस सिक्योरिटीज",DIRECTLY_RELEVANT,"Infosys Q4 FY24 earnings, revenue, InSemi acquisition, contracts, hiring, or share price performance."
20240408044500-T1117,20240408044500,livehindustan.com,https://www.livehindustan.com/business/share-market/share-market-live-updates-8-april-record-breaking-opening-of-sensex-nifty-201712547736638.html,"Share Market Live Updates 8 April record breaking opening of sensex nifty - Share Market Live Updates 8 April: शेयर मार्केट ने फिर रचा इतिहास, सेंसेक्स-निफ्टी की रिकॉर्ड तोड़ ओपनिंग, शेयर मार्केट समाचार न्यूज",NOT_RELEVANT,Unrelated candidate
20240408044500-T1167,20240408044500,lokmat.com,https://www.lokmat.com/business/stock-market/stock-market-made-history-again-sensex-nifty-s-record-breaking-opening-boom-in-kotak-bank-a-a720/,"शेअर मार्केटनं पुन्हा रचला इतिहास, सेन्सेक्स-निफ्टीची रेकॉर्डतोड ओपनिंग; कोटक बँकेत तेजी",NOT_RELEVANT,Unrelated candidate
20240408051500-628,20240408051500,moneycontrol.com,https://www.moneycontrol.com/news/technology/thierry-delaported-a-litmus-test-for-wipro-and-rishad-premji-12596001.html,Thierry Delaported: A litmus test for Wipro and Rishad Premji,NOT_RELEVANT,"Narayana Murthy / Sudha Murty non-corporate lifestyle, family memoir, flight encounter, or 70-hour work week viral debate"
20240408053000-963,20240408053000,indiatimes.com,https://timesofindia.indiatimes.com/business/india-business/apple-awas-yojana-apple-ecosystem-to-now-build-residential-facilities-for-workers-after-creating-1-5-lakh-direct-jobs/articleshow/109120019.cms,Apple Awas Yojana? Apple ecosystem to now build residential facilities for workers after creating 1.5 lakh direct jobs,NOT_RELEVANT,Unrelated candidate
20240408054500-41,20240408054500,indiatimes.com,https://economictimes.indiatimes.com/markets/stocks/news/wipro-ceo-thierry-delaportes-resignation-shares-fall-as-quick-turnaround-unlikely/articleshow/109120791.cms,Wipro CEO Thierry Delaporte's resignation: Shares fall as quick turnaround unlikely,NOT_RELEVANT,Unrelated candidate
20240408054500-1163,20240408054500,news18.com,https://www.news18.com/business/stock-market-updates-sensex-jumps-300-pts-nifty-above-22500-voltas-rallies-7-8843644.html,"Stock Market Updates: Sensex, Nifty Hits Fresh Highs; Nifty Realty Soars 2%",NOT_RELEVANT,Unrelated candidate
20240408061500-T900,20240408061500,indiatimes.com,https://marathi.indiatimes.com/business/share-bazaar/hdfc-bank-lic-emerge-big-gainers-as-four-of-the-top-10-firms-add-rs-1-71-lakh-crore-to-m-cap/articleshow/109118291.cms,"Stock Market Updates | HDFC बँकेच्या गुंतवणूकदारांना लागली लॉटरी, केली छप्परफाड कमाई; रिलायन्सला जबर फटका | HDFC Bank Share Investors Earn 78,000 Crore in Just 5 Days, LIC, SBI and TCS Among Emerge Big Gainers Last Week",NOT_RELEVANT,Unrelated candidate
20240408061500-638,20240408061500,indiatimes.com,https://economictimes.indiatimes.com/markets/stocks/stock-watch/stock-market-update-nifty-it-index-falls-0-19-in-an-upbeat-market/articleshow/109122125.cms,Indices: Stock market update: Nifty IT index falls 0.19% in an upbeat market,NOT_RELEVANT,Unrelated candidate
20240408064500-1170,20240408064500,moneycontrol.com,https://www.moneycontrol.com/news/technology/it-companies-q4fy24-earnings-preview-five-things-to-watch-out-for-12596861.html,IT companies' Q4FY24 earnings preview: Five things to watch out for,NOT_RELEVANT,Unrelated candidate
20240408073000-613,20240408073000,indiatimes.com,https://telecom.economictimes.indiatimes.com/news/enterprise-services/restless-investors-turnaround-hopes-await-wipros-new-ceo-srinivas-pallia/109117458,"Restless investors, turnaround hopes await Wipro's new CEO Srinivas Pallia, ET Telecom",NOT_RELEVANT,Unrelated candidate
20240408074500-1161,20240408074500,indiatimes.com,https://economictimes.indiatimes.com/markets/expert-view/campus-hirings-for-entry-level-it-jobs-could-even-be-50-less-this-year-ramani-dathi-teamlease/articleshow/109125055.cms,"it hiring: Campus hirings for entry-level IT jobs could even be 50% less this year: Ramani Dathi, Teamlease",NOT_RELEVANT,Unrelated candidate
20240408074500-715,20240408074500,indiatimes.com,https://timesofindia.indiatimes.com/business/india-business/wipro-stock-price-today-ceo-thierry-delaportes-resignation-leads-to-drop-heres-what-analysts-expect/articleshow/109125823.cms,Wipro stock price today: CEO Thierry Delaporte's resignation leads to drop; here's what analysts expect | India Business News,NOT_RELEVANT,Unrelated candidate
20240408081500-491,20240408081500,forbesindia.com,https://www.forbesindia.com/article/leadership/newage-company-ipos-have-been-a-disappointment-are-vcs-to-blame/92487/1,New-age Company IPOs Have Been A Disappointment. Are VCs To Blame?,NOT_RELEVANT,Unrelated candidate
20240408083000-262,20240408083000,indiatimes.com,https://economictimes.indiatimes.com/jobs/fresher/job-openings-entry-level-tech-hiring-takes-a-hit-campus-placements-could-fall-by-over-50-this-year/articleshow/109125726.cms,tech hiring: Job openings: Entry-level tech hiring takes a hit; campus placements may fall over 50% this year,NOT_RELEVANT,Unrelated candidate
20240408084500-161,20240408084500,indiatimes.com,https://www.indiatimes.com/worth/news/top-10-tech-billionaires-in-india-in-2024-631663.html,Top 10 Tech Billionaires In India In 2024,NOT_RELEVANT,Unrelated candidate
20240408103000-919,20240408103000,livemint.com,https://www.livemint.com/market/stock-market-news/nifty-bank-vs-nifty-it-which-index-should-you-invest-in-for-long-term-hdfc-bank-bob-icici-ltimindtree-mphasis-11712545530287.html,Nifty Bank vs Nifty IT: Which index should you invest in for long term?,NOT_RELEVANT,Unrelated candidate
20240408104500-260,20240408104500,orissapost.com,https://www.orissapost.com/sensex-nifty-hit-record-high-levels-on-firm-global-markets-foreign-fund-inflows/,"Sensex, Nifty hit record high levels on firm global markets, foreign fund inflows",NOT_RELEVANT,Unrelated candidate
20240408110000-887,20240408110000,theweek.in,https://www.theweek.in/wire-updates/business/2024/04/08/del28-biz-stocks-close.html,Sensex Nifty hit record high levels on firm global markets foreign fund inflows,NOT_RELEVANT,Unrelated candidate
20240408111500-109,20240408111500,freepressjournal.in,https://www.freepressjournal.in/business/maruti-ntpc-surge-with-over-3-gain-tech-stocks-lag-as-markets-end-in-green,"Maruti, NTPC Surge With Gains Over 3%, Tech Stocks Lag, As Markets End in Green",NOT_RELEVANT,Unrelated candidate
20240408113000-222,20240408113000,indiatimes.com,https://economictimes.indiatimes.com/markets/stocks/stock-watch/stock-market-update-sugar-stocks-down-as-market-rises/articleshow/109134083.cms,Stock Market Sectors: Stock market update: Sugar stocks down as market rises,NOT_RELEVANT,Unrelated candidate
20240408113000-965,20240408113000,indiatimes.com,https://economictimes.indiatimes.com/markets/stocks/stock-watch/stock-market-update-fertilisers-stocks-down-as-market-rises/articleshow/109133701.cms,Stock Market Sectors: Stock market update: Fertilisers stocks down as market rises,NOT_RELEVANT,Unrelated candidate
20240408113000-1002,20240408113000,indiatimes.com,https://economictimes.indiatimes.com/markets/stocks/stock-watch/stock-market-update-mining-stocks-mixed-as-market-rises/articleshow/109133866.cms,Stock Market Sectors: Stock market update: Mining stocks mixed as market rises,NOT_RELEVANT,Unrelated candidate
20240408120000-1042,20240408120000,tribuneindia.com,https://www.tribuneindia.com/news/business/sensex-nifty-hit-record-high-levels-on-firm-global-markets-foreign-fund-inflows-608724,"Sensex, Nifty hit record high levels on firm global markets, foreign fund inflows",NOT_RELEVANT,Unrelated candidate
20240408120000-1027,20240408120000,livemint.com,https://www.livemint.com/companies/for-wipro-s-new-ceo-a-lot-of-ground-needs-to-be-covered-to-regain-lost-glory-11712572980377.html,"For Wipro's new CEO, a lot of ground needs to be covered to regain lost glory",NOT_RELEVANT,Unrelated candidate
20240408120000-T1595,20240408120000,punjabkesari.in,https://www.punjabkesari.in/business/news/stock-market-rose-on-the-first-trading-day-of-the-week-1964072,"सेंसेक्स 494 अंक की छलांग से सर्वकालिक उच्चस्तर पर, निफ्टी का भी नया रिकॉर्ड - stock market rose on the first trading day of the week",NOT_RELEVANT,Unrelated candidate
20240408121500-1009,20240408121500,telegraphindia.com,https://www.telegraphindia.com/feeds/business/sensex-nifty-hit-record-high-levels-on-firm-global-markets-foreign-fund-inflows/cid/2011981,"Sensex | Sensex, Nifty hit record high levels on firm global markets, foreign fund inflows",NOT_RELEVANT,Unrelated candidate
20240408121500-688,20240408121500,indiatimes.com,https://economictimes.indiatimes.com/markets/stocks/stock-watch/stock-market-update-power-stocks-down-as-market-rises/articleshow/109135709.cms,Stock Market Sectors: Stock market update: Power stocks down as market rises,NOT_RELEVANT,Unrelated candidate
20240408123000-897,20240408123000,moneycontrol.com,https://www.moneycontrol.com/news/business/markets/india-stocks-rs-400-trillion-what-caused-the-last-rs-100-trillion-swell-12598411.html,India stocks @ Rs 400 trillion: What caused the last Rs 100 trillion swell,NOT_RELEVANT,Unrelated candidate
20240408124500-251,20240408124500,financialexpress.com,https://www.financialexpress.com/shorts/,Financial Express Shorts: Get the Latest News and Top Breaking News Today in Shorts,NOT_RELEVANT,Unrelated candidate
20240408124500-923,20240408124500,financialexpress.com,https://www.financialexpress.com/business/industry-q4-results-this-month-from-tcs-infosys-wipro-hcl-tech-to-tech-mahindra-here-are-key-earnings-to-watch-out-for-3450287/,"Q4 results this month: From TCS, Infosys, Wipro, HCL Tech to Tech Mahindra, here are key earnings to watch out for",DIRECTLY_RELEVANT,"Infosys Q4 FY24 earnings, revenue, InSemi acquisition, contracts, hiring, or share price performance."
20240408130000-449,20240408130000,india.com,https://zeenews.india.com/markets/sensex-nifty-hit-fresh-peaks-on-firm-global-cues-foreign-fund-inflows-2738397.html,"Sensex, Nifty Hit Fresh Peaks On Firm Global Cues, Foreign Fund Inflows",NOT_RELEVANT,Unrelated candidate
20240408130000-389,20240408130000,orissapost.com,https://www.orissapost.com/mcap-of-bse-listed-cos-hit-rs-400-lakh-cr-milestone/,Mcap of BSE-listed cos hit Rs 400 lakh cr milestone,NOT_RELEVANT,Unrelated candidate
20240408131500-1304,20240408131500,mirror.co.uk,https://www.mirror.co.uk/news/uk-news/inside-rishi-sunak-wife-akshata-32536037,"Inside Rishi Sunak and wife Akshata Murty's £529m fortune - flash cars, four homes and tax jibes",NOT_RELEVANT,"Narayana Murthy / Sudha Murty non-corporate lifestyle, family memoir, flight encounter, or 70-hour work week viral debate"
20240408133000-1516,20240408133000,thehindubusinessline.com,https://www.thehindubusinessline.com/markets/sensex-nifty-hit-record-high-levels-on-firm-global-markets-foreign-fund-inflows/article68042414.ece,"Sensex, Nifty hit record high levels on firm global markets, foreign fund inflows",NOT_RELEVANT,Unrelated candidate
20240408141500-1860,20240408141500,telegraphindia.com,https://www.telegraphindia.com/business/sensex-nifty-hit-record-high-levels-on-firm-global-markets-foreign-fund-inflows/cid/2011981,"Sensex | Sensex, Nifty hit record high levels on firm global markets, foreign fund inflows",NOT_RELEVANT,Unrelated candidate
20240408150000-1024,20240408150000,rediff.com,https://www.rediff.com/business/report/sensex-nifty-hit-fresh-peaks-on-firm-global-cues/20240408.htm,"Sensex, Nifty hit fresh peaks on firm global cues",NOT_RELEVANT,Unrelated candidate
20240408151500-1603,20240408151500,theenterpriseleader.com,https://theenterpriseleader.com/2024/04/08/financial-tax-architects-llc-decreases-holdings-in-infosys-limited-nyseinfy.html,Financial & Tax Architects LLC Decreases Holdings in Infosys Limited (NYSE:INFY),DIRECTLY_RELEVANT,"Infosys Q4 FY24 earnings, revenue, InSemi acquisition, contracts, hiring, or share price performance."
20240408151500-1954,20240408151500,themarketsdaily.com,https://www.themarketsdaily.com/2024/04/08/infosys-limited-nyseinfy-stake-trimmed-by-financial-tax-architects-llc.html,Infosys Limited (NYSE:INFY) Stake Trimmed by Financial & Tax Architects LLC,DIRECTLY_RELEVANT,"Infosys Q4 FY24 earnings, revenue, InSemi acquisition, contracts, hiring, or share price performance."
20240408163000-1043,20240408163000,devdiscourse.com,https://www.devdiscourse.com/article/science-environment/2881546-retaining-key-leaders-to-firing-growth-engines-srinivas-pallia-has-work-cut-out-as-new-wipro-ceo,"Retaining key leaders to firing growth engines, Srinivas Pallia has work cut out as new Wipro CEO",NOT_RELEVANT,Unrelated candidate
20240408163000-T32,20240408163000,pudhari.news,https://pudhari.news/maharashtra/mumbai/769866/great-success-of-marathi-man-in-the-field-of-research-5-marathi-researchers-became-the-best-in-asia/ar,Marathi Researcher : संशोधन क्षेत्रात मराठीची गुढी; ५ मराठी संशोधक ठरले आशियात सर्वोत्तम,NOT_RELEVANT,Unrelated candidate
20240408164500-1681,20240408164500,indiatimes.com,https://timesofindia.indiatimes.com/business/india-business/byjus-salary-update-macrch-payouts-begin-as-embattled-edtech-major-arranges-for-alternative-credit/articleshow/109140553.cms,Byju's salary update: March payouts begin as embattled edtech major arranges for alternative credit,NOT_RELEVANT,Unrelated candidate
20240408174500-527,20240408174500,marketscreener.com,https://www.marketscreener.com/quote/stock/INFORMATION-SERVICES-GROU-879237/news/As-Salesforce-Growth-Eases-U-S-Firms-Map-Out-Projects-46389119/,"As Salesforce Growth Eases, U.S. Firms Map Out Projects",NOT_RELEVANT,Unrelated candidate
20240408180000-33,20240408180000,streetinsider.com,"https://www.streetinsider.com/Business+Wire/As+Salesforce+Growth+Eases,+U.S.+Firms+Map+Out+Projects/23039967.html","As Salesforce Growth Eases, U.S. Firms Map Out Projects",NOT_RELEVANT,Unrelated candidate
20240408180000-1389,20240408180000,moneycontrol.com,https://www.moneycontrol.com/news/business/markets/trade-setup-for-tuesday-15-things-to-know-before-opening-bell-26-12601751.html,Trade setup for Tuesday: 15 things to know before opening bell,NOT_RELEVANT,Unrelated candidate
20240408180000-440,20240408180000,miragenews.com,https://www.miragenews.com/boom-2024-to-bring-games-gadgets-and-more-1210770/,"BOOM 2024 To Bring Games, Gadgets And More",NOT_RELEVANT,Unrelated candidate
20240408180000-1632,20240408180000,tmcnet.com,https://www.tmcnet.com/usubmit/2024/04/08/9990631.htm,"As Salesforce Growth Eases, U.S. Firms Map Out Projects",NOT_RELEVANT,Unrelated candidate
20240408183000-127,20240408183000,thehindu.com,https://www.thehindu.com/brandhub/registration-closing-soon-sicsrs-4-year-bca-hons-and-bba-it-hons-programmes-apply-via-set-by-april-12-2024/article68044224.ece,"Registration Closing Soon: SICSR's 4-Year BCA Hons and BBA (IT) Hons Programmes. Apply via SET by April 12, 2024",NOT_RELEVANT,Unrelated candidate
20240408190000-443,20240408190000,cornell.edu,https://news.cornell.edu/stories/2024/04/boom-2024-bring-games-gadgets-and-more,"BOOM 2024 to bring games, gadgets and more | Cornell Chronicle",NOT_RELEVANT,Unrelated candidate
20240408191500-T456,20240408191500,navabharat.com,https://navabharat.com/?p=10737,मजबूत तिमाही नतीजे आने की उम्मीद में बाजार नये शिखर पर,NOT_RELEVANT,Unrelated candidate
20240408230000-927,20240408230000,rashtranews.com,https://www.rashtranews.com/whatsapp-pay-gets-upi-boost-tough-times-for-roll-up-ecommerce/,WhatsApp Pay gets UPI boost; tough times for roll-up ecommerce,NOT_RELEVANT,Unrelated candidate
20240409010000-T551,20240409010000,indiatimes.com,https://navbharattimes.indiatimes.com/business/share-market/share-news/stock-market-prediction-today-which-stocks-including-exide-industries-and-info-edge-are-signalling-weakness-where-buying-opportunities/articleshow/109142618.cms,"Stock Market Prediction: Which stocks including Exide Industries and Info Edge are worth selling today where buying opportunities?: आज Exide Industries और Info Edge सहित किन शेयरों में बिकवाली, कहां खरीदारी के मौके",NOT_RELEVANT,Unrelated candidate
20240409034500-46,20240409034500,thehindubusinessline.com,https://www.thehindubusinessline.com/markets/share-market-nifty-sensex-live-updates-9-april-2024/article68042637.ece,"Stock Market Live Updates 09 April 2024: Sensex, Nifty set to open at fresh record highs; Bain Capital to sell $429-million stake in Axis Bank",NOT_RELEVANT,Unrelated candidate
20240409034500-465,20240409034500,thehindubusinessline.com,https://www.thehindubusinessline.com/portfolio/day-trading-guide/day-trading-guide-for-april-09/article68042720.ece,"Day trading guide for April 9, 2024: Intraday supports, resistances for Nifty50 stocks",NOT_RELEVANT,Unrelated candidate
20240409043000-149,20240409043000,moneycontrol.com,https://www.moneycontrol.com/news/business/markets/bull-run-continues-sensex-goes-past-75000-for-the-first-time-nifty-above-22750-12603681.html,"Bull run continues! Sensex goes past 75,000 for the first time, Nifty above 22,750",NOT_RELEVANT,Unrelated candidate
20240409043000-920,20240409043000,businesstoday.in,https://www.businesstoday.in/markets/stocks/story/wipro-shares-underperformed-peers-tcs-infosys-hcl-under-various-ceos-clsa-says-sell-stock-424825-2024-04-09,"How Wipro stock performed under various CEOs; CLSA says 'Sell', shares target price",NOT_RELEVANT,Unrelated candidate
20240409044500-T767,20240409044500,pudhari.news,https://pudhari.news/features/arthabhan/770100/sensex-trade-75000-mark-first-time-nifty-on-22750/ar,"Stock Market Updates | शेअर बाजाराने उभारली नव्या विक्रमाची गुढी, सेन्सेक्स प्रथमच ७५ हजार पार, निफ्टी २२,७५० वर",NOT_RELEVANT,Unrelated candidate
20240409044500-1182,20240409044500,indiatimes.com,https://economictimes.indiatimes.com/markets/stocks/stock-watch/stock-market-update-stocks-that-hit-52-week-lows-on-nse/articleshow/109151551.cms,52 week high stocks: Stock market update: Stocks that hit 52-week lows on NSE,NOT_RELEVANT,Unrelated candidate
20240409044500-867,20240409044500,indiatimes.com,https://economictimes.indiatimes.com/markets/stocks/news/unstoppable-bull-run-sensex-scales-mt-75k-nifty-above-22750-for-first-time/articleshow/109150954.cms,"Sensex Nifty new highs: Unstoppable bull run! Sensex scales Mt 75K, Nifty above 22,750 for first time",NOT_RELEVANT,Unrelated candidate
20240409044500-606,20240409044500,indiatimes.com,https://economictimes.indiatimes.com/markets/stocks/news/hot-stocks-brokerage-view-on-exide-industries-infosys-maruti-suzuki-and-paytm/articleshow/109151541.cms,"Hot Stocks: Brokerage view on Exide Industries, Infosys, Maruti Suzuki and Paytm",DIRECTLY_RELEVANT,"Infosys Q4 FY24 earnings, revenue, InSemi acquisition, contracts, hiring, or share price performance."
20240409050000-367,20240409050000,dailyexcelsior.com,https://www.dailyexcelsior.com/sensex-breaches-historic-75000-mark-for-first-time-ever-nifty-climbs-to-new-record-peak/,"Sensex Breaches Historic 75,000-Mark For First Time Ever; Nifty Climbs To New Record Peak",NOT_RELEVANT,Unrelated candidate
20240409050000-356,20240409050000,news18.com,https://www.news18.com/business/stock-market-updates-sensex-hits-fresh-high-tops-75k-nifty-above-22750-for-first-time-8844949.html,"Stock Market Updates: Sensex Hits Fresh High, Tops 75,000 For the First Time; Nifty Above 22,750",NOT_RELEVANT,Unrelated candidate
20240409051500-600,20240409051500,indianexpress.com,https://indianexpress.com/article/business/market/sensex-breach-75000-mark-nifty-fresh-high-nifty-bank-infosys-adani-ports-9259405/,"Sensex breaches 75,000-mark for first time; Nifty opens at fresh high",NOT_RELEVANT,Unrelated candidate
20240409053000-T3,20240409053000,lokmat.com,https://www.lokmat.com/business/stock-market/opening-bell-sensex-nifty-opens-on-a-bullish-note-tata-motors-up-tata-consumer-down-a-a720/,"Opening Bell: सेन्सेक्स-निफ्टीची तेजीसह सुरुवात; TATA मोटर्समध्ये तेजी, टाटा कन्झ्युमर घसरला",NOT_RELEVANT,Unrelated candidate
20240409054500-267,20240409054500,india.com,https://www.india.com/business/sensex-breaks-all-records-hit-75000-for-first-time-nifty-above-22750-axis-bank-share-price-6846166/,"Sensex Breaks All Records; Hit 75000 For First Time, Nifty Above 22750; Axis Bank Share Price",NOT_RELEVANT,Unrelated candidate
20240409054500-1393,20240409054500,moneycontrol.com,https://www.moneycontrol.com/news/business/markets/infosys-emerges-top-nifty-gainer-as-bofa-sees-18-further-upside-12604021.html,Infosys emerges top Nifty gainer as BofA sees 18% further upside,DIRECTLY_RELEVANT,"Infosys Q4 FY24 earnings, revenue, InSemi acquisition, contracts, hiring, or share price performance."
20240409054500-1081,20240409054500,telegraphindia.com,https://www.telegraphindia.com/feeds/business/sensex-breaches-historic-75000-mark-for-first-time-ever-nifty-climbs-to-new-record-peak/cid/2012132,"Stock market | Sensex breaches historic 75,000-mark for first time ever; Nifty climbs to new record peak",NOT_RELEVANT,Unrelated candidate
20240409054500-1101,20240409054500,yourstory.com,https://her.yourstory.com:443/2024/04/bse-sensex-hits-historic-75000-nifty-also-reaches-record-peak,"BSE Sensex hits historic 75,000; Nifty also reaches record peak",NOT_RELEVANT,Unrelated candidate
20240409054500-301,20240409054500,freepressjournal.in,https://www.freepressjournal.in/business/markets-usher-in-green-again-as-major-tata-stocks-make-gains,"Markets Usher In Green Again, As Major Tata Stocks Make Gains",NOT_RELEVANT,Unrelated candidate
20240409054500-1306,20240409054500,thehindu.com,https://www.thehindu.com/business/markets/sensex-breaches-historic-75000-mark-for-first-time-ever-nifty-climbs-to-new-record-peak/article68045490.ece,"Sensex breaches historic 75,000-mark for first time ever; Nifty climbs to new record peak",NOT_RELEVANT,Unrelated candidate
20240409054500-57,20240409054500,freepressjournal.in,https://www.freepressjournal.in/business/sensex-glows-in-green-hits-all-time-high-and-crosses-75000-mark-for-the-first-time,"Sensex Glows In Green, Hits All-Time High And Crosses 75,000 Mark For The First Time",NOT_RELEVANT,Unrelated candidate
20240409054500-T2432,20240409054500,andhrajyothy.com,https://www.andhrajyothy.com/2024/business/stock-market-bse-sensex-and-nifty-crossed-75000-for-the-first-time-april-9th-2024-sri-1237456.html,"Stock Market: స్టాక్ మార్కెట్ బూమ్.. మొదటిసారిగా 75000 దాటిన సెన్సెక్స్, నిఫ్టీ కూడా | Stock market bse Sensex and Nifty crossed 75000 for the first time april 9th 2024 sri",NOT_RELEVANT,Unrelated candidate
20240409054500-T95,20240409054500,webdunia.com,https://hindi.webdunia.com/stock-market/share-market-crossed-75-000-first-time-124040900015_1.html,"सेंसेक्स पहली बार 75,000 अंक के पार, निफ्टी भी रिकॉर्ड स्तर पर",NOT_RELEVANT,Unrelated candidate
20240409060000-755,20240409060000,newindianexpress.com,https://www.newindianexpress.com/business/2024/Apr/09/sensex-breaches-historic-75000-mark-for-first-time-ever-nifty-climbs-to-new-record-peak,"Sensex breaches historic 75,000-mark as bull run continues on D Street",NOT_RELEVANT,Unrelated candidate
20240409060000-327,20240409060000,firstpost.com,https://www.firstpost.com/business/indian-stock-market-sensex-fresh-high-75000-nifty-above-22750-13757687.html,"Bull run in Indian stock market: Sensex hits fresh high, crosses 75,000; Nifty above 22,750 for first time",NOT_RELEVANT,Unrelated candidate
20240409060000-T2431,20240409060000,indiatimes.com,https://navbharattimes.indiatimes.com/business/share-market/share-news/sensex-scales-75000-nifty-above-22750-for-first-time/articleshow/109153015.cms,"नव संवत्सर पर खुशियों की बहार, सेंसेक्स पहली बार 75,000 अंक के पार, निफ्टी भी नए शिखर पर",NOT_RELEVANT,Unrelated candidate
20240409061500-544,20240409061500,indiatimes.com,https://economictimes.indiatimes.com/markets/stocks/stock-watch/share-market-update-most-active-stocks-on-d-street-today-in-terms-of-volume/articleshow/109153476.cms,share market: Share market update: Most active stocks on D-Street today in terms of volume,NOT_RELEVANT,Unrelated candidate
20240409061500-122,20240409061500,indiatimes.com,https://economictimes.indiatimes.com/markets/stocks/stock-watch/stock-market-update-mining-stocks-up-as-market-rises/articleshow/109153312.cms,Stock Market Sectors: Stock market update: Mining stocks up as market rises,NOT_RELEVANT,Unrelated candidate
20240409061500-47,20240409061500,indiatimes.com,https://economictimes.indiatimes.com/markets/stocks/stock-watch/stock-market-update-stocks-that-hit-52-week-highs-on-nse/articleshow/109152799.cms,52 week high stocks: Stock market update: Stocks that hit 52-week highs on NSE,NOT_RELEVANT,Unrelated candidate
20240409061500-1003,20240409061500,indiatimes.com,https://economictimes.indiatimes.com/markets/expert-view/dont-chase-all-psus-on-dips-go-for-these-2-stocks-hemang-jani/articleshow/109153859.cms,"psu stocks to buy: Don't chase all PSUs on dips, go for these 2 stocks: Hemang Jani",NOT_RELEVANT,Unrelated candidate
20240409061500-1055,20240409061500,theweek.in,https://www.theweek.in/news/biz-tech/2024/04/09/sensex-breaches-historic-75000-mark-for-first-time-nifty-climbs-to-record-peak.html,"Sensex breaches historic 75,000 mark for first time; Nifty climbs to record peak",NOT_RELEVANT,Unrelated candidate
20240409061500-T242,20240409061500,indiatimes.com,https://marathi.indiatimes.com/business/share-bazaar/share-market-opening-today-9-market-sensex-hits-75000-high-nifty-above-22750-for-first-time/articleshow/109150844.cms,"Today Stock Market Updates | शेअर बाजारात भरभराटीची गुढी, सेन्सेक्स-निफ्टीने मोडला उच्चांक; वाढत्या आलेखाने सुखावले गुंतवणूकदार | BSE Sensex Hits all Time-High, Nifty Above 22,750 For First Time",NOT_RELEVANT,Unrelated candidate
20240409063000-1107,20240409063000,rttnews.com,https://www.rttnews.com/3437593/sensex-tops-75000-nifty-at-22747.aspx,"Sensex Tops 75,000; Nifty At 22,747",NOT_RELEVANT,Unrelated candidate
20240409063000-T123,20240409063000,jagran.com,https://www.jagran.com/markets/stock-update-share-market-opened-on-positive-note-on-9-april-2024-share-market-today-dollar-vs-rupee-23692921.html,"Share Market Open: शेयर बाजार ने बनाया रिकॉर्ड, पहली बार सेंसेक्स 75 हजार के पार निफ्टी भी ऑल-टाइम हाई - Share market opened on positive note on 9 April 2024 share market today dollar vs rupee",NOT_RELEVANT,Unrelated candidate
20240409064500-961,20240409064500,ndtv.com,https://www.ndtv.com/business-news/sensex-crosses-75-000-mark-in-historic-milestone-for-share-market-5403812,"Sensex Crosses 75,000-Mark In Historic Milestone For Share Market",NOT_RELEVANT,Unrelated candidate
20240409064500-971,20240409064500,rttnews.com,https://www.rttnews.com/story.aspx?Id=3437593,"Sensex Tops 75,000; Nifty At 22,747",NOT_RELEVANT,Unrelated candidate
20240409070000-220,20240409070000,hindustantimes.com,https://www.hindustantimes.com/business/stock-market-today-these-5-stocks-took-sensex-from-70k-to-75k-2-are-tata-shares-top-losers-are-101712643359810.html,Stock market today: These 5 stocks took Sensex from 70k to 75k; 2 are Tata shares. Top losers are…,NOT_RELEVANT,Unrelated candidate
20240409070000-234,20240409070000,hindustantimes.com,https://www.hindustantimes.com/business/stock-market-today-sensex-crosses-75-000-who-are-top-gainers-losers-whats-behind-the-rally-101712639129608.html,"Stock market today| Sensex crosses 75,000: Who are top gainers, losers? What's behind the rally?",NOT_RELEVANT,Unrelated candidate
20240409070000-744,20240409070000,wn.com,https://article.wn.com/view/2024/04/09/Nifty_climbs_to_new_record_peak_Infosys_is_top_gainer_Heres_/,Nifty climbs to new record peak: Infosys is top gainer. Here's why,DIRECTLY_RELEVANT,"Infosys Q4 FY24 earnings, revenue, InSemi acquisition, contracts, hiring, or share price performance."
20240409071500-T475,20240409071500,indiatimes.com,https://navbharattimes.indiatimes.com/business/business-news/good-news-for-economy-from-all-sides-on-hindu-new-year-today/articleshow/109155028.cms,"सोना ऑल-टाइम हाई, शेयर बाजार रेकॉर्ड पर.. नए साल के मौके पर टॉप गियर में इकॉनमी",NOT_RELEVANT,Unrelated candidate
20240409071500-T444,20240409071500,moneycontrol.com,https://hindi.moneycontrol.com/news/markets/stock-market-opening-bell-sensex-nifty-jumps-investors-gains-1-22-lakh-crore-rupees-smallcap-midcap-dollar-index-1893378.html,"Stock Market Opening Bell: 74900 के पार Sensex, नई ऊंचाई पर Nifty भी, निवेशकों ने कमाए ₹1.22 लाख करोड़",NOT_RELEVANT,Unrelated candidate
20240409071500-T483,20240409071500,moneycontrol.com,https://hindi.moneycontrol.com/news/markets/bofa-upgrades-infosys-share-price-target-and-rating-check-what-should-investors-do-1893408.html,"Infosys पर बदला अमेरिकी ब्रोकरेज का मूड, BofA Securities ने बढ़ा दिया टारगेट प्राइस",DIRECTLY_RELEVANT,"Infosys Q4 FY24 earnings, revenue, InSemi acquisition, contracts, hiring, or share price performance."
20240409071500-811,20240409071500,prokerala.com,https://www.prokerala.com/news/articles/a1521434.html,"Sectors like capital goods, auto lead Sensex to new high",NOT_RELEVANT,Unrelated candidate
20240409071500-947,20240409071500,moneycontrol.com,https://www.moneycontrol.com/news/business/stocks/sensex-75000-robust-economy-fires-up-indian-equities-latest-run-up-includes-most-sectors-12604201.html,"Sensex @ 75,000: Robust economy fires up Indian equities; latest run up includes most sectors",NOT_RELEVANT,Unrelated candidate
20240409073000-295,20240409073000,moneycontrol.com,https://www.moneycontrol.com/news/business/earnings/sensex-75000-these-stocks-missed-the-5000-point-run-through-82-days-12605521.html,"Sensex @ 75,000: These stocks missed the 5,000-point run through 82 days",NOT_RELEVANT,Unrelated candidate
20240409073000-724,20240409073000,siasat.com,https://www.siasat.com/sensex-breaches-historic-75k-mark-for-first-time-ever-nifty-climbs-new-peak-3006174/,Sensex breaches historic 75K-mark for first time ever; Nifty climbs new peak,NOT_RELEVANT,Unrelated candidate
20240409073000-1219,20240409073000,news18.com,https://www.news18.com/business/infosys-gains-2-as-bofa-sees-18-further-upside-see-target-price-8845119.html,Infosys Gains 2% As BofA Sees 18% Further Upside; See Target Price,DIRECTLY_RELEVANT,"Infosys Q4 FY24 earnings, revenue, InSemi acquisition, contracts, hiring, or share price performance."
20240409074500-231,20240409074500,telegraphindia.com,https://www.telegraphindia.com/business/sensex-breaches-historic-75000-mark-for-first-time-ever-nifty-climbs-to-new-record-peak/cid/2012132,"Stock market | Sensex breaches historic 75,000-mark for first time ever; Nifty climbs to new record peak",NOT_RELEVANT,Unrelated candidate
20240409074500-518,20240409074500,indiatimes.com,https://economictimes.indiatimes.com/markets/stocks/news/infosys-shares-gain-2-5-on-bofas-rating-upgrade/articleshow/109155781.cms,infosys share price: Infosys shares gain 2.5% on BofA's rating upgrade,DIRECTLY_RELEVANT,"Infosys Q4 FY24 earnings, revenue, InSemi acquisition, contracts, hiring, or share price performance."
20240409074500-T1794,20240409074500,newstracklive.com,https://www.newstracklive.com/news/this-time-75-thousand-stock-market-celebrated-on-hindu-new-year-sensex-nifty-made-record-sc77-nu764-ta764-1603695-1.html,"अबकी बार 75 हज़ार..! हिन्दू नव वर्ष पर झूमा शेयर बाजार, सेंसेक्स-निफ़्टी ने बनाया रिकॉर्ड",NOT_RELEVANT,Unrelated candidate
20240409080000-473,20240409080000,businesstoday.in,https://www.businesstoday.in/markets/market-commentary/story/sensex-drives-to-75000-from-26000-in-4-years-stocks-rally-up-to-1375-from-covid-lows-424841-2024-04-09,"Sensex drives to 75,000 from 26,000 in 4 years; stocks rally up to 1,375% from Covid lows",NOT_RELEVANT,Unrelated candidate
20240409080000-793,20240409080000,yourstory.com,https://yourstory.com:443/2024/04/bse-sensex-hits-historic-75000-nifty-also-reaches-record-peak,"BSE Sensex hits historic 75,000; Nifty also reaches record peak",NOT_RELEVANT,Unrelated candidate
20240409083000-T160,20240409083000,tarunmitra.in,https://www.tarunmitra.in/article/34449/stock-market-welcomed-varsha-pratipada-sensex-opened-above-75-thousand,"शेयर बाजार ने वर्ष प्रतिपदा का किया जोरदार स्वागत, 75 हजार के ऊपर खुला सेंसेक्स",NOT_RELEVANT,Unrelated candidate
20240409083000-537,20240409083000,hindustantimes.com,https://www.hindustantimes.com/business/creative-graphics-solutions-ipo-stellar-debut-share-price-lists-at-rs-175-106-premium-101712646877497.html,"Creative Graphics Solutions IPO: Stellar debut! Share price lists at Rs. 175, 106% premium",NOT_RELEVANT,Unrelated candidate
20240409083000-826,20240409083000,tribuneindia.com,https://www.tribuneindia.com/news/business/sensex-breaches-historic-75-000-mark-for-first-time-ever-nifty-climbs-to-new-record-peak-609045,"Sensex breaches historic 75,000-mark for first time ever; Nifty climbs to new record peak",NOT_RELEVANT,Unrelated candidate
20240409084500-942,20240409084500,indiablooms.com,https://www.indiablooms.com/finance-details/20209/sensex-opens-at-an-all-time-high-of-75-124-28.html,"Sensex opens at an all-time high of 75,124.28 | Indiablooms - First Portal on Digital News Management",NOT_RELEVANT,Unrelated candidate
20240409084500-49,20240409084500,thehindubusinessline.com,https://www.thehindubusinessline.com/markets/markets-hit-new-highs-led-by-large-caps-sensex-breaches-75000-mark/article68045486.ece,"Markets hit new highs led by large caps; Sensex breaches 75,000 mark",NOT_RELEVANT,Unrelated candidate
20240409084500-34,20240409084500,yourstory.com,https://social.yourstory.com:443/2024/04/bse-sensex-hits-historic-75000-nifty-also-reaches-record-peak,"BSE Sensex hits historic 75,000; Nifty also reaches record peak",NOT_RELEVANT,Unrelated candidate
20240409091500-326,20240409091500,indiatimes.com,https://economictimes.indiatimes.com/markets/stocks/news/metal-stocks-jump-up-to-11-hindustan-copper-vedanta-others-hit-52-week-highs/articleshow/109159684.cms,"Metal stocks jump up to 11%; Hindustan Copper, Vedanta & others hit 52-week highs",NOT_RELEVANT,Unrelated candidate
20240409091500-1109,20240409091500,indiatimes.com,https://economictimes.indiatimes.com/mf/analysis/ppfas-flexicap-fund-bought-8-8-lakh-shares-of-itc-amid-bat-stake-sale-in-march/articleshow/109159297.cms,PPFAS Flexicap Fund bought 8.8 lakh shares of ITC amid BAT stake sale in March,NOT_RELEVANT,Unrelated candidate
20240409091500-892,20240409091500,indiatimes.com,https://economictimes.indiatimes.com/tech/technology/india-has-one-of-the-largest-web3-ecosystems-globally-with-over-1000-startups-report/articleshow/109158660.cms,"web3 ecosystem: India has one of the largest web3 ecosystems globally with over 1,000 startups: Report",NOT_RELEVANT,Unrelated candidate
20240409091500-179,20240409091500,indiainfoline.com,https://www.indiainfoline.com/news/markets/indian-indices-hit-record-highs-on-strong-q4-earnings-outlook,Indian Indices Hit Record Highs on Strong Q4 Earnings Outlook,NOT_RELEVANT,Unrelated candidate
20240409093000-1235,20240409093000,dailypioneer.com,https://www.dailypioneer.com/2024/business/sensex-breaches-historic-75-000-mark-for-first-time-ever--nifty-climbs-to-new-record-peak.html,"Sensex breaches historic 75,000-mark for first time ever; Nifty climbs to new record peak",NOT_RELEVANT,Unrelated candidate
20240409093000-454,20240409093000,rediff.com,https://www.rediff.com/business/report/how-the-markets-fared-on-april9/20240409.htm,"In a first, Sensex breaches historic 75,000-mark",NOT_RELEVANT,Unrelated candidate
20240409093000-910,20240409093000,thehindubusinessline.com,https://www.thehindubusinessline.com/markets/mid-day-market-update-today-sensex-hits-record-high-nifty-stable/article68045959.ece,"Mid-day market update today: Sensex hits record high, Nifty stable",NOT_RELEVANT,Unrelated candidate
20240409093000-T58,20240409093000,nobat.com,https://www.nobat.com/news5616-nd-3a2f0094313238313539.html,નિફ્ટી ફયુચર ૨૨૮૮૦ પોઈન્ટ મહત્ત્વની સપાટી...!!!,NOT_RELEVANT,Unrelated candidate
20240409100000-T101,20240409100000,sangbadpratidin.in,https://www.sangbadpratidin.in/india/sensex-crossed-record-75-thousand-milestone-nifty-makes-history/,"Sensex crossed record 75 thousand milestone, Nifty makes history",NOT_RELEVANT,Unrelated candidate
20240409101500-T342,20240409101500,khabarfast.com,https://www.khabarfast.com/business-share-market-share-news-sensex-scales-75000-nifty-above-22750-for-first-time/,"Share Market: नव वर्ष के मौके पर बाजार ने तोड़े सारे रिकॉर्ड, ऑल टाइम हाई पर खुला सेंसेक्स",NOT_RELEVANT,Unrelated candidate
20240409103000-152,20240409103000,india.com,https://www.india.com/business/axis-bank-hdfc-life-reliance-infosys-lic-sbi-life-bajaj-finserv-iex-know-share-price-target-over-here-6846395/,"Axis Bank, HDFC Life, Reliance, Infosys, LIC, SBI Life, Bajaj Finserv, IEX; Know Share Price Target Over Here",DIRECTLY_RELEVANT,"Infosys Q4 FY24 earnings, revenue, InSemi acquisition, contracts, hiring, or share price performance."
20240409103000-711,20240409103000,yourstory.com,https://her.yourstory.com:443/2024/04/indias-web3-adoption-surges-1-000-start-ups-35-million-traders-report,"India's Web3 adoption surges with 1,000+ startups, 35 million traders: Report",NOT_RELEVANT,Unrelated candidate
20240409104500-629,20240409104500,indiatimes.com,https://economictimes.indiatimes.com/markets/stocks/news/sensex-nifty-end-lower-after-hitting-record-highs-snap-3-session-record-run/articleshow/109162484.cms,"sensex news: Sensex, Nifty end lower after hitting record highs, snap 3-session record run",NOT_RELEVANT,Unrelated candidate
20240409110000-1752,20240409110000,freepressjournal.in,https://www.freepressjournal.in/business/after-scaling-record-heights-indices-slip-to-red-markets-end-on-a-negative-note,"After Scaling Record Heights, Indices Slip To Red, Markets End On A Negative Note",NOT_RELEVANT,Unrelated candidate
20240409110000-654,20240409110000,easternmirrornagaland.com,https://easternmirrornagaland.com/sectors-like-capital-goods-auto-lead-sensex-to-new-high/,"Sectors Like Capital Goods, Auto Lead Sensex To New High",NOT_RELEVANT,Unrelated candidate
20240409110000-477,20240409110000,moneycontrol.com,https://www.moneycontrol.com/news/business/markets/taking-stock-nifty-sensex-fall-from-record-highs-to-close-in-red-12607141.html,"Taking Stock: Sensex, Nifty fall from record highs to close in the red",NOT_RELEVANT,Unrelated candidate
20240409110000-1742,20240409110000,indiatimes.com,https://economictimes.indiatimes.com/markets/stocks/stock-watch/stock-market-update-stocks-that-hit-52-week-highs-on-nse-in-todays-trade/articleshow/109163042.cms,52 week high stocks: Stock market update: Stocks that hit 52-week highs on NSE in today's trade,NOT_RELEVANT,Unrelated candidate
20240409110000-755,20240409110000,orissapost.com,https://www.orissapost.com/markets-settle-lower-after-hitting-record-peaks-in-intra-day-sensex-breaches-75000-milestone/,"Markets settle lower after hitting record peaks in intra-day; Sensex breaches 75,000-milestone",NOT_RELEVANT,Unrelated candidate
20240409110000-T98,20240409110000,saamana.com,http://www.saamana.com/business-news-share-market-create-history-on-occasion-of-gudi-padwa-2024-sensex-cross-75000-for-first-time/,नववर्षात शेअर बाजाराने उभारली उच्चांकी गुढी; पार केला 75 हजाराचा विक्रमी टप्पा,NOT_RELEVANT,Unrelated candidate
20240409113000-T2810,20240409113000,lokmat.com,https://www.lokmat.com/business/stock-market/sensex-nifty-slip-after-morning-rally-apollo-hospitals-rise-coal-india-falls-share-market-bse-nse-a-a720/,"सकाळच्या तेजीनंतर सेन्सेक्स-निफ्टीमध्ये घसरण; अपोलो हॉस्पिटलमध्ये तेजी, कोल इंडिया घसरला",NOT_RELEVANT,Unrelated candidate
20240409113000-429,20240409113000,indiatimes.com,https://economictimes.indiatimes.com/markets/stocks/stock-watch/stock-market-update-nifty-it-index-advances-0-04/articleshow/109164033.cms,Indices: Stock market update: Nifty IT index advances 0.04%,NOT_RELEVANT,Unrelated candidate
20240409113000-682,20240409113000,theweek.in,https://www.theweek.in/news/biz-tech/2024/04/09/sensex-nifty-lower-setting-record-highs-analysts-caution-mid-small-caps.html,"Sensex, Nifty settle slightly lower after setting record highs; analysts advise caution on mid and small caps",NOT_RELEVANT,Unrelated candidate
20240409113000-1395,20240409113000,theweek.in,https://www.theweek.in/wire-updates/business/2024/04/09/del27-biz-stocks-close.html,Markets settle lower after hitting record peaks in intra-day Sensex breaches 75 000-milestone,NOT_RELEVANT,Unrelated candidate
20240409120000-790,20240409120000,news18.com,https://www.news18.com/business/sensex-nifty-end-lower-today-after-hitting-record-peaks-intra-day-will-market-rally-continue-8845463.html,"Sensex, Nifty End Lower Today After Hitting Record Peaks Intra-Day: Will Market Rally Continue?",NOT_RELEVANT,Unrelated candidate
20240409120000-754,20240409120000,thehindu.com,https://www.thehindu.com/business/markets/markets-settle-lower-after-hitting-record-peaks-in-intra-day-sensex-breaches-75000-milestone/article68046486.ece,"Markets settle lower after hitting record peaks in intra-day; Sensex breaches 75,000-milestone",NOT_RELEVANT,Unrelated candidate
20240409120000-1223,20240409120000,tribuneindia.com,https://www.tribuneindia.com/news/business/markets-settle-lower-after-hitting-record-peaks-in-intra-day-sensex-breaches-75-000-milestone-609088,"Markets settle lower after hitting record peaks in intra-day; Sensex breaches 75,000-milestone",NOT_RELEVANT,Unrelated candidate
20240409120000-T1028,20240409120000,moneycontrol.com,https://hindi.moneycontrol.com/news/markets/market-outlook-market-slipped-from-the-peak-and-closed-in-the-red-know-how-it-may-move-on-april-10-1893537.html,"Market outlook: शिखर से फिसलकर लाल निशान में बंद हुआ बाजार, जानिए 10 अप्रैल को कैसी रह सकती है इसकी चाल",NOT_RELEVANT,Unrelated candidate
20240409120000-T1037,20240409120000,moneycontrol.com,https://hindi.moneycontrol.com/news/markets/these-stocks-missed-the-5000-point-run-through-82-days-1893545.html,"सेंसेक्स की नए साल की तेजी से चूक गए ये शेयर, सबसे ज्यादा नुकसान में HDFC Bank",NOT_RELEVANT,Unrelated candidate
20240409120000-T1103,20240409120000,moneycontrol.com,https://hindi.moneycontrol.com/news/markets/share-market-today-sensex-falls-in-red-zone-after-hitting-new-all-time-high-investor-lost-rs-88000-crore-1893517.html,"Share Market: रिकॉर्ड बनाने के बाद 450 अंक लुढ़का सेंसेक्स, निवेशकों के एक झटके में ₹88,000 करोड़ डूबे",NOT_RELEVANT,Unrelated candidate
20240409120000-T997,20240409120000,pardaphash.com,https://hindi.pardaphash.com/sensex-opening-bell-sensex-touched-75000-in-the-stock-market-nifty-crossed-22700/,"Sensex Opening Bell : शेयर बाजार में सेंसेक्स ने 75000 छुआ, निफ्टी 22700 के पार",NOT_RELEVANT,Unrelated candidate
20240409121500-685,20240409121500,indianexpress.com,https://indianexpress.com/article/business/market/bse-sensex-nse-nifty-record-high-fii-dii-9260173/,"Sensex, Nifty settle lower after hitting record peaks in intra-day trade",NOT_RELEVANT,Unrelated candidate
20240409121500-368,20240409121500,devdiscourse.com,https://www.devdiscourse.com/article/business/2882349-after-touching-record-highs-nifty-sensex-close-in-negative-zone,"After touching record highs, Nifty-Sensex close in negative zone",NOT_RELEVANT,Unrelated candidate
20240409121500-1376,20240409121500,indiatimes.com,https://economictimes.indiatimes.com/markets/web-stories/gainers-amp-losers-infosys-hindustan-zinc-among-top-5-stocks-in-spotlight-on-tuesday/slideshow/109165454.cms,"​Gainers & Losers: Infosys, Hindustan Zinc among top 5 stocks in spotlight on Tuesday",DIRECTLY_RELEVANT,"Infosys Q4 FY24 earnings, revenue, InSemi acquisition, contracts, hiring, or share price performance."
20240409121500-464,20240409121500,indiatimes.com,https://economictimes.indiatimes.com/markets/stocks/stock-watch/share-market-update-most-active-stocks-of-the-day-in-terms-of-traded-value/articleshow/109164735.cms,active stocks: Share market update: Most active stocks of the day in terms of traded value,NOT_RELEVANT,Unrelated candidate
20240409123000-1160,20240409123000,indiatimes.com,https://economictimes.indiatimes.com/markets/stocks/stock-watch/stock-market-update-stocks-that-hit-52-week-lows-on-nse-in-todays-trade/articleshow/109165835.cms,52 week high stocks: Stock market update: Stocks that hit 52-week lows on NSE in today's trade,NOT_RELEVANT,Unrelated candidate
20240409123000-229,20240409123000,seekingalpha.com,https://seekingalpha.com/news/4088149-bofa-upgrades-infosys-to-buy-citing-uptick-in-demand-next-year,BofA upgrades Infosys to Buy citing uptick in demand next year (NYSE:INFY),DIRECTLY_RELEVANT,"Infosys Q4 FY24 earnings, revenue, InSemi acquisition, contracts, hiring, or share price performance."
20240409123000-595,20240409123000,indiatimes.com,https://timesofindia.indiatimes.com/business/india-business/markets-settle-lower-after-hitting-record-peaks-in-intra-day-sensex-breaches-75000-milestone/articleshow/109163827.cms,"Markets settle lower after hitting record peaks in intra-day; Sensex breaches 75,000-milestone",NOT_RELEVANT,Unrelated candidate
20240409123000-755,20240409123000,indiatimes.com,https://timesofindia.indiatimes.com/life-style/the-arts/art-therapy-a-doctors-prescription-for-healing-and-well-being/articleshow/109165743.cms,Art therapy: A doctor's prescription for healing and well-being,NOT_RELEVANT,Unrelated candidate
20240409124500-343,20240409124500,newzealandstar.com,https://www.newzealandstar.com/news/274245315/after-touching-record-highs-nifty-sensex-close-in-negative-zone,"After touching record highs, Nifty-Sensex close in negative zone",NOT_RELEVANT,Unrelated candidate
20240409130000-800,20240409130000,webindia123.com,https://news.webindia123.com/news/Articles/Business/20240409/4186394.html,"After touching record highs, Nifty-Sensex close in negative zone",NOT_RELEVANT,Unrelated candidate
20240409130000-1496,20240409130000,aninews.in,https://aninews.in/news/business/after-touching-record-highs-nifty-sensex-close-in-negative-zone20240409161124/,"After touching record highs, Nifty-Sensex close in negative zone",NOT_RELEVANT,Unrelated candidate
20240409130000-1571,20240409130000,newsx.com,https://www.newsx.com/business/indian-stock-market-hits-milestone-sensex-crosses-75000-mark-for-first-time/,"Indian Stock Market Hits Milestone: Sensex Crosses 75,000 Mark For First Time",NOT_RELEVANT,Unrelated candidate
20240409130000-T1458,20240409130000,pudhari.news,https://pudhari.news/features/arthabhan/770350/stock-market-updates-sensex-nifty-closed-flat-2/ar,"Stock Market Closing Bell | विक्रमी उच्चांकानंतर सेन्सेक्स, निफ्टी सपाट, कोणते शेअर्स चमकले?",NOT_RELEVANT,Unrelated candidate
20240409131500-1076,20240409131500,cnbc.com,https://www.cnbc.com/2024/04/09/analysts-on-tuesday-say-buy-stocks-ranging-from-apple-to-cisco-to-tesla.html,Analysts on Tuesday say buy stocks ranging from Apple to Cisco to Tesla,NOT_RELEVANT,Unrelated candidate
20240409131500-1418,20240409131500,india.com,https://zeenews.india.com/markets/markets-settle-lower-after-hitting-record-peaks-in-intra-day-sensex-breaches-75000-milestone-2738661.html,"Markets Settle Lower After Hitting Record Peaks In Intra-day; Sensex Breaches 75,000-Milestone",NOT_RELEVANT,Unrelated candidate
20240409131500-357,20240409131500,indiainfoline.com,https://www.indiainfoline.com/news/markets/indian-markets-shed-record-highs-close-lower,"Indian Markets Shed Record Highs, Close Lower",NOT_RELEVANT,Unrelated candidate
20240409131500-1540,20240409131500,thehindubusinessline.com,https://www.thehindubusinessline.com/markets/markets-settle-lower-after-hitting-record-peaks-in-intra-day-sensex-breaches-75000-milestone/article68046314.ece,"Markets settle lower after hitting record peaks in intra-day; Sensex breaches 75,000-milestone",NOT_RELEVANT,Unrelated candidate
20240409133000-497,20240409133000,northkoreatimes.com,https://www.northkoreatimes.com/news/274245315/after-touching-record-highs-nifty-sensex-close-in-negative-zone,"After touching record highs, Nifty-Sensex close in negative zone",NOT_RELEVANT,Unrelated candidate
20240409133000-952,20240409133000,bignewsnetwork.com,https://www.bignewsnetwork.com/news/274245315/after-touching-record-highs-nifty-sensex-close-in-negative-zone,"After touching record highs, Nifty-Sensex close in negative zone",NOT_RELEVANT,Unrelated candidate
20240409133000-588,20240409133000,businesstoday.in,https://www.businesstoday.in/visualstories/stock/apollo-hospitals-hindalco-top-gainers-on-nifty50-hdfc-bank-most-active-stock-on-april-9-124594-09-04-2024,"Apollo Hospitals, Hindalco top gainers on Nifty50; HDFC Bank most active stock on April 9",NOT_RELEVANT,Unrelated candidate
20240409134500-376,20240409134500,lelezard.com,https://www.lelezard.com/en/news-21327846.html,"Boomi World 2024 User Conference to Feature Deion ""Coach Prime"" Sanders",NOT_RELEVANT,Unrelated candidate
20240409141500-403,20240409141500,streetinsider.com,https://www.streetinsider.com/Hot+List/Infosys+stock+gains+on+analyst+upgrade/23044760.html,Infosys stock gains on analyst upgrade,DIRECTLY_RELEVANT,"Infosys Q4 FY24 earnings, revenue, InSemi acquisition, contracts, hiring, or share price performance."
20240409150000-2041,20240409150000,tmcnet.com,https://www.tmcnet.com/usubmit/-boomi-world-2024-user-conference-feature-deion-coach-/2024/04/09/9991396.htm,"Boomi World 2024 User Conference to Feature Deion ""Coach Prime"" Sanders",NOT_RELEVANT,Unrelated candidate
20240409154500-2309,20240409154500,coinspeaker.com,https://www.coinspeaker.com/india-web3-1000-startups-35m-traders/,"India's Web3 Ecosystem Expands to 1,000 Startups with 35 Million Traders",NOT_RELEVANT,Unrelated candidate
20240409154500-1763,20240409154500,independent.co.uk,https://www.independent.co.uk/news/uk/politics/what-is-non-dom-tax-status-meaning-labour-b2525518.html,What is non-dom tax status and how do Labour want to change it?,NOT_RELEVANT,Unrelated candidate
20240409160000-1609,20240409160000,timesofoman.com,https://timesofoman.com/article/144202-after-touching-record-highs-nifty-sensex-close-in-negative-zone,"After touching record highs, Nifty-Sensex close in negative zone",NOT_RELEVANT,Unrelated candidate
20240409160000-721,20240409160000,marketscreener.com,https://www.marketscreener.com/quote/stock/INTEL-CORPORATION-4829/news/Intel-Unleashes-Enterprise-AI-with-Gaudi-3-AI-Open-Systems-Strategy-and-New-Customer-Wins-46397633/,"Intel Unleashes Enterprise AI with Gaudi 3, AI Open Systems Strategy and New Customer Wins",NOT_RELEVANT,Unrelated candidate
20240409160000-T311,20240409160000,loktej.com,https://www.loktej.com/article/100842/after-making-a-new-record-of-strength-the-market-slipped,"मजबूती का नया रिकॉर्ड बनाने के बाद फिसला बाजार, लाल निशान में बंद हुए सेंसेक्स और निफ्टी",NOT_RELEVANT,Unrelated candidate
20240409161500-T217,20240409161500,webdunia.com,https://hindi.webdunia.com/share-market-news/share-market-crossed-75-000-first-time-124040900015_1.html,"Sensex पहली बार 75,000 अंक के पार, Nifty भी रिकॉर्ड स्तर पर",NOT_RELEVANT,Unrelated candidate
20240409173000-982,20240409173000,yourstory.com,https://yourstory.com:443/2024/04/indias-web3-adoption-surges-1-000-start-ups-35-million-traders-report,"India's Web3 adoption surges with 1,000+ startups, 35 million traders: Report",NOT_RELEVANT,Unrelated candidate
20240409174500-834,20240409174500,theusnews.com,https://www.theusnews.com/news/274245315/after-touching-record-highs-nifty-sensex-close-in-negative-zone,"After touching record highs, Nifty-Sensex close in negative zone",NOT_RELEVANT,Unrelated candidate
20240409183000-147,20240409183000,hpcwire.com,https://www.hpcwire.com/off-the-wire/intel-introduces-gaudi-3-elevating-hpc-and-ai-with-increased-speed-and-scalability/,"Intel Introduces Gaudi 3, Elevating HPC and AI with Increased Speed and Scalability",NOT_RELEVANT,Unrelated candidate
20240409183000-1384,20240409183000,yourstory.com,https://social.yourstory.com:443/2024/04/indias-web3-adoption-surges-1-000-start-ups-35-million-traders-report,"India's Web3 adoption surges with 1,000+ startups, 35 million traders: Report",NOT_RELEVANT,Unrelated candidate
20240409184500-375,20240409184500,tmcnet.com,https://www.tmcnet.com/usubmit/2024/04/09/9991611.htm,"Intel Unleashes Enterprise AI with Gaudi 3, AI Open Systems Strategy and New Customer Wins",NOT_RELEVANT,Unrelated candidate
20240409204500-420,20240409204500,theregister.com,https://www.theregister.com/2024/04/09/h1b_visa_fraud/,H-1B visa fraud alive and well amid anti-abuse efforts,NOT_RELEVANT,Unrelated candidate
20240410004500-T786,20240410004500,indiatimes.com,https://navbharattimes.indiatimes.com/business/share-market/share-news/stock-market-prediction-today-signs-of-bullishness-in-these-stocks-including-abb-power-and-tata-chemicals-will-you-bet/articleshow/109172657.cms,"Stock Market Prediction Today signs of bullishness in these stocks including ABB Power and Tata Chemicals will you bet: आज ABB Power और Tata Chemicals समेत इन शेयरों में तेजी के संकेत, क्‍या लगाएंगे दांव?",NOT_RELEVANT,Unrelated candidate
20240410014500-677,20240410014500,aol.com,https://www.aol.com/7-popular-thematic-etfs-invest-223544805.html,7 popular thematic ETFs: Here's how to invest in some of the hottest trends,NOT_RELEVANT,Unrelated candidate
20240410014500-71,20240410014500,thehindubusinessline.com,https://www.thehindubusinessline.com/markets/share-market-nifty-sensex-live-updates-10-april-2024/article68046904.ece,Stock Market Live Updates - 10 April 2024: Stocks in Asia cautious ahead of key US inflation data; Reliance Industries in focus amid JV talks with Tesla,NOT_RELEVANT,Unrelated candidate
20240410020000-516,20240410020000,dnaindia.com,https://www.dnaindia.com/business/report-meet-india-s-most-generous-woman-donated-over-rs-1700000000-last-year-she-is-married-to-3084829,"Meet India's most generous woman, donated over Rs 1700000000 last year, she is married to…",NOT_RELEVANT,Unrelated candidate
20240410021500-228,20240410021500,thehindubusinessline.com,https://www.thehindubusinessline.com/portfolio/day-trading-guide/day-trading-guide-for-april-10/article68046496.ece,"Day trading guide for April 10, 2024: Intraday supports, resistances for Nifty50 stocks",NOT_RELEVANT,Unrelated candidate
20240410024500-73,20240410024500,moneycontrol.com,https://www.moneycontrol.com/news/business/markets/short-call-bulls-find-fodder-in-large-caps-gland-pharma-concor-infosys-in-focus-12610471.html,"Short Call | Bulls find fodder in large-caps; Gland Pharma, CONCOR, Infosys in focus",DIRECTLY_RELEVANT,"Infosys Q4 FY24 earnings, revenue, InSemi acquisition, contracts, hiring, or share price performance."
20240410024500-T1542,20240410024500,dailyhindinews.com,https://dailyhindinews.com/today-there-are-bullish-signs-in-these-stocks-including-abb-power-and-tata-chemicals-what-to-bet-on%E0%A4%86%E0%A4%9C-abb-power-%E0%A4%94%E0%A4%B0-tata-chemicals-%E0%A4%B8%E0%A4%AE%E0%A5%87%E0%A4%A4/,"आज ABB Power और Tata Chemicals समेत इन शेयरों में तेजी के संकेत, क्‍या लगाएंगे दांव? – Daily Hindi News",NOT_RELEVANT,Unrelated candidate
20240410030000-700,20240410030000,financialexpress.com,https://www.financialexpress.com/opinion/a-needless-debate/3451711/,A needless debate,NOT_RELEVANT,Unrelated candidate
20240410031500-215,20240410031500,prnewswire.com,https://www.prnewswire.com/news-releases/software-testing-market-size-to-record-usd-15-94-billion-growth-from-2023-2027--growing-momentum-of-crowdsourced-testing-is-one-of-the-key-market-trends-technavio-302111738.html,"Software Testing Market size to record USD 15.94 billion growth from 2023-2027, Growing momentum of crowdsourced testing is one of the key market trends, Technavio",NOT_RELEVANT,Unrelated candidate
20240410031500-392,20240410031500,yourstory.com,https://social.yourstory.com:443/2020/06/cii-ai-knowledge-global-summit,An eye on AI – CII Global Knowledge Summit explores impacts and strategies for the Age of the Algorithm,NOT_RELEVANT,Unrelated candidate
20240410031500-396,20240410031500,yourstory.com,https://yourstory.com:443/2020/06/cii-ai-knowledge-global-summit,An eye on AI – CII Global Knowledge Summit explores impacts and strategies for the Age of the Algorithm,NOT_RELEVANT,Unrelated candidate
20240410034500-497,20240410034500,businesstoday.in,https://www.businesstoday.in/technology/news/story/intel-unveils-new-ai-chip-gaudi-3-to-compete-with-nvidia-partners-with-infosys-bharti-airtel-ola-in-india-424955-2024-04-10,"Intel unveils new AI chip Gaudi 3 to compete with Nvidia, partners with Infosys, Bharti Airtel, Ola in India",DIRECTLY_RELEVANT,"Infosys Q4 FY24 earnings, revenue, InSemi acquisition, contracts, hiring, or share price performance."
20240410040000-T1640,20240410040000,tarunbharat.com,https://www.tarunbharat.com/sensex-nifty-effective-in-the-stock-market/,Sensex-Nifty effective in the stock market,NOT_RELEVANT,Unrelated candidate
20240410041500-956,20240410041500,freepressjournal.in,https://www.freepressjournal.in/business/banking-stocks-roar-in-green-as-market-start-on-positive-note,Banking Stocks Roar In Green As Markets Start On Positive Note,NOT_RELEVANT,Unrelated candidate
20240410044500-1171,20240410044500,indiatimes.com,https://economictimes.indiatimes.com/markets/stocks/news/sensex-gains-200-poinys-nifty-near-22700-on-gains-in-index-heavyweights/articleshow/109180706.cms,"Sensex rises 200 points, Nifty near 22,700 on gains in index heavyweights",NOT_RELEVANT,Unrelated candidate
20240410044500-134,20240410044500,indiatimes.com,https://economictimes.indiatimes.com/markets/stocks/recos/buy-infosys-target-price-rs-1610-anand-rathi/articleshow/109180931.cms,"Infosys stocks: Buy Infosys, target price Rs 1610: Anand Rathi",DIRECTLY_RELEVANT,"Infosys Q4 FY24 earnings, revenue, InSemi acquisition, contracts, hiring, or share price performance."
20240410044500-1182,20240410044500,indiatimes.com,https://economictimes.indiatimes.com/markets/web-stories/positive-breakout-infosys-and-2-other-stocks-cross-above-their-200-dma/slideshow/109178819.cms,​Positive Breakout: Infosys and 2 other stocks cross above their 200 DMA,DIRECTLY_RELEVANT,"Infosys Q4 FY24 earnings, revenue, InSemi acquisition, contracts, hiring, or share price performance."
20240410044500-T1153,20240410044500,lokmat.com,https://www.lokmat.com/business/stock-market/opening-bell-sensex-nifty-opens-in-green-zone-coal-india-rises-divij-lab-falls-share-market-bse-nse-a-a720/,"Opening Bell: सेन्सेक्स-निफ्टीची ग्रीन झोनमध्ये सुरुवात; कोल इंडियामध्ये तेजी, दिवीज लॅब घसरला",NOT_RELEVANT,Unrelated candidate
20240410051500-604,20240410051500,bignewsnetwork.com,https://www.bignewsnetwork.com/news/274247831/wheels-of-industry-here-how-india-can-overtake-china-on-the-electric-car-market,Wheels of industry: Here's how India can overtake China on the electric car market,NOT_RELEVANT,Unrelated candidate
20240410053000-848,20240410053000,siliconindia.com,https://www.siliconindia.com/news/general/intel-launches-gaudi-3-ai-chip-teams-up-with-infosys-airtel-ola-in-india-nid-228904-cid-1.html,"Intel Launches Gaudi 3 AI Chip, Teams Up with Infosys, Airtel, Ola in India",DIRECTLY_RELEVANT,"Infosys Q4 FY24 earnings, revenue, InSemi acquisition, contracts, hiring, or share price performance."
20240410054500-585,20240410054500,indiatimes.com,https://economictimes.indiatimes.com/markets/stocks/stock-watch/stock-market-update-fertilisers-stocks-up-as-market-rises/articleshow/109181774.cms,Stock Market Sectors: Stock market update: Fertilisers stocks up as market rises,NOT_RELEVANT,Unrelated candidate
20240410054500-1146,20240410054500,indiatimes.com,https://economictimes.indiatimes.com/markets/stocks/stock-watch/stock-market-update-mining-stocks-up-as-market-rises/articleshow/109181583.cms,Stock Market Sectors: Stock market update: Mining stocks up as market rises,NOT_RELEVANT,Unrelated candidate
20240410054500-107,20240410054500,fonearena.com,https://www.fonearena.com/blog/421307/intel-gaudi-3-ai-accelerator-vision-2024.html,"Intel unveils Gaudi 3 AI Accelerator and more at Vision 2024,",NOT_RELEVANT,Unrelated candidate
20240410054500-697,20240410054500,telegraph.co.uk,https://www.telegraph.co.uk/money/tax/non-dom-tax-status-what-means-rules-changing/,Non-dom tax status: what it means and how the rules are changing,NOT_RELEVANT,Unrelated candidate
20240410063000-151,20240410063000,itnewsonline.com,https://www.itnewsonline.com/BusinessWire/Boomi-World-2024-User-Conference-to-Feature-Deion-No.34Coach-PrimeNo.34-Sanders/32980,"Boomi World 2024 User Conference to Feature Deion ""Coach Prime"" Sanders",NOT_RELEVANT,Unrelated candidate
20240410063000-644,20240410063000,itnewsonline.com,https://itnewsonline.com/BusinessWire/Boomi-World-2024-User-Conference-to-Feature-Deion-No.34Coach-PrimeNo.34-Sanders/32980,"Boomi World 2024 User Conference to Feature Deion ""Coach Prime"" Sanders",NOT_RELEVANT,Unrelated candidate
20240410063000-766,20240410063000,itnewsonline.com,https://www.itnewsonline.com/BusinessWire/R-Systems-International-Appoints-Chief-Customer-Officer-and-Chief-Marketing-Officer-to-Deepen-Client-Relationships-and-Accelerate-Growth/32979,R Systems International Appoints Chief Customer Officer and Chief Marketing Officer to Deepen Client Relationships and Accelerate Growth,NOT_RELEVANT,Unrelated candidate
20240410064500-103,20240410064500,shanghaisun.com,https://www.shanghaisun.com/news/274247831/wheels-of-industry-here-how-india-can-overtake-china-on-the-electric-car-market,Wheels of industry: Here's how India can overtake China on the electric car market,NOT_RELEVANT,Unrelated candidate
20240410073000-794,20240410073000,news18.com,https://www.news18.com/business/stock-market-updates-sensex-up-200-points-higher-nifty-above-22650-vedanta-rises-3-8846342.html,"Stock Market Updates: Sensex Up 200 Points Higher, Nifty Above 22,650; Vedanta Rises 3%",NOT_RELEVANT,Unrelated candidate
20240410073000-T2446,20240410073000,nobat.com,https://www.nobat.com/news8272-nd-3a2f0094313238313539.html,નિફ્ટી ફયુચર ૨૨૮૮૦ પોઈન્ટ મહત્ત્વની સપાટી...!!!,NOT_RELEVANT,Unrelated candidate
20240410074500-326,20240410074500,latestly.com,https://www.latestly.com/agency-news/business-news-r-systems-international-appoints-chief-customer-officer-and-chief-marketing-officer-to-deepen-client-relationships-and-accelerate-growth-5883483.html,Business News | R Systems International Appoints Chief Customer Officer and Chief Marketing Officer to Deepen Client Relationships and Accelerate Growth,NOT_RELEVANT,Unrelated candidate
20240410074500-1124,20240410074500,webindia123.com,https://news.webindia123.com/news/Articles/Business/20240410/4186662.html,R Systems International Appoints Chief Customer Officer and Chief Marketing Officer to Deepen Client Relationships and Accelerate Growth,NOT_RELEVANT,Unrelated candidate
20240410074500-864,20240410074500,businesstoday.in,https://www.businesstoday.in/markets/trending-stocks/story/q4-results-preview-will-tcs-beat-infosys-hcl-wipro-ltimindtree-in-terms-of-sales-profit-and-margins-424992-2024-04-10,"Q4 results preview: Will TCS beat Infosys, HCL, Wipro, LTIMindtree in key growth parameters?",DIRECTLY_RELEVANT,"Infosys Q4 FY24 earnings, revenue, InSemi acquisition, contracts, hiring, or share price performance."
20240410074500-525,20240410074500,indiainfoline.com,https://www.indiainfoline.com/blog/the-juiciest-and-the-riskiest-nifty-stocks-in-march-2024,The juiciest and the riskiest Nifty stocks in March 2024,NOT_RELEVANT,Unrelated candidate
20240410083000-467,20240410083000,livemint.com,https://www.livemint.com/market/stock-market-news/anand-rathi-lists-2-emerging-picks-including-infosys-upl-details-here-11712730095202.html,Anand Rathi lists 2 'emerging picks' including Infosys; details here,DIRECTLY_RELEVANT,"Infosys Q4 FY24 earnings, revenue, InSemi acquisition, contracts, hiring, or share price performance."
20240410094500-1218,20240410094500,rediff.com,https://www.rediff.com/business/report/tech-it-firms-may-report-muted-q4-growth-eyes-on-fy25-guidance/20240410.htm,"IT firms may report muted Q4 growth, eyes on FY25 guidance",NOT_RELEVANT,Unrelated candidate
20240410094500-201,20240410094500,moneycontrol.com,https://www.moneycontrol.com/news/business/markets/q4-earnings-preview-mid-tier-it-revenue-growth-may-beat-large-firms-low-us-spends-continue-to-hurt-12613311.html,"Q4 earnings preview: Mid-tier IT revenue growth may beat large firms, low US spends continue to hurt",NOT_RELEVANT,Unrelated candidate
20240410094500-738,20240410094500,livemint.com,https://www.livemint.com/market/stock-market-news/nifty-it-underperforms-nifty-50-in-last-1-year-time-to-take-contra-bets-11712737622685.html,Nifty IT underperforms Nifty 50 in last 1 year; time to take contra bets?,NOT_RELEVANT,Unrelated candidate
20240410100000-1245,20240410100000,aninews.in,https://aninews.in/news/business/r-systems-international-appoints-chief-customer-officer-and-chief-marketing-officer-to-deepen-client-relationships-and-accelerate-growth20240410111924/,R Systems International Appoints Chief Customer Officer and Chief Marketing Officer to Deepen Client Relationships and Accelerate Growth,NOT_RELEVANT,Unrelated candidate
20240410103000-521,20240410103000,prnewswire.com,https://www.prnewswire.com/news-releases/infosys-topaz-and-intel-collaborate-to-accelerate-enterprise-growth-and-efficiency-with-generative-ai-302112975.html,Infosys Topaz and Intel Collaborate to Accelerate Enterprise Growth and Efficiency with Generative AI,DIRECTLY_RELEVANT,"Infosys Q4 FY24 earnings, revenue, InSemi acquisition, contracts, hiring, or share price performance."
20240410104500-1138,20240410104500,marketscreener.com,https://www.marketscreener.com/quote/stock/INFOSYS-LIMITED-56049208/news/Infosys-Topaz-and-Intel-Collaborate-to-Accelerate-Enterprise-Growth-and-Efficiency-with-Generative-A-46403765/,Infosys Topaz and Intel Collaborate to Accelerate Enterprise Growth and Efficiency with Generative AI,DIRECTLY_RELEVANT,"Infosys Q4 FY24 earnings, revenue, InSemi acquisition, contracts, hiring, or share price performance."
20240410110000-1587,20240410110000,marketscreener.com,https://www.marketscreener.com/quote/stock/R-SYSTEMS-INTERNATIONAL-L-15914408/news/R-International-Appoints-Chief-Customer-Officer-and-Chief-Marketing-Officer-to-Deepen-Client-Relat-46403895/,"R International : Appoints Chief Customer Officer and Chief Marketing Officer to Deepen Client Relationships and Accelerate Growth -April 10, 2024 at 06:35 am EDT",NOT_RELEVANT,Unrelated candidate
20240410110000-1419,20240410110000,indiatimes.com,https://economictimes.indiatimes.com/markets/stocks/news/sensex-nifty-rally-to-record-highs-ahead-of-us-inflation-report/articleshow/109194564.cms,"sensex news today: Sensex, Nifty rally to record highs ahead of US inflation report; investors gain Rs 2 lakh crore",NOT_RELEVANT,Unrelated candidate
20240410111500-38,20240410111500,indiatimes.com,https://timesofindia.indiatimes.com/business/india-business/stock-market-today-bse-sensex-closes-above-75000-for-the-first-time-investors-richer-by-rs-2-lakh-crore/articleshow/109195233.cms,"Stock market today: BSE Sensex closes above 75,000 for the first time; investors richer by Rs 2 lakh crore",NOT_RELEVANT,Unrelated candidate
20240410114500-535,20240410114500,govconwire.com,https://www.govconwire.com/2024/04/realmone-acquires-software-development-operations-support-provider-torin-consulting/,"RealmOne Acquires Software Development, Operations Support Provider Torin Consulting",NOT_RELEVANT,Unrelated candidate
20240410114500-1256,20240410114500,informationweek.com,https://www.informationweek.com:443/author/naresh-duddu,Naresh Duddu,NOT_RELEVANT,Unrelated candidate
20240410120000-444,20240410120000,financialexpress.com,https://www.financialexpress.com/business/industry-infosys-intel-collaborate-to-accelerate-enterprise-growth-and-efficiency-with-gen-ai-3452658/,"Infosys, Intel collaborate to accelerate enterprise growth and efficiency with Gen AI",DIRECTLY_RELEVANT,"Infosys Q4 FY24 earnings, revenue, InSemi acquisition, contracts, hiring, or share price performance."
20240410121500-170,20240410121500,indiatimes.com,https://economictimes.indiatimes.com/markets/stocks/stock-watch/stock-market-update-nifty-it-index-advances-0-61/articleshow/109197042.cms,Indices: Stock market update: Nifty IT index advances 0.61%,NOT_RELEVANT,Unrelated candidate
20240410121500-1290,20240410121500,digit.in,https://www.digit.in/news/general/intel-vision-2024-intel-gaudi-3-boasts-50-better-performance-with-a-focus-on-open-standards-of-ai.html,Intel Vision 2024: Intel Gaudi 3 boasts 50% better performance with a focus on open standards of AI,NOT_RELEVANT,Unrelated candidate
20240410124500-650,20240410124500,marketscreener.com,https://www.marketscreener.com/quote/stock/INTEL-CORPORATION-4829/news/Intel-collaboration-with-Infosys-extended-to-generative-AI-46405079/,"Intel: collaboration with Infosys extended to generative AI -April 10, 2024 at 08:28 am EDT",DIRECTLY_RELEVANT,"Infosys Q4 FY24 earnings, revenue, InSemi acquisition, contracts, hiring, or share price performance."
20240410130000-1854,20240410130000,deccanchronicle.com,https://www.deccanchronicle.com/business/economics/markets-settle-lower-after-hitting-record-peaks-in-intra-day-sensex-breaches-75000-milestone-888995,"Markets settle lower after hitting record peaks in intra-day; Sensex breaches 75,000-milestone",NOT_RELEVANT,Unrelated candidate
20240410131500-377,20240410131500,yahoo.com,https://finance.yahoo.com/news/drug-discovery-informatics-market-reach-124500637.html,"Drug Discovery Informatics Market to Reach $7.9 Billion, Globally, By 2032 at 10.5% CAGR: Allied Market Research",NOT_RELEVANT,Unrelated candidate
20240410131500-570,20240410131500,thehindubusinessline.com,https://www.thehindubusinessline.com/info-tech/criticalriver-ropes-in-phaneesh-murthy-raju-reddy/article68049790.ece,"CriticalRiver ropes in Phaneesh Murthy, Raju Reddy - The Hindu BusinessLine",NOT_RELEVANT,Unrelated candidate
20240410133000-1,20240410133000,indiatimes.com,https://timesofindia.indiatimes.com/business/india-business/infosys-foundation-grants-rs-33-crore-to-karnataka-police-to-fight-cybercrimes/articleshow/109198292.cms,Infosys foundation grants Rs 33 crore to Karnataka police to fight cybercrimes,NOT_RELEVANT,Philanthropy / social sector profile / Science Foundation award
20240410140000-291,20240410140000,biztoc.com,https://biztoc.com/x/1265dc938cfb731b,What's Going On With Intel Stock Wednesday?,NOT_RELEVANT,Unrelated candidate
20240410141500-722,20240410141500,indiatimes.com,https://timesofindia.indiatimes.com/technology/tech-news/infosys-expands-tie-up-with-intel-to-train-its-employees-on-companys-ai-portfolio/articleshow/109199936.cms,"Infosys expands tie-up with Intel, to train its employees on company's AI portfolio",DIRECTLY_RELEVANT,"Infosys Q4 FY24 earnings, revenue, InSemi acquisition, contracts, hiring, or share price performance."
20240410141500-560,20240410141500,streetinsider.com,https://www.streetinsider.com/Business+Wire/R+Systems+International+Appoints+Chief+Customer+Officer+and+Chief+Marketing+Officer+to+Deepen+Client+Relationships+and+Accelerate+Growth/23050083.html,R Systems International Appoints Chief Customer Officer and Chief Marketing Officer to Deepen Client Relationships and Accelerate Growth,NOT_RELEVANT,Unrelated candidate
20240410143000-T2132,20240410143000,abcbourse.com,https://www.abcbourse.com/marches/newsContent/627311,Intel: collaboration avec Infosys étendue à l'IA générative,DIRECTLY_RELEVANT,"Infosys Q4 FY24 earnings, revenue, InSemi acquisition, contracts, hiring, or share price performance."
20240410151500-1905,20240410151500,benzinga.com,https://www.benzinga.com/markets/equities/24/04/38182799/whats-going-on-with-intel-stock-wednesday,"What's Going On With Intel Stock Wednesday? - Intel (NASDAQ:INTC), Infosys (NYSE:INFY)",DIRECTLY_RELEVANT,"Infosys Q4 FY24 earnings, revenue, InSemi acquisition, contracts, hiring, or share price performance."
20240410163000-T34,20240410163000,sakshi.com,https://www.sakshi.com/telugu-news/business/infosys-foundation-grants-rs-33-cr-karnataka-police-2019226,మరోసారి ఇన్ఫోసిస్‌ దాతృత్వం.. రూ.33 కోట్లు విరాళం,DIRECTLY_RELEVANT,"Infosys Q4 FY24 earnings, revenue, InSemi acquisition, contracts, hiring, or share price performance."
20240410164500-1561,20240410164500,moneycontrol.com,https://www.moneycontrol.com/news/business/infosys-foundation-grants-rs-33-cr-to-karnataka-police-to-fight-cybercrimes-12617341.html,Infosys Foundation grants Rs 33 cr to Karnataka police to fight cybercrimes,NOT_RELEVANT,Philanthropy / social sector profile / Science Foundation award
20240410164500-1498,20240410164500,streetinsider.com,https://www.streetinsider.com/PRNewswire/eClerx+appoints+Manish+Sharma+as+its+new+Chief+Revenue+Officer/23050906.html,eClerx appoints Manish Sharma as its new Chief Revenue Officer,NOT_RELEVANT,Unrelated candidate
20240410170000-1724,20240410170000,prnewswire.com,https://www.prnewswire.com/news-releases/eclerx-appoints-manish-sharma-as-its-new-chief-revenue-officer-302113383.html,eClerx appoints Manish Sharma as its new Chief Revenue Officer,NOT_RELEVANT,Unrelated candidate
20240410171500-T1398,20240410171500,punjabkesari.in,https://www.punjabkesari.in/national/news/info-will-help-in-increasing-the-investigation-capacity-of-cyber-crimes-1965407,"साइबर अपराधों की जांच क्षमता बढ़ाने में Infosys करेगी मदद, देगी 33 करोड़ रुपए - info will help in increasing the investigation capacity of cyber crimes",DIRECTLY_RELEVANT,"Infosys Q4 FY24 earnings, revenue, InSemi acquisition, contracts, hiring, or share price performance."
20240410171500-133,20240410171500,tickerreport.com,https://www.tickerreport.com/banking-finance/11875501/value-partners-investments-inc-sells-2401000-shares-of-infosys-limited-nyseinfy.html,"Value Partners Investments Inc. Sells 2,401,000 Shares of Infosys Limited (NYSE:INFY)",DIRECTLY_RELEVANT,"Infosys Q4 FY24 earnings, revenue, InSemi acquisition, contracts, hiring, or share price performance."
20240410171500-525,20240410171500,tmcnet.com,https://www.tmcnet.com/usubmit/2024/04/10/9992496.htm,eClerx appoints Manish Sharma as its new Chief Revenue Officer,NOT_RELEVANT,Unrelated candidate
20240410183000-793,20240410183000,menafn.com,https://menafn.com/1108080818/Eclerx-Appoints-Manish-Sharma-As-Its-New-Chief-Revenue-Officer,Eclerx Appoints Manish Sharma As Its New Chief Revenue Officer,NOT_RELEVANT,Unrelated candidate
20240410184500-180,20240410184500,thehindu.com,https://www.thehindu.com/business/Industry/it-firm-criticalriver-ropes-in-industry-veterans-phaneesh-murthy-raju-reddy-bolsters-leadership-team/article68051819.ece,"IT firm CriticalRiver ropes in industry veterans Phaneesh Murthy, Raju Reddy; bolsters leadership team",NOT_RELEVANT,Unrelated candidate
20240410191500-286,20240410191500,streetinsider.com,https://www.streetinsider.com/Business+Wire/Tight+Budgets+Shape+Mainframe+Plans+Throughout+Americas/23051552.html,Tight Budgets Shape Mainframe Plans Throughout Americas,NOT_RELEVANT,Unrelated candidate
20240410191500-1087,20240410191500,americanbazaaronline.com,https://www.americanbazaaronline.com/2024/04/10/tarun-bajaj-appointed-chair-of-us-india-tax-forum-456468/,Tarun Bajaj appointed chair of US-India tax forum,NOT_RELEVANT,Unrelated candidate
20240410193000-826,20240410193000,tmcnet.com,https://www.tmcnet.com/usubmit/2024/04/10/9992560.htm,Tight Budgets Shape Mainframe Plans Throughout Americas,NOT_RELEVANT,Unrelated candidate
20240410201500-2082,20240410201500,marketscreener.com,https://www.marketscreener.com/quote/stock/INFORMATION-SERVICES-GROU-879237/news/Tight-Budgets-Shape-Mainframe-Plans-Throughout-Americas-46408135/,Tight Budgets Shape Mainframe Plans Throughout Americas,NOT_RELEVANT,Unrelated candidate
20240410201500-980,20240410201500,lelezard.com,https://www.lelezard.com/en/news-21330456.html,Tight Budgets Shape Mainframe Plans Throughout Americas,NOT_RELEVANT,Unrelated candidate
20240410213000-1336,20240410213000,oneindia.com,https://www.oneindia.com/india/infosys-intel-partnership-boosts-enterprise-ai-growth-011-3796883.html,Infosys and Intel Forge Partnership to Boost Enterprise AI Growth,DIRECTLY_RELEVANT,"Infosys Q4 FY24 earnings, revenue, InSemi acquisition, contracts, hiring, or share price performance."
20240411003000-609,20240411003000,prnewswire.com,https://www.prnewswire.com/news-releases/call-center-outsourcing-market-size-is-set-to-grow-by-usd-27-64-billion-from-2023-2027--rise-of-emerging-countries-as-call-center-destinations-boost-the-market-technavio-302112746.html,"Call Center Outsourcing Market size is set to grow by USD 27.64 billion from 2023-2027, Rise of emerging countries as call center destinations boost the market, Technavio",NOT_RELEVANT,Unrelated candidate
20240411004500-10,20240411004500,gadget.co.za,https://gadget.co.za/gaudi3/,Intel launches Gaudi 3 – Gadget,NOT_RELEVANT,Unrelated candidate
20240411020000-321,20240411020000,rashtranews.com,https://www.rashtranews.com/covid-hit-upsc-aspirants-demand-extra-attempt-for-mains-rashtra-news/,Covid hit UPSC aspirants demand extra attempt for Mains – Rashtra News,NOT_RELEVANT,Unrelated candidate
20240411023000-648,20240411023000,theweek.in,https://www.theweek.in/wire-updates/business/2024/04/11/dcm86-biz-infosys-intel.html,Infosys Intel team up to drive enterprise growth with Gen AI,DIRECTLY_RELEVANT,"Infosys Q4 FY24 earnings, revenue, InSemi acquisition, contracts, hiring, or share price performance."
20240411023000-641,20240411023000,theweek.in,https://www.theweek.in/wire-updates/national/2024/04/11/des50-biz-infosys-intel.html,Infosys Intel team up to drive enterprise growth with Gen AI,DIRECTLY_RELEVANT,"Infosys Q4 FY24 earnings, revenue, InSemi acquisition, contracts, hiring, or share price performance."
20240411033000-449,20240411033000,rashtranews.com,https://www.rashtranews.com/tcs-tcs-becomes-the-worlds-second-most-valuable-it-services-brand-heres-what-helped-the-company-beat-ibm-rashtra-news-tech-news/,"tcs: TCS becomes the world's second-most valuable IT services brand, here's what helped the company 'beat' IBM – Rashtra News : Tech News",NOT_RELEVANT,Unrelated candidate
20240411043000-405,20240411043000,indiatimes.com,https://timesofindia.indiatimes.com/business/india-business/tech-slump-large-batches-deal-a-blow-iits-struggle-to-find-placements-for-students-low-paying-jobs-being-rejected/articleshow/109210392.cms,"Tech slump, large batches deal a blow! IITs struggle to find placements for students; low paying jobs being rejected",NOT_RELEVANT,Unrelated candidate
20240411044500-T840,20240411044500,money.pl,https://www.money.pl/gospodarka/w-polsce-narasta-niebezpieczne-zjawisko-fala-zwolnien-sie-rozpedza-7015476105247648a.html,"W Polsce narasta niebezpieczne zjawisko. ""Fala zwolnień się rozpędza""",NOT_RELEVANT,Unrelated candidate
20240411054500-390,20240411054500,indiatimes.com,https://telecom.economictimes.indiatimes.com/news/enterprise-services/infosys-intel-team-up-to-drive-enterprise-growth-with-gen-ai/109210051,"Infosys, Intel team up to drive enterprise growth with Gen AI, ET Telecom",DIRECTLY_RELEVANT,"Infosys Q4 FY24 earnings, revenue, InSemi acquisition, contracts, hiring, or share price performance."
20240411081500-698,20240411081500,yourstory.com,https://social.yourstory.com:443/enterprise-story/2024/04/infosys-intel-enterprise-growth-gen-ai,YourStory | Stories about startups & entrepreneurships,NOT_RELEVANT,Unrelated candidate
20240411083000-229,20240411083000,thehindubusinessline.com,https://www.thehindubusinessline.com/info-tech/infosys-intel-team-up-to-drive-enterprise-growth-with-gen-ai/article68053103.ece,"Infosys, Intel team up to drive enterprise growth with Gen AI",DIRECTLY_RELEVANT,"Infosys Q4 FY24 earnings, revenue, InSemi acquisition, contracts, hiring, or share price performance."
20240411084500-220,20240411084500,businesstoday.in,https://www.businesstoday.in/markets/company-stock/story/tcs-q4-results-preview-5-key-things-to-watch-as-it-firm-shares-earnings-on-friday-april-12-425112-2024-04-11,"TCS Q4 results preview: 5 key things to watch as IT firm shares earnings on Friday, April 12",NOT_RELEVANT,Unrelated candidate
20240411084500-742,20240411084500,indianexpress.com,https://indianexpress.com/article/cities/bangalore/karnataka-infosys-foundation-cyber-crime-fighting-9264073/,Infosys Foundation grants Rs 33 crore to police to tackle cyber crimes in Karnataka,NOT_RELEVANT,Philanthropy / social sector profile / Science Foundation award
20240411100000-1171,20240411100000,yourstory.com,https://her.yourstory.com:443/enterprise-story/2024/04/infosys-intel-enterprise-growth-gen-ai,YourStory | Stories about startups & entrepreneurships,NOT_RELEVANT,Unrelated candidate
20240411101500-627,20240411101500,moneycontrol.com,https://www.moneycontrol.com/news/business/markets/deepfaked-investing-scams-six-tips-to-outsmart-them-12620961.html,'Deepfaked' investing scams: Six tips to outsmart them,NOT_RELEVANT,Unrelated candidate
20240411101500-460,20240411101500,pwmnet.com,https://www.pwmnet.com/searching-for-asias-secret-source,Searching for Asia's 'secret source' - Professional Wealth Management,NOT_RELEVANT,Unrelated candidate
20240411104500-551,20240411104500,moneycontrol.com,https://www.moneycontrol.com/news/business/markets/deepfaked-investing-scams-explode-herere-6-tips-to-outsmart-them-12620961.html,'Deepfaked' investing scams explode; here're 6 tips to outsmart them,NOT_RELEVANT,Unrelated candidate
20240411111500-1457,20240411111500,deccanchronicle.com,https://www.deccanchronicle.com/business/criticalriver-fortifies-leadership-for-hyper-growth-889083,"Narayana Murthy, Sunil Sharma Join Executive Leadership Team at Critical River",NOT_RELEVANT,Narayana Murthy / Sudha Murty personal opinion piece / lifestyle story
20240411113000-1086,20240411113000,dailypioneer.com,https://www.dailypioneer.com/2024/technology/infosys--intel-team-up-to-drive-enterprise-growth-with-gen-ai.html,"Infosys, Intel team up to drive enterprise growth with Gen AI",DIRECTLY_RELEVANT,"Infosys Q4 FY24 earnings, revenue, InSemi acquisition, contracts, hiring, or share price performance."
20240411114500-801,20240411114500,openpr.com,https://www.openpr.com/news/3460160/aerospace-hourly-availability-services-market-survey-report,Aerospace Hourly Availability Services Market Survey Report,NOT_RELEVANT,Unrelated candidate
20240411121500-211,20240411121500,canada.com,https://o.canada.com:443/pmn/business-wire-news-releases-pmn/boomi-world-2024-user-conference-to-feature-deion-coach-prime-sanders,"Boomi World 2024 User Conference to Feature Deion ""Coach Prime"" Sanders",NOT_RELEVANT,Unrelated candidate
20240411121500-404,20240411121500,yourstory.com,https://yourstory.com:443/enterprise-story/2024/04/infosys-intel-enterprise-growth-gen-ai,YourStory | Stories about startups & entrepreneurships,NOT_RELEVANT,Unrelated candidate
20240411124500-1181,20240411124500,medianama.com,https://www.medianama.com/2024/04/223-infosys-intel-partnership-gen-ai-enterprise-adoption/,Infosys Intel Partnership to Boost Generative AI Enterprise Adoption,DIRECTLY_RELEVANT,"Infosys Q4 FY24 earnings, revenue, InSemi acquisition, contracts, hiring, or share price performance."
20240411124500-1174,20240411124500,adgully.com,https://www.adgully.com/eclerx-appoints-manish-sharma-as-its-new-chief-revenue-officer-144362.html,eClerx appoints Manish Sharma as its new Chief Revenue Officer,NOT_RELEVANT,Unrelated candidate
20240411130000-53,20240411130000,thehindubusinessline.com,https://www.thehindubusinessline.com/info-tech/gartner-predicts-75-of-enterprise-software-engineers-will-use-ai-code-assistants-by-2028/article68054066.ece,Gartner predicts 75% of enterprise software engineers will use AI code assistants by 2028,NOT_RELEVANT,Unrelated candidate
20240411131500-237,20240411131500,thehindu.com,https://www.thehindu.com/brandhub/top-web-development-companies-in-india/article68053679.ece,Top Web Development Companies in India,NOT_RELEVANT,Unrelated candidate
20240411140000-1544,20240411140000,firstpost.com,https://www.firstpost.com/tech/indias-infosys-expands-partnership-with-intel-to-assist-global-businesses-in-accelerating-ai-initiaitves-13758659.html,India's Infosys expands partnership with Intel to assist global businesses in accelerating AI initiatives – Firstpost,DIRECTLY_RELEVANT,"Infosys Q4 FY24 earnings, revenue, InSemi acquisition, contracts, hiring, or share price performance."
20240411151500-T243,20240411151500,moneycontrol.com,https://hindi.moneycontrol.com/news/business/infosys-foundation-give-33-crore-to-karnataka-polive-for-cybercrimes-check-details-1894068.html,"इंफोसिस फाउंडेशन ने कर्नाटक पुलिस को दिया 33 करोड़ रुपये का दान, साइबर क्राइम से लड़ने में मिलेगी मदद",DIRECTLY_RELEVANT,"Infosys Q4 FY24 earnings, revenue, InSemi acquisition, contracts, hiring, or share price performance."
20240411153000-1922,20240411153000,theweek.in,https://www.theweek.in/news/biz-tech/2024/04/11/q4-earnings-it-pack-seen-bracing-for-muted-show-amid-weak-global-macros-tight-spends.html,"Q4 earnings: IT pack seen bracing for muted show amid weak global macros, tight spends",NOT_RELEVANT,Unrelated candidate
20240411163000-713,20240411163000,livemint.com,https://www.livemint.com/companies/news/with-delaporte-gone-can-legacy-hand-srinivas-pallia-steer-wipro-through-the-ai-age-11712848208685.html,"With Delaporte gone, can legacy hand Srinivas Pallia steer Wipro through the AI",NOT_RELEVANT,Unrelated candidate
20240411163000-22,20240411163000,livemint.com,https://www.livemint.com/mutual-fund/magic-of-compounding-rs-1-lakh-investment-at-the-launch-of-this-mutual-fund-swelled-to-rs-1-50-crore-absl-flexi-cap-11712837790007.html,Magic of compounding: ₹1 lakh investment in this mutual fund at the time of launch would have swelled to ₹1.50 crore,NOT_RELEVANT,Unrelated candidate
20240411170000-1692,20240411170000,themarketsdaily.com,https://www.themarketsdaily.com/2024/04/11/janiczek-wealth-management-llc-acquires-2357-shares-of-infosys-limited-nyseinfy.html,"Janiczek Wealth Management LLC Acquires 2,357 Shares of Infosys Limited (NYSE:INFY)",DIRECTLY_RELEVANT,"Infosys Q4 FY24 earnings, revenue, InSemi acquisition, contracts, hiring, or share price performance."
20240411171500-2194,20240411171500,shtfplan.com,https://www.shtfplan.com/headline-news/global-governments-are-in-a-silent-war-against-humanity,Global Governments are in a Silent War Against Humanity,NOT_RELEVANT,Unrelated candidate
20240411173000-332,20240411173000,eagletribune.com,https://www.eagletribune.com/region/grid-dynamics-appoints-industry-veteran-rahul-shah-to-lead-business-expansion-in-india/article_f8339a50-9d6b-5ee6-8fb6-7a0231868a3e.html,Grid Dynamics Appoints Industry Veteran Rahul Shah to Lead Business Expansion in India,NOT_RELEVANT,Unrelated candidate
20240411180000-1203,20240411180000,telegraph.co.uk,https://www.telegraph.co.uk/business/2024/04/11/silicon-valley-lining-up-to-hire-rishi-sunak/,Why Silicon Valley has Rishi Sunak in its sights,NOT_RELEVANT,"Narayana Murthy / Sudha Murty non-corporate lifestyle, family memoir, flight encounter, or 70-hour work week viral debate"
20240411194500-979,20240411194500,livemint.com,https://www.livemint.com/opinion/online-views/investing-for-absolute-returns-can-liberate-investors-11712846769506.html,Investing for absolute returns can liberate investors,NOT_RELEVANT,Unrelated candidate
20240411210000-772,20240411210000,financialexpress.com,https://www.financialexpress.com/business/industry-tcs-q4-earnings-seen-muted-but-will-outperform-peers-3454194/,"TCS Q4 earnings seen muted, but will outperform peers",NOT_RELEVANT,Unrelated candidate
20240411210000-1991,20240411210000,financialexpress.com,https://www.financialexpress.com/business/digital-transformation-genai-deals-rise-for-indian-it-firms-but-far-behind-accenture-3454178/,"GenAI deals rise for Indian IT firms, but far behind Accenture",NOT_RELEVANT,Unrelated candidate
20240412000000-1589,20240412000000,indiatimes.com,https://timesofindia.indiatimes.com/city/hyderabad/gleneagles-eyes-acquisition-aims-to-be-2500-bed-chain/articleshow/109229750.cms,"Gleneagles Healthcare India Pvt Ltd: Gleneagles Eyes Acquisition, Aims To Be 2,500-bed Chain | Hyderabad News",NOT_RELEVANT,Unrelated candidate
20240412004500-687,20240412004500,indiatimes.com,https://timesofindia.indiatimes.com/business/india-business/us-tech-jobs-pick-up-green-shoots-for-indian-it/articleshow/109229801.cms,"US tech jobs pick up, green shoots for Indian IT",NOT_RELEVANT,Unrelated candidate
20240412004500-986,20240412004500,streetinsider.com,"https://www.streetinsider.com/Business+Wire/Asia+Pacific+Firms+Act+on+Mainframe+Needs,+Possibilities/23058477.html","Asia Pacific Firms Act on Mainframe Needs, Possibilities",NOT_RELEVANT,Unrelated candidate
20240412010000-T31,20240412010000,sakshi.com,https://www.sakshi.com/telugu-news/andhra-pradesh/jagans-it-policy-successful-state-2021291,నిస్సిగ్గుగా నిజాలను కాలదన్ని..,NOT_RELEVANT,Unrelated candidate
20240412014500-105,20240412014500,thehindubusinessline.com,https://www.thehindubusinessline.com/markets/share-market-nifty-sensex-live-updates-12-april-2024/article68053888.ece,"Stock Market Live Updates 12 April 2024: Sensex, Nifty likely to open lower amid negative global cues",NOT_RELEVANT,Unrelated candidate
20240412014500-341,20240412014500,thehindubusinessline.com,https://www.thehindubusinessline.com/portfolio/day-trading-guide/day-trading-guide-april-12/article68053809.ece,"Day trading guide for April 12, 2024: Intraday supports, resistances for Nifty50 stocks",NOT_RELEVANT,Unrelated candidate
20240412023000-778,20240412023000,livemint.com,https://www.livemint.com/news/india/top-events-of-the-day-pm-modi-in-udhampur-india-bloc-rally-in-coimbatore-tcs-bajaj-auto-infosys-q4-results-and-more-11712883172191.html,"Top Events of the Day: PM Modi in Udhampur, INDIA bloc rally in Coimbatore; TCS, Bajaj Auto, Infosys Q4 results and more",DIRECTLY_RELEVANT,"Infosys Q4 FY24 earnings, revenue, InSemi acquisition, contracts, hiring, or share price performance."
20240412023000-319,20240412023000,bloomberg.com,https://www.bloomberg.com/news/articles/2024-04-12/indian-it-firms-headwinds-linger-as-analysts-start-signaling-brighter-outlook,"Indian IT Firms Infosys, Wipro to Kick Off Earnings Season on Somber Note",DIRECTLY_RELEVANT,"Infosys Q4 FY24 earnings, revenue, InSemi acquisition, contracts, hiring, or share price performance."
20240412030000-899,20240412030000,bnnbloomberg.ca,https://www.bnnbloomberg.ca/indian-it-firms-headwinds-linger-as-analysts-start-signaling-brighter-outlook-1.2058220,Indian IT Firms' Headwinds Linger as Analysts Start Signaling Brighter Outlook,NOT_RELEVANT,Unrelated candidate
20240412033000-118,20240412033000,wn.com,https://article.wn.com/view/2024/04/12/Stocks_that_will_see_action_today_April_12_2024/,"Stocks that will see action today—April 12, 2024",NOT_RELEVANT,Unrelated candidate
20240412040000-832,20240412040000,moneycontrol.com,https://www.moneycontrol.com/news/business/markets/morgan-stanley-keeps-moderate-outlook-for-it-services-in-q4-touts-weakness-in-us-12624611.html,"Morgan Stanley keeps 'moderate' outlook for IT services in Q4, touts weakness in US",NOT_RELEVANT,Unrelated candidate
20240412040000-1041,20240412040000,menafn.com,https://menafn.com/1108086321/Top-Events-Of-The-Day-PM-Modi-In-Udhampur-INDIA-Bloc-Rally-In-Coimbatore-TCS-Bajaj-Auto-Infosys-Q4-Results-And-More,"Top Events Of The Day: PM Modi In Udhampur, INDIA Bloc Rally In Coimbatore TCS, Bajaj Auto, Infosys Q4 Results And More",DIRECTLY_RELEVANT,"Infosys Q4 FY24 earnings, revenue, InSemi acquisition, contracts, hiring, or share price performance."
20240412041500-661,20240412041500,freepressjournal.in,https://www.freepressjournal.in/business/sun-pharma-slumps-over-2-early-in-the-day-as-markets-start-in-red,Sun Pharma Slumps Over 2% Early In The Day As Markets Start In Red,NOT_RELEVANT,Unrelated candidate
20240412043000-1006,20240412043000,thehindubusinessline.com,https://www.thehindubusinessline.com/info-tech/tcs-infosys-wipro-brace-for-muted-show-amid-weak-global-macros-tight-spends/article68056758.ece,"IT majors TCS, Infosys, Wipro brace for muted show amid weak global macros, tight spends",DIRECTLY_RELEVANT,"Infosys Q4 FY24 earnings, revenue, InSemi acquisition, contracts, hiring, or share price performance."
20240412043000-1011,20240412043000,thehindubusinessline.com,https://www.thehindubusinessline.com/markets/stocks-that-will-see-action-today-april-12-2024/article68056700.ece,"Stocks that will see action today April 12, 2024 - The Hindu BusinessLine",NOT_RELEVANT,Unrelated candidate
20240412044500-1033,20240412044500,bnnbloomberg.ca,https://www.bnnbloomberg.ca/indian-tech-earnings-may-show-worst-is-over-for-showpiece-sector-1.2058248,Indian Tech Earnings May Show Worst Is Over for Showpiece Sector,NOT_RELEVANT,Unrelated candidate
20240412044500-505,20240412044500,bloomberg.com,https://www.bloomberg.com/news/articles/2024-04-12/indian-tech-earnings-may-show-worst-is-over-for-showpiece-sector,Indian Tech Earnings May Show Worst Is Over for Showpiece Sector,NOT_RELEVANT,Unrelated candidate
20240412050000-588,20240412050000,yahoo.com,https://finance.yahoo.com/news/indian-tech-earnings-may-show-034337411.html,Indian Tech Earnings May Show Worst Is Over for Showpiece Sector,NOT_RELEVANT,Unrelated candidate
20240412051500-908,20240412051500,yahoo.com,https://www.yahoo.com/news/indian-tech-earnings-may-show-034337025.html,Indian Tech Earnings May Show Worst Is Over for Showpiece Sector,NOT_RELEVANT,Unrelated candidate
20240412060000-170,20240412060000,moneycontrol.com,https://www.moneycontrol.com/news/technology/iit-bombay-profs-startup-sedemac-mechatronics-in-talks-to-raise-100-million-12625411.html,"IIT Bombay Prof's startup Sedemac Mechatronics in talks to raise $100 million from A91, Xponentia, 360 ONE Asset",NOT_RELEVANT,"Narayana Murthy / Sudha Murty non-corporate lifestyle, family memoir, flight encounter, or 70-hour work week viral debate"
20240412060000-1121,20240412060000,openthemagazine.com,https://openthemagazine.com/feature/sensex75000/,Sensex@75000 - Open The Magazine,NOT_RELEVANT,Unrelated candidate
20240412061500-91,20240412061500,indiatimes.com,https://economictimes.indiatimes.com/markets/stocks/stock-watch/stock-market-update-nifty-it-index-flat-0-0-in-a-weak-market/articleshow/109235972.cms,Indices: Stock market update: Nifty IT index flat 0.0% in a weak market,NOT_RELEVANT,Unrelated candidate
20240412061500-765,20240412061500,indiatimes.com,https://economictimes.indiatimes.com/markets/stocks/earnings/it-earnings-may-show-worst-is-over-for-showpiece-sector-all-eyes-on-tcs-today/articleshow/109235831.cms,it earnings: IT earnings may show worst is over for showpiece sector; all eyes on TCS today,NOT_RELEVANT,Unrelated candidate
20240412061500-389,20240412061500,businesstoday.in,https://www.businesstoday.in/markets/stocks/story/tcs-infosys-wipro-good-or-bad-how-analysts-see-isg-q1-deal-flows-commentary-425205-2024-04-12,"TCS, Infosys, Wipro: Good or bad? How analysts see ISG Q1 deal flows, commentary",DIRECTLY_RELEVANT,"Infosys Q4 FY24 earnings, revenue, InSemi acquisition, contracts, hiring, or share price performance."
20240412064500-1122,20240412064500,moneycontrol.com,https://www.moneycontrol.com/news/business/earnings/weekly-tactical-pick-why-this-it-majors-valuation-is-a-draw-12625001.html,Weekly Tactical Pick – Why this IT major's valuation is a draw,NOT_RELEVANT,Unrelated candidate
20240412073000-310,20240412073000,financialexpress.com,https://www.financialexpress.com/business/industry-tcs-q4-results-today-strong-order-pipeline-may-help-tcs-outpace-it-peers-3454730/,TCS Q4 results today: Strong order pipeline may help TCS outpace IT peers,NOT_RELEVANT,Unrelated candidate
20240412073000-338,20240412073000,indiatimes.com,https://timesofindia.indiatimes.com/business/india-business/indian-tech-earnings-may-show-worst-is-over-for-showpiece-sector-infosys-tcs-wipro/articleshow/109237624.cms,Indian tech earnings may show worst is over for showpiece sector,NOT_RELEVANT,Unrelated candidate
20240412074500-400,20240412074500,indiatimes.com,https://economictimes.indiatimes.com/markets/expert-view/why-is-it-sector-doing-well-despite-many-headwinds-sandip-agarwal-explains/articleshow/109238706.cms,IT sector: Why is IT sector doing well despite many headwinds? Sandip Agarwal explains,NOT_RELEVANT,Unrelated candidate
20240412074500-874,20240412074500,yourstory.com,https://social.yourstory.com:443/enterprise-story/2024/04/q4-results-preview-indian-it-companies-modest-growth,YourStory | Stories about startups & entrepreneurships,NOT_RELEVANT,Unrelated candidate
20240412081500-204,20240412081500,india.com,https://zeenews.india.com/markets/sensex-slumps-600-points-as-heavyweight-stocks-sold-off-2739657.html,Sensex Slumps 600 Points As Heavyweight Stocks Sold Off,NOT_RELEVANT,Unrelated candidate
20240412081500-10,20240412081500,itnewsonline.com,https://www.itnewsonline.com/BusinessWire/Grid-Dynamics-Appoints-Industry-Veteran-Rahul-Shah-to-Lead-Business-Expansion-in-India/32999,Grid Dynamics Appoints Industry Veteran Rahul Shah to Lead Business Expansion in India,NOT_RELEVANT,Unrelated candidate
20240412081500-28,20240412081500,businesswireindia.com,https://www.businesswireindia.com/grid-dynamics-appoints-industry-veteran-rahul-shah-to-lead-business-expansion-in-india-89614.html,Grid Dynamics Appoints Industry Veteran Rahul Shah to Lead Business Expansion in India,NOT_RELEVANT,Unrelated candidate
20240412081500-1230,20240412081500,yourstory.com,https://yourstory.com:443/enterprise-story/2024/04/q4-results-preview-indian-it-companies-modest-growth,YourStory | Stories about startups & entrepreneurships,NOT_RELEVANT,Unrelated candidate
20240412084500-47,20240412084500,yourstory.com,https://her.yourstory.com:443/enterprise-story/2024/04/q4-results-preview-indian-it-companies-modest-growth,YourStory | Stories about startups & entrepreneurships,NOT_RELEVANT,Unrelated candidate
20240412090000-376,20240412090000,prokerala.com,https://www.prokerala.com/news/articles/a1522312.html,Sensex slumps 600 points,NOT_RELEVANT,Unrelated candidate
20240412091500-1538,20240412091500,indiatimes.com,https://economictimes.indiatimes.com/nri/work/indian-it-giants-ride-us-jobs-boom-hire-more-and-more-techies/articleshow/109238469.cms,"jobs in the us: Indian IT giants ride US jobs boom, hire more and more techies",NOT_RELEVANT,Unrelated candidate
20240412091500-1202,20240412091500,livemint.com,https://www.livemint.com/market/the-mysterious-ubos-surfing-in-india-s-small-cap-froth-11712827912316.html,The mysterious UBOs surfing in India's small-cap froth,NOT_RELEVANT,Unrelated candidate
20240412091500-818,20240412091500,business-standard.com,https://www.business-standard.com/industry/news/indian-tech-earnings-may-indicate-worst-is-over-for-showpiece-sector-124041200163_1.html,Indian tech earnings may indicate worst is over for showpiece sector,NOT_RELEVANT,Unrelated candidate
20240412093000-561,20240412093000,finanznachrichten.de,https://www.finanznachrichten.de/nachrichten-2024-04/61929707-information-services-group-inc-u-k-firms-turn-to-salesforce-to-enhance-customer-loyalty-004.htm,"Information Services Group, Inc.: U.K. Firms Turn to Salesforce to Enhance Customer Loyalty",NOT_RELEVANT,Unrelated candidate
20240412093000-879,20240412093000,streetinsider.com,https://www.streetinsider.com/Business+Wire/U.K.+Firms+Turn+to+Salesforce+to+Enhance+Customer+Loyalty/23058893.html,U.K. Firms Turn to Salesforce to Enhance Customer Loyalty,NOT_RELEVANT,Unrelated candidate
20240412093000-1284,20240412093000,indiatimes.com,https://telecom.economictimes.indiatimes.com/news/enterprise-services/it-earnings-may-show-worst-is-over-for-showpiece-sector-all-eyes-on-tcs-today/109236923,"IT earnings may show worst is over for showpiece sector; all eyes on TCS today, ET Telecom",NOT_RELEVANT,Unrelated candidate
20240412100000-T477,20240412100000,khaskhabar.com,https://www.business.khaskhabar.com/daily-news.php/sensex-fell-by-more-than-600-points-631308-BKN.html,सेंसेक्स 600 अंक से अधिक लुढ़का | business.khaskhabar.com,NOT_RELEVANT,Unrelated candidate
20240412101500-58,20240412101500,dailypolitical.com,https://www.dailypolitical.com/2024/04/12/bank-of-america-upgrades-infosys-nyseinfy-to-buy.html,"Bank of America Upgrades Infosys (NYSE:INFY) to ""Buy""",DIRECTLY_RELEVANT,"Infosys Q4 FY24 earnings, revenue, InSemi acquisition, contracts, hiring, or share price performance."
20240412101500-587,20240412101500,moneycontrol.com,https://www.moneycontrol.com/news/business/markets/sensex-nifty-slip-1-as-selloff-intensifies-all-eyes-on-q4-results-12627531.html,"Sensex, Nifty slip 1% as selloff intensifies; all eyes on Q4 results",NOT_RELEVANT,Unrelated candidate
20240412101500-T282,20240412101500,kannadaprabha.com,https://www.kannadaprabha.com/politics/2024/Apr/12/tejasvi-surya-vs-sowmya-reddy-the-battle-of-youths-in-bangalore-south,ತೇಜಸ್ವಿ ಸೂರ್ಯ vs ಸೌಮ್ಯಾ ರೆಡ್ಡಿ: ಬೆಂಗಳೂರು ದಕ್ಷಿಣ ಕ್ಷೇತ್ರ ಯಾರ ಪಾಲಿಗೆ?,NOT_RELEVANT,Unrelated candidate
20240412104500-1055,20240412104500,newkerala.com,https://www.newkerala.com/news/2024/21142.htm,Sensex slumps 600 points,NOT_RELEVANT,Unrelated candidate
20240412104500-396,20240412104500,financialexpress.com,https://www.financialexpress.com/market/tech-companies-gear-up-to-kick-start-earnings-a-look-at-how-it-stocks-performed-in-q4nbsp-3454823/,Tech companies gear up to kick-start earnings- A look at how IT stocks performed in Q4 - Market News,NOT_RELEVANT,Unrelated candidate
20240412110000-T838,20240412110000,khaskhabar.com,https://www.business.khaskhabar.com/business-news/sensex-fell-by-more-than-600-points-631308-BKN.html,सेंसेक्स 600 अंक से अधिक लुढ़का | business.khaskhabar.com,NOT_RELEVANT,Unrelated candidate
20240412114500-162,20240412114500,freepressjournal.in,https://www.freepressjournal.in/business/blood-bath-at-dalal-street-markets-end-in-red-sun-pharma-and-maruti-lead-pack-of-losers,Blood Bath At Dalal Street: Markets End In Red; Sun Pharma And Maruti Lead Pack Of Losers,NOT_RELEVANT,Unrelated candidate
20240412114500-T944,20240412114500,pudhari.news,https://pudhari.news/features/arthabhan/772392/stock-market-closing-bell-sensex-and-nifty-down-1/ar,"Stock Market Closing Bell | सेन्सेक्स ८०० अंकांनी घसरला, बाजारातील विक्रीमागे मॉरिशसचा काय संबंध?",NOT_RELEVANT,Unrelated candidate
20240412120000-1519,20240412120000,india.com,https://www.india.com/business/nandan-denim-shares-hit-52-week-high-details-6854841/,Nandan Denim Shares Hit 52-week High,NOT_RELEVANT,Unrelated candidate
20240412121500-1194,20240412121500,indiatimes.com,https://economictimes.indiatimes.com/markets/stocks/stock-watch/stock-market-update-nifty-it-index-falls-0-78/articleshow/109248170.cms,Indices: Stock market update: Nifty IT index falls 0.78%,NOT_RELEVANT,Unrelated candidate
20240412130000-889,20240412130000,gqindia.com,https://www.gqindia.com/content/meet-the-businessman-whos-running-a-rs-2-lakh-crore-company-and-is-a-member-of-mukesh-ambani-led-reliances-board-of-directors-find-out-his-salary,Meet the businessman who's running a Rs 2 lakh Crore company and is a member of Mukesh Ambani-led Reliance's Board of Directors. Find out his salary,NOT_RELEVANT,Unrelated candidate
20240412131500-T93,20240412131500,epoznan.pl,https://epoznan.pl/news-news-149809-coraz_wiecej_zwolnien_grupowych_w_kraju_nie_omijaja_wielkopolski,Coraz więcej zwolnień grupowych w kraju. Nie omijają Wielkopolski,NOT_RELEVANT,Unrelated candidate
20240412133000-675,20240412133000,marketscreener.com,https://www.marketscreener.com/quote/stock/INFORMATION-SERVICES-GROU-879237/news/Belt-Tightening-Slows-U-S-Adoption-of-SAP-S-4HANA-46424004/,Belt-Tightening Slows U.S. Adoption of SAP S/4HANA,NOT_RELEVANT,Unrelated candidate
20240412133000-904,20240412133000,tmcnet.com,https://www.tmcnet.com/usubmit/2024/04/12/9993642.htm,Belt-Tightening Slows U.S. Adoption of SAP S/4HANA,NOT_RELEVANT,Unrelated candidate
20240412140000-381,20240412140000,indiatimes.com,https://telecom.economictimes.indiatimes.com/news/enterprise-services/indias-tcs-misses-q4-revenue-estimates-on-weak-client-spending/109250524,"India's TCS misses Q4 revenue estimates on weak client spending, ET Telecom",NOT_RELEVANT,Unrelated candidate
20240412140000-1670,20240412140000,moneycontrol.com,https://www.moneycontrol.com/news/technology/tcs-coo-ng-subramaniam-to-retire-in-may-12629761.html,TCS CEO says won't appoint a COO after NG Subramaniam retires in May,NOT_RELEVANT,Unrelated candidate
20240412140000-455,20240412140000,indianexpress.com,https://indianexpress.com/article/entertainment/movie-review/jai-ganesh-movie-review-a-loud-unni-mukundan-in-weakly-penned-film-9265901/,Jai Ganesh movie review: A loud Unni Mukundan is only one of the several problems in this weakly penned film,NOT_RELEVANT,"Narayana Murthy / Sudha Murty non-corporate lifestyle, family memoir, flight encounter, or 70-hour work week viral debate"
20240412141500-827,20240412141500,streetinsider.com,https://www.streetinsider.com/Business+Wire/Belt-Tightening+Slows+U.S.+Adoption+of+SAP+S4HANA/23059876.html,Belt-Tightening Slows U.S. Adoption of SAP S/4HANA,NOT_RELEVANT,Unrelated candidate
20240412151500-T247,20240412151500,punjabkesari.com,https://www.punjabkesari.com/explainer/nifty-50-what-is-nifty-50-in-the-stock-market-how-is-trading-done/,"Nifty-50: शेयर बाजार में क्या होता है Nifty-50, कैसे होती है ट्रेडिंग ?",NOT_RELEVANT,Unrelated candidate
20240412161500-381,20240412161500,eagletribune.com,https://www.eagletribune.com/region/belt-tightening-slows-u-s-adoption-of-sap-s-4hana/article_d47b85ba-a34d-536a-b3b1-51e93ba7a350.html,Belt-Tightening Slows U.S. Adoption of SAP S/4HANA,NOT_RELEVANT,Unrelated candidate
20240412164500-2158,20240412164500,businesstimes.com.sg,https://www.businesstimes.com.sg/companies-markets/india-s-tcs-profits-rise-ai-cloud-contracts,"India's TCS profits rise on AI, cloud contracts",NOT_RELEVANT,Unrelated candidate
20240412191500-1984,20240412191500,hindustantimes.com,https://www.hindustantimes.com/business/tcs-salary-hike-2024-latest-news-how-high-were-the-increments-know-the-tcs-pay-hike-101712939561432.html,TCS salary hike 2024: How high were the increments? Find out now,NOT_RELEVANT,Unrelated candidate
20240412203000-T2,20240412203000,moneycontrol.com,https://hindi.moneycontrol.com/news/business/tcs-does-not-plan-to-appoint-coo-n-ganapathy-subramaniam-replacement-after-his-retirement-in-may-2024-1894383.html,"TCS के COO एनजी सुब्रमण्यम मई में होंगे रिटायर, CEO बोले- नहीं आएगा नया चेहरा",NOT_RELEVANT,Unrelated candidate
20240412211500-1432,20240412211500,theindianawaaz.com,https://theindianawaaz.com/final-trade-april-12-nifty-ends-at-22519-sensex-falls-793-pts-amid-broad-based-selling/,"FINAL TRADE April 12: Nifty ends at 22,519, Sensex falls 793 pts amid broad-based selling",NOT_RELEVANT,Unrelated candidate
20240413003000-672,20240413003000,financialexpress.com,https://www.financialexpress.com/lifestyle/nita-ambanis-rs-451-crore-necklace-to-shloka-mehta-and-narayana-murthys-rs-240-crore-shares-to-his-grandchild-5-ridiculously-expensive-gifts-exchanged-by-billionaires/3443152/,Nita Ambani's Rs 451 crore necklace to Shloka Mehta and Narayana Murthy's Rs 240 crore shares to his grandchild - 5 ridiculously expensive gifts exchanged by billionaires - Lifestyle News,NOT_RELEVANT,Narayana Murthy / Sudha Murty personal opinion piece / lifestyle story
20240413023000-T649,20240413023000,tarunbharat.com,https://www.tarunbharat.com/markets-tumble-sensex-down-793-points/,"Markets tumble, Sensex down 793 points",NOT_RELEVANT,Unrelated candidate
20240413053000-T1707,20240413053000,bhaskar.com,https://www.bhaskar.com/career/news/jee-main-cut-off-2024-iiit-hyderabad-delhi-btech-admissions-details-132868393.html,"JEE Main Cut Off 2024; IIIT Hyderabad Delhi BTech Admissions Details | JEE Mains के स्कोर से लें IIITs में एडमिशन: देश में पहले नंबर पर है IIIT हैदराबाद, टॉप 6 में IIIT दिल्ली, ग्वालियर और जबलपुर",NOT_RELEVANT,Unrelated candidate
20240413063000-306,20240413063000,dnaindia.com,https://www.dnaindia.com/business/report-meet-mukesh-ambani-s-close-aide-who-runs-rs-200000-crore-company-his-salary-is-kv-kamath-3085249,"Meet Mukesh Ambani's close aide, who runs Rs 200000 crore company, his salary is…",NOT_RELEVANT,Unrelated candidate
20240413070000-606,20240413070000,telegraphindia.com,https://www.telegraphindia.com/feeds/business/tata-consultancy-services-profits-up-9-per-cent-in-fourth-quarter-beats-analyst-estimates/cid/2013047,"Net profit | Tata Consultancy Services profits up 9 per cent in fourth quarter, beats analyst estimates",NOT_RELEVANT,Unrelated candidate
20240413081500-543,20240413081500,telegraphindia.com,https://www.telegraphindia.com/business/tata-consultancy-services-profits-up-9-per-cent-in-fourth-quarter-beats-analyst-estimates/cid/2013047,"Net profit | Tata Consultancy Services profits up 9 per cent in fourth quarter, beats analyst estimates",NOT_RELEVANT,Unrelated candidate
20240413121500-307,20240413121500,indianexpress.com,https://indianexpress.com/article/technology/tech-news-technology/tech-giants-revoking-wfh-policies-9267924/,"From Amazon to TCS, 10 tech giants revoking WFH policies",NOT_RELEVANT,Unrelated candidate
20240413123000-667,20240413123000,thefrontierpost.com,https://thefrontierpost.com/indias-tcs-profits-rise-on-ai-cloud-contracts/,"India's TCS profits rise on AI, cloud contracts – The Frontier Post",NOT_RELEVANT,Unrelated candidate
20240413131500-806,20240413131500,indiatimes.com,https://economictimes.indiatimes.com/markets/expert-view/is-it-time-to-buy-healthcare-stocks-rajesh-palviya-weighs-in/articleshow/109271965.cms,Is it time to buy healthcare stocks? Rajesh Palviya weighs in,NOT_RELEVANT,Unrelated candidate
20240413161500-653,20240413161500,thehindu.com,https://www.thehindu.com/news/cities/bangalore/auto-aggregator-namma-yatri-to-launch-cab-services-in-bengaluru-on-april-16/article68062186.ece,Auto aggregator Namma Yatri to launch cab services in Bengaluru on April 16,NOT_RELEVANT,Unrelated candidate
20240413164500-174,20240413164500,indiatimes.com,https://www.indiatimes.com/worth/news/from-dhirubhai-ambani-to-ratan-tata-here-are-the-first-jobs-of-most-successful-indians-632276.html,Sudha Murty To Ratan Tata: First Job Of Most Successful Indians,NOT_RELEVANT,"Narayana Murthy / Sudha Murty non-corporate lifestyle, family memoir, flight encounter, or 70-hour work week viral debate"
20240413170000-890,20240413170000,thehindubusinessline.com,https://www.thehindubusinessline.com/portfolio/wipro-becomes-a-show-me-story-again/article68054679.ece,"Wipro: Becomes a 'Show Me' Story, Again! - The Hindu BusinessLine",NOT_RELEVANT,"Narayana Murthy / Sudha Murty non-corporate lifestyle, family memoir, flight encounter, or 70-hour work week viral debate"
20240413201500-T417,20240413201500,samacharjagat.com,https://www.samacharjagat.com/news/business/stock-market-dollar-weakness-will-have-an-impact-308665,Stock market: Dollar weakness will have an impact| business News in Hindi | शेयर बाजार: डॉलर की कमजोरी का रहेगा असर,NOT_RELEVANT,Unrelated candidate
20240413213000-305,20240413213000,fool.com.au,https://www.fool.com.au/2024/04/14/where-id-invest-10000-in-asx-growth-shares-right-now/,"Where I'd invest $10,000 in ASX growth shares right now",NOT_RELEVANT,Unrelated candidate
20240413223000-630,20240413223000,financialexpress.com,https://www.financialexpress.com/lifestyle/marketing-the-whole-truth-a-company-offering-clean-food-is-also-on-anbsppath-to-educate-the-masses-on-eating-right/3455941/,Marketing the whole truth: A company offering clean food is also on a path to educate the masses on eating right,NOT_RELEVANT,Unrelated candidate
20240413223000-105,20240413223000,financialexpress.com,https://www.financialexpress.com/lifestyle/a-tech-tale-a-graphic-novel-that-aims-to-demystifynbspai-and-serves-as-an-explainer-of-sorts/3455952/,A tech tale: A graphic novel that aims to demystify AI and serves as an explainer of sorts,NOT_RELEVANT,Unrelated candidate
20240413223000-973,20240413223000,financialexpress.com,https://www.financialexpress.com/lifestyle/on-the-shelf-here-are-some-of-the-books-that-you-may-find-interesting-22/3455983/,On the shelf: Here are some of the books that you may find interesting,NOT_RELEVANT,Unrelated candidate
20240413223000-436,20240413223000,financialexpress.com,https://www.financialexpress.com/lifestyle/noted-a-central-bank-governors-inspiring-reminiscences-on-his-journey-and-choices/3455951/,Noted! A central bank governor's inspiring reminiscences on his journey and choices - Lifestyle News,NOT_RELEVANT,"Narayana Murthy / Sudha Murty non-corporate lifestyle, family memoir, flight encounter, or 70-hour work week viral debate"
20240413231500-419,20240413231500,rashtranews.com,https://www.rashtranews.com/wipro-q3-profit-almost-flat-at-rs-2969-crore-revenue-grew-by-29-6-per-cent-tech-news/,"Wipro Q3 profit almost flat at Rs 2,969 crore, revenue grew by 29.6 per cent : Tech News",NOT_RELEVANT,Unrelated candidate
20240413233000-282,20240413233000,rashtranews.com,https://www.rashtranews.com/business-news-ril-adani-transmission-adani-enterprises-fastest-wealth-creators/,"Business News: RIL, Adani Transmission, Adani Enterprises fastest wealth creators",NOT_RELEVANT,Unrelated candidate
20240414014500-512,20240414014500,financialexpress.com,https://www.financialexpress.com/lifestyle/with-chutney-mango-and-kokum-beer-brands-brewing-desi-flavours/3456133/,"With chutney, mango and kokum, beer brands brewing desi flavours",NOT_RELEVANT,Unrelated candidate
20240414021500-764,20240414021500,indiatimes.com,https://timesofindia.indiatimes.com/city/hubballi/sudha-murty-opens-new-kles-school-in-sankeshwar/articleshow/109280227.cms,Sudha Murty: Sudha Murty Opens New Kles School In Sankeshwar | Hubballi News,NOT_RELEVANT,"Narayana Murthy / Sudha Murty non-corporate lifestyle, family memoir, flight encounter, or 70-hour work week viral debate"
20240414021500-75,20240414021500,indiatimes.com,https://timesofindia.indiatimes.com/city/varanasi/cybercrime-gang-kingpin-2-aides-held-in-3-5-crore-fraud/articleshow/109279716.cms,"Cybercrime Gang: Cybercrime Gang Kingpin, 2 Aides Held In 3.5 Crore Fraud | Varanasi News",NOT_RELEVANT,Unrelated candidate
20240414041500-548,20240414041500,moneycontrol.com,https://www.moneycontrol.com/news/business/markets/dalal-street-week-ahead-q4-earnings-china-gdp-oil-prices-among-10-key-factors-to-keep-traders-busy-next-week-12634291.html,"Dalal Street Week Ahead: Q4 earnings, China GDP, oil prices among 10 key factors to keep traders busy next week",NOT_RELEVANT,Unrelated candidate
20240414050000-T924,20240414050000,moneycontrol.com,https://hindi.moneycontrol.com/news/markets/these-5-companies-of-nifty-50-gave-returns-up-to-125-percent-in-one-year-1894474.html,Nifty 50 की इन 5 कंपनियों ने बरसाया पैसा! एक साल में दिया 125% तक का रिटर्न,NOT_RELEVANT,Unrelated candidate
20240414061500-167,20240414061500,indiatimes.com,https://economictimes.indiatimes.com/markets/stocks/earnings/q4-results-this-week-hdfc-bank-infosys-wipro-tata-communications-bajaj-auto-and-others/articleshow/109282740.cms,"Q4 results this week: HDFC Bank, Infosys, Wipro, Tata Communications, Bajaj Auto and others",DIRECTLY_RELEVANT,"Infosys Q4 FY24 earnings, revenue, InSemi acquisition, contracts, hiring, or share price performance."
20240414061500-T1205,20240414061500,navabharat.com,https://navabharat.com/?p=12525,तिमाही नतीजों और भू-राजनीतिक हालात पर रहेगी बाजार की नजर,NOT_RELEVANT,Unrelated candidate
20240414064500-350,20240414064500,dailyexcelsior.com,https://www.dailyexcelsior.com/market-valuation-of-7-most-valued-firms-climb-rs-59404-cr-bharti-airtel-icici-bank-lead-gainers/,"Market valuation of 7 most valued firms climb Rs 59,404 cr; Bharti Airtel, ICICI Bank lead gainers",NOT_RELEVANT,Unrelated candidate
20240414070000-66,20240414070000,theweek.in,https://www.theweek.in/news/biz-tech/2024/04/14/will-israel-iran-tensions-unleash-bears-on-dalal-street-analysts-warn-panic-selling-global-volatility.html,Will Israel-Iran tensions unleash bears on Dalal Street? Analysts warn of panic selling,NOT_RELEVANT,Unrelated candidate
20240414071500-338,20240414071500,latestly.com,https://www.latestly.com/agency-news/latest-news-market-valuation-of-7-most-valued-firms-climb-rs-59404-cr-bharti-airtel-icici-bank-lead-gainers-5892637.html,"Latest News | Market Valuation of 7 Most Valued Firms Climb Rs 59,404 Cr; Bharti Airtel, ICICI Bank Lead Gainers",NOT_RELEVANT,Unrelated candidate
20240414074500-621,20240414074500,indiatimes.com,https://economictimes.indiatimes.com/markets/stocks/news/market-valuation-of-7-most-valued-firms-climb-rs-59404-cr-bharti-airtel-icici-bank-lead-gainers/articleshow/109283749.cms,"Market valuation of 7 most valued firms climb Rs 59,404 cr; Bharti Airtel, ICICI Bank lead gainers",NOT_RELEVANT,Unrelated candidate
20240414074500-T332,20240414074500,bhaskar.com,https://www.bhaskar.com/business/news/market-capitalization-april-2024-update-airtelhdfc-reliance-sbi-lic-132873502.html,"Airtel HDFC Bank Market Capitalisation|Reliance Industries | एयरटेल का मार्केट-कैप एक हफ्ते में ₹19,029 करोड़ बढ़ा: टॉप-10 कंपनियों में से 7 की वैल्यू ₹59,404 करोड़ बढ़ी, HDFC की ₹23,170 करोड़ कम हुई",NOT_RELEVANT,Unrelated candidate
20240414080000-508,20240414080000,livemint.com,https://www.livemint.com/market/market-valuation-of-top-firms-surges-rs-59-404-crore-during-holiday-shortened-week-airtel-and-icici-bank-gain-big-11713074689281.html,"Market valuation of top firms surges ₹59,404 crore during holiday-shortened week; Airtel and ICICI Bank gain big",NOT_RELEVANT,Unrelated candidate
20240414081500-612,20240414081500,moneycontrol.com,https://www.moneycontrol.com/news/business/markets/market-valuation-of-7-most-valued-firms-climb-rs-59404-crore-bharti-airtel-icici-bank-lead-gainers-12635451.html,"Market valuation of 7 most valued firms climb Rs 59,404 crore; Bharti Airtel, ICICI Bank lead gainers",NOT_RELEVANT,Unrelated candidate
20240414083000-348,20240414083000,rashtranews.com,https://www.rashtranews.com/business-news-sensex-rallies-over-500-points-to-hit-new-peak-nifty-tops-18500/,"Business News: Sensex rallies over 500 points to hit new peak; Nifty tops 18,500",NOT_RELEVANT,Unrelated candidate
20240414083000-51,20240414083000,tribuneindia.com,https://www.tribuneindia.com/news/business/market-valuation-of-7-most-valued-firms-climb-rs-59-404-crore-bharti-airtel-icici-bank-lead-gainers-610728,"Market valuation of 7 most valued firms climb Rs 59,404 crore; Bharti Airtel, ICICI Bank lead gainers",NOT_RELEVANT,Unrelated candidate
20240414091500-72,20240414091500,theweek.in,https://www.theweek.in/news/biz-tech/2024/04/14/mcap-tracker-bharti-airtel-icici-bank-biggest-gainers-among-top-10-firms.html,"Mcap tracker: Bharti Airtel, ICICI Bank biggest gainers among Top 10 firms",NOT_RELEVANT,Unrelated candidate
20240414094500-T2393,20240414094500,moneycontrol.com,https://hindi.moneycontrol.com/news/markets/dalal-street-week-ahead-stock-market-q4-earnings-china-gdp-oil-prices-10-key-factors-to-keep-traders-busy-next-week-1894559.html,"Dalal Street Week Ahead : तिमाही नतीजों, जियो-पॉलिटिकल टेंशन, China GDP समेत इन फैक्टर्स से तय होगी बाजार की चाल",NOT_RELEVANT,Unrelated candidate
20240414100000-688,20240414100000,indiatimes.com,https://economictimes.indiatimes.com/news/elections/lok-sabha/kerala/siddu-dk-will-take-care-of-bengaluru-mind-your-own-business-pai-tells-congress-in-kerala/articleshow/109286216.cms,"Siddu, DK will take care of Bengaluru, mind your own business, Pai tells Congress in Kerala",NOT_RELEVANT,Unrelated candidate
20240414101500-571,20240414101500,freepressjournal.in,https://www.freepressjournal.in/business/tech-earnings-after-tcs-infosys-and-wipro-to-release-results,"Tech Earnings: After TCS, Infosys And Wipro To Release Results",DIRECTLY_RELEVANT,"Infosys Q4 FY24 earnings, revenue, InSemi acquisition, contracts, hiring, or share price performance."
20240414103000-743,20240414103000,businesstoday.in,https://www.businesstoday.in/markets/stocks/story/iranian-drones-china-and-earnings-to-top-dalal-streets-mind-in-a-holiday-shortened-week-425459-2024-04-14,Will Iranian drones sink Dalal Street? What investors should expect in a holiday-shortened week,NOT_RELEVANT,Unrelated candidate
20240414104500-T214,20240414104500,indiatimes.com,https://navbharattimes.indiatimes.com/business/share-market/share-news/market-value-of-seven-most-valued-firms-climb-rs-59404-cr-bharti-airtel-icici-bank-lead-gainers/articleshow/109287610.cms,"भारती एयरटेल और ICICI Bank को सबसे ज्यादा फायदा, एचडीएफसी बैंक समेत तीन कंपनियों को नुकसान",NOT_RELEVANT,Unrelated candidate
20240414113000-387,20240414113000,rashtranews.com,https://www.rashtranews.com/amid-startup-layoffs-it-firms-plan-8-10-hikes/,"Amid startup layoffs, IT firms plan 8-10% hikes",NOT_RELEVANT,Unrelated candidate
20240414113000-706,20240414113000,livemint.com,https://www.livemint.com/companies/company-results/q4-results-from-infosys-bajaj-auto-and-wipro-to-hdfc-bank-a-look-at-the-earnings-schedule-this-week-11713080278351.html,"Q4 Results: From Infosys, Bajaj Auto and Wipro to HDFC Bank — A look at the earnings schedule this week",DIRECTLY_RELEVANT,"Infosys Q4 FY24 earnings, revenue, InSemi acquisition, contracts, hiring, or share price performance."
20240414114500-220,20240414114500,news18.com,https://www.news18.com/business/market-forecast-holiday-shortened-week-packed-with-geopolitical-shifts-earnings-and-macro-data-8851031.html,"Market Forecast: Holiday Shortened Week Packed With Geopolitical Shifts, Earnings and Macro Data",NOT_RELEVANT,Unrelated candidate
20240414120000-142,20240414120000,freepressjournal.in,https://www.freepressjournal.in/business/earnings-march-2024-anand-rathi-wealth-sees-a-33-jump-in-its-profit,Earnings March 2024: Anand Rathi Wealth Sees a 33% Jump In Its Profit,NOT_RELEVANT,Unrelated candidate
20240414124500-113,20240414124500,rediff.com,https://www.rediff.com/business/report/how-will-the-markets-fare-this-week/20240414.htm,How will the markets fare this week,NOT_RELEVANT,Unrelated candidate
20240414130000-241,20240414130000,financialexpress.com,https://www.financialexpress.com/web-stories/lifestyle/nita-ambanis-rs-451-crore-necklace-to-narayana-murthys-rs-240-crore-5-expensive-gifts-exchanged-by-billionaires/,Nita Ambani's Rs 451 crore necklace to Narayana Murthy's Rs 240 crore – 5 expensive gifts exchanged by billionaires - Lifestyle News,NOT_RELEVANT,Narayana Murthy / Sudha Murty personal opinion piece / lifestyle story
20240414131500-127,20240414131500,wkrb13.com,https://www.wkrb13.com/2024/04/14/alphaq-advisors-llc-has-353000-stock-holdings-in-infosys-limited-nyseinfy.html,"AlphaQ Advisors LLC Has $353,000 Stock Holdings in Infosys Limited (NYSE:INFY)",DIRECTLY_RELEVANT,"Infosys Q4 FY24 earnings, revenue, InSemi acquisition, contracts, hiring, or share price performance."
20240414141500-T1789,20240414141500,indiatimes.com,https://navbharattimes.indiatimes.com/business/share-market/share-news/stock-market-prediction-israel-iran-conflict-q4-earnings-among-these-factors-that-will-steer-d-street-this-week/articleshow/109290643.cms,"Stock Market Prediction,Stock Market: इस सप्ताह ये फैक्टर्स तय करेंगे बाजार की चाल, जानिए मार्केट में रहेगी तेजी या आएगी गिरावट - stock market prediction israel iran conflict q4 earnings among these factors that will steer d street this week",NOT_RELEVANT,Unrelated candidate
20240414163000-310,20240414163000,seekingalpha.com,https://seekingalpha.com/news/4089249-earnings-week-ahead-bac-jnj-tsm-unh-abt-slb-ual-pg-nflx-and-more,"Earnings week ahead: BAC, JNJ, TSM, UNH, ABT, SLB, UAL, PG, NFLX and more",NOT_RELEVANT,Unrelated candidate
20240415010000-254,20240415010000,indiatimes.com,https://economictimes.indiatimes.com/markets/stocks/news/tcs-in-for-some-bounce-after-a-good-q4-show/articleshow/109297445.cms,TCS share price: TCS in for some bounce after a good Q4 show,NOT_RELEVANT,Unrelated candidate
20240415021500-T169,20240415021500,indiatimes.com,https://navbharattimes.indiatimes.com/business/share-market/share-news/share-market-prediction-for-15th-april-2024-watch-tcs-and-mphasis/articleshow/109293354.cms,"ईरान-इजरायल तनाव के साये में आज TCS और Mphasis के शेयरों पर रखें नजर, जानिए क्यों आ सकती है तेजी",NOT_RELEVANT,Unrelated candidate
20240415030000-672,20240415030000,livemint.com,https://www.livemint.com/companies/news/thierrys-18-musketeers-at-wipro-and-what-happens-to-them-now-11712835143097.html,"Thierry's 18 musketeers at Wipro, and what happens to them now",NOT_RELEVANT,Unrelated candidate
20240415031500-322,20240415031500,yourstory.com,https://her.yourstory.com:443/2024/04/dr-ranjan-shetty-on-investing-in-health-climate-action,Dr Ranjan Shetty on investing in health; Social entrepreneurship for climate action,NOT_RELEVANT,Unrelated candidate
20240415033000-214,20240415033000,rttnews.com,https://www.rttnews.com/3438731/sensex-nifty-set-for-weak-start-after-iran-s-attack.aspx,"Sensex, Nifty Set For Weak Start After Iran's Attack",NOT_RELEVANT,Unrelated candidate
20240415034500-T773,20240415034500,bhaskar.com,https://www.bhaskar.com/business/news/business-news-update-gold-price-petrol-diesel-today-bjp-mudra-loan-pm-modi-lic-132875631.html,"Business News Update; Gold Price petrol diesel Today, ‌BJP Mudra Loan, PM modi, LIC | भाजपा का वादा- मुद्रा लोन में अब ₹20 लाख मिलेंगे: LIC को अडाणी-ग्रुप में इन्वेस्टमेंट से 59% का मुनाफा, इलेक्ट्रिक टू-व्हीलर खरीदना ₹16,000 तक हुआ महंगा",NOT_RELEVANT,Unrelated candidate
20240415040000-441,20240415040000,indiatimes.com,https://timesofindia.indiatimes.com/city/bengaluru/beyond-bengaluru-how-two-karnataka-cities-are-raring-to-scale-it-growth/articleshow/109298385.cms,Beyond Bengaluru: How two Karnataka cities are raring to scale IT growth | Bengaluru News,NOT_RELEVANT,Unrelated candidate
20240415044500-340,20240415044500,indiatimes.com,https://economictimes.indiatimes.com/markets/expert-view/what-to-do-with-tcs-vedanta-rec-and-3-other-stocks-aamar-deo-singh-of-angel-one-decodes/articleshow/109300204.cms,"TCS | Vedanta | REC: What to do with TCS, Vedanta, REC and 3 other stocks? Aamar Deo Singh of Angel One decodes",NOT_RELEVANT,Unrelated candidate
20240415050000-60,20240415050000,indiatimes.com,https://economictimes.indiatimes.com/markets/stocks/news/as-middle-east-tensions-rise-these-14-indian-stocks-have-stakes-in-israel/articleshow/109301342.cms,"stocks to buy: As middle-east tensions rise, these 14 Indian stocks have stakes in Israel",NOT_RELEVANT,Unrelated candidate
20240415050000-462,20240415050000,indiatimes.com,https://economictimes.indiatimes.com/news/bengaluru-news/mangaluru-udupi-next-it-hub-how-two-towns-can-become-the-silicon-beaches-of-india-leaving-behind-bengaluru/articleshow/109300570.cms,tech mahindra: Mangaluru & Udupi next IT hub? How two towns can become the 'Silicon Beaches of India' leaving Bengaluru behind,NOT_RELEVANT,Unrelated candidate
20240415050000-409,20240415050000,indiainfoline.com,https://www.indiainfoline.com/blog/market-outlook-for-this-week-april-15-april-19,Market outlook for this week (April 15-April 19),NOT_RELEVANT,Unrelated candidate
20240415051500-650,20240415051500,moneycontrol.com,https://www.moneycontrol.com/news/technology/digital-twins-chip-design-ai-solutions-how-tcs-is-powering-tatas-semiconductor-business-12567121.html,"Digital twins, chip design, AI solutions: Inside TCS' big semiconductor bet",NOT_RELEVANT,Unrelated candidate
20240415053000-T1149,20240415053000,andhrajyothy.com,https://www.andhrajyothy.com/2024/business/bse-sensex-636-points-down-april-15th-2024-stock-market-sri-1239994.html,Stock Market: భారీ నష్టాల్లో స్టాక్ మార్కెట్లు.. 15 నిమిషాల్లోనే రూ.5 లక్షల కోట్లు ఆవిరి | bse sensex 636 points down april 15th 2024 stock market sri,NOT_RELEVANT,Unrelated candidate
20240415053000-T894,20240415053000,livehindustan.com,https://www.livehindustan.com/business/share-market/share-market-live-updates-15-april-impact-of-iran-israel-tension-on-sensex-nifty-bse-nse-201713144910130.html,"share market live updates 15 April impact of Iran Israel tension on sensex nifty bse nse शेयर मार्केट में सुनामी, सेंसेक्स-निफ्टी डूबे, इजरायल-ईरान युद्ध से सहमें निवेशक",NOT_RELEVANT,Unrelated candidate
20240415060000-60,20240415060000,telegraphindia.com,https://www.telegraphindia.com/feeds/business/iranian-air-attacks-on-israel-threaten-to-derail-momentum-in-stock-markets/cid/2013352,Iran-Israel conflict | Iranian air attacks on Israel threaten to derail momentum in stock markets,NOT_RELEVANT,Unrelated candidate
20240415060000-T15,20240415060000,prabhatkhabar.com,https://www.prabhatkhabar.com/business/share-market-fell-down-impact-of-iran-israel-war-sensex-fell-by-559-points-mdn,"Share Market: ईरान-इजराइल युद्ध का असर, औंधे मुंह गिरा बाजार",NOT_RELEVANT,Unrelated candidate
20240415061500-691,20240415061500,forextv.com,https://forextv.com/forex-analysis/sensex-nifty-set-for-weak-start-after-irans-attack/,"Sensex, Nifty Set For Weak Start After Iran's Attack",NOT_RELEVANT,Unrelated candidate
20240415064500-498,20240415064500,livemint.com,https://www.livemint.com/market/mark-to-market/tcs-q4-keeps-it-investors-in-anguish-11713076008221.html,TCS' Q4 keeps IT investors in anguish,NOT_RELEVANT,Unrelated candidate
20240415073000-641,20240415073000,financialexpress.com,https://www.financialexpress.com/lifestyle/meet-priti-adani-dentist-turned-billionaire-wife-of-gautam-adani-with-a-rs-8327-crore-net-worth/3456755/,"Meet Priti Adani, dentist-turned-billionaire wife of Gautam Adani with a Rs 8,327 crore net worth - Lifestyle News",NOT_RELEVANT,Unrelated candidate
20240415073000-563,20240415073000,rttnews.com,https://www.rttnews.com/story.aspx?Id=3438731,"Sensex, Nifty Set For Weak Start After Iran's Attack",NOT_RELEVANT,Unrelated candidate
20240415073000-T2197,20240415073000,sharemanthan.in,https://www.sharemanthan.in/technical-tips/intraday-tips/74721-icici-direct-momentum-picks-20240415,"निफ्टी, इन्फोसिस और हिंदुस्तान एयरोनॉटिक्स खरीदें : आईसीआईसीआई डायरेक्ट",DIRECTLY_RELEVANT,"Infosys Q4 FY24 earnings, revenue, InSemi acquisition, contracts, hiring, or share price performance."
20240415074500-499,20240415074500,telegraphindia.com,https://www.telegraphindia.com/business/iranian-air-attacks-on-israel-threaten-to-derail-momentum-in-stock-markets/cid/2013352,Iran-Israel conflict | Iranian air attacks on Israel threaten to derail momentum in stock markets,NOT_RELEVANT,Unrelated candidate
20240415074500-77,20240415074500,hindustantimes.com,https://www.hindustantimes.com/business/gold-price-as-global-tensions-mount-yellow-metal-rate-heads-north-101713165225510.html,"Gold price: As global tensions mount, yellow metal rate heads north",NOT_RELEVANT,Unrelated candidate
20240415080000-330,20240415080000,yahoo.com,https://finance.yahoo.com/news/indian-firms-outlook-seen-brighter-045612132.html,Indian IT Firms' Outlook Seen Brighter After TCS Earnings Beat,NOT_RELEVANT,Unrelated candidate
20240415080000-137,20240415080000,moneycontrol.com,https://www.moneycontrol.com/news/business/india-israel-trade-more-than-doubled-in-last-5-years-12640871.html,India-Israel trade more than doubled in last 5 years,NOT_RELEVANT,Unrelated candidate
20240415081500-962,20240415081500,india.com,https://www.india.com/business/infosys-share-price-target-before-q4-results-know-more-on-date-dividend-6860142/,"Infosys Share Price Target Before Q4 Results; Know More On Date, Dividend",DIRECTLY_RELEVANT,"Infosys Q4 FY24 earnings, revenue, InSemi acquisition, contracts, hiring, or share price performance."
20240415093000-T223,20240415093000,andhrajyothy.com,https://www.andhrajyothy.com/2024/prathyekam/marriage-life-sudha-murthy-tips-to-youth-for-a-successful-marriage-life-srn-spl-1240037.html,Marriage Life: వైవాహిక జీవితం సక్సెస్ కావాలంటే ఏం చేయాలి? సుధామూర్తి చెప్పిన చిట్కాలివే..! | Marriage Life: Sudha Murthy tips to youth for a successful marriage life srn spl,NOT_RELEVANT,"Narayana Murthy / Sudha Murty non-corporate lifestyle, family memoir, flight encounter, or 70-hour work week viral debate"
20240415093000-T2445,20240415093000,indiatimes.com,https://navbharattimes.indiatimes.com/business/share-market/share-news/iran-israel-war-as-middle-east-tensions-rise-these-14-indian-stocks-have-stakes-in-israel/articleshow/109306585.cms,"Iran-Israel War,ईरान-इजरायल के बीच युद्ध की भेंट चढ़ेंगे इन कंपनियों के शेयर, अडानी-टाटा भी हैं शामिल, देख लीजिए पूरी लिस्ट - iran israel war as middle east tensions rise these 14 indian stocks have stakes in israel",NOT_RELEVANT,Unrelated candidate
20240415114500-214,20240415114500,hindustantimes.com,https://www.hindustantimes.com/business/q4-results-tcs-reports-profit-but-what-of-infosys-and-wipro-101713178990453.html,"Q4 results: TCS reports profit, but what of Infosys and Wipro?",DIRECTLY_RELEVANT,"Infosys Q4 FY24 earnings, revenue, InSemi acquisition, contracts, hiring, or share price performance."
20240415120000-742,20240415120000,financialexpress.com,https://www.financialexpress.com/market/iran-israel-conflict-weighs-on-market-sentiment-what-should-be-your-strategy-here-are-some-top-tips-3457290/,Iran-Israel conflict weighs on market sentiment: What should be your strategy? Here are some top tips,NOT_RELEVANT,Unrelated candidate
20240415120000-393,20240415120000,benzinga.com,https://www.benzinga.com/trading-ideas/long-ideas/24/04/38244618/top-3-tech-stocks-that-may-explode-this-month,"Top 3 Tech Stocks That May Explode This Month - Digital Turbine (NASDAQ:APPS), Infosys (NYSE:INFY)",DIRECTLY_RELEVANT,"Infosys Q4 FY24 earnings, revenue, InSemi acquisition, contracts, hiring, or share price performance."
20240415120000-1307,20240415120000,financialexpress.com,https://www.financialexpress.com/lifestyle/a-peek-inside-prithvi-shaws-luxurious-sea-facing-mansion-in-mumbai-before-and-after-pictures/3456789/,A peek inside Prithvi Shaw's luxurious sea-facing mansion in Mumbai: Before and after pictures - Lifestyle News,NOT_RELEVANT,Unrelated candidate
20240415131500-T1441,20240415131500,divyahimachal.com,https://www.divyahimachal.com/2024/04/market-shaken-by-iran-israel-conflict-sensex-nifty-crash/,"ईरान-इजरायल संघर्ष से सहमा बाजार, सेंसेक्स-निफ्टी धड़ाम",NOT_RELEVANT,Unrelated candidate
20240415140000-132,20240415140000,hindustantimes.com,https://www.hindustantimes.com/trending/this-bengaluru-company-gives-unique-twist-to-narayana-murthy-s-70-hour-work-week-remark-your-sleep-your-health-101713186485676.html,"This Bengaluru company gives unique twist to Narayana Murthy's '70-hour work week' remark: 'Your sleep, your health…' | Trending",NOT_RELEVANT,"Narayana Murthy / Sudha Murty non-corporate lifestyle, family memoir, flight encounter, or 70-hour work week viral debate"
20240415153000-616,20240415153000,marketscreener.com,https://www.marketscreener.com/quote/stock/INFORMATION-SERVICES-GROU-879237/news/U-S-Firms-Embrace-Microsoft-Clouds-as-Needs-Evolve-46437040/,U.S. Firms Embrace Microsoft Clouds as Needs Evolve,NOT_RELEVANT,Unrelated candidate
20240415161500-349,20240415161500,warsawvoice.pl,https://www.warsawvoice.pl/WVpage/pages/article.php/59800/news,The Warsaw Voice,NOT_RELEVANT,Unrelated candidate
20240415170000-2094,20240415170000,thehindubusinessline.com,https://www.thehindubusinessline.com/companies/90-of-companies-plan-to-boost-investments-in-key-digital-tech-areas-in-2024-report/article68067579.ece,90% of companies plan to boost investments in key digital tech areas in 2024: Report,NOT_RELEVANT,Unrelated candidate
20240415180000-1892,20240415180000,india.com,https://zeenews.india.com/india/india-is-challenging-ratings-that-influence-sense-of-stability-eam-s-jaishankar-2740701.html,India Is Challenging Ratings That Influence Sense Of Stability: EAM S Jaishankar,NOT_RELEVANT,Unrelated candidate
20240415183000-794,20240415183000,quicknews-africa.net,https://quicknews-africa.net/best-buy-mckinstry-real-betis-schneider-electric-and-siemens-sign-the-climate-pledge/,"Best Buy, McKinstry, Real Betis, Schneider Electric, and Siemens Sign The Climate Pledge",NOT_RELEVANT,Unrelated candidate
20240415201500-239,20240415201500,financialexpress.com,https://www.financialexpress.com/lifestyle/ipl-2024-introduces-cash-prizes-for-orange-cap-and-purple-cap-winners-what-does-it-mean-here-are-the-top-players-on-the-list/3457990/,IPL 2024 introduces cash prizes for 'Orange Cap' and 'Purple Cap' winners: What does it mean? Here are the top players on the list - Lifestyle News,NOT_RELEVANT,Unrelated candidate
20240415201500-2139,20240415201500,financialexpress.com,https://www.financialexpress.com/lifestyle/ram-navami-2024-know-the-date-significance-history-and-significance/3457833/,"Ram Navami 2024: Know the date, significance, history, and significance",NOT_RELEVANT,Unrelated candidate
20240415221500-580,20240415221500,eyesonnews.com,https://eyesonnews.com/intel-introduces-gaudi-3-ai-chip-to-rival-nvidia-collaborates-with-infosys-bharti-airtel-and-ola-in-india/,"Intel Introduces Gaudi 3 AI Chip to Rival Nvidia, Collaborates with Infosys, Bharti Airtel, and Ola in India",DIRECTLY_RELEVANT,"Infosys Q4 FY24 earnings, revenue, InSemi acquisition, contracts, hiring, or share price performance."
20240416000000-1092,20240416000000,indiatimes.com,https://timesofindia.indiatimes.com/city/noida/rain-and-winds-bring-back-outages-in-several-sectors/articleshow/109326540.cms,Power Outages: Rain And Winds Bring Back Outages In Several Sectors | Noida News,NOT_RELEVANT,Unrelated candidate
20240416003000-1834,20240416003000,marketscreener.com,https://www.marketscreener.com/quote/stock/INFORMATION-SERVICES-GROU-879237/news/Cloud-Migrations-Boost-Australian-Microsoft-Ecosystem-46439833/,Cloud Migrations Boost Australian Microsoft Ecosystem,NOT_RELEVANT,Unrelated candidate
20240416014500-383,20240416014500,indiatimes.com,https://timesofindia.indiatimes.com/city/bengaluru/procmart-raises-30-mn-led-by-fundamentum/articleshow/109326892.cms,ProcMart: Procmart Raises $30 Mn Led By Fundamentum | Bengaluru News,NOT_RELEVANT,Unrelated candidate
20240416014500-125,20240416014500,lelezard.com,https://www.lelezard.com/en/news-21335416.html,Cloud Migrations Boost Australian Microsoft Ecosystem,NOT_RELEVANT,Unrelated candidate
20240416020000-1325,20240416020000,crn.com.au,https://www.crn.com.au/news/8-big-announcements-at-intel-vision-2024-607090,8 big announcements at Intel Vision 2024,NOT_RELEVANT,Unrelated candidate
20240416020000-938,20240416020000,indiatimes.com,https://economictimes.indiatimes.com/tech/funding/b2b-marketplace-procmart-bags-30-million-in-funding/articleshow/109320385.cms,procmart: B2B marketplace ProcMart bags $30 million in funding,NOT_RELEVANT,Unrelated candidate
20240416021500-8,20240416021500,livemint.com,https://www.livemint.com/companies/news/meet-indian-it-industrys-best-paid-ceo-11713176284646.html,Meet Indian IT industry's best paid CEO,NOT_RELEVANT,Unrelated candidate
20240416021500-1395,20240416021500,thehindubusinessline.com,https://www.thehindubusinessline.com/markets/share-market-nifty-sensex-live-updates-16-april-2024/article68068073.ece,Stock Market Live Updates 16 April 2024: Asian stocks slide on US inflation concerns and Middle East tensions,NOT_RELEVANT,Unrelated candidate
20240416041500-912,20240416041500,dnaindia.com,https://www.dnaindia.com/business/report-meet-sudha-murty-who-gave-rs-10000-to-narayana-murthy-to-build-company-worth-rs-608000-crore-infosys-3085602,"Meet woman who gave Rs 10000 to her husband to build company worth Rs 608000 crore, she is married to...",NOT_RELEVANT,Unrelated candidate
20240416043000-1124,20240416043000,businesstoday.in,https://www.businesstoday.in/markets/market-commentary/story/sensex-plunges-500-pts-nifty-nears-at-22100-as-iran-israel-conflict-flares-up-425664-2024-04-16,"Sensex plunges 500 pts, Nifty nears at 22,100 as Iran-Israel conflict flares up",NOT_RELEVANT,Unrelated candidate
20240416043000-747,20240416043000,moneycontrol.com,https://www.moneycontrol.com/news/technology/infosys-q4fy24-earnings-preview-top-five-factors-at-play-12646511.html,Infosys Q4FY24 earnings preview: Top five factors at play,DIRECTLY_RELEVANT,"Infosys Q4 FY24 earnings, revenue, InSemi acquisition, contracts, hiring, or share price performance."
20240416043000-258,20240416043000,indianexpress.com,https://indianexpress.com/article/explained/explained-tamil-nadus-decentralised-industrialisation-model-9272702/,Explained: Tamil Nadu's decentralised industrialisation model | Explained News,NOT_RELEVANT,Unrelated candidate
20240416043000-946,20240416043000,moneycontrol.com,https://www.moneycontrol.com/news/business/personal-finance/mutual-fund-stress-test-which-funds-showed-biggest-improvement-which-ones-slipped-12645781.html,"Mutual fund stress test: Which funds showed biggest improvement, which ones slipped",NOT_RELEVANT,Unrelated candidate
20240416043000-251,20240416043000,news18.com,https://www.news18.com/business/stock-market-updates-sensex-sinks-550-points-nifty-below-22150-tcs-down-2-8853084.html,"Stock Market Updates: Sensex Sinks 550 Points, Nifty Below 22,150; TCS Down 2%",NOT_RELEVANT,Unrelated candidate
20240416044500-737,20240416044500,indiatimes.com,https://economictimes.indiatimes.com/markets/stocks/news/sensex-declines-500-points-on-us-rate-cut-outlook-middle-east-tensions-nifty-below-22200/articleshow/109331906.cms,"sensex news: Sensex declines 500 points on US rate cut outlook, Middle East tensions; Nifty below 22,200",NOT_RELEVANT,Unrelated candidate
20240416044500-134,20240416044500,indiatimes.com,https://economictimes.indiatimes.com/markets/stocks/earnings/q4-results-today-crisil-sg-mart-among-6-companies-to-announce-earnings-on-tuesday/articleshow/109331356.cms,"Q4 results today: Crisil, SG Mart among 6 companies to announce earnings on Tuesday",NOT_RELEVANT,Unrelated candidate
20240416044500-T1782,20240416044500,cyfrowa.rp.pl,https://cyfrowa.rp.pl/it/art40173111-szybki-wzrost-dlugow-w-firmach-it-topia-je-klienci,Szybki wzrost długów w firmach IT. Topią je... klienci,NOT_RELEVANT,Unrelated candidate
20240416051500-718,20240416051500,thehindu.com,https://www.thehindu.com/business/markets/markets-continue-to-slump-on-fears-of-escalating-tensions-in-middle-east/article68070705.ece,Markets continue to slump on fears of escalating tensions in Middle East,NOT_RELEVANT,Unrelated candidate
20240416051500-T249,20240416051500,pudhari.news,https://pudhari.news/features/arthabhan/774623/sensex-nifty-opened-lower-for-the-third-consecutive-session-over-tensions-in-the-middle-east/ar,"Stock Market Updates | मध्य पूर्वेतील तणावामुळे सेन्सेक्स, निफ्टी सलग तिसऱ्या सत्रात घसरले, रुपयाही गडगडला",NOT_RELEVANT,Unrelated candidate
20240416053000-T161,20240416053000,lokmat.com,https://www.lokmat.com/business/stock-market/opening-bell-sensex-nifty-falls-again-nestle-rises-tcs-falls-bse-nse-share-market-a-a720/,"Opening Bell: सेन्सेक्स-निफ्टी पुन्हा घसरला; नेस्लेमध्ये तेजी, टीसीएसमध्ये घसरण",NOT_RELEVANT,Unrelated candidate
20240416053000-586,20240416053000,finanznachrichten.de,https://www.finanznachrichten.de/nachrichten-2024-04/61953960-infosys-drives-hybrid-cloud-powered-innovation-for-team-global-express-008.htm,Infosys drives hybrid cloud-powered innovation for Team Global Express,DIRECTLY_RELEVANT,"Infosys Q4 FY24 earnings, revenue, InSemi acquisition, contracts, hiring, or share price performance."
20240416053000-441,20240416053000,financialexpress.com,https://www.financialexpress.com/business/sme/b2b-procurement-marketplace-procmart-raises-30m-from-nandan-nilekani-fundamentum-edelweiss-discovery-fund/3457814/,"B2B marketplace ProcMart raises $30M from Nandan Nilekani's Fundamentum, Edelweiss Discovery Fund - SME News",NOT_RELEVANT,Unrelated candidate
20240416053000-197,20240416053000,latestly.com,https://www.latestly.com/agency-news/business-news-stock-market-opens-flat-in-negative-territory-sensex-nifty-witness-substantial-declines-5897110.html,Business News | Stock Market Opens Flat in Negative Territory; Sensex-Nifty Witness Substantial Declines,NOT_RELEVANT,Unrelated candidate
20240416053000-15,20240416053000,theweek.in,https://www.theweek.in/wire-updates/business/2024/04/16/del6-biz-stocks-open.html,Markets continue to slump on fears of escalating tensions in Middle East,NOT_RELEVANT,Unrelated candidate
20240416054500-283,20240416054500,nigeriasun.com,https://www.nigeriasun.com/news/274276266/stock-market-opens-flat-in-negative-territory-sensex-nifty-witness-substantial-declines,Stock market opens flat in negative territory; Sensex-Nifty witness substantial declines,NOT_RELEVANT,Unrelated candidate
20240416054500-886,20240416054500,indiatimes.com,https://economictimes.indiatimes.com/markets/stocks/stock-watch/share-market-update-most-active-stocks-on-d-street-today-in-terms-of-volume/articleshow/109333944.cms,share market: Share market update: Most active stocks on D-Street today in terms of volume,NOT_RELEVANT,Unrelated candidate
20240416054500-526,20240416054500,indiatimes.com,https://economictimes.indiatimes.com/markets/stocks/stock-watch/stock-market-update-fmcg-stocks-up-as-market-falls/articleshow/109333812.cms,Stock Market Sectors: Stock market update: FMCG stocks up as market falls,NOT_RELEVANT,Unrelated candidate
20240416054500-393,20240416054500,indiatimes.com,https://economictimes.indiatimes.com/markets/stocks/stock-watch/stock-market-update-stocks-that-hit-52-week-highs-on-nse/articleshow/109334048.cms,52 week high stocks: Stock market update: Stocks that hit 52-week highs on NSE,NOT_RELEVANT,Unrelated candidate
20240416054500-203,20240416054500,tmcnet.com,https://www.tmcnet.com/usubmit/2024/04/16/9994531.htm,Infosys drives hybrid cloud-powered innovation for Team Global Express,DIRECTLY_RELEVANT,"Infosys Q4 FY24 earnings, revenue, InSemi acquisition, contracts, hiring, or share price performance."
20240416054500-789,20240416054500,thehindubusinessline.com,https://www.thehindubusinessline.com/markets/sensex-nifty-open-lower-senco-gold-hi-tech-gear-jump-10/article68070686.ece,"Sensex, Nifty open lower; Senco Gold, Hi-Tech Gear jump 10%",NOT_RELEVANT,Unrelated candidate
20240416054500-810,20240416054500,thehindubusinessline.com,https://www.thehindubusinessline.com/portfolio/day-trading-guide/day-trading-guide-for-april-16-2024-intraday-supports-resistances-for-nifty50-stocks/article68067694.ece,"Day trading guide for April 16, 2024: Intraday supports, resistances for Nifty50 stocks",NOT_RELEVANT,Unrelated candidate
20240416054500-491,20240416054500,moneycontrol.com,https://www.moneycontrol.com/news/trends/bengaluru-startups-twist-to-narayana-murthys-70-hour-work-week-advice-wins-the-internet-watch-12647261.html,Bengaluru startup's twist to Narayana Murthy's 70-hour work week advice wins the internet. Watch,NOT_RELEVANT,"Narayana Murthy / Sudha Murty non-corporate lifestyle, family memoir, flight encounter, or 70-hour work week viral debate"
20240416060000-T717,20240416060000,indiatimes.com,https://marathi.indiatimes.com/business/share-bazaar/share-market-opening-today-sensex-nifty-crash-for-2nd-successive-day-tcs-vodafone-idea-suffers-blow/articleshow/109332306.cms,"Today Stock Market Opening 16 April 2024 | सलग दुसऱ्या दिवशी धडामधूम; इस्रायल-इराण चिंतेने बाजार होरपळला, टीसीएस दाणकन आपटला | Sensex Slips Over 500 Point, Nifty Tumble Amid Rising Iran-Israel War Tension",NOT_RELEVANT,Unrelated candidate
20240416060000-596,20240416060000,thehindu.com,https://www.thehindu.com/elections/lok-sabha/congress-has-not-won-lok-sabha-seat-in-bengaluru-after-1999-but-hopeful-of-turning-the-tide-in-2024/article68065112.ece,Congress has not won Lok Sabha seat in Bengaluru after 1999,NOT_RELEVANT,Unrelated candidate
20240416061500-T2478,20240416061500,prabhasakshi.com,https://www.prabhasakshi.com/business/stock-market-opening-weak-start-of-the-market-sensex-fell-below-73000-nifty-also-fell,"Stock Market Opening: बाजार की कमजोर शुरुआत, Sensex 73,000 से नीचे आया, Nifty में भी गिरावट",NOT_RELEVANT,Unrelated candidate
20240416061500-693,20240416061500,indiatimes.com,https://economictimes.indiatimes.com/markets/stocks/stock-watch/stock-market-update-nifty-it-index-falls-1-03-in-a-weak-market/articleshow/109334399.cms,Indices: Stock market update: Nifty IT index falls 1.03% in a weak market,NOT_RELEVANT,Unrelated candidate
20240416061500-666,20240416061500,indiatimes.com,https://economictimes.indiatimes.com/markets/stocks/stock-watch/stock-market-update-power-stocks-up-as-market-falls/articleshow/109334623.cms,Stock Market Sectors: Stock market update: Power stocks up as market falls,NOT_RELEVANT,Unrelated candidate
20240416061500-362,20240416061500,bignewsnetwork.com,https://www.bignewsnetwork.com/news/274276309/infosys-drives-hybrid-cloud-powered-innovation-for-team-global-express,Infosys drives hybrid cloud-powered innovation for Team Global Express,DIRECTLY_RELEVANT,"Infosys Q4 FY24 earnings, revenue, InSemi acquisition, contracts, hiring, or share price performance."
20240416061500-553,20240416061500,bignewsnetwork.com,https://www.bignewsnetwork.com/news/274276266/stock-market-opens-flat-in-negative-territory-sensex-nifty-witness-substantial-declines,Stock market opens flat in negative territory; Sensex-Nifty witness substantial declines,NOT_RELEVANT,Unrelated candidate
20240416061500-214,20240416061500,dailyexcelsior.com,https://www.dailyexcelsior.com/markets-continue-to-slump-on-fears-of-escalating-tensions-in-middle-east/,Markets continue to slump on fears of escalating tensions in Middle East,NOT_RELEVANT,Unrelated candidate
20240416063000-330,20240416063000,rttnews.com,https://www.rttnews.com/3439035/sensex-nifty-decline-in-early-trade-it-and-financials-lead-losses.aspx,"Sensex, Nifty Decline In Early Trade; IT And Financials Lead Losses",NOT_RELEVANT,Unrelated candidate
20240416064500-881,20240416064500,indiatimes.com,https://economictimes.indiatimes.com/tech/startups/cropin-launches-micro-language-model-aksara-to-aid-climate-smart-agriculture/articleshow/109335702.cms,cropin: Cropin launches micro language model Aksara to aid climate smart agriculture,NOT_RELEVANT,Unrelated candidate
20240416064500-122,20240416064500,indiablooms.com,https://www.indiablooms.com/finance-details/20255/oil-prices-fall-indian-indices-open-on-negative-note-with-nifty-below-22-150-amid-iran-israel-hostilities.html,"Oil prices fall, Indian indices open on negative note with Nifty below 22,150 amid Iran-Israel hostilities | Indiablooms",NOT_RELEVANT,Unrelated candidate
20240416064500-946,20240416064500,biztoc.com,https://biztoc.com/x/6761197e44278f57,Procmart Raises $30 Mn Led By Fundamentum,NOT_RELEVANT,Unrelated candidate
20240416064500-717,20240416064500,indiainfoline.com,https://www.indiainfoline.com/news/earnings/q4fy24-preview-infosys-revenues-seen-at-387416-million-pat-at-63453-million,"Q4FY24 Preview: Infosys: Revenues seen at ₹387,416 Million, PAT at ₹63,453 Million",DIRECTLY_RELEVANT,"Infosys Q4 FY24 earnings, revenue, InSemi acquisition, contracts, hiring, or share price performance."
20240416064500-1054,20240416064500,prokerala.com,https://www.prokerala.com/news/articles/a1523317.html,Sensex down more than 300 points as geopolitical concerns weigh,NOT_RELEVANT,Unrelated candidate
20240416064500-436,20240416064500,newzealandstar.com,https://www.newzealandstar.com/news/274276266/stock-market-opens-flat-in-negative-territory-sensex-nifty-witness-substantial-declines,Stock market opens flat in negative territory; Sensex-Nifty witness substantial declines,NOT_RELEVANT,Unrelated candidate
20240416070000-897,20240416070000,news18.com,https://www.news18.com/viral/is-70-hour-work-week-debate-still-on-this-mattress-company-has-a-unique-take-8853244.html,Is 70-Hour Work Week Debate Still On? This Mattress Company Has A Unique Take,NOT_RELEVANT,"Narayana Murthy / Sudha Murty non-corporate lifestyle, family memoir, flight encounter, or 70-hour work week viral debate"
20240416070000-99,20240416070000,indianexpress.com,https://indianexpress.com/article/explained/explained-economics/explained-tamil-nadus-decentralised-industrialisation-model-9272702/,Explained: Tamil Nadu's decentralised industrialisation model | Explained News,NOT_RELEVANT,Unrelated candidate
20240416070000-424,20240416070000,theusnews.com,https://www.theusnews.com/news/274276266/stock-market-opens-flat-in-negative-territory-sensex-nifty-witness-substantial-declines,Stock market opens flat in negative territory; Sensex-Nifty witness substantial declines,NOT_RELEVANT,Unrelated candidate
20240416070000-1151,20240416070000,siasat.com,https://www.siasat.com/markets-continue-to-slump-on-fears-of-escalating-tensions-in-middle-east-3009511/,Markets continue to slump on fears of escalating tensions in Middle East,NOT_RELEVANT,Unrelated candidate
20240416070000-T916,20240416070000,vtvgujarati.com,https://www.vtvgujarati.com/news-details/stock-market-opening-sensex-slips-below-73000-points-nifty-also-falls-by-so-many-points,"શેર બજાર આજે નબળું પડ્યું: સેન્સેક્સ 73000 અંકથી નીચે સરક્યો, તો નિફ્ટી કેટલા અંકે તૂટ્યો | Stock Market Opening Sensex slips below 73000 points Nifty also falls by so many points",NOT_RELEVANT,Unrelated candidate
20240416071500-10,20240416071500,moneycontrol.com,https://www.moneycontrol.com/news/business/markets/mid-day-mood-double-whammy-of-rising-bond-yields-iran-israel-conflict-pulls-market-down-12649021.html,"Mid-day Mood | Double whammy of rising bond yields, Iran-Israel conflict pulls market down",NOT_RELEVANT,Unrelated candidate
20240416073000-234,20240416073000,latestly.com,https://www.latestly.com/agency-news/india-news-markets-continue-to-slump-on-fears-of-escalating-tensions-in-middle-east-5897146.html,India News | Markets Continue to Slump on Fears of Escalating Tensions in Middle East,NOT_RELEVANT,Unrelated candidate
20240416073000-1307,20240416073000,thailand-business-news.com,https://www.thailand-business-news.com/thailand-prnews/infosys-drives-hybrid-cloud-powered-innovation-for-team-global-express,Infosys drives hybrid cloud-powered innovation for Team Global Express,DIRECTLY_RELEVANT,"Infosys Q4 FY24 earnings, revenue, InSemi acquisition, contracts, hiring, or share price performance."
20240416073000-1428,20240416073000,rttnews.com,https://www.rttnews.com/story.aspx?Id=3439035,"Sensex, Nifty Decline In Early Trade; IT And Financials Lead Losses",NOT_RELEVANT,Unrelated candidate
20240416074500-941,20240416074500,india.com,https://www.india.com/business/l-know-share-price-target-6862675/,"L&T, Infosys, HDFC AMC, Bajaj Finance, Gujarat Gas, Hindalco, VST Industries, Varun Beverages Stocks; Know Share Price Target",DIRECTLY_RELEVANT,"Infosys Q4 FY24 earnings, revenue, InSemi acquisition, contracts, hiring, or share price performance."
20240416074500-443,20240416074500,aninews.in,https://aninews.in/news/business/stock-market-opens-flat-in-negative-territory-sensex-nifty-witness-substantial-declines20240416094515/,Stock market opens flat in negative territory; Sensex-Nifty witness substantial declines,NOT_RELEVANT,Unrelated candidate
20240416074500-689,20240416074500,webindia123.com,https://news.webindia123.com/news/Articles/Business/20240416/4188165.html,Stock market opens flat in negative territory; Sensex-Nifty witness substantial declines,NOT_RELEVANT,Unrelated candidate
20240416080000-169,20240416080000,ndtv.com,https://www.ndtv.com/feature/bengaluru-companys-unique-twist-to-70-hour-workweek-advice-earns-praise-online-see-post-5452550,Bengaluru Company's Unique Twist To 70-Hour Workweek Advice Earns Praise Online. See Post,NOT_RELEVANT,"Narayana Murthy / Sudha Murty non-corporate lifestyle, family memoir, flight encounter, or 70-hour work week viral debate"
20240416080000-T37,20240416080000,saamana.com,http://www.saamana.com/business-news-sensex-share-market-doen-opening-nifty-fall/,सलग दुसऱ्या दिवशी शेअर बाजारात दाणादाण; सेन्सेक्स 500 अंकांनी घसरला,NOT_RELEVANT,Unrelated candidate
20240416081500-496,20240416081500,fnarena.com,https://fnarena.com/index.php/2024/04/16/infosys-drives-hybrid-cloud-powered-innovation-for-team-global-express-2/,Infosys drives hybrid cloud-powered innovation for Team Global Express,DIRECTLY_RELEVANT,"Infosys Q4 FY24 earnings, revenue, InSemi acquisition, contracts, hiring, or share price performance."
20240416081500-614,20240416081500,fnarena.com,https://fnarena.com/index.php/2024/04/16/infosys-drives-hybrid-cloud-powered-innovation-for-team-global-express/,Infosys drives hybrid cloud-powered innovation for Team Global Express,DIRECTLY_RELEVANT,"Infosys Q4 FY24 earnings, revenue, InSemi acquisition, contracts, hiring, or share price performance."
20240416083000-752,20240416083000,businesstoday.in,https://www.businesstoday.in/latest/corporate/story/put-in-70-hours-every-week-for-maximum-productivity-wakefit-founders-interesting-tweak-to-narayan-murthys-70-hour-workweek-advice-425708-2024-04-16,"'Put in 70 hours every week for maximum productivity,' Wakefit founder's interesting tweak to Narayan Murthy's 70-hour workweek advice",NOT_RELEVANT,"Narayana Murthy / Sudha Murty non-corporate lifestyle, family memoir, flight encounter, or 70-hour work week viral debate"
20240416083000-390,20240416083000,telegraphindia.com,https://www.telegraphindia.com/feeds/business/markets-continue-to-slump-on-fears-of-escalating-tensions-in-middle-east/cid/2013637,Stock market | Markets continue to slump on fears of escalating tensions in Middle East,NOT_RELEVANT,Unrelated candidate
20240416083000-906,20240416083000,marketscreener.com,https://www.marketscreener.com/quote/stock/INFORMATION-SERVICES-GROU-879237/news/European-Firms-Seek-New-Ways-to-Modernize-Mainframes-46443225/,European Firms Seek New Ways to Modernize Mainframes,NOT_RELEVANT,Unrelated candidate
20240416083000-901,20240416083000,tribuneindia.com,https://www.tribuneindia.com/news/business/markets-continue-to-slump-on-fears-of-escalating-tensions-in-middle-east-611370,Markets continue to slump on fears of escalating tensions in Middle East,NOT_RELEVANT,Unrelated candidate
20240416083000-553,20240416083000,moneycontrol.com,https://www.moneycontrol.com/news/business/markets/infosys-q4-preview-net-profit-may-remain-flat-qoq-as-weak-discretionary-spend-hits-revenue-12648961.html,Infosys Q4 preview: Net profit may remain flat QoQ as weak discretionary spend hits revenue,DIRECTLY_RELEVANT,"Infosys Q4 FY24 earnings, revenue, InSemi acquisition, contracts, hiring, or share price performance."
20240416083000-T1469,20240416083000,punjabkesari.com,https://www.punjabkesari.com/business-news/share-market-update-stock-market-opened-with-decline-today-sensex-nifty-showed-decline/,"Share Market Update: आज गिरावट के साथ खुला शेयर बाजार, Sensex-Nifty में दिखा उतार",NOT_RELEVANT,Unrelated candidate
20240416084500-226,20240416084500,finanznachrichten.de,https://www.finanznachrichten.de/nachrichten-2024-04/61956130-information-services-group-inc-european-firms-seek-new-ways-to-modernize-mainframes-004.htm,"Information Services Group, Inc.: European Firms Seek New Ways to Modernize Mainframes",NOT_RELEVANT,Unrelated candidate
20240416084500-292,20240416084500,streetinsider.com,https://www.streetinsider.com/Business+Wire/European+Firms+Seek+New+Ways+to+Modernize+Mainframes/23069400.html,European Firms Seek New Ways to Modernize Mainframes,NOT_RELEVANT,Unrelated candidate
20240416084500-486,20240416084500,india.com,https://zeenews.india.com/markets/sensex-down-more-than-300-points-as-geopolitical-concerns-weigh-2740818.html,Sensex Down More Than 300 Points As Geopolitical Concerns Weigh,NOT_RELEVANT,Unrelated candidate
20240416084500-T1699,20240416084500,dorzeczy.pl,https://dorzeczy.pl/ekonomia/575187/francuski-koncern-zamyka-produkcje-opon-w-olsztynie.html,Francuski koncern zamyka produkcję opon w Olsztynie,NOT_RELEVANT,Unrelated candidate
20240416090000-1075,20240416090000,newkerala.com,https://www.newkerala.com/news/2024/21924.htm,Sensex down more than 300 points as geopolitical concerns weigh,NOT_RELEVANT,Unrelated candidate
20240416090000-120,20240416090000,dailypioneer.com,https://www.dailypioneer.com/2024/business/markets-continue-to-slump-on-fears-of-escalating-tensions-in-middle-east.html,Markets continue to slump on fears of escalating tensions in Middle East,NOT_RELEVANT,Unrelated candidate
20240416090000-973,20240416090000,oklahomacitysun.com,https://www.oklahomacitysun.com/news/274276266/stock-market-opens-flat-in-negative-territory-sensex-nifty-witness-substantial-declines,Stock market opens flat in negative territory; Sensex-Nifty witness substantial declines,NOT_RELEVANT,Unrelated candidate
20240416090000-937,20240416090000,rashtranews.com,https://www.rashtranews.com/software-exports-grow-to-rs-1761-cr-from-4-indore-it-sezs/,"Software exports grow to Rs 1,761 cr from 4 Indore IT SEZs",NOT_RELEVANT,Unrelated candidate
20240416091500-45,20240416091500,indiatimes.com,https://economictimes.indiatimes.com/news/india/amid-appraisal-season-bengaluru-company-gives-a-twist-to-narayana-murthys-70-hour-work-week-suggestion/articleshow/109338244.cms,"Amid appraisal season, Bengaluru company gives a spin to Narayana Murthy's 70-hour work week suggestion",NOT_RELEVANT,"Narayana Murthy / Sudha Murty non-corporate lifestyle, family memoir, flight encounter, or 70-hour work week viral debate"
20240416091500-898,20240416091500,businesstoday.in,https://www.businesstoday.in/markets/company-stock/story/infosys-to-share-q4-earnings-on-april-18-friday-results-timing-concall-details-analyst-preview-more-425723-2024-04-16,"Infosys to share Q4 earnings on April 18, Thursday. Results timing, concall details, analyst preview & more",DIRECTLY_RELEVANT,"Infosys Q4 FY24 earnings, revenue, InSemi acquisition, contracts, hiring, or share price performance."
20240416091500-888,20240416091500,devdiscourse.com,https://www.devdiscourse.com/article/business/2888777-stock-market-opens-flat-in-negative-territory-sensex-nifty-witness-substantial-declines,Stock market opens flat in negative territory; Sensex-Nifty witness substantial declines,NOT_RELEVANT,Unrelated candidate
20240416091500-883,20240416091500,torontotelegraph.com,https://www.torontotelegraph.com/news/274276266/stock-market-opens-flat-in-negative-territory-sensex-nifty-witness-substantial-declines,Stock market opens flat in negative territory; Sensex-Nifty witness substantial declines,NOT_RELEVANT,Unrelated candidate
20240416094500-887,20240416094500,telegraphindia.com,https://www.telegraphindia.com/business/markets-continue-to-slump-on-fears-of-escalating-tensions-in-middle-east/cid/2013637,Stock market | Markets continue to slump on fears of escalating tensions in Middle East,NOT_RELEVANT,Unrelated candidate
20240416094500-1214,20240416094500,financialexpress.com,https://www.financialexpress.com/lifestyle/meet-narayana-murthy-co-founder-of-infosys-know-about-his-career-love-story-with-sudha-murty-education-connection-with-rishi-sunak-and-net-worth/3458374/,"Meet Narayana Murthy, co-founder of Infosys; Know about his career, love story with Sudha Murty, education, connection with Rishi Sunak, and net worth",NOT_RELEVANT,"Narayana Murthy / Sudha Murty non-corporate lifestyle, family memoir, flight encounter, or 70-hour work week viral debate"
20240416094500-662,20240416094500,indiatimes.com,https://timesofindia.indiatimes.com/technology/tech-news/wakefit-co-founders-clever-ad-twist-to-narayana-murthys-70-hours-work-week-call/articleshow/109339691.cms,Narayana Murthy: Wakefit co-founder's clever 'ad twist' to Narayana Murthy's '70 hours work week call' |,NOT_RELEVANT,"Narayana Murthy / Sudha Murty non-corporate lifestyle, family memoir, flight encounter, or 70-hour work week viral debate"
20240416100000-698,20240416100000,firstpost.com,https://www.firstpost.com/business/bloodbath-in-markets-sensex-falls-over-500-points-for-the-third-day-in-a-row-13760055.html,Bloodbath in markets: Sensex falls over 500 points for the third day in a row,NOT_RELEVANT,Unrelated candidate
20240416101500-992,20240416101500,prokerala.com,https://www.prokerala.com/news/articles/a1523370.html,IT stocks lead Sensex plunge of more than 600 points,NOT_RELEVANT,Unrelated candidate
20240416101500-398,20240416101500,indiatimes.com,https://www.indiatimes.com/worth/news/wakefit-gives-funny-twist-to-narayana-murthys-70-hour-work-week-model-in-srks-chak-de-india-style-632411.html,Watch: Bengaluru Startup Follows Narayana Murthy's '70-hour' Advice But There's A Catch,NOT_RELEVANT,"Narayana Murthy / Sudha Murty non-corporate lifestyle, family memoir, flight encounter, or 70-hour work week viral debate"
20240416103000-491,20240416103000,thehindubusinessline.com,https://www.thehindubusinessline.com/markets/stock-markets/sensex-falls-over-400-pts-nifty-at-22160-level/article68070948.ece,"Sensex falls over 400 pts, Nifty at 22,160 level - The Hindu BusinessLine",NOT_RELEVANT,Unrelated candidate
20240416104500-1361,20240416104500,indiainfoline.com,https://www.indiainfoline.com/news/markets/sensex-nifty-extend-losses-on-weak-global-cues-geopolitical-tensions,"Sensex, Nifty Extend Losses on Weak Global Cues, Geopolitical Tensions",NOT_RELEVANT,Unrelated candidate
20240416104500-879,20240416104500,forbesindia.com,https://www.forbesindia.com/article/explainers/top-10-it-companies-in-india/87143/1,Top 10 IT Companies In India In 2024 By Market Cap | Top Software Companies In India,NOT_RELEVANT,Unrelated candidate
20240416110000-1301,20240416110000,indiatimes.com,https://economictimes.indiatimes.com/markets/stocks/stock-watch/share-market-update-most-active-stocks-in-todays-market-in-terms-of-volume/articleshow/109344929.cms,share market: Share market update: Most active stocks in today's market in terms of volume,NOT_RELEVANT,Unrelated candidate
20240416110000-T2145,20240416110000,lokmat.com,https://www.lokmat.com/business/stock-market/closing-bell-sensex-nifty-closes-lower-for-second-consecutive-day-eicher-motors-high-infosys-falls-a-a720/,"Closing Bell: सलग दुसऱ्या दिवशी सेन्सेक्स-निफ्टी घसरणीसह बंद; आयशर मोटर्समध्ये बंपर तेजी, इन्फोसिस घसरला",DIRECTLY_RELEVANT,"Infosys Q4 FY24 earnings, revenue, InSemi acquisition, contracts, hiring, or share price performance."
20240416111500-970,20240416111500,adgully.com,https://www.adgully.com/sound-of-success-how-brandmusiq-is-shaping-consumer-experiences-with-sonic-branding-144545.html,Sound of success: How BrandMusiq is shaping consumer experiences with sonic branding,NOT_RELEVANT,Unrelated candidate
20240416111500-649,20240416111500,livemint.com,https://www.livemint.com/market/stock-market-news/nifty-it-index-tumbles-over-2-5-to-hit-new-2024-low-on-fading-fed-rate-cut-expectations-tcs-wipro-infosys-tech-m-11713255913095.html,Nifty IT index tumbles over 2.5% to hit new 2024 low on fading Fed rate cut expectations,NOT_RELEVANT,Unrelated candidate
20240416111500-422,20240416111500,livemint.com,https://www.livemint.com/market/stock-market-news/stock-market-today-sensex-nifty-fall-for-3rd-consecutive-session-it-stocks-among-top-drags-mid-smallcaps-outperform-11713261115080.html,"Stock market today: Sensex, Nifty fall for 3rd consecutive session; IT stocks among top drags; mid, smallcaps outperform",NOT_RELEVANT,Unrelated candidate
20240416111500-198,20240416111500,thehindu.com,https://www.thehindu.com/business/markets/markets-slump-for-third-day-on-fears-of-escalating-tensions-in-middle-east/article68071477.ece,Markets slump for third day on fears of escalating tensions in Middle East,NOT_RELEVANT,Unrelated candidate
20240416111500-846,20240416111500,rttnews.com,https://www.rttnews.com/3439174/sensex-nifty-extend-losses-for-third-day-amid-global-selloff.aspx,"Sensex, Nifty Extend Losses For Third Day Amid Global Selloff",NOT_RELEVANT,Unrelated candidate
20240416111500-T495,20240416111500,prabhatkhabar.com,https://www.prabhatkhabar.com/business/share-market-iran-israel-tension-dominated-sensex-closed-465-points-down-mdn,Share Market: बाजार के मूड पर हावी रहा ईरान-इजरायल का टेंशन,NOT_RELEVANT,Unrelated candidate
20240416113000-1181,20240416113000,indiatimes.com,https://economictimes.indiatimes.com/markets/stocks/stock-watch/stock-market-update-power-stocks-up-as-market-falls/articleshow/109345949.cms,Stock Market Sectors: Stock market update: Power stocks up as market falls,NOT_RELEVANT,Unrelated candidate
20240416113000-33,20240416113000,indiatimes.com,https://economictimes.indiatimes.com/markets/stocks/stock-watch/stock-market-update-stocks-that-hit-52-week-lows-on-nse-in-todays-trade/articleshow/109346148.cms,52 week high stocks: Stock market update: Stocks that hit 52-week lows on NSE in today's trade,NOT_RELEVANT,Unrelated candidate
20240416113000-918,20240416113000,itwire.com,https://itwire.com/guest-articles/company-news/cloud-migrations-boost-australian-microsoft-ecosystem.html,iTWire - Cloud migrations boost Australian Microsoft ecosystem,NOT_RELEVANT,Unrelated candidate
20240416114500-1080,20240416114500,freepressjournal.in,https://www.freepressjournal.in/business/indian-stock-markets-close-in-red-sensex-at-7294368-nifty-below-22200-hindustan-unilever-titan-lead-gains,"Indian Stock Markets Close In Red: Sensex At 72,943.68 & Nifty Below 22,200; Hindustan Unilever, Titan Lead Gains",NOT_RELEVANT,Unrelated candidate
20240416114500-T1018,20240416114500,gujaratsamachar.com,https://www.gujaratsamachar.com/news/business/sensex-nifty-50-down-know-the-reason-behind-this-crash,"સેન્સેક્સ અને નિફ્ટી આજે ફરી ઘટાડે બંધ, જાણો ઘટાડા પાછળના કારણો",NOT_RELEVANT,Unrelated candidate
20240416120000-2086,20240416120000,moneycontrol.com,https://www.moneycontrol.com/news/business/earnings/taking-stock-sensex-nifty-down-for-third-session-amid-global-concerns-12652441.html,"Taking Stock: Sensex, Nifty down for third session amid global concerns",NOT_RELEVANT,Unrelated candidate
20240416120000-1590,20240416120000,theweek.in,https://www.theweek.in/news/biz-tech/2024/04/16/markets-slump-for-third-day-on-fears-of-escalating-tensions-in-middle-east.html,Markets slump for third day on fears of escalating tensions in Middle East,NOT_RELEVANT,Unrelated candidate
20240416120000-1548,20240416120000,theweek.in,https://www.theweek.in/wire-updates/business/2024/04/16/del34-biz-stocks-close.html,Markets slump for third day on fears of escalating tensions in Middle East,NOT_RELEVANT,Unrelated candidate
20240416120000-67,20240416120000,thestatesman.com,https://www.thestatesman.com/business/sensex-down-more-than-300-points-as-geopolitical-concerns-weigh-1503290763.html,Sensex down more than 300 points as geopolitical concerns weigh,NOT_RELEVANT,Unrelated candidate
20240416120000-2051,20240416120000,businesstoday.in,https://www.businesstoday.in/markets/stocks/story/infosys-tcs-shares-here-are-stock-price-targets-post-recent-correction-425735-2024-04-16,"Infosys, TCS shares: Here are stock price targets post recent correction",DIRECTLY_RELEVANT,"Infosys Q4 FY24 earnings, revenue, InSemi acquisition, contracts, hiring, or share price performance."
20240416121500-T2308,20240416121500,moneycontrol.com,https://hindi.moneycontrol.com/news/markets/share-market-today-sensex-nifty-tanks-third-straight-day-investor-losts-rs-14000-crore-1895029.html,"Share Market: सेंसेक्स 450 अंक लुढ़का, छोटे शेयरों ने दी राहत, निवेशकों को दिन भर में ₹14,000 करोड़ का घाटा",NOT_RELEVANT,Unrelated candidate
20240416121500-T2310,20240416121500,moneycontrol.com,https://hindi.moneycontrol.com/news/markets/dealing-room-check-dealers-made-buying-in-zydus-life-and-hul-know-the-target-price-1895037.html,"Dealing Room Check: डीलर्स ने आज दो स्टॉक में कराई बंपर बाईंग, जानें कितना चढ़ सकते हैं दोनों शेयर",NOT_RELEVANT,Unrelated candidate
20240416121500-T422,20240416121500,pudhari.news,https://pudhari.news/features/arthabhan/774908/sensex-and-nifty50-traded-lower-for-the-third-consecutive-session/ar,"Stock Market Closing Bell | सलग तिसऱ्या सत्रात विक्रीचा मारा, बाजारातील 'ब्लडबाथ'मागे होते 'हे ५ घटक",NOT_RELEVANT,Unrelated candidate
20240416121500-1901,20240416121500,indiatimes.com,https://economictimes.indiatimes.com/markets/stocks/stock-watch/share-market-update-most-active-stocks-of-the-day-in-terms-of-traded-value/articleshow/109346605.cms,active stocks: Share market update: Most active stocks of the day in terms of traded value,NOT_RELEVANT,Unrelated candidate
20240416121500-1913,20240416121500,indiatimes.com,https://economictimes.indiatimes.com/markets/stocks/stock-watch/stock-market-update-mining-stocks-down-as-market-falls/articleshow/109347810.cms,Stock Market Sectors: Stock market update: Mining stocks down as market falls,NOT_RELEVANT,Unrelated candidate
20240416121500-11,20240416121500,indiatimes.com,https://economictimes.indiatimes.com/markets/stocks/stock-watch/stock-market-update-sugar-stocks-up-as-market-falls/articleshow/109347590.cms,Stock Market Sectors: Stock market update: Sugar stocks up as market falls,NOT_RELEVANT,Unrelated candidate
20240416121500-215,20240416121500,indiatimes.com,https://economictimes.indiatimes.com/markets/stocks/stock-watch/stock-market-update-stocks-that-hit-52-week-highs-on-nse-in-todays-trade/articleshow/109347087.cms,52 week high stocks: Stock market update: Stocks that hit 52-week highs on NSE in today's trade,NOT_RELEVANT,Unrelated candidate
20240416123000-T856,20240416123000,andhrajyothy.com,https://www.andhrajyothy.com/2024/business/stock-market-news-sensex-losses-450-points-sgr-spl-1240519.html,"Stock Market: రెండో రోజూ నష్టాల్లోనే.. అప్రమత్తంగా కదలాడిన సూచీలు..! | Stock Market News, Sensex, losses 450 points.. sgr spl",NOT_RELEVANT,Unrelated candidate
20240416124500-425,20240416124500,tribuneindia.com,https://www.tribuneindia.com/news/business/markets-slump-for-third-day-on-fears-of-escalating-tensions-in-middle-east-611397,Markets slump for third day on fears of escalating tensions in Middle East,NOT_RELEVANT,Unrelated candidate
20240416130000-T2025,20240416130000,webdunia.com,https://hindi.webdunia.com/share-market-news/stock-market-declined-for-the-third-consecutive-day-124041600057_1.html,"पश्चिम एशिया संकट से शेयर बाजार में संकट, सेंसेक्स 456 अंक और लुढ़का",NOT_RELEVANT,Unrelated candidate
20240416130000-1787,20240416130000,indiatimes.com,https://economictimes.indiatimes.com/markets/stocks/news/equity-investors-become-poorer-by-rs-7-93-lakh-cr-in-three-days/articleshow/109349312.cms,Equity investors become poorer by Rs 7.93 lakh cr in three days,NOT_RELEVANT,Unrelated candidate
20240416133000-921,20240416133000,oklahomacitysun.com,https://www.oklahomacitysun.com/news/274277569/sell-off-in-indian-stocks-continues-for-the-third-session,Sell-off in Indian stocks continues for the third session,NOT_RELEVANT,Unrelated candidate
20240416134500-225,20240416134500,aninews.in,https://aninews.in/news/business/sell-off-in-indian-stocks-continues-for-the-third-session20240416165931/,Sell-off in Indian stocks continues for the third session,NOT_RELEVANT,Unrelated candidate
20240416134500-402,20240416134500,indiatimes.com,https://economictimes.indiatimes.com/markets/web-stories/gainers-amp-losers-infosys-exide-among-top-6-stocks-that-hogged-limelight-on-tuesday/slideshow/109348163.cms,"​Gainers & Losers: Infosys, Exide among top 6 stocks that hogged limelight on Tuesday",DIRECTLY_RELEVANT,"Infosys Q4 FY24 earnings, revenue, InSemi acquisition, contracts, hiring, or share price performance."
20240416134500-239,20240416134500,hindustantimes.com,https://www.hindustantimes.com/brand-stories/parul-universitys-m-tech-program-inspiring-technological-innovation-and-industry-relevant-education-101713270195102.html,Parul University's M.Tech Program: Inspiring Technological Innovation and Industry-Relevant Education,NOT_RELEVANT,Unrelated candidate
20240416140000-1164,20240416140000,newkerala.com,https://www.newkerala.com/news/2024/22028.htm,IT stocks lead Sensex plunge of more than 600 points,NOT_RELEVANT,Unrelated candidate
20240416141500-T131,20240416141500,palpalindia.com,https://www.palpalindia.com/2024/04/16/karobar-Business-stock-market-decline-Sensex-Nifty-Infosys-and-IndusInd-Bank-shares-news-in-hindi.html,"शेयर बाजार में लगातार तीसरे दिन गिरावट, सेंसेक्स 456 अंक टूटा, निफ्टी 22150 से फिसला news in hindi",NOT_RELEVANT,Unrelated candidate
20240416141500-1931,20240416141500,aninews.in,https://www.aninews.in/news/business/sell-off-in-indian-stocks-continues-for-the-third-session20240416165931/,Sell-off in Indian stocks continues for the third session,NOT_RELEVANT,Unrelated candidate
20240416141500-67,20240416141500,torontotelegraph.com,https://www.torontotelegraph.com/news/274277569/sell-off-in-indian-stocks-continues-for-the-third-session,Sell-off in Indian stocks continues for the third session,NOT_RELEVANT,Unrelated candidate
20240416150000-1281,20240416150000,businesstoday.in,https://www.businesstoday.in/visualstories/stock/infosys-ltimindtree-top-losers-on-nifty50-as-market-extends-sell-off-ongc-most-active-stock-on-april-16-129502-16-04-2024,"Infosys, LTIMindtree top losers on Nifty50 as market extends sell-off; ONGC most active stock on April 16",DIRECTLY_RELEVANT,"Infosys Q4 FY24 earnings, revenue, InSemi acquisition, contracts, hiring, or share price performance."
20240416150000-716,20240416150000,firstpost.com,https://www.firstpost.com/explainers/quicksplained-how-much-do-top-ceos-of-indian-it-companies-earn-13760303.html,Quicksplained: How much do top CEOs of Indian IT companies earn?,NOT_RELEVANT,Unrelated candidate
20240416153000-1838,20240416153000,thehindubusinessline.com,https://www.thehindubusinessline.com/markets/markets-slump-for-third-day-on-fears-of-escalating-tensions-in-west-asia/article68071450.ece,Markets slump for third day on fears of escalating tensions in West Asia,NOT_RELEVANT,Unrelated candidate
20240416154500-1589,20240416154500,nigeriasun.com,https://www.nigeriasun.com/news/274277569/sell-off-in-indian-stocks-continues-for-the-third-session,Sell-off in Indian stocks continues for the third session,NOT_RELEVANT,Unrelated candidate
20240416154500-79,20240416154500,theusnews.com,https://www.theusnews.com/news/274277569/sell-off-in-indian-stocks-continues-for-the-third-session,Sell-off in Indian stocks continues for the third session,NOT_RELEVANT,Unrelated candidate
20240416160000-254,20240416160000,newzealandstar.com,https://www.newzealandstar.com/news/274277569/sell-off-in-indian-stocks-continues-for-the-third-session,Sell-off in Indian stocks continues for the third session,NOT_RELEVANT,Unrelated candidate
20240416160000-2068,20240416160000,rediff.com,https://www.rediff.com/business/report/heavy-selling-in-it-stocks-drags-markets-down/20240416.htm,Heavy selling in IT stocks drags markets down,NOT_RELEVANT,Unrelated candidate
20240416160000-163,20240416160000,thestatesman.com,https://www.thestatesman.com/business/benchmark-indices-continue-downward-trend-for-third-consecutive-session-1503290911.html,Benchmark indices continue downward trend for third consecutive session,NOT_RELEVANT,Unrelated candidate
20240416161500-105,20240416161500,rashtranews.com,https://www.rashtranews.com/business-news-sensex-rallies-over-350-points-to-hit-60000-nifty-above-17900/,"Business News: Sensex rallies over 350 points to hit 60,000; Nifty above 17,900",NOT_RELEVANT,Unrelated candidate
20240416164500-1056,20240416164500,shanghaisun.com,https://www.shanghaisun.com/news/274277569/sell-off-in-indian-stocks-continues-for-the-third-session,Sell-off in Indian stocks continues for the third session,NOT_RELEVANT,Unrelated candidate
20240416164500-538,20240416164500,financialexpress.com,https://www.financialexpress.com/business/industry-tcs-reports-all-time-high-order-book-would-infy-wipro-and-other-it-peers-follow-trend-find-out-3458724/,"TCS reports all-time high order book; Would Infy, Wipro and other IT peers follow trend? Find out",DIRECTLY_RELEVANT,"Infosys Q4 FY24 earnings, revenue, InSemi acquisition, contracts, hiring, or share price performance."
20240416164500-2370,20240416164500,financialexpress.com,https://www.financialexpress.com/market/selling-continues-for-third-straight-day-sensex-slips-450-points-nifty-closes-below-22200-dragged-by-tech-and-psu-banks-3458646/,"Selling continues for third straight day! Sensex slips 450 points, Nifty closes below 22,200 dragged by tech and PSU banks",NOT_RELEVANT,Unrelated candidate
20240416171500-1035,20240416171500,singaporestar.com,https://www.singaporestar.com/news/274277569/sell-off-in-indian-stocks-continues-for-the-third-session,Sell-off in Indian stocks continues for the third session,NOT_RELEVANT,Unrelated candidate
20240416171500-183,20240416171500,rttnews.com,https://www.rttnews.com/story.aspx?Id=3439174,"Sensex, Nifty Extend Losses For Third Day Amid Global Selloff",NOT_RELEVANT,Unrelated candidate
20240416171500-2545,20240416171500,indiatimes.com,https://timesofindia.indiatimes.com/life-style/relationships/work/feeling-blue-chinese-company-now-offers-10-leaves-for-employees-who-are-feeling-unhappy/articleshow/109353594.cms,Feeling blue? Chinese company now offers 10 leaves for employees who are feeling unhappy,NOT_RELEVANT,Unrelated candidate
20240416180000-786,20240416180000,rashtranews.com,https://www.rashtranews.com/locofast-raises-15-mn-co-led-by-stellaris-venture-partners-chiratae-ventures/,"Locofast raises $15 mn co-led by Stellaris Venture Partners, Chiratae Ventures",NOT_RELEVANT,Unrelated candidate
20240416183000-2497,20240416183000,webindia123.com,https://news.webindia123.com/news/Articles/Business/20240416/4188367.html,Sell-off in Indian stocks continues for the third session,NOT_RELEVANT,Unrelated candidate
20240416194500-378,20240416194500,theindianawaaz.com,https://theindianawaaz.com/final-trade-april-16-sensex-and-nifty-decline-due-to-it-stock-sell-off-and-global-concerns/,Final Trade April 16: Sensex and Nifty Decline Due to IT Stock Sell-Off And Global Concerns,NOT_RELEVANT,Unrelated candidate
20240416220000-276,20240416220000,prnewswire.com,https://www.prnewswire.com/news-releases/it-market-size-in-qatar-is-set-to-grow-by-usd-1-78-billion-from-2023-2027--3m-co-accenture-plc-and-acer-inc-and-more-to-emerge-as-some-of-the-key-vendors-technavio-302116700.html,"IT Market size In Qatar is set to grow by USD 1.78 billion from 2023-2027, 3M Co., Accenture Plc and Acer Inc., and more to emerge as Some of the Key Vendors, Technavio",NOT_RELEVANT,Unrelated candidate
20240416220000-100,20240416220000,indiatimes.com,https://timesofindia.indiatimes.com/business/india-business/india-inc-votes-to-punch-in-at-polling-booths/articleshow/109356195.cms,India Inc votes to punch in at polling booths,NOT_RELEVANT,Unrelated candidate
20240416220000-385,20240416220000,indiatimes.com,https://timesofindia.indiatimes.com/business/india-business/sensex-falls-for-third-day-over-foreign-funds-selloff/articleshow/109356232.cms,Sensex falls for third day over foreign funds' selloff,NOT_RELEVANT,Unrelated candidate
20240416221500-1716,20240416221500,indiatimes.com,https://timesofindia.indiatimes.com/business/india-business/cognizant-ceo-kumar-gets-paid-nearly-23million-dollar-in-fy23/articleshow/109356658.cms,Cognizant CEO Kumar gets paid nearly 23 million dollar in FY23,NOT_RELEVANT,Unrelated candidate
20240416223000-850,20240416223000,financialexpress.com,https://www.financialexpress.com/market/indices-slide-as-rate-cut-hopes-crash-3458911/,Indices slide as rate cut hopes crash,NOT_RELEVANT,Unrelated candidate
20240416230000-759,20240416230000,sierraleonetimes.com,https://www.sierraleonetimes.com/news/274277569/sell-off-in-indian-stocks-continues-for-the-third-session,Sell-off in Indian stocks continues for the third session,NOT_RELEVANT,Unrelated candidate
20240416230000-1685,20240416230000,sierraleonetimes.com,https://www.sierraleonetimes.com/news/274276266/stock-market-opens-flat-in-negative-territory-sensex-nifty-witness-substantial-declines,Stock market opens flat in negative territory; Sensex-Nifty witness substantial declines,NOT_RELEVANT,Unrelated candidate
20240417021500-T737,20240417021500,tarunbharat.com,https://www.tarunbharat.com/iran-israel-tensions-hit-the-indian-market/,Iran-Israel tensions hit the Indian market,NOT_RELEVANT,Unrelated candidate
20240417031500-816,20240417031500,indiatimes.com,https://economictimes.indiatimes.com/markets/stocks/news/it-stocks-slump-as-fo-bears-mount-bets-on-more-downside-fears-infy-results-in-focus/articleshow/109360872.cms,"IT stocks slump as F&O bears mount bets on more downside fears, Infy results in focus",DIRECTLY_RELEVANT,"Infosys Q4 FY24 earnings, revenue, InSemi acquisition, contracts, hiring, or share price performance."
20240417031500-532,20240417031500,thecostaricanews.com,https://thecostaricanews.com/india-the-most-populous-country-wants-more-trade-investment-and-tourism-with-costa-rica/,"India: The Most Populous Country Wants More Trade, Investment and Tourism with Costa Rica",NOT_RELEVANT,Unrelated candidate
20240417033000-488,20240417033000,businesstoday.in,https://www.businesstoday.in/markets/stocks/story/stock-market-holiday-bse-nse-to-remain-closed-today-on-account-of-ram-navami-425812-2024-04-17,"Stock market holiday: BSE, NSE to remain closed today on account of Ram Navami",NOT_RELEVANT,Unrelated candidate
20240417034500-264,20240417034500,indiatimes.com,https://timesofindia.indiatimes.com/city/noida/outsiders-allowed-in-condo-booths-in-city-residents-seek-clarity/articleshow/109358023.cms,Booths: Outsiders Allowed In Condo Booths In City? Residents Seek Clarity | Noida News,NOT_RELEVANT,Unrelated candidate
20240417034500-751,20240417034500,moneycontrol.com,https://www.moneycontrol.com/news/business/markets/daily-voice-this-investment-manager-has-3-sectors-on-his-radar-if-there-is-a-sharp-correction-12654591.html,Daily Voice | This investment manager has 3 sectors on his radar if there is a sharp correction,NOT_RELEVANT,Unrelated candidate
20240417041500-359,20240417041500,menafn.com,https://menafn.com/1108103406/India-The-Most-Populous-Country-Wants-More-Trade-Investment-And-Tourism-With-Costa-Rica-The-Costa-Rica-News,"India: The Most Populous Country Wants More Trade, Investment And Tourism With Costa Rica ⋆ The Costa Rica News",NOT_RELEVANT,Unrelated candidate
20240417044500-1222,20240417044500,biztoc.com,https://biztoc.com/x/dac3598e4a0e4309,"BIS Boss Coins 'Finternet' Term, Touts Tokenization as Tool for Solving Today's Financial System Shortcomings",NOT_RELEVANT,Unrelated candidate
20240417053000-376,20240417053000,businesstoday.in,https://www.businesstoday.in/visualstories/stock/infosys-q4-results-stock-down-6-in-3-sessions-analyst-views-target-price-more-129507-17-04-2024,"Infosys Q4 results: Stock down 6% in 3 sessions; analyst views, target price & more",DIRECTLY_RELEVANT,"Infosys Q4 FY24 earnings, revenue, InSemi acquisition, contracts, hiring, or share price performance."
20240417060000-977,20240417060000,freepressjournal.in,https://www.freepressjournal.in/business/stock-market-news-indices-to-remain-closed-on-account-of-ram-navami,Stock Market News: Indices To Remain Closed On Account Of Ram Navami,NOT_RELEVANT,Unrelated candidate
20240417070000-790,20240417070000,indiatimes.com,https://economictimes.indiatimes.com/industry/services/property-/-cstruction/ajit-isaac-buys-the-most-expensive-property-on-bangalores-billionaire-lane-for-67-5-crore/articleshow/109364846.cms,bangalore: Ajit Isaac buys the most expensive property on Bangalore's Billionaire Lane for ₹67.5 crore,NOT_RELEVANT,Unrelated candidate
20240417070000-411,20240417070000,indiatimes.com,https://economictimes.indiatimes.com/mf/analysis/15-equity-mutual-funds-deliver-more-than-30-cagr-in-three-years/articleshow/109365284.cms,15 equity mutual funds deliver more than 30% CAGR in three years,NOT_RELEVANT,Unrelated candidate
20240417071500-T892,20240417071500,moneycontrol.com,https://hindi.moneycontrol.com/news/markets/daily-voice-if-there-is-a-sharp-correction-this-investment-manager-has-3-sectors-on-his-radar-to-invest-1895188.html,Daily Voice: बाजार में बड़ा करेक्शन आया तो इनवेस्टमेंट मैनेजर इन 3 सेक्टर में कर सकते हैं निवेश,NOT_RELEVANT,Unrelated candidate
20240417073000-316,20240417073000,indiaeducationdiary.in,https://indiaeducationdiary.in/iim-amritsar-secures-summer-placements-for-2023-2025-batch/,IIM Amritsar Secures Summer Placements for 2023-2025 Batch,NOT_RELEVANT,"Narayana Murthy / Sudha Murty non-corporate lifestyle, family memoir, flight encounter, or 70-hour work week viral debate"
20240417074500-827,20240417074500,indiatimes.com,https://timesofindia.indiatimes.com/technology/tech-news/bengaluru-startup-wakefits-ad-twist-to-narayana-murthys-70-hours-work-week-call/articleshow/109339691.cms,Narayana Murthy: Wakefit co-founder's clever 'ad twist' to Narayana Murthy's '70 hours work week call' |,NOT_RELEVANT,"Narayana Murthy / Sudha Murty non-corporate lifestyle, family memoir, flight encounter, or 70-hour work week viral debate"
20240417081500-975,20240417081500,financialexpress.com,https://www.financialexpress.com/lifestyle/introducing-the-woman-who-invested-rs-10000-in-her-husbands-rs-608000-crore-business-she-is-married-to/3458878/,"Introducing the woman who invested Rs 10,000 in her husband's Rs 608,000 crore business. She is married to... - Lifestyle News",NOT_RELEVANT,Unrelated candidate
20240417081500-1426,20240417081500,yourstory.com,https://her.yourstory.com:443/2024/04/allen-digital-ai-personalise-learning-test-prep-edtech,Advantage AI: How ALLEN is personalising test prep and enhancing learning outcomes for each student,NOT_RELEVANT,Unrelated candidate
20240417083000-503,20240417083000,india.com,https://www.india.com/business/infosys-q4-results-2024-what-to-expect-on-pat-guidance-share-price-target-6865289/,"Infosys Q4 Results 2024: What To Expect On PAT, Guidance, Share Price Target",DIRECTLY_RELEVANT,"Infosys Q4 FY24 earnings, revenue, InSemi acquisition, contracts, hiring, or share price performance."
20240417091500-319,20240417091500,rediff.com,https://www.rediff.com/news/report/elections-2024-we-will-be-voting-for-gadkari-not-bjp/20240417.htm,"Elections 2024: 'We Will Be Voting For Gadkari, Not BJP'",NOT_RELEVANT,Unrelated candidate
20240417091500-1125,20240417091500,pagalguy.com,https://www.pagalguy.com/articles/a-look-into-the-iifm-bhopal-pgdsm-course-key-details-you-should-know,A Look into the IIFM Bhopal PGDSM Course: Key Details You Should Know – PaGaLGuY,NOT_RELEVANT,Unrelated candidate
20240417093000-270,20240417093000,finanznachrichten.de,https://www.finanznachrichten.de/nachrichten-2024-04/61968995-information-services-group-inc-microsoft-copilot-aims-to-help-u-k-firms-navigate-cloud-004.htm,"Information Services Group, Inc.: Microsoft Copilot Aims to Help U.K. Firms Navigate Cloud",NOT_RELEVANT,Unrelated candidate
20240417093000-1192,20240417093000,streetinsider.com,https://www.streetinsider.com/Business+Wire/Microsoft+Copilot+Aims+to+Help+U.K.+Firms+Navigate+Cloud/23075849.html,Microsoft Copilot Aims to Help U.K. Firms Navigate Cloud,NOT_RELEVANT,Unrelated candidate
20240417100000-519,20240417100000,marketscreener.com,https://www.marketscreener.com/quote/stock/INFORMATION-SERVICES-GROU-879237/news/Microsoft-Copilot-Aims-to-Help-U-K-Firms-Navigate-Cloud-46454604/,Microsoft Copilot Aims to Help U.K. Firms Navigate Cloud,NOT_RELEVANT,Unrelated candidate
20240417101500-126,20240417101500,lelezard.com,https://www.lelezard.com/en/news-21337941.html,Microsoft Copilot Aims to Help U.K. Firms Navigate Cloud,NOT_RELEVANT,Unrelated candidate
20240417104500-317,20240417104500,finanznachrichten.de,https://www.finanznachrichten.de/nachrichten-2024-04/61970067-proximus-revamps-customer-service-operations-platform-in-collaboration-with-infosys-008.htm,Proximus Revamps Customer Service Operations Platform in Collaboration with Infosys,DIRECTLY_RELEVANT,"Infosys Q4 FY24 earnings, revenue, InSemi acquisition, contracts, hiring, or share price performance."
20240417104500-436,20240417104500,prnewswire.com,https://www.prnewswire.com/news-releases/proximus-revamps-customer-service-operations-platform-in-collaboration-with-infosys-302119338.html,Proximus Revamps Customer Service Operations Platform in Collaboration with Infosys,DIRECTLY_RELEVANT,"Infosys Q4 FY24 earnings, revenue, InSemi acquisition, contracts, hiring, or share price performance."
20240417104500-1720,20240417104500,prnewswire.com,https://www.prnewswire.com/news-releases/proximus-revamps-customer-service-operations-platform-in-collaboration-with-infosys-302119340.html,Proximus Revamps Customer Service Operations Platform in Collaboration with Infosys,DIRECTLY_RELEVANT,"Infosys Q4 FY24 earnings, revenue, InSemi acquisition, contracts, hiring, or share price performance."
20240417104500-1031,20240417104500,indiatimes.com,https://economictimes.indiatimes.com/markets/stocks/earnings/infosys-q4-results-preview-weak-discretionary-spending-to-weigh-on-sales-fy25-guidance-seen-conservative/articleshow/109371218.cms,"Infosys Q4 Results Preview: Weak discretionary spending to weigh on sales, FY25 guidance seen conservative",DIRECTLY_RELEVANT,"Infosys Q4 FY24 earnings, revenue, InSemi acquisition, contracts, hiring, or share price performance."
20240417104500-879,20240417104500,hindustantimes.com,https://www.hindustantimes.com/business/infosys-q4-results-announcement-soon-revenues-to-margins-here-is-what-to-expect-101713348022385.html,"Infosys Q4 results announcement soon; revenues to margins, here is what to expect",DIRECTLY_RELEVANT,"Infosys Q4 FY24 earnings, revenue, InSemi acquisition, contracts, hiring, or share price performance."
20240417110000-167,20240417110000,rediff.com,https://www.rediff.com/business/report/analysts-bearish-on-wipro-after-delaportes-exit-see-up-to-15-downside/20240417.htm,"Analysts bearish on Wipro after Delaporte's exit, see up to 15% downside",NOT_RELEVANT,Unrelated candidate
20240417110000-1217,20240417110000,yourstory.com,https://social.yourstory.com:443/2024/04/allen-digital-ai-personalise-learning-test-prep-edtech,Advantage AI: How ALLEN is personalising test prep and enhancing learning outcomes for each student,NOT_RELEVANT,Unrelated candidate
20240417113000-T29,20240417113000,oneindia.com,https://hindi.oneindia.com/news/international/hcl-infosys-tcs-cognizant-how-much-do-ceos-of-indias-leading-it-companies-earn-914497.html,"HCL, Infosys, TCS, Cognizant.. भारत की दिग्गज IT कंपनियों के CEO कितना कमाते हैं?",DIRECTLY_RELEVANT,"Infosys Q4 FY24 earnings, revenue, InSemi acquisition, contracts, hiring, or share price performance."
20240417113000-T20,20240417113000,pressnote.in,https://www.pressnote.in/Business_News_495066.html,सेंसेक्स 456 अंक और लुढ़का Business_News :: pressnote.in,NOT_RELEVANT,Unrelated candidate
20240417113000-1746,20240417113000,moneycontrol.com,https://www.moneycontrol.com/education/60-students-got-financial-aid-from-ashoka-university-sanjeev-bikhchandani-counters-mohandas-pais-expensive-remark-article-12659211.html,'60% students got financial aid from Ashoka University': Sanjeev Bikhchandani counters Mohandas Pai's 'expensive' remark,NOT_RELEVANT,Unrelated candidate
20240417114500-150,20240417114500,yourstory.com,https://yourstory.com:443/2024/04/allen-digital-ai-personalise-learning-test-prep-edtech,Advantage AI: How ALLEN is personalising test prep and enhancing learning outcomes for each student,NOT_RELEVANT,Unrelated candidate
20240417120000-1334,20240417120000,europapress.es,https://www.europapress.es/comunicados/internacional-00907/noticia-comunicado-proximus-revamps-customer-service-operations-platform-in-collaboration-with-infosys-20240417122044.html,Proximus Revamps Customer Service Operations Platform in Collaboration with Infosys,DIRECTLY_RELEVANT,"Infosys Q4 FY24 earnings, revenue, InSemi acquisition, contracts, hiring, or share price performance."
20240417120000-600,20240417120000,news18.com,https://www.news18.com/business/infosys-q4-preview-revenue-ebit-margins-to-be-muted-amid-demand-wage-hike-8854746.html,"Infosys Q4 Preview: Revenue, EBIT Margins To Be Muted Amid Weak Demand, Wage Hike",DIRECTLY_RELEVANT,"Infosys Q4 FY24 earnings, revenue, InSemi acquisition, contracts, hiring, or share price performance."
20240417120000-293,20240417120000,thehindubusinessline.com,https://www.thehindubusinessline.com/news/real-estate/quess-corp-chairman-buys-property-in-bengaluru-for-675-crore/article68075633.ece,Quess Corp chairman buys property in Bengaluru for ₹67.5 crore,NOT_RELEVANT,Unrelated candidate
20240417121500-1294,20240417121500,tmcnet.com,https://www.tmcnet.com/usubmit/2024/04/17/9995663.htm,Proximus Revamps Customer Service Operations Platform in Collaboration with Infosys,DIRECTLY_RELEVANT,"Infosys Q4 FY24 earnings, revenue, InSemi acquisition, contracts, hiring, or share price performance."
20240417121500-T1869,20240417121500,nobat.com,https://www.nobat.com/news7096-nd-3a2f0094313238313539.html,નિફ્ટી ફયુચર ૨૨૦૦૮ પોઈન્ટ મહત્ત્વની સપાટી...!!!,NOT_RELEVANT,Unrelated candidate
20240417124500-1642,20240417124500,thehindubusinessline.com,https://www.thehindubusinessline.com/markets/stock-markets/infosys-announces-collaboration-with-proximus/article68075477.ece,Infosys announces collaboration with Proximus - The Hindu BusinessLine,DIRECTLY_RELEVANT,"Infosys Q4 FY24 earnings, revenue, InSemi acquisition, contracts, hiring, or share price performance."
20240417144500-0,20240417144500,indiatimes.com,https://economictimes.indiatimes.com/markets/stocks/news/ahead-of-market-10-things-that-will-decide-d-street-action-on-thursday/articleshow/109377761.cms,Ahead of Market: 10 things that will decide D-Street action on Thursday,NOT_RELEVANT,Unrelated candidate
20240417160000-1842,20240417160000,indiatimes.com,https://economictimes.indiatimes.com/industry/cons-products/electronics/what-are-gpus-why-is-india-scrambling-for-them/articleshow/109379596.cms,What are GPUs? Why is India scrambling for them?,NOT_RELEVANT,Unrelated candidate
20240417161500-300,20240417161500,theenterpriseleader.com,https://theenterpriseleader.com/2024/04/17/genesis-investment-management-llp-cuts-stake-in-infosys-limited-nyseinfy.html,Genesis Investment Management LLP Cuts Stake in Infosys Limited (NYSE:INFY),DIRECTLY_RELEVANT,"Infosys Q4 FY24 earnings, revenue, InSemi acquisition, contracts, hiring, or share price performance."
20240417161500-181,20240417161500,zazoom.it,https://www.zazoom.it/2024-04-17/proximus-revamps-customer-service-operations-platform-in-collaboration-with-infosys/14610237/,Proximus Revamps Customer Service Operations Platform in Collaboration with Infosys,DIRECTLY_RELEVANT,"Infosys Q4 FY24 earnings, revenue, InSemi acquisition, contracts, hiring, or share price performance."
20240417164500-35,20240417164500,indiatimes.com,https://economictimes.indiatimes.com/magazines/panache/abhradeep-saha-aka-angry-rantmans-last-instagram-post-slammed-narayan-murthy-for-a-70-hr-week-work-schedule/articleshow/109380477.cms,Abhradeep Saha aka 'Angry Rantman's last Instagram post slammed Narayan Murthy for a 70-hr-week work schedule,NOT_RELEVANT,Unrelated candidate
20240417170000-2298,20240417170000,thehindubusinessline.com,https://www.thehindubusinessline.com/info-tech/infosys-announces-collaboration-with-proximus/article68075477.ece,Infosys announces collaboration with Proximus - The Hindu BusinessLine,DIRECTLY_RELEVANT,"Infosys Q4 FY24 earnings, revenue, InSemi acquisition, contracts, hiring, or share price performance."
20240417170000-1837,20240417170000,marketscreener.com,https://www.marketscreener.com/quote/stock/INFORMATION-SERVICES-GROU-879237/news/Firms-Adapt-Procurement-Strategies-to-Changing-Conditions-46458891/,Firms Adapt Procurement Strategies to Changing Conditions,NOT_RELEVANT,Unrelated candidate
20240417170000-2389,20240417170000,thehindubusinessline.com,https://www.thehindubusinessline.com/companies/infosys-expected-to-record-degrowth-in-q4/article68076229.ece,Infosys Q4 revenue seen lower as IT spend slows - The Hindu BusinessLine,DIRECTLY_RELEVANT,"Infosys Q4 FY24 earnings, revenue, InSemi acquisition, contracts, hiring, or share price performance."
20240417173000-45,20240417173000,moneycontrol.com,https://www.moneycontrol.com/news/business/markets/trade-setup-for-thursday-15-things-to-know-before-opening-bell-28-12661871.html,Trade setup for Thursday: 15 things to know before opening bell,NOT_RELEVANT,Unrelated candidate
20240417180000-477,20240417180000,streetinsider.com,"https://www.streetinsider.com/Globe+Newswire/ASAPP+Unveils+GenerativeAgent%E2%84%A2,+A+Generative+AI+Application+Capable+of+Fully+Automating+Contact+Center+Interactions/23078957.html","ASAPP Unveils GenerativeAgent™, A Generative AI Application Capable of Fully Automating Contact Center Interactions",NOT_RELEVANT,Unrelated candidate
20240417184500-T207,20240417184500,gazetaolsztynska.pl,"https://gazetaolsztynska.pl/1041584,Gdzie-w-Polsce-najbardziej-tna-etaty-LISTA-FIRM.html",Gdzie w Polsce najbardziej tną etaty? [LISTA FIRM],NOT_RELEVANT,Unrelated candidate
20240417194500-T766,20240417194500,moneycontrol.com,https://hindi.moneycontrol.com/news/company/company-results/important-things-to-watch-out-in-infosys-q4-results-1895339.html,"Infosys आज जारी करेगी चौथी तिमाही के नतीजे, अगर आपके पास भी कंपनी के शेयर हैं तो इन बातों पर रखें नजर",DIRECTLY_RELEVANT,"Infosys Q4 FY24 earnings, revenue, InSemi acquisition, contracts, hiring, or share price performance."
20240417200000-1207,20240417200000,tmcnet.com,https://www.tmcnet.com/usubmit/2024/04/17/9996236.htm,"ASAPP Unveils GenerativeAgent™, A Generative AI Application Capable of Fully Automating Contact Center Interactions",NOT_RELEVANT,Unrelated candidate
20240417203000-661,20240417203000,warsawvoice.pl,https://www.warsawvoice.pl/WVpage/pages/article.php/59822/news,The Warsaw Voice,NOT_RELEVANT,Unrelated candidate
20240417210000-720,20240417210000,financialexpress.com,https://www.financialexpress.com/business/industry-weak-discretionary-spends-to-weigh-on-infosys-sales-in-q4-margin-seen-up-3460306/,Weak discretionary spends to weigh on Infosys sales in Q4; margin seen up,DIRECTLY_RELEVANT,"Infosys Q4 FY24 earnings, revenue, InSemi acquisition, contracts, hiring, or share price performance."
20240418004500-472,20240418004500,chiangraitimes.com,https://www.chiangraitimes.com/business/results-for-infosys-q4-be-announced/,Results For Infosys Q4 Will Be Announced Soon; Here Is What To Expect.,DIRECTLY_RELEVANT,"Infosys Q4 FY24 earnings, revenue, InSemi acquisition, contracts, hiring, or share price performance."
20240418010000-267,20240418010000,indiatimes.com,https://economictimes.indiatimes.com/markets/stocks/news/stocks-in-news-infosys-bajaj-auto-hdfc-life-tata-communications-angel-one/articleshow/109381392.cms,"Stocks in news: Stocks in news: Infosys, Bajaj Auto, HDFC Life, Tata Communications, Angel One",DIRECTLY_RELEVANT,"Infosys Q4 FY24 earnings, revenue, InSemi acquisition, contracts, hiring, or share price performance."
20240418010000-T15,20240418010000,livehindustan.com,https://www.livehindustan.com/business/who-is-the-highest-paid-ceo-in-indian-it-sector-201713398345678.html,Who is the highest paid ceo in indian it sector कौन है आईटी सेक्टर में सबसे अधिक सैलरी पाने वाला सीईओ?,NOT_RELEVANT,Unrelated candidate
20240418013000-632,20240418013000,marketscreener.com,https://www.marketscreener.com/quote/stock/INFORMATION-SERVICES-GROU-879237/news/Microsoft-Cloud-Growth-Speeds-Up-in-Singapore-Malaysia-46462321/,"Microsoft Cloud Growth Speeds Up in Singapore, Malaysia",NOT_RELEVANT,Unrelated candidate
20240418014500-1374,20240418014500,lelezard.com,https://www.lelezard.com/en/news-21339734.html,"Microsoft Cloud Growth Speeds Up in Singapore, Malaysia",NOT_RELEVANT,Unrelated candidate
20240418014500-376,20240418014500,thehindubusinessline.com,https://www.thehindubusinessline.com/markets/share-market-nifty-sensex-live-updates-18-april-2024/article68075657.ece,Stock Market Live Updates 18 April 2024: Tokyo shares open lower after US chip shares fall,NOT_RELEVANT,Unrelated candidate
20240418014500-999,20240418014500,thehindubusinessline.com,https://www.thehindubusinessline.com/portfolio/day-trading-guide/day-trading-guide-april-18-2024/article68075423.ece,"Day trading guide for April 18, 2024: Intraday supports, resistances for Nifty50 stocks",NOT_RELEVANT,Unrelated candidate
20240418023000-303,20240418023000,telegraphindia.com,https://www.telegraphindia.com/india/job-placement-gloom-spreads-across-colleges-students-worried-about-future-after-getting-no-offers/cid/2013999,"Placements | Job placement gloom spreads across colleges, students worried about future after getting no offers",NOT_RELEVANT,Unrelated candidate
20240418023000-608,20240418023000,telegraphindia.com,https://www.telegraphindia.com/feeds/india/job-placement-gloom-spreads-across-colleges-students-worried-about-future-after-getting-no-offers/cid/2013999,"Placements | Job placement gloom spreads across colleges, students worried about future after getting no offers",NOT_RELEVANT,Unrelated candidate
20240418023000-581,20240418023000,livemint.com,https://www.livemint.com/companies/company-results/q4-results-today-infosys-bajaj-auto-hdfc-life-icici-securities-among-19-companies-to-post-q4-earnings-on-april-18-11713355330858.html,"Q4 Results Today: Infosys, Bajaj Auto, HDFC Life, ICICI Securities among 19 companies to post Q4 earnings on April 18",DIRECTLY_RELEVANT,"Infosys Q4 FY24 earnings, revenue, InSemi acquisition, contracts, hiring, or share price performance."
20240418023000-T1098,20240418023000,indiatimes.com,https://navbharattimes.indiatimes.com/business/share-market/share-news/stock-market-prediction-amid-tension-in-middle-east-these-stocks-including-ingersoll-rand-showing-bullish-signs/articleshow/109381713.cms,"Stock Market Prediction Amid tension in Middle East these stocks including Ingersoll-Rand showing bullish signs: मिडिल ईस्‍ट में तनाव के बीच आज Ingersoll-Rand समेत चमकेंगे ये शेयर, तेजी के संकेत",NOT_RELEVANT,Unrelated candidate
20240418024500-323,20240418024500,hindustantimes.com,https://www.hindustantimes.com/business/q4-results-today-infosys-bajaj-auto-hdfc-life-icici-securities-among-companies-to-post-earnings-101713406465568.html,"Q4 results today: Infosys, Bajaj Auto, HDFC Life, ICICI Securities among companies to post earnings",DIRECTLY_RELEVANT,"Infosys Q4 FY24 earnings, revenue, InSemi acquisition, contracts, hiring, or share price performance."
20240418024500-1032,20240418024500,moneycontrol.com,https://www.moneycontrol.com/news/business/markets/stock-market-today-top-10-things-to-know-before-the-market-opens-273-12655681.html,Stock Market Today: Top 10 things to know before the market opens,NOT_RELEVANT,Unrelated candidate
20240418031500-322,20240418031500,indiatimes.com,https://timesofindia.indiatimes.com/city/bhubaneswar/koraput-villagers-demand-booth-shift/articleshow/109386228.cms,Villagers: Koraput Villagers Demand Booth Shift | Bhubaneswar News,NOT_RELEVANT,Unrelated candidate
20240418031500-1438,20240418031500,marketscreener.com,https://www.marketscreener.com/news/latest/Indian-shares-set-for-muted-open-as-worries-about-US-rate-Middle-East-linger-46462489/,"Indian shares set for muted open as worries about US rate, Middle East linger",NOT_RELEVANT,Unrelated candidate
20240418031500-88,20240418031500,financialexpress.com,https://www.financialexpress.com/market/stocks-to-watch-ambuja-cements-paytm-vodafone-idea-infosys-vedanta-3460401/,"Stocks To Watch: Ambuja Cements, Paytm, Vodafone Idea, Infosys, Vedanta",DIRECTLY_RELEVANT,"Infosys Q4 FY24 earnings, revenue, InSemi acquisition, contracts, hiring, or share price performance."
20240418033000-17,20240418033000,yourstory.com,https://her.yourstory.com:443/2022/03/rural-commerce-startup-vilcart-eyeing-1250-crore-in-revenue-business-outlook,"Rural commerce startup VilCart says eyeing Rs 1,250 Cr in turnover next FY",NOT_RELEVANT,Unrelated candidate
20240418034500-283,20240418034500,wn.com,https://article.wn.com/view/2024/04/18/Q4_results_today_Infosys_Bajaj_Auto_HDFC_Life_ICICI_Securiti_k/,"Q4 results today: Infosys, Bajaj Auto, HDFC Life, ICICI Securities among companies to post earnings",DIRECTLY_RELEVANT,"Infosys Q4 FY24 earnings, revenue, InSemi acquisition, contracts, hiring, or share price performance."
20240418043000-677,20240418043000,livemint.com,https://www.livemint.com/market/stock-market-news/before-market-opens-9-essential-things-to-know-at-9-am-on-april-18-2024-11713407988787.html,"Before Market Opens: 9 essential things to know at 9 am on April 18, 2024",NOT_RELEVANT,Unrelated candidate
20240418043000-T1312,20240418043000,moneycontrol.com,https://hindi.moneycontrol.com/news/markets/buzzing-stocks-in-news-from-infosys-to-paytm-and-vodafone-idea-these-10-shares-are-making-headlines-today-1895395.html,"Buzzing Stocks: पेटीएम से लेकर वोडाफोन आइडिया तक, आज इन 10 शेयरों पर निवेशक रखें नजर",NOT_RELEVANT,Unrelated candidate
20240418044500-651,20240418044500,indiatimes.com,https://economictimes.indiatimes.com/markets/stocks/live-blog/bse-sensex-today-live-nifty-stock-market-updates-18-april-2024/liveblog/109386995.cms,"Sensex Today | Stock Market LIVE Updates: Sensex off day's high, trades flat, Nifty above 22,150; FMCG, healthcare sectors under pressure",NOT_RELEVANT,Unrelated candidate
20240418044500-226,20240418044500,indiatimes.com,https://timesofindia.indiatimes.com/business/india-business/stock-market-today-bse-sensex-nifty50-april-18-2024-dalal-street-indian-equities-global-middle-east-iran-israel-us-federal-reserve-rate-cut-top-reasons/articleshow/109388805.cms,"Stock market today: BSE Sensex surges over 300 points to move above 73,000; Nifty50 above 22,250",NOT_RELEVANT,Unrelated candidate
20240418044500-330,20240418044500,indiatimes.com,https://economictimes.indiatimes.com/markets/stocks/news/ril-banks-drive-sensex-300-points-higher-nifty-above-22250-infy-in-focus/articleshow/109389310.cms,"sensex news: RIL, banks drive Sensex 300 points higher, Nifty above 22,250; Infy in focus",DIRECTLY_RELEVANT,"Infosys Q4 FY24 earnings, revenue, InSemi acquisition, contracts, hiring, or share price performance."
20240418044500-701,20240418044500,hindustantimes.com,https://www.hindustantimes.com/business/infosys-to-share-q4-earnings-today-check-results-timing-details-and-preview-here-101713410537109.html,"Infosys to share Q4 earnings today: Check results timing, details and preview here",DIRECTLY_RELEVANT,"Infosys Q4 FY24 earnings, revenue, InSemi acquisition, contracts, hiring, or share price performance."
20240418044500-313,20240418044500,moneycontrol.com,https://www.moneycontrol.com/news/business/markets/heavyweights-pull-sensex-nifty-out-of-3-day-weakness-but-analysts-see-uncertainty-ahead-12663981.html,"Heavyweights pull Sensex, Nifty out of 3-day weakness, but analysts see uncertainty ahead",NOT_RELEVANT,Unrelated candidate
20240418044500-T1003,20240418044500,lokmat.com,https://www.lokmat.com/business/stock-market/opening-bell-sensex-nifty-up-after-two-day-decline-eicher-motors-booms-titan-slumps-a-a720/,"Opening Bell: दोन दिवसांच्या घसरणीनंतर सेन्सेक्स-निफ्टीत तेजी; आयशर मोटर्समध्ये तेजी, टायटन घसरला",NOT_RELEVANT,Unrelated candidate
20240418050000-309,20240418050000,thehindubusinessline.com,https://www.thehindubusinessline.com/markets/sensex-nifty-likely-to-open-lower-on-weak-global-cues/article68078382.ece,"Sensex, Nifty likely to open lower on weak global cues - The Hindu BusinessLine",NOT_RELEVANT,Unrelated candidate
20240418050000-239,20240418050000,businesstoday.in,https://www.businesstoday.in/markets/company-stock/story/infosys-q4-results-today-5-things-to-watch-425892-2024-04-18,Infosys Q4 results today: 5 things to watch,DIRECTLY_RELEVANT,"Infosys Q4 FY24 earnings, revenue, InSemi acquisition, contracts, hiring, or share price performance."
20240418050000-855,20240418050000,rttnews.com,https://www.rttnews.com/3439688/sensex-nifty-see-modest-gains-in-early-trade.aspx,"Sensex, Nifty See Modest Gains In Early Trade",NOT_RELEVANT,Unrelated candidate
20240418051500-124,20240418051500,freepressjournal.in,https://www.freepressjournal.in/business/markets-emerges-from-red-sea-indices-bounce-back-open-in-green,"Markets Emerges From Red Sea: Indices Bounce Back, Open In Green",NOT_RELEVANT,Unrelated candidate
20240418053000-488,20240418053000,indiainfoline.com,https://www.indiainfoline.com/news/markets/top-10-stocks-for-today-18th-april-2024,Top 10 stocks for today – 18th April 2024,NOT_RELEVANT,Unrelated candidate
20240418053000-303,20240418053000,indiainfoline.com,https://www.indiainfoline.com/news/markets/indian-benchmark-indices-may-see-a-flat-morning,Indian benchmark indices may see a flat morning,NOT_RELEVANT,Unrelated candidate
20240418061500-1099,20240418061500,indiatimes.com,https://economictimes.indiatimes.com/markets/expert-view/if-you-have-to-go-for-it-at-all-tcs-a-better-bet-hemang-jani/articleshow/109391857.cms,"TCS | TCS share price: If you have to go for IT at all, TCS a better bet: Hemang Jani",NOT_RELEVANT,Unrelated candidate
20240418061500-1194,20240418061500,indiatimes.com,https://economictimes.indiatimes.com/markets/stocks/news/infosys-shares-up-1-ahead-of-q4-results-announcement-later-today/articleshow/109391832.cms,infosys q4 earnings: Infosys shares up 1% ahead of Q4 results announcement later today,DIRECTLY_RELEVANT,"Infosys Q4 FY24 earnings, revenue, InSemi acquisition, contracts, hiring, or share price performance."
20240418063000-1176,20240418063000,indiatimes.com,https://economictimes.indiatimes.com/markets/stocks/earnings/q4-results-today-infosys-bajaj-auto-among-19-companies-on-watchlist/articleshow/109388088.cms,"Q4 Results Today: Infosys, Bajaj Auto among 19 companies on watchlist",DIRECTLY_RELEVANT,"Infosys Q4 FY24 earnings, revenue, InSemi acquisition, contracts, hiring, or share price performance."
20240418063000-1243,20240418063000,indiatimes.com,https://economictimes.indiatimes.com/markets/stocks/live-blog/infosys-q4-results-live-updates-infosys-q4-earnings-profit-loss-revenue-fy24-news-updates-18-april-2024/liveblog/109389930.cms,Infosys Q4 Results Live Updates: Another tough quarter likely; stock trades marginally higher ahead of results,DIRECTLY_RELEVANT,"Infosys Q4 FY24 earnings, revenue, InSemi acquisition, contracts, hiring, or share price performance."
20240418063000-616,20240418063000,news18.com,https://www.news18.com/business/stocks-to-watch-infosys-paytm-voda-idea-bajaj-auto-zee-ambuja-cements-and-others-8856442.html,"Stocks to Watch: Infosys, Paytm, Voda Idea, Bajaj Auto, Zee, Ambuja Cements, and Others",DIRECTLY_RELEVANT,"Infosys Q4 FY24 earnings, revenue, InSemi acquisition, contracts, hiring, or share price performance."
20240418063000-1274,20240418063000,news18.com,https://www.news18.com/business/infosys-q4-results-check-earnings-timing-today-what-is-expected-8856631.html,"Infosys Q4 Results: Check Earnings Timing Today, What Is Expected?",DIRECTLY_RELEVANT,"Infosys Q4 FY24 earnings, revenue, InSemi acquisition, contracts, hiring, or share price performance."
20240418064500-T2886,20240418064500,prabhatkhabar.com,https://www.prabhatkhabar.com/business/infosys-q4-result-share-price-timing-details-expert-advice-mdn,Infosys Q4 Result: आज आएगा इंफोसिस के चौथे तिमाही का नतीजा,DIRECTLY_RELEVANT,"Infosys Q4 FY24 earnings, revenue, InSemi acquisition, contracts, hiring, or share price performance."
20240418064500-1159,20240418064500,rediff.com,https://www.rediff.com/business/report/why-4500-indian-it-leaders-moved-on/20240418.htm,"Why 4,500 Indian IT Leaders Moved On",NOT_RELEVANT,Unrelated candidate
20240418064500-503,20240418064500,financialexpress.com,https://www.financialexpress.com/market/vodafone-ideas-rs-18000-crore-fpo-kicks-off-today-here-is-all-you-need-to-know-3460475/,"Vodafone Idea's Rs 18,000 crore FPO kicks off today: Here is all you need to know - Market News",NOT_RELEVANT,Unrelated candidate
20240418064500-159,20240418064500,financialexpress.com,https://www.financialexpress.com/market/gold-in-focus-on-feds-hawkish-comments-and-geopolitical-tension-read-to-know-more-3460647/,Gold in focus on Fed's hawkish comments and geopolitical tension; Read to know more - Market News,NOT_RELEVANT,Unrelated candidate
20240418064500-365,20240418064500,financialexpress.com,https://www.financialexpress.com/market/just-dial-shares-surge-over-10-on-strong-q4-profit-3460614/,Just Dial shares surge over 10% on strong Q4 profit,NOT_RELEVANT,Unrelated candidate
20240418064500-1012,20240418064500,newstatesman.com,https://www.newstatesman.com/culture/books/book-of-the-day/2024/04/how-america-bought-up-britain-vassal-state-review,How America bought up Britain,NOT_RELEVANT,Unrelated candidate
20240418064500-38,20240418064500,moneycontrol.com,https://www.moneycontrol.com/news/business/stocks/f-heavy-call-writing-at-22400-22500-12664821.html,"F&O Manual | Nifty to see dead cat bounce; heavy call writing at 22,400-22,500",NOT_RELEVANT,Unrelated candidate
20240418070000-4,20240418070000,rttnews.com,https://www.rttnews.com/story.aspx?Id=3439688,"Sensex, Nifty See Modest Gains In Early Trade",NOT_RELEVANT,Unrelated candidate
20240418071500-354,20240418071500,businessinsider.com,https://markets.businessinsider.com/news/stocks/sensex-nifty-see-modest-gains-in-early-trade-1033260075,"Sensex, Nifty See Modest Gains In Early Trade",NOT_RELEVANT,Unrelated candidate
20240418074500-1613,20240418074500,openpr.com,https://www.openpr.com/news/3467945/artsum-in-unveils-its-digital-library-that-has-been-made,Artsum.in Unveils its Digital Library that has been made,NOT_RELEVANT,Unrelated candidate
20240418080000-195,20240418080000,moneycontrol.com,https://www.moneycontrol.com/news/business/earnings/infosys-q4-earnings-bajaj-auto-results-live-updates-liveblog-12666121.html,"Earnings Q4 LIVE updates: Infosys, Bajaj Auto to declare quarterly results today",DIRECTLY_RELEVANT,"Infosys Q4 FY24 earnings, revenue, InSemi acquisition, contracts, hiring, or share price performance."
20240418081500-199,20240418081500,siliconindia.com,https://www.siliconindia.com/news/general/stocks-to-monitor-ambuja-cements-bajaj-auto-infosys-tata-comms-angel-one-nid-229044-cid-1.html,"Stocks to Monitor: Ambuja Cements, Bajaj Auto, Infosys, Tata Comms., Angel One",DIRECTLY_RELEVANT,"Infosys Q4 FY24 earnings, revenue, InSemi acquisition, contracts, hiring, or share price performance."
20240418081500-257,20240418081500,moneycontrol.com,https://www.moneycontrol.com/news/trends/bengaluru-businessman-buys-the-most-expensive-property-on-billionaire-street-its-priced-at-12666221.html,Bengaluru businessman buys the most expensive property on 'billionaire street'. It's priced at...,NOT_RELEVANT,Unrelated candidate
20240418081500-T308,20240418081500,pudhari.news,https://pudhari.news/national/775814/stock-market-updates-sensex-and-nifty-trade-higher/ar,"Stock Market Updates | सलग ३ सत्रांतील घसरणीनंतर सेन्सेक्स, निफ्टी तेजीत",NOT_RELEVANT,Unrelated candidate
20240418083000-345,20240418083000,finanznachrichten.de,https://www.finanznachrichten.de/nachrichten-2024-04/61980073-information-services-group-inc-looming-deadline-for-sap-ecc-prompts-nordic-firms-to-rise-004.htm,"Information Services Group, Inc.: Looming Deadline for SAP ECC Prompts Nordic Firms to RISE",NOT_RELEVANT,Unrelated candidate
20240418083000-372,20240418083000,marketscreener.com,https://www.marketscreener.com/quote/stock/INFORMATION-SERVICES-GROU-879237/news/Looming-Deadline-for-SAP-ECC-Prompts-Nordic-Firms-to-RISE-46465655/,Looming Deadline for SAP ECC Prompts Nordic Firms to RISE,NOT_RELEVANT,Unrelated candidate
20240418084500-218,20240418084500,lelezard.com,https://www.lelezard.com/en/news-21339854.html,Looming Deadline for SAP ECC Prompts Nordic Firms to RISE,NOT_RELEVANT,Unrelated candidate
20240418084500-185,20240418084500,financialexpress.com,https://www.financialexpress.com/market/angle-one-shares-shoot-up-8-after-net-profit-jumps-over-30-qoq-3460736/,Angle One shares shoot up 8% after net profit jumps over 30% QoQ,NOT_RELEVANT,Unrelated candidate
20240418090000-550,20240418090000,streetinsider.com,https://www.streetinsider.com/Business+Wire/Looming+Deadline+for+SAP+ECC+Prompts+Nordic+Firms+to+RISE/23081675.html,Looming Deadline for SAP ECC Prompts Nordic Firms to RISE,NOT_RELEVANT,Unrelated candidate
20240418090000-1124,20240418090000,streetinsider.com,https://www.streetinsider.com/Newsfile/QuickHR+Honours+Women+Leaders+with+the+Annual+Woman+of+Excellence+Award/23081703.html,QuickHR Honours Women Leaders with the Annual Woman of Excellence Award,NOT_RELEVANT,Unrelated candidate
20240418091500-288,20240418091500,finanznachrichten.de,https://www.finanznachrichten.de/nachrichten-2024-04/61980661-plentisoft-quickhr-honours-women-leaders-with-the-annual-woman-of-excellence-award-296.htm,Plentisoft: QuickHR Honours Women Leaders with the Annual Woman of Excellence Award,NOT_RELEVANT,Unrelated candidate
20240418091500-404,20240418091500,hindustantimes.com,https://www.hindustantimes.com/business/infosys-q4-results-live-narayana-murthy-profit-revenue-growth-share-price-latest-updates-today-18-april-2024-101713427168883.html,Infosys Q4 Results Live: Infosys to declare quarterly earnings today,DIRECTLY_RELEVANT,"Infosys Q4 FY24 earnings, revenue, InSemi acquisition, contracts, hiring, or share price performance."
20240418093000-695,20240418093000,justdial.com,https://www.justdial.com/JdSocial/news/Business-generic/Infosys-Q4-Results-Live-Updates-Revenue-expected-to-fall-on-weak-discretionary-spending-margin-to-remain-flat-QoQ/1713416715281424,"Infosys Q4 Results Live Updates: Revenue expected to fall on weak discretionary spending, margin to remain flat QoQ",DIRECTLY_RELEVANT,"Infosys Q4 FY24 earnings, revenue, InSemi acquisition, contracts, hiring, or share price performance."
20240418094500-129,20240418094500,financialexpress.com,https://www.financialexpress.com/market/nestle-india-shares-fall-over-5-on-reports-of-company-adding-sugar-in-infant-products-read-to-know-more-3460873/,Nestle India shares fall over 5% on reports of company adding sugar in infant products; Read to know more,NOT_RELEVANT,Unrelated candidate
20240418094500-1409,20240418094500,financialexpress.com,https://www.financialexpress.com/market/vedanta-shares-jump-over-4-on-expectation-of-50-jump-in-operating-profit-in-two-years-read-to-know-more-3460780/,Vedanta shares jump over 4% on expectation of 50% jump in operating profit in two years; Read to know more,NOT_RELEVANT,Unrelated candidate
20240418094500-118,20240418094500,financialexpress.com,https://www.financialexpress.com/web-stories/lifestyle/know-everything-about-narayana-murthy/,Know everything about Narayana Murthy,NOT_RELEVANT,Narayana Murthy / Sudha Murty personal opinion piece / lifestyle story
20240418100000-T1917,20240418100000,andhrajyothy.com,https://www.andhrajyothy.com/2024/andhra-pradesh/elections/minister-botsa-satyanarayana-comment-about-amaravati-andhrapradesh-suchi-1241422.html,Bosta: పదివేల కోట్లతో విశాఖ మరింత అభివృద్ధి.. అదే అమరావతికి పెడితే ఏం వస్తుంది? | Minister Botsa Satyanarayana Comment about Amaravati Andhrapradesh Suchi,NOT_RELEVANT,Unrelated candidate
20240418100000-622,20240418100000,businessinsider.com,https://markets.businessinsider.com/news/stocks/quickhr-honours-women-leaders-with-the-annual-woman-of-excellence-award-1033261088,QuickHR Honours Women Leaders with the Annual Woman of Excellence Award,NOT_RELEVANT,Unrelated candidate
20240418101500-763,20240418101500,firstpost.com,https://www.firstpost.com/explainers/quicksplained-paid-leave-on-polling-day-lok-sabha-election-2024-13761012.html,Quicksplained: Should you get an off on polling day?,NOT_RELEVANT,Unrelated candidate
20240418103000-1266,20240418103000,indiatimes.com,https://timesofindia.indiatimes.com/business/india-business/bengalurus-costliest-ever-real-estate-deal-quess-corp-md-ajit-isaac-buys-plot-on-billionaire-street-for-rs-67-5-crore/articleshow/109400690.cms,Bengaluru's 'costliest ever' real estate deal? Quess Corp MD Ajit Isaac buys plot on 'Billionaire Street' for Rs 67.5 crore | India Business News,NOT_RELEVANT,Unrelated candidate
20240418104500-603,20240418104500,livemint.com,https://www.livemint.com/opinion/online-views/ges-crotonville-sale-signals-sunset-of-traditional-corporate-campuses-11713424239436.html,GE's Crotonville sale signals sunset of traditional corporate campuses,NOT_RELEVANT,Unrelated candidate
20240418104500-505,20240418104500,livemint.com,https://www.livemint.com/market/stock-market-news/stock-market-today-sensex-nifty-fall-for-4th-consecutive-session-11713434120238.html,"Stock market today: Sensex, Nifty fall for 4th consecutive session; investors lose nearly ₹9 lakh crore in 4 days",NOT_RELEVANT,Unrelated candidate
20240418110000-T1676,20240418110000,pudhari.news,https://pudhari.news/national/775983/sensex-closed-454-points-lower-nifty-below-22000/ar,"Stock Market Closing Bell | बाजारात घसरण कायम, सेन्सेक्स ४५४ अंकांनी घसरला, Nestle ला फटका",NOT_RELEVANT,Unrelated candidate
20240418113000-1871,20240418113000,indiatimes.com,https://economictimes.indiatimes.com/markets/stocks/stock-watch/stock-market-update-power-stocks-up-as-market-falls/articleshow/109403194.cms,Stock Market Sectors: Stock market update: Power stocks up as market falls,NOT_RELEVANT,Unrelated candidate
20240418113000-1279,20240418113000,indiatimes.com,https://economictimes.indiatimes.com/markets/expert-view/is-it-time-to-take-small-bets-in-fmcg-stocks-should-you-buy-it-largecaps-on-10-15-correction/articleshow/109402958.cms,sandip sabharwal stocks: Is it time to take small bets in FMCG stocks? Should you buy IT largecaps on 10-15% correction?,NOT_RELEVANT,Unrelated candidate
20240418113000-2103,20240418113000,hindustantimes.com,https://www.hindustantimes.com/business/sensex-nifty-close-in-red-4th-day-in-a-row-investors-log-rs-9-lakh-crore-loss-in-stock-market-plunge-101713437773843.html,"Sensex, Nifty close in red 4th day in a row; investors log ₹9 lakh crore loss in stock market plunge",NOT_RELEVANT,Unrelated candidate
20240418113000-1191,20240418113000,indiatimes.com,https://economictimes.indiatimes.com/markets/stocks/stock-watch/stock-market-update-nifty-it-index-falls-0-23/articleshow/109402251.cms,Indices: Stock market update: Nifty IT index falls 0.23%,NOT_RELEVANT,Unrelated candidate
20240418113000-464,20240418113000,indiatimes.com,https://economictimes.indiatimes.com/markets/web-stories/infosys-not-tcs-has-highest-weightage-in-it-pack-heres-the-full-breakup/slideshow/109402944.cms,"Infosys, not TCS, has highest weightage in IT pack. Here's the full breakup",DIRECTLY_RELEVANT,"Infosys Q4 FY24 earnings, revenue, InSemi acquisition, contracts, hiring, or share price performance."
20240418114500-1681,20240418114500,indiatimes.com,https://economictimes.indiatimes.com/markets/stocks/stock-watch/stock-market-update-fertilisers-stocks-down-as-market-falls/articleshow/109403718.cms,Stock Market Sectors: Stock market update: Fertilisers stocks down as market falls,NOT_RELEVANT,Unrelated candidate
20240418114500-125,20240418114500,indiatimes.com,https://economictimes.indiatimes.com/markets/stocks/stock-watch/stock-market-update-mining-stocks-down-as-market-falls/articleshow/109403506.cms,Stock Market Sectors: Stock market update: Mining stocks down as market falls,NOT_RELEVANT,Unrelated candidate
20240418114500-T1806,20240418114500,gujaratsamachar.com,https://www.gujaratsamachar.com/news/business/stock-market-down-4th-consecutive-session-investors-lost-9-lakh-crores,"Stock Market Closing: સેન્સેક્સ વધ્યા મથાળેથી 984 પોઈન્ટ તૂટ્યો, નિફ્ટીએ 22000ની સપાટી ગુમાવી",NOT_RELEVANT,Unrelated candidate
20240418120000-772,20240418120000,bloomberg.com,https://www.bloomberg.com/news/articles/2024-04-18/infosys-sales-forecast-falls-short-as-clients-hold-off-spending,Infosys Sales Forecast Falls Short as Clients Hold Off Spending,DIRECTLY_RELEVANT,"Infosys Q4 FY24 earnings, revenue, InSemi acquisition, contracts, hiring, or share price performance."
20240418120000-1367,20240418120000,indiatimes.com,https://timesofindia.indiatimes.com/business/india-business/infosys-q4-results-fy24-earnings-report-profit-after-tax-revenue-guidance-attrition-growth-outlook-indian-it-top-highlights/articleshow/109400576.cms,"Infosys Q4 results: IT major reports 30% YoY growth in profit to Rs 7,969 crore; revenue falls short of expectations",DIRECTLY_RELEVANT,"Infosys Q4 FY24 earnings, revenue, InSemi acquisition, contracts, hiring, or share price performance."
20240418120000-1187,20240418120000,marketscreener.com,https://www.marketscreener.com/quote/stock/INFOSYS-LIMITED-9743342/news/India-s-Infosys-misses-fourth-quarter-revenue-estimates-46467558/,India's Infosys misses fourth-quarter revenue estimates,DIRECTLY_RELEVANT,"Infosys Q4 FY24 earnings, revenue, InSemi acquisition, contracts, hiring, or share price performance."
20240418120000-318,20240418120000,moneycontrol.com,https://www.moneycontrol.com/news/technology/infosys-q4-results-net-profit-at-rs-7969-crore-beats-estimates-12658781.html,"Infosys Q4 results: Net profit at Rs 7,969 crore, beats estimates; Rs 28 dividend declared",DIRECTLY_RELEVANT,"Infosys Q4 FY24 earnings, revenue, InSemi acquisition, contracts, hiring, or share price performance."
20240418120000-638,20240418120000,moneycontrol.com,https://www.moneycontrol.com/news/technology/infosys-revenue-grows-0-2-in-fy24-gives-revenue-guidance-of-1-3-for-fy25-12666111.html,Infosys revenue grows 0.2% in FY24; gives revenue guidance of 1-3% for FY25,DIRECTLY_RELEVANT,"Infosys Q4 FY24 earnings, revenue, InSemi acquisition, contracts, hiring, or share price performance."
20240418120000-394,20240418120000,rttnews.com,https://www.rttnews.com/story.aspx?Id=3439819,"Sensex, Nifty Extend Losses For Fourth Day",NOT_RELEVANT,Unrelated candidate
20240418120000-974,20240418120000,theweek.in,https://www.theweek.in/news/biz-tech/2024/04/markets-face-heavy-fluctuations-settle-lower-taking-downtrend-to-fourth-day.html,Markets face heavy fluctuations; settle lower taking downtrend to fourth day,NOT_RELEVANT,Unrelated candidate
20240418120000-1036,20240418120000,theweek.in,https://www.theweek.in/wire-updates/business/2024/04/18/del31-biz-stocks-close.html,Markets face heavy fluctuations settle lower taking downtrend to 4th day,NOT_RELEVANT,Unrelated candidate
20240418120000-690,20240418120000,moneycontrol.com,https://www.moneycontrol.com/news/technology/infosys-full-year-headcount-declines-for-the-first-time-in-23-years-net-addition-drops-by-25994-12666781.html,"Infosys' full-year headcount declines for the first time in 23 years, net addition drops by 25,994",DIRECTLY_RELEVANT,"Infosys Q4 FY24 earnings, revenue, InSemi acquisition, contracts, hiring, or share price performance."
20240418120000-1079,20240418120000,news18.com,https://www.news18.com/business/infosys-results-dividend-2024-record-date-8857044.html,Infosys Q4 Results 2024: IT Giant Announces Dividend Of Rs 20 Per Equity Share,DIRECTLY_RELEVANT,"Infosys Q4 FY24 earnings, revenue, InSemi acquisition, contracts, hiring, or share price performance."
20240418120000-167,20240418120000,theweek.in,https://www.theweek.in/wire-updates/business/2024/04/18/del40-newsalert-results-infosys.html,NEWSALERT - The Week,NOT_RELEVANT,Unrelated candidate
20240418121500-T565,20240418121500,zonebourse.com,https://www.zonebourse.com/cours/action/INFOSYS-LIMITED-9743342/actualite/Le-chiffre-d-affaires-du-quatrieme-trimestre-de-l-entreprise-indienne-Infosys-est-inferieur-aux-pr-46467558/,Le chiffre d'affaires du quatrième trimestre de l'entreprise indienne Infosys est inférieur aux prévisions,DIRECTLY_RELEVANT,"Infosys Q4 FY24 earnings, revenue, InSemi acquisition, contracts, hiring, or share price performance."
20240418121500-825,20240418121500,indiatimes.com,https://economictimes.indiatimes.com/markets/stocks/stock-watch/stock-market-update-fmcg-stocks-down-as-market-falls/articleshow/109404529.cms,Stock Market Sectors: Stock market update: FMCG stocks down as market falls,NOT_RELEVANT,Unrelated candidate
20240418121500-1662,20240418121500,hindustantimes.com,https://www.hindustantimes.com/business/q4-results-infosys-full-year-headcount-declines-for-the-first-time-in-23-years-heres-why-101713440971436.html,Q4 results: Infosys' full-year headcount declines for the first time in 23 years. Here's why,DIRECTLY_RELEVANT,"Infosys Q4 FY24 earnings, revenue, InSemi acquisition, contracts, hiring, or share price performance."
20240418121500-1264,20240418121500,marketscreener.com,https://www.marketscreener.com/quote/stock/INFOSYS-LIMITED-9743342/news/Infosys-to-Acquire-Leading-Engineering-R-D-services-provider-in-tech-46467829/,"Infosys : to Acquire Leading Engineering R&D services provider, in-tech",DIRECTLY_RELEVANT,"Infosys Q4 FY24 earnings, revenue, InSemi acquisition, contracts, hiring, or share price performance."
20240418121500-200,20240418121500,gqindia.com,https://www.gqindia.com/content/this-indian-billionaire-has-bought-the-most-expensive-property-on-bangalores-billionaire-street-for-rs-67-5-crore-check-out-the-details,This Indian billionaire has bought the most expensive property on Bangalore's Billionaire Street for Rs 67.5 Crore. Check out the details,NOT_RELEVANT,Unrelated candidate
20240418121500-6,20240418121500,streetinsider.com,https://www.streetinsider.com/Earnings/Infosys+Limited+(INFY)+Misses+Q4+Revenue/23082679.html,Infosys Limited (INFY) Misses Q4 Revenue,DIRECTLY_RELEVANT,"Infosys Q4 FY24 earnings, revenue, InSemi acquisition, contracts, hiring, or share price performance."
20240418121500-166,20240418121500,hindustantimes.com,https://www.hindustantimes.com/business/q4-results-infosys-announces-final-dividend-of-rs-20-special-dividend-of-rs-8-101713440767063.html,Q4 results: Infosys announces final dividend of ₹20. special dividend of ₹8,DIRECTLY_RELEVANT,"Infosys Q4 FY24 earnings, revenue, InSemi acquisition, contracts, hiring, or share price performance."
20240418123000-T2391,20240418123000,lokmat.com,https://www.lokmat.com/business/stock-market/stock-market-highlights-closing-bell-today-sensex-nifty-closes-sharply-after-morning-rally-investors-lost-rs38000-crore-a-a732/,"सकाळच्या तेजीनंतर सेन्सेक्स-निफ्टी जोरदार आपटले; गुंतवणूकदारांचे ₹38,000 कोटी बुडाले",NOT_RELEVANT,Unrelated candidate
20240418123000-925,20240418123000,indiatimes.com,https://economictimes.indiatimes.com/tech/information-tech/infosys-reports-drop-in-hiring-for-fifth-straight-quarter-in-q4/articleshow/109405452.cms,Infosys Q4 hiring: Infosys reports drop in hiring for fifth straight quarter in Q4,DIRECTLY_RELEVANT,"Infosys Q4 FY24 earnings, revenue, InSemi acquisition, contracts, hiring, or share price performance."
20240418123000-628,20240418123000,streetinsider.com,https://www.streetinsider.com/Earnings/Infosys+shares+fall+as+fourth-quarter+revenue+misses+views/23082924.html,Infosys shares fall as fourth-quarter revenue misses views,DIRECTLY_RELEVANT,"Infosys Q4 FY24 earnings, revenue, InSemi acquisition, contracts, hiring, or share price performance."
20240418123000-1620,20240418123000,tmcnet.com,https://www.tmcnet.com/usubmit/2024/04/18/9996623.htm,FICO Partner Awards Showcase Game-Changing Innovators Worldwide,NOT_RELEVANT,Unrelated candidate
20240418123000-1549,20240418123000,news18.com,https://www.news18.com/business/infosys-q4-results-net-profit-jumps-30-to-rs-7969-crore-revenue-slips-2-3-qoq-rs-20-dividend-declared-8857303.html,"Infosys Q4 Results: Net Profit Jumps 30% To Rs 7,969 Crore, Revenue Slips 2.3% QoQ; Rs 20 Dividend Declared",DIRECTLY_RELEVANT,"Infosys Q4 FY24 earnings, revenue, InSemi acquisition, contracts, hiring, or share price performance."
20240418123000-1022,20240418123000,livemint.com,https://www.livemint.com/companies/company-results/infosys-q4-results-attrition-declines-further-to-12-6-as-profit-jumps-to-rs-7-969-crore-11713440177957.html,Infosys Q4 Results: Attrition rate declines further to 12.6%,DIRECTLY_RELEVANT,"Infosys Q4 FY24 earnings, revenue, InSemi acquisition, contracts, hiring, or share price performance."
20240418123000-466,20240418123000,thehindu.com,https://www.thehindu.com/business/markets/markets-face-heavy-fluctuations-settle-lower-taking-downtrend-to-4th-day/article68079573.ece,Markets face heavy fluctuations; settle lower taking downtrend to 4th day,NOT_RELEVANT,Unrelated candidate
20240418124500-380,20240418124500,prnewswire.com,https://www.prnewswire.com/news-releases/infosys-to-acquire-leading-engineering-rd-services-provider-in-tech-302120930.html,"Infosys to Acquire Leading Engineering R&D services provider, in-tech",DIRECTLY_RELEVANT,"Infosys Q4 FY24 earnings, revenue, InSemi acquisition, contracts, hiring, or share price performance."
20240418124500-1940,20240418124500,streetinsider.com,https://www.streetinsider.com/Corporate+News/Infosys+(INFY)+to+Acquire+in-tech/23083020.html,Infosys (INFY) to Acquire in-tech,DIRECTLY_RELEVANT,"Infosys Q4 FY24 earnings, revenue, InSemi acquisition, contracts, hiring, or share price performance."
20240418124500-1011,20240418124500,bnnbloomberg.ca,https://www.bnnbloomberg.ca/infosys-sales-forecast-falls-short-as-clients-hold-off-spending-1.2060746,Infosys Sales Forecast Falls Short as Clients Hold Off Spending,DIRECTLY_RELEVANT,"Infosys Q4 FY24 earnings, revenue, InSemi acquisition, contracts, hiring, or share price performance."
20240418124500-100,20240418124500,moneycontrol.com,https://www.moneycontrol.com/news/business/earnings/quick-take-infosys-q4-fy24-disappointment-continues-except-for-strong-order-bookings-12669111.html,Quick Take | Infosys Q4 FY24: Disappointment continues except for strong order bookings,DIRECTLY_RELEVANT,"Infosys Q4 FY24 earnings, revenue, InSemi acquisition, contracts, hiring, or share price performance."
20240418124500-766,20240418124500,marketscreener.com,https://www.marketscreener.com/quote/stock/INFOSYS-LIMITED-56049208/news/Infosys-to-Acquire-Leading-Engineering-R-D-services-provider-in-tech-46468514/,"Infosys to Acquire Leading Engineering R&D services provider, in-tech",DIRECTLY_RELEVANT,"Infosys Q4 FY24 earnings, revenue, InSemi acquisition, contracts, hiring, or share price performance."
20240418124500-722,20240418124500,standard.co.uk,https://www.standard.co.uk/business/rishi-sunak-wife-akshata-murty-infosys-dividend-adidas-sambas-income-tax-prime-minister-b1152319.html,Rishi Sunak's wife Akshata Murty handed £10.5m Infosys dividend,DIRECTLY_RELEVANT,"Infosys Q4 FY24 earnings, revenue, InSemi acquisition, contracts, hiring, or share price performance."
20240418124500-1834,20240418124500,livemint.com,https://www.livemint.com/companies/company-results/infosys-q4-result-net-profit-jumps-attrition-rate-declined-top-5-highlights-of-infosys-q4-earnings-11713441806495.html,"Infosys Q4 result: Net profit jumps, attrition rate declined; top 5 highlights of Infosys Q4 earnings",DIRECTLY_RELEVANT,"Infosys Q4 FY24 earnings, revenue, InSemi acquisition, contracts, hiring, or share price performance."
20240418130000-167,20240418130000,businesstoday.in,https://www.businesstoday.in/markets/company-stock/story/infosys-q4-results-takeaways-profit-up-30-dividend-announced-fy25-guidance-more-425998-2024-04-18,Infosys Q4 results takeaways: Profit up 30%; FY25 revenue guidance at 1-3%,DIRECTLY_RELEVANT,"Infosys Q4 FY24 earnings, revenue, InSemi acquisition, contracts, hiring, or share price performance."
20240418130000-201,20240418130000,finanznachrichten.de,https://www.finanznachrichten.de/nachrichten-2024-04/61984339-infosys-to-acquire-leading-engineering-r-d-services-provider-in-tech-008.htm,"Infosys to Acquire Leading Engineering R&D services provider, in-tech",DIRECTLY_RELEVANT,"Infosys Q4 FY24 earnings, revenue, InSemi acquisition, contracts, hiring, or share price performance."
20240418130000-1994,20240418130000,whatech.com,https://whatech.com/og/markets-research/industrial/811114-virtual-cio-services-market-size-share-growth-status-emerging-technology-key-players-challenges-and-forecast-till-2032,"Virtual CIO Services Market Size, Share Growth Status, Emerging Technology, Key Players, Challenges, and Forecast till 2032",NOT_RELEVANT,Unrelated candidate
20240418130000-1291,20240418130000,aninews.in,https://aninews.in/news/business/net-profit-of-infosys-jumps-30-pc-in-fourth-quarter20240418180607/,Net profit of Infosys jumps 30 pc in fourth quarter,DIRECTLY_RELEVANT,"Infosys Q4 FY24 earnings, revenue, InSemi acquisition, contracts, hiring, or share price performance."
20240418130000-1497,20240418130000,businesstoday.in,https://www.businesstoday.in/markets/company-stock/story/infosys-adr-plunges-7-on-nyse-as-it-firm-shares-muted-fy25-revenue-guidance-426009-2024-04-18,Infosys ADR plunges 8% on NYSE as IT firm shares muted FY25 revenue guidance,DIRECTLY_RELEVANT,"Infosys Q4 FY24 earnings, revenue, InSemi acquisition, contracts, hiring, or share price performance."
20240418130000-174,20240418130000,staffingindustry.com,https://www2.staffingindustry.com/row/Editorial/Daily-News/Infosys-Q4-revenue-flat-acquires-in-tech-69061,"Infosys Q4 revenue flat, acquires in-tech",DIRECTLY_RELEVANT,"Infosys Q4 FY24 earnings, revenue, InSemi acquisition, contracts, hiring, or share price performance."
20240418130000-401,20240418130000,businesstoday.in,https://www.businesstoday.in/markets/company-stock/story/infosys-dividend-at-rs-28-per-share-full-details-dividend-history-more-425997-2024-04-18,"Infosys dividend at Rs 28 per share; full details, dividend history & more",DIRECTLY_RELEVANT,"Infosys Q4 FY24 earnings, revenue, InSemi acquisition, contracts, hiring, or share price performance."
20240418131500-335,20240418131500,prokerala.com,https://www.prokerala.com/news/articles/a1524012.html,"Infosys posts 30 per cent jump in Q4 net profit, declares dividend of Rs 20 per share",DIRECTLY_RELEVANT,"Infosys Q4 FY24 earnings, revenue, InSemi acquisition, contracts, hiring, or share price performance."
20240418131500-609,20240418131500,freepressjournal.in,https://www.freepressjournal.in/business/infosys-q4-fy24-earnings-13-revenue-growth-30-surge-in-net-profit-yoy,"Infosys Q4 FY24 Earnings: 1.3% Revenue Growth, 30% Surge In Net Profit YoY",DIRECTLY_RELEVANT,"Infosys Q4 FY24 earnings, revenue, InSemi acquisition, contracts, hiring, or share price performance."
20240418131500-793,20240418131500,rttnews.com,https://www.rttnews.com/3439877/infosys-down-in-pre-market-on-nearly-flat-revenue-growth.aspx,Infosys Down In Pre-Market On Nearly Flat Revenue Growth,DIRECTLY_RELEVANT,"Infosys Q4 FY24 earnings, revenue, InSemi acquisition, contracts, hiring, or share price performance."
20240418131500-1038,20240418131500,rttnews.com,https://www.rttnews.com/3439906/infosys-to-acquire-german-engineering-r-d-services-provider-in-tech.aspx,Infosys To Acquire German Engineering R&D Services Provider In-tech,DIRECTLY_RELEVANT,"Infosys Q4 FY24 earnings, revenue, InSemi acquisition, contracts, hiring, or share price performance."
20240418131500-899,20240418131500,rttnews.com,https://www.rttnews.com/3439819/sensex-nifty-extend-losses-for-fourth-day.aspx,"Sensex, Nifty Extend Losses For Fourth Day",NOT_RELEVANT,Unrelated candidate
20240418133000-1263,20240418133000,moneycontrol.com,https://www.moneycontrol.com/news/business/earnings/infosys-adr-down-7-pre-market-after-q4-show-12669601.html,Infosys ADR down 7% pre-market after Q4 show,DIRECTLY_RELEVANT,"Infosys Q4 FY24 earnings, revenue, InSemi acquisition, contracts, hiring, or share price performance."
20240418133000-727,20240418133000,moneycontrol.com,https://www.moneycontrol.com/news/business/companies/infosys-to-acquire-germany-engineering-services-provider-in-tech-12669231.html,Infosys to acquire German engineering services provider in-tech,DIRECTLY_RELEVANT,"Infosys Q4 FY24 earnings, revenue, InSemi acquisition, contracts, hiring, or share price performance."
20240418133000-1541,20240418133000,zazoom.it,https://www.zazoom.it/2024-04-18/infosys-to-acquire-leading-engineering-rd-services-provider-in-tech/14616920/,Infosys to Acquire Leading Engineering R&D services provider,DIRECTLY_RELEVANT,"Infosys Q4 FY24 earnings, revenue, InSemi acquisition, contracts, hiring, or share price performance."
20240418133000-1306,20240418133000,barrons.com,https://www.barrons.com/news/indian-it-giant-infosys-posts-lower-than-expected-revenue-growth-35ca1bfa,Indian IT Giant Infosys Posts Lower Than Expected Revenue Growth,DIRECTLY_RELEVANT,"Infosys Q4 FY24 earnings, revenue, InSemi acquisition, contracts, hiring, or share price performance."
20240418133000-113,20240418133000,itbusinessnet.com,https://itbusinessnet.com/2024/04/fico-partner-awards-showcase-game-changing-innovators-worldwide/,FICO Partner Awards Showcase Game-Changing Innovators Worldwide,NOT_RELEVANT,Unrelated candidate
20240418133000-948,20240418133000,itbusinessnet.com,https://itbusinessnet.com/2024/04/asapp-unveils-generativeagent-a-generative-ai-application-capable-of-fully-automating-contact-center-interactions/,"ASAPP Unveils GenerativeAgent™, A Generative AI Application Capable of Fully Automating Contact Center Interactions",NOT_RELEVANT,Unrelated candidate
20240418133000-T2169,20240418133000,moneycontrol.com,https://hindi.moneycontrol.com/news/company/company-results/infosys-q4-results-net-profit-at-rs-7969-crore-rs-28-dividend-declared-1895564.html,"Infosys Q4 Results: अनुमानों से बेहतर रहा कंपनी का मुनाफा, डबल डिविडेंड का भी ऐलान",DIRECTLY_RELEVANT,"Infosys Q4 FY24 earnings, revenue, InSemi acquisition, contracts, hiring, or share price performance."
20240418133000-T2176,20240418133000,moneycontrol.com,https://hindi.moneycontrol.com/news/markets/infosys-dividend-declares-final-dividend-of-20-special-dividend-of-8-sets-record-date-q4-result-detail-1895582.html,"Infosys Dividend : शेयरधारकों को फाइनल और स्पेशल डिविडेंड का तोहफा, रिकॉर्ड डेट समेत पूरी डिटेल",DIRECTLY_RELEVANT,"Infosys Q4 FY24 earnings, revenue, InSemi acquisition, contracts, hiring, or share price performance."
20240418133000-T2205,20240418133000,moneycontrol.com,https://hindi.moneycontrol.com/news/company/infosys-headcount-for-the-financial-year-2024-declined-by-25994-first-time-in-last-23-years-1895587.html,"Infosys के कर्मचारियों की संख्या 23 साल में पहली बार घटी, करीब 26,000 नौकरियां हुईं कम",DIRECTLY_RELEVANT,"Infosys Q4 FY24 earnings, revenue, InSemi acquisition, contracts, hiring, or share price performance."
20240418134500-1735,20240418134500,ndtv.com,https://www.ndtv.com/business-news/infosys-profit-jumps-30-to-rs-7-969-crore-in-fourth-quarter-5470399,"Infosys Profit Jumps 30% To Rs 7,969 Crore In Fourth Quarter",DIRECTLY_RELEVANT,"Infosys Q4 FY24 earnings, revenue, InSemi acquisition, contracts, hiring, or share price performance."
20240418134500-1261,20240418134500,moneycontrol.com,https://www.moneycontrol.com/news/technology/infosys-gives-revenue-guidance-of-1-3-for-fy25-ends-year-with-317240-employees-12666111.html,"Infosys gives revenue guidance of 1-3% for FY25; ends year with 317,240 employees",DIRECTLY_RELEVANT,"Infosys Q4 FY24 earnings, revenue, InSemi acquisition, contracts, hiring, or share price performance."
20240418134500-823,20240418134500,indiatimes.com,https://economictimes.indiatimes.com/tech/newsletters/tech-top-5/robust-q4-for-infosys-good-glamm-group-lays-off-150-staffers/articleshow/109406993.cms,Robust Q4 for Infosys; Good Glamm Group lays off 150 staffers,DIRECTLY_RELEVANT,"Infosys Q4 FY24 earnings, revenue, InSemi acquisition, contracts, hiring, or share price performance."
20240418134500-T146,20240418134500,livehindustan.com,https://www.livehindustan.com/business/share-market/it-firm-infosys-profit-jumps-30-pc-to-7969-crore-rs-in-q4-dividend-detail-is-here-201713444816145.html,"it firm infosys profit jumps 30 pc to 7969 crore rs in Q4 dividend detail is here 30% बढ़ा प्रॉफिट, ₹28 का डिविडेंड, Infosys ने किए कई बड़े ऐलान, शेयर पर एक्सपर्ट बुलिश",DIRECTLY_RELEVANT,"Infosys Q4 FY24 earnings, revenue, InSemi acquisition, contracts, hiring, or share price performance."
20240418140000-1145,20240418140000,marketscreener.com,https://www.marketscreener.com/quote/stock/INFOSYS-LIMITED-56049208/news/Infosys-Strong-large-deal-TCV-of-4-5-billion-in-Q4-and-record-17-7-billion-in-FY24-create-robust-f-46469426/,Infosys:Strong large deal TCV of $4.5 billion in Q4 and record $17.7 billion in FY24 create robust foundation for growth,DIRECTLY_RELEVANT,"Infosys Q4 FY24 earnings, revenue, InSemi acquisition, contracts, hiring, or share price performance."
20240418140000-1675,20240418140000,finanznachrichten.de,https://www.finanznachrichten.de/nachrichten-2024-04/61985354-infosys-strong-large-deal-tcv-of-dollar-4-5-billion-in-q4-and-record-dollar-17-7-billion-in-fy24-create-robust-foundation-for-growth-008.htm,Infosys: Strong large deal TCV of $4.5 billion in Q4 and record $17.7 billion in FY24 create robust foundation for growth,DIRECTLY_RELEVANT,"Infosys Q4 FY24 earnings, revenue, InSemi acquisition, contracts, hiring, or share price performance."
20240418140000-160,20240418140000,prnewswire.com,https://www.prnewswire.com/news-releases/infosys-strong-large-deal-tcv-of-4-5-billion-in-q4-and-record-17-7-billion-in-fy24-create-robust-foundation-for-growth-302121003.html,Infosys: Strong large deal TCV of $4.5 billion in Q4 and record $17.7 billion in FY24 create robust foundation for growth,DIRECTLY_RELEVANT,"Infosys Q4 FY24 earnings, revenue, InSemi acquisition, contracts, hiring, or share price performance."
20240418140000-243,20240418140000,prnewswire.com,https://www.prnewswire.com/news-releases/infosys-strong-large-deal-tcv-of-4-5-billion-in-q4-and-record-17-7-billion-in-fy24-create-robust-foundation-for-growth-302120999.html,Infosys:Strong large deal TCV of $4.5 billion in Q4 and record $17.7 billion in FY24 create robust foundation for growth,DIRECTLY_RELEVANT,"Infosys Q4 FY24 earnings, revenue, InSemi acquisition, contracts, hiring, or share price performance."
20240418141500-975,20240418141500,thestatesman.com,https://www.thestatesman.com/business/sensex-nifty-end-lower-for-fourth-straight-session-1503291601.html,"Sensex, Nifty end lower for fourth straight session",NOT_RELEVANT,Unrelated candidate
20240418141500-436,20240418141500,bnnbloomberg.ca,https://www.bnnbloomberg.ca/markets-today-u-s-yields-rise-as-solid-data-keeps-lid-on-fed-bets-1.2060506,Markets today: U.S. yields rise as solid data keeps lid on Fed bets,NOT_RELEVANT,Unrelated candidate
20240418141500-1603,20240418141500,theprint.in,https://theprint.in/ani-press-releases/infosys-to-acquire-leading-engineering-rd-services-provider-in-tech/2046782/,"Infosys to Acquire Leading Engineering R&D services provider, in-tech",DIRECTLY_RELEVANT,"Infosys Q4 FY24 earnings, revenue, InSemi acquisition, contracts, hiring, or share price performance."
20240418141500-80,20240418141500,thehindubusinessline.com,https://www.thehindubusinessline.com/markets/markets-face-heavy-fluctuations-settle-lower-taking-downtrend-to-fourth-day/article68079324.ece,Markets face heavy fluctuations; settle lower taking downtrend to fourth day,NOT_RELEVANT,Unrelated candidate
20240418141500-358,20240418141500,bignewsnetwork.com,https://www.bignewsnetwork.com/news/274285099/net-profit-of-infosys-jumps-30-pc-in-fourth-quarter,Net profit of Infosys jumps 30 pc in fourth quarter,DIRECTLY_RELEVANT,"Infosys Q4 FY24 earnings, revenue, InSemi acquisition, contracts, hiring, or share price performance."
20240418141500-179,20240418141500,thehindubusinessline.com,https://www.thehindubusinessline.com/info-tech/infosys-q4-profit-surges-30-to-7969-crore-announces-acquisition-of-german-firm-in-tech/article68079556.ece,"Infosys Q4 profit surges 30% to ₹7,969 crore, announces acquisition of German firm in-tech",DIRECTLY_RELEVANT,"Infosys Q4 FY24 earnings, revenue, InSemi acquisition, contracts, hiring, or share price performance."
20240418141500-1402,20240418141500,rttnews.com,https://www.rttnews.com/story.aspx?Id=3439877,Infosys Down In Pre-Market On Nearly Flat Revenue Growth,DIRECTLY_RELEVANT,"Infosys Q4 FY24 earnings, revenue, InSemi acquisition, contracts, hiring, or share price performance."
20240418141500-T2031,20240418141500,eenadu.net,https://www.eenadu.net/telugu-news/business/infosys-profit-jumps-30-pc/0101/124074678,ఇన్ఫీ లాభం 30 శాతం జంప్‌.. ఒక్కో షేరుపై ₹28 డివిడెండ్‌,NOT_RELEVANT,Unrelated candidate
20240418143000-1217,20240418143000,swissinfo.ch,https://www.swissinfo.ch/eng/us-yields-rise-as-solid-data-keeps-lid-on-fed-bets%3a-markets-wrap/75939974,US Yields Rise as Solid Data Keeps Lid on Fed Bets: Markets Wrap,NOT_RELEVANT,Unrelated candidate
20240418143000-1056,20240418143000,sina.com.hk,https://portal.sina.com.hk/finance/finance-prnewswire/prnasia/2024/04/18/814022/infosys-to-acquire-leading-engineering-rd-services-provider-in-tech/,"Infosys to Acquire Leading Engineering R&D services provider, in-tech",DIRECTLY_RELEVANT,"Infosys Q4 FY24 earnings, revenue, InSemi acquisition, contracts, hiring, or share price performance."
20240418143000-47,20240418143000,sina.com.hk,https://portal.sina.com.hk/finance/finance-prnewswire/prnasia/2024/04/18/814023/infosys-strong-large-deal-tcv-of-4-5-billion-in-q4-and-record-17-7-billion-in-fy24-create-robust-foundation-for-growth/,Infosys: Strong large deal TCV of $4.5 billion in Q4 and record $17.7 billion in FY24 create robust foundation for growth,DIRECTLY_RELEVANT,"Infosys Q4 FY24 earnings, revenue, InSemi acquisition, contracts, hiring, or share price performance."
20240418143000-148,20240418143000,theglobeandmail.com,https://www.theglobeandmail.com/investing/markets/inside-the-market/article-market-movers-stocks-seeing-action-on-thursday-april-18-and-why/,Market movers: Stocks seeing action on Thursday - and why,NOT_RELEVANT,Unrelated candidate
20240418143000-851,20240418143000,briefingwire.com,https://www.briefingwire.com/pr/insurance-policy-administration-systems-market-globally-expected-to-drive-growth-through-2023-2033,Insurance Policy Administration Systems Market Globally Expected to Drive Growth through 2023-2033,NOT_RELEVANT,Unrelated candidate
20240418143000-1355,20240418143000,briefingwire.com,https://www.briefingwire.com/pr/life-insurance-policy-administration-systems-market-set-to-witness-explosive-growth-by-2033,Life Insurance Policy Administration Systems Market Set to Witness Explosive Growth by 2033,NOT_RELEVANT,Unrelated candidate
20240418143000-267,20240418143000,briefingwire.com,https://www.briefingwire.com/pr/virtual-workplaces-market-size-trends-scope-and-growth-analysis-to-2033,"Virtual Workplaces Market Size, Trends, Scope and Growth Analysis to 2033",NOT_RELEVANT,Unrelated candidate
20240418143000-685,20240418143000,indiatimes.com,https://economictimes.indiatimes.com/markets/stocks/earnings/infosys-declares-rs-20-final-dividend-rs-8-special-dividend/articleshow/109407185.cms,infosys special dividend: Infosys declares Rs 20 final dividend & Rs 8 special dividend,DIRECTLY_RELEVANT,"Infosys Q4 FY24 earnings, revenue, InSemi acquisition, contracts, hiring, or share price performance."
20240418143000-1216,20240418143000,indiatimes.com,https://economictimes.indiatimes.com/markets/stocks/news/infosys-adr-slumps-5-on-q4-miss-softer-fy25-guidance/articleshow/109407170.cms,"Infosys ADR slumps 5% on Q4 miss, softer FY25 guidance",DIRECTLY_RELEVANT,"Infosys Q4 FY24 earnings, revenue, InSemi acquisition, contracts, hiring, or share price performance."
20240418144500-1494,20240418144500,telegraphindia.com,https://www.telegraphindia.com/feeds/business/infosys-profit-jumps-30-pc-to-rs-7969-crore-in-fourth-quarter/cid/2014174,"IT | Infosys profit jumps 30 pc to Rs 7,969 crore in fourth quarter",DIRECTLY_RELEVANT,"Infosys Q4 FY24 earnings, revenue, InSemi acquisition, contracts, hiring, or share price performance."
20240418144500-1955,20240418144500,telegraphindia.com,https://www.telegraphindia.com/feeds/business/sensex-and-nifty-face-heavy-fluctuations-settle-lower-taking-downtrend-to-fourth-day/cid/2014155,Stock market | Sensex and Nifty face heavy fluctuations; settle lower taking downtrend to fourth day,NOT_RELEVANT,Unrelated candidate
20240418144500-29,20240418144500,india.com,https://zeenews.india.com/companies/infosys-profit-jumps-30-per-cent-to-rs-7969-crore-in-q4-2741583.html,"Infosys Profit Jumps 30 Per Cent To Rs 7,969 Crore In Q4",DIRECTLY_RELEVANT,"Infosys Q4 FY24 earnings, revenue, InSemi acquisition, contracts, hiring, or share price performance."
20240418144500-1676,20240418144500,europapress.es,https://www.europapress.es/comunicados/internacional-00907/noticia-comunicado-infosys-to-acquire-leading-engineering-rd-services-provider-in-tech-20240418143152.html,"Infosys to Acquire Leading Engineering R&D services provider, in-tech",DIRECTLY_RELEVANT,"Infosys Q4 FY24 earnings, revenue, InSemi acquisition, contracts, hiring, or share price performance."
20240418144500-1186,20240418144500,zazoom.it,https://www.zazoom.it/2024-04-18/infosys-strong-large-deal-tcv-of-4-5-billion-in-q4-and-record-17-7-billion-in-fy24-create-robust-foundation-for-growth/14617417/,Infosys | Strong large deal TCV of $4 5 billion in Q4 and record $17 7 billion in FY24 create robust foundation for growth,DIRECTLY_RELEVANT,"Infosys Q4 FY24 earnings, revenue, InSemi acquisition, contracts, hiring, or share price performance."
20240418144500-293,20240418144500,india.com,https://zeenews.india.com/companies/infosys-profit-jumps-30-to-rs-7969-crore-in-q4-2741638.html,"Infosys Profit Jumps 30% To Rs 7,969 Crore In Q4",DIRECTLY_RELEVANT,"Infosys Q4 FY24 earnings, revenue, InSemi acquisition, contracts, hiring, or share price performance."
20240418144500-637,20240418144500,businesstimes.com.sg,https://www.businesstimes.com.sg/companies-markets/telcos-media-tech/india-s-infosys-misses-fourth-quarter-revenue-estimates,India's Infosys misses fourth-quarter revenue estimates,DIRECTLY_RELEVANT,"Infosys Q4 FY24 earnings, revenue, InSemi acquisition, contracts, hiring, or share price performance."
20240418144500-175,20240418144500,prokerala.com,https://www.prokerala.com/news/articles/a1524053.html,Infosys' full-year employee strength drops for 1st time in 23 years,DIRECTLY_RELEVANT,"Infosys Q4 FY24 earnings, revenue, InSemi acquisition, contracts, hiring, or share price performance."
20240418144500-T898,20240418144500,zonebourse.com,https://www.zonebourse.com/cours/action/INFOSYS-LIMITED-9743342/actualite/Infosys-ventes-affectees-au-4eme-trimestre-par-des-commandes-US-au-ralenti-46469946/,Infosys: ventes affectées au 4ème trimestre par des commandes US au ralenti,DIRECTLY_RELEVANT,"Infosys Q4 FY24 earnings, revenue, InSemi acquisition, contracts, hiring, or share price performance."
20240418150000-647,20240418150000,businesstoday.in,https://www.businesstoday.in/visualstories/stock/apollo-hospitals-nestle-top-losers-on-nifty50-as-market-extends-losses-into-4th-session-infosys-most-active-on-april-18-129927-18-04-2024,"Apollo Hospitals, Nestle top losers on Nifty50 as market extends losses into 4th session; Infosys most active on April 18",DIRECTLY_RELEVANT,"Infosys Q4 FY24 earnings, revenue, InSemi acquisition, contracts, hiring, or share price performance."
20240418150000-1837,20240418150000,aninews.in,https://www.aninews.in/news/business/net-profit-of-infosys-jumps-30-pc-in-fourth-quarter20240418180607/,Net profit of Infosys jumps 30 pc in fourth quarter,DIRECTLY_RELEVANT,"Infosys Q4 FY24 earnings, revenue, InSemi acquisition, contracts, hiring, or share price performance."
20240418150000-331,20240418150000,moneycontrol.com,https://www.moneycontrol.com/news/technology/we-have-not-decided-on-campus-hiring-numbers-at-this-point-infosys-cfo-12670241.html,More than half of our freshers were hired off campus: Infosys CFO,DIRECTLY_RELEVANT,"Infosys Q4 FY24 earnings, revenue, InSemi acquisition, contracts, hiring, or share price performance."
20240418150000-1245,20240418150000,moneycontrol.com,https://www.moneycontrol.com/news/technology/infosys-gives-revenue-guidance-of-1-3-for-fy25-12666111.html,Infosys gives revenue guidance of 1-3% for FY25,DIRECTLY_RELEVANT,"Infosys Q4 FY24 earnings, revenue, InSemi acquisition, contracts, hiring, or share price performance."
20240418150000-1195,20240418150000,financialexpress.com,https://www.financialexpress.com/business/industry-infosys-to-acquire-100-stake-in-germany-based-engineering-rd-services-provider-in-tech-3461294/,Infosys to acquire 100% stake in Germany-based Engineering R&D services provider in-tech,DIRECTLY_RELEVANT,"Infosys Q4 FY24 earnings, revenue, InSemi acquisition, contracts, hiring, or share price performance."
20240418150000-T639,20240418150000,bhaskar.com,https://www.bhaskar.com/business/news/infosys-q4-results-infosys-net-profit-at-rs-7969-crore-rs-28-dividend-declared-132894364.html,"Infosys Q4 results: Infosys Net profit at Rs 7,969 crore, Rs 28 dividend declared | इंफोसिस का चौथी-तिमाही में नेट-प्रॉफिट 30% बढ़कर ₹7,969 करोड़ रहा: ₹28 डिविडेंड देगी कंपनी, FY24 में 25,994 एम्प्लॉइज कम हायर किए",DIRECTLY_RELEVANT,"Infosys Q4 FY24 earnings, revenue, InSemi acquisition, contracts, hiring, or share price performance."
20240418151500-141,20240418151500,siasat.com,https://www.siasat.com/infosys-full-year-employee-strength-drops-for-1st-time-in-23-years-3011142/,Infosys' full-year employee strength drops for 1st time in 23 years,DIRECTLY_RELEVANT,"Infosys Q4 FY24 earnings, revenue, InSemi acquisition, contracts, hiring, or share price performance."
20240418151500-903,20240418151500,moneycontrol.com,https://www.moneycontrol.com/news/business/companies/infosys-board-approves-annual-stock-grants-worth-rs-34-75-crore-to-ceo-salil-parekh-12670011.html,Infosys board approves annual stock grants worth Rs 34.75 crore to CEO Salil Parekh,DIRECTLY_RELEVANT,"Infosys Q4 FY24 earnings, revenue, InSemi acquisition, contracts, hiring, or share price performance."
20240418151500-1937,20240418151500,srilankasource.com,https://www.srilankasource.com/news/274284982/infosys-to-acquire-leading-engineering-rd-services-provider-in-tech,"Infosys to Acquire Leading Engineering R&D services provider, in-tech",DIRECTLY_RELEVANT,"Infosys Q4 FY24 earnings, revenue, InSemi acquisition, contracts, hiring, or share price performance."
20240418151500-1489,20240418151500,thehindubusinessline.com,https://www.thehindubusinessline.com/info-tech/at-7969-crore-infosys-records-flat-net-profit-in-q4-guides-modestly-for-fy25/article68080307.ece,"At ₹7,969 crore, Infosys records flat net profit in Q4, guides modestly for FY25",DIRECTLY_RELEVANT,"Infosys Q4 FY24 earnings, revenue, InSemi acquisition, contracts, hiring, or share price performance."
20240418153000-2308,20240418153000,theusnews.com,https://www.theusnews.com/news/274285099/net-profit-of-infosys-jumps-30-pc-in-fourth-quarter,Net profit of Infosys jumps 30 pc in fourth quarter,DIRECTLY_RELEVANT,"Infosys Q4 FY24 earnings, revenue, InSemi acquisition, contracts, hiring, or share price performance."
20240418153000-T1069,20240418153000,boursorama.com,https://www.boursorama.com/actualite-economique/actualites/l-indien-infosys-voit-son-c-a-affecte-au-4t-par-des-commandes-americaines-au-ralenti-cb1ef48b9a00c6e3a2f6d24d88b36435,L'indien Infosys voit son c.a. affecté au 4T par des commandes américaines au ralenti - 18/04/2024 à 16:35,DIRECTLY_RELEVANT,"Infosys Q4 FY24 earnings, revenue, InSemi acquisition, contracts, hiring, or share price performance."
20240418153000-T2248,20240418153000,dorzeczy.pl,https://dorzeczy.pl/ekonomia/576462/odlewnia-staliwa-w-elblagu-do-likwidacji-prace-straci-166-osob.html,Odlewnia Staliwa w Elblągu do likwidacji. Pracę straci 166 osób,NOT_RELEVANT,Unrelated candidate
20240418154500-2200,20240418154500,streetinsider.com,https://www.streetinsider.com/Business+Wire/U.S.+Public+Sector+Under+Pressure+to+Upgrade+Mainframes/23084444.html,U.S. Public Sector Under Pressure to Upgrade Mainframes,NOT_RELEVANT,Unrelated candidate
20240418154500-1124,20240418154500,telegraphindia.com,https://www.telegraphindia.com/business/infosys-profit-jumps-30-pc-to-rs-7969-crore-in-fourth-quarter/cid/2014174,"IT | Infosys profit jumps 30 pc to Rs 7,969 crore in fourth quarter",DIRECTLY_RELEVANT,"Infosys Q4 FY24 earnings, revenue, InSemi acquisition, contracts, hiring, or share price performance."
20240418154500-2303,20240418154500,telegraphindia.com,https://www.telegraphindia.com/business/sensex-and-nifty-face-heavy-fluctuations-settle-lower-taking-downtrend-to-fourth-day/cid/2014155,Stock market | Sensex and Nifty face heavy fluctuations; settle lower taking downtrend to fourth day,NOT_RELEVANT,Unrelated candidate
20240418154500-912,20240418154500,notimerica.com,https://www.notimerica.com/comunicados/noticia-comunicado-infosys-strong-large-deal-tcv-of-45-billion-in-q4-and-record-177-billion-in-fy24-create-robust-foundation-for-growt-20240418153855.html,Infosys: Strong large deal TCV of $4.5 billion in Q4 and record $17.7 billion in FY24 create robust foundation for growt,DIRECTLY_RELEVANT,"Infosys Q4 FY24 earnings, revenue, InSemi acquisition, contracts, hiring, or share price performance."
20240418154500-1880,20240418154500,menafn.com,https://menafn.com/1108110701/Infosys-Posts-30-Per-Cent-Jump-In-Q4-Net-Profit-Declares-Dividend-Of-Rs-20-Per-Share,"Infosys Posts 30 Per Cent Jump In Q4 Net Profit, Declares Dividend Of Rs 20 Per Share",DIRECTLY_RELEVANT,"Infosys Q4 FY24 earnings, revenue, InSemi acquisition, contracts, hiring, or share price performance."
20240418154500-990,20240418154500,globenewswire.com,https://www.globenewswire.com/news-release/2024/04/18/2865612/0/en/Global-Blockchain-Market-Size-Share-Trends-Analysis-Report-2023-2030-with-Use-Cases-for-Telefonica-Marco-Polo-Mitsubishi-IKEA-and-Nike.html,"Global Blockchain Market Size, Share, Trends, Analysis",NOT_RELEVANT,Unrelated candidate
20240418154500-1853,20240418154500,latestly.com,https://www.latestly.com/agency-news/business-news-net-profit-of-infosys-jumps-30-pc-in-fourth-quarter-5903567.html,Business News | Net Profit of Infosys Jumps 30 Pc in Fourth Quarter,DIRECTLY_RELEVANT,"Infosys Q4 FY24 earnings, revenue, InSemi acquisition, contracts, hiring, or share price performance."
20240418154500-1830,20240418154500,moneycontrol.com,https://www.moneycontrol.com/news/technology/clients-willing-to-have-pricing-discussions-due-to-onsite-inflation-says-infosys-cfo-12670481.html,"Clients willing to have pricing discussions due to onsite inflation, says Infosys CFO",DIRECTLY_RELEVANT,"Infosys Q4 FY24 earnings, revenue, InSemi acquisition, contracts, hiring, or share price performance."
20240418154500-795,20240418154500,moneycontrol.com,https://www.moneycontrol.com/news/technology/infosys-headcount-drops-by-5423-in-q4-fifth-consecutive-quarter-of-decline-12670501.html,"Infosys headcount drops by 5,423 in Q4, fifth consecutive quarter of decline",DIRECTLY_RELEVANT,"Infosys Q4 FY24 earnings, revenue, InSemi acquisition, contracts, hiring, or share price performance."
20240418160000-1327,20240418160000,marketscreener.com,https://www.marketscreener.com/quote/stock/INFORMATION-SERVICES-GROU-879237/news/U-S-Public-Sector-Under-Pressure-to-Upgrade-Mainframes-46470449/,U.S. Public Sector Under Pressure to Upgrade Mainframes,NOT_RELEVANT,Unrelated candidate
20240418160000-1490,20240418160000,orissapost.com,https://www.orissapost.com/infosys-full-year-employee-strength-drops-for-first-time-in-23-years/,Infosys' full-year employee strength drops for first time in 23 years,DIRECTLY_RELEVANT,"Infosys Q4 FY24 earnings, revenue, InSemi acquisition, contracts, hiring, or share price performance."
20240418160000-1383,20240418160000,indiatimes.com,https://economictimes.indiatimes.com/markets/stocks/news/factors-influencing-d-street-action-on-friday/articleshow/109409210.cms,Factors Influencing D-Street Action on Friday,NOT_RELEVANT,Unrelated candidate
20240418160000-T1,20240418160000,sakshi.com,https://www.sakshi.com/telugu-news/business/infosys-employees-count-declines-first-time-23-years-2028580,భారీగా తగ్గిన ఇన్ఫోసిస్ ఉద్యోగులు.. 23 ఏళ్లలో ఇదే మొదటిసారి!,DIRECTLY_RELEVANT,"Infosys Q4 FY24 earnings, revenue, InSemi acquisition, contracts, hiring, or share price performance."
20240418161500-221,20240418161500,aninews.in,https://aninews.in/news/business/infosys-to-acquire-leading-engineering-rampd-services-provider-in-tech20240418183155/,"Infosys to Acquire Leading Engineering R&D services provider, in-tech",DIRECTLY_RELEVANT,"Infosys Q4 FY24 earnings, revenue, InSemi acquisition, contracts, hiring, or share price performance."
20240418161500-527,20240418161500,financialexpress.com,https://www.financialexpress.com/market/closing-bell-markets-wipe-out-intra-day-gains-nifty-below-22000-bank-nifty-tanks-over-400-points-on-april-18-3461050/,"Closing Bell: Markets wipe out intra-day gains, Nifty below 22,000, Bank Nifty tanks over 400 points on April 18",NOT_RELEVANT,Unrelated candidate
20240418161500-2043,20240418161500,financialexpress.com,https://www.financialexpress.com/business/industry-infosys-q4-results-profit-jumps-by-30-yoy-to-rs-7975-crore-dividend-announced-3461208/,"Infosys Q4 Results: Profit jumps by 30% YoY to Rs 7,975 crore, dividend announced - Industry News",DIRECTLY_RELEVANT,"Infosys Q4 FY24 earnings, revenue, InSemi acquisition, contracts, hiring, or share price performance."
20240418161500-1217,20240418161500,sierraleonetimes.com,https://www.sierraleonetimes.com/news/274285099/net-profit-of-infosys-jumps-30-pc-in-fourth-quarter,Net profit of Infosys jumps 30 pc in fourth quarter,DIRECTLY_RELEVANT,"Infosys Q4 FY24 earnings, revenue, InSemi acquisition, contracts, hiring, or share price performance."
20240418163000-734,20240418163000,moneycontrol.com,https://www.moneycontrol.com/news/technology/infosys-records-highest-ever-yearly-tcv-at-17-7-bn-posts-4-5-billion-in-q4-12670981.html,Infosys records highest ever yearly TCV at $17.7 bn; posts $4.5 billion in Q4,DIRECTLY_RELEVANT,"Infosys Q4 FY24 earnings, revenue, InSemi acquisition, contracts, hiring, or share price performance."
20240418163000-2343,20240418163000,livemint.com,https://www.livemint.com/news/india/top-news-on-april-18-infosys-bajaj-auto-q4-results-lok-sabha-elections-2024-tesla-job-cuts-elon-musk-11713449768638.html,"Top News on April 18: Infosys results, Lok Sabha polls, Tesla job cuts and more",DIRECTLY_RELEVANT,"Infosys Q4 FY24 earnings, revenue, InSemi acquisition, contracts, hiring, or share price performance."
20240418163000-1788,20240418163000,tribuneindia.com,https://www.tribuneindia.com/news/business/markets-end-lower-for-4th-straight-session-amid-heavy-fluctuations-612094,Markets end lower for 4th straight session amid heavy fluctuations,NOT_RELEVANT,Unrelated candidate
20240418163000-387,20240418163000,rediff.com,https://www.rediff.com/business/report/sensex-tanks-455-points-dragged-by-bank-stocks/20240418.htm,Sensex tanks 455 points dragged by bank stocks,NOT_RELEVANT,Unrelated candidate
20240418163000-699,20240418163000,indiaeducationdiary.in,https://indiaeducationdiary.in/infosys-foundation-commits-over-inr-33-crore-towards-strengthening-karnataka-polices-cybercrime-investigation-capabilities/,Infosys Foundation Commits over INR 33 Crore Towards Strengthening Karnataka Police's Cybercrime Investigation Capabilities – India Education | Latest Education News | Global Educational News,NOT_RELEVANT,Philanthropy / social sector profile / Science Foundation award
20240418163000-78,20240418163000,nigeriasun.com,https://www.nigeriasun.com/news/274285099/net-profit-of-infosys-jumps-30-pc-in-fourth-quarter,Net profit of Infosys jumps 30 pc in fourth quarter,DIRECTLY_RELEVANT,"Infosys Q4 FY24 earnings, revenue, InSemi acquisition, contracts, hiring, or share price performance."
20240418163000-2620,20240418163000,indiaeducationdiary.in,https://indiaeducationdiary.in/infosys-topaz-and-intel-collaborate-to-accelerate-enterprise-growth-and-efficiency-with-generative-ai/,Infosys Topaz and Intel Collaborate to Accelerate Enterprise Growth and Efficiency with Generative AI,DIRECTLY_RELEVANT,"Infosys Q4 FY24 earnings, revenue, InSemi acquisition, contracts, hiring, or share price performance."
20240418163000-1994,20240418163000,indiablooms.com,https://www.indiablooms.com/finance-details/20285/infosys-q4fy24-net-profit-jumps-30-yoy-to-rs-7-969-cr.html,"Infosys Q4FY24 net profit jumps 30% YoY to Rs 7,969 cr | Indiablooms - First Portal on Digital News Management",DIRECTLY_RELEVANT,"Infosys Q4 FY24 earnings, revenue, InSemi acquisition, contracts, hiring, or share price performance."
20240418163000-530,20240418163000,moneycontrol.com,https://www.moneycontrol.com/news/technology/3-million-lines-of-codes-generated-through-llms-in-gen-ai-is-industry-leading-says-infosys-ceo-salil-parekh-12670971.html,"3 million lines of codes generated by Infosys through LLMs in Gen AI is 'industry leading', says CEO Salil Parekh",DIRECTLY_RELEVANT,"Infosys Q4 FY24 earnings, revenue, InSemi acquisition, contracts, hiring, or share price performance."
20240418163000-768,20240418163000,rediff.com,https://www.rediff.com/business/report/tech-infosys-profit-jumps-30-to-rs-7969-crore-in-q4/20240418.htm,"Infosys profit jumps 30% to Rs 7,969 crore in Q4",DIRECTLY_RELEVANT,"Infosys Q4 FY24 earnings, revenue, InSemi acquisition, contracts, hiring, or share price performance."
20240418163000-804,20240418163000,indiablooms.com,https://www.indiablooms.com/finance-details/20287/infosys-workforce-declines-by-25-994-in-fy24.html,"Infosys workforce declines by 25,994 in FY24 | Indiablooms - First Portal on Digital News Management",DIRECTLY_RELEVANT,"Infosys Q4 FY24 earnings, revenue, InSemi acquisition, contracts, hiring, or share price performance."
20240418163000-128,20240418163000,indiablooms.com,https://www.indiablooms.com/finance-details/20284/indian-bourses-close-in-red-amid-uncertainty-in-west-asia-sensex-tanks-450pts-nifty-at-21-995.html,"Indian bourses close in red amid uncertainty in West Asia; Sensex tanks 450pts, Nifty at 21,995 | Indiablooms",NOT_RELEVANT,Unrelated candidate
20240418164500-6,20240418164500,webindia123.com,https://news.webindia123.com/news/Articles/Business/20240418/4189066.html,Net profit of Infosys jumps 30 pc in fourth quarter,DIRECTLY_RELEVANT,"Infosys Q4 FY24 earnings, revenue, InSemi acquisition, contracts, hiring, or share price performance."
20240418170000-306,20240418170000,oneindia.com,https://www.oneindia.com/partner-content/top-multibagger-stocks-to-buy-in-india-for-2024-on-mintcfd-3802927.html,Top Multibagger Stocks to Buy in India for 2024 on MintCFD,NOT_RELEVANT,Unrelated candidate
20240418171500-905,20240418171500,yourstory.com,https://yourstory.com:443/2024/04/infosys-net-profit-rises-30-in-q4-fy24-offers-weak-revenue-guidance-for-fy25,Infosys net profit rises 30% in Q4 FY24; offers weak revenue guidance for FY25,DIRECTLY_RELEVANT,"Infosys Q4 FY24 earnings, revenue, InSemi acquisition, contracts, hiring, or share price performance."
20240418171500-815,20240418171500,europapress.es,https://www.europapress.es/comunicados/internacional-00907/noticia-comunicado-infosys-strong-large-deal-tcv-of-45-billion-in-q4-and-record-177-billion-in-fy24-create-robust-foundation-for-growt-20240418153900.html,Infosys: Strong large deal TCV of $4.5 billion in Q4 and record $17.7 billion in FY24 create robust foundation for growt,DIRECTLY_RELEVANT,"Infosys Q4 FY24 earnings, revenue, InSemi acquisition, contracts, hiring, or share price performance."
20240418171500-466,20240418171500,biztoc.com,https://biztoc.com/x/179c61c490bd1031,"INFY Stock Earnings: Infosys Beats EPS, Beats Revenue for Q4 2024",DIRECTLY_RELEVANT,"Infosys Q4 FY24 earnings, revenue, InSemi acquisition, contracts, hiring, or share price performance."
20240418173000-T1595,20240418173000,moneycontrol.com,https://hindi.moneycontrol.com/news/markets/infosys-adr-crashes-7-percent-on-nyse-after-it-major-slashes-fy25-revenue-growth-guidance-to-1-3-percent-1895624.html,"Infosys ADR : नतीजों की घोषणा के बाद NYSE पर करीब 7% लुढ़के शेयर, कंपनी ने रेवेन्यू ग्रोथ गाइडेंस में की है कटौती",DIRECTLY_RELEVANT,"Infosys Q4 FY24 earnings, revenue, InSemi acquisition, contracts, hiring, or share price performance."
20240418173000-T1629,20240418173000,dziennik.pl,"https://www.dziennik.pl/finanse/artykuly/9491112,rozpedzaja-sie-zwolnienia-pracownikow-w-polsce-wykaz-firm-przeprowadzajacych-zwolnienia-ile-wynosi-zasilek-dla-bezrobotnych-netto.html",Rozpędzają się zwolnienia pracowników w Polsce [Wykaz firm przeprowadzających zwolnienia]. Ile wynosi zasiłek dla bezrobotnych netto?,NOT_RELEVANT,Unrelated candidate
20240418173000-1850,20240418173000,dnaindia.com,https://www.dnaindia.com/business/report-narayana-murthy-s-infosys-q4-profit-jumps-30-to-rs-7969-crore-revenue-increases-by-3085959,"Narayana Murthy's Infosys Q4 profit jumps 30% to Rs 7969 crore, revenue increases by...",DIRECTLY_RELEVANT,Infosys corporate results / valuation with founder commentary
20240418173000-763,20240418173000,theweek.in,https://www.theweek.in/news/biz-tech/2024/04/18/infosys-profit-jumps-30-per-cent-to-rs-7969-crore-in-q4.html,"Infosys profit jumps 30 per cent to Rs 7,969 crore in Q4",DIRECTLY_RELEVANT,"Infosys Q4 FY24 earnings, revenue, InSemi acquisition, contracts, hiring, or share price performance."
20240418173000-1190,20240418173000,yourstory.com,https://her.yourstory.com:443/2024/04/infosys-net-profit-rises-30-in-q4-fy24-offers-weak-revenue-guidance-for-fy25,Infosys net profit rises 30% in Q4 FY24; offers weak revenue guidance for FY25,DIRECTLY_RELEVANT,"Infosys Q4 FY24 earnings, revenue, InSemi acquisition, contracts, hiring, or share price performance."
20240418174500-1509,20240418174500,indiatimes.com,https://economictimes.indiatimes.com/tech/information-tech/infosys-to-acquire-engineering-rd-services-provider-in-tech-for-480-million/articleshow/109410385.cms,Infosys: Infosys to acquire engineering R&D services provider in-tech for $480 million,DIRECTLY_RELEVANT,"Infosys Q4 FY24 earnings, revenue, InSemi acquisition, contracts, hiring, or share price performance."
20240418174500-652,20240418174500,oklahomacitysun.com,https://www.oklahomacitysun.com/news/274285099/net-profit-of-infosys-jumps-30-pc-in-fourth-quarter,Net profit of Infosys jumps 30 pc in fourth quarter,DIRECTLY_RELEVANT,"Infosys Q4 FY24 earnings, revenue, InSemi acquisition, contracts, hiring, or share price performance."
20240418174500-2115,20240418174500,indiatimes.com,https://economictimes.indiatimes.com/markets/stocks/earnings/deal-momentum-continues-for-infosys-but-short-term-looks-hazy/articleshow/109410595.cms,infosys q4 results review: Deal momentum continues for Infosys but short term looks hazy,DIRECTLY_RELEVANT,"Infosys Q4 FY24 earnings, revenue, InSemi acquisition, contracts, hiring, or share price performance."
20240418180000-751,20240418180000,siliconindia.com,https://www.siliconindia.com/news/general/infosys-to-acquire-leading-engineering-rd-services-provider-intech-nid-229063-cid-1.html,"Infosys to Acquire Leading Engineering R&D services provider, in-tech",DIRECTLY_RELEVANT,"Infosys Q4 FY24 earnings, revenue, InSemi acquisition, contracts, hiring, or share price performance."
20240418180000-1146,20240418180000,swissinfo.ch,https://www.swissinfo.ch/eng/bonds-hit-as-strong-data-keep-fed-wagers-in-check%3a-markets-wrap/75939974,Bonds Hit as Strong Data Keep Fed Wagers in Check: Markets Wrap,NOT_RELEVANT,Unrelated candidate
20240418180000-1284,20240418180000,thehindu.com,https://www.thehindu.com/business/infosys-softens-view-as-growth-slows/article68080823.ece,Infosys softens view as growth slows,DIRECTLY_RELEVANT,"Infosys Q4 FY24 earnings, revenue, InSemi acquisition, contracts, hiring, or share price performance."
20240418181500-T2454,20240418181500,webdunia.com,https://hindi.webdunia.com/national-hindi-news/infosys-profit-increased-by-30-percent-to-rs-7969-crore-in-the-fourth-quarter-124041800085_1.html,"Infosys Q4 results : इंफोसिस का मुनाफा 30 फीसदी बढ़ा, चौथी तिमाही में 7969 करोड़ हुआ",DIRECTLY_RELEVANT,"Infosys Q4 FY24 earnings, revenue, InSemi acquisition, contracts, hiring, or share price performance."
20240418181500-832,20240418181500,moneycontrol.com,https://www.moneycontrol.com/news/business/earnings/bajaj-plans-6-new-launches-in-next-6-months-bridges-gap-in-upper-half-from-10-to-2-12671141.html,Bajaj Auto plans 6 new launches in next 6 months; bridges gap in 'upper-half' from 10% to 2%,NOT_RELEVANT,Unrelated candidate
20240418181500-1539,20240418181500,moneycontrol.com,https://www.moneycontrol.com/news/business/markets/trade-setup-for-friday-15-things-to-know-before-opening-bell-26-12671171.html,Trade setup for Friday: 15 things to know before opening bell,NOT_RELEVANT,Unrelated candidate
20240418181500-649,20240418181500,thehindu.com,https://www.thehindu.com/news/cities/Visakhapatnam/ysrcp-is-committed-to-development-of-vizag-says-botcha-satyanarayana/article68080372.ece,"YSRCP is committed to development of Vizag, says Botcha Satyanarayana",NOT_RELEVANT,Unrelated candidate
20240418183000-192,20240418183000,theenterpriseleader.com,https://theenterpriseleader.com/2024/04/18/euro-pacific-asset-management-llc-purchases-5109-shares-of-infosys-limited-nyseinfy.html,"Euro Pacific Asset Management LLC Purchases 5,109 Shares of Infosys Limited (NYSE:INFY)",DIRECTLY_RELEVANT,"Infosys Q4 FY24 earnings, revenue, InSemi acquisition, contracts, hiring, or share price performance."
20240418183000-819,20240418183000,themarketsdaily.com,https://www.themarketsdaily.com/2024/04/18/euro-pacific-asset-management-llc-has-730000-stock-position-in-infosys-limited-nyseinfy.html,"Euro Pacific Asset Management LLC Has $730,000 Stock Position in Infosys Limited (NYSE:INFY)",DIRECTLY_RELEVANT,"Infosys Q4 FY24 earnings, revenue, InSemi acquisition, contracts, hiring, or share price performance."
20240418183000-1271,20240418183000,laragione.eu,https://laragione.eu/adnkronos/comunicati/infosys-strong-large-deal-tcv-of-4-5-billion-in-q4-and-record-17-7-billion-in-fy24-create-robust-foundation-for-growth/,Infosys: Strong large deal TCV of $4.5 billion in Q4 and record $17.7 billion in FY24 create robust foundation for growth,DIRECTLY_RELEVANT,"Infosys Q4 FY24 earnings, revenue, InSemi acquisition, contracts, hiring, or share price performance."
20240418183000-2319,20240418183000,torontotelegraph.com,https://www.torontotelegraph.com/news/274285099/net-profit-of-infosys-jumps-30-pc-in-fourth-quarter,Net profit of Infosys jumps 30 pc in fourth quarter,DIRECTLY_RELEVANT,"Infosys Q4 FY24 earnings, revenue, InSemi acquisition, contracts, hiring, or share price performance."
20240418183000-2284,20240418183000,thehindubusinessline.com,https://www.thehindubusinessline.com/portfolio/infosys-q4-results-are-analysts-not-learning-lessons-or-is-the-company-faltering/article68080585.ece,Infosys Q4 results: Are analysts not learning lessons or is the company faltering?,DIRECTLY_RELEVANT,"Infosys Q4 FY24 earnings, revenue, InSemi acquisition, contracts, hiring, or share price performance."
20240418183000-T2375,20240418183000,akm.ru,https://www.akm.ru/news/infosys_priobretaet_in_tech/,Infosys приобретает In-Tech,DIRECTLY_RELEVANT,"Infosys Q4 FY24 earnings, revenue, InSemi acquisition, contracts, hiring, or share price performance."
20240418190000-684,20240418190000,thetimes.co.uk,https://www.thetimes.co.uk/article/akshata-murty-in-line-for-multimillion-pound-infosys-payout-59508rhrv,Akshata Murty in line for multimillion-pound Infosys payout,NOT_RELEVANT,"Narayana Murthy / Sudha Murty non-corporate lifestyle, family memoir, flight encounter, or 70-hour work week viral debate"
20240418191500-427,20240418191500,theindianawaaz.com,https://theindianawaaz.com/final-trade-april-18-indices-continue-to-fall-for-fourth-session-nifty-gives-up-22000-sensex-drops-455/,"FINAL TRADE APRIL 18: Indices continue to fall for fourth session; Nifty gives up 22,000, Sensex drops 455",NOT_RELEVANT,Unrelated candidate
20240418191500-622,20240418191500,indianewengland.com,https://indianewengland.com/infosys-full-year-employee-strength-drops-for-1st-time-in-23-years/,Infosys' full-year employee strength drops for 1st time in 23 years,DIRECTLY_RELEVANT,"Infosys Q4 FY24 earnings, revenue, InSemi acquisition, contracts, hiring, or share price performance."
20240418191500-1060,20240418191500,yahoo.com,https://finance.yahoo.com/news/infosys-sales-forecast-falls-short-134616660.html,Infosys Sales Forecast Falls Short as Clients Stay Cautious,DIRECTLY_RELEVANT,"Infosys Q4 FY24 earnings, revenue, InSemi acquisition, contracts, hiring, or share price performance."
20240418191500-1310,20240418191500,newzealandstar.com,https://www.newzealandstar.com/news/274285099/net-profit-of-infosys-jumps-30-pc-in-fourth-quarter,Net profit of Infosys jumps 30 pc in fourth quarter,DIRECTLY_RELEVANT,"Infosys Q4 FY24 earnings, revenue, InSemi acquisition, contracts, hiring, or share price performance."
20240418193000-2364,20240418193000,financialexpress.com,https://www.financialexpress.com/business/industry-kpmg-inaugurates-innovation-centre-in-bengaluru-to-launch-next-such-centre-in-gurugram-3461429/,KPMG inaugurates innovation centre in Bengaluru; to launch next such centre in Gurugram,NOT_RELEVANT,Unrelated candidate
20240418193000-1648,20240418193000,targetednews.com,https://targetednews.com/pr_disp.php?pr_id=8580694,Targeted News Service,NOT_RELEVANT,Unrelated candidate
20240418194500-1737,20240418194500,indusage.com.au,https://www.indusage.com.au/infosys-posts-30-per-cent-jump-in-q4-net-profit-declares-dividend-of-rs-20-per-share/,"Infosys posts 30 per cent jump in Q4 net profit, declares dividend of Rs 20 per share – Indusage",DIRECTLY_RELEVANT,"Infosys Q4 FY24 earnings, revenue, InSemi acquisition, contracts, hiring, or share price performance."
20240418200000-1770,20240418200000,yourstory.com,https://social.yourstory.com:443/2024/04/infosys-net-profit-rises-30-in-q4-fy24-offers-weak-revenue-guidance-for-fy25,Infosys net profit rises 30% in Q4 FY24; offers weak revenue guidance for FY25,DIRECTLY_RELEVANT,"Infosys Q4 FY24 earnings, revenue, InSemi acquisition, contracts, hiring, or share price performance."
20240418201500-99,20240418201500,bnnbloomberg.ca,https://www.bnnbloomberg.ca/markets-today-treasuries-hit-as-hawkish-u-s-fed-views-keep-piling-up-1.2060506,Markets today: Treasuries hit as hawkish U.S. Fed views keep piling up,NOT_RELEVANT,Unrelated candidate
20240418201500-2291,20240418201500,urdupoint.com,https://www.urdupoint.com/en/world/indian-it-giant-infosys-posts-lower-than-expe-1816306.html,Indian IT Giant Infosys Posts Lower Than Expected Revenue Growth,DIRECTLY_RELEVANT,"Infosys Q4 FY24 earnings, revenue, InSemi acquisition, contracts, hiring, or share price performance."
20240418210000-844,20240418210000,streetinsider.com,https://www.streetinsider.com/Analyst+Comments/Infosys+Technologies+(INFY)+PT+Lowered+to+$18+at+BMO+Capital/23086379.html,Infosys Technologies (INFY) PT Lowered to $18 at BMO Capital,DIRECTLY_RELEVANT,"Infosys Q4 FY24 earnings, revenue, InSemi acquisition, contracts, hiring, or share price performance."
20240418210000-1198,20240418210000,swissinfo.ch,https://www.swissinfo.ch/eng/treasuries-hit-as-hawkish-fed-views-keep-piling-up%3a-markets-wrap/75939974,Treasuries Hit as Hawkish Fed Views Keep Piling Up: Markets Wrap,NOT_RELEVANT,Unrelated candidate
20240418210000-1851,20240418210000,biztoc.com,https://biztoc.com/x/54fdd4982228fe5d,Infosys Board Meeting: Key Decisions Unrevealed,DIRECTLY_RELEVANT,"Infosys Q4 FY24 earnings, revenue, InSemi acquisition, contracts, hiring, or share price performance."
20240418220000-41,20240418220000,yourstory.com,https://her.yourstory.com:443/2021/04/nitin-gadkari-electric-vehicles-amazon-smbhav-mahindra-electric-evage,Nitin Gadkari flags off fleet of EVs at Amazon Smbhav Summit 2021,NOT_RELEVANT,Unrelated candidate
20240418221500-1533,20240418221500,indiatimes.com,https://timesofindia.indiatimes.com/business/india-business/infosys-reports-lowest-annual-revenue-growth-of-14-in-43-year-history/articleshow/109412937.cms,Infosys Reports Lowest Annual Revenue Growth of 1.4% in 43-Year History | India Business News,DIRECTLY_RELEVANT,"Infosys Q4 FY24 earnings, revenue, InSemi acquisition, contracts, hiring, or share price performance."
20240418221500-1427,20240418221500,indiatimes.com,https://timesofindia.indiatimes.com/business/india-business/infosys-returns-11-lakh-crore-to-shareholders-in-5-fiscal-years/articleshow/109413172.cms,Infosys Returns 1.1 Lakh Crore to Shareholders in 5 Fiscal Years | India Business News,DIRECTLY_RELEVANT,"Infosys Q4 FY24 earnings, revenue, InSemi acquisition, contracts, hiring, or share price performance."
20240418221500-1995,20240418221500,investopedia.com,https://www.investopedia.com/infosys-falls-after-reporting-results-here-is-why-8635650,Infosys Falls After Reporting Results—Here's Why,DIRECTLY_RELEVANT,"Infosys Q4 FY24 earnings, revenue, InSemi acquisition, contracts, hiring, or share price performance."
20240418223000-1920,20240418223000,financialexpress.com,https://www.financialexpress.com/business/industry-pharma-exports-grow-10-in-fy24-despite-global-disruptions-quality-concerns-3461468/,"Pharma exports grow 10% in FY24 despite global disruptions, quality concerns",NOT_RELEVANT,Unrelated candidate
20240418224500-1895,20240418224500,staffingindustry.com,https://www2.staffingindustry.com/Editorial/Daily-News/Infosys-reports-Q4-revenue-flat-announces-485-million-in-tech-acquisition-69071,"Infosys reports Q4 revenue flat, announces $485 million in-tech acquisition",DIRECTLY_RELEVANT,"Infosys Q4 FY24 earnings, revenue, InSemi acquisition, contracts, hiring, or share price performance."
20240418230000-1491,20240418230000,financialexpress.com,https://www.financialexpress.com/business/industry-competition-debt-punch-holes-in-fabindia-sales-3461498/,"Competition, debt punch holes in Fabindia sales",NOT_RELEVANT,Unrelated candidate
20240418230000-121,20240418230000,financialexpress.com,https://www.financialexpress.com/business/industry-renew-signs-pact-with-japans-jera-for-green-ammonia-project-3461534/,ReNew signs pact with Japan's JERA for green ammonia project - Industry News,NOT_RELEVANT,Unrelated candidate
20240418230000-417,20240418230000,financialexpress.com,https://www.financialexpress.com/business/industry-jsw-steel-lenders-in-talks-to-refinance-rs-7500-crore-debt-3461512/,"JSW Steel lenders in talks to refinance Rs 7,500-crore debt",NOT_RELEVANT,Unrelated candidate
20240418230000-528,20240418230000,financialexpress.com,https://www.financialexpress.com/business/industry-zeptos-market-share-grows-to-28-as-it-eats-into-swiggys-instamart-3461484/,Zepto's market share grows to 28% as it eats into Swiggy's Instamart - Industry News,NOT_RELEVANT,Unrelated candidate
20240419001500-347,20240419001500,thfire.com,https://www.thfire.com/job-opportunities/jobs-in-india/infosys-bpo-offers-process-executives-voice-process-jobs-1826,Infosys Bpo offers Process Executives (Voice Process) jobs,DIRECTLY_RELEVANT,"Infosys Q4 FY24 earnings, revenue, InSemi acquisition, contracts, hiring, or share price performance."
20240419001500-122,20240419001500,thetimes.co.uk,https://www.thetimes.co.uk/article/18ntk-trvlwph7k,Your three-minute digest,NOT_RELEVANT,Unrelated candidate
20240419001500-1361,20240419001500,indianexpress.com,https://indianexpress.com/article/business/companies/infosys-posts-30-rise-in-q4-profit-9278495/,Infosys posts 30% rise in Q4 profit,DIRECTLY_RELEVANT,"Infosys Q4 FY24 earnings, revenue, InSemi acquisition, contracts, hiring, or share price performance."
20240419004500-44,20240419004500,indiatimes.com,https://timesofindia.indiatimes.com/city/hubballi/general-observer-reviews-poll-preparations-in-dharwad/articleshow/109415710.cms,Election Commission Of India: General Observer Reviews Poll Preparations In Dharwad | Hubballi News,NOT_RELEVANT,Unrelated candidate
20240419004500-T618,20240419004500,lecourrier.vn,https://lecourrier.vn/infosys-voit-son-chiffe-daffaires-affecte-par-des-commandes-americaines-au-ralenti/1230358.html,Infosys voit son chiffe d'affaires affecté par des commandes américaines au ralenti,DIRECTLY_RELEVANT,"Infosys Q4 FY24 earnings, revenue, InSemi acquisition, contracts, hiring, or share price performance."
20240419010000-T60,20240419010000,indiatimes.com,https://navbharattimes.indiatimes.com/business/share-market/share-news/stock-market-prediction-today-these-shares-including-poly-medicure-showing-bullishness-will-you-bet/articleshow/109411126.cms,"Stock Market Prediction Today these shares including Poly Medicure showing bullishness will you bet: थर्राए बाजार में आज Poly Medicure समेत इन शेयरों से कमाल की आस, लगाएंगे दांव?",NOT_RELEVANT,Unrelated candidate
20240419011500-1201,20240419011500,indiatimes.com,https://economictimes.indiatimes.com/markets/stocks/news/stocks-in-news-infosys-wipro-bajaj-auto-jio-financial-hdfc-amc-hindustan-zinc/articleshow/109416407.cms,"Stocks in News: Infosys, Wipro, Bajaj Auto, Jio Financial, HDFC AMC, Hindustan Zinc",DIRECTLY_RELEVANT,"Infosys Q4 FY24 earnings, revenue, InSemi acquisition, contracts, hiring, or share price performance."
20240419011500-163,20240419011500,indiatimes.com,https://economictimes.indiatimes.com/tech/information-tech/infosys-q4-net-profit-jumps-30-company-buys-german-tech-firm-for-450-million/articleshow/109412111.cms,Infosys: Infosys Q4 net profit jumps 30%; company buys German tech firm for €450 million,DIRECTLY_RELEVANT,"Infosys Q4 FY24 earnings, revenue, InSemi acquisition, contracts, hiring, or share price performance."
20240419011500-84,20240419011500,indiatimes.com,https://economictimes.indiatimes.com/markets/stocks/earnings/infosys-q4-net-profit-jumps-30-company-buys-german-tech-firm-for-rs-450-million/articleshow/109416200.cms,Infosys Q4 net profit jumps 30%; company buys German tech firm for Rs 450 million,DIRECTLY_RELEVANT,"Infosys Q4 FY24 earnings, revenue, InSemi acquisition, contracts, hiring, or share price performance."
20240419013000-83,20240419013000,swissinfo.ch,https://www.swissinfo.ch/eng/asian-stocks-fall-as-yen-in-range-after-japan-cpi%3a-markets-wrap/76005038,Asian Stocks Fall as Yen in Range After Japan CPI: Markets Wrap,NOT_RELEVANT,Unrelated candidate
20240419020000-500,20240419020000,indianexpress.com,https://indianexpress.com/shorts/cities/bangalore/congress-councillor-daughter-stabbed-in-karnataka-9278350/,Congress councillor's daughter stabbed to death on college campus in Karnataka,NOT_RELEVANT,"Narayana Murthy / Sudha Murty non-corporate lifestyle, family memoir, flight encounter, or 70-hour work week viral debate"
20240419021500-14,20240419021500,thehindubusinessline.com,https://www.thehindubusinessline.com/portfolio/day-trading-guide/day-trading-guide-for-april-19/article68079754.ece,"Day trading guide for April 19, 2024: Intraday supports, resistances for Nifty50 stocks",NOT_RELEVANT,Unrelated candidate
20240419021500-322,20240419021500,thehindubusinessline.com,https://www.thehindubusinessline.com/markets/share-market-nifty-sensex-live-updates-19-april-2024/article68079637.ece,"Stock Market Live Updates 19 April 2024: Asia stocks weaken on US sell-off, Fed's hawkish stance",NOT_RELEVANT,Unrelated candidate
20240419021500-T341,20240419021500,dutchitchannel.nl,https://www.dutchitchannel.nl/news/431026/infosys-koopt-duitse-automotive-specialist-in-tech,Dutch IT Channel - Infosys koopt Duitse automotive specialist in-tech,DIRECTLY_RELEVANT,"Infosys Q4 FY24 earnings, revenue, InSemi acquisition, contracts, hiring, or share price performance."
20240419023000-1399,20240419023000,moneycontrol.com,https://www.moneycontrol.com/news/business/markets/stock-market-today-top-10-things-to-know-before-the-market-opens-274-12670461.html,Stock Market Today: Top 10 things to know before the market opens,NOT_RELEVANT,Unrelated candidate
20240419024500-82,20240419024500,financialexpress.com,https://www.financialexpress.com/business/industry-bling-it-on-branded-jewellery-stores-set-to-mushroom-3461554/,Bling it on! Branded jewellery stores set to mushroom,NOT_RELEVANT,Unrelated candidate
20240419024500-280,20240419024500,yourstory.com,https://her.yourstory.com:443/2024/04/will-funding-winter-thaw-in-2024-dailyhunt-acquires-magzter,Will funding winter thaw in 2024?; Dailyhunt acquires Magzter,NOT_RELEVANT,Unrelated candidate
20240419024500-248,20240419024500,financialexpress.com,https://www.financialexpress.com/business/industry-poll-day-e-commerce-players-plan-levy-3461581/,Poll day: E-commerce players plan levy,NOT_RELEVANT,Unrelated candidate
20240419024500-259,20240419024500,financialexpress.com,https://www.financialexpress.com/business/industry-poll-day-e-commerce-players-plan-levynbsp-3461581/,Poll day: E-commerce players plan levy,NOT_RELEVANT,Unrelated candidate
20240419024500-1356,20240419024500,financialexpress.com,https://www.financialexpress.com/business/industry-big-jump-in-ujjwala-lpg-numbers-103-3-mn-in-fy24-3461569/,Big jump in Ujjwala LPG numbers; 103.3 mn in FY24 - Industry News,NOT_RELEVANT,Unrelated candidate
20240419024500-155,20240419024500,financialexpress.com,https://www.financialexpress.com/business/industry-out-of-court-insolvency-resolution-to-get-a-leg-up-3461568/,Out-of-court insolvency resolution to get a leg up,NOT_RELEVANT,Unrelated candidate
20240419024500-1090,20240419024500,crn.com.au,https://www.crn.com.au/news/team-global-express-taps-infosys-for-cloud-transformation-607227,Team Global Express taps Infosys for cloud transformation,DIRECTLY_RELEVANT,"Infosys Q4 FY24 earnings, revenue, InSemi acquisition, contracts, hiring, or share price performance."
20240419024500-629,20240419024500,financialexpress.com,https://www.financialexpress.com/market/stocks-to-watch-nestle-gokaldas-exports-infosys-wipro-rvnl-bse-itc-concor-jio-finance-3461634/,"Stocks To Watch: Nestle, Gokaldas Exports, Infosys, Wipro, RVNL, BSE, ITC, CONCOR, Jio Finance - Market News",DIRECTLY_RELEVANT,"Infosys Q4 FY24 earnings, revenue, InSemi acquisition, contracts, hiring, or share price performance."
20240419024500-310,20240419024500,indiatimes.com,https://timesofindia.indiatimes.com/business/india-business/indias-quantum-computing-journey-from-1924-to-present/articleshow/109416749.cms,India's Quantum Computing Journey: From 1924 to Present | India Business News,NOT_RELEVANT,"Narayana Murthy / Sudha Murty non-corporate lifestyle, family memoir, flight encounter, or 70-hour work week viral debate"
20240419030000-238,20240419030000,marketscreener.com,https://www.marketscreener.com/news/latest/Indian-shares-set-to-drop-on-reports-of-escalating-Middle-East-tensions-46474067/,Indian shares set to drop on reports of escalating Middle East tensions,NOT_RELEVANT,Unrelated candidate
20240419030000-821,20240419030000,thestatesman.com,https://www.thestatesman.com/supplements/marquee/two-streams-of-indian-classical-music-1503291758.html,Two streams of Indian classical music - The Statesman,NOT_RELEVANT,Unrelated candidate
20240419030000-T719,20240419030000,bhaskar.com,https://www.bhaskar.com/business/news/extra-sugar-in-nestles-baby-foods-132897419.html,"Extra sugar in Nestles baby foods | नेस्ले के बेबी फूड्स में एक्स्ट्रा शुगर: केंद्र ने कहा- जांच कराई जाएगी, ED ने शिल्पा शेट्टी का फ्लैट अटैच किया",NOT_RELEVANT,Unrelated candidate
20240419031500-605,20240419031500,thefastmode.com,https://www.thefastmode.com/technology-solutions/35659-proximus-teams-up-with-infosys-to-overhaul-customer-service-platform,Proximus Teams Up with Infosys to Overhaul Customer Service Platform,DIRECTLY_RELEVANT,"Infosys Q4 FY24 earnings, revenue, InSemi acquisition, contracts, hiring, or share price performance."
20240419031500-736,20240419031500,swissinfo.ch,https://www.swissinfo.ch/eng/stocks-drop%2c-treasuries-climb-amid-mideast-tension%3a-markets-wrap/76005038,"Stocks Drop, Treasuries Climb Amid Mideast Tension: Markets Wrap",NOT_RELEVANT,Unrelated candidate
20240419031500-1051,20240419031500,indiatimes.com,https://economictimes.indiatimes.com/markets/stocks/news/big-movers-on-d-street-what-should-investors-do-with-infosys-just-dial-and-tata-motors/articleshow/109417432.cms,"Big movers on D-Street: What should investors do with Infosys, Just Dial and Tata Motors?",DIRECTLY_RELEVANT,"Infosys Q4 FY24 earnings, revenue, InSemi acquisition, contracts, hiring, or share price performance."
20240419031500-159,20240419031500,indiatimes.com,https://economictimes.indiatimes.com/tech/newsletters/morning-dispatch/flipkart-zepto-deal-talks-drop-out-of-cart/articleshow/109416680.cms,Flipkart-Zepto deal talks drop out of cart,NOT_RELEVANT,Unrelated candidate
20240419033000-33,20240419033000,dailyexcelsior.com,https://www.dailyexcelsior.com/markets-end-lower-for-4th-straight-session-amid-heavy-fluctuations/,Markets end lower for 4th straight session amid heavy fluctuations,NOT_RELEVANT,Unrelated candidate
20240419033000-190,20240419033000,businesstoday.in,https://www.businesstoday.in/markets/company-stock/story/infosys-q4-results-bring-earnings-share-price-target-cuts-should-you-buy-hold-or-sell-stock-426055-2024-04-19,"Infosys Q4 results bring earnings, share price target cuts; should you buy, hold or sell stock?",DIRECTLY_RELEVANT,"Infosys Q4 FY24 earnings, revenue, InSemi acquisition, contracts, hiring, or share price performance."
20240419033000-58,20240419033000,businesstoday.in,https://www.businesstoday.in/markets/stock-picks/story/stocks-in-the-news-jio-financial-wipro-itc-bajaj-auto-infosys-rvnl-and-more-426053-2024-04-19,"Stocks in the news: Jio Financial, Wipro, ITC, Bajaj Auto, Infosys, RVNL and more",DIRECTLY_RELEVANT,"Infosys Q4 FY24 earnings, revenue, InSemi acquisition, contracts, hiring, or share price performance."
20240419034500-608,20240419034500,moneycontrol.com,https://www.moneycontrol.com/news/business/markets/analysts-fear-heightened-supply-risks-as-middle-east-crisis-sends-crude-soaring-over-3-12672541.html,Analysts fear heightened supply risks as Middle East crisis sends crude soaring over 3%,NOT_RELEVANT,Unrelated candidate
20240419034500-1007,20240419034500,swissinfo.ch,https://www.swissinfo.ch/eng/stocks-tumble-as-havens-soar-on-mideast-reports%3a-markets-wrap/76005038,Stocks Tumble as Havens Soar on Mideast Reports: Markets Wrap,NOT_RELEVANT,Unrelated candidate
20240419034500-615,20240419034500,moneycontrol.com,https://www.moneycontrol.com/news/business/markets/daily-voice-this-fund-manager-sees-value-emerging-in-it-but-is-bearish-on-fmcg-12671671.html,Daily Voice: This fund manager sees value emerging in IT but is bearish on FMCG,NOT_RELEVANT,Unrelated candidate
20240419034500-1335,20240419034500,news18.com,https://www.news18.com/business/stocks-to-watch-wipro-infosys-jio-financial-hindustan-zinc-itc-tata-motors-and-others-8857928.html,"Stocks to Watch: Wipro, Infosys, Jio Financial, Hindustan Zinc, ITC, Tata Motors, and Others",DIRECTLY_RELEVANT,"Infosys Q4 FY24 earnings, revenue, InSemi acquisition, contracts, hiring, or share price performance."
20240419040000-675,20240419040000,dnaindia.com,https://www.dnaindia.com/business/report-ajit-abraham-isaac-quess-bought-most-expensive-property-on-bengaluru-billionaire-street-sudha-murty-also-3086010,"Meet man who has bought most expensive property on Bengaluru's 'Billionaire Street', Sudha Murty also...",NOT_RELEVANT,"Narayana Murthy / Sudha Murty non-corporate lifestyle, family memoir, flight encounter, or 70-hour work week viral debate"
20240419040000-370,20240419040000,business-standard.com,https://www.business-standard.com/markets/news/stock-market-live-updates-april-19-sensex-nifty-infosys-iran-israel-lok-sabha-elections-2024-124041900125_1.html,"Stock Market LIVE: Sensex declines 500 pts in pre-open, Nifty near 21,850; Infy down 4%",DIRECTLY_RELEVANT,"Infosys Q4 FY24 earnings, revenue, InSemi acquisition, contracts, hiring, or share price performance."
20240419041500-818,20240419041500,indiatimes.com,https://timesofindia.indiatimes.com/business/india-business/indias-infosys-falls-as-annual-revenue-outlook-disappoints/articleshow/109419820.cms,India's Infosys falls as annual revenue outlook disappoints,DIRECTLY_RELEVANT,"Infosys Q4 FY24 earnings, revenue, InSemi acquisition, contracts, hiring, or share price performance."
20240419041500-T151,20240419041500,bhaskar.com,https://divyamarathi.bhaskar.com/business/news/infosys-profit-9-double-revenue-132897784.html,"Infosys profit 9%, double revenue | इन्फोसिसचा नफा 9%, उत्पन्नापेक्षा दुप्पट: 2023-24 मध्ये 1.5 लाख कोटींचा विक्रमी करार, गेल्या तिमाहीत 44% ने वाढ",DIRECTLY_RELEVANT,"Infosys Q4 FY24 earnings, revenue, InSemi acquisition, contracts, hiring, or share price performance."
20240419043000-T589,20240419043000,indiatimes.com,https://navbharattimes.indiatimes.com/business/share-market/share-news/baby-food-sugar-controversy-nestle-india-see-worst-day-in-3-years/articleshow/109417695.cms,नेस्त्ले इंडिया के शेयर में 3% से अधिक गिरावट का असर,NOT_RELEVANT,Unrelated candidate
20240419043000-T1610,20240419043000,tarunbharat.com,https://www.tarunbharat.com/the-decline-continued-for-the-fourth-straight-session/,The decline continued for the fourth straight session,NOT_RELEVANT,Unrelated candidate
20240419043000-T2298,20240419043000,zonebourse.com,https://www.zonebourse.com/cours/action/INFOSYS-LIMITED-9743342/actualite/ACTIONS-INDIENNES-Les-inquietudes-sur-le-Moyen-Orient-font-baisser-les-actions-indiennes-Infosy-46474228/,ACTIONS INDIENNES - Les inquiétudes sur le Moyen-Orient font baisser les actions indiennes ; Infosys tire les actions des technologies de l'information vers le bas,DIRECTLY_RELEVANT,"Infosys Q4 FY24 earnings, revenue, InSemi acquisition, contracts, hiring, or share price performance."
20240419043000-T1619,20240419043000,tarunbharat.com,https://www.tarunbharat.com/30-percent-increase-in-infosys-profit/,30 percent increase in Infosys profit,DIRECTLY_RELEVANT,"Infosys Q4 FY24 earnings, revenue, InSemi acquisition, contracts, hiring, or share price performance."
20240419043000-T2332,20240419043000,zonebourse.com,https://www.zonebourse.com/cours/action/INFOSYS-LIMITED-9743342/actualite/L-entreprise-indienne-Infosys-chute-en-raison-de-previsions-de-revenus-annuels-decevantes-46474222/,L'entreprise indienne Infosys chute en raison de prévisions de revenus annuels décevantes,DIRECTLY_RELEVANT,"Infosys Q4 FY24 earnings, revenue, InSemi acquisition, contracts, hiring, or share price performance."
20240419043000-797,20240419043000,marketscreener.com,https://www.marketscreener.com/quote/stock/INFOSYS-LIMITED-9743342/news/INDIA-STOCKS-Middle-East-worries-pull-down-Indian-shares-Infosys-drags-IT-stocks-46474228/,INDIA STOCKS-Middle East worries pull down Indian shares; Infosys drags IT stocks,DIRECTLY_RELEVANT,"Infosys Q4 FY24 earnings, revenue, InSemi acquisition, contracts, hiring, or share price performance."
20240419043000-288,20240419043000,marketscreener.com,https://www.marketscreener.com/quote/stock/INFOSYS-LIMITED-9743342/news/India-s-Infosys-falls-as-annual-revenue-outlook-disappoints-46474222/,India's Infosys falls as annual revenue outlook disappoints,DIRECTLY_RELEVANT,"Infosys Q4 FY24 earnings, revenue, InSemi acquisition, contracts, hiring, or share price performance."
20240419043000-887,20240419043000,indiatimes.com,https://economictimes.indiatimes.com/markets/stocks/earnings/q4-results-today-wipro-jio-financial-among-15-companies-to-announce-earnings/articleshow/109418664.cms,"Q4 results today: Wipro, Jio Financial among 15 companies to announce earnings",NOT_RELEVANT,Unrelated candidate
20240419043000-97,20240419043000,moneycontrol.com,https://www.moneycontrol.com/news/business/infosys-q4fy24-disappointing-quarter-attractive-valuation-12672711.html,"Infosys Q4 FY24: Disappointing quarter, attractive valuation",DIRECTLY_RELEVANT,"Infosys Q4 FY24 earnings, revenue, InSemi acquisition, contracts, hiring, or share price performance."
20240419044500-176,20240419044500,timesofoman.com,https://timesofoman.com/article/144535-india-stock-market-plunges-amid-escalating-iran-israel-tensions-sensex-nifty-record-steep-declines,India: Stock market plunges amid escalating Iran-Israel tensions; Sensex- Nifty record steep declines,NOT_RELEVANT,Unrelated candidate
20240419044500-877,20240419044500,swissinfo.ch,https://www.swissinfo.ch/eng/stocks-slump%2c-havens-surge-on-mideast-conflict%3a-markets-wrap/76005038,"Stocks Slump, Havens Surge on Mideast Conflict: Markets Wrap",NOT_RELEVANT,Unrelated candidate
20240419044500-61,20240419044500,indiatimes.com,https://economictimes.indiatimes.com/markets/stocks/news/sensex-plunges-600-points-tracking-weak-asian-cues-as-mideast-conflict-intensifies/articleshow/109419846.cms,Sensex plunges 600 points tracking weak Asian cues as Mideast conflict intensifies,NOT_RELEVANT,Unrelated candidate
20240419044500-525,20240419044500,indiatimes.com,https://economictimes.indiatimes.com/markets/stocks/news/hot-stocks-brokerage-view-on-tvs-motor-infosys-bajaj-auto-and-hdfc-life/articleshow/109420249.cms,"stock recommendations: Hot Stocks: Brokerage view on TVS Motor, Infosys, Bajaj Auto and HDFC Life",DIRECTLY_RELEVANT,"Infosys Q4 FY24 earnings, revenue, InSemi acquisition, contracts, hiring, or share price performance."
20240419044500-643,20240419044500,indiatimes.com,https://economictimes.indiatimes.com/markets/stocks/news/infosys-shares-drop-3-on-q4-miss-should-you-buy-sell-or-hold/articleshow/109420310.cms,"Infosys shares drop 3% on Q4 miss. Should you buy, sell or hold?",DIRECTLY_RELEVANT,"Infosys Q4 FY24 earnings, revenue, InSemi acquisition, contracts, hiring, or share price performance."
20240419044500-10,20240419044500,indiatimes.com,https://economictimes.indiatimes.com/markets/expert-view/why-hasnt-infosys-upgraded-margin-guidance-if-tcvs-are-at-record-high-sandip-agarwal-asks/articleshow/109406476.cms,Infosys Q4 result | Infosys share price: Why hasn't Infosys upgraded margin guidance if TCVs are at record high? Sandip Agarwal asks,DIRECTLY_RELEVANT,"Infosys Q4 FY24 earnings, revenue, InSemi acquisition, contracts, hiring, or share price performance."
20240419044500-1188,20240419044500,moneycontrol.com,https://www.moneycontrol.com/news/business/earnings/infosys-trades-lower-after-q4-earnings-miss-expectations-brokerages-slash-targets-12673061.html,"Infosys trades lower after Q4 earnings miss expectations, brokerages slash targets",DIRECTLY_RELEVANT,"Infosys Q4 FY24 earnings, revenue, InSemi acquisition, contracts, hiring, or share price performance."
20240419044500-589,20240419044500,thehindubusinessline.com,https://www.thehindubusinessline.com/markets/stocks-that-will-see-action-today-april-19-2024/article68082332.ece,"Stocks that will see action today: April 19, 2024 - The Hindu BusinessLine",NOT_RELEVANT,Unrelated candidate
20240419044500-454,20240419044500,indianexpress.com,https://indianexpress.com/article/business/market/stock-market-live-updates-sensex-nifty-50-rupee-to-dollar-oil-price-9278889/,"Stock Market Live Updates: Sensex, Nifty makes gap down start",NOT_RELEVANT,Unrelated candidate
20240419044500-113,20240419044500,indiatimes.com,https://economictimes.indiatimes.com/markets/stocks/recos/buy-infosys-target-price-rs-1650-motilal-oswal/articleshow/109419434.cms,"Infosys stocks: Buy Infosys, target price Rs 1650: Motilal Oswal",DIRECTLY_RELEVANT,"Infosys Q4 FY24 earnings, revenue, InSemi acquisition, contracts, hiring, or share price performance."
20240419050000-241,20240419050000,rttnews.com,https://www.rttnews.com/story.aspx?Id=3440051,"Sensex, Nifty Extend Losses As Israel Launches Strike On Iran",NOT_RELEVANT,Unrelated candidate
20240419050000-64,20240419050000,usnews.com,https://www.usnews.com/news/technology/articles/2024-04-18/indias-infosys-falls-as-annual-revenue-outlook-disappoints,India's Infosys Falls as Annual Revenue Outlook Disappoints,DIRECTLY_RELEVANT,"Infosys Q4 FY24 earnings, revenue, InSemi acquisition, contracts, hiring, or share price performance."
20240419050000-925,20240419050000,freepressjournal.in,https://www.freepressjournal.in/business/indices-start-in-red-again-as-rising-tension-in-middle-east-keeps-market-on-its-toes,"Indices Start In Red Again, As Rising Tension In Middle East Keeps Market On Its Toes",NOT_RELEVANT,Unrelated candidate
20240419050000-1010,20240419050000,thehindu.com,https://www.thehindu.com/elections/andhra-pradesh-assembly/ysrcp-is-committed-to-development-of-vizag-says-botcha-satyanarayana/article68080372.ece,"YSRCP is committed to development of Vizag, says Botcha Satyanarayana",NOT_RELEVANT,Unrelated candidate
20240419050000-T1742,20240419050000,amarujala.com,https://www.amarujala.com/business/bazaar/sensex-opening-bell-share-market-opening-sensex-nifty-share-market-news-and-updates-2024-04-19,"Sensex Opening Bell Share Market Opening Sensex Nifty Share Market News And Updates - Amar Ujala Hindi News Live - Sensex Opening Bell:शेयर बाजार में बिकवाली जारी; सेंसेक्स और 600 अंक टूटा, निफ्टी 22000 के नीचे आया",NOT_RELEVANT,Unrelated candidate
20240419051500-634,20240419051500,rttnews.com,https://www.rttnews.com/3440051/sensex-nifty-extend-losses-as-israel-launches-strike-on-iran.aspx,"Sensex, Nifty Extend Losses As Israel Launches Strike On Iran",NOT_RELEVANT,Unrelated candidate
20240419053000-1005,20240419053000,india.com,https://zeenews.india.com/companies/infosys-full-year-employee-strength-drops-for-1st-time-in-23-years-2741768.html,Infosys' Full-year Employee Strength Drops For 1st Time In 23 Years | Companies News,DIRECTLY_RELEVANT,"Infosys Q4 FY24 earnings, revenue, InSemi acquisition, contracts, hiring, or share price performance."
20240419053000-677,20240419053000,marketscreener.com,https://www.marketscreener.com/quote/stock/INFOSYS-LIMITED-9743342/news/INDIA-STOCKS-Middle-East-worries-weigh-down-Indian-shares-Infosys-drags-IT-stocks-46474228/,INDIA STOCKS-Middle East worries weigh down Indian shares; Infosys drags IT stocks,DIRECTLY_RELEVANT,"Infosys Q4 FY24 earnings, revenue, InSemi acquisition, contracts, hiring, or share price performance."
20240419053000-888,20240419053000,indianexpress.com,https://indianexpress.com/shorts/world/israel-missile-hit-iran-9278755/,"Israeli missiles hit site in Iran, says media report",NOT_RELEVANT,Unrelated candidate
20240419053000-123,20240419053000,moneycontrol.com,https://www.moneycontrol.com/news/business/hold-infosys-target-of-rs-1375-prabhudas-lilladher-12673361.html,Hold Infosys; target of Rs 1375: Prabhudas Lilladher,DIRECTLY_RELEVANT,"Infosys Q4 FY24 earnings, revenue, InSemi acquisition, contracts, hiring, or share price performance."
20240419053000-1200,20240419053000,yahoo.com,https://finance.yahoo.com/news/indias-infosys-falls-annual-revenue-035359936.html,India's Infosys falls as annual revenue outlook disappoints,DIRECTLY_RELEVANT,"Infosys Q4 FY24 earnings, revenue, InSemi acquisition, contracts, hiring, or share price performance."
20240419053000-949,20240419053000,moneycontrol.com,https://www.moneycontrol.com/news/business/earnings/infosys-standalone-march-2024-net-sales-at-rs-32001-00-crore-up-4-81-y-o-y-12673811.html,"Infosys Standalone March 2024 Net Sales at Rs 32,001.00 crore, up 4.81% Y-o-Y",DIRECTLY_RELEVANT,"Infosys Q4 FY24 earnings, revenue, InSemi acquisition, contracts, hiring, or share price performance."
20240419054500-17,20240419054500,theusnews.com,https://www.theusnews.com/news/274287111/stock-market-plunges-amid-escalating-iran-israel-tensions-sensex--nifty-record-steep-declines,Stock market plunges amid escalating Iran-Israel tensions; Sensex- Nifty record steep declines,NOT_RELEVANT,Unrelated candidate
20240419054500-325,20240419054500,indianexpress.com,https://indianexpress.com/article/business/market/infosys-share-price-march-quarter-q4-results-9279044/,Infosys shares slip 1% after March quarter result miss expectations,DIRECTLY_RELEVANT,"Infosys Q4 FY24 earnings, revenue, InSemi acquisition, contracts, hiring, or share price performance."
20240419054500-832,20240419054500,moneycontrol.com,https://www.moneycontrol.com/news/business/stocks/buy-infosys-target-of-rs-1738-religare-retail-research-2-12673901.html,Buy Infosys; target of Rs 1738: Religare Retail Research,DIRECTLY_RELEVANT,"Infosys Q4 FY24 earnings, revenue, InSemi acquisition, contracts, hiring, or share price performance."
20240419054500-633,20240419054500,indiatimes.com,https://economictimes.indiatimes.com/markets/stocks/stock-watch/stock-market-update-fertilisers-stocks-down-as-market-falls/articleshow/109421199.cms,Stock Market Sectors: Stock market update: Fertilisers stocks down as market falls,NOT_RELEVANT,Unrelated candidate
20240419054500-419,20240419054500,indiatimes.com,https://economictimes.indiatimes.com/markets/stocks/stock-watch/stock-market-update-power-stocks-down-as-market-falls/articleshow/109421708.cms,Stock Market Sectors: Stock market update: Power stocks down as market falls,NOT_RELEVANT,Unrelated candidate
20240419054500-T35,20240419054500,andhrajyothy.com,https://www.andhrajyothy.com/2024/business/stock-market-crash-during-election-april-19th-2024-four-lakh-crore-loss-in-a-short-time-sri-1241893.html,Stock Market: ఎన్నికల వేళ స్టాక్ మార్కెట్ పతనం..కొద్దిసేపట్లోనే 4 లక్షల కోట్లు ఖతం | Stock market crash during election april 19th 2024 four lakh crore loss in a short time sri,NOT_RELEVANT,Unrelated candidate
20240419060000-19,20240419060000,siasat.com,https://www.siasat.com/markets-tank-in-early-trade-as-middle-east-tensions-flare-up-3011319/,Markets tank in early trade as Middle East tensions flare-up,NOT_RELEVANT,Unrelated candidate
20240419060000-1311,20240419060000,indianexpress.com,https://indianexpress.com/shorts/political-pulse/mallikarjun-kharge-ayodhya-temple-scheduled-caste-discrimination-9278752/,Mallikarjun Kharge: 'My people still not allowed in temples…',NOT_RELEVANT,Unrelated candidate
20240419060000-1079,20240419060000,moneycontrol.com,https://www.moneycontrol.com/news/trends/perplexity-ais-aravind-srinivas-meets-nandan-nilekani-recalls-story-from-iit-madras-days-12673251.html,"Perplexity AI's Aravind Srinivas meets Nandan Nilekani, recalls story from IIT Madras days",NOT_RELEVANT,"Narayana Murthy / Sudha Murty non-corporate lifestyle, family memoir, flight encounter, or 70-hour work week viral debate"
20240419060000-1154,20240419060000,tribuneindia.com,https://www.tribuneindia.com/news/business/infosys-net-profit-up-30-in-q4-of-fy24-612259,Infosys' net profit up 30% in Q4 of FY24 : The Tribune India,DIRECTLY_RELEVANT,"Infosys Q4 FY24 earnings, revenue, InSemi acquisition, contracts, hiring, or share price performance."
20240419060000-639,20240419060000,livemint.com,https://www.livemint.com/market/stock-market-news/nifty-50-sensex-drop-nearly-1-amid-escalating-tensions-in-middle-east-nifty-it-index-fell-1-74-stock-market-11713498747671.html,"Nifty 50, Sensex drop nearly 1% amid escalating tensions in Middle East",NOT_RELEVANT,Unrelated candidate
20240419060000-456,20240419060000,bignewsnetwork.com,https://www.bignewsnetwork.com/news/274287111/stock-market-plunges-amid-escalating-iran-israel-tensions-sensex--nifty-record-steep-declines,Stock market plunges amid escalating Iran-Israel tensions; Sensex- Nifty record steep declines,NOT_RELEVANT,Unrelated candidate
20240419061500-1073,20240419061500,indiatimes.com,https://economictimes.indiatimes.com/markets/expert-view/iran-israel-conflict-sanjiv-bhasin-says-buy-these-4-stocks-utilising-the-dips/articleshow/109423102.cms,Iran-Israel conflict? Sanjiv Bhasin says buy these 4 stocks utilising the dips,NOT_RELEVANT,Unrelated candidate
20240419063000-619,20240419063000,telegraphindia.com,https://www.telegraphindia.com/feeds/business/infosys-q4-results-infosys-net-profit-up-30-per-cent-fy25-revenue-guidance-at-1-3-per-cent/cid/2014281,"Infosys | Infosys Q4 results: Infosys net profit up 30 per cent, FY25 revenue guidance at 1-3 per cent",DIRECTLY_RELEVANT,"Infosys Q4 FY24 earnings, revenue, InSemi acquisition, contracts, hiring, or share price performance."
20240419063000-660,20240419063000,moneycontrol.com,https://www.moneycontrol.com/news/business/markets/narayana-murthys-5-month-old-grandson-set-to-pocket-rs-4-2-crore-as-infosys-announces-dividend-12674761.html,Narayana Murthy's 5-month-old grandson set to pocket Rs 4.2 crore as Infosys announces dividend,DIRECTLY_RELEVANT,Infosys corporate results / valuation with founder commentary
20240419063000-386,20240419063000,thehindu.com,https://www.thehindu.com/business/markets/markets-tank-in-early-trade-as-middle-east-tensions-flare-up/article68082758.ece,Markets tank in early trade as Middle East tensions flare-up,NOT_RELEVANT,Unrelated candidate
20240419063000-1113,20240419063000,thehindubusinessline.com,https://www.thehindubusinessline.com/markets/stock-markets/sensex-nifty-open-lower-it-stocks-drag/article68082521.ece,"Sensex, Nifty open lower; IT stocks drag - The Hindu BusinessLine",NOT_RELEVANT,Unrelated candidate
20240419064500-1219,20240419064500,srilankasource.com,https://www.srilankasource.com/news/274287338/infosys-strong-large-deal-tcv-of-usd-45-billion-in-q4-and-record-usd-177-billion-in-fy24-create-robust-foundation-for-growth,Infosys: Strong large deal TCV of USD 4.5 billion in Q4 and record USD 17.7 billion in FY24 create robust foundation for growth,DIRECTLY_RELEVANT,"Infosys Q4 FY24 earnings, revenue, InSemi acquisition, contracts, hiring, or share price performance."
20240419064500-902,20240419064500,nigeriasun.com,https://www.nigeriasun.com/news/274287111/stock-market-plunges-amid-escalating-iran-israel-tensions-sensex--nifty-record-steep-declines,Stock market plunges amid escalating Iran-Israel tensions; Sensex- Nifty record steep declines,NOT_RELEVANT,Unrelated candidate
20240419064500-962,20240419064500,telegraphindia.com,https://www.telegraphindia.com/business/infosys-q4-results-infosys-net-profit-up-30-per-cent-fy25-revenue-guidance-at-1-3-per-cent/cid/2014281,"Infosys | Infosys Q4 results: Infosys net profit up 30 per cent, FY25 revenue guidance at 1-3 per cent",DIRECTLY_RELEVANT,"Infosys Q4 FY24 earnings, revenue, InSemi acquisition, contracts, hiring, or share price performance."
20240419064500-363,20240419064500,bignewsnetwork.com,https://www.bignewsnetwork.com/news/274287338/infosys-strong-large-deal-tcv-of-usd-45-billion-in-q4-and-record-usd-177-billion-in-fy24-create-robust-foundation-for-growth,Infosys: Strong large deal TCV of USD 4.5 billion in Q4 and record USD 17.7 billion in FY24 create robust foundation for growth,DIRECTLY_RELEVANT,"Infosys Q4 FY24 earnings, revenue, InSemi acquisition, contracts, hiring, or share price performance."
20240419064500-905,20240419064500,glamsham.com,https://glamsham.com/world/technology/infosys-full-year-employee-strength-drops-for-1st-time-in-23-years,Infosys' Full-year Employee Strength Drops For 1st Time In 23 Years,DIRECTLY_RELEVANT,"Infosys Q4 FY24 earnings, revenue, InSemi acquisition, contracts, hiring, or share price performance."
20240419064500-577,20240419064500,newsx.com,https://www.newsx.com/world/sensex-and-nifty-tumble-as-investors-lose-rs-4-lakh-crore-following-israels-attack-on-iran/,Sensex And Nifty Tumble As Investors Lose Rs 4 Lakh Crore Following Israel's Attack On Iran,NOT_RELEVANT,Unrelated candidate
20240419064500-257,20240419064500,news18.com,https://www.news18.com/business/stock-market-updates-sensex-falls-600-points-nifty-below-21850-amid-iran-israel-conflict-8857970.html,"Stock Market Updates: Sensex Falls 600 Points, Nifty Below 21,850 Amid Iran-Israel Conflict",NOT_RELEVANT,Unrelated candidate
20240419064500-T1078,20240419064500,punjabkesari.com,https://www.punjabkesari.com/business-news/share-market-latest-news-stock-market-falls-amid-iran-israel-tension-sensex-nifty-also-fell/,"Share Market Latest News: ईरान-इजराइल तनाव के बीच शेयर बाजार में गिरावट, Sensex-Nifty भी गिरा",NOT_RELEVANT,Unrelated candidate
20240419070000-888,20240419070000,india.com,https://www.india.com/business/share-market-news-vikas-lifecare-shares-in-focus-in-bearish-market-check-key-details-here-6870524/,Share Market News: Vikas Lifecare Shares in Focus in Bearish Market,NOT_RELEVANT,Unrelated candidate
20240419070000-809,20240419070000,indianexpress.com,https://indianexpress.com/shorts/education/jac-jharkhand-board-10th-result-2024-out-websites-to-check-matric-jacresults-in-9244869/,JAC Jharkhand Board 10th Result 2024: Websites to check JAC Matric scorecard,NOT_RELEVANT,Unrelated candidate
20240419070000-337,20240419070000,moneycontrol.com,https://www.moneycontrol.com/news/business/stocks/buy-infosys-target-of-rs-1650-motilal-oswal-12674481.html,Buy Infosys; target of Rs 1650: Motilal Oswal,DIRECTLY_RELEVANT,"Infosys Q4 FY24 earnings, revenue, InSemi acquisition, contracts, hiring, or share price performance."
20240419070000-630,20240419070000,sierraleonetimes.com,https://www.sierraleonetimes.com/news/274287111/stock-market-plunges-amid-escalating-iran-israel-tensions-sensex--nifty-record-steep-declines,Stock market plunges amid escalating Iran-Israel tensions; Sensex- Nifty record steep declines,NOT_RELEVANT,Unrelated candidate
20240419070000-562,20240419070000,latestly.com,https://www.latestly.com/agency-news/latest-news-infosys-shares-decline-nearly-3-pc-after-q4-earnings-mcap-drops-by-rs-9549-6-crore-5904451.html,"Latest News | Infosys Shares Decline Nearly 3 Pc After Q4 Earnings; Mcap Drops by Rs 9,549.6 Crore",DIRECTLY_RELEVANT,"Infosys Q4 FY24 earnings, revenue, InSemi acquisition, contracts, hiring, or share price performance."
20240419070000-1103,20240419070000,newstodaynet.com,https://newstodaynet.com/2024/04/19/infosys-posts-30-per-cent-jump-in-q4-net-profit/,Infosys posts 30 per cent jump in Q4 net profit - News Today,DIRECTLY_RELEVANT,"Infosys Q4 FY24 earnings, revenue, InSemi acquisition, contracts, hiring, or share price performance."
20240419070000-T2653,20240419070000,moneycontrol.com,https://hindi.moneycontrol.com/news/markets/buzzing-stocks-in-news-from-infosys-to-vodafone-idea-these-10-shares-are-making-headlines-today-1895672.html,"Buzzing Stocks: इंफोसिस से लेकर बजाज ऑटो तक, आज इन 10 शेयरों पर निवेशक रखें नजर",DIRECTLY_RELEVANT,"Infosys Q4 FY24 earnings, revenue, InSemi acquisition, contracts, hiring, or share price performance."
20240419071500-164,20240419071500,indiatimes.com,https://timesofindia.indiatimes.com/business/india-business/infosys-share-price-today-stock-falls-3-after-q4-earnings-miss-what-should-you-do-sell-hold-or-buy/articleshow/109424849.cms,"Infosys share price today: Stock falls 3% after Q4 earnings miss, what should you do: sell, hold or buy? | India Business News",DIRECTLY_RELEVANT,"Infosys Q4 FY24 earnings, revenue, InSemi acquisition, contracts, hiring, or share price performance."
20240419071500-1432,20240419071500,timesofoman.com,https://timesofoman.com/article/144537-net-profit-of-infosys-jumps-30-in-fourth-quarter,Net profit of Infosys jumps 30% in fourth quarter,DIRECTLY_RELEVANT,"Infosys Q4 FY24 earnings, revenue, InSemi acquisition, contracts, hiring, or share price performance."
20240419071500-1102,20240419071500,aninews.in,https://aninews.in/news/business/stock-market-plunges-amid-escalating-iran-israel-tensions-sensex-nifty-record-steep-declines20240419093538/,Stock market plunges amid escalating Iran-Israel tensions; Sensex- Nifty record steep declines,NOT_RELEVANT,Unrelated candidate
20240419071500-1168,20240419071500,moneycontrol.com,https://www.moneycontrol.com/news/technology/tcs-vs-infosys-q4-results-who-fared-better-on-all-key-metrics-12674661.html,TCS vs Infosys Q4 results: Who fared better on all key metrics?,DIRECTLY_RELEVANT,"Infosys Q4 FY24 earnings, revenue, InSemi acquisition, contracts, hiring, or share price performance."
20240419071500-T1782,20240419071500,lokmat.com,https://www.lokmat.com/business/stock-market/infosys-q4-results-profit-jumps-30-percent-rs-7969-crore-company-sees-fy25-revenue-growth-28-rs-dividend-a-a720/,"Infosys Q4 Results : ३०% नफा वाढला, ₹२८ चा डिविडंड; Infosys च्या अनेक मोठ्या घोषणा, एक्सपर्ट बुलिश",DIRECTLY_RELEVANT,"Infosys Q4 FY24 earnings, revenue, InSemi acquisition, contracts, hiring, or share price performance."
20240419071500-T1796,20240419071500,lokmat.com,https://www.lokmat.com/business/stock-market/iran-israel-war-wreaks-havoc-on-stock-market-infosys-falls-despite-strong-results-ongc-gains-a-a720/,"Opening Bell Today: इराण-इस्रायल तणावामुळे शेअर बाजारात हाहाकार; उत्तम निकालानंतरही इन्फोसिस आपटला, ONGCमध्ये तेजी",DIRECTLY_RELEVANT,"Infosys Q4 FY24 earnings, revenue, InSemi acquisition, contracts, hiring, or share price performance."
20240419073000-622,20240419073000,theweek.in,https://www.theweek.in/news/biz-tech/2024/04/19/markets-tank-in-early-trade-as-middle-east-tensions-flare-up.html,Markets tank in early trade as Middle East tensions flare up,NOT_RELEVANT,Unrelated candidate
20240419073000-788,20240419073000,swissinfo.ch,https://www.swissinfo.ch/eng/stock-futures-fall-on-mideast-worries%2c-havens-gain%3a-markets-wrap/76005038,"Stock Futures Fall on Mideast Worries, Havens Gain: Markets Wrap",NOT_RELEVANT,Unrelated candidate
20240419073000-T412,20240419073000,khaskhabar.com,https://www.business.khaskhabar.com/daily-news.php/infosys-profit-increased-by-30-percent-in-the-fourth-quarter-declared-a-dividend-of-rs-20-per-share-632856-BKN.html,"चौथी तिमाही में इंफोसिस का मुनाफा 30 फीसदी बढ़ा, 20 रुपये प्रति शेयर के लाभांश की घोषणा<br>",DIRECTLY_RELEVANT,"Infosys Q4 FY24 earnings, revenue, InSemi acquisition, contracts, hiring, or share price performance."
20240419074500-708,20240419074500,businesstoday.in,https://www.businesstoday.in/markets/market-commentary/story/sensex-nifty-crash-in-numbers-rs-4-lakh-crore-investor-wealth-wiped-out-as-israel-carries-out-strike-in-iran-426068-2024-04-19,"Sensex, Nifty crash in numbers: Rs 4 lakh crore investor wealth wiped out as Israel carries out strike in Iran",NOT_RELEVANT,Unrelated candidate
20240419074500-404,20240419074500,dailyexcelsior.com,https://www.dailyexcelsior.com/markets-tank-in-early-trade-as-middle-east-tensions-flare-up/,Markets tank in early trade as Middle East tensions flare-up,NOT_RELEVANT,Unrelated candidate
20240419074500-210,20240419074500,indiatimes.com,https://economictimes.indiatimes.com/markets/expert-view/iran-israel-war-better-to-wait-and-watch-will-buy-more-aggressively-with-nifty-near-21k/articleshow/109425601.cms,Iran-Israel war: Better to wait and watch; will buy more aggressively with Nifty near 21K,NOT_RELEVANT,Unrelated candidate
20240419074500-83,20240419074500,indiatimes.com,https://economictimes.indiatimes.com/markets/stocks/news/millionaire-baby-gets-richer-narayana-murthys-grandson-to-earn-rs-4-crore-from-infosys-dividend/articleshow/109425685.cms,Millionaire baby gets richer! Narayana Murthy's grandson to earn Rs 4 crore from Infosys dividend,DIRECTLY_RELEVANT,Infosys corporate results / valuation with founder commentary
20240419074500-207,20240419074500,businesstoday.in,https://www.businesstoday.in/markets/company-stock/story/wipro-shares-down-for-5th-day-ahead-of-q4-results-earnings-preview-more-426096-2024-04-19,Wipro shares down for 5th day ahead of Q4 results; earnings preview & more,NOT_RELEVANT,Unrelated candidate
20240419074500-1037,20240419074500,moneycontrol.com,https://www.moneycontrol.com/news/technology/tcs-outperforms-infosys-in-revenue-growth-for-the-first-time-in-five-years-12674661.html,TCS outperforms Infosys in revenue growth for the first time in five years,DIRECTLY_RELEVANT,"Infosys Q4 FY24 earnings, revenue, InSemi acquisition, contracts, hiring, or share price performance."
20240419074500-T496,20240419074500,livehindustan.com,https://www.livehindustan.com/business/narayana-murthy-gifted-shares-to-4-month-old-grandson-will-get-rs-4-crore-20-lakhs-as-dividend-201713510231039.html,"narayana murthy gifted shares to 4 month old grandson will get Rs 4 crore 20 lakhs as dividend दादा ने 4 महीने के पोते को गिफ्ट किए थे शेयर, अब डिविडेंड के रूप में मिलेंगे ₹4.2 करोड़",NOT_RELEVANT,Narayana Murthy / Sudha Murty personal opinion piece / lifestyle story
20240419080000-693,20240419080000,webindia123.com,https://news.webindia123.com/news/Articles/Business/20240419/4189229.html,Stock market plunges amid escalating Iran-Israel tensions; Sensex- Nifty record steep declines,NOT_RELEVANT,Unrelated candidate
20240419080000-563,20240419080000,oklahomacitysun.com,https://www.oklahomacitysun.com/news/274287111/stock-market-plunges-amid-escalating-iran-israel-tensions-sensex--nifty-record-steep-declines,Stock market plunges amid escalating Iran-Israel tensions; Sensex- Nifty record steep declines,NOT_RELEVANT,Unrelated candidate
20240419081500-T2621,20240419081500,navabharat.com,https://navabharat.com/?p=14364,इंफोसिस में ने जर्मनी की कंपनी इन-टेक का किया अधिग्रहण,DIRECTLY_RELEVANT,"Infosys Q4 FY24 earnings, revenue, InSemi acquisition, contracts, hiring, or share price performance."
20240419083000-T502,20240419083000,ryt9.com,https://www.ryt9.com/s/iq20/3510128,หุ้น Infosys ของอินเดียร่วงหนัก หลังประมาณการรายได้ต่อปีต่ำคาด,DIRECTLY_RELEVANT,"Infosys Q4 FY24 earnings, revenue, InSemi acquisition, contracts, hiring, or share price performance."
20240419083000-995,20240419083000,aninews.in,https://aninews.in/news/business/infosys-strong-large-deal-tcv-of-usd-45-billion-in-q4-and-record-usd-177-billion-in-fy24-create-robust-foundation-for-growth20240419113410/,Infosys: Strong large deal TCV of USD 4.5 billion in Q4 and record USD 17.7 billion in FY24 create robust foundation for growth,DIRECTLY_RELEVANT,"Infosys Q4 FY24 earnings, revenue, InSemi acquisition, contracts, hiring, or share price performance."
20240419084500-338,20240419084500,wsau.com,https://wsau.com/2024/04/19/indias-infosys-falls-as-annual-revenue-outlook-disappoints/,India's Infosys falls as annual revenue outlook disappoints | WSAU News/Talk 550 AM · 99.9 FM,DIRECTLY_RELEVANT,"Infosys Q4 FY24 earnings, revenue, InSemi acquisition, contracts, hiring, or share price performance."
20240419084500-1036,20240419084500,siliconindia.com,https://www.siliconindia.com/news/general/stocks-on-focus-infosys-wipro-bajaj-auto-icici-securities-itc-suzlon-rvnl-nid-229070-cid-1.html,"Stocks on Focus: Infosys, Wipro, Bajaj Auto, ICICI Securities, ITC, Suzlon, RVNL",DIRECTLY_RELEVANT,"Infosys Q4 FY24 earnings, revenue, InSemi acquisition, contracts, hiring, or share price performance."
20240419084500-461,20240419084500,news18.com,https://www.news18.com/business/narayana-murthys-5-month-old-grandson-to-earn-rs-4-2-crore-from-infosys-dividend-8858233.html,Narayana Murthy's 5-Month-Old Grandson To Earn Rs 4.2 Crore From Infosys Dividend,DIRECTLY_RELEVANT,Infosys corporate results / valuation with founder commentary
20240419084500-1158,20240419084500,torontotelegraph.com,https://www.torontotelegraph.com/news/274287111/stock-market-plunges-amid-escalating-iran-israel-tensions-sensex--nifty-record-steep-declines,Stock market plunges amid escalating Iran-Israel tensions; Sensex- Nifty record steep declines,NOT_RELEVANT,Unrelated candidate
20240419084500-1398,20240419084500,ticker.com,"https://ticker.com/Asia-Stock-Movers-News-Today/India-Movers:-Bajaj-Auto,-HDFC-Life,-ICICI-Securities,-Infosys,-Spicejet/Apr%2019-2024/T-28277","India Movers: Bajaj Auto, HDFC Life, ICICI Securities, Infosys, Spicejet",DIRECTLY_RELEVANT,"Infosys Q4 FY24 earnings, revenue, InSemi acquisition, contracts, hiring, or share price performance."
20240419090000-62,20240419090000,dnaindia.com,https://www.dnaindia.com/business/report-narayana-murthy-s-5-month-old-grandson-ekagrah-to-earn-rs-4-crore-sudha-murty-s-daughter-to-get-whopping-3086041,"Narayana Murthy's 5-month old grandson to earn Rs 4 crore, Sudha Murty's daughter to get whopping...",NOT_RELEVANT,"Narayana Murthy / Sudha Murty non-corporate lifestyle, family memoir, flight encounter, or 70-hour work week viral debate"
20240419091500-134,20240419091500,financialexpress.com,https://www.financialexpress.com/market/bajaj-auto-falls-over-3-despite-strong-q4-earnings-find-out-why-3462139/,Bajaj Auto falls over 3% despite strong Q4 earnings- Find out why?,NOT_RELEVANT,Unrelated candidate
20240419091500-241,20240419091500,indiainfoline.com,https://www.indiainfoline.com/news/earnings/q4fy24-review-infosys-weak-guidance-a-reflection-of-state-of-it-demand,Q4FY24 Review: Infosys: Weak guidance a reflection of state of IT demand,DIRECTLY_RELEVANT,"Infosys Q4 FY24 earnings, revenue, InSemi acquisition, contracts, hiring, or share price performance."
20240419091500-637,20240419091500,news18.com,https://www.news18.com/business/wipro-q4-results-today-net-profit-revenue-may-decline-amid-weak-discretionary-spending-8858082.html,"Wipro Q4 Results Today: Net Profit, Revenue May Decline Amid Weak Discretionary Spending",NOT_RELEVANT,Unrelated candidate
20240419091500-T764,20240419091500,khaskhabar.com,https://www.business.khaskhabar.com/business-news/infosys-profit-increased-by-30-percent-in-the-fourth-quarter-declared-a-dividend-of-rs-20-per-share-632856-BKN.html,"चौथी तिमाही में इंफोसिस का मुनाफा 30 फीसदी बढ़ा, 20 रुपये प्रति शेयर के लाभांश की घोषणा<br>",DIRECTLY_RELEVANT,"Infosys Q4 FY24 earnings, revenue, InSemi acquisition, contracts, hiring, or share price performance."
20240419091500-T494,20240419091500,lokmat.com,https://www.lokmat.com/business/news/infosys-narayana-murthy-gifted-rs-240-crores-share-to-his-grandson-now-will-get-4-2-crore-rupees-dividend-q4-results-out-a-a720/,"Infosys Narayana Murthy: आजोबांची कमाल, नातवाची धमाल; आधी मूर्तींचे २४० कोटींचे शेअर्स गिफ्ट, आता ४.२ कोटींचा डिविडंट",DIRECTLY_RELEVANT,Infosys corporate governance / strategy
20240419093000-1477,20240419093000,finanznachrichten.de,https://www.finanznachrichten.de/nachrichten-2024-04/61993424-information-services-group-inc-clouds-loom-as-u-k-firms-weigh-sap-transition-options-004.htm,"Information Services Group, Inc.: Clouds Loom as U.K. Firms Weigh SAP Transition Options",NOT_RELEVANT,Unrelated candidate
20240419093000-13,20240419093000,india.com,https://www.india.com/business/infosys-share-price-target-after-q4-results-2024-dividend-news-how-it-major-performed-6870567/,"Infosys Share Price Target After Q4 Results 2024; Dividend News, How IT Major Performed?",DIRECTLY_RELEVANT,"Infosys Q4 FY24 earnings, revenue, InSemi acquisition, contracts, hiring, or share price performance."
20240419093000-199,20240419093000,india.com,https://www.india.com/business/israel-iran-war-sensex-crashes-by-591-pts-nifty-tanked-by-183-55-hdfc-life-bajaj-auto-infosys-stock-went-down-6870360/,"Israel Iran War: Sensex Crashes By 591 PTS; Nifty Tanked By 183.55; HDFC Life, Bajaj Auto, Infosys Stock Went Down",DIRECTLY_RELEVANT,"Infosys Q4 FY24 earnings, revenue, InSemi acquisition, contracts, hiring, or share price performance."
20240419093000-482,20240419093000,india.com,https://www.india.com/business/lic-infosys-maruti-suzuki-icici-securities-jana-small-finance-bank-know-share-price-target-6870443/,"LIC, Infosys, Maruti Suzuki, ICICI Securities, Jana Small Finance Bank; Know Share Price Target",DIRECTLY_RELEVANT,"Infosys Q4 FY24 earnings, revenue, InSemi acquisition, contracts, hiring, or share price performance."
20240419093000-632,20240419093000,india.com,https://www.india.com/business/top-10-stocks-to-buy-for-today-19-04-24-hdfc-amcinfosys-wipro-bajaj-auto-itc-know-best-shares-bets-by-market-experts-6870330/,"Top 10 Stocks To Buy For Today (19-04-24): HDFC AMC,Infosys, Wipro, Bajaj Auto, ITC; Know Best Shares Bets By Market Experts",DIRECTLY_RELEVANT,"Infosys Q4 FY24 earnings, revenue, InSemi acquisition, contracts, hiring, or share price performance."
20240419093000-675,20240419093000,marketscreener.com,https://www.marketscreener.com/quote/stock/INFORMATION-SERVICES-GROU-879237/news/Clouds-Loom-as-U-K-Firms-Weigh-SAP-Transition-Options-46477100/,Clouds Loom as U.K. Firms Weigh SAP Transition Options,NOT_RELEVANT,Unrelated candidate
20240419093000-209,20240419093000,streetinsider.com,https://www.streetinsider.com/Business+Wire/Clouds+Loom+as+U.K.+Firms+Weigh+SAP+Transition+Options/23087440.html,Clouds Loom as U.K. Firms Weigh SAP Transition Options,NOT_RELEVANT,Unrelated candidate
20240419094500-1077,20240419094500,telegraphindia.com,https://www.telegraphindia.com/business/sensex-and-nifty-tank-in-early-trade-as-middle-east-tensions-flare-up/cid/2014319,Stock market | Sensex and Nifty tank in early trade as Middle East tensions flare-up,NOT_RELEVANT,Unrelated candidate
20240419094500-1443,20240419094500,telegraphindia.com,https://www.telegraphindia.com/feeds/business/sensex-and-nifty-tank-in-early-trade-as-middle-east-tensions-flare-up/cid/2014319,Stock market | Sensex and Nifty tank in early trade as Middle East tensions flare-up,NOT_RELEVANT,Unrelated candidate
20240419094500-215,20240419094500,newzealandstar.com,https://www.newzealandstar.com/news/274287111/stock-market-plunges-amid-escalating-iran-israel-tensions-sensex--nifty-record-steep-declines,Stock market plunges amid escalating Iran-Israel tensions; Sensex- Nifty record steep declines,NOT_RELEVANT,Unrelated candidate
20240419094500-145,20240419094500,moneycontrol.com,https://www.moneycontrol.com/news/business/stocks/buy-infosys-target-of-rs-1750-emkay-global-financial-12676021.html,Buy Infosys; target of Rs 1750: Emkay Global Financial,DIRECTLY_RELEVANT,"Infosys Q4 FY24 earnings, revenue, InSemi acquisition, contracts, hiring, or share price performance."
20240419094500-T807,20240419094500,news18.com,https://hindi.news18.com/states/news/education/padmashree-prof-manindra-agarwal-became-the-director-of-iit-kanpur-know-his-journey-8249915.html,"जहां से की पढ़ाई अब वहीं के बने डायरेक्टर, IIT कानपुर के प्रोफेसर को मिली बड़ी जिम्मेदारीPadmashree Prof. Manindra Agarwal became the director of IIT Kanpur, know his journey – News18 हिंदी",NOT_RELEVANT,"Narayana Murthy / Sudha Murty non-corporate lifestyle, family memoir, flight encounter, or 70-hour work week viral debate"
20240419100000-T2256,20240419100000,indiatimes.com,https://marathi.indiatimes.com/business/share-bazaar/infosys-q4-results-2024-highlights-it-giant-announces-special-dividend-for-investors-after-profit/articleshow/109424625.cms,"Infosys Dividend 2024; दिग्गज IT कंपनीचा बंपर धमाका; शेअरधारकांना लाभांशची लॉटरी, ब्रोकरेजनी सांगितली नवीन स्ट्रॅटेजी | IT Giant Infosys Announces Q4 Results, Declares Final Dividend of Rs 28 for Investors",DIRECTLY_RELEVANT,"Infosys Q4 FY24 earnings, revenue, InSemi acquisition, contracts, hiring, or share price performance."
20240419100000-T295,20240419100000,dailyhindinews.com,https://dailyhindinews.com/narayana-murthys-grandson-ekagra-rohan-will-get-crores-of-rupees-as-dividend-he-received-15-lakh-shares-as-gift/,"नारायण मूर्ति के पोते एकाग्र रोहन को डिविडेंड के रूप में मिलेंगे करोड़ों रुपये, गिफ्ट में मिले थे 15 लाख शेयर – Daily Hindi News",NOT_RELEVANT,Unrelated candidate
20240419100000-T274,20240419100000,indiatimes.com,https://navbharattimes.indiatimes.com/business/business-news/narayana-murthys-grandson-gets-richer-5-month-old-ekagrah-rohan-murthy-to-earn-rs-4-crore-from-infosys-dividend/articleshow/109429265.cms,"नारायण मूर्ति के पोते एकाग्र रोहन को करोड़ों रुपये के रूप में डिविडेंड मिलेगा, 15 लाख स्टॉक्स दिए गए थे",NOT_RELEVANT,Unrelated candidate
20240419101500-78,20240419101500,india.com,https://zeenews.india.com/companies/narayana-murthys-5-month-old-billionaire-grandson-ekagrah-murty-is-richer-by-rs-4-2-crore-2741921.html,Narayana Murthy's 5-Month-Old Billionaire Grandson Ekagrah Murty Is Richer By Rs 4.2 Crore | Companies News,NOT_RELEVANT,"Narayana Murthy / Sudha Murty non-corporate lifestyle, family memoir, flight encounter, or 70-hour work week viral debate"
20240419101500-121,20240419101500,lelezard.com,https://www.lelezard.com/en/news-21341853.html,Clouds Loom as U.K. Firms Weigh SAP Transition Options,NOT_RELEVANT,Unrelated candidate
20240419101500-767,20240419101500,financialexpress.com,https://www.financialexpress.com/lifestyle/this-indian-businessman-has-bought-the-most-expensive-property-on-bangalores-billionaire-street-for-rs-67-5-crore-here-are-the-details/3462104/,This Indian businessman has bought the most expensive property on Bangalore's Billionaire Street for Rs 67.5 crore – Here are the details - Lifestyle News,NOT_RELEVANT,Unrelated candidate
20240419101500-1361,20240419101500,financialexpress.com,https://www.financialexpress.com/market/nestle-india-motilal-oswal-sees-no-impact-of-recent-reports-about-sugar-in-baby-food-maintains-neutral-rating-and-target-price-of-rs-2400-3462064/,Nestle India: Motilal Oswal sees no impact of recent reports about 'sugar in baby food'; maintains Neutral rating and target price of Rs 2400 - Market News,NOT_RELEVANT,Unrelated candidate
20240419101500-194,20240419101500,financialexpress.com,https://www.financialexpress.com/business/industry/infosys-q4-weak-fy25-guidance-a-concern-but-analysts-bet-on-large-deal-wins-and-effective-strategy/3462085/,Infosys Q4: Weak FY25 guidance a concern but analysts bet on large deal wins and effective strategy,DIRECTLY_RELEVANT,"Infosys Q4 FY24 earnings, revenue, InSemi acquisition, contracts, hiring, or share price performance."
20240419101500-312,20240419101500,financialexpress.com,https://www.financialexpress.com/market/infosys-shares-see-sharp-dip-as-it-major-guides-for-tepid-growth-in-fy25-3461992/,Infosys shares see sharp dip as IT major guides for tepid growth in FY25,DIRECTLY_RELEVANT,"Infosys Q4 FY24 earnings, revenue, InSemi acquisition, contracts, hiring, or share price performance."
20240419101500-1136,20240419101500,webindia123.com,https://news.webindia123.com/news/Articles/Business/20240419/4189320.html,Infosys: Strong large deal TCV of USD 4.5 billion in Q4 and record USD 17.7 billion in FY24 create robust foundation for growth,DIRECTLY_RELEVANT,"Infosys Q4 FY24 earnings, revenue, InSemi acquisition, contracts, hiring, or share price performance."
20240419103000-1448,20240419103000,swissinfo.ch,https://www.swissinfo.ch/eng/stocks-on-edge-after-attacks-as-haven-bid-unravels%3a-markets-wrap/76005038,Stocks on Edge After Attacks as Haven Bid Unravels: Markets Wrap,NOT_RELEVANT,Unrelated candidate
20240419103000-T2206,20240419103000,haribhoomi.com,https://www.haribhoomi.com/business/news/infosys-dividend-narayana-murthy-s-5-month-old-grandson-set-to-pocket-rs-4-2-crore--20937,"Infosys Dividend: इंफोसिस ने शेयर होल्डर्स को दिया बंपर डिविडेंड, 5 माह के एकाग्र को एक झटके में मिले 4.2 करोड़ रुपए",DIRECTLY_RELEVANT,"Infosys Q4 FY24 earnings, revenue, InSemi acquisition, contracts, hiring, or share price performance."
20240419104500-249,20240419104500,marketscreener.com,https://www.marketscreener.com/quote/stock/WIPRO-LIMITED-6494362/news/India-s-Wipro-beats-Q4-revenue-estimates-46477773/,India's Wipro beats Q4 revenue estimates,NOT_RELEVANT,Unrelated candidate
20240419104500-186,20240419104500,livemint.com,https://www.livemint.com/news/india/air-india-tel-aviv-flights-suspended-april-30-iran-israel-conflict-middle-east-crisis-11713519401143.html,Air India Tel Aviv flights to remain suspended until April 30,NOT_RELEVANT,Unrelated candidate
20240419110000-196,20240419110000,indiatimes.com,https://timesofindia.indiatimes.com/business/india-business/wipro-q4-fy24-results-indian-it-services-wipro-profit-after-tax-revenue-guidance-top-earnings-highlights/articleshow/109433485.cms,"Wipro Q4 results: Net profit declines 8% YoY to Rs 2,835 crore",NOT_RELEVANT,Unrelated candidate
20240419110000-390,20240419110000,orissapost.com,https://www.orissapost.com/narayana-murthys-five-month-old-grandson-to-earn-rs-4-2-cr-with-infosys-bumper-dividend/,Narayana Murthy's five-month-old grandson to earn Rs 4.2 cr with Infosys' bumper dividend,DIRECTLY_RELEVANT,Infosys corporate results / valuation with founder commentary
20240419110000-525,20240419110000,orissapost.com,https://www.orissapost.com/stock-markets-stage-strong-rebound-after-four-days-of-slump-sensex-rallies-599-pts/,Stock markets stage strong rebound after four days of slump; Sensex rallies 599 pts,NOT_RELEVANT,Unrelated candidate
20240419110000-1235,20240419110000,indiatimes.com,https://economictimes.indiatimes.com/markets/stocks/news/banking-financials-lift-sensex-599-points-higher-despite-it-selloff/articleshow/109433551.cms,sensex news today: Banking & financials lift Sensex 599 points higher despite IT selloff,NOT_RELEVANT,Unrelated candidate
20240419110000-1067,20240419110000,ndtv.com,https://www.ndtv.com/india-news/narayana-murthys-5-month-old-grandson-to-make-4-2-crore-from-infosys-dividend-5477023,Narayana Murthy's 5-Month-Old Grandson To Pocket Rs 4.2 Crore From Infosys Dividend,DIRECTLY_RELEVANT,Infosys corporate results / valuation with founder commentary
20240419110000-1392,20240419110000,forbesindia.com,https://www.forbesindia.com/article/take-one-big-story-of-the-day/philanthropy-for-mental-health-should-focus-more-on-communityled-models/92655/1,Philanthropy For Mental Health Should Focus More On Community-led Models,NOT_RELEVANT,Unrelated candidate
20240419110000-1121,20240419110000,freepressjournal.in,https://www.freepressjournal.in/business/green-light-at-the-end-of-red-tunnel-indian-indices-end-week-on-a-positive-note,Green Light At The End Of Red Tunnel: Indian Indices End Week On A Positive Note,NOT_RELEVANT,Unrelated candidate
20240419110000-712,20240419110000,freepressjournal.in,https://www.freepressjournal.in/business/5-month-old-ekagrah-murty-to-earn-42-crore-from-infosys-blockbuster-earnings-dividend,5-Month-Old Ekagrah Murty To 'Earn' ₹4.2 Crore From Infosys' Blockbuster Earnings Dividend,DIRECTLY_RELEVANT,"Infosys Q4 FY24 earnings, revenue, InSemi acquisition, contracts, hiring, or share price performance."
20240419110000-226,20240419110000,moneycontrol.com,https://www.moneycontrol.com/news/technology/wipros-headcount-shrinks-by-6180-in-q4-sixth-consecutive-quarter-of-decline-12676381.html,"Wipro's headcount shrinks by 6,180 in Q4, sixth consecutive quarter of decline",NOT_RELEVANT,Unrelated candidate
20240419111500-1752,20240419111500,siasat.com,https://www.siasat.com/5-month-old-grandson-of-infosys-narayana-murthy-gets-richer-by-rs-4-2-crore-3011430/,5-month-old grandson of Infosys' Narayana Murthy gets richer by Rs 4.2 crore,NOT_RELEVANT,"Narayana Murthy / Sudha Murty non-corporate lifestyle, family memoir, flight encounter, or 70-hour work week viral debate"
20240419111500-1602,20240419111500,streetinsider.com,https://www.streetinsider.com/Reuters/Indias+Wipro+beats+Q4+revenue+estimates/23087852.html,India's Wipro beats Q4 revenue estimates,NOT_RELEVANT,Unrelated candidate
20240419111500-1372,20240419111500,usnews.com,https://www.usnews.com/news/technology/articles/2024-04-19/indias-wipro-beats-q4-revenue-estimates,India's Wipro Beats Q4 Revenue Estimates,NOT_RELEVANT,Unrelated candidate
20240419111500-568,20240419111500,moneycontrol.com,https://www.moneycontrol.com/news/business/ipo/business-in-the-week-ahead-april-22-26-12677591.html,Business in the Week Ahead: April 22-26,NOT_RELEVANT,Unrelated candidate
20240419113000-422,20240419113000,businesstoday.in,https://www.businesstoday.in/technology/news/story/samsung-increases-work-week-to-6-days-for-executives-amidst-mounting-pressure-426158-2024-04-19,Samsung increases work-week to 6 days for executives amidst mounting pressure,NOT_RELEVANT,Unrelated candidate
20240419113000-824,20240419113000,theweek.in,https://www.theweek.in/wire-updates/business/2024/04/19/del16-biz-infosys-ekagrah-murthy-dividend.html,5-month-old Ekagrah Murty to earn Rs 4.2 cr with Infosys' bumper dividend,DIRECTLY_RELEVANT,"Infosys Q4 FY24 earnings, revenue, InSemi acquisition, contracts, hiring, or share price performance."
20240419113000-892,20240419113000,theweek.in,https://www.theweek.in/wire-updates/business/2024/04/19/del17-biz-stocks-close.html,Stock markets stage strong rebound after 4 days of slump Sensex rallies 599 pts,NOT_RELEVANT,Unrelated candidate
20240419113000-1042,20240419113000,swissinfo.ch,https://www.swissinfo.ch/eng/stocks-on-edge-after-attacks-as-havens-pare-gains%3a-markets-wrap/76005038,Stocks on Edge After Attacks as Havens Pare Gains: Markets Wrap,NOT_RELEVANT,Unrelated candidate
20240419113000-1654,20240419113000,indiatimes.com,https://economictimes.indiatimes.com/tech/information-tech/wipro-headcount-falls-by-9-5-in-fy24/articleshow/109434375.cms,Wipro IT: Wipro headcount falls by 9.5% in FY24 - The Economic Times,NOT_RELEVANT,Unrelated candidate
20240419113000-T2544,20240419113000,prabhatkhabar.com,https://www.prabhatkhabar.com/business/share-market-recover-from-day-lowest-level-sensex-nifty-jumped-mdn,"Share Market ने पाताल से की जबरदस्त रिकवरी, सेंसेक्स चढ़ा",NOT_RELEVANT,Unrelated candidate
20240419113000-T2556,20240419113000,prabhatkhabar.com,https://www.prabhatkhabar.com/business/infosys-dividend-narayana-murthys-grandson-ekagrah-rohan-murthy-to-earn-rs-4-crore-mdn,Infosys Dividend:नारायण मूर्ति के पोते ने की करोड़ों की कमाई,DIRECTLY_RELEVANT,"Infosys Q4 FY24 earnings, revenue, InSemi acquisition, contracts, hiring, or share price performance."
20240419114500-1202,20240419114500,rediff.com,https://www.rediff.com/business/report/narayana-murthys-5-month-old-grandson-to-earn-rs-42-cr-dividend/20240419.htm,Narayana Murthy's 5-month-old grandson to earn Rs 4.2 cr dividend,NOT_RELEVANT,Narayana Murthy / Sudha Murty personal opinion piece / lifestyle story
20240419114500-1422,20240419114500,prokerala.com,https://www.prokerala.com/news/articles/a1524314.html,"Sensex, Nifty witness worst week since March 15 amid Iran-Israel conflict",NOT_RELEVANT,Unrelated candidate
20240419114500-580,20240419114500,thehindu.com,https://www.thehindu.com/business/markets/stock-markets-stage-strong-rebound-after-four-days-of-slump-sensex-rallies-599-points/article68083507.ece,Stock markets stage strong rebound after four days of slump; Sensex rallies 599 points,NOT_RELEVANT,Unrelated candidate
20240419114500-428,20240419114500,hindustantimes.com,https://www.hindustantimes.com/business/it-may-be-the-buzz-word-but-does-ai-funding-need-a-sober-approach-101713525656834.html,It may be the buzz word but does AI funding need a sober approach?,NOT_RELEVANT,Unrelated candidate
20240419114500-T2404,20240419114500,pudhari.news,https://pudhari.news/national/776395/stock-market-closing-bell-sensex-nifty-closed-higher/ar,"Stock Market Closing Bell | ४ दिवसांच्या घसरणीनंतर बाजारात जोरदार रिकव्हरी, सेन्सेक्स ५९९ अंकांनी वाढून बंद, नेमकं काय घडलं?",NOT_RELEVANT,Unrelated candidate
20240419120000-T488,20240419120000,khaskhabar.com,https://www.khaskhabar.com/news/india-news/news-sensex-nifty-have-worst-week-since-march-15-amid-iran-israel-conflict-news-hindi-1-632966-KKN.html,"Sensex, Nifty have worst week since March 15 amid Iran-Israel conflict",NOT_RELEVANT,Unrelated candidate
20240419120000-1689,20240419120000,marketscreener.com,https://www.marketscreener.com/quote/stock/WIPRO-LIMITED-6494362/news/Wipro-s-Q4-revenue-tops-lowered-analyst-estimates-46478460/,Wipro's Q4 revenue tops lowered analyst estimates,NOT_RELEVANT,Unrelated candidate
20240419120000-358,20240419120000,biztoc.com,https://biztoc.com/x/f6f553752c54f714,"Indian Shares Close Higher, Reversing Earlier Losses as Investors Watch Middle East Events",NOT_RELEVANT,Unrelated candidate
20240419120000-1979,20240419120000,moneycontrol.com,https://www.moneycontrol.com/news/technology/tcs-infosys-wipro-together-lost-63759-employees-in-fy24-12678051.html,"TCS, Infosys, Wipro together lost 63,759 employees in FY24",DIRECTLY_RELEVANT,"Infosys Q4 FY24 earnings, revenue, InSemi acquisition, contracts, hiring, or share price performance."
20240419123000-615,20240419123000,invezz.com,https://invezz.com/news/2024/04/19/5-canadian-tech-stocks-to-buy-today-as-ai-boom-continues/,5 Canadian tech stocks to buy today as AI boom continues,NOT_RELEVANT,Unrelated candidate
20240419123000-820,20240419123000,india.com,https://zeenews.india.com/companies/amazon-ran-secret-firm-big-river-to-gather-intel-on-rivals-report-2741979.html,Amazon Ran Secret Firm 'Big River' To Gather Intel On Rivals: Report | Companies News,NOT_RELEVANT,Unrelated candidate
20240419123000-T87,20240419123000,bhaskar.com,https://divyamarathi.bhaskar.com/business/news/narayan-murthys-grandson-received-a-dividend-of-rs-42-crore-132898664.html,"Narayan Murthy's grandson received a dividend of Rs 4.2 crore | नारायण मूर्ती यांच्या नातवाला मिळाला 4.2 कोटी रुपयांचा लाभांश: 5 महिन्यांच्या एकाग्र रोहन मूर्तीकडे इन्फोसिसचे 15 लाख शेअर्स, त्यांची किंमत ₹ 420 कोटी",DIRECTLY_RELEVANT,"Infosys Q4 FY24 earnings, revenue, InSemi acquisition, contracts, hiring, or share price performance."
20240419124500-T674,20240419124500,worldnow.in,https://www.worldnow.in/%E0%A4%B8%E0%A5%8D%E0%A4%9F%E0%A5%89%E0%A4%95-%E0%A4%AE%E0%A5%87%E0%A4%82-%E0%A4%97%E0%A4%BF%E0%A4%B0%E0%A4%BE%E0%A4%B5%E0%A4%9F-%E0%A4%AE%E0%A4%A7%E0%A5%8D%E0%A4%AF-%E0%A4%AA%E0%A5%82%E0%A4%B0/,"स्टॉक में गिरावट, मध्य पूर्व तनाव के कारण राजकोष में वृद्धि: बाजार में गिरावट",NOT_RELEVANT,Unrelated candidate
20240419124500-678,20240419124500,thestatesman.com,https://www.thestatesman.com/business/narayana-murthys-5-month-old-grandson-earns-rs-4-2-crore-as-infosys-announces-dividend-1503291958.html,Narayana Murthy's 5-month-old grandson earns Rs 4.2 crore as Infosys announces dividend,DIRECTLY_RELEVANT,Infosys corporate results / valuation with founder commentary
20240419124500-7,20240419124500,theenterpriseleader.com,https://theenterpriseleader.com/2024/04/19/hsbc-reaffirms-hold-rating-for-infosys-nyseinfy.html,"HSBC Reaffirms ""Hold"" Rating for Infosys (NYSE:INFY)",DIRECTLY_RELEVANT,"Infosys Q4 FY24 earnings, revenue, InSemi acquisition, contracts, hiring, or share price performance."
20240419124500-89,20240419124500,themarketsdaily.com,https://www.themarketsdaily.com/2024/04/19/infosys-infy-hold-rating-reiterated-at-hsbc.html,Infosys' (INFY) Hold Rating Reiterated at HSBC,DIRECTLY_RELEVANT,"Infosys Q4 FY24 earnings, revenue, InSemi acquisition, contracts, hiring, or share price performance."
20240419130000-1231,20240419130000,bnnbloomberg.ca,https://www.bnnbloomberg.ca/markets-today-havens-bid-unravels-as-iran-strikes-seen-contained-1.2061056,Markets today: Havens bid unravels as Iran strikes seen contained,NOT_RELEVANT,Unrelated candidate
20240419130000-1074,20240419130000,hindustantimes.com,https://www.hindustantimes.com/business/wipro-q4-net-profit-falls-7-8-to-rs-2-835-cr-new-ceo-flags-uncertainty-in-macro-environment-101713529937979.html,"Wipro Q4 net profit falls 7.8% to ₹2,835 cr; new CEO flags uncertainty in macro environment",NOT_RELEVANT,Unrelated candidate
20240419131500-244,20240419131500,financialexpress.com,https://www.financialexpress.com/business/industry/nbspwipro-q4-net-profit-down-7-6-guides-for-muted-q1-growth/3462317/,"Wipro Q4 net profit down 7.6%, guides for muted Q1 growth",NOT_RELEVANT,Unrelated candidate
20240419131500-955,20240419131500,financialexpress.com,https://www.financialexpress.com/business/industry/hindustan-zinc-q4-net-profit-down-21-on-lower-zinc-prices-here-are-all-other-details/3462251/,Hindustan Zinc Q4 net profit down 21% on lower zinc prices; Here are all other details,NOT_RELEVANT,Unrelated candidate
20240419131500-960,20240419131500,financialexpress.com,https://www.financialexpress.com/market/markets-recover-sensex-climbs-600-points-nifty-closes-at-22150-led-by-bank-and-financial-services-3462338/,"Markets recover! Sensex climbs 600 points, Nifty closes at 22,150 led by bank and financial services",NOT_RELEVANT,Unrelated candidate
20240419131500-1443,20240419131500,orissapost.com,https://www.orissapost.com/wipro-q4-net-profit-falls-7-8-to-rs-2835-cr-new-ceo-flags-uncertainty-in-macro-environment/,"Wipro Q4 net profit falls 7.8% to Rs 2,835 cr; new CEO flags uncertainty in macro environment",NOT_RELEVANT,Unrelated candidate
20240419131500-1172,20240419131500,india.com,https://www.india.com/business/narayana-murthy-grandson-net-worth-ekagrah-rohan-murty-earned-rs-4-2-crore-as-infoysis-dividend-income-6871603/,Here's How Much Narayana Murthy 5-Month-Old Grandson Has Earned As Infoysis Dividend Income,NOT_RELEVANT,Narayana Murthy / Sudha Murty personal opinion piece / lifestyle story
20240419133000-T247,20240419133000,bhaskar.com,https://www.bhaskar.com/business/news/infosys-narayana-murthy-grandson-dividend-income-132898650.html,"Infosys Dividend; Narayana Murthy Grandson | Ekagrah Rohan | नारायण मूर्ति के पोते को ₹4.2 करोड़ डिविडेंड मिला: 5 महीने के एकाग्र के पास इंफोसिस के 15 लाख शेयर्स, इनकी वैल्यू 210 करोड़",DIRECTLY_RELEVANT,Infosys corporate results / valuation with founder commentary
20240419133000-T2687,20240419133000,maalaimalar.com,http://cinema.maalaimalar.com/news/national/narayana-murthys-5-month-old-grandson-earns-rs-42-crore-from-infosys-dividend-714155,ஒரே நாளில் ரூ. 4.2 கோடி ஈட்டிய நாராயண மூர்த்தியின் 5 மாத பேரக்குழந்தை - எப்படி தெரியுமா?,NOT_RELEVANT,Unrelated candidate
20240419133000-T2692,20240419133000,maalaimalar.com,https://www.maalaimalar.com/tags/dividend,Read all Latest Updates on and about Dividend,NOT_RELEVANT,Non-article URL (CMS tag/topic index page)
20240419133000-T2695,20240419133000,maalaimalar.com,https://www.maalaimalar.com/tags/%E0%AE%88%E0%AE%B5%E0%AF%81%E0%AE%A4%E0%AF%8D%E0%AE%A4%E0%AF%8A%E0%AE%95%E0%AF%88,Read all Latest Updates on and about ஈவுத்தொகை,NOT_RELEVANT,Non-article URL (CMS tag/topic index page)
20240419133000-T257,20240419133000,palpalindia.com,https://www.palpalindia.com/2024/04/19/karobar-Business-Stock-Market-Sensex-Nifty-Bank-and-Financial-Services-stocks-are-the-fastest-growing-news-in-hindi.html,"शेयर मार्केट: सेंसेक्स 599 अंक बढ़कर 73,088 पर बंद, निफ्टी भी 151 अंक चढ़ा news in hindi",NOT_RELEVANT,Unrelated candidate
20240419134500-359,20240419134500,theweek.in,https://www.theweek.in/news/biz-tech/2024/04/19/markets-recover-sharply-to-close-higher-but-still-end-down-for-the-weak-amid-fii-selling.html,"Markets recover sharply to close higher, but still end down for the weak amid FII selling",NOT_RELEVANT,Unrelated candidate
20240419134500-1197,20240419134500,swissinfo.ch,https://www.swissinfo.ch/eng/us-futures-recover-as-iran-strikes-seen-contained%3a-markets-wrap/76005038,US Futures Recover as Iran Strikes Seen Contained: Markets Wrap,NOT_RELEVANT,Unrelated candidate
20240419134500-951,20240419134500,tribuneindia.com,https://www.tribuneindia.com/news/business/stock-markets-stage-strong-rebound-after-4-days-of-slump-sensex-rallies-599-points-612416,Stock markets stage strong rebound after 4 days of slump; Sensex rallies 599 points,NOT_RELEVANT,Unrelated candidate
20240419134500-747,20240419134500,thehindubusinessline.com,https://www.thehindubusinessline.com/info-tech/wipro-q4-net-profit-falls-78-to-2835-cr/article68083863.ece,"Wipro Q4 net profit falls 7.8% to ₹2,835 cr - The Hindu BusinessLine",NOT_RELEVANT,Unrelated candidate
20240419134500-T309,20240419134500,oneindia.com,https://hindi.oneindia.com/news/india/narayana-murthy-5-month-old-grandson-becomes-owner-of-rs4-point-2-crore-from-infosys-dividend-915525.html,"नारायण मूर्ति के 5 महीने के पोते को हर माह मिलेंगे करोड़ो रुपए, जानिए मिलेगा Infosys के लाभांश का कितना हिस्सा",DIRECTLY_RELEVANT,"Infosys Q4 FY24 earnings, revenue, InSemi acquisition, contracts, hiring, or share price performance."
20240419134500-T300,20240419134500,webdunia.com,https://hindi.webdunia.com/share-market-news/latest-prices-of-mumbai-stock-market-on-19th-april-2024-124041900074_1.html,"Share bazaar में 4 दिनों से जारी गिरावट थमी, Sensex 599 और Nifty 151 अंक उछला",NOT_RELEVANT,Unrelated candidate
20240419140000-1056,20240419140000,themarketsdaily.com,https://www.themarketsdaily.com/2024/04/19/infosys-nyseinfy-announces-quarterly-earnings-results.html,Infosys (NYSE:INFY) Announces Quarterly Earnings Results,DIRECTLY_RELEVANT,"Infosys Q4 FY24 earnings, revenue, InSemi acquisition, contracts, hiring, or share price performance."
20240419141500-1343,20240419141500,newkerala.com,https://www.newkerala.com/news/2024/22646.htm,5-month-old grandson of Infosys' Narayana Murthy gets richer by Rs 4.2 crore,NOT_RELEVANT,"Narayana Murthy / Sudha Murty non-corporate lifestyle, family memoir, flight encounter, or 70-hour work week viral debate"
20240419141500-419,20240419141500,indiainfoline.com,https://www.indiainfoline.com/news/business/infosys-acquires-german-erd-firm-in-tech-for-480-million,Infosys Acquires German ER&D Firm in-tech for $480 Million,DIRECTLY_RELEVANT,"Infosys Q4 FY24 earnings, revenue, InSemi acquisition, contracts, hiring, or share price performance."
20240419141500-T1827,20240419141500,maalaimalar.com,https://www.maalaimalar.com:443/news/national/narayana-murthys-5-month-old-grandson-earns-rs-42-crore-from-infosys-dividend-714155,ஒரே நாளில் ரூ. 4.2 கோடி ஈட்டிய நாராயண மூர்த்தியின் 5 மாத பேரக்குழந்தை - எப்படி தெரியுமா?,NOT_RELEVANT,Unrelated candidate
20240419143000-692,20240419143000,theenterpriseleader.com,https://theenterpriseleader.com/2024/04/19/infosys-nyseinfy-posts-earnings-results-beats-expectations-by-0-06-eps.html,"Infosys (NYSE:INFY) Posts Earnings Results, Beats Expectations By $0.06 EPS",DIRECTLY_RELEVANT,"Infosys Q4 FY24 earnings, revenue, InSemi acquisition, contracts, hiring, or share price performance."
20240419143000-1124,20240419143000,dailypolitical.com,https://www.dailypolitical.com/2024/04/19/infosys-nyseinfy-posts-earnings-results-beats-expectations-by-0-06-eps.html,"Infosys (NYSE:INFY) Posts Earnings Results, Beats Expectations By $0.06 EPS",DIRECTLY_RELEVANT,"Infosys Q4 FY24 earnings, revenue, InSemi acquisition, contracts, hiring, or share price performance."
20240419143000-153,20240419143000,themarketsdaily.com,https://www.themarketsdaily.com/2024/04/19/infosys-nyseinfy-releases-quarterly-earnings-results-beats-estimates-by-0-06-eps.html,"Infosys (NYSE:INFY) Releases Quarterly Earnings Results, Beats Estimates By $0.06 EPS",DIRECTLY_RELEVANT,"Infosys Q4 FY24 earnings, revenue, InSemi acquisition, contracts, hiring, or share price performance."
20240419143000-1299,20240419143000,news18.com,https://www.news18.com/business/tcs-vs-infosys-vs-wipro-q4-results-who-performed-better-and-why-8858622.html,TCS Vs Infosys Vs Wipro Q4 Results: Who Performed Better And Why?,DIRECTLY_RELEVANT,"Infosys Q4 FY24 earnings, revenue, InSemi acquisition, contracts, hiring, or share price performance."
20240419143000-389,20240419143000,wn.com,https://article.wn.com/view/2024/04/19/Narayana_Murthys_5MonthOld_Billionaire_Grandson_Ekagrah_Murt/,Narayana Murthy's 5-Month-Old Billionaire Grandson Ekagrah Murty Is Richer By Rs 4.2 Crore,NOT_RELEVANT,"Narayana Murthy / Sudha Murty non-corporate lifestyle, family memoir, flight encounter, or 70-hour work week viral debate"
20240419143000-T2728,20240419143000,madhyamam.com,https://www.madhyamam.com/india/narayana-murthys-grandson-got-42-crore-from-infosys-dividend-1279403,ഇൻ​ഫോസിസ് ലാഭവിഹിതമായി നാരായണ മൂർത്തിയുടെ പേരക്കുട്ടിക്ക് ലഭിച്ചത് 4.2കോടി രൂപ | Narayana Murthy's grandson got ₹ 4.2 crore from infosys dividend,DIRECTLY_RELEVANT,Infosys corporate results / valuation with founder commentary
20240419144500-356,20240419144500,benzinga.com,https://www.benzinga.com/insights/analyst-ratings/24/04/38335129/4-analysts-have-this-to-say-about-infosys,4 Analysts Have This To Say About Infosys - Infosys (NYSE:INFY),DIRECTLY_RELEVANT,"Infosys Q4 FY24 earnings, revenue, InSemi acquisition, contracts, hiring, or share price performance."
20240419144500-1537,20240419144500,businesstoday.in,https://www.businesstoday.in/latest/corporate/story/tata-group-approaches-rbi-to-seek-regulatory-waiver-to-avoid-listing-as-nbfc-report-426200-2024-04-19,Tata Group approaches RBI to seek regulatory waiver to avoid listing as NBFC: Report,NOT_RELEVANT,Unrelated candidate
20240419144500-872,20240419144500,computerweekly.com,https://www.computerweekly.com/news/366581519/Unisys-reveals-no-link-to-development-of-controversial-Post-Office-software,Unisys reveals no link to development of controversial Post Office software,NOT_RELEVANT,Unrelated candidate
20240419144500-1212,20240419144500,businesstoday.in,https://www.businesstoday.in/visualstories/stock/bajaj-finance-m-m-top-gainers-on-nifty50-as-market-rebounds-infosys-most-active-stock-on-april-19-130190-19-04-2024,"Bajaj Finance, M&M top gainers on Nifty50 as market rebounds; Infosys most active stock on April 19",DIRECTLY_RELEVANT,"Infosys Q4 FY24 earnings, revenue, InSemi acquisition, contracts, hiring, or share price performance."
20240419144500-T625,20240419144500,manoramanews.com,https://www.manoramanews.com/news/business/2024/04/19/infosys-annouce-dividend-of-rs-28-5-month-old-ekagrah-rohan-murty-will-get-4-20-crore.html,Infosys Dividend|Ekagrah Rohan Murty| 28 രൂപ ലാഭവിഹിതം പ്രഖ്യാപിച്ച് ഇന്‍ഫോസിസ്; അ‍ഞ്ചുമാസം പ്രായമുള്ള ഏകാഗ്ര രോഹൻ മൂര്‍ത്തിക്ക് ലഭിക്കുക 4.20 കോടി​ | NR Narayana Murthy| NR Narayana Murthy Grandson,DIRECTLY_RELEVANT,Infosys corporate results / valuation with founder commentary
20240419150000-377,20240419150000,telegraphindia.com,https://www.telegraphindia.com/feeds/business/stock-markets-stage-strong-rebound-after-4-days-of-slump-sensex-rallies-599-points/cid/2014384,Stock market | Stock markets stage strong rebound after 4 days of slump; Sensex rallies 599 points,NOT_RELEVANT,Unrelated candidate
20240419150000-1975,20240419150000,telegraphindia.com,https://www.telegraphindia.com/business/stock-markets-stage-strong-rebound-after-4-days-of-slump-sensex-rallies-599-points/cid/2014384,Stock market | Stock markets stage strong rebound after 4 days of slump; Sensex rallies 599 points,NOT_RELEVANT,Unrelated candidate
20240419150000-846,20240419150000,india.com,https://zeenews.india.com/companies/openai-appoints-pragya-misra-as-first-india-employee-know-all-about-her-2742063.html,OpenAI Appoints Pragya Misra As First India Employee; Know All About Her,NOT_RELEVANT,Unrelated candidate
20240419151500-1313,20240419151500,hindustantimes.com,https://www.hindustantimes.com/business/samsung-galaxy-f15-5g-8gb-128gb-variant-launched-in-india-check-price-and-specs-101713534729689.html,"Samsung Galaxy F15 5G, 8GB+128GB variant launched in India; check price and specs",NOT_RELEVANT,Unrelated candidate
20240419153000-848,20240419153000,yourstory.com,https://social.yourstory.com:443/enterprise-story/2024/04/wipro-net-profit-down-8-in-q4-of-fy24-provides-weak-guidance,YourStory | Stories about startups & entrepreneurships,NOT_RELEVANT,Unrelated candidate
20240419153000-1519,20240419153000,moneycontrol.com,https://www.moneycontrol.com/news/technology/why-wipro-is-not-starting-campus-hiring-yet-official-explains-12679421.html,Why Wipro is not starting campus hiring yet? Official explains,NOT_RELEVANT,Unrelated candidate
20240419154500-T2094,20240419154500,amarujala.com,https://www.amarujala.com/business/business-diary/5-month-old-ekagrah-murty-to-earn-rs-4-2-cr-with-infosys-bumper-dividend-2024-04-19,"5-month-old Ekagrah Murty To Earn Rs 4.2 Cr With Infosys' Bumper Dividend - Amar Ujala Hindi News Live - Infosys:बंपर लाभांश से नारायण मूर्ति के पांच महीने के पोते 'एकाग्र' पर बरसेगा धन, होगी इतने करोड़ की आमदनी",DIRECTLY_RELEVANT,"Infosys Q4 FY24 earnings, revenue, InSemi acquisition, contracts, hiring, or share price performance."
20240419154500-594,20240419154500,thehindubusinessline.com,https://www.thehindubusinessline.com/markets/stock-markets-stage-strong-rebound-after-four-days-of-slump-sensex-rallies-599-pts/article68083490.ece,Stock markets stage strong rebound after four days of slump; Sensex rallies 599 pts,NOT_RELEVANT,Unrelated candidate
20240419154500-344,20240419154500,thehindubusinessline.com,https://www.thehindubusinessline.com/incoming/indices-shrug-off-west-asia-conflict-snap-four-day-losing-streak/article68084214.ece,"Indices shrug off West Asia conflict, snap four-day losing streak",NOT_RELEVANT,Unrelated candidate
20240419160000-2010,20240419160000,vccircle.com,https://www.vccircle.com/sensexnifty-recover-intraday-losses-on-friday-but-end-in-red-for-the-week,"Sensex, Nifty recover intraday losses on Friday but end in red for the week",NOT_RELEVANT,Unrelated candidate
20240419160000-1259,20240419160000,rediff.com,https://www.rediff.com/business/report/sensex-rallies-599-pts-on-buying-in-banking-auto-shares/20240419.htm,"Sensex rallies 599 pts on buying in banking, auto shares",NOT_RELEVANT,Unrelated candidate
20240419160000-T1137,20240419160000,sakshi.com,https://www.sakshi.com/telugu-news/business/narayana-murthy-grandson-ekagrah-rohan-will-earn-rs42-crore-dividend-2029567,వయస్సు 5 నెలలే.. కానీ ఇన్ఫోసిస్‌ ద్వారా 4.2 కోట్లు సంపాదించాడు,DIRECTLY_RELEVANT,"Infosys Q4 FY24 earnings, revenue, InSemi acquisition, contracts, hiring, or share price performance."
20240419161500-1883,20240419161500,insidermonkey.com,https://www.insidermonkey.com/blog/infosys-limited-nyseinfy-q4-2024-earnings-call-transcript-1289955/,Infosys Limited (NYSE:INFY) Q4 2024 Earnings Call Transcript,DIRECTLY_RELEVANT,"Infosys Q4 FY24 earnings, revenue, InSemi acquisition, contracts, hiring, or share price performance."
20240419161500-1125,20240419161500,gulte.com,https://www.gulte.com/trends/288449/another-recession-in-the-offing-in-it-industry,Another Recession In the Offing in IT Industry?,NOT_RELEVANT,Unrelated candidate
20240419161500-155,20240419161500,yourstory.com,https://yourstory.com:443/enterprise-story/2024/04/wipro-net-profit-down-8-in-q4-of-fy24-provides-weak-guidance,YourStory | Stories about startups & entrepreneurships,NOT_RELEVANT,Unrelated candidate
20240419161500-2019,20240419161500,morungexpress.com,https://morungexpress.com/sensex-nifty-witness-worst-week-since-march-15-amid-iran-israel-conflict,"Sensex, Nifty witness worst week since March 15 amid Iran-Israel conflict",NOT_RELEVANT,Unrelated candidate
20240419163000-526,20240419163000,yahoo.com,https://finance.yahoo.com/news/infosys-limited-nyse-infy-q4-154952118.html,Infosys Limited (NYSE:INFY) Q4 2024 Earnings Call Transcript,DIRECTLY_RELEVANT,"Infosys Q4 FY24 earnings, revenue, InSemi acquisition, contracts, hiring, or share price performance."
20240419163000-T497,20240419163000,moneycontrol.com,https://hindi.moneycontrol.com/news/company/company-results/wipro-results-copmany-headcount-declins-by-6180-employees-in-march-quarter-second-consecutive-quarter-1895827.html,"IT कंपनियों में घट रही नौकरियां! TCS-इंफोसिस के बाद अब Wipro में 6,180 कर्मचारी हुए कम, लगातार छठवीं तिमाही गिरावट",DIRECTLY_RELEVANT,"Infosys Q4 FY24 earnings, revenue, InSemi acquisition, contracts, hiring, or share price performance."
20240419164500-640,20240419164500,indiatimes.com,https://economictimes.indiatimes.com/tech/information-tech/indias-top-3-it-companies-see-exit-of-64000-employees-in-fy23-24/articleshow/109441340.cms,"IT companies: India's top 3 IT companies see exit of 64,000 employees in FY23-24",NOT_RELEVANT,Unrelated candidate
20240419164500-2166,20240419164500,channelnewsasia.com,https://www.channelnewsasia.com/business/indias-wipro-scrapes-past-lowered-revenue-expectations-prioritises-growth-pick-4278056,"India's Wipro scrapes past lowered revenue expectations, prioritises growth pick-up",NOT_RELEVANT,Unrelated candidate
20240419173000-238,20240419173000,theweek.in,https://www.theweek.in/wire-updates/business/2024/04/19/del47-biz-result-2ndld-wipro.html,Wipro Q4 net profit falls 7.8 to Rs 2 835 cr new CEO flags uncertainty in macro environment,NOT_RELEVANT,Unrelated candidate
20240419173000-T339,20240419173000,sangbadpratidin.in,https://www.sangbadpratidin.in/india/narayana-murthys-5-month-old-grandson-set-to-pocket-rs-4-2-crore/,Narayana Murthy's 5-month-old grandson set to pocket Rs 4.2 crore,NOT_RELEVANT,"Narayana Murthy / Sudha Murty non-corporate lifestyle, family memoir, flight encounter, or 70-hour work week viral debate"
20240419174500-805,20240419174500,themarketsdaily.com,https://www.themarketsdaily.com/2024/04/19/infosys-nyseinfy-price-target-cut-to-18-00-by-analysts-at-bmo-capital-markets.html,Infosys (NYSE:INFY) Price Target Cut to $18.00 by Analysts at BMO Capital Markets,DIRECTLY_RELEVANT,"Infosys Q4 FY24 earnings, revenue, InSemi acquisition, contracts, hiring, or share price performance."
20240419174500-151,20240419174500,theenterpriseleader.com,https://theenterpriseleader.com/2024/04/19/infosys-nyseinfy-price-target-cut-to-18-00-by-analysts-at-bmo-capital-markets.html,Infosys (NYSE:INFY) Price Target Cut to $18.00 by Analysts at BMO Capital Markets,DIRECTLY_RELEVANT,"Infosys Q4 FY24 earnings, revenue, InSemi acquisition, contracts, hiring, or share price performance."
20240419174500-1659,20240419174500,indiatimes.com,https://economictimes.indiatimes.com/opinion/et-editorial/headcount-down-its-not-final-countdown/articleshow/109442219.cms,"Headcount down, It's not final countdown",NOT_RELEVANT,Unrelated candidate
20240419174500-1831,20240419174500,yourstory.com,https://her.yourstory.com:443/enterprise-story/2024/04/wipro-net-profit-down-8-in-q4-of-fy24-provides-weak-guidance,YourStory | Stories about startups & entrepreneurships,NOT_RELEVANT,Unrelated candidate
20240419174500-586,20240419174500,indiatimes.com,https://economictimes.indiatimes.com/markets/stocks/earnings/sustained-deal-momentum-and-margin-improvement-augur-well-for-wipro/articleshow/109441965.cms,wipro q4 fy24 earnings: Sustained deal momentum and margin improvement augur well for Wipro,NOT_RELEVANT,Unrelated candidate
20240419181500-1583,20240419181500,thehindubusinessline.com,https://www.thehindubusinessline.com/info-tech/for-the-first-time-in-a-decade-top-3-it-services-firm-see-dip-in-headcount/article68083693.ece,"For the first time in a decade, top 3 IT services firm see dip in headcount",NOT_RELEVANT,Unrelated candidate
20240419191500-326,20240419191500,latestly.com,https://www.latestly.com/agency-news/latest-news-indias-top-3-it-companies-see-exit-of-64000-employees-in-fy23-24-5906287.html,"Latest News | India's Top 3 IT Companies See Exit of 64,000 Employees in FY23-24",NOT_RELEVANT,Unrelated candidate
20240419191500-1629,20240419191500,rashtranews.com,https://www.rashtranews.com/does-crypto-have-a-future-in-india/,Does crypto have a future in India?,NOT_RELEVANT,Unrelated candidate
20240419200000-830,20240419200000,indiatimes.com,https://economictimes.indiatimes.com/jobs/hr-policies-trends/staff-safety-on-india-inc-radar-in-troubled-west-asia/articleshow/109443446.cms,Israel conflict: Staff safety on India Inc radar in troubled West Asia,NOT_RELEVANT,Unrelated candidate
20240419200000-1221,20240419200000,kelo.com,https://kelo.com/2024/04/19/indias-wipro-beats-q4-revenue-estimates/,India's Wipro beats Q4 revenue estimates,NOT_RELEVANT,Unrelated candidate
20240419200000-T2539,20240419200000,prabhasakshi.com,https://www.prabhasakshi.com/business/top-three-it-companies-to-lose-64000-employees-during-2023-24,"शीर्ष तीन IT कंपनियों में 2023-24 के दौरान 64,000 कर्मचारी घटे",NOT_RELEVANT,Unrelated candidate
20240419204500-774,20240419204500,indiablooms.com,https://www.indiablooms.com/finance-details/20294/wipro-s-headcount-drops-9-5-to-2-34-054-in-fy24.html,"Wipro's headcount drops 9.5% to 2,34,054 in FY24 | Indiablooms - First Portal on Digital News Management",NOT_RELEVANT,Unrelated candidate
20240419213000-653,20240419213000,financialexpress.com,https://www.financialexpress.com/market/brokerages-slash-target-price-for-infosys-stock-3462716/,Brokerages slash target price for Infosys stock,DIRECTLY_RELEVANT,"Infosys Q4 FY24 earnings, revenue, InSemi acquisition, contracts, hiring, or share price performance."
20240419221500-T1589,20240419221500,udayavani.com,https://www.udayavani.com/news-section/business-news/infosys-murthys-grandson-got-4-2-crores-as-dividend,Infosys; ಮೂರ್ತಿ ಮೊಮ್ಮಗನಿಗೆ ಸಿಕ್ತು 4.2 ಕೋಟಿ ಡಿವಿಡೆಂಡ್‌,DIRECTLY_RELEVANT,"Infosys Q4 FY24 earnings, revenue, InSemi acquisition, contracts, hiring, or share price performance."
20240419230000-1001,20240419230000,indiatimes.com,https://timesofindia.indiatimes.com/business/india-business/top-3-it-companies-report-64000-fall-in-fy24-headcount/articleshow/109444387.cms,"Top 3 IT companies report 64,000 fall in FY24 headcount",NOT_RELEVANT,Unrelated candidate
20240419230000-1087,20240419230000,indiatimes.com,https://timesofindia.indiatimes.com/business/india-business/wipros-growth-lags-peers-co-cautious-about-recovery/articleshow/109445282.cms,"Wipro's growth lags peers, co cautious about recovery",NOT_RELEVANT,Unrelated candidate
20240419230000-1036,20240419230000,livemint.com,https://www.livemint.com/companies/company-results/infosys-q4-fy24-results-live-profit-rise-by-30-04-yoy-11713565300768.html,Infosys Q4 FY24 Results Live : profit rise by 30.04% YOY,DIRECTLY_RELEVANT,"Infosys Q4 FY24 earnings, revenue, InSemi acquisition, contracts, hiring, or share price performance."
20240420000000-1050,20240420000000,indiatimes.com,https://timesofindia.indiatimes.com/business/india-business/infys-bumper-dividend-will-fetch-murthys-grandkid-4-2cr/articleshow/109444941.cms,Infosys: Infy's Bumper Dividend Will Fetch Murthy's Grandkid 4.2cr | Delhi News,DIRECTLY_RELEVANT,"Infosys Q4 FY24 earnings, revenue, InSemi acquisition, contracts, hiring, or share price performance."
20240420003000-T449,20240420003000,saamana.com,https://www.saamana.com/special-news-bulletine-from-all-ocer-world/,जगभरातून विशेष बातम्या | Saamana (सामना),NOT_RELEVANT,Unrelated candidate
20240420004500-1021,20240420004500,financialexpress.com,https://www.financialexpress.com/market/vi-fpo-booked-49-at-the-end-of-day-2-3462741/,Vi FPO booked 49% at the end of day 2,NOT_RELEVANT,Unrelated candidate
20240420004500-1016,20240420004500,financialexpress.com,https://www.financialexpress.com/business/industry-wipro-on-yr-headcount-falls-first-in-2019-company-may-go-to-campuses-in-fy25-3462699/,Wipro on-yr headcount falls first in 2019; company may go to campuses in FY25,NOT_RELEVANT,Unrelated candidate
20240420013000-35,20240420013000,newstodaynet.com,https://newstodaynet.com/2024/04/20/wipro-q4-net-profit-falls-7-8/,Wipro Q4 net profit falls 7.8% . - News Today | First with the news,NOT_RELEVANT,Unrelated candidate
20240420020000-T454,20240420020000,jagran.com,https://www.jagran.com/news/national-in-the-last-financial-year-three-big-it-companies-laid-off-64-thousand-employees-23700612.html,"Layoffs: पिछले वित्त वर्ष में तीन बड़ी आइटी कंपनियों ने निकाले 64 हजार कर्मचारी, टीसीएस-इंफोसिस भी नहीं रहीं पीछे - In the last financial year three big IT companies laid off 64 thousand employees",DIRECTLY_RELEVANT,"Infosys Q4 FY24 earnings, revenue, InSemi acquisition, contracts, hiring, or share price performance."
20240420031500-970,20240420031500,rashtranews.com,https://www.rashtranews.com/tech-should-enable-india-to-achieve-its-vision-of-holistic-rejuvenation-honble-governor-of-tamil-nadu-thiru-r-n-ravi-at-sangam-2021/,"""Tech Should Enable India to Achieve its Vision of Holistic Rejuvenation"": Hon'ble Governor of Tamil Nadu, Thiru R.N. Ravi at Sangam 2021",NOT_RELEVANT,Unrelated candidate
20240420031500-1123,20240420031500,tribuneindia.com,https://www.tribuneindia.com/news/business/markets-rebound-after-4-days-of-slump-sensex-rallies-599-pts-612496,Markets rebound after 4 days of slump; Sensex rallies 599 pts,NOT_RELEVANT,Unrelated candidate
20240420033000-T1384,20240420033000,tarunbharat.com,https://www.tarunbharat.com/4-2-crore-dividend-to-narayan-murthys-grandson/,4.2 crore dividend to Narayan Murthy's grandson,NOT_RELEVANT,Unrelated candidate
20240420033000-T1405,20240420033000,tarunbharat.com,https://www.tarunbharat.com/sensex-rose-by-600-points-in-the-final-session/,Sensex rose by 600 points in the final session,NOT_RELEVANT,Unrelated candidate
20240420034500-693,20240420034500,livemint.com,https://www.livemint.com/companies/company-results/wipro-q4-results-net-profit-drops-8-to-rs-2-835-crore-revenue-down-4-yoy-11713522497251.html,"Wipro ends a dismal year, and the next quarter may be no better either",NOT_RELEVANT,Unrelated candidate
20240420041500-105,20240420041500,financialexpress.com,https://www.financialexpress.com/market/punjab-farmers-reap-twin-bounty-higher-yield-robust-procurement-3462650/,"Punjab farmers reap twin bounty: Higher yield, robust procurement",NOT_RELEVANT,Unrelated candidate
20240420043000-803,20240420043000,news18.com,https://www.news18.com/elections/modi-govt-has-given-258-more-money-to-karnataka-than-upa-mekedatu-no-solution-to-water-woes-tejasvi-surya-8859264.html,"'Modi Govt Has Given 258% More Money to Karnataka Than UPA, Mekedatu No Solution to Water Woes': Tejasvi Surya",NOT_RELEVANT,Unrelated candidate
20240420043000-T436,20240420043000,prabhatkhabar.com,https://www.prabhatkhabar.com/business/recession-in-it-sector-tcs-infosys-wipro-reduction-about-64000-employees-mdn,Recession in IT Sector: आईटी कंपनियों में आयी मंदी की आहट!,NOT_RELEVANT,Unrelated candidate
20240420044500-817,20240420044500,indiatimes.com,https://economictimes.indiatimes.com/markets/stocks/earnings/q4-results-today-hdfc-bank-among-8-companies-to-announce-earnings/articleshow/109449453.cms,Q4 results today: HDFC Bank among 8 companies to announce earnings,NOT_RELEVANT,Unrelated candidate
20240420050000-304,20240420050000,newindianexpress.com,https://www.newindianexpress.com/states/karnataka/2024/Apr/20/going-gets-tough-for-tejasvi-in-bengaluru-south,Going gets tough for Tejasvi in Bengaluru South,NOT_RELEVANT,Unrelated candidate
20240420051500-207,20240420051500,dailypioneer.com,https://www.dailypioneer.com/2024/business/stock-markets-stage-strong-rebound.html,Stock markets stage strong rebound,NOT_RELEVANT,Unrelated candidate
20240420051500-T873,20240420051500,indiatimes.com,https://marathi.indiatimes.com/business/business-news/narayana-murthy-5-month-old-grandson-ekagrah-to-pocket-rs-4-2-crore-from-infosys-dividend/articleshow/109448380.cms,"Millionaire Baby Ekagrah Murty Get Richer | अब्जाधीश आजोबांनी दिलेल्या भेटीची कमाल, पाच महिन्यांच्या चिमुकल्याची करोडो रुपयांची कमाई । Narayana Murthy's 5-month Old Grandson Ekagrah Earn Rs 4.2 Crore from Infosys Dividend",DIRECTLY_RELEVANT,Infosys corporate results / valuation with founder commentary
20240420060000-T331,20240420060000,bhaskar.com,https://www.bhaskar.com/business/news/everest-curry-masala-recalled-from-market-in-singapore-132901841.html,"Everest curry masala recalled from market in Singapore | सिंगापुर में एवरेस्ट करी मसाले को मार्केट से वापस मंगाया: OpenAI ने भारत में पहला एम्प्लॉई नियुक्त किया, नारायण मूर्ति के पोते को ₹4.2 करोड़ डिविडेंड मिला",NOT_RELEVANT,Unrelated candidate
20240420060000-T1603,20240420060000,loksatta.com,https://www.loksatta.com/author/sandeep-nalawade/,संदीप नलावडे – Loksatta,NOT_RELEVANT,Unrelated candidate
20240420061500-911,20240420061500,indiatimes.com,https://economictimes.indiatimes.com/markets/stocks/news/brokerages-cut-target-prices-on-infosys-after-muted-guidance/articleshow/109449776.cms,Brokerages cut target prices on Infosys after muted guidance,DIRECTLY_RELEVANT,"Infosys Q4 FY24 earnings, revenue, InSemi acquisition, contracts, hiring, or share price performance."
20240420061500-709,20240420061500,indiatimes.com,https://economictimes.indiatimes.com/jobs/fresher/tech-jobs-dwindle-with-indias-top-it-firms-cutting-workforce-by-64000/articleshow/109450106.cms,"IT hiring: Tech jobs dwindle with India's top IT firms cutting workforce by 64,000",NOT_RELEVANT,Unrelated candidate
20240420064500-564,20240420064500,moneycontrol.com,https://www.moneycontrol.com/news/business/markets/moneycontrol-pro-weekender-smug-markets-are-sitting-ducks-12678471.html,Moneycontrol Pro Weekender: Smug markets are sitting ducks,NOT_RELEVANT,Unrelated candidate
20240420064500-973,20240420064500,india.com,https://www.india.com/news/india/youtuber-abhradeep-saha-abuses-infosyss-narayana-murthy-in-his-last-post-on-instagram-6872771/,Youtuber Abhradeep Saha Abuses Infosys's Narayana Murthy In His Last Post on Instagram,DIRECTLY_RELEVANT,Infosys corporate governance / strategy
20240420064500-T1656,20240420064500,punjabkesari.in,https://www.punjabkesari.in/business/news/a-total-of-64-000-employees-decreased-in-it-sector-1969605,"IT सेक्टर में कम हो रही नौकरियां! TCS, Infosys और Wipro में एक साल में कुल 64,000 कर्मचारी घटे - a total of 64 000 employees decreased in it sector",DIRECTLY_RELEVANT,"Infosys Q4 FY24 earnings, revenue, InSemi acquisition, contracts, hiring, or share price performance."
20240420071500-T1676,20240420071500,moneycontrol.com,https://hindi.moneycontrol.com/news/business/india-largest-it-services-companies-tcs-infosys-and-wipro-saw-a-staggering-64000-employees-exiting-in-fy24-1895910.html,"TCS, Infosys, Wipro: देश की 3 सबसे बड़ी IT कंपनियों में FY24 में घटे 64000 कर्मचारी",DIRECTLY_RELEVANT,"Infosys Q4 FY24 earnings, revenue, InSemi acquisition, contracts, hiring, or share price performance."
20240420071500-T1684,20240420071500,moneycontrol.com,https://hindi.moneycontrol.com/news/markets/market-decline-1-5-percent-amid-geopolitical-tension-rupee-slips-to-record-low-1895924.html,"बाजार भूराजनीतिक तनाव के बीच 1.5% गिरा, रुपया रिकॉर्ड निचले स्तर पर पहुंचा",NOT_RELEVANT,Unrelated candidate
20240420071500-T2011,20240420071500,saamana.com,https://www.saamana.com/narayan-murthy-5-year-old-grand-son-first-income-is-4-crore/,नारायण मूर्ती यांच्या चार महिन्यांचा नातवाची पहिली कमाई 4 कोटी रुपयांची,NOT_RELEVANT,Unrelated candidate
20240420071500-92,20240420071500,hindustantimes.com,https://www.hindustantimes.com/business/gold-price-today-escalating-isrrael-iran-war-talk-boosts-rate-for-6th-week-running-101713593157216.html,Gold price today: Escalating Israel-Iran war talk boosts rate for 6th week running,NOT_RELEVANT,Unrelated candidate
20240420073000-235,20240420073000,telegraphindia.com,https://www.telegraphindia.com/feeds/business/investors-scurry-for-bonds-gold-amid-fears-of-escalation-in-iran-israel-conflict/cid/2014534,"Iran-Israel conflict | Investors scurry for bonds, gold amid fears of escalation in Iran-Israel conflict",NOT_RELEVANT,Unrelated candidate
20240420073000-875,20240420073000,telegraphindia.com,https://www.telegraphindia.com/business/investors-scurry-for-bonds-gold-amid-fears-of-escalation-in-iran-israel-conflict/cid/2014534,"Iran-Israel conflict | Investors scurry for bonds, gold amid fears of escalation in Iran-Israel conflict",NOT_RELEVANT,Unrelated candidate
20240420073000-T1112,20240420073000,kannadaprabha.com,https://www.kannadaprabha.com/politics/2024/Apr/20/going-gets-tough-for-tejasvi-in-bengaluru-south,ಬೆಂಗಳೂರು ದಕ್ಷಿಣ ಕ್ಷೇತ್ರ: ಗೆಲ್ಲಲು ಸೌಮ್ಯಾ ರೆಡ್ಡಿ ಪಣ; ಅನಂತ್ ಕುಮಾರ್ ಕುಟುಂಬದ ಮೌನ- ತೇಜಸ್ವಿ ಸೂರ್ಯಗೆ ಗೆಲುವು ಕಠಿಣ!,NOT_RELEVANT,Unrelated candidate
20240420110000-T790,20240420110000,sharemanthan.in,https://www.sharemanthan.in/61-news/corporate-update/74784-infosys-q4-profit-ebit-revenue-dividend-20042024,इन्फोसिस का चौथी तिमाही में मुनाफा 30.5% बढ़ा,DIRECTLY_RELEVANT,"Infosys Q4 FY24 earnings, revenue, InSemi acquisition, contracts, hiring, or share price performance."
20240420114500-362,20240420114500,sentinelassam.com,https://www.sentinelassam.com/more-news/business/sensex-nifty-witness-worst-week-since-march-15-amid-iran-israel-conflict,"Sensex, Nifty witness worst week since March 15 amid Iran-Israel conflict",NOT_RELEVANT,Unrelated candidate
20240420124500-T2349,20240420124500,boerse-express.com,https://www.boerse-express.com/news/articles/infosys-erwirbt-den-fuehrenden-anbieter-von-forschungs-und-entwicklungsdienstleistungen-in-tech-621543,Börse Express - Infosys erwirbt den führenden Anbieter von Forschungs- und Entwicklungsdienstleistungen in-tech,DIRECTLY_RELEVANT,"Infosys Q4 FY24 earnings, revenue, InSemi acquisition, contracts, hiring, or share price performance."
20240420124500-T2497,20240420124500,finanznachrichten.de,https://www.finanznachrichten.de/nachrichten-2024-04/62001498-infosys-erwirbt-den-fuehrenden-anbieter-von-forschungs-und-entwicklungsdienstleistungen-in-tech-007.htm,Infosys erwirbt den führenden Anbieter von Forschungs- und Entwicklungsdienstleistungen in-tech,DIRECTLY_RELEVANT,"Infosys Q4 FY24 earnings, revenue, InSemi acquisition, contracts, hiring, or share price performance."
20240420134500-203,20240420134500,visionmp.com,http://www.visionmp.com/business-2/in-a-first-in-20-years-tcs-infosys-wipro-together-report-huge-loss-in-employee-strength-in-fy24-63759/,"In a first in 20 years, TCS, Infosys, Wipro together report huge loss in employee strength in FY24 – 63,759 – vision mp",DIRECTLY_RELEVANT,"Infosys Q4 FY24 earnings, revenue, InSemi acquisition, contracts, hiring, or share price performance."
20240420151500-505,20240420151500,thehindubusinessline.com,https://www.thehindubusinessline.com/portfolio/big-story/putting-mind-over-matter/article68083329.ece,Putting Mind Over Matter - The Hindu BusinessLine,NOT_RELEVANT,Unrelated candidate
20240420153000-T1883,20240420153000,sharemanthan.in,https://www.sharemanthan.in/462-advice/74786-market-outlook-infosys-shares-shomesh-kumar-views-20240420,"Infosys Ltd Share Latest News: सख्ती से सुरक्षा मानकों का पालन करें खरीदार, 1350 रुपये तक जा सकते हैं भाव",DIRECTLY_RELEVANT,"Infosys Q4 FY24 earnings, revenue, InSemi acquisition, contracts, hiring, or share price performance."
20240420153000-T1888,20240420153000,sharemanthan.in,https://www.sharemanthan.in/462-advice/74785-market-outlook-tata-consultancy-services-shares-shomesh-kumar-views-20240420,"Tata Consultancy Services Ltd Share Latest News: शॉर्ट कवरिंग के आसार, अभी इंतजार करें और देखें निवेशक",NOT_RELEVANT,Unrelated candidate
20240420163000-917,20240420163000,datacenterdynamics.com,https://www.datacenterdynamics.com/en/news/logistics-firm-team-global-express-migrates-to-the-cloud-with-infosys/,Logistics firm Team Global Express migrates to the cloud with Infosys,DIRECTLY_RELEVANT,"Infosys Q4 FY24 earnings, revenue, InSemi acquisition, contracts, hiring, or share price performance."
20240420171500-521,20240420171500,rashtranews.com,https://www.rashtranews.com/developments-at-tata-digital-ride-hailing-firms-optimistic-tech-news/,Developments at Tata Digital; ride-hailing firms optimistic : Tech News,NOT_RELEVANT,Unrelated candidate
20240420181500-606,20240420181500,yahoo.com,https://finance.yahoo.com/news/five-reasons-stock-market-painful-122100512.html,Five reasons the stock market's 'painful' pullback may be nearing its end,NOT_RELEVANT,Unrelated candidate
20240420183000-933,20240420183000,menafn.com,https://menafn.com/1108118094/Tech-Giants-TCS-Infosys-And-Wipro-See-Combined-Headcount-Drop-Of-64000-In-FY24,"Tech Giants TCS, Infosys And Wipro See Combined Headcount Drop Of 64,000 In FY24",DIRECTLY_RELEVANT,"Infosys Q4 FY24 earnings, revenue, InSemi acquisition, contracts, hiring, or share price performance."
20240420200000-129,20240420200000,thehindu.com,https://www.thehindu.com/news/cities/chennai/india-needs-to-create-technology-that-other-countries-would-use/article68088253.ece,'India needs to create technology that other countries would use',NOT_RELEVANT,Unrelated candidate
20240420224500-518,20240420224500,rashtranews.com,https://www.rashtranews.com/national-news-for-the-first-time-more-indian-patents-filed-say-experts/,"National News: For the first time, more Indian patents filed, say experts",NOT_RELEVANT,Unrelated candidate
20240420234500-354,20240420234500,indiatimes.com,https://timesofindia.indiatimes.com/city/ranchi/dont-forget-may-13-come-vote-gumla-invite-to-migrant-workers/articleshow/109467646.cms,"Migrant Workers: Don't Forget May 13, Come & Vote: Gumla Invite To Migrant Workers | Ranchi News",NOT_RELEVANT,Unrelated candidate
20240421000000-T947,20240421000000,dutchitchannel.nl,https://www.dutchitchannel.nl/news/431394/infosys-en-tcs-melden-groeicijfers-met-ai-en-meer,Dutch IT Channel - Infosys en TCS melden groeicijfers met AI en meer,DIRECTLY_RELEVANT,"Infosys Q4 FY24 earnings, revenue, InSemi acquisition, contracts, hiring, or share price performance."
20240421021500-449,20240421021500,indiatimes.com,https://timesofindia.indiatimes.com/city/vadodara/states-first-mall-completes-75-years/articleshow/109468639.cms,State's First 'mall' Completes 75 Years | Vadodara News,NOT_RELEVANT,Unrelated candidate
20240421040000-616,20240421040000,indiatimes.com,https://economictimes.indiatimes.com/markets/expert-view/pashupati-advani-on-where-he-is-taking-some-chips-off-the-table-what-stocks-he-is-buying-now/articleshow/109461516.cms,portfolio allocation: Pashupati Advani on where he is taking some chips off the table & what stocks he is buying now,NOT_RELEVANT,Unrelated candidate
20240421040000-589,20240421040000,indiatimes.com,https://economictimes.indiatimes.com/markets/expert-view/avoiding-it-stocks-4-sectors-to-buy-into-now-chakri-lokapriya/articleshow/109461741.cms,auto ancillaries: Avoiding IT stocks; 4 sectors to buy into now: Chakri Lokapriya,NOT_RELEVANT,Unrelated candidate
20240421044500-528,20240421044500,moneycontrol.com,https://www.moneycontrol.com/news/business/markets/dalal-street-week-ahead-q4-earnings-us-gdp-iran-israel-conflict-among-10-key-factors-to-watch-12684051.html,"Dalal Street Week Ahead: Q4 earnings, US GDP, Iran-Israel conflict among 10 key factors to watch",NOT_RELEVANT,Unrelated candidate
20240421054500-182,20240421054500,indiatimes.com,https://economictimes.indiatimes.com/markets/stocks/news/six-of-top-10-valued-firms-take-rs-1-40-lakh-cr-hit-in-mcaptcs-infosys-biggest-laggards/articleshow/109471095.cms,"Six of top 10 valued firms take Rs 1.40 lakh cr hit in mcap;TCS, Infosys biggest laggards",DIRECTLY_RELEVANT,"Infosys Q4 FY24 earnings, revenue, InSemi acquisition, contracts, hiring, or share price performance."
20240421054500-317,20240421054500,indiatimes.com,https://economictimes.indiatimes.com/markets/expert-view/how-to-trade-maruti-ril-and-4-other-stocks-ahead-of-q4-earnings/articleshow/109471153.cms,"How to trade Maruti, RIL and 4 other stocks ahead of Q4 earnings",NOT_RELEVANT,Unrelated candidate
20240421054500-10,20240421054500,indiatimes.com,https://timesofindia.indiatimes.com/business/india-business/six-of-top-10-valued-firms-take-rs-1-40-lakh-cr-hit-in-mcaptcs-infosys-biggest-laggards/articleshow/109471073.cms,"Six of top 10 valued firms take Rs 1.40 lakh cr hit in mcap; TCS, Infosys biggest laggards",DIRECTLY_RELEVANT,"Infosys Q4 FY24 earnings, revenue, InSemi acquisition, contracts, hiring, or share price performance."
20240421060000-203,20240421060000,moneycontrol.com,https://www.moneycontrol.com/news/business/six-of-top-10-valued-firms-take-rs-1-40-lakh-crore-hit-in-mcap-tcs-infosys-biggest-laggards-12685031.html,"Six of top 10 valued firms take Rs 1.40 lakh crore hit in mcap; TCS, Infosys biggest laggards",DIRECTLY_RELEVANT,"Infosys Q4 FY24 earnings, revenue, InSemi acquisition, contracts, hiring, or share price performance."
20240421060000-T1323,20240421060000,arrobajuarez.com,https://arrobajuarez.com/2024/04/21/seis-de-las-10-empresas-con-mayor-valor-sufrieron-un-golpe-de-140-rupias-lakh-cr-en-mcap-tcs-infosys-es-el-mas-lento/,"Seis de las 10 empresas con mayor valor sufrieron un golpe de 1,40 rupias lakh cr en mcap; TCS, Infosys es el más lento",DIRECTLY_RELEVANT,"Infosys Q4 FY24 earnings, revenue, InSemi acquisition, contracts, hiring, or share price performance."
20240421061500-516,20240421061500,dailyexcelsior.com,https://www.dailyexcelsior.com/six-of-top-10-valued-firms-take-rs-1-40-lakh-cr-hit-in-mcap-tcs-infosys-biggest-laggards/,"Six of top 10 valued firms take Rs 1.40 lakh cr hit in mcap; TCS, Infosys biggest laggards",DIRECTLY_RELEVANT,"Infosys Q4 FY24 earnings, revenue, InSemi acquisition, contracts, hiring, or share price performance."
20240421063000-9,20240421063000,businesstoday.in,https://www.businesstoday.in/latest/corporate/story/six-of-top-10-valued-firms-take-rs-140-lakh-cr-hit-in-mcap-tcs-infosys-biggest-losers-426276-2024-04-21,"Six of top 10 valued firms take Rs 1.40 lakh cr hit in mcap; TCS, Infosys biggest losers",DIRECTLY_RELEVANT,"Infosys Q4 FY24 earnings, revenue, InSemi acquisition, contracts, hiring, or share price performance."
20240421064500-163,20240421064500,livemint.com,https://www.livemint.com/market/stock-market-news/top-indian-firms-lose-rs-1-40-lakh-crore-in-mcap-it-majors-tcs-infosys-among-hardest-hit-hdfc-bank-ril-top-gainers-11713675832512.html,"Top Indian firms lose ₹1.40 lakh crore in mcap; IT majors TCS, Infosys among hardest hit, HDFC Bank, RIL top gainers",DIRECTLY_RELEVANT,"Infosys Q4 FY24 earnings, revenue, InSemi acquisition, contracts, hiring, or share price performance."
20240421064500-T1,20240421064500,moneycontrol.com,https://hindi.moneycontrol.com/news/markets/combined-market-valuation-of-six-of-the-top-10-most-valued-firms-eroded-by-rs-1-40-lakh-crore-last-week-tcs-and-infosys-taking-the-maximum-hit-1896060.html,"टॉप 10 कंपनियों में से 6 का m-cap ₹1.40 लाख करोड़ घटा, इन दो IT कंपनियों को सबसे ज्यादा नुकसान",NOT_RELEVANT,Unrelated candidate
20240421064500-T7,20240421064500,moneycontrol.com,https://hindi.moneycontrol.com/news/markets/infosys-share-may-rise-upto-24-percent-emkay-global-financial-retained-buy-rating-with-a-target-price-of-rs-1750-1896057.html,Infosys शेयर में आ सकता है 24% तक का उछाल! Q4 नतीजों के बाद ब्रोकरेज को क्या दिख रही उम्मीद,DIRECTLY_RELEVANT,"Infosys Q4 FY24 earnings, revenue, InSemi acquisition, contracts, hiring, or share price performance."
20240421070000-413,20240421070000,theweek.in,https://www.theweek.in/news/biz-tech/2024/04/21/mcap-tracker-reliance-hdfc-gain-most-in-top-10-tcs-infosys-major-laggards.html,"Mcap tracker: Bharti Airtel, HDFC Bank gain most in Top 10; TCS, Infosys major laggards",DIRECTLY_RELEVANT,"Infosys Q4 FY24 earnings, revenue, InSemi acquisition, contracts, hiring, or share price performance."
20240421070000-T1087,20240421070000,vikatan.com,https://www.vikatan.com/personal-finance/share-market/6-month-old-child-set-to-receive-4-2-crores-dividend-income,6 மாத குழந்தைக்கு ரூ.4.2 கோடி வருமானம்... இன்ஃபோசிஸ் நாராயணமூர்த்தி பேரனுக்கு ஜாக்பாட்!,NOT_RELEVANT,Unrelated candidate
20240421071500-220,20240421071500,hindustantimes.com,https://www.hindustantimes.com/business/tcs-infosys-sbi-itc-hul-icici-bank-market-capitalisation-loss-reliance-industries-bharti-airtel-market-cap-101713680428941.html,"TCS, Infosys, SBI, ITC, HUL, ICICI Bank biggest losers, suffer ₹1.4 lakh crore loss in market capitalisation",DIRECTLY_RELEVANT,"Infosys Q4 FY24 earnings, revenue, InSemi acquisition, contracts, hiring, or share price performance."
20240421073000-T893,20240421073000,bhaskar.com,https://www.bhaskar.com/business/news/market-capitalization-2024-top-10-list-update-airtel-tcs-infosys-reliance-132907639.html,"Airtel TCS; Market Capitalization 2024 Top 10 List Update | Infosys ICICI Bank - Reliance | TCS की मार्केट-वैल्यू एक हफ्ते में ₹62,538 करोड़ कम हुई: टॉप-10 कंपनियों में से 6 की वैल्यू ₹1.40 लाख करोड़ गिरी, एयरटेल टॉप गेनर",DIRECTLY_RELEVANT,"Infosys Q4 FY24 earnings, revenue, InSemi acquisition, contracts, hiring, or share price performance."
20240421074500-T1132,20240421074500,indiatimes.com,https://navbharattimes.indiatimes.com/business/share-market/share-news/market-cap-six-of-top-10-valued-firms-take-rs-1-40-lakh-cr-hit-in-mcap/articleshow/109472380.cms,"Market Cap: टॉप 10 में से 6 कंपनियों ने गंवाए 1.40 लाख करोड़, बस ये रहीं मुनाफे में, देखें डिटेल्स",NOT_RELEVANT,Unrelated candidate
20240421081500-507,20240421081500,tribuneindia.com,https://www.tribuneindia.com/news/business/six-of-top-10-valued-firms-take-rs-1-40-lakh-crore-hit-in-mcap-tcs-infosys-biggest-laggards-613092,"Six of top-10 valued firms take Rs 1.40 lakh crore hit in mcap; TCS, Infosys biggest laggards",DIRECTLY_RELEVANT,"Infosys Q4 FY24 earnings, revenue, InSemi acquisition, contracts, hiring, or share price performance."
20240421093000-464,20240421093000,freepressjournal.in,https://www.freepressjournal.in/business/chanakya-of-trading-amit-shahs-affidavit-reveals-diverse-investments-in-over-250-companies,Chanakya Of Trading? Amit Shah's Affidavit Reveals Diverse Investments In Over 250 Companies,NOT_RELEVANT,Unrelated candidate
20240421101500-182,20240421101500,dailyforex.com,https://www.dailyforex.com/forex-articles/successful-forex-traders-in-india/210480,Who are the Most Successful Forex Traders in India?,NOT_RELEVANT,Unrelated candidate
20240421101500-497,20240421101500,schema-root.org,https://schema-root.org/commerce/corporations/technology/,"technology industry (corporations and companies), Schema-Root news",NOT_RELEVANT,Unrelated candidate
20240421103000-619,20240421103000,thehindubusinessline.com,https://www.thehindubusinessline.com/markets/mcap-6-of-top-10-valued-firms-take-140-lakh-crore-hit-tcs-infosys-biggest-laggards/article68090236.ece,"Mcap: 6 of top 10 valued firms take ₹1.40 lakh crore hit; TCS, Infosys biggest laggards",DIRECTLY_RELEVANT,"Infosys Q4 FY24 earnings, revenue, InSemi acquisition, contracts, hiring, or share price performance."
20240421103000-74,20240421103000,prokerala.com,https://www.prokerala.com/news/articles/a1524762.html,"April futures expiry to increase volatility, keep markets under pressure",NOT_RELEVANT,Unrelated candidate
20240421103000-T1603,20240421103000,prabhasakshi.com,https://www.prabhasakshi.com/business/market-capitalization-of-six-of-the-top-10-companies-decreased,शीर्ष 10 कंपनियों में छह का बाजार पूंजीकरण 1.40 लाख करोड़ रुपये घटा,NOT_RELEVANT,Unrelated candidate
20240421113000-178,20240421113000,indiatimes.com,https://economictimes.indiatimes.com/tech/technology/talent-ai-volution-can-ai-adoption-dent-indias-tech-edge/articleshow/109475826.cms,AI: Talent AI-volution: Can AI adoption dent India's tech edge?,NOT_RELEVANT,Unrelated candidate
20240421114500-679,20240421114500,orissapost.com,https://www.orissapost.com/mcap-of-six-of-top-10-valued-firms-at-rs-1-40-trillion-tcs-infosys-lag/,"Mcap of six of top 10 valued firms at Rs 1.40 trillion; TCS, Infosys lag",DIRECTLY_RELEVANT,"Infosys Q4 FY24 earnings, revenue, InSemi acquisition, contracts, hiring, or share price performance."
20240421120000-190,20240421120000,indiatimes.com,https://telecom.economictimes.indiatimes.com/news/internet/talent-ai-volution-can-ai-adoption-dent-indias-tech-edge/109477307,"Talent AI-volution: Can AI adoption dent India's tech edge?, Telecom News, ET Telecom",NOT_RELEVANT,Unrelated candidate
20240421121500-218,20240421121500,indiatimes.com,https://economictimes.indiatimes.com/markets/stocks/news/ahead-of-market-10-things-that-will-decide-stock-action-on-monday/articleshow/109477208.cms,Ahead of Market: 10 things that will decide stock action on Monday,NOT_RELEVANT,Unrelated candidate
20240421123000-251,20240421123000,freepressjournal.in,https://www.freepressjournal.in/business/20000-in-4-days-fiis-shed-in-volumes-amid-election-and-global-uncertainties,"₹20,000 In 4 Days: FIIs Shed In Volumes Amid Election And Global Uncertainties",NOT_RELEVANT,Unrelated candidate
20240421124500-625,20240421124500,livemint.com,https://www.livemint.com/companies/wage-costs-in-it-giants-inch-up-in-q4-11713691115754.html,Wage costs in IT giants inch up in Q4,NOT_RELEVANT,Unrelated candidate
20240421131500-167,20240421131500,hindustantimes.com,https://www.hindustantimes.com/business/emmforce-autotech-ipo-check-price-band-date-of-opening-and-much-more-101713689445660.html,"Emmforce AutoTech IPO: Check price band, date of opening and much more",NOT_RELEVANT,Unrelated candidate
20240421140000-T959,20240421140000,indiatimes.com,https://marathi.indiatimes.com/business/share-bazaar/stock-market-outlook-next-week-what-will-happen-in-upcoming-daysinsharemarket/articleshow/109474719.cms,"Share Market Update,Share Market: सोमवारी शेअर बाजाराची काय असेल चाल; पुन्हा धडाम की सुस्साट धावणार... - stock market outlook next week what will happen in upcoming days in share market",NOT_RELEVANT,Unrelated candidate
20240421141500-854,20240421141500,yourstory.com,https://social.yourstory.com:443/2020/11/design-thinking-pavan-soni,"'Clear head, deep heart, thick skin' - how to harness design thinking for creative problem solving",NOT_RELEVANT,Unrelated candidate
20240421143000-744,20240421143000,smetimes.in,http://www.smetimes.in/smetimes/news/indian-economy-news/2024/Apr/21/market-volatility8484884.html,"April futures expiry to increase volatility, keep markets under pressure",NOT_RELEVANT,Unrelated candidate
20240421144500-107,20240421144500,techstory.in,https://techstory.in/amit-shahs-net-worth-doubles-in-5-years-affidavits-reveals-investments-in-over-250-companies/,"Amit Shah's net worth doubles in 5 years, affidavit reveals investments in over 250 companies",NOT_RELEVANT,Unrelated candidate
20240421153000-469,20240421153000,thehindu.com,https://www.thehindu.com/news/cities/Mangalore/research-and-training-needed-to-sustain-and-increase-quality-of-yakshagana-performance/article68091099.ece,'Research and training needed to sustain and increase quality of Yakshagana performance',NOT_RELEVANT,Unrelated candidate
20240421190000-472,20240421190000,livemint.com,https://www.livemint.com/industry/infotech/mint-primer-let-the-good-times-roll-it-services-eye-a-better-future-11713716032276.html,Mint Primer | Let the good times roll: IT services eye a better future,NOT_RELEVANT,Unrelated candidate
20240421193000-941,20240421193000,tickerreport.com,https://www.tickerreport.com/banking-finance/11915543/hussman-strategic-advisors-inc-sells-30000-shares-of-infosys-limited-nyseinfy.html,"Hussman Strategic Advisors Inc. Sells 30,000 Shares of Infosys Limited (NYSE:INFY)",DIRECTLY_RELEVANT,"Infosys Q4 FY24 earnings, revenue, InSemi acquisition, contracts, hiring, or share price performance."
20240421221500-309,20240421221500,autoconnectedcar.com,https://www.autoconnectedcar.com/2024/04/connected-car-news-subaru-amd-infineon-elecktrobit-untether-ai-arm-argus-mobileye-infosys-renesas-faraday-tech-audi/,"Connected Car News: Subaru, AMD, Infineon, Elecktrobit, Untether AI, Arm, Argus, Mobileye, Infosys, Renesas, Faraday Tech & Audi",DIRECTLY_RELEVANT,"Infosys Q4 FY24 earnings, revenue, InSemi acquisition, contracts, hiring, or share price performance."
20240421223000-221,20240421223000,indiatimes.com,https://timesofindia.indiatimes.com/business/india-business/tcs-links-variable-pay-to-work-from-office/articleshow/109482497.cms,TCS links variable pay to work from office,NOT_RELEVANT,Unrelated candidate
20240421234500-259,20240421234500,financialexpress.com,https://www.financialexpress.com/business/industry-it-firms-navigate-workforce-cuts-us-slump-ai-opportunities-3464103/,"IT firms navigate workforce cuts, US slump, AI opportunities",NOT_RELEVANT,Unrelated candidate
20240422010000-627,20240422010000,indiatimes.com,https://economictimes.indiatimes.com/markets/stocks/news/fpis-mount-bearish-bets-as-risk-aversion-grows/articleshow/109485259.cms,FPIs: FPIs mount bearish bets as risk aversion grows,NOT_RELEVANT,Unrelated candidate
20240422021500-507,20240422021500,livemint.com,https://www.livemint.com/market/mark-to-market/wipro-infosys-march-quarter-results-paint-gloomy-outlook-for-fy25-11713679945508.html,"Wipro, Infosys March quarter results paint gloomy outlook for FY25",DIRECTLY_RELEVANT,"Infosys Q4 FY24 earnings, revenue, InSemi acquisition, contracts, hiring, or share price performance."
20240422021500-526,20240422021500,moneycontrol.com,https://www.moneycontrol.com/news/business/markets/chartist-talks-ashish-kyal-suggests-short-strangle-strategy-for-nifty-in-monthly-fo-expiry-week-12688151.html,Chartist Talks | Ashish Kyal suggests short strangle strategy for Nifty in monthly F&O expiry week,NOT_RELEVANT,Unrelated candidate
20240422024500-T980,20240422024500,lokmat.com,https://www.lokmat.com/business/stock-market/as-the-market-fell-last-week-shares-of-many-good-companies-are-available-at-attractive-valuations-a-a629/,"आली कमाईची संधी, हुकवू नका; पुढील सप्ताहात आणखी घसरणीची शक्यता",NOT_RELEVANT,Unrelated candidate
20240422031500-414,20240422031500,indiatimes.com,https://economictimes.indiatimes.com/wealth/invest/esg-mutual-funds-why-these-mfs-may-not-be-the-right-choice-for-investors/articleshow/109452190.cms,ESG mutual funds: Why these MFs may not be the right choice for investors,NOT_RELEVANT,Unrelated candidate
20240422031500-766,20240422031500,indiatimes.com,https://economictimes.indiatimes.com/tech/information-tech/employee-wage-cost-up-even-as-growth-falters-headcount-drops/articleshow/109480581.cms,IT companies: Top IT firms saw wage bills rise 5.5% even as revenue growth dips,NOT_RELEVANT,Unrelated candidate
20240422031500-426,20240422031500,indiatimes.com,https://economictimes.indiatimes.com/tech/newsletters/morning-dispatch/rbis-missive-to-online-payment-firms-ceo-shuffle-at-startups/articleshow/109485604.cms,RBI's missive to online payment firms; CEO shuffle at startups,NOT_RELEVANT,Unrelated candidate
20240422034500-455,20240422034500,moneycontrol.com,https://www.moneycontrol.com/news/opinion/a-slow-unwinding-of-covid-excesses-at-wipro-infosys-12688911.html,"A slow unwinding of COVID excesses at Wipro, Infosys",DIRECTLY_RELEVANT,"Infosys Q4 FY24 earnings, revenue, InSemi acquisition, contracts, hiring, or share price performance."
20240422034500-433,20240422034500,moneycontrol.com,https://www.moneycontrol.com/news/business/earnings/fiis-rush-in-for-power-sector-shares-in-april-sell-off-fmcg-it-stocks-12688771.html,"FIIs rush in for power sector shares in April, sell off FMCG, IT stocks",NOT_RELEVANT,Unrelated candidate
20240422041500-651,20240422041500,indiainfoline.com,https://www.indiainfoline.com/blog/market-outlook-for-the-next-week-22-apr-to-26-apr,Market outlook for the next week (22-Apr to 26-Apr),NOT_RELEVANT,Unrelated candidate
20240422041500-832,20240422041500,indiainfoline.com,https://www.indiainfoline.com/blog/weekly-musings-index-performance-for-week-ended-april-19-2024,"Weekly Musings – Index performance for week ended April 19, 2024",NOT_RELEVANT,Unrelated candidate
20240422041500-815,20240422041500,indiatimes.com,https://timesofindia.indiatimes.com/city/mysuru/call-to-vote-compulsorily-in-elections/articleshow/109484453.cms,Vote: Call To Vote Compulsorily In Elections | Mysuru News,NOT_RELEVANT,Unrelated candidate
20240422043000-49,20240422043000,financialexpress.com,https://www.financialexpress.com/market/stocks-to-watch-hdfc-bank-reliance-industries-wipro-jio-financial-laurus-labs-ntpc-ireda-hatsun-agro-3464182/,"Stocks To Watch: HDFC Bank, Reliance Industries, Wipro, Jio Financial, Laurus Labs, NTPC, IREDA, Hatsun Agro",NOT_RELEVANT,Unrelated candidate
20240422043000-655,20240422043000,financialexpress.com,https://www.financialexpress.com/market/willnbsp-nifty-continue-the-positive-momentum-from-friday-and-trade-above-22200-see-gift-nifty-fii-data-fampo-ban-crude-more-before-market-opens-3464186/,"Will Nifty continue the positive momentum from Friday and trade above 22,200? See GIFT Nifty, FII data, F&O ban, crude, more before market opens - Market News",NOT_RELEVANT,Unrelated candidate
20240422050000-646,20240422050000,marketscreener.com,https://www.marketscreener.com/quote/stock/WIPRO-LIMITED-6494362/news/India-s-Wipro-rises-as-Street-pins-hopes-on-new-CEO-after-Q4-results-46488181/,India's Wipro rises as Street pins hopes on new CEO after Q4 results,NOT_RELEVANT,Unrelated candidate
20240422050000-1000,20240422050000,indiatimes.com,https://economictimes.indiatimes.com/mf/analysis/esg-mutual-funds-why-these-mfs-may-not-be-the-right-choice-for-investors/articleshow/109488936.cms,ESG mutual funds: Why these MFs may not be the right choice for investors,NOT_RELEVANT,Unrelated candidate
20240422053000-388,20240422053000,dnaindia.com,https://www.dnaindia.com/business/report-meet-man-had-rs-45-crore-salary-package-got-fired-from-his-job-went-on-to-acquire-narayana-murthy-s-3086389,"Meet man, had Rs 45 crore salary package, got fired from his job, went on to acquire Narayana Murthy's…",NOT_RELEVANT,Narayana Murthy / Sudha Murty personal opinion piece / lifestyle story
20240422053000-130,20240422053000,channelnewsasia.com,https://www.channelnewsasia.com/business/indias-wipro-rises-street-pins-hopes-new-ceo-after-q4-results-4282441,India's Wipro rises as Street pins hopes on new CEO after Q4 results,NOT_RELEVANT,Unrelated candidate
20240422054500-393,20240422054500,yahoo.com,https://finance.yahoo.com/news/indias-wipro-rises-street-pins-044448664.html,India's Wipro rises as Street pins hopes on new CEO after Q4 results,NOT_RELEVANT,Unrelated candidate
20240422061500-T921,20240422061500,lokmat.com,https://www.lokmat.com/business/stock-market/opening-bell-sensex-nifty-opens-on-a-bullish-note-bajaj-finance-gains-hdfc-bank-declines-a-a720/,"Opening Bell: सेन्सेक्स-निफ्टीची तेजीसह सुरुवात; बजाज फायनान्समध्ये तेजी, एचडीएफसी बँक घसरला",NOT_RELEVANT,Unrelated candidate
20240422061500-T950,20240422061500,moneycontrol.com,https://hindi.moneycontrol.com/news/markets/foreign-investors-fiis-increases-interested-in-indian-equities-buy-power-finacials-services-shares-in-april-1896168.html,"FIIs Data: विदेशी निवेशकों में पावर कंपनियों के शेयर खरीदने की होड़, IT और FMCG शेयरों को बेचा",NOT_RELEVANT,Unrelated candidate
20240422063000-T2399,20240422063000,dailykesari.com,https://dailykesari.com/News/9644/%E0%A4%AE%E0%A5%87%E0%A4%B0%E0%A5%80-%E0%A4%86%E0%A4%A7%E0%A4%BE%E0%A4%B0-%E0%A4%B9%E0%A5%80-%E0%A4%AA%E0%A4%B9%E0%A4%9A%E0%A4%BE%E0%A4%A8-%E0%A4%B9%E0%A5%88%E0%A4%82-----,News - Daily Kesari,NOT_RELEVANT,Unrelated candidate
20240422070000-856,20240422070000,indiatimes.com,https://economictimes.indiatimes.com/markets/stocks/news/fiis-raise-bet-on-tcs-infosys-4-other-it-stocks-in-q4-time-for-a-u-turn/articleshow/109490036.cms,"FIIs raise bet on TCS, Infosys, 4 other IT stocks in Q4. Time for a U-turn?",DIRECTLY_RELEVANT,"Infosys Q4 FY24 earnings, revenue, InSemi acquisition, contracts, hiring, or share price performance."
20240422071500-521,20240422071500,brazilsun.com,https://www.brazilsun.com/news/274285099/net-profit-of-infosys-jumps-30-pc-in-fourth-quarter,Net profit of Infosys jumps 30 pc in fourth quarter,DIRECTLY_RELEVANT,"Infosys Q4 FY24 earnings, revenue, InSemi acquisition, contracts, hiring, or share price performance."
20240422073000-852,20240422073000,usnews.com,https://www.usnews.com/news/technology/articles/2024-04-22/indias-wipro-rises-as-street-pins-hopes-on-new-ceo-after-q4-results,India's Wipro Rises as Street Pins Hopes on New CEO After Q4 Results,NOT_RELEVANT,Unrelated candidate
20240422080000-T1979,20240422080000,pulshr.pl,"https://www.pulshr.pl/restrukturyzacja/trwaja-grupowe-zwolnienia-w-polsce-kto-moze-spac-spokojnie-a-kto-powinien-bac-sie-o-prace,104656.html","Trwają grupowe zwolnienia w Polsce. Kto może spać spokojnie, a kto powinien bać się o pracę?",NOT_RELEVANT,Unrelated candidate
20240422083000-970,20240422083000,indiatimes.com,https://economictimes.indiatimes.com/markets/stocks/news/amit-shah-wife-own-more-than-rs-1-crore-worth-of-shares-in-these-10-stocks/articleshow/109495142.cms,"amit shah portfolio stocks: Amit Shah, wife own more than Rs 1 crore worth of shares in these 10 stocks",NOT_RELEVANT,Unrelated candidate
20240422083000-770,20240422083000,indiainfoline.com,https://www.indiainfoline.com/blog/weekly-musings-fpi-flows-for-week-ended-april-19-2024,"Weekly Musings – FPI flows for week ended April 19, 2024",NOT_RELEVANT,Unrelated candidate
20240422083000-459,20240422083000,indiainfoline.com,https://www.indiainfoline.com/blog/what-big-10-fund-houses-bought-and-sold-in-march-2024,What Big 10 fund houses bought & sold in March 2024,NOT_RELEVANT,Unrelated candidate
20240422084500-453,20240422084500,financialexpress.com,https://www.financialexpress.com/business/industry-q4-results-today-ril-to-announce-earnings-today-watch-out-for-all-q4-results-3464472/,Q4 Results Today: RIL to announce earnings today; Watch out for all Q4 results,NOT_RELEVANT,Unrelated candidate
20240422084500-875,20240422084500,financialexpress.com,https://www.financialexpress.com/market/from-jnk-india-to-faalcon-concepts-5-new-offerings-and-4-new-listings-on-dalal-street-this-week-here-is-all-you-need-to-know-3464331/,From JNK India to Faalcon Concepts: 5 new offerings and 4 new listings on Dalal Street this week; Here is all you need to know,NOT_RELEVANT,Unrelated candidate
20240422084500-726,20240422084500,india.com,https://zeenews.india.com/companies/tcs-introduces-60-office-attendance-for-variable-pay-eligibility-2742885.html,TCS Introduces 60% Office Attendance For Variable Pay Eligibility,NOT_RELEVANT,Unrelated candidate
20240422091500-710,20240422091500,outlookindia.com,https://business.outlookindia.com/markets/stocks-to-watch-hdfc-bank-wipro-jio-financial-and-others-in-news,"Stocks To Watch: HDFC Bank, Wipro, Jio Financial And Others In News",NOT_RELEVANT,Unrelated candidate
20240422091500-909,20240422091500,finsmes.com,https://www.finsmes.com/2024/04/infosys-acquires-in-tech.html,Infosys Acquires in-tech,DIRECTLY_RELEVANT,"Infosys Q4 FY24 earnings, revenue, InSemi acquisition, contracts, hiring, or share price performance."
20240422091500-241,20240422091500,hindustantimes.com,https://www.hindustantimes.com/real-estate/amitabh-bachchan-buys-land-in-alibaug-for-rs-10-cr-what-makes-the-beach-town-an-attractive-real-estate-destination-101713770881782.html,Amitabh Bachchan buys land in Alibaug for ₹10 cr. What makes the beach town an attractive real estate destination?,NOT_RELEVANT,Unrelated candidate
20240422093000-710,20240422093000,moneycontrol.com,https://www.moneycontrol.com/news/business/stocks/buy-infosys-target-of-rs-1700-sharekhan-2-12676541.html,Buy Infosys; target of Rs 1700: Sharekhan,DIRECTLY_RELEVANT,"Infosys Q4 FY24 earnings, revenue, InSemi acquisition, contracts, hiring, or share price performance."
20240422094500-1005,20240422094500,livemint.com,https://www.livemint.com/market/stock-market-news/tcs-vs-infosys-vs-wipro-which-stock-should-you-buy-after-q4-results-heres-what-experts-say-11713776304933.html,TCS vs Infosys vs Wipro: Which stock should you buy after Q4 results?,DIRECTLY_RELEVANT,"Infosys Q4 FY24 earnings, revenue, InSemi acquisition, contracts, hiring, or share price performance."
20240422094500-1171,20240422094500,livemint.com,https://www.livemint.com/opinion/online-views/indian-it-firms-tcs-infosys-wipro-deal-wins-it-spending-gartner-ai-11713768035525.html,Beyond the FY24 downturn: Indian IT's roadmap for future growth,NOT_RELEVANT,Unrelated candidate
20240422100000-872,20240422100000,just-auto.com,https://www.just-auto.com/news/infosys-to-acquire-germanys-in-tech/,Infosys to acquire Germany's In-Tech,DIRECTLY_RELEVANT,"Infosys Q4 FY24 earnings, revenue, InSemi acquisition, contracts, hiring, or share price performance."
20240422100000-1138,20240422100000,moneycontrol.com,https://www.moneycontrol.com/news/business/buy-infosys-target-of-rs-1750-emkay-12693651.html,Buy Infosys; target of Rs 1750: Emkay,DIRECTLY_RELEVANT,"Infosys Q4 FY24 earnings, revenue, InSemi acquisition, contracts, hiring, or share price performance."
20240422103000-1149,20240422103000,yourstory.com,https://yourstory.com:443/2024/04/dr-ranjan-shetty-on-investing-in-health-climate-action,Dr Ranjan Shetty on investing in health; Social entrepreneurship for climate action,NOT_RELEVANT,Unrelated candidate
20240422104500-204,20240422104500,menafn.com,https://menafn.com/1108122389/Entrepreneurship-Is-About-Doing-Things-Faster-Creating-Competitive-Advantage-Narayana-Murthy,"Entrepreneurship Is About Doing Things Faster, Creating Competitive Advantage: Narayana Murthy",NOT_RELEVANT,Narayana Murthy / Sudha Murty personal opinion piece / lifestyle story
20240422111500-67,20240422111500,sentinelassam.com,https://www.sentinelassam.com/more-news/business/april-futures-expiry-to-increase-volatility-keep-markets-under-pressure,"April futures expiry to increase volatility, keep markets under pressure",NOT_RELEVANT,Unrelated candidate
20240422113000-529,20240422113000,indiatimes.com,https://economictimes.indiatimes.com/markets/stocks/stock-watch/stock-market-update-nifty-it-index-advances-0-51/articleshow/109502173.cms,Indices: Stock market update: Nifty IT index advances 0.51%,NOT_RELEVANT,Unrelated candidate
20240422113000-1086,20240422113000,telegraphindia.com,https://www.telegraphindia.com/feeds/business/sensex-climbs-560-points-to-settle-at-73648-nifty-up-189-points-to-22336/cid/2015012,"Stock market | Sensex climbs 560 points to settle at 73,648; Nifty up 189 points to 22,336",NOT_RELEVANT,Unrelated candidate
20240422113000-1521,20240422113000,telegraphindia.com,https://www.telegraphindia.com/business/sensex-climbs-560-points-to-settle-at-73648-nifty-up-189-points-to-22336/cid/2015012,"Stock market | Sensex climbs 560 points to settle at 73,648; Nifty up 189 points to 22,336",NOT_RELEVANT,Unrelated candidate
20240422113000-141,20240422113000,indiatimes.com,https://economictimes.indiatimes.com/markets/stocks/news/it-financials-lead-sensex-rally-boosting-investor-wealth-by-rs-4-lakh-crore/articleshow/109501257.cms,"Sensex news today: IT, financials lead Sensex rally, boosting investor wealth by Rs 4 lakh crore",NOT_RELEVANT,Unrelated candidate
20240422113000-1097,20240422113000,rashtranews.com,https://www.rashtranews.com/business-news-sensex-surges-over-500-points-ahead-of-budget-nifty-above-17500/,"Business News: Sensex surges over 500 points ahead of Budget, Nifty above 17,500",NOT_RELEVANT,Unrelated candidate
20240422113000-125,20240422113000,moneycontrol.com,https://www.moneycontrol.com/news/technology/generative-ai-deals-accenture-tcs-infosys-wipro-12694221.html,"How generative AI deals stack up for Accenture, TCS, Infosys, Wipro",DIRECTLY_RELEVANT,"Infosys Q4 FY24 earnings, revenue, InSemi acquisition, contracts, hiring, or share price performance."
20240422114500-973,20240422114500,thestatesman.com,https://www.thestatesman.com/business/april-futures-expiry-to-increase-volatility-keep-markets-under-pressure-1503292693.html,"April futures expiry to increase volatility, keep markets under pressure",NOT_RELEVANT,Unrelated candidate
20240422114500-T816,20240422114500,lokmat.com,https://www.lokmat.com/business/stock-market/closing-bell-sensex-nifty-closes-with-big-gains-tata-consumer-gains-ntpc-declines-a-a720/,"Closing Bell: सेन्सेक्स-निफ्टी मोठ्या तेजीसह बंद; टाटा कन्झुमरमध्ये तेजी, एनटीपीसी घसरला",NOT_RELEVANT,Unrelated candidate
20240422120000-426,20240422120000,moneycontrol.com,https://www.moneycontrol.com/news/technology/amara-raja-backed-log9-materials-rebrands-launches-full-stack-ev-asset-management-company-amphion-12694591.html,"Amara Raja-backed Log9 Materials rebrands, launches full-stack EV asset management company 'Amphion'",NOT_RELEVANT,Unrelated candidate
20240422120000-1243,20240422120000,pinkvilla.com,https://www.pinkvilla.com/entertainment/news/did-kalki-2898-ad-star-amitabh-bachchan-acquire-20-acre-land-worth-rs-10-crore-in-alibaug-heres-what-we-know-1298102,Did Kalki 2898 AD star Amitabh Bachchan acquire 20-acre land worth Rs 10 crore in Alibaug? Here's what we know,NOT_RELEVANT,Unrelated candidate
20240422121500-1484,20240422121500,thehindubusinessline.com,https://www.thehindubusinessline.com/markets/sensex-climbs-over-560-points-nifty-tops-22300-level/article68093953.ece,"Sensex climbs over 560 points; Nifty tops 22,300-level - The Hindu BusinessLine",NOT_RELEVANT,Unrelated candidate
20240422121500-625,20240422121500,orissapost.com,https://www.orissapost.com/entrepreneurship-is-about-doing-things-faster-creating-competitive-advantage-narayana-murthy/,"Entrepreneurship is about doing things faster, creating competitive advantage: Narayana Murthy",NOT_RELEVANT,Narayana Murthy / Sudha Murty personal opinion piece / lifestyle story
20240422121500-1041,20240422121500,theweek.in,https://www.theweek.in/news/biz-tech/2024/04/22/sensex-climbs-over-560-points-nifty-tops-22300-level.html,"Sensex climbs over 560 points; Nifty tops 22,300-level",NOT_RELEVANT,Unrelated candidate
20240422123000-1309,20240422123000,prokerala.com,https://www.prokerala.com/news/articles/a1525017.html,"Entrepreneurship is about doing things faster, creating competitive advantage: Narayana Murthy",NOT_RELEVANT,Narayana Murthy / Sudha Murty personal opinion piece / lifestyle story
20240422131500-1007,20240422131500,indiatimes.com,https://economictimes.indiatimes.com/jobs/mid-career/tcs-introduces-60-work-from-office-attendance-policy-for-variable-pay-allocation-heres-how-it-works/articleshow/109504251.cms,Tata Consultancy Services: TCS introduces 60% work from office attendance policy for variable pay allocation; Here's how it works,NOT_RELEVANT,Unrelated candidate
20240422133000-581,20240422133000,india.com,https://zeenews.india.com/markets/markets-sustain-winning-streak-sensex-jumps-over-560-points-nifty-tops-22300-level-2742969.html,"Markets Sustain Winning Streak; Sensex Jumps Over 560 Points, Nifty Tops 22,300-Level",NOT_RELEVANT,Unrelated candidate
20240422133000-101,20240422133000,tribuneindia.com,https://www.tribuneindia.com/news/business/markets-sustain-winning-streak-sensex-jumps-over-560-points-nifty-tops-22-300-level-613448,"Markets sustain winning streak; Sensex jumps over 560 points, Nifty tops 22,300-level",NOT_RELEVANT,Unrelated candidate
20240422133000-558,20240422133000,evertiq.com,https://evertiq.com/news/55593,Infosys to acquire German automotive engineering firm,DIRECTLY_RELEVANT,"Infosys Q4 FY24 earnings, revenue, InSemi acquisition, contracts, hiring, or share price performance."
20240422143000-141,20240422143000,dnaindia.com,https://www.dnaindia.com/business/report-meet-rohan-murty-son-of-billionaire-narayana-murthy-who-left-rs-647000-crore-infosys-to-build-his-firm-net-w-3086448,"Meet Rohan Murty, son of billionaire Narayana Murthy who left Rs 647000 crore Infosys to build his firm, net worth is…",NOT_RELEVANT,"Narayana Murthy / Sudha Murty non-corporate lifestyle, family memoir, flight encounter, or 70-hour work week viral debate"
20240422143000-1427,20240422143000,adgully.com,https://www.adgully.com/log9-launches-amphion-enhancing-ev-ecosystem-with-holistic-asset-management-144845.html,"Log9 launches Amphion, enhancing EV ecosystem with holistic asset management",NOT_RELEVANT,Unrelated candidate
20240422143000-1289,20240422143000,indiatimes.com,https://auto.economictimes.indiatimes.com/news/auto-components/log9-rebrands-mobility-biz-as-amphion-for-holistic-ev-asset-management/109500066,"Log9 rebrands mobility biz as Amphion for holistic EV asset management, ET Auto",NOT_RELEVANT,Unrelated candidate
20240422143000-1472,20240422143000,miragenews.com,https://www.miragenews.com/nine-ways-cities-can-slash-construction-carbon-1219611/,Nine Ways Cities Can Slash Construction Carbon Emissions,NOT_RELEVANT,Unrelated candidate
20240422151500-1793,20240422151500,asiasociety.org,https://asiasociety.org/switzerland/state-asia-nalin-mehta,State of Asia with Nalin Mehta,NOT_RELEVANT,Unrelated candidate
20240422151500-966,20240422151500,newkerala.com,https://www.newkerala.com/news/2024/23228.htm,"Entrepreneurship is about doing things faster, creating competitive advantage: Narayana Murthy",NOT_RELEVANT,Narayana Murthy / Sudha Murty personal opinion piece / lifestyle story
20240422151500-1140,20240422151500,hindustantimes.com,https://www.hindustantimes.com/trending/indian-remake-of-twins-infosys-co-founder-nandan-nilekani-after-meeting-entrepreneur-based-in-san-francisco-101713795877292.html,'Indian remake of Twins': Infosys co-founder Nandan Nilekani after meeting entrepreneur based in San Francisco | Trending,DIRECTLY_RELEVANT,"Infosys Q4 FY24 earnings, revenue, InSemi acquisition, contracts, hiring, or share price performance."
20240422153000-691,20240422153000,indiatimes.com,https://economictimes.indiatimes.com/prime/technology-and-startups/amid-slackening-revenue-growth-for-it-majors-there-is-a-silver-lining/primearticleshow/109507677.cms,"Amid slackening revenue-growth for IT majors, there is a silver lining",NOT_RELEVANT,Unrelated candidate
20240422161500-T1168,20240422161500,dziennik.pl,"https://www.dziennik.pl/finanse/artykuly/9491112,mapa-zwolnien-pracownikow-w-polsce-wykaz-firm-przeprowadzajacych-zwolnienia.html",Mapa zwolnień pracowników w Polsce [Wykaz firm przeprowadzających zwolnienia],NOT_RELEVANT,Unrelated candidate
20240422164500-1178,20240422164500,centralchronicle.com,https://www.centralchronicle.com/sensex-recovers-335-39-pts/,Sensex recovers 335.39 pts | Central India's Premier English Daily,NOT_RELEVANT,Unrelated candidate
20240422171500-2256,20240422171500,indiatimes.com,https://timesofindia.indiatimes.com/technology/tech-news/infosys-co-founder-nr-narayana-murthy-a-company-is-of-zero-value-if-it-fails-to-do-these-two-things/articleshow/109506671.cms,Infosys co-founder NR Narayana Murthy: A company is of 'zero value' if it fails to do these two things,DIRECTLY_RELEVANT,Infosys corporate governance / strategy
20240423001500-1352,20240423001500,indiatimes.com,https://timesofindia.indiatimes.com/city/coimbatore/govt-offices-back-in-action-with-officials-trickling-in/articleshow/109514496.cms,Government Offices: Govt Offices Back In Action With Officials Trickling In | Coimbatore News,NOT_RELEVANT,Unrelated candidate
20240423011500-561,20240423011500,indiatimes.com,https://economictimes.indiatimes.com/tech/information-tech/europe-emerges-as-hotspot-for-indian-it-mas-tops-buy-chart/articleshow/109510145.cms,"acquisitions in Europe: Europe emerges as hotspot for Indian IT M&As, tops buy chart",NOT_RELEVANT,Unrelated candidate
20240423014500-T292,20240423014500,indiatimes.com,https://navbharattimes.indiatimes.com/business/share-market/share-news/stock-market-prediction-these-stocks-including-power-grid-showing-signs-of-bullishness-will-you-bet/articleshow/109510073.cms,"Stock Market Prediction These stocks including Power Grid showing signs of bullishness will you bet: उठते-पड़ते बाजार में आज Power Grid समेत ये शेयर भरेंगे झोली, क्‍या लगाएंगे दांव",NOT_RELEVANT,Unrelated candidate
20240423021500-714,20240423021500,dailypioneer.com,https://www.dailypioneer.com/2024/business/six-of-top-ten-valued-firms-take--1-40-lakh-crore-hit-in-mcap.html,Six of top ten valued firms take `1.40 lakh crore hit in mcap,NOT_RELEVANT,Unrelated candidate
20240423024500-751,20240423024500,indiatimes.com,https://economictimes.indiatimes.com/markets/stocks/news/europe-emerges-as-hotspot-for-indian-it-mas-tops-buy-chart/articleshow/109515130.cms,"acquisitions in Europe: Europe emerges as hotspot for Indian IT M&As, tops buy chart",NOT_RELEVANT,Unrelated candidate
20240423030000-444,20240423030000,financialexpress.com,https://www.financialexpress.com/opinion/the-significant-cuts-in-headcount-numbers-signal-challenges-of-large-firms/3465187/,The significant cuts in headcount numbers signal challenges of large firms - Opinion News,NOT_RELEVANT,Unrelated candidate
20240423030000-T1711,20240423030000,tarunbharat.com,https://www.tarunbharat.com/market-capitalization-value-of-6-companies-decreased/,Market capitalization value of 6 companies decreased,NOT_RELEVANT,Unrelated candidate
20240423031500-T489,20240423031500,indiatimes.com,https://navbharattimes.indiatimes.com/business/share-market/share-news/stock-market-rally-adds-rs-4-97-lakh-crore-to-investors-wealth/articleshow/109516232.cms,"Stock Market News,शेयर बाजार में तूफानी तेजी से निवेशकों पर बरसा पैसा, जेब में आए 4.97 लाख करोड़ - stock market rally adds rs 4.97 lakh crore to investors wealth",NOT_RELEVANT,Unrelated candidate
20240423043000-1254,20240423043000,trak.in,https://trak.in/stories/big-change-in-infosys-hiring-pattern-50-of-infosys-freshers-hired-outside-campus/,"Big Change In Infosys Hiring Pattern: 50% Of Infosys Freshers Hired Outside Campus! - Trak.in - Indian Business of Tech, Mobile & Startups",DIRECTLY_RELEVANT,"Infosys Q4 FY24 earnings, revenue, InSemi acquisition, contracts, hiring, or share price performance."
20240423043000-877,20240423043000,trak.in,https://trak.in/stories/26000-infosys-employees-quit-in-last-12-months-steepest-decline-in-23-years/,"26,000 Infosys Employees Quit In Last 12 Months: Steepest Decline In 23 Years - Trak.in - Indian Business of Tech, Mobile & Startups",DIRECTLY_RELEVANT,"Infosys Q4 FY24 earnings, revenue, InSemi acquisition, contracts, hiring, or share price performance."
20240423043000-1082,20240423043000,trak.in,https://trak.in/stories/ceo-of-this-it-company-gets-rs-50-lakh-day-salary-check-richest-it-ceos-in-india/,"CEO Of This IT Company Gets Rs 50 Lakh/Day Salary: Check Richest IT CEOs In India! - Trak.in - Indian Business of Tech, Mobile & Startups",NOT_RELEVANT,Unrelated candidate
20240423044500-530,20240423044500,indiatimes.com,https://economictimes.indiatimes.com/markets/stocks/news/sensex-rises-for-3rd-straight-day-up-300-pts-tracking-global-cues-nifty-above-22400/articleshow/109518198.cms,"sensex news: Sensex rises for 3rd straight day, up 300 pts tracking global cues; Nifty above 22,400",NOT_RELEVANT,Unrelated candidate
20240423050000-295,20240423050000,indiantelevision.com,https://indiantelevision.com/iworld/social-media/unveiling-the-power-of-social-media-in-employer-branding:-pioneering-recruitment-success-with-social-impact-240423,Unveiling the Power of Social Media in Employer Branding: Pioneering Recruitment Success with Social Impact,NOT_RELEVANT,Unrelated candidate
20240423051500-T1953,20240423051500,amarujala.com,https://www.amarujala.com/business/bazaar/sensex-opening-bell-share-market-opening-sensex-nifty-share-market-news-and-updates-2024-04-23,"Sensex Opening Bell Share Market Opening Sensex Nifty Share Market News And Updates - Amar Ujala Hindi News Live - Sensex Opening Bell:शेयर बाजार में उछाल जारी; सेंसेक्स 212 अंक चढ़ा, निफ्टी 22400 के करीब",NOT_RELEVANT,Unrelated candidate
20240423054500-740,20240423054500,thehindubusinessline.com,https://www.thehindubusinessline.com/portfolio/day-trading-guide/day-trading-guide-april-23/article68094294.ece,"Day trading guide for April 23, 2024: Intraday supports, resistances for Nifty50 stocks",NOT_RELEVANT,Unrelated candidate
20240423061500-808,20240423061500,indiatimes.com,https://economictimes.indiatimes.com/markets/stocks/stock-watch/stock-market-update-nifty-it-index-advances-0-37-in-an-upbeat-market/articleshow/109520633.cms,Indices: Stock market update: Nifty IT index advances 0.37% in an upbeat market,NOT_RELEVANT,Unrelated candidate
20240423061500-45,20240423061500,theweek.in,https://www.theweek.in/news/biz-tech/2024/04/23/how-much-did-indian-investors-gain-in-two-day-bull-run-dalal-street-extends-gains-on-third-day.html,How much did Indian investors gain in two-day bull run? Dalal Street extends gains on third day,NOT_RELEVANT,Unrelated candidate
20240423061500-634,20240423061500,moneycontrol.com,https://www.moneycontrol.com/news/technology/will-prioritise-growth-over-margins-cant-worry-about-stock-markets-persistent-systems-ceo-12700171.html,"Will prioritise growth over margins, can't worry about stock markets: Persistent Systems CEO",NOT_RELEVANT,Unrelated candidate
20240423061500-T659,20240423061500,lokmat.com,https://www.lokmat.com/business/stock-market/opening-bell-sensex-nifty-up-for-second-consecutive-day-hdfc-bank-rose-eicher-motors-fell-share-market-a-a720/,"Opening Bell: सलग दुसऱ्या दिवशी सेन्सेक्स-निफ्टीत तेजी; HDFC Bank वधारला, आयशर मोटर्समध्ये घसरण",NOT_RELEVANT,Unrelated candidate
20240423070000-252,20240423070000,indiatimes.com,https://economictimes.indiatimes.com/markets/stocks/news/5-5-lakh-retail-investors-buy-vodafone-idea-shares-in-q4/articleshow/109519280.cms,5.5 lakh retail investors buy Vodafone Idea shares in Q4,NOT_RELEVANT,Unrelated candidate
20240423070000-877,20240423070000,moneycontrol.com,https://www.moneycontrol.com/news/business/stocks/accumulate-infosys-target-of-rs-1531-kr-choksey-12699721.html,Accumulate Infosys; target of Rs 1531: KR Choksey,DIRECTLY_RELEVANT,"Infosys Q4 FY24 earnings, revenue, InSemi acquisition, contracts, hiring, or share price performance."
20240423080000-522,20240423080000,themarketsdaily.com,https://www.themarketsdaily.com/2024/04/23/susquehanna-trims-infosys-nyseinfy-target-price-to-14-00.html,Susquehanna Trims Infosys (NYSE:INFY) Target Price to $14.00,DIRECTLY_RELEVANT,"Infosys Q4 FY24 earnings, revenue, InSemi acquisition, contracts, hiring, or share price performance."
20240423080000-783,20240423080000,dailypolitical.com,https://www.dailypolitical.com/2024/04/23/susquehanna-trims-infosys-nyseinfy-target-price-to-14-00.html,Susquehanna Trims Infosys (NYSE:INFY) Target Price to $14.00,DIRECTLY_RELEVANT,"Infosys Q4 FY24 earnings, revenue, InSemi acquisition, contracts, hiring, or share price performance."
20240423084500-641,20240423084500,dnaindia.com,https://www.dnaindia.com/education/report-meet-avni-malhotra-hired-for-record-breaking-package-by-microsoft-not-from-iit-nit-vit-her-annual-salary-i-3086546,"Meet Avni Malhotra hired for record-breaking package by Microsoft, not from IIT, NIT, VIT, her annual salary is...",NOT_RELEVANT,"Narayana Murthy / Sudha Murty non-corporate lifestyle, family memoir, flight encounter, or 70-hour work week viral debate"
20240423090000-T2239,20240423090000,pressnote.in,https://www.pressnote.in/Business_News_495330.html,सेंसेक्स ने 560 अंकों की छलांग लगाई Business_News :: pressnote.in,NOT_RELEVANT,Unrelated candidate
20240423093000-31,20240423093000,thehindubusinessline.com,https://www.thehindubusinessline.com/news/education/tapmi-hosts-38th-annual-graduation-ceremony/article68097286.ece,TAPMI hosts 38th annual graduation ceremony - The Hindu BusinessLine,NOT_RELEVANT,Unrelated candidate
20240423104500-302,20240423104500,it-online.co.za,https://it-online.co.za/2024/04/23/managed-services-deals-tipped-to-increase-in-2024/,Managed services deals tipped to increase in 2024,NOT_RELEVANT,Unrelated candidate
20240423110000-1313,20240423110000,indiatimes.com,https://economictimes.indiatimes.com/markets/stocks/news/sensex-nifty-end-marginally-higher-ril-limits-upside/articleshow/109530856.cms,"Sensex, Nifty end marginally higher; RIL limits upside",NOT_RELEVANT,Unrelated candidate
20240423110000-131,20240423110000,freepressjournal.in,https://www.freepressjournal.in/business/nestle-bounces-back-amid-controversy-airtel-makes-huge-gains-as-markets-end-in-green,"Nestle Bounces Back Amid Controversy, Airtel Makes Huge Gains As Markets End In Green",NOT_RELEVANT,Unrelated candidate
20240423111500-626,20240423111500,cio.com,https://www.cio.com/article/2094416/global-managed-services-to-grow-in-2024-as-enterprise-it-spending-rises.html,Global managed services to grow in 2024 as enterprise IT spending rises,NOT_RELEVANT,Unrelated candidate
20240423111500-T1258,20240423111500,anandabazar.com,https://www.anandabazar.com/photogallery/from-ratan-tata-to-dhirubai-ambani-what-were-the-first-jobs-of-these-successful-indians-dgtl-photogallery/cid/1510560,"Indian Businessmen | From Ratan Tata to Dhirubai Ambani, what were the first jobs of these successful Indians dgtl",NOT_RELEVANT,Unrelated candidate
20240423113000-1531,20240423113000,livemint.com,https://www.livemint.com/market/stock-market-news/stock-market-today-sensex-nifty-50-end-in-the-green-for-3rd-straight-session-india-vix-falls-20-11713865828785.html,"Stock market today: Sensex, Nifty 50 end in the green for 3rd straight session",NOT_RELEVANT,Unrelated candidate
20240423114500-587,20240423114500,indiatimes.com,https://economictimes.indiatimes.com/markets/stocks/stock-watch/stock-market-update-nifty-it-index-advances-0-52/articleshow/109533128.cms,Indices: Stock market update: Nifty IT index advances 0.52%,NOT_RELEVANT,Unrelated candidate
20240423140000-1570,20240423140000,livemint.com,https://www.livemint.com/companies/germany-supply-chain-law-scdda-europe-carbon-tax-cbam-indian-companies-11713870704121.html,"After Europe's carbon tax, Germany props up fresh hurdles for Indian companies",NOT_RELEVANT,Unrelated candidate
20240423141500-2116,20240423141500,themarketsdaily.com,https://www.themarketsdaily.com/2024/04/23/infosys-limited-nyseinfy-shares-acquired-by-foster-motley-inc.html,Infosys Limited (NYSE:INFY) Shares Acquired by Foster & Motley Inc.,DIRECTLY_RELEVANT,"Infosys Q4 FY24 earnings, revenue, InSemi acquisition, contracts, hiring, or share price performance."
20240423141500-2314,20240423141500,dailypolitical.com,https://www.dailypolitical.com/2024/04/23/infosys-limited-nyseinfy-shares-acquired-by-foster-motley-inc.html,Infosys Limited (NYSE:INFY) Shares Acquired by Foster & Motley Inc.,DIRECTLY_RELEVANT,"Infosys Q4 FY24 earnings, revenue, InSemi acquisition, contracts, hiring, or share price performance."
20240423141500-2394,20240423141500,marketscreener.com,https://www.marketscreener.com/quote/stock/TATA-ELXSI-LIMITED-6493061/news/India-s-Tata-Elxsi-misses-Q4-profit-estimates-as-media-vertical-blips-46504391/,India's Tata Elxsi misses Q4 profit estimates as media vertical blips,NOT_RELEVANT,Unrelated candidate
20240423150000-923,20240423150000,thehindubusinessline.com,https://www.thehindubusinessline.com/news/it-firms-deal-pipeline-remain-strong-despite-tough-macros/article68098584.ece,IT firms' deal pipeline remain strong despite tough macros,NOT_RELEVANT,Unrelated candidate
20240423160000-705,20240423160000,indiaeducationdiary.in,https://indiaeducationdiary.in/incedo-co-founder-ceo-nitin-seth-unveils-his-latest-book-mastering-the-data-paradox/,Incedo Co-founder & CEO Nitin Seth Unveils His Latest Book 'Mastering the Data Paradox' – India Education | Latest Education News | Global Educational News,NOT_RELEVANT,Unrelated candidate
20240423173000-1438,20240423173000,hindustantimes.com,https://www.hindustantimes.com/business/hul-q4-results-tomorrow-from-revenue-margins-to-profit-take-a-sneak-peek-101713890769387.html,"HUL Q4 results tomorrow; From revenue, margins to profit, take a sneak peek",NOT_RELEVANT,Unrelated candidate
20240423181500-5,20240423181500,indiatimes.com,https://economictimes.indiatimes.com/tech/information-tech/cognizant-utilising-acquisition-strategy-to-further-ai-investments-ceo/articleshow/109540744.cms,Ravi Kumar S: Cognizant utilising acquisition strategy to further AI investments: CEO,NOT_RELEVANT,Unrelated candidate
20240423183000-982,20240423183000,thehindubusinessline.com,https://www.thehindubusinessline.com/info-tech/it-firms-deal-pipeline-remain-strong-despite-tough-macros/article68098584.ece,IT firms' deal pipeline remain strong despite tough macros,NOT_RELEVANT,Unrelated candidate
20240423203000-T1414,20240423203000,sakshi.com,https://www.sakshi.com/telugu-news/andhra-pradesh/industrail-sector-development-andhra-pradesh-2033937,అభివృద్ధి బటన్‌ నొక్కిన సీఎం జగన్‌,NOT_RELEVANT,Unrelated candidate
20240423210000-53,20240423210000,whatech.com,https://whatech.com/og/markets-research/industrial/813247-operation-business-process-as-a-service-bpaas-market-expected-to-grow-exponentially-by-2030-with-cagr-of-11-2,Operation Business Process As A Service (Bpaas) Market Expected To Grow Exponentially By 2030 With CAGR Of 11.2%,NOT_RELEVANT,Unrelated candidate
20240424011500-1005,20240424011500,indiatimes.com,https://economictimes.indiatimes.com/markets/stocks/news/d-street-goes-short-on-fear-vix-plunges-20/articleshow/109545942.cms,"D-Street: D-Street goes short on fear, VIX plunges 20%",NOT_RELEVANT,Unrelated candidate
20240424014500-104,20240424014500,indiaeducationdiary.in,https://indiaeducationdiary.in/tapmis-38th-annual-graduation-ceremony-conducted-as-part-of-31st-convocation-of-mahe-manipal/,"TAPMI's 38th Annual Graduation Ceremony Conducted as part of 31st Convocation of MAHE, Manipal – India Education | Latest Education News | Global Educational News",NOT_RELEVANT,Unrelated candidate
20240424021500-1154,20240424021500,thehindubusinessline.com,https://www.thehindubusinessline.com/portfolio/day-trading-guide/day-trading-guide-april-24/article68097979.ece,"Day trading guide for April 24, 2024: Intraday supports, resistances for Nifty50 stocks",NOT_RELEVANT,Unrelated candidate
20240424023000-548,20240424023000,dnaindia.com,https://www.dnaindia.com/business/report-meet-narayana-murthy-s-son-left-job-at-father-s-rs-5970000-crore-firm-inspired-by-sudha-murty-he-is-3086641,"Meet Narayana Murthy's son, left job at father's Rs 5970000 crore firm, inspired by Sudha Murty, he is…",NOT_RELEVANT,"Narayana Murthy / Sudha Murty non-corporate lifestyle, family memoir, flight encounter, or 70-hour work week viral debate"
20240424023000-433,20240424023000,indiatimes.com,https://economictimes.indiatimes.com/tech/newsletters/morning-dispatch/phonepes-rs-800-crore-in-house-bets-layoffs-at-allen/articleshow/109546395.cms,PhonePe's Rs 800 crore in-house bets; layoffs at Allen,NOT_RELEVANT,Unrelated candidate
20240424031500-361,20240424031500,indiatimes.com,https://timesofindia.indiatimes.com/city/noida/ambulances-at-booths-cold-rooms-ors-at-health-centres/articleshow/109543534.cms,"Ambulances: Ambulances At Booths, Cold Rooms, Ors At Health Centres | Noida News",NOT_RELEVANT,Unrelated candidate
20240424033000-483,20240424033000,indiatimes.com,https://www.indiatimes.com/worth/news/from-kumar-singisetti-to-salil-parekh-highest-paid-ceos-in-the-indian-it-sector-632953.html,Meet India's Highest Paid IT CEOs: This Company's CEO Earns Over Rs 50 Lakh Per Day!,NOT_RELEVANT,Unrelated candidate
20240424041500-1133,20240424041500,cornellsun.com,https://cornellsun.com/2024/04/23/students-showcase-innovative-diverse-technology-projects-at-boom-showcase/,"Students Showcase Innovative, Diverse Technology Projects at BOOM Showcase",NOT_RELEVANT,Unrelated candidate
20240424043000-342,20240424043000,yourstory.com,https://social.yourstory.com:443/herstory/2024/04/women-local-governance-national-panchayati-raj-day,How women in local governance are paving the way towards a Viksit Bharat,NOT_RELEVANT,Unrelated candidate
20240424051500-T764,20240424051500,amarujala.com,https://www.amarujala.com/business/business-diary/sensex-opening-bell-share-market-opening-sensex-nifty-share-market-news-and-udpates-2024-04-24,"Sensex Opening Bell Share Market Opening Sensex Nifty Share Market News And Udpates - Amar Ujala Hindi News Live - Sensex Opening Bell:शेयर बाजार में मजबूती बरकरार, सेंसेक्स 167 अंक चढ़ा, निफ्टी 22400 के पार",NOT_RELEVANT,Unrelated candidate
20240424051500-T1121,20240424051500,pudhari.news,https://pudhari.news/features/arthabhan/778887/stock-market-updates-sensex-nifty-opened-higher/ar,"Stock Market Updates | सलग चौथ्या सत्रांत सेन्सेक्स, निफ्टी तेजीत, 'हे' शेअर्स आघाडीवर",NOT_RELEVANT,Unrelated candidate
20240424053000-553,20240424053000,indiatimes.com,https://economictimes.indiatimes.com/markets/stocks/stock-watch/share-market-update-most-active-stocks-on-d-street-today-in-terms-of-volume/articleshow/109551258.cms,share market: Share market update: Most active stocks on D-Street today in terms of volume,NOT_RELEVANT,Unrelated candidate
20240424053000-685,20240424053000,indiatimes.com,https://economictimes.indiatimes.com/markets/stocks/stock-watch/stock-market-update-fertilisers-stocks-up-as-market-rises/articleshow/109551101.cms,Stock Market Sectors: Stock market update: Fertilisers stocks up as market rises,NOT_RELEVANT,Unrelated candidate
20240424053000-261,20240424053000,indiatimes.com,https://economictimes.indiatimes.com/markets/stocks/stock-watch/stock-market-update-mining-stocks-up-as-market-rises/articleshow/109550630.cms,Stock Market Sectors: Stock market update: Mining stocks up as market rises,NOT_RELEVANT,Unrelated candidate
20240424053000-815,20240424053000,indiatimes.com,https://economictimes.indiatimes.com/markets/stocks/stock-watch/stock-market-update-power-stocks-up-as-market-rises/articleshow/109550347.cms,Stock Market Sectors: Stock market update: Power stocks up as market rises,NOT_RELEVANT,Unrelated candidate
20240424060000-59,20240424060000,moneycontrol.com,https://www.moneycontrol.com/news/business/markets/gokaldas-exports-erases-intraday-gains-after-announcing-qip-issue-price-12706916.html,Gokaldas Exports erases intraday gains after announcing QIP issue price,NOT_RELEVANT,Unrelated candidate
20240424061500-902,20240424061500,indiaeducationdiary.in,https://indiaeducationdiary.in/klh-hyderabad-campus-affirms-commitment-to-students-success-with-placement-triumphs-2/,KLH Hyderabad Campus Affirms Commitment to Students Success with Placement Triumphs,NOT_RELEVANT,Unrelated candidate
20240424061500-163,20240424061500,indiatimes.com,https://economictimes.indiatimes.com/markets/stocks/stock-watch/share-market-update-most-active-stocks-of-the-day-in-terms-of-total-traded-value/articleshow/109552125.cms,active stocks: Share market update: Most active stocks of the day in terms of total traded value,NOT_RELEVANT,Unrelated candidate
20240424061500-348,20240424061500,indiatimes.com,https://economictimes.indiatimes.com/markets/stocks/stock-watch/stock-market-update-stocks-that-hit-52-week-highs-on-nse/articleshow/109551698.cms,52 week high stocks: Stock market update: Stocks that hit 52-week highs on NSE,NOT_RELEVANT,Unrelated candidate
20240424061500-708,20240424061500,indiatimes.com,https://economictimes.indiatimes.com/markets/stocks/stock-watch/stock-market-update-fmcg-stocks-up-as-market-rises/articleshow/109551942.cms,Stock Market Sectors: Stock market update: FMCG stocks up as market rises,NOT_RELEVANT,Unrelated candidate
20240424061500-1129,20240424061500,indiatimes.com,https://economictimes.indiatimes.com/markets/stocks/stock-watch/stock-market-update-nifty-it-index-falls-0-16-in-an-upbeat-market/articleshow/109552271.cms,Indices: Stock market update: Nifty IT index falls 0.16% in an upbeat market,NOT_RELEVANT,Unrelated candidate
20240424063000-782,20240424063000,indiatimes.com,https://economictimes.indiatimes.com/markets/stocks/stock-watch/stock-market-update-stocks-that-hit-52-week-lows-on-nse/articleshow/109552783.cms,52 week high stocks: Stock market update: Stocks that hit 52-week lows on NSE,NOT_RELEVANT,Unrelated candidate
20240424063000-698,20240424063000,financialexpress.com,https://www.financialexpress.com/business/industry-q4-results-2024-live-updates-hul-axis-bank-ltimindtree-indian-hotels-company-dcb-bank-more-to-announce-earnings-today-3466662/,"Q4 Results 2024 LIVE Updates: HUL, Axis Bank, LTIMindtree, Indian Hotels Company, DCB Bank, more to announce earnings today",NOT_RELEVANT,Unrelated candidate
20240424063000-831,20240424063000,news18.com,https://www.news18.com/elections/one-in-every-4-lok-sabha-candidates-since-2009-was-a-crorepati-2024-no-different-8864167.html,One in Every 4 Lok Sabha Candidates Since 2009 Was A 'Crorepati'; 2024 No Different,NOT_RELEVANT,Unrelated candidate
20240424063000-335,20240424063000,thehindubusinessline.com,https://www.thehindubusinessline.com/markets/bullish-momentum-continues-nifty-and-sensex-soar-higher/article68100786.ece,Bullish momentum continues: Nifty and Sensex soar higher - The Hindu BusinessLine,NOT_RELEVANT,Unrelated candidate
20240424063000-304,20240424063000,thehindubusinessline.com,https://www.thehindubusinessline.com/markets/stocks-that-will-see-action-today-april-24/article68099191.ece,Stocks that will see action today (April 24) - The Hindu BusinessLine,NOT_RELEVANT,Unrelated candidate
20240424063000-T788,20240424063000,lokmat.com,https://www.lokmat.com/business/stock-market/opening-bell-sensex-nifty-up-on-us-cues-tata-steel-rises-power-grid-falls-share-market-open-24-april-a-a720/,"Opening Bell: अमेरिकन संकेतांमुळे सेन्सेक्स-निफ्टीत वाढ; TATA स्टील वधारला, पॉवर ग्रिडमध्ये घसरण",NOT_RELEVANT,Unrelated candidate
20240424070000-568,20240424070000,moneycontrol.com,https://www.moneycontrol.com/news/business/markets/mid-day-mood-sensex-nifty-50-trade-higher-as-metals-lead-gains-india-vix-recovers-12706956.html,"Mid-day Mood | Sensex, Nifty 50 trade higher as metals lead gains, India VIX recovers",NOT_RELEVANT,Unrelated candidate
20240424070000-116,20240424070000,indiatimes.com,https://timesofindia.indiatimes.com/technology/tech-news/infosys-is-the-first-company-to-achieve-this-certification-in-ai-management-ceo-salil-parekh/articleshow/109535273.cms,Infosys is the first company to achieve this certification in AI management: CEO Salil Parekh,DIRECTLY_RELEVANT,"Infosys Q4 FY24 earnings, revenue, InSemi acquisition, contracts, hiring, or share price performance."
20240424071500-105,20240424071500,indiatimes.com,https://telecom.economictimes.indiatimes.com/news/enterprise-services/cognizant-utilising-acquisition-strategy-to-further-ai-investments-ceo/109547148,"Cognizant utilising acquisition strategy to further AI investments: CEO, ET Telecom",NOT_RELEVANT,Unrelated candidate
20240424071500-40,20240424071500,indiablooms.com,https://www.indiablooms.com/finance-details/20312/stock-market-opens-in-green-with-sensex-200-points-up-nifty-atop-22-400.html,"Stock market opens in green with Sensex 200 points up, Nifty atop 22,400 | Indiablooms - First Portal on Digital News Management",NOT_RELEVANT,Unrelated candidate
20240424081500-T2174,20240424081500,winmagpro.nl,https://www.winmagpro.nl/infosys-neemt-de-toonaangevende-engineering-rd-dienstverlener-in-tech-over,Infosys neemt de toonaangevende Engineering R&D-dienstverlener in-tech over,DIRECTLY_RELEVANT,"Infosys Q4 FY24 earnings, revenue, InSemi acquisition, contracts, hiring, or share price performance."
20240424094500-89,20240424094500,moneycontrol.com,https://www.moneycontrol.com/news/business/stocks/hold-infosys-target-of-rs-1573-geojit-financial-services-12707101.html,Hold Infosys; target of Rs 1573: Geojit Financial Services,DIRECTLY_RELEVANT,"Infosys Q4 FY24 earnings, revenue, InSemi acquisition, contracts, hiring, or share price performance."
20240424100000-T1161,20240424100000,indiatimes.com,https://navbharattimes.indiatimes.com/business/business-news/amit-shah-investment-portfolio-of-rs-66-crore-hul-mrf-stocks-small-savings-schemes-and-more-know-details/articleshow/109560303.cms,"Amit Shah Portfolio,अमित शाह ने इन दिग्गज कंपनियों में किया है निवेश, पोर्टफोलियो में हैं ये शेयर, देखिए कितना लगाया पैसा - amit shah investment portfolio of rs 66 crore hul, mrf stocks small savings schemes and more know details",NOT_RELEVANT,Unrelated candidate
20240424104500-850,20240424104500,indiaeducationdiary.in,https://indiaeducationdiary.in/finland-woos-indian-tech-talent-and-startup-innovation-at-gids-2024-2/,Finland woos Indian Tech Talent and Startup Innovation at GIDS 2024,NOT_RELEVANT,Unrelated candidate
20240424104500-430,20240424104500,gqindia.com,https://www.gqindia.com/content/meet-sudha-and-narayana-murthys-son-rohan-murthy-who-left-his-fathers-global-tech-firm-infosys-to-start-his-own-company,"Meet Sudha and Narayana Murthy's son, Rohan Murthy, who left his father's global tech firm Infosys to start his own company",DIRECTLY_RELEVANT,Infosys corporate governance / strategy
20240424104500-428,20240424104500,indiatimes.com,https://economictimes.indiatimes.com/markets/stocks/news/sensex-nifty-rise-for-4th-day-focus-on-key-earnings-this-week/articleshow/109561883.cms,"sensex news today: Sensex, Nifty rise for 4th day; focus on key earnings this week",NOT_RELEVANT,Unrelated candidate
20240424104500-T1035,20240424104500,sakshi.com,https://www.sakshi.com/telugu-news/business/stock-market-rally-today-closing-2034177,సాక్షి మనీ మంత్ర: స్వల్ప లాభాలతో ముగిసిన స్టాక్‌మార్కెట్‌ సూచీలు,NOT_RELEVANT,Unrelated candidate
20240424111500-T609,20240424111500,elektroniknet.de,https://www.elektroniknet.de/automotive/wirtschaft/infosys-uebernimmt-in-tech.216665.html,Infosys übernimmt In-Tech,DIRECTLY_RELEVANT,"Infosys Q4 FY24 earnings, revenue, InSemi acquisition, contracts, hiring, or share price performance."
20240424111500-1613,20240424111500,globenewswire.com,https://www.globenewswire.com/news-release/2024/04/24/2868434/0/en/Europe-Elevator-and-Escalator-Report-2024-High-Investment-in-Railway-Networks-and-Public-Infrastructure-Projects-to-Propel-the-Market-4-78-Projected-CAGR-from-2023-2029.html,Europe Elevator and Escalator Report 2024: High Investment,NOT_RELEVANT,Unrelated candidate
20240424113000-880,20240424113000,indiatimes.com,https://economictimes.indiatimes.com/markets/stocks/stock-watch/stock-market-update-fertilisers-stocks-up-as-market-rises/articleshow/109563793.cms,Stock Market Sectors: Stock market update: Fertilisers stocks up as market rises,NOT_RELEVANT,Unrelated candidate
20240424113000-1222,20240424113000,indiatimes.com,https://economictimes.indiatimes.com/markets/stocks/stock-watch/stock-market-update-fmcg-stocks-up-as-market-rises/articleshow/109563357.cms,Stock Market Sectors: Stock market update: FMCG stocks up as market rises,NOT_RELEVANT,Unrelated candidate
20240424113000-1259,20240424113000,indiatimes.com,https://economictimes.indiatimes.com/markets/stocks/stock-watch/stock-market-update-mining-stocks-up-as-market-rises/articleshow/109563597.cms,Stock Market Sectors: Stock market update: Mining stocks up as market rises,NOT_RELEVANT,Unrelated candidate
20240424113000-T209,20240424113000,tarunmitra.in,https://www.tarunmitra.in/article/36346/domestic-stock-market-continues-to-rise-sensex-and-nifty-rise,"घरेलू शेयर बाजार में तेजी जारी, सेंसेक्स और निफ्टी उछले",NOT_RELEVANT,Unrelated candidate
20240424114500-1622,20240424114500,marketscreener.com,https://www.marketscreener.com/quote/stock/LTIMINDTREE-LIMITED-31496899/news/India-s-LTIMindtree-s-Q4-revenue-misses-estimates-46514897/,India's LTIMindtree's Q4 revenue misses estimates,NOT_RELEVANT,Unrelated candidate
20240424114500-618,20240424114500,thehindubusinessline.com,https://www.thehindubusinessline.com/markets/stock-market-highlights-24-april-2024/article68097831.ece,"Share Market Highlights 24 April 2024: Sensex gains 114 pts, Nifty settles above 22,400",NOT_RELEVANT,Unrelated candidate
20240424120000-1050,20240424120000,news18.com,https://www.news18.com/elections/north-bangalore-lok-sabha-election-2024-bjp-hopes-for-silver-jubilee-as-congress-puts-up-a-tough-fight-8864841.html,North Bangalore Lok Sabha Election 2024: BJP Hopes for Silver Jubilee as Congress Puts Up a Tough Fight,NOT_RELEVANT,Unrelated candidate
20240424120000-768,20240424120000,indiatimes.com,https://telecom.economictimes.indiatimes.com/news/enterprise-services/90-of-cognizants-global-workforce-invest-in-learning/109558126,"90% of Cognizant's global workforce invest in learning, Telecom News, ET Telecom",NOT_RELEVANT,Unrelated candidate
20240424120000-T1818,20240424120000,pudhari.news,https://pudhari.news/national/779241/stock-market-closing-bell-sensex-nifty-trade-higher/ar,"Stock Market Closing Bell | शेअर बाजारात तेजीचा 'चौकार'! सेन्सेक्स ७३,८५२ वर बंद, कोणते शेअर्स टॉप गेनर्स?",NOT_RELEVANT,Unrelated candidate
20240424121500-1603,20240424121500,indiatimes.com,https://economictimes.indiatimes.com/markets/stocks/stock-watch/stock-market-update-nifty-it-index-falls-0-81/articleshow/109565138.cms,Indices: Stock market update: Nifty IT index falls 0.81%,NOT_RELEVANT,Unrelated candidate
20240424121500-1605,20240424121500,indiatimes.com,https://economictimes.indiatimes.com/markets/stocks/stock-watch/stock-market-update-sugar-stocks-up-as-market-rises/articleshow/109564479.cms,Stock Market Sectors: Stock market update: Sugar stocks up as market rises,NOT_RELEVANT,Unrelated candidate
20240424121500-1636,20240424121500,theweek.in,https://www.theweek.in/news/india/2024/04/24/lok-sabha-polls-2024-battle-for-bengaluru-explained-who-are-in-fray-and-what-is-at-stake.html,Battle for Bengaluru explained: Who are in fray and what is at stake,NOT_RELEVANT,Unrelated candidate
20240424121500-1533,20240424121500,indiatimes.com,https://economictimes.indiatimes.com/tech/information-tech/it-service-companies-stare-at-second-year-of-muted-revenue-growth-at-5-7-crisil/articleshow/109564664.cms,IT service companies: IT service companies stare at second year of muted revenue growth at 5-7%: Crisil,NOT_RELEVANT,Unrelated candidate
20240424123000-1482,20240424123000,indiainfoline.com,https://www.indiainfoline.com/news/markets/market-update-indices-rise-on-global-cues-strong-q4-numbers,Market Update: Indices rise on positive global cues,NOT_RELEVANT,Unrelated candidate
20240424123000-1215,20240424123000,indiatimes.com,https://economictimes.indiatimes.com/markets/stocks/stock-watch/stock-market-update-power-stocks-up-as-market-rises/articleshow/109565714.cms,Stock Market Sectors: Stock market update: Power stocks up as market rises,NOT_RELEVANT,Unrelated candidate
20240424124500-1470,20240424124500,forbesindia.com,https://www.forbesindia.com/article/storyboard18/brand-breakthroughs-can-gen-ai-make-all-marketers-creative/92719/1,Brand Breakthroughs: Can Gen AI Make All Marketers Creative?,NOT_RELEVANT,Unrelated candidate
20240424130000-681,20240424130000,menafn.com,https://menafn.com/1108132878/Centres-National-Career-Service-Portal-To-Compete-With-Job-Websites,Centre's National Career Service Portal To Compete With Job Websites,NOT_RELEVANT,Unrelated candidate
20240424130000-134,20240424130000,hindustantimes.com,https://www.hindustantimes.com/trending/ghazal-alagh-says-infosys-linkedin-founders-don-t-believe-in-work-life-balance-here-s-why-101713961434186.html,"Ghazal Alagh says Infosys, LinkedIn founders don't believe in work-life balance, details the 'misunderstood' concept in | Trending",DIRECTLY_RELEVANT,"Infosys Q4 FY24 earnings, revenue, InSemi acquisition, contracts, hiring, or share price performance."
20240424131500-662,20240424131500,dailypolitical.com,https://www.dailypolitical.com/2024/04/24/analyzing-springbig-nasdaqsbig-infosys-nyseinfy.html,Analyzing SpringBig (NASDAQ:SBIG) & Infosys (NYSE:INFY),DIRECTLY_RELEVANT,"Infosys Q4 FY24 earnings, revenue, InSemi acquisition, contracts, hiring, or share price performance."
20240424153000-934,20240424153000,ndtv.com,https://www.ndtv.com/feature/mamaearths-ghazal-alagh-starts-debate-over-work-life-balance-says-its-misunderstood-5514394,"Mamaearth's Ghazal Alagh Starts Debate Over Work-Life Balance, Says It's ""Misunderstood""",NOT_RELEVANT,Unrelated candidate
20240424163000-412,20240424163000,thehindubusinessline.com,https://www.thehindubusinessline.com/data-stories/data-focus/europe-helps-indian-it-tide-over-us-market-slump/article68101581.ece,Europe helps Indian IT tide over US market slump - The Hindu BusinessLine,NOT_RELEVANT,Unrelated candidate
20240424163000-741,20240424163000,thehindubusinessline.com,https://www.thehindubusinessline.com/opinion/editorial/its-time-for-a-reset/article68101663.ece,Editorial. IT's time for a reset - The Hindu BusinessLine,NOT_RELEVANT,Unrelated candidate
20240424180000-1726,20240424180000,rashtranews.com,https://www.rashtranews.com/ather-charges-at-ola-founders-drive-shark-tanks-meme-plosion-tech-news/,Ather charges at Ola; founders drive Shark Tank's meme-plosion : Tech News,NOT_RELEVANT,Unrelated candidate
20240424200000-1956,20240424200000,financialexpress.com,https://www.financialexpress.com/business/industry/ltimindtree-misses-estimates-profit-down-6/3467636/,"LTIMindtree misses estimates, profit down 6%",NOT_RELEVANT,Unrelated candidate
20240424200000-2056,20240424200000,financialexpress.com,https://www.financialexpress.com/lifestyle/meet-indias-most-generous-woman-know-about-rohini-nilekanis-journey-family-education-and-more/3456880/,"Meet India's most generous woman: Know about Rohini Nilekani's journey, family, education, and more - Lifestyle News",NOT_RELEVANT,"Narayana Murthy / Sudha Murty non-corporate lifestyle, family memoir, flight encounter, or 70-hour work week viral debate"
20240424201500-1303,20240424201500,wn.com,https://article.wn.com/view/2024/04/24/IT_s_time_for_a_reset/,IT's time for a reset - Worldnews.com,NOT_RELEVANT,Unrelated candidate
20240424223000-1088,20240424223000,nearshoreamericas.com,https://nearshoreamericas.com/another-wave-of-layoffs-hits-indian-it-sector-experts-blame-genai/,Another Wave of Layoffs Hits Indian IT Sector; Experts Blame GenAI,NOT_RELEVANT,Unrelated candidate
20240424223000-1615,20240424223000,indiatimes.com,https://timesofindia.indiatimes.com/business/india-business/infosys-narrows-revenue-gap-with-cognizant/articleshow/109573389.cms,Infosys narrows revenue gap with Cognizant,DIRECTLY_RELEVANT,"Infosys Q4 FY24 earnings, revenue, InSemi acquisition, contracts, hiring, or share price performance."
20240424234500-1271,20240424234500,monocle.com,https://monocle.com/magazine/issues/173/rising-tide/,Rising tide - Issue 173 - Magazine,NOT_RELEVANT,Unrelated candidate
20240425011500-501,20240425011500,rashtranews.com,https://www.rashtranews.com/tussle-continues-between-logistics-cos-ecomm-grows-even-as-offline-stores-reopen/,Tussle continues between logistics cos & aggregators; ecomm grows even as offline stores reopen,NOT_RELEVANT,Unrelated candidate
20240425013000-919,20240425013000,livemint.com,https://www.livemint.com/companies/can-electric-cars-electrify-muted-it-firms-in-a-dull-year-11713949297243.html,Can electric cars electrify muted IT firms in a dull year?,NOT_RELEVANT,Unrelated candidate
20240425030000-1068,20240425030000,financialexpress.com,https://www.financialexpress.com/shorts/business/industry-express-mobility/indian-hotels-net-rises-27-3-to-rs-418-crore-3467637/,Indian Hotels net rises 27.3% to Rs 418 crore,NOT_RELEVANT,Unrelated candidate
20240425030000-1162,20240425030000,financialexpress.com,https://www.financialexpress.com/business/industry-margin-worry-for-early-birds-3467552/,Margin worry for early birds,NOT_RELEVANT,Unrelated candidate
20240425041500-431,20240425041500,hindustantimes.com,https://www.hindustantimes.com/business/tech-mahindra-bajaj-finance-mphasis-acc-nestle-and-others-to-report-q4-results-today-check-list-101714015814541.html,"Tech Mahindra, Bajaj Finance, Mphasis, ACC, Nestle, and others to report Q4 results today; check list",NOT_RELEVANT,Unrelated candidate
20240425044500-8,20240425044500,indiatimes.com,https://economictimes.indiatimes.com/markets/expert-view/it-may-remain-under-pressure-for-next-3-6-months-3-large-midcap-cement-picks-siddhartha-khemka/articleshow/109580143.cms,cement stocks to buy: IT may remain under pressure for next 3-6 months; 3 large & midcap cement picks: Siddhartha Khemka,NOT_RELEVANT,Unrelated candidate
20240425050000-66,20240425050000,indiatimes.com,https://economictimes.indiatimes.com/markets/stocks/stock-watch/stock-market-update-nifty-it-index-advances-0-19-in-an-upbeat-market/articleshow/109581130.cms,Indices: Stock market update: Nifty IT index advances 0.19% in an upbeat market,NOT_RELEVANT,Unrelated candidate
20240425050000-427,20240425050000,financialexpress.com,https://www.financialexpress.com/shorts/india-news/india-weather-update-imd-predicts-intense-heatwave-conditions-in-these-states-heavy-rainfall-expected-in-north-east-3467687/,India Weather Update: IMD predicts intense heatwave conditions in THESE states,NOT_RELEVANT,Unrelated candidate
20240425050000-1048,20240425050000,financialexpress.com,https://www.financialexpress.com/shorts/healthcare/news-healthcare/look-listen-link-fortis-launches-comprehensive-mental-healthcare-vertical-highlights-need-for-psychological-first-aid-3467512/,"'Look, Listen & Link': Fortis launches comprehensive mental healthcare vertical",NOT_RELEVANT,Unrelated candidate
20240425053000-404,20240425053000,indiatimes.com,https://economictimes.indiatimes.com/markets/stocks/news/lic-cuts-stake-in-16-psu-stocks-as-portfolio-soars-to-rs-14-lakh-crore/articleshow/109581652.cms,LIC cuts stake in 16 PSU stocks as portfolio soars to Rs 14 lakh crore,NOT_RELEVANT,Unrelated candidate
20240425060000-407,20240425060000,thehindubusinessline.com,https://www.thehindubusinessline.com/portfolio/day-trading-guide/day-trading-guide-april-25/article68101812.ece,"Day trading guide for April 25, 2024: Intraday supports, resistances for Nifty50 stocks",NOT_RELEVANT,Unrelated candidate
20240425063000-494,20240425063000,freepressjournal.in,https://www.freepressjournal.in/business/after-rbi-action-kotak-bank-shares-stumble-nearly-10-markets-start-in-red,"After RBI Action, Kotak Bank Shares Stumble Nearly 10%; Markets Start In Red",NOT_RELEVANT,Unrelated candidate
20240425070000-228,20240425070000,indiatimes.com,https://economictimes.indiatimes.com/mf/analysis/dividend-yield-mfs-deliver-up-to-133-return-in-just-3-years-should-you-invest/articleshow/109584992.cms,Dividend yield MFs deliver up to 133% return in just 3 years. Should you invest?,NOT_RELEVANT,Unrelated candidate
20240425071500-124,20240425071500,indiatimes.com,https://economictimes.indiatimes.com/markets/expert-view/is-metals-a-tactical-trade-how-to-play-the-real-estate-theme-hemang-jani-answers/articleshow/109585440.cms,hemang jani stocks: Is metals a tactical trade? How to play the real estate theme? Hemang Jani answers,NOT_RELEVANT,Unrelated candidate
20240425071500-1083,20240425071500,financialexpress.com,https://www.financialexpress.com/shorts/market/ipo-news/jnk-india-ipo-last-day-subscription-gmp-allotment-read-all-other-details-here-3467846/,"JNK India IPO last day: Subscription, GMP, allotment, read all other details here",NOT_RELEVANT,Unrelated candidate
20240425071500-702,20240425071500,financialexpress.com,https://www.financialexpress.com/business/industry/q4-results-2024-live-updates-bajaj-finance-nestle-india-indusind-bank-vedanta-tech-mahindra-more-to-announce-earnings-today/3467831/,"Q4 Results 2024 LIVE Updates: Bajaj Finance, Nestle India, IndusInd Bank, Vedanta, Tech Mahindra, more to announce earnings today",NOT_RELEVANT,Unrelated candidate
20240425071500-T1712,20240425071500,indiatimes.com,https://navbharattimes.indiatimes.com/business/share-market/share-news/lics-holding-has-increased-22378-crore-in-financial-year-2024/articleshow/109584594.cms,"इस सरकारी कंपनी ने अडानी ग्रुप के शेयरों से की 22,378 करोड़ की कमाई, जानिए पूरी डिटेल",NOT_RELEVANT,Unrelated candidate
20240425073000-201,20240425073000,indianexpress.com,https://indianexpress.com/article/trending/trending-in-india/ghazal-alagh-mamaearth-work-life-balance-linkedin-netflix-infosys-viral-post-9289856/,"Mamaearth's Ghazal Alagh says Infosys, LinkedIn, Netflix founders don't believe in work-life balance, triggers diverse reactions | Trending News",DIRECTLY_RELEVANT,"Infosys Q4 FY24 earnings, revenue, InSemi acquisition, contracts, hiring, or share price performance."
20240425073000-169,20240425073000,moneycontrol.com,https://www.moneycontrol.com/news/trends/mamaearths-ghazal-alagh-says-infosys-netflix-founders-dont-believe-in-work-life-balance-subjective-term-12707824.html,"Mamaearth's Ghazal Alagh says Infosys, Netflix founders don't believe in work-life balance: 'Subjective term'",DIRECTLY_RELEVANT,"Infosys Q4 FY24 earnings, revenue, InSemi acquisition, contracts, hiring, or share price performance."
20240425080000-364,20240425080000,marketscreener.com,https://www.marketscreener.com/quote/stock/WIPRO-LIMITED-6494362/news/Tech-companies-plug-into-India-s-smaller-cities-for-talent-46527266/,Tech companies plug into India's smaller cities for talent,NOT_RELEVANT,Unrelated candidate
20240425081500-1195,20240425081500,streetinsider.com,https://www.streetinsider.com/Reuters/Tech+companies+plug+into+Indias+smaller+cities+for+talent/23113089.html,Tech companies plug into India's smaller cities for talent,NOT_RELEVANT,Unrelated candidate
20240425081500-757,20240425081500,businesstoday.in,https://www.businesstoday.in/latest/corporate/story/infosys-netflix-founders-dont-believe-in-work-life-balance-mamaearths-ghazal-alagh-says-term-misunderstood-426869-2024-04-25,"'Infosys, Netflix founders don't believe in work-life balance...': Mamaearth's Ghazal Alagh says term 'misunderstood'",DIRECTLY_RELEVANT,"Infosys Q4 FY24 earnings, revenue, InSemi acquisition, contracts, hiring, or share price performance."
20240425081500-T1566,20240425081500,pulshr.pl,"https://www.pulshr.pl/restrukturyzacja/jak-przeprowadzic-zwolnienia-grupowe-o-tym-musza-pamietac-pracodawcy-i-pracownicy,104691.html",Jak przeprowadzić zwolnienia grupowe? O tym muszą pamiętać pracodawcy i pracownicy,NOT_RELEVANT,Unrelated candidate
20240425083000-278,20240425083000,indiatimes.com,https://economictimes.indiatimes.com/prime/prime-decoder/the-fine-print-behind-large-it-deals-that-investors-need-to-know/primearticleshow/109587260.cms,The fine print behind large IT deals that investors need to know,NOT_RELEVANT,Unrelated candidate
20240425084500-354,20240425084500,yahoo.com,https://finance.yahoo.com/news/tech-companies-plug-indias-smaller-074125391.html,Tech companies plug into India's smaller cities for talent,NOT_RELEVANT,Unrelated candidate
20240425084500-960,20240425084500,thehindubusinessline.com,https://www.thehindubusinessline.com/money-and-banking/axis-bank-reappoints-amitabh-chaudhry-as-chief-for-a-further-period-of-3-years/article68104879.ece,Axis Bank reappoints Amitabh Chaudhry as chief for a further period of 3 years,NOT_RELEVANT,Unrelated candidate
20240425090000-239,20240425090000,financialexpress.com,https://www.financialexpress.com/web-stories/lifestyle/meet-indias-most-generous-woman-rohini-nilekani/,Meet India's most generous woman – Rohini Nilekani - Lifestyle News,NOT_RELEVANT,Unrelated candidate
20240425090000-763,20240425090000,financialexpress.com,https://www.financialexpress.com/shorts/business/industry/margin-worry-for-early-birds-3467552/,Margin worry for early birds,NOT_RELEVANT,Unrelated candidate
20240425091500-T1140,20240425091500,sharebazarnews.com,https://www.sharebazarnews.com/archives/268922,জেনেক্স ইনফোসিসের শেয়ার কারসাজিতে হিরু গংদের গুরু পাপে লঘু শাস্তি,NOT_RELEVANT,Unrelated candidate
20240425093000-734,20240425093000,vccircle.com,https://www.vccircle.com/rozanaonboards-former-xto10x-partner-as-co-founder,VC-backed Rozana onboards former xto10x partner as co-founder,NOT_RELEVANT,Unrelated candidate
20240425093000-742,20240425093000,usnews.com,https://www.usnews.com/news/technology/articles/2024-04-25/tech-companies-plug-into-indias-smaller-cities-for-talent,Tech Companies Plug Into India's Smaller Cities for Talent,NOT_RELEVANT,Unrelated candidate
20240425094500-27,20240425094500,news18.com,https://www.news18.com/viral/mamaearths-ghazal-alagh-says-netflix-reddit-founders-dont-believe-in-work-life-balance-8865842.html,"Mamaearth's Ghazal Alagh Says Netflix, Reddit Founders Don't Believe In Work-Life Balance",NOT_RELEVANT,Unrelated candidate
20240425094500-1055,20240425094500,livemint.com,https://www.livemint.com/news/india/data-recap-it-results-pmi-readings-air-traffic-11714034903426.html,"Data recap: IT results, PMI readings, air traffic",NOT_RELEVANT,Unrelated candidate
20240425101500-995,20240425101500,financialexpress.com,https://www.financialexpress.com/shorts/industry/nestle-india-q4-results-net-profit-up-nearly-27-at-rs-934-17-crore-read-to-know-other-details-3468030/,Nestle India Q1 results Net profit up nearly 27% at Rs 934.17 crore,NOT_RELEVANT,Unrelated candidate
20240425101500-528,20240425101500,intergameonline.com,https://www.intergameonline.com/coin-op/news/semnox-welcomes-new-associate-vice-president,Coin-op amusements news | Semnox welcomes new associate vice president,NOT_RELEVANT,Unrelated candidate
20240425101500-735,20240425101500,ndtv.com,https://www.ndtv.com/business-news/explained-how-big-tech-companies-are-now-expanding-into-indias-smaller-cities-5519685,Explained: How Big Tech Companies Are Now Expanding Into India's Smaller Cities,NOT_RELEVANT,Unrelated candidate
20240425103000-T510,20240425103000,sanjevani.com,https://www.sanjevani.com/%E0%B2%AA%E0%B3%81%E0%B2%B2%E0%B2%BF%E0%B2%97%E0%B3%86%E0%B2%B0%E0%B3%86-%E0%B2%AA%E0%B3%8C%E0%B2%B0%E0%B3%8D%E0%B2%A3%E0%B2%BF%E0%B2%AE%E0%B3%86-%E0%B2%95%E0%B2%BE%E0%B2%B0%E0%B3%8D%E0%B2%AF%E0%B2%95/,ಪುಲಿಗೆರೆ ಪೌರ್ಣಿಮೆ ಕಾರ್ಯಕ್ರಮ - Sanjevani,NOT_RELEVANT,Unrelated candidate
20240425104500-1381,20240425104500,asiaone.com,https://www.asiaone.com/asia/tech-companies-plug-indias-smaller-cities-talent,Tech companies plug into India's smaller cities for talent,NOT_RELEVANT,Unrelated candidate
20240425110000-1385,20240425110000,freepressjournal.in,https://www.freepressjournal.in/education/top-5-engineering-colleges-in-india-apart-from-iits-that-accepts-jee-main-score,Top 5 Engineering Colleges In India Apart From IITs That Accepts JEE Main Score,NOT_RELEVANT,Unrelated candidate
20240425113000-444,20240425113000,finanznachrichten.de,https://www.finanznachrichten.de/nachrichten-2024-04/62049222-information-services-group-inc-firms-in-france-seek-to-squeeze-more-value-from-salesforce-004.htm,"Information Services Group, Inc.: Firms in France Seek to Squeeze More Value From Salesforce",NOT_RELEVANT,Unrelated candidate
20240425113000-415,20240425113000,marketscreener.com,https://www.marketscreener.com/quote/stock/INFORMATION-SERVICES-GROU-879237/news/Firms-in-France-Seek-to-Squeeze-More-Value-From-Salesforce-46529793/,Firms in France Seek to Squeeze More Value From Salesforce,NOT_RELEVANT,Unrelated candidate
20240425113000-330,20240425113000,livemint.com,https://www.livemint.com/market/mark-to-market/client-caution-may-hurt-ltimindtree-more-than-peers-11714037164713.html,Client caution may hurt LTIMindtree more than peers,NOT_RELEVANT,Unrelated candidate
20240425113000-1080,20240425113000,moneycontrol.com,https://www.moneycontrol.com/news/technology/tech-mahindras-headcount-declines-by-795-employees-in-q4-12708160.html,Tech Mahindra's headcount declines by 795 employees in Q4,NOT_RELEVANT,Unrelated candidate
20240425114500-618,20240425114500,indiatimes.com,https://economictimes.indiatimes.com/markets/stocks/stock-watch/stock-market-update-nifty-it-index-advances-0-33/articleshow/109593523.cms,Indices: Stock market update: Nifty IT index advances 0.33%,NOT_RELEVANT,Unrelated candidate
20240425121500-514,20240425121500,marketscreener.com,https://www.marketscreener.com/quote/stock/CYIENT-LIMITED-6493440/news/India-s-Cyient-beats-Q4-revenue-estimates-on-resilient-client-demand-46530542/,India's Cyient beats Q4 revenue estimates on resilient client demand,NOT_RELEVANT,Unrelated candidate
20240425121500-853,20240425121500,indianexpress.com,https://indianexpress.com/shorts/entertainment/bollywood/bollywood-rs-250-cr-loss-bade-miyan-chote-miyan-maidaan-bombing-worst-week-stars-charging-over-100-cr-fees-9288104-2/,"Dissecting the 'worst week' in Bollywood history, with over Rs 250 crore in losses",NOT_RELEVANT,Unrelated candidate
20240425121500-1361,20240425121500,thehindu.com,https://www.thehindu.com/business/Industry/tech-companies-plug-into-indias-smaller-cities-for-talent/article68105664.ece,Tech companies plug into India's smaller cities for talent,NOT_RELEVANT,Unrelated candidate
20240425123000-640,20240425123000,marketscreener.com,https://www.marketscreener.com/quote/stock/INFOSYS-LIMITED-9743342/news/India-s-L-T-Technology-posts-Q4-revenue-beat-on-order-boost-46530818/,India's L&T Technology posts Q4 revenue beat on order boost,NOT_RELEVANT,Unrelated candidate
20240425124500-883,20240425124500,moneycontrol.com,https://www.moneycontrol.com/news/business/earnings/cyient-q4-results-net-profit-rises-16-to-rs-189-cr-12708309.html,Cyient Q4 results: Net profit rises 16% to Rs 189 cr,NOT_RELEVANT,Unrelated candidate
20240425124500-930,20240425124500,moneycontrol.com,https://www.moneycontrol.com/news/business/personal-finance/special-situations-theme-funds-make-a-beeline-for-investors-money-12708193.html,'Special situations' theme funds make a beeline for investors' money,NOT_RELEVANT,Unrelated candidate
20240425130000-453,20240425130000,usnews.com,https://www.usnews.com/news/technology/articles/2024-04-25/indias-cyient-beats-q4-revenue-estimates-on-resilient-client-demand,India's Cyient Beats Q4 Revenue Estimates on Resilient Client Demand,NOT_RELEVANT,Unrelated candidate
20240425130000-1391,20240425130000,blooloop.com,https://blooloop.com/technology/news/semnox-solutions-new-avp-operations/,Semnox Solutions | new AVP of operations,NOT_RELEVANT,Unrelated candidate
20240425130000-1650,20240425130000,openpr.com,https://www.openpr.com/news/3476467/aircraft-fairings-market-set-to-surge-to-2-67-billion-by-2028,Aircraft Fairings Market Set to Surge to $2.67 Billion by 2028,NOT_RELEVANT,Unrelated candidate
20240425130000-T1187,20240425130000,sharebazarnews.com,https://www.sharebazarnews.com/archives/268957,৩০ কোম্পানির বোর্ড সভার তারিখ ঘোষণা - শেয়ারবাজারনিউজ.কম,NOT_RELEVANT,Unrelated candidate
20240425133000-507,20240425133000,financialexpress.com,https://www.financialexpress.com/shorts/market/vodafone-idea-fpo-shares-list-at-a-7-78-premium-at-rs-11-80-3467823/,"Vodafone Idea FPO shares list at a 7.78% premium, at Rs 11.80",NOT_RELEVANT,Unrelated candidate
20240425144500-338,20240425144500,saltwire.com,https://www.saltwire.com/prince-edward-island/business/reuters/indias-cyient-beats-q4-revenue-estimates-on-resilient-client-demand-100959754/,India's Cyient beats Q4 revenue estimates on resilient client demand,NOT_RELEVANT,Unrelated candidate
20240425154500-868,20240425154500,moneycontrol.com,https://www.moneycontrol.com/news/technology/tech-mahindra-to-hire-6000-freshers-this-year-12708436.html,Tech Mahindra to hire 6000 freshers this year,NOT_RELEVANT,Unrelated candidate
20240425160000-2370,20240425160000,wkzo.com,https://wkzo.com/2024/04/25/indias-cyient-beats-q4-revenue-estimates-on-resilient-client-demand/,India's Cyient beats Q4 revenue estimates on resilient client demand | WKZO | Everything Kalamazoo,NOT_RELEVANT,Unrelated candidate
20240425163000-2304,20240425163000,briefingwire.com,https://www.briefingwire.com/pr/engineering-services-outsourcing-market-to-gain-substantial-traction-through-2030,Engineering Services Outsourcing Market To Gain Substantial Traction Through 2030,NOT_RELEVANT,Unrelated candidate
20240425163000-1284,20240425163000,thehindu.com,https://www.thehindu.com/news/cities/Mangalore/510-students-of-2022-24-batch-at-tapmi-receive-certificates/article68104970.ece,510 students of 2022-24 batch at TAPMI receive certificates,NOT_RELEVANT,Unrelated candidate
20240425164500-1488,20240425164500,eagletribune.com,https://www.eagletribune.com/region/u-s-public-sector-s-cloud-push-boosts-azure-s-importance/article_a1110136-483f-56b8-a2ec-44b90e1fe8bc.html,U.S. Public Sector's Cloud Push Boosts Azure's Importance | Region,NOT_RELEVANT,Unrelated candidate
20240425164500-2706,20240425164500,indianexpress.com,https://indianexpress.com/shorts/india/election-commission-notice-bjp-congress-pm-modi-rahul-gandhi-9290009/,"EC seeks BJP, Congress response on complaints against PM Modi, Rahul Gandhi and Kharge",NOT_RELEVANT,Unrelated candidate
20240425170000-223,20240425170000,ndtv.com,https://www.ndtv.com/india-news/tech-giants-post-covid-shift-to-smaller-cities-for-talent-5523113,Tech Giants' Post-COVID Shift To Smaller Cities For Talent,NOT_RELEVANT,Unrelated candidate
20240425170000-322,20240425170000,cornell.edu,https://news.cornell.edu/stories/2024/04/ai-apps-and-robots-take-home-awards-boom,AI apps and robots take home awards at BOOM | Cornell Chronicle,NOT_RELEVANT,Unrelated candidate
20240425173000-646,20240425173000,theweek.in,https://www.theweek.in/wire-updates/business/2024/04/25/fgn79-usibc-ai-task-force.html,USIBC holds first meeting of AI Task Force adds new members,NOT_RELEVANT,Unrelated candidate
20240425174500-129,20240425174500,indiatimes.com,https://www.indiatimes.com/worth/news/let-people-define-it-on-their-own-terms-mamaearths-ghazal-alagh-on-work-life-balance-633122.html,"'Let People Define It On Their Own Terms', Mamaearth's Ghazal Alagh On Work-Life Balance",NOT_RELEVANT,Unrelated candidate
20240425174500-1779,20240425174500,indiatimes.com,https://economictimes.indiatimes.com/tech/information-tech/tech-mahindra-to-hire-6000-freshers-in-fy25/articleshow/109601581.cms,"Tech Mahindra: Tech Mahindra to hire 6,000 freshers in FY25",NOT_RELEVANT,Unrelated candidate
20240425181500-614,20240425181500,indianexpress.com,https://indianexpress.com/shorts/lifestyle/workplace/mrunal-thakur-intimidated-by-shahid-kapoor-workplace-advice-how-to-manage-9290078/,Mrunal Thakur reveals she felt intimidated while working with Shahid Kapoor,NOT_RELEVANT,Unrelated candidate
20240425181500-T2219,20240425181500,navabharat.com,https://navabharat.com/?p=16814,बैंकों की तेजी ने बाजार को दी उड़ान,NOT_RELEVANT,Unrelated candidate
20240425201500-495,20240425201500,itbusinessnet.com,https://itbusinessnet.com/2024/04/u-s-public-sectors-cloud-push-boosts-azures-importance/,U.S. Public Sector's Cloud Push Boosts Azure's Importance – IT Business Net,NOT_RELEVANT,Unrelated candidate
20240425230000-355,20240425230000,insidehpc.com,https://insidehpc.com/2024/04/duke-researcher-dr-amanda-randles-wins-acm-prize-in-computing-for-medical-diagnostics/,Duke Researcher Dr. Amanda Randles Wins ACM Prize in Computing for Medical Diagnostics - High-Performance Computing News Analysis,NOT_RELEVANT,Unrelated candidate
20240425234500-645,20240425234500,hpcwire.com,https://www.hpcwire.com/off-the-wire/duke-universitys-amanda-randles-receives-acm-prize-for-advancements-in-computational-health/,Duke University's Amanda Randles Receives ACM Prize for Advancements in Computational Health,NOT_RELEVANT,Unrelated candidate
20240426004500-1579,20240426004500,freepressjournal.in,https://www.freepressjournal.in/analysis/analysis-jobless-growth-the-oxymoron-demystified,Analysis: Jobless Growth – The Oxymoron Demystified,NOT_RELEVANT,Unrelated candidate
20240426014500-1217,20240426014500,dnaindia.com,https://www.dnaindia.com/business/report-meet-india-s-most-generous-woman-not-nita-ambani-or-priti-adani-rohini-nilekani-nandan-nilekani-infosys-3086931,"Meet India's most generous woman, not Nita Ambani or Priti Adani, she is married to...",NOT_RELEVANT,Unrelated candidate
20240426014500-793,20240426014500,dnaindia.com,https://www.dnaindia.com/business/report-narayana-murthy-s-infosys-faces-massive-penalty-asked-to-pay-over-rs-100000-for-3086929,"Narayana Murthy's Infosys faces massive penalty, asked to pay over Rs 100000 for…",DIRECTLY_RELEVANT,Infosys corporate governance / strategy
20240426023000-T33,20240426023000,mymahanagar.com,https://www.mymahanagar.com/maharashtra/live-update-lok-sabha-election-2024-second-phase-voting-in-maharashtra-details-in-marathi/736596/,Live Update Lok Sabha Election 2024 second phase voting in Maharashtra details in Marathi,NOT_RELEVANT,Unrelated candidate
20240426024500-1091,20240426024500,thehindubusinessline.com,https://www.thehindubusinessline.com/portfolio/day-trading-guide/day-trading-guide-april-26/article68105911.ece,"Day trading guide for April 26, 2024: Intraday supports, resistances for Nifty50 stocks",NOT_RELEVANT,Unrelated candidate
20240426030000-320,20240426030000,hindustantimes.com,https://www.hindustantimes.com/cities/bengaluru-news/lok-sabha-election-2024-infosys-founder-narayana-murthy-author-sudha-murthy-cast-their-votes-in-bengaluru-101714096082751.html,"Lok Sabha Election 2024: Infosys founder Narayana Murthy, author Sudha Murthy cast their votes in Bengaluru",NOT_RELEVANT,"Narayana Murthy / Sudha Murty non-corporate lifestyle, family memoir, flight encounter, or 70-hour work week viral debate"
20240426031500-182,20240426031500,moneycontrol.com,https://www.moneycontrol.com/elections/lok-sabha-election/todays-youngsters-are-smarter-than-me-they-know-how-to-choose-the-right-leader-rajya-sabha-mp-sudha-murty-article-12708539.html,"'Today's youngsters are smarter than me, they know how to choose the right leader: Rajya Sabha MP Sudha Murty",NOT_RELEVANT,"Narayana Murthy / Sudha Murty non-corporate lifestyle, family memoir, flight encounter, or 70-hour work week viral debate"
20240426031500-306,20240426031500,moneycontrol.com,https://www.moneycontrol.com/news/trends/sudha-and-narayana-murthy-cast-their-vote-in-2024-lok-sabha-elections-their-message-to-voters-12708528.html,Sudha and Narayana Murthy cast their votes in 2024 Lok Sabha Elections. Their message to voters,NOT_RELEVANT,Narayana Murthy / Sudha Murty personal opinion piece / lifestyle story
20240426034500-1106,20240426034500,livemint.com,https://www.livemint.com/companies/company-results/hcl-tech-q4-result-today-from-key-numbers-to-growth-guidance-here-are-5-crucial-things-to-watch-out-for-11714097928216.html,"HCL Tech Q4 result today: From key numbers to growth guidance, here are 5 crucial things to watch out for",NOT_RELEVANT,Unrelated candidate
20240426040000-403,20240426040000,orissapost.com,https://www.orissapost.com/nirmala-sitharaman-narayana-murthy-rahul-dravid-among-early-voters-in-bengaluru/,"Nirmala Sitharaman, Narayana Murthy, Rahul Dravid among early voters in Bengaluru",NOT_RELEVANT,Narayana Murthy / Sudha Murty personal opinion piece / lifestyle story
20240426040000-176,20240426040000,aninews.in,https://aninews.in/news/national/general-news/ls-polls-infosys-founder-narayana-murthy-casts-his-vote-in-bengaluru20240426075835/,LS polls: Infosys founder Narayana Murthy casts his vote in Bengaluru,DIRECTLY_RELEVANT,Infosys corporate governance / strategy
20240426040000-49,20240426040000,aninews.in,https://aninews.in/news/national/general-news/dont-sit-at-home-come-out-and-vote-its-your-right-says-rs-mp-sudha-murty-after-casting-vote-in-bengaluru20240426075026/,"""Don't sit at home, come out and vote, it's your right.."" says RS MP Sudha Murty after casting vote in Bengaluru",NOT_RELEVANT,"Narayana Murthy / Sudha Murty non-corporate lifestyle, family memoir, flight encounter, or 70-hour work week viral debate"
20240426040000-1011,20240426040000,indiatimes.com,https://economictimes.indiatimes.com/magazines/panache/dont-sit-at-home-sudha-and-narayana-murthy-after-cating-votes-in-bengaluru/articleshow/109609806.cms,2024 elections voting: 'Don't sit at home': Sudha and Narayana Murthy after cating votes in Bengaluru,NOT_RELEVANT,Narayana Murthy / Sudha Murty personal opinion piece / lifestyle story
20240426040000-478,20240426040000,hindustantimes.com,https://www.hindustantimes.com/cities/bengaluru-news/lok-sabha-election-2024-karnataka-actor-prakash-raj-casts-his-vote-in-bengaluru-101714098655533.html,Lok Sabha Election 2024 Karnataka: Actor Prakash Raj casts his vote in Bengaluru,NOT_RELEVANT,Unrelated candidate
20240426040000-893,20240426040000,bignewsnetwork.com,https://www.bignewsnetwork.com/news/274311532/dont-sit-at-home-come-out-and-vote-it-your-right-says-rs-mp-sudha-murty-after-casting-vote-in-bengaluru,"""Don't sit at home, come out and vote, it's your right.."" says RS MP Sudha Murty after casting vote in Bengaluru",NOT_RELEVANT,"Narayana Murthy / Sudha Murty non-corporate lifestyle, family memoir, flight encounter, or 70-hour work week viral debate"
20240426040000-293,20240426040000,bignewsnetwork.com,https://www.bignewsnetwork.com/news/274311568/ls-polls-infosys-founder-narayana-murthy-casts-his-vote-in-bengaluru,LS polls: Infosys founder Narayana Murthy casts his vote in Bengaluru,DIRECTLY_RELEVANT,Infosys corporate governance / strategy
20240426043000-T1625,20240426043000,amarujala.com,https://www.amarujala.com/election/lok-sabha/sudha-murty-appeal-to-vote-said-do-not-sit-at-home-come-out-and-vote-lok-sabha-second-phase-election-voting-2024-04-26,"Sudha Murty Appeal To Vote Said Do Not Sit At Home Come Out And Vote Lok Sabha Second Phase Election Voting - Amar Ujala Hindi News Live - Election:'घर पर बैठकर टिप्पणी न करें, बाहर निकलें और वोट करें', राज्यसभा सांसद सुधा मूर्ति की युवाओं से अपील",NOT_RELEVANT,"Narayana Murthy / Sudha Murty non-corporate lifestyle, family memoir, flight encounter, or 70-hour work week viral debate"
20240426043000-T1476,20240426043000,tarunbharat.com,https://www.tarunbharat.com/sensex-crossed-74-thousand-level/,Sensex crossed 74 thousand level,NOT_RELEVANT,Unrelated candidate
20240426050000-288,20240426050000,indianexpress.com,https://indianexpress.com/article/cities/chandigarh/hours-studying-institute-instagram-fb-ayush-gangal-9291542/,"Spent 15 hours studying at institute, stayed away from Instagram, FB: Ayush Gangal",NOT_RELEVANT,Unrelated candidate
20240426050000-1061,20240426050000,ndtv.com,https://www.ndtv.com/india-news/lok-sabha-elections-2024-he-was-in-hospital-got-him-discharged-sudha-murty-as-narayana-murthy-votes-5526077,"Lok Sabha elections 2024: ""He Was In Hospital, Got Him Discharged"": Sudha Murty As Narayana Murthy Votes",NOT_RELEVANT,"Narayana Murthy / Sudha Murty non-corporate lifestyle, family memoir, flight encounter, or 70-hour work week viral debate"
20240426050000-1055,20240426050000,news18.com,https://www.news18.com/elections/sudha-murty-appeal-citizens-first-time-voters-cast-votes-lok-sabha-elections-bengaluru-karnataka-8866969.html,"'Don't Sit At Home, Come Out To Vote': Sudha Murty's Appeal To Citizens As LS Polling Underway In Karnataka",NOT_RELEVANT,"Narayana Murthy / Sudha Murty non-corporate lifestyle, family memoir, flight encounter, or 70-hour work week viral debate"
20240426051500-672,20240426051500,tribuneindia.com,https://www.tribuneindia.com/news/lok-sabha-elections/nirmala-sitharaman-narayana-murthy-rahul-dravid-among-early-voters-in-bengaluru-614842,"Nirmala Sitharaman, Narayana Murthy, Rahul Dravid among early voters in Bengaluru",NOT_RELEVANT,Narayana Murthy / Sudha Murty personal opinion piece / lifestyle story
20240426051500-1368,20240426051500,bignewsnetwork.com,https://www.bignewsnetwork.com/news/274311676/lok-sabha-polls-tejasvi-surya-offers-prayers-at-bengaluru-residence-before-casting-vote,Lok Sabha polls: Tejasvi Surya offers prayers at Bengaluru residence before casting vote,NOT_RELEVANT,Unrelated candidate
20240426051500-372,20240426051500,news18.com,https://www.news18.com/tech/end-of-call-centre-jobs-ai-will-replace-people-by-2025-says-tcs-chief-8866427.html,"End Of Call Centre Jobs? AI Will Replace People By 2025, Says TCS Chief",NOT_RELEVANT,Unrelated candidate
20240426053000-378,20240426053000,siasat.com,https://www.siasat.com/sitharaman-narayana-rahul-dravid-among-early-voters-in-bengaluru-3015311/,"Sitharaman, Narayana, Rahul Dravid among early voters in Bengaluru",NOT_RELEVANT,Unrelated candidate
20240426053000-278,20240426053000,aninews.in,https://aninews.in/news/national/politics/lok-sabha-polls-tejasvi-surya-offers-prayers-at-bengaluru-residence-before-casting-vote20240426095611/,Lok Sabha polls: Tejasvi Surya offers prayers at Bengaluru residence before casting vote,NOT_RELEVANT,Unrelated candidate
20240426053000-83,20240426053000,tmcnet.com,https://www.tmcnet.com/usubmit/2024/04/26/10001010.htm,"School of Business Management NMIMS Bengaluru Hosted Its 15th Convocation Ceremony: Celebrated Faculty, Student & Campus Achievements",NOT_RELEVANT,Unrelated candidate
20240426053000-518,20240426053000,indiatimes.com,https://economictimes.indiatimes.com/tech/technology/us-india-business-council-launches-ai-task-force-with-meta-as-co-chair/articleshow/109613110.cms,AI task force: US-India Business Council launches AI task force with Meta as co-chair,NOT_RELEVANT,Unrelated candidate
20240426054500-1249,20240426054500,aninews.in,https://www.aninews.in/news/national/politics/lok-sabha-polls-tejasvi-surya-offers-prayers-at-bengaluru-residence-before-casting-vote20240426095611/,Lok Sabha polls: Tejasvi Surya offers prayers at Bengaluru residence before casting vote,NOT_RELEVANT,Unrelated candidate
20240426054500-983,20240426054500,freepressjournal.in,https://www.freepressjournal.in/india/bengaluru-lok-sabha-elections-2024-rahul-dravid-nirmala-sitharaman-prakash-raj-sudha-murthy-among-early-voters,"Bengaluru Lok Sabha Elections 2024: Rahul Dravid, Nirmala Sitharaman, Prakash Raj, Sudha Murthy Among Early Voters",NOT_RELEVANT,"Narayana Murthy / Sudha Murty non-corporate lifestyle, family memoir, flight encounter, or 70-hour work week viral debate"
20240426054500-575,20240426054500,freepressjournal.in,https://www.freepressjournal.in/india/was-in-hospital-got-him-discharged-sudha-murty-accompanies-husband-narayana-murthy-for-voting-in-bengaluru,"'Was In Hospital, Got Him Discharged...': Sudha Murty Accompanies Husband Narayana Murthy For Voting In Bengaluru",NOT_RELEVANT,"Narayana Murthy / Sudha Murty non-corporate lifestyle, family memoir, flight encounter, or 70-hour work week viral debate"
20240426054500-130,20240426054500,oneindia.com,https://www.oneindia.com/india/narayana-murthy-sudha-murty-and-rahul-dravid-encourage-citizens-to-vote-3809451.html,"Narayana Murthy, Sudha Murty, And Rahul Dravid Encourage Citizens To Vote",NOT_RELEVANT,"Narayana Murthy / Sudha Murty non-corporate lifestyle, family memoir, flight encounter, or 70-hour work week viral debate"
20240426054500-968,20240426054500,thehindu.com,https://www.thehindu.com/elections/lok-sabha/lok-sabha-elections-phase-2-in-karnataka-voters-start-early-to-beat-the-heat-in-bengaluru/article68108854.ece,Voters start early to beat the heat in Bengaluru,NOT_RELEVANT,Unrelated candidate
20240426054500-881,20240426054500,thehindubusinessline.com,https://www.thehindubusinessline.com/news/elections/nirmala-sitharaman-narayana-murthy-rahul-dravid-among-early-voters-in-bengaluru/article68108825.ece,"Karnataka Lok Sabha Election 2024: Nirmala Sitharaman, Narayana Murthy, Rahul Dravid among early voters in Bengaluru",NOT_RELEVANT,Narayana Murthy / Sudha Murty personal opinion piece / lifestyle story
20240426060000-411,20240426060000,moneycontrol.com,https://www.moneycontrol.com/elections/lok-sabha-election/voting-is-an-extraordinary-right-given-to-citizens-everyone-must-vote-narayana-murthy-article-12708564.html,"Voting is an extraordinary right given to citizens, everyone must vote: Narayana Murthy",NOT_RELEVANT,Narayana Murthy / Sudha Murty personal opinion piece / lifestyle story
20240426060000-533,20240426060000,moneycontrol.com,https://www.moneycontrol.com/news/trends/lok-sabha-elections-2024-rahul-dravid-casts-his-vote-in-bengaluru-watch-12708639.html,Lok Sabha Elections 2024: Rahul Dravid casts his vote in Bengaluru. Watch,NOT_RELEVANT,Unrelated candidate
20240426060000-T979,20240426060000,haribhoomi.com,https://www.haribhoomi.com/national/news/infosys-founder-narayana-murthy-and-rajya-sabha-mp-sudha-murti-voted-in-bengaluru-lok-sabha-election-2024-22053,"अस्पताल से वोट करने पहुंचे Infosys फाउंडर नारायण मूर्ति: राज्यसभा सांसद सुधा मूर्ति बोलीं- घर पर बैठिए मत, बाहर निकलकर वोट करें",DIRECTLY_RELEVANT,"Infosys Q4 FY24 earnings, revenue, InSemi acquisition, contracts, hiring, or share price performance."
20240426061500-267,20240426061500,rediff.com,https://www.rediff.com/news/report/pix-2nd-phase-of-ls-poll-amid-heat-wave-concerns/20240426.htm,"2nd phase of LS poll underway, EVM breakdowns reported in Kerala",NOT_RELEVANT,Unrelated candidate
20240426061500-664,20240426061500,businesstoday.in,https://www.businesstoday.in/india/story/lok-sabha-elections-2024-phase-2-nirmala-sitharaman-narayana-murthy-sudha-murty-rahul-dravid-actor-prakash-raj-cast-votes-in-bengaluru-427019-2024-04-26,"Lok Sabha Elections 2024 Phase 2: Nirmala Sitharaman, Narayana Murthy, Sudha Murthy, Rahul Dravid, actor Prakash Raj cast votes in Bengaluru",NOT_RELEVANT,"Narayana Murthy / Sudha Murty non-corporate lifestyle, family memoir, flight encounter, or 70-hour work week viral debate"
20240426063000-326,20240426063000,indiatoday.in,https://www.indiatoday.in/trending-news/story/google-doodle-marks-second-phase-lok-sabha-elections-2024-in-india-index-finger-voting-symbol-2531947-2024-04-26,India general elections 2024: Google Doodle marks second phase of Lok Sabha elections 2024 in India,NOT_RELEVANT,Unrelated candidate
20240426064500-309,20240426064500,marketscreener.com,https://www.marketscreener.com/quote/stock/TECH-MAHINDRA-LIMITED-33647041/news/Indian-IT-firm-Tech-Mahindra-s-shares-jump-most-in-8-years-on-turnaround-plan-46542392/,Indian IT firm Tech Mahindra's shares jump most in 8 years on turnaround plan,NOT_RELEVANT,Unrelated candidate
20240426064500-1021,20240426064500,indiatimes.com,https://telecom.economictimes.indiatimes.com/news/internet/us-india-business-council-launches-ai-task-force-with-meta-as-co-chair/109613448,"US-India Business Council launches AI task force with Meta as co-chair, ET Telecom",NOT_RELEVANT,Unrelated candidate
20240426070000-T1293,20240426070000,mymahanagar.com,https://www.mymahanagar.com/maharashtra/lok-sabha-election-2024-second-phase-voting-updates-in-marathi-vvp96/736606/,Lok sabha election 2024 second phase voting updates in marathi vvp96,NOT_RELEVANT,Unrelated candidate
20240426070000-453,20240426070000,indiatimes.com,https://economictimes.indiatimes.com/markets/stocks/stock-watch/stock-market-update-nifty-it-index-advances-1-65-in-a-weak-market/articleshow/109614508.cms,Indices: Stock market update: Nifty IT index advances 1.65% in a weak market,NOT_RELEVANT,Unrelated candidate
20240426070000-1008,20240426070000,telegraphindia.com,https://www.telegraphindia.com/feeds/elections/lok-sabha-election-2024/lok-sabha-election-in-karnataka-nirmala-sitharaman-narayana-murthy-rahul-dravid-prakash-raj-among-early-voters-in-bengaluru/cid/2015861,"Elections | Lok Sabha election in Karnataka: Nirmala Sitharaman, Narayana Murthy, Rahul Dravid, Prakash Raj among early voters in Bengaluru",NOT_RELEVANT,Narayana Murthy / Sudha Murty personal opinion piece / lifestyle story
20240426070000-1210,20240426070000,theweek.in,https://www.theweek.in/wire-updates/business/2024/04/26/dcm6-nmims-bengaluru.html,School of Business Management NMIMS Bengaluru Hosted Its 15th Convocation Ceremony Celebrated Faculty Student Campus Achievements,NOT_RELEVANT,Unrelated candidate
20240426070000-9,20240426070000,indiatimes.com,https://economictimes.indiatimes.com/magazines/panache/dont-sit-at-home-sudha-and-narayana-murthy-after-casting-votes-in-bengaluru/articleshow/109609806.cms,2024 elections voting: 'Don't sit at home': Sudha and Narayana Murthy after casting votes in Bengaluru,NOT_RELEVANT,Narayana Murthy / Sudha Murty personal opinion piece / lifestyle story
20240426070000-831,20240426070000,indiatimes.com,https://economictimes.indiatimes.com/magazines/panache/narayana-murthy-sets-example-for-youngsters-comes-from-hospital-bed-to-cast-vote/articleshow/109614183.cms,elections 2024: Narayana Murthy sets example for youngsters; comes from hospital bed to cast vote,NOT_RELEVANT,Narayana Murthy / Sudha Murty personal opinion piece / lifestyle story
20240426070000-184,20240426070000,yahoo.com,https://finance.yahoo.com/news/indian-firm-tech-mahindras-shares-062442978.html,Indian IT firm Tech Mahindra's shares jump most in 8 years on turnaround plan,NOT_RELEVANT,Unrelated candidate
20240426070000-461,20240426070000,centralchronicle.com,https://www.centralchronicle.com/voting-begins-in-karnataka-dravid-nrn-sudha-murthy-among-first-to-cast-vote/,"Voting begins in Karnataka; Dravid, NRN, Sudha Murthy among first to cast vote | Central India's Premier English Daily",NOT_RELEVANT,"Narayana Murthy / Sudha Murty non-corporate lifestyle, family memoir, flight encounter, or 70-hour work week viral debate"
20240426071500-903,20240426071500,indiatimes.com,https://economictimes.indiatimes.com/magazines/panache/lok-sabha-elections-2024-google-commemorates-2nd-phase-of-voting-with-special-inked-finger-doodle/articleshow/109616426.cms,elections 2024: Lok Sabha Elections 2024: Google commemorates 2nd phase of voting with special inked finger doodle,NOT_RELEVANT,Unrelated candidate
20240426071500-1028,20240426071500,news18.com,https://www.news18.com/elections/narayana-murthy-was-in-hospital-got-him-discharged-sudha-murty-accompanies-husband-for-voting-in-bengaluru-8867242.html,"'Narayana Murthy Was In Hospital, Got Him Discharged': Sudha Murty Accompanies Husband For Voting In Bengaluru",NOT_RELEVANT,"Narayana Murthy / Sudha Murty non-corporate lifestyle, family memoir, flight encounter, or 70-hour work week viral debate"
20240426071500-1252,20240426071500,channelnewsasia.com,https://www.channelnewsasia.com/business/indian-it-firm-tech-mahindras-shares-jump-most-8-years-turnaround-plan-4294541,Indian IT firm Tech Mahindra's shares jump most in 8 years on turnaround plan,NOT_RELEVANT,Unrelated candidate
20240426073000-620,20240426073000,outlookindia.com,https://www.outlookindia.com/elections/got-him-discharged-to-vote-sudha-murthy-narayana-murthy-amongst-early-voters-in-bengaluru,"'Got Him Discharged To Vote': Sudha Murthy, Narayana Murthy Amongst Early Voters In Bengaluru",NOT_RELEVANT,"Narayana Murthy / Sudha Murty non-corporate lifestyle, family memoir, flight encounter, or 70-hour work week viral debate"
20240426073000-805,20240426073000,thehindubusinessline.com,https://www.thehindubusinessline.com/news/elections/ls-elections-phase-2-polling-underway-across-13-states-uts-nirmala-sitharaman-rahul-dravid-among-early-voters/article68109080.ece,"LS elections phase 2: Polling underway across 13 States, UTs; Nirmala Sitharaman, Rahul Dravid among early voters",NOT_RELEVANT,Unrelated candidate
20240426074500-778,20240426074500,hindustantimes.com,https://www.hindustantimes.com/cities/bengaluru-news/narayana-murthy-after-voting-in-bengaluru-in-lok-sabha-election-today-is-a-very-happy-day-101714096514632.html,"Narayana Murthy 'was in hospital, got him discharged': Sudha Murty as Infosys founder votes in Bengaluru | Bengaluru",NOT_RELEVANT,"Narayana Murthy / Sudha Murty non-corporate lifestyle, family memoir, flight encounter, or 70-hour work week viral debate"
20240426074500-T514,20240426074500,eenadu.net,https://www.eenadu.net/telugu-news/elections/lok-sabha-elections-polling-underway-in-second-phase/3604/124080174,Lok sabha Elections: కొనసాగుతోన్న రెండో విడత పోలింగ్‌.. ఓటేసిన ప్రముఖులు,NOT_RELEVANT,Unrelated candidate
20240426080000-1225,20240426080000,wkzo.com,https://wkzo.com/2024/04/26/indian-it-firm-tech-mahindras-shares-jump-most-in-8-years-on-turnaround-plan/,Indian IT firm Tech Mahindra's shares jump most in 8 years on turnaround plan | WKZO | Everything Kalamazoo,NOT_RELEVANT,Unrelated candidate
20240426081500-44,20240426081500,telegraphindia.com,https://www.telegraphindia.com/elections/lok-sabha-election-2024/live-updates-on-lok-sabha-election-2024-second-phase/cid/2015919,Elections | Live updates on lok sabha election 2024 second phase,NOT_RELEVANT,Unrelated candidate
20240426081500-594,20240426081500,telegraphindia.com,https://www.telegraphindia.com/feeds/elections/lok-sabha-election-2024/live-updates-on-lok-sabha-election-2024-second-phase/cid/2015919,Elections | Live updates on lok sabha election 2024 second phase,NOT_RELEVANT,Unrelated candidate
20240426081500-660,20240426081500,telegraphindia.com,https://www.telegraphindia.com/elections/lok-sabha-election-2024/lok-sabha-election-in-karnataka-nirmala-sitharaman-narayana-murthy-rahul-dravid-prakash-raj-among-early-voters-in-bengaluru/cid/2015861,"Elections | Lok Sabha election in Karnataka: Nirmala Sitharaman, Narayana Murthy, Rahul Dravid, Prakash Raj among early voters in Bengaluru",NOT_RELEVANT,Narayana Murthy / Sudha Murty personal opinion piece / lifestyle story
20240426081500-569,20240426081500,yourstory.com,https://her.yourstory.com:443/2024/04/us-india-business-council-hold-first-ai-taskforce-meet,US-India Business Council hold first AI taskforce meet,NOT_RELEVANT,Unrelated candidate
20240426081500-327,20240426081500,usnews.com,https://www.usnews.com/news/technology/articles/2024-04-26/indian-it-firm-tech-mahindras-shares-jump-most-in-8-years-on-turnaround-plan,Indian IT Firm Tech Mahindra's Shares Jump Most in 8 Years on Turnaround Plan,NOT_RELEVANT,Unrelated candidate
20240426081500-T1137,20240426081500,indiatimes.com,https://navbharattimes.indiatimes.com/state/karnataka/bengaluru/infosys-founder-nr-narayana-murthy-discharged-hospital-cast-votes-with-rajya-sabha-mp-sudha-murthy-in-jayanagar/articleshow/109617338.cms,"Lok Sabha Polls 2024: वोट देना है, डिस्चार्ज कीजिए... पति नारायण मूर्ति को अस्पताल से वोटिंग बूथ ले आईं सुधा मूर्ति",NOT_RELEVANT,Unrelated candidate
20240426084500-559,20240426084500,finanznachrichten.de,https://www.finanznachrichten.de/nachrichten-2024-04/62060848-information-services-group-inc-german-firms-strive-to-optimize-salesforce-licensing-004.htm,"Information Services Group, Inc.: German Firms Strive to Optimize Salesforce Licensing",NOT_RELEVANT,Unrelated candidate
20240426084500-494,20240426084500,marketscreener.com,https://www.marketscreener.com/quote/stock/INFORMATION-SERVICES-GROU-879237/news/German-Firms-Strive-to-Optimize-Salesforce-Licensing-46543192/,German Firms Strive to Optimize Salesforce Licensing,NOT_RELEVANT,Unrelated candidate
20240426084500-1083,20240426084500,hindustantimes.com,https://www.hindustantimes.com/business/hcl-tech-q4-result-set-to-be-declared-today-profit-revenue-to-growth-guidance-know-what-brokerages-are-expecting-101714104694653.html,HCL Tech Q4 result set to be declared today; know what brokerages are expecting,NOT_RELEVANT,Unrelated candidate
20240426090000-1048,20240426090000,lelezard.com,https://www.lelezard.com/en/news-21351382.html,German Firms Strive to Optimize Salesforce Licensing,NOT_RELEVANT,Unrelated candidate
20240426090000-260,20240426090000,devdiscourse.com,https://www.devdiscourse.com/article/politics/2918357-early-voting-in-karnataka-921-turnout-in-14-constituencies,Early Voting in Karnataka: 9.21% Turnout in 14 Constituencies,NOT_RELEVANT,Unrelated candidate
20240426090000-977,20240426090000,news18.com,https://www.news18.com/business/hcl-tech-q4-results-today-revenue-seen-flat-profit-hit-amid-weak-products-business-8867253.html,"HCL Tech Q4 Results Today: Revenue Seen Flat, Profit Hit Amid Weak Products Business",NOT_RELEVANT,Unrelated candidate
20240426090000-1135,20240426090000,livemint.com,https://www.livemint.com/news/india/lok-sabha-elections-2024-infosys-founder-naryana-murthy-casts-vote-despite-ill-health-sudha-murthy-bengaluru-karnataka-11714115540629.html,"Lok Sabha polls: Infosys founder Naryana Murthy casts vote despite ill health, Sudha Murty says' we got him discharged'",NOT_RELEVANT,"Narayana Murthy / Sudha Murty non-corporate lifestyle, family memoir, flight encounter, or 70-hour work week viral debate"
20240426090000-852,20240426090000,livemint.com,https://www.livemint.com/opinion/inheritance-tax-estate-duty-bjp-congress-election-issue-11714116986667.html,Why India loves to hate inheritance tax and estate duty—wrongly,NOT_RELEVANT,Unrelated candidate
20240426090000-401,20240426090000,india.com,https://www.india.com/business/separation-payment-of-wipro-ceo-will-shock-you-check-severance-package-of-former-ceos-6886480/,Separation Payment Of Wipro CEO Will Shock You!!! Check Severance Package Of Former CEO's,NOT_RELEVANT,Unrelated candidate
20240426091500-689,20240426091500,dailypioneer.com,https://www.dailypioneer.com/2024/top-stories/ls-polls-phase-2--polling-across-13-states--uts--nirmala-sitharaman--rahul-dravid-among-early-voters.html,"LS polls phase 2: Polling across 13 states, UTs; Nirmala Sitharaman, Rahul Dravid among early voters",NOT_RELEVANT,Unrelated candidate
20240426093000-987,20240426093000,business-standard.com,https://www.business-standard.com/elections/lok-sabha-election/nrn-sudha-murty-rahul-dravid-encourage-citizens-to-vote-in-large-numbers-124042600192_1.html,"NRN, Sudha Murty, Rahul Dravid encourage citizens to vote in large numbers",NOT_RELEVANT,"Narayana Murthy / Sudha Murty non-corporate lifestyle, family memoir, flight encounter, or 70-hour work week viral debate"
20240426100000-843,20240426100000,hindustantimes.com,https://www.hindustantimes.com/cities/bengaluru-news/lok-sabha-election-2024-bengaluru-votes-key-moments-in-10-pics-101714111617834.html,"Lok Sabha Election 2024: Bengaluru votes, key moments in 10 pics",NOT_RELEVANT,Unrelated candidate
20240426100000-332,20240426100000,hindustantimes.com,https://www.hindustantimes.com/trending/lok-sabha-elections-2024-bengaluru-zomato-agent-turns-up-in-wheelchair-to-vote-see-pics-101714117657818.html,Lok Sabha elections 2024: Bengaluru Zomato agent turns up in wheelchair to vote. See pics,NOT_RELEVANT,Unrelated candidate
20240426101500-1116,20240426101500,investegate.co.uk,https://www.investegate.co.uk:443/announcement/rns/henderson-international-income-trust--hint/half-year-report/8159479,Half-year Report | Company Announcement,NOT_RELEVANT,Unrelated candidate
20240426103000-528,20240426103000,rediff.com,https://www.rediff.com/business/report/will-ai-replace-call-centres/20240426.htm,Will AI Replace Call Centres?,NOT_RELEVANT,Unrelated candidate
20240426110000-962,20240426110000,wionews.com,https://www.wionews.com/india-news/watch-sudha-murty-gets-narayana-murthy-discharged-from-hospital-to-vote-715211,Lok Sabha elections 2024: Sudha Murty gets Narayana Murthy discharged from hospital to vote - watch,NOT_RELEVANT,"Narayana Murthy / Sudha Murty non-corporate lifestyle, family memoir, flight encounter, or 70-hour work week viral debate"
20240426113000-T2165,20240426113000,sangbadpratidin.in,https://www.sangbadpratidin.in/india/narayana-murthy-takes-discharge-from-hospital-casts-vote/,"Narayana Murthy takes discharge from hospital, casts vote",NOT_RELEVANT,Narayana Murthy / Sudha Murty personal opinion piece / lifestyle story
20240426113000-519,20240426113000,indiatimes.com,https://economictimes.indiatimes.com/markets/stocks/stock-watch/stock-market-update-nifty-it-index-advances-0-33/articleshow/109624915.cms,Indices: Stock market update: Nifty IT index advances 0.33%,NOT_RELEVANT,Unrelated candidate
20240426114500-741,20240426114500,thehindubusinessline.com,https://www.thehindubusinessline.com/news/elections/ls-elections-phase-2-jammu-west-bengal-assam-karnataka-rajasthan-chhattisgarh-record-over-50-voter-turnout-till-3-pm/article68109080.ece,"LS elections phase 2: Jammu, West Bengal, Assam, Karnataka, Rajasthan, Chhattisgarh record over 50% voter turnout till 3 pm",NOT_RELEVANT,Unrelated candidate
20240426120000-750,20240426120000,rtn.asia,https://www.rtn.asia/s-k/55265/indian-it-honchos-put-on-the-brave-face-as-genai-disruption-looms,Indian IT honchos put on a brave face as GenAI disruption looms,NOT_RELEVANT,Unrelated candidate
20240426120000-1206,20240426120000,rtn.asia,https://www.rtn.asia/s-k/55269/even-as-the-dow-and-nasdaq-scale-new-peaks-indian-it-cos-still-guarded-us-economy,"Even as the Dow and Nasdaq scale new peaks, Indian IT cos still guarded on US economy",NOT_RELEVANT,Unrelated candidate
20240426121500-1611,20240426121500,india.com,https://zeenews.india.com/companies/read-the-inspiring-journey-of-rohini-nilekani-who-mastered-the-balancing-act-of-motherhood-and-career-2744256.html,Read The Inspiring Journey Of Rohini Nilekani Who Mastered The Balancing Act Of Motherhood And Career,NOT_RELEVANT,"Narayana Murthy / Sudha Murty non-corporate lifestyle, family memoir, flight encounter, or 70-hour work week viral debate"
20240426124500-970,20240426124500,menafn.com,https://menafn.com/1108143197/Lok-Sabha-Elections-2024-Phase-2-In-Bengaluru-Wheelchair-Bound-Zomato-Delivery-Agent-Turns-Up-For-Voting,"Lok Sabha Elections 2024 Phase 2: In Bengaluru, Wheelchair-Bound Zomato Delivery Agent Turns Up For Voting",NOT_RELEVANT,Unrelated candidate
20240426131500-462,20240426131500,indianexpress.com,https://indianexpress.com/article/trending/trending-in-india/lok-sabha-elections-rahul-dravid-anil-kumble-others-cast-votes-9292466/,"Lok Sabha Elections 2024: Rahul Dravid, Anil Kumble, and others show up to cast votes",NOT_RELEVANT,Unrelated candidate
20240426133000-484,20240426133000,moneycontrol.com,https://www.moneycontrol.com/news/technology/karnataka-election-2024-from-murthy-to-pai-top-startup-and-corporate-leaders-say-every-vote-counts-12709254.html,"Karnataka Election 2024: From Murthy to Pai, top startup and corporate leaders say every vote counts",NOT_RELEVANT,Unrelated candidate
20240426134500-T172,20240426134500,prabhanews.com,https://www.prabhanews.com/importantnews/second-phase-polling-end-peaceful/,Second Phase - ప్ర‌శాంతంగా ముగిసిన రెండో ద‌శ పోలింగ్.. ఓటు హక్కు వినియోగించుకున్న ప్రముఖులు,NOT_RELEVANT,Unrelated candidate
20240426134500-114,20240426134500,indiatimes.com,https://economictimes.indiatimes.com/tech/information-tech/hcltech-bucks-trend-again-headcount-rises-by-2725-employees/articleshow/109628282.cms,"HCLTech: HCLTech bucks trend again, headcount rises by 2,725 employees",NOT_RELEVANT,Unrelated candidate
20240426140000-1792,20240426140000,news18.com,https://www.news18.com/business/hcl-tech-headcount-increases-by-2725-in-q4-adds-3096-freshers-8867893.html,"HCL Tech Headcount Increases By 2,725 in Q4, Adds 3,096 Freshers; Bucks IT Sector Trend",NOT_RELEVANT,Unrelated candidate
20240426143000-591,20240426143000,hindustantimes.com,https://www.hindustantimes.com/business/hcl-tech-q4-results-it-majors-net-profit-at-rs-3-986-crore-rs-18-interim-dividend-declared-101714133774637.html,"HCL Tech Q4 results: IT major's net profit at ₹3,986 crore; ₹18 interim dividend declared",NOT_RELEVANT,Unrelated candidate
20240426153000-918,20240426153000,indiatimes.com,https://economictimes.indiatimes.com/markets/stocks/earnings/hcltech-disappoints-in-q4-though-deal-momentum-continues/articleshow/109630806.cms,hcltech q4 results: HCLTech disappoints in Q4 though deal momentum continues,NOT_RELEVANT,Unrelated candidate
20240426161500-39,20240426161500,indiatimes.com,https://telecom.economictimes.indiatimes.com/news/enterprise-services/tech-mahindra-to-hire-6000-freshers-in-fy25/109628558,"Tech Mahindra to hire 6,000 freshers in FY25, Telecom News, ET Telecom",NOT_RELEVANT,Unrelated candidate
20240426164500-2099,20240426164500,indiatimes.com,https://economictimes.indiatimes.com/news/elections/lok-sabha/karnataka/bengalurus-billionaires-street-defies-stereotype-with-unexpectedly-high-voter-turnout/articleshow/109631109.cms,Lok Sabha Polls 2024: Bengaluru's 'billionaires' street defies stereotype with unexpectedly high voter turnout,NOT_RELEVANT,Unrelated candidate
20240426164500-215,20240426164500,indiatimes.com,https://timesofindia.indiatimes.com/city/bengaluru/voter-turnout-how-bengalurus-billionaires-street-defied-stereotypes/articleshow/109631014.cms,Voter turnout: How Bengaluru's 'billionaires' street defied stereotypes? | Bengaluru News,NOT_RELEVANT,Unrelated candidate
20240426171500-1364,20240426171500,indiatimes.com,https://www.indiatimes.com/worth/news/how-rich-is-nivin-pauly-heres-what-multi-millionaire-actor-and-producers-net-worth-is-633176.html,"Nivin Pauly's Net Worth, Income And Car Collection",NOT_RELEVANT,Unrelated candidate
20240426171500-1335,20240426171500,indiatimes.com,https://economictimes.indiatimes.com/news/politics-and-nation/bengalurus-billionaires-street-defies-stereotype-with-unexpectedly-high-voter-turnout/articleshow/109631473.cms,Lok Sabha Polls 2024: Bengaluru's 'billionaires' street defies stereotype with unexpectedly high voter turnout,NOT_RELEVANT,Unrelated candidate
20240426183000-398,20240426183000,thehindu.com,https://www.thehindu.com/news/cities/bangalore/despite-early-morning-rush-voter-turnout-in-bengaluru-constituencies-marginally-lower-than-in-2019/article68111228.ece,"Despite early morning rush, voter turnout in Bengaluru constituencies marginally lower than in 2019",NOT_RELEVANT,Unrelated candidate
20240426184500-T710,20240426184500,prajavani.net,https://www.prajavani.net/news/karnataka-news/lok-sabha-election-2024-celebrities-cast-vot-2783173,Lok Sabha Election 2024 | 'ಸ್ಟಾರ್'ಗಿರಿ ಬಿಟ್ಟು ಸರದಿಯಲ್ಲಿ ಮತದಾನ,NOT_RELEVANT,Unrelated candidate
20240426204500-861,20240426204500,rashtranews.com,https://www.rashtranews.com/no-conflict-of-interest-deepinder-goyal-says-on-zomatos-investment-in-shiprocket-tech-news/,"'No conflict of interest', Deepinder Goyal says, on Zomato's investment in Shiprocket : Tech News",NOT_RELEVANT,Unrelated candidate
20240426210000-T1879,20240426210000,thinaboomi.com,http://www.thinaboomi.com/2024/04/26/225426.html,"பாராளுமன்ற 2-ம் கட்ட தேர்தல்: பினராயி, நிர்மலா சீதாராமன் உள்ளிட்டோர் வாக்களிப்பு",NOT_RELEVANT,Unrelated candidate
20240426224500-63,20240426224500,indianexpress.com,https://indianexpress.com/shorts/cities/bangalore/tejasvi-surya-religion-bjp-votes-bengaluru-south-ec-lok-sabha-polls-9292367/,Bangalore South BJP candidate Tejasvi Surya booked for 'seeking votes in name of religion',NOT_RELEVANT,Unrelated candidate
20240427010000-398,20240427010000,indianexpress.com,https://indianexpress.com/shorts/trending/trending-globally/60-year-old-miss-universe-buenos-aires-pageant-shatters-stereotypes-9292502/,"60-year-old woman wins Miss Universe Buenos Aires pageant, shatters stereotypes",NOT_RELEVANT,Unrelated candidate
20240427020000-146,20240427020000,indiatimes.com,https://economictimes.indiatimes.com/news/company/corporate-trends/non-compete-clauses-unenforceable-under-law-but-companies-love-them/articleshow/109633571.cms,"Non-compete clauses: Unenforceable under law, but companies love them",NOT_RELEVANT,Unrelated candidate
20240427023000-20,20240427023000,thehindu.com,https://www.thehindu.com/elections/lok-sabha/despite-early-morning-rush-voter-turnout-in-bengaluru-constituencies-marginally-lower-than-in-2019/article68111228.ece,"Despite early morning rush, voter turnout in Bengaluru constituencies marginally lower than in 2019",NOT_RELEVANT,Unrelated candidate
20240427031500-155,20240427031500,indiatimes.com,https://economictimes.indiatimes.com/jobs/c-suite/non-compete-clauses-unenforceable-under-law-but-companies-love-them/articleshow/109633571.cms,"Non-compete clauses: Unenforceable under law, but companies love them",NOT_RELEVANT,Unrelated candidate
20240427044500-150,20240427044500,countercurrents.org,https://countercurrents.org/2024/04/indias-billionaire-wealth-is-on-display-as-nation-votes/,India's Billionaire Wealth Is On Display As Nation Votes,NOT_RELEVANT,Unrelated candidate
20240427050000-516,20240427050000,americanbazaaronline.com,https://www.americanbazaaronline.com/2024/04/26/usibc-launches-ai-task-force-456589/,USIBC launches AI Task Force on AI policy,NOT_RELEVANT,Unrelated candidate
20240427051500-106,20240427051500,moneycontrol.com,https://www.moneycontrol.com/news/business/markets/moneycontrol-pro-weekender-having-your-cake-and-eating-it-too-12709220.html,Moneycontrol Pro Weekender | Having your cake and eating it too,NOT_RELEVANT,Unrelated candidate
20240427053000-278,20240427053000,sentinelassam.com,https://www.sentinelassam.com/more-news/editorial/jobless-growth-impact-of-technology-and-re-skilling-in-todays-economy,Jobless growth: Impact of technology and re-skilling in today's economy,NOT_RELEVANT,Unrelated candidate
20240427061500-513,20240427061500,indiatimes.com,https://economictimes.indiatimes.com/news/elections/lok-sabha/karnataka/free-dosas-rides-discounts-rain-on-voters-as-companies-retailers-step-in-to-drive-turnout/articleshow/109640567.cms,"bangalore voter turnout: Free dosas, rides & discounts rain on voters as companies & retailers step in to drive turnout",NOT_RELEVANT,Unrelated candidate
20240427063000-T140,20240427063000,divyabhaskar.co.in,https://www.divyabhaskar.co.in/business/news/indian-it-companies-revenue-from-us-decreased-increased-from-european-countries-132936421.html,"Indian IT companies' revenue from US decreased, increased from European countries | નુકસાન: ભારતીય IT કંપનીઓની USથી આવક ઘટી, યુરોપના દેશોમાંથી વધી",NOT_RELEVANT,Unrelated candidate
20240427070000-781,20240427070000,moneycontrol.com,https://www.moneycontrol.com/news/technology/top-5-indian-it-services-companies-saw-a-decline-of-69167-employees-in-fy24-12709494.html,"Top 5 Indian IT services companies saw a decline of 69,167 employees in FY24",NOT_RELEVANT,Unrelated candidate
20240427071500-23,20240427071500,openpr.com,https://www.openpr.com/news/3478114/aerospace-engineering-market-all-sets-for-continued,Aerospace Engineering Market All Sets for Continued,NOT_RELEVANT,Unrelated candidate
20240427071500-562,20240427071500,financialexpress.com,https://www.financialexpress.com/business/industry-it-paradox-long-on-deals-short-on-revenue-outcome-3470026/,"IT paradox: Long on deals, short on revenue outcome",NOT_RELEVANT,Unrelated candidate
20240427071500-770,20240427071500,scoop.co.nz,https://www.scoop.co.nz/stories/WO2404/S00240/indias-billionaire-wealth-is-on-display-as-nation-votes.htm,India's Billionaire Wealth Is On Display As Nation Votes,NOT_RELEVANT,Unrelated candidate
20240427071500-822,20240427071500,slguardian.org,http://slguardian.org/indias-billionaire-wealth-is-on-display-as-nation-votes/,India's Billionaire Wealth Is on Display as Nation Votes – Sri Lanka Guardian,NOT_RELEVANT,Unrelated candidate
20240427081500-275,20240427081500,businesstoday.in,https://www.businesstoday.in/technology/news/story/top-5-indian-it-companies-lost-69167-employees-in-fy24-report-427193-2024-04-27,"Top 5 Indian IT companies lost 69,167 employees in FY24: Report",NOT_RELEVANT,Unrelated candidate
20240427081500-194,20240427081500,siliconindia.com,https://www.siliconindia.com/news/general/usindia-business-council-launches-ai-task-force-with-meta-cochairing-nid-229212-cid-1.html,US-India Business Council Launches AI Task Force with Meta Co-Chairing,NOT_RELEVANT,Unrelated candidate
20240427084500-T2259,20240427084500,moneycontrol.com,https://hindi.moneycontrol.com/news/business/four-of-top-five-indian-it-services-giants-lost-around-70704-employees-in-fy24-only-hcltech-added-1537-employees-tcs-infosys-wipro-tech-mahindra-1897501.html,"Headcount Decrease in IT Companies: देश की टॉप 5 IT कंपनियों में से 4 में FY24 में घटे 70704 कर्मचारी, एक ने 1537 की देखी वृद्धि",NOT_RELEVANT,Unrelated candidate
20240427093000-625,20240427093000,menafn.com,https://menafn.com/1108145758/Leading-IT-Firms-In-India-Lost-Close-To-70K-Employees-In-Last-Fiscal-Year,Leading IT Firms In India Lost Close To 70K Employees In Last Fiscal Year,NOT_RELEVANT,Unrelated candidate
20240427093000-556,20240427093000,orissapost.com,https://www.orissapost.com/leading-it-firms-in-india-lost-close-to-70k-employees-in-last-fiscal-year/,Leading IT firms in India lost close to 70K employees in last fiscal year,NOT_RELEVANT,Unrelated candidate
20240427094500-198,20240427094500,prokerala.com,https://www.prokerala.com/news/articles/a1526393.html,Leading IT firms in India lost close to 70K employees in last fiscal year,NOT_RELEVANT,Unrelated candidate
20240427103000-T54,20240427103000,indiatimes.com,https://navbharattimes.indiatimes.com/business/business-news/cant-be-a-ceo-in-america-if-you-arent-an-indian-quips-us-ambassador-know-why/articleshow/109645399.cms,भारतीय नहीं हैं तो अमेरिका में नहीं बन सकते CEO... अमेरिकी राजदूत ने यूं हीं नहीं कहा ऐसा,NOT_RELEVANT,Unrelated candidate
20240427110000-T724,20240427110000,ntvbd.com,https://www.ntvbd.com/share-market/news-1392577,পর্ষদ সভার তারিখ ঘোষণা করল ৩২ কোম্পানি,NOT_RELEVANT,Unrelated candidate
20240427120000-880,20240427120000,outlookindia.com,https://business.outlookindia.com/in-depth/inheritance-taxation-and-the-lottery-of-birth,Inheritance Taxation And The Lottery Of Birth,NOT_RELEVANT,Unrelated candidate
20240427120000-581,20240427120000,moneycontrol.com,https://www.moneycontrol.com/news/business/ipo/pe-firms-carlyle-nadathur-fareast-brighton-park-capital-backed-indegene-ipo-to-open-on-may-6-12709591.html,"PE firms Carlyle, Nadathur Fareast, Brighton Park Capital-backed Indegene IPO to open on May 6",NOT_RELEVANT,Unrelated candidate
20240427124500-T355,20240427124500,khaskhabar.com,https://www.khaskhabar.com/local/delhi-ncr/delhi-news/news-major-it-companies-laid-off-70-thousand-employees-in-one-year-news-hindi-1-634763-KKN.html,"Major IT companies laid off 70 thousand employees in one year, Delhi News in Hindi",NOT_RELEVANT,Unrelated candidate
20240427131500-571,20240427131500,glamsham.com,https://glamsham.com/world/technology/leading-it-firms-in-india-lost-close-to-70k-employees-in-last-fiscal-year,Leading IT Firms In India Lost Close To 70K Employees In Last Fiscal Year,NOT_RELEVANT,Unrelated candidate
20240427150000-813,20240427150000,aliran.com,https://aliran.com/web-specials/indias-billionaire-wealth-is-on-display-as-nation-votes,India's billionaire wealth is on display as nation votes,NOT_RELEVANT,Unrelated candidate
20240427150000-780,20240427150000,ibcworldnews.com,https://ibcworldnews.com/?p=144854,Leading IT Firms In India Lost Close To 70K Employees In Last Fiscal Year,NOT_RELEVANT,Unrelated candidate
20240427164500-644,20240427164500,rashtranews.com,https://www.rashtranews.com/tcs-sets-sights-on-b2b-ecommerce-d2c-for-retail-clients-tech-news/,"TCS sets sights on B2B ecommerce, D2C for retail clients : Tech News",NOT_RELEVANT,Unrelated candidate
20240427171500-831,20240427171500,thehindubusinessline.com,https://www.thehindubusinessline.com/portfolio/tcs-infosys-wipro-and-hcltech-why-their-stock-performance-will-be-determined-by-accenture/article68115400.ece,"TCS, Infosys, Wipro and HCLTech: Why their stock performance will be determined by Accenture",DIRECTLY_RELEVANT,"Infosys Q4 FY24 earnings, revenue, InSemi acquisition, contracts, hiring, or share price performance."
20240427184500-T1422,20240427184500,punjabkesari.com,https://www.punjabkesari.com/business-news/major-it-companies-of-the-country-topped-in-retrenchment-laid-off-70-thousand-employees-in-one-year/,"देश की प्रमुख IT कंपनियां छंटनी में अव्वल, एक साल में 70 हजार कर्मचारियों को निकाला",NOT_RELEVANT,Unrelated candidate
20240427200000-768,20240427200000,thetimes.co.uk,https://www.thetimes.co.uk/article/investing-2024-india-aadhaar-sip-ian-cowie-9cwbthw9q,There are more than a billion reasons to invest in India,NOT_RELEVANT,Unrelated candidate
20240427200000-T133,20240427200000,prahaar.in,https://prahaar.in/the-electric-lady/,दी इलेक्ट्रिक लेडी,NOT_RELEVANT,Unrelated candidate
20240427201500-681,20240427201500,telegraph.co.uk,https://www.telegraph.co.uk/travel/destinations/asia/india/bangalore/how-bangalore-reinvented-itself-silicon-valley-of-india/,How Bangalore became the Silicon Valley of India,NOT_RELEVANT,Unrelated candidate
20240427210000-34,20240427210000,thehindubusinessline.com,https://www.thehindubusinessline.com/portfolio/tcs-infosys-wipro-and-hcltech-why-accenture-sets-the-tone-for-it-stocks-from-here/article68115400.ece,"TCS, Infosys, Wipro and HCLTech: Why Accenture sets the tone for IT stocks from here",DIRECTLY_RELEVANT,"Infosys Q4 FY24 earnings, revenue, InSemi acquisition, contracts, hiring, or share price performance."
20240427211500-325,20240427211500,eurasiareview.com,https://www.eurasiareview.com/27042024-indias-billionaire-wealth-is-on-display-as-nation-votes-oped/,India's Billionaire Wealth Is On Display As Nation Votes – OpEd – Eurasia Review,NOT_RELEVANT,Unrelated candidate
20240427214500-974,20240427214500,modernreaders.com,https://www.modernreaders.com/news/2024/04/27/c-worldwide-group-holding-a-s-has-13-63-million-stock-holdings-in-infosys-limited-nyseinfy.html,C WorldWide Group Holding A S Has $13.63 Million Stock Holdings in Infosys Limited (NYSE:INFY),DIRECTLY_RELEVANT,"Infosys Q4 FY24 earnings, revenue, InSemi acquisition, contracts, hiring, or share price performance."
20240428021500-T0,20240428021500,bhaskar.com,https://divyamarathi.bhaskar.com/business/news/investment-is-not-a-monopoly-of-rich-states-132941141.html,"Investment is not a monopoly of rich states | गुंतवणूक समृद्ध राज्यांचा मक्ता नाही: वर्षात किरकोळ गुंतवणूकदार 4 कोटींवर वाढले, यामध्ये बिहार, यूपी, मप्रचे",NOT_RELEVANT,Unrelated candidate
20240428023000-652,20240428023000,indiatimes.com,https://economictimes.indiatimes.com/tech/information-tech/top-it-companies-cut-over-72000-jobs-in-fy24/articleshow/109653893.cms,"job cuts: Top IT companies cut over 72,000 jobs in FY24",NOT_RELEVANT,Unrelated candidate
20240428023000-660,20240428023000,indiatimes.com,https://economictimes.indiatimes.com/epaper/delhicapital/2024/apr/28/sunet-front/top-it-cos-cut-over-72000-jobs-in-fy24/articleshow/109654912.cms,"Top IT Cos Cut over 72,000 Jobs in FY24",NOT_RELEVANT,Unrelated candidate
20240428023000-330,20240428023000,indiatimes.com,https://economictimes.indiatimes.com/tech/information-tech/a-gruelling-it-marathon-fy24-was-a-turbulent-year-for-the-indian-it-sector-what-lies-in-store-for-the-next-12-months/articleshow/109652494.cms,IT sector: A gruelling IT marathon: FY24 was a turbulent year for the Indian IT sector. What lies in store for the next 12 months?,NOT_RELEVANT,Unrelated candidate
20240428034500-218,20240428034500,rashtranews.com,https://www.rashtranews.com/business-news-sensex-plunges-over-500-points-on-global-selloff-nifty-tests-17600/,"Business News: Sensex plunges over 500 points on global selloff; Nifty tests 17,600",NOT_RELEVANT,Unrelated candidate
20240428040000-T799,20240428040000,livehindustan.com,https://www.livehindustan.com/business/it-sector-to-layoff-more-than-72000-employees-in-fy-202324-201714272477116.html,"it sector to layoff more than 72000 employees in fy 2023-24 सालभर में आईटी सेक्टर ने की 72000 से अधिक कर्मचारियों की छटनी, इस कंपनी ने अकेले 25 हजार लोगों को निकाला",NOT_RELEVANT,Unrelated candidate
20240428050000-271,20240428050000,biztoc.com,https://biztoc.com/x/67804bdf324575a9,"Top 5 Indian IT services companies saw a decline of 69,167 employees in FY24",NOT_RELEVANT,Unrelated candidate
20240428061500-649,20240428061500,indiatimes.com,https://telecom.economictimes.indiatimes.com/news/enterprise-services/a-gruelling-it-marathon-fy24-was-a-turbulent-year-for-the-indian-it-sector-what-lies-in-store-for-the-next-12-months/109660168,"A gruelling IT marathon: FY24 was a turbulent year for the Indian IT sector. What lies in store for the next 12 months?, ET Telecom",NOT_RELEVANT,Unrelated candidate
20240428070000-86,20240428070000,livemint.com,https://www.livemint.com/market/stock-market-news/bajaj-finance-vs-jio-financial-which-stock-should-you-buy-after-q4-results-11714222496514.html,Bajaj Finance vs Jio Financial: Which stock should you buy after Q4 results?,NOT_RELEVANT,Unrelated candidate
20240428073000-65,20240428073000,dailyexcelsior.com,https://www.dailyexcelsior.com/market-valuation-of-6-most-valued-firms-rises-rs-1-30-lakh-cr-sbi-icici-bank-top-gainers/,"Market valuation of 6 most valued firms rises Rs 1.30 lakh cr; SBI, ICICI Bank top gainers",NOT_RELEVANT,Unrelated candidate
20240428073000-275,20240428073000,thehindubusinessline.com,https://www.thehindubusinessline.com/markets/market-valuation-of-six-most-valued-firms-rises-130-lakh-crore-sbi-icici-bank-top-gainers/article68117069.ece,"Market valuation of six most valued firms rises ₹1.30 lakh crore; SBI, ICICI Bank top gainers",NOT_RELEVANT,Unrelated candidate
20240428074500-24,20240428074500,indiatimes.com,https://economictimes.indiatimes.com/markets/stocks/news/mcap-of-6-most-valued-firms-rise-rs-1-30-trillion-sbi-icici-bank-top-gainers/articleshow/109662539.cms,"Mcap of 6 most valued firms rise Rs 1.30 trillion; SBI, ICICI Bank top gainers",NOT_RELEVANT,Unrelated candidate
20240428080000-643,20240428080000,theweek.in,https://www.theweek.in/news/biz-tech/2024/04/28/mcap-tracker-sbi-icici-bank-gained-top-10-reliance-hdfc-bank-laggards.html,"Mcap tracker: SBI, ICICI Bank gained most in Top 10, Reliance, HDFC Bank major laggards",NOT_RELEVANT,Unrelated candidate
20240428081500-708,20240428081500,moneycontrol.com,https://www.moneycontrol.com/news/business/market-valuation-of-6-most-valued-firms-rises-rs-1-30-lakh-cr-sbi-icici-bank-top-gainers-12709798.html,"Market valuation of 6 most valued firms rises Rs 1.30 lakh cr; SBI, ICICI Bank top gainers",NOT_RELEVANT,Unrelated candidate
20240428090000-T1121,20240428090000,indiatimes.com,https://navbharattimes.indiatimes.com/business/share-market/share-news/market-cap-of-six-most-valued-firms-rise-rs-1-30-trillion-sbi-icici-bank-top-gainers/articleshow/109663636.cms,"1.30 लाख करोड़ बढ़ गया टॉप छह कंपनियों का मार्केट कैप, जानिए किसे हुआ सबसे ज्यादा फायदा",NOT_RELEVANT,Unrelated candidate
20240428091500-354,20240428091500,tribuneindia.com,https://www.tribuneindia.com/news/business/market-valuation-of-6-most-valued-firms-rises-rs-1-30-lakh-crore-sbi-icici-bank-top-gainers-615639,"Market valuation of 6 most valued firms rises Rs 1.30 lakh crore; SBI, ICICI Bank top gainers",NOT_RELEVANT,Unrelated candidate
20240428101500-T1342,20240428101500,oneindia.com,https://hindi.oneindia.com/news/international/apple-export-record-10-billion-iphone-assembled-in-india-now-eyeing-on-woos-component-makers-919469.html,"iPhone: भारत में Apple का रिकॉर्ड कारोबार, $10 अरब से ज्यादा के बिके आईफोन्स, दुनिया की नई फैक्ट्री बनेंगे हम?",NOT_RELEVANT,Unrelated candidate
20240428103000-342,20240428103000,orissapost.com,https://www.orissapost.com/market-valuation-of-six-most-valued-firms-rises-rs-1-30-lakh-cr-sbi-icici-bank-top-gainers/,"Market valuation of six most valued firms rises Rs 1.30 lakh cr; SBI, ICICI Bank top gainers",NOT_RELEVANT,Unrelated candidate
20240428103000-865,20240428103000,livemint.com,https://www.livemint.com/market/stock-market-news/market-capitalisation-of-6-most-valued-firms-surges-to-1-30-lakh-crore-sbi-icici-bank-leads-the-pack-11714285252695.html,"Market capitalisation of 6 most valued firms surges to ₹1.30 lakh crore; SBI, ICICI Bank leads the pack",NOT_RELEVANT,Unrelated candidate
20240428110000-194,20240428110000,slguardian.org,https://slguardian.org/indias-billionaire-wealth-is-on-display-as-nation-votes/,India's Billionaire Wealth Is on Display as Nation Votes – Sri Lanka Guardian,NOT_RELEVANT,Unrelated candidate
20240428120000-283,20240428120000,hindustantimes.com,https://www.hindustantimes.com/business/market-valuation-of-6-most-valued-firms-in-india-rises-by-rs-1-30-lakh-crore-top-gainers-are-101714292680158.html,Market valuation of 6 most valued firms in India rises by ₹1.30 lakh crore; top gainers are…,NOT_RELEVANT,Unrelated candidate
20240428124500-35,20240428124500,thestatesman.com,https://www.thestatesman.com/business/market-valuation-of-6-most-valued-companies-spikes-to-rs-1-30-lakh-crore-sbi-icici-lead-1503294988.html,"Market valuation of 6 most-valued companies spikes to Rs 1.30 lakh crore; SBI, ICICI lead",NOT_RELEVANT,Unrelated candidate
20240428130000-207,20240428130000,thisiswiltshire.co.uk,https://www.thisiswiltshire.co.uk/news/24283774.empty-burmah-castrol-offices-swindon-look-like-now/,What the empty Burmah Castrol Offices in Swindon look like now,NOT_RELEVANT,Unrelated candidate
20240428130000-570,20240428130000,hindustantimes.com,https://www.hindustantimes.com/india-news/bengaluru-voters-apathy-to-voting-which-party-should-worry-about-it-101714307056809.html,Bengaluru voters' apathy to voting: Which party should worry about it? | Latest News India,NOT_RELEVANT,Unrelated candidate
20240428133000-729,20240428133000,livemint.com,https://www.livemint.com/companies/news/the-good-bad-and-ugly-decoding-the-it-pack-s-q4-show-11714293557027.html,"The good, bad and ugly: Decoding the IT pack's Q4 show",NOT_RELEVANT,Unrelated candidate
20240428134500-585,20240428134500,swindonadvertiser.co.uk,https://www.swindonadvertiser.co.uk/news/24283774.empty-burmah-castrol-offices-swindon-look-like-now/,What the empty Burmah Castrol Offices in Swindon look like now,NOT_RELEVANT,Unrelated candidate
20240428151500-958,20240428151500,thehindu.com,https://www.thehindu.com/news/national/karnataka/vvce-open-day-2024-held/article68117848.ece,VVCE Open Day 2024 held - The Hindu,NOT_RELEVANT,Unrelated candidate
20240428160000-436,20240428160000,thehindubusinessline.com,https://www.thehindubusinessline.com/info-tech/it-firms-margins-hit-a-three-year-low-in-fy24/article68117984.ece,IT firms' margins hit a three-year low in FY24 - The Hindu BusinessLine,NOT_RELEVANT,Unrelated candidate
20240428180000-323,20240428180000,yourstory.com,https://her.yourstory.com:443/2020/07/funding-alert-jetsynthesys-300cr-poonawalla-gopalkrishnan,"[Funding alert] JetSynthesys raises Rs 300 cr from Poonawalla, Kris Gopalkrishnan",NOT_RELEVANT,Unrelated candidate
20240428181500-450,20240428181500,yourstory.com,https://social.yourstory.com:443/2020/07/funding-alert-jetsynthesys-300cr-poonawalla-gopalkrishnan,"[Funding alert] JetSynthesys raises Rs 300 cr from Poonawalla, Kris Gopalkrishnan",NOT_RELEVANT,Unrelated candidate
20240428203000-498,20240428203000,deccanchronicle.com,https://www.deccanchronicle.com/opinion/columnists/sanjaya-baru-who-built-hyderabad-secret-of-the-citys-rise-891561,Sanjaya Baru | Who built Hyderabad? Secret of the city's rise,NOT_RELEVANT,"Narayana Murthy / Sudha Murty non-corporate lifestyle, family memoir, flight encounter, or 70-hour work week viral debate"
20240428220000-559,20240428220000,asianage.com,https://www.asianage.com:443/opinion/columnists/290424/sanjaya-baru-who-built-hyderabad-secret-of-the-citys-rise.html,Sanjaya Baru | Who built Hyderabad? Secret of the city's rise,NOT_RELEVANT,"Narayana Murthy / Sudha Murty non-corporate lifestyle, family memoir, flight encounter, or 70-hour work week viral debate"
20240428220000-919,20240428220000,ft.lk,https://www.ft.lk/hr/Nextbiz-announces-two-day-transformative-workshop-to-master-tools-of-Exponential-Organisations/47-761137,Nextbiz announces two-day transformative workshop to master tools of Exponential Organisations,NOT_RELEVANT,Unrelated candidate
20240429011500-229,20240429011500,dnaindia.com,https://www.dnaindia.com/business/report-meet-man-who-left-infosys-job-started-small-cart-with-rs-20000-now-owns-rs-200-crore-company-which-is-india-3087329,"Meet man who left Infosys job, started small cart with Rs 20,000, now runs Rs 200 crore company, owns India's largest...",DIRECTLY_RELEVANT,"Infosys Q4 FY24 earnings, revenue, InSemi acquisition, contracts, hiring, or share price performance."
20240429014500-307,20240429014500,indiatimes.com,https://economictimes.indiatimes.com/tech/information-tech/financial-services-revenue-could-be-impacted-in-q1-hcltech-ceo-vijayakumar/articleshow/109670067.cms,HCLTech: HCLTech CEO C Vijayakumar sees headwinds affecting Q1 financial services revenue,NOT_RELEVANT,Unrelated candidate
20240429033000-3,20240429033000,indiatimes.com,https://economictimes.indiatimes.com/tech/newsletters/morning-dispatch/summer-heat-takes-toll-on-gig-workers-the-rise-of-airchat/articleshow/109675456.cms,Summer heat takes toll on gig workers; the rise of Airchat,NOT_RELEVANT,Unrelated candidate
20240429033000-343,20240429033000,indiatimes.com,https://timesofindia.indiatimes.com/city/mysuru/students-get-tips-at-open-day/articleshow/109675016.cms,Engineering Education: Students Get Tips At Open Day | Mysuru News,NOT_RELEVANT,Unrelated candidate
20240429034500-275,20240429034500,moneycontrol.com,https://www.moneycontrol.com/news/business/ipo/carlyle-backed-indegene-sets-price-band-of-rs-430-452-a-share-for-ipo-12710112.html,Carlyle-backed Indegene sets price band of Rs 430-452 a share for IPO,NOT_RELEVANT,Unrelated candidate
20240429043000-658,20240429043000,livemint.com,https://www.livemint.com/market/mark-to-market/amid-no-show-q4-it-investors-scout-for-silver-linings-11714284597997.html,"Amid no-show Q4, IT investors scout for silver linings",NOT_RELEVANT,Unrelated candidate
20240429053000-478,20240429053000,indianexpress.com,https://indianexpress.com/article/trending/trending-in-india/mamaearth-co-founder-ghazal-alagh-says-she-has-no-phone-rule-on-sundays-viral-9296410/,"Mamaearth co-founder Ghazal Alagh says she has no-phone rule on Sundays, internet reacts",NOT_RELEVANT,Unrelated candidate
20240429054500-777,20240429054500,indiatimes.com,https://economictimes.indiatimes.com/markets/stocks/stock-watch/stock-market-update-nifty-it-index-falls-0-26-in-an-upbeat-market/articleshow/109679972.cms,Indices: Stock market update: Nifty IT index falls 0.26% in an upbeat market,NOT_RELEVANT,Unrelated candidate
20240429061500-843,20240429061500,trak.in,https://trak.in/stories/64000-it-employees-quit-tcs-infosys-wipro-in-last-12-months-a-new-record-in-indian-it-industry/,"64,000 IT Employees Quit TCS, Infosys, Wipro In Last 12 Months: A New Record In Indian IT Industry - Trak.in",DIRECTLY_RELEVANT,"Infosys Q4 FY24 earnings, revenue, InSemi acquisition, contracts, hiring, or share price performance."
20240429071500-227,20240429071500,marketscreener.com,https://www.marketscreener.com/quote/stock/TATA-CONSULTANCY-SERVICES-9743454/news/HCLTech-falls-most-in-nearly-17-months-on-lower-than-expected-FY25-outlook-46560696/,HCLTech falls most in nearly 17 months on lower-than-expected FY25 outlook,NOT_RELEVANT,Unrelated candidate
20240429071500-106,20240429071500,moneycontrol.com,https://www.moneycontrol.com/news/business/earnings/who-owns-bse-and-what-they-lost-this-morning-12710412.html,"Who owns BSE, and what they lost this morning?",NOT_RELEVANT,Unrelated candidate
20240429074500-343,20240429074500,rediff.com,https://www.rediff.com/news/report/india-votes-2024-which-companies-has-amit-shah-invested-in/20240429.htm,India Votes 2024: Which Companies Has Amit Shah Invested In?,NOT_RELEVANT,Unrelated candidate
20240429083000-37,20240429083000,counterpunch.org,https://www.counterpunch.org/2024/04/29/indias-billionaire-wealth-is-on-display-as-nation-votes/,India's Billionaire Wealth is on Display as Nation Votes,NOT_RELEVANT,Unrelated candidate
20240429084500-801,20240429084500,usnews.com,https://www.usnews.com/news/technology/articles/2024-04-29/hcltech-falls-most-in-nearly-17-months-on-lower-than-expected-fy25-outlook,HCLTech Falls Most in Nearly 17 Months on Lower-Than-Expected FY25 Outlook,NOT_RELEVANT,Unrelated candidate
20240429090000-715,20240429090000,moneycontrol.com,https://www.moneycontrol.com/news/technology/fy25-wont-be-the-same-for-all-it-cos-ceos-explain-why-12710487.html,FY25 won't be the same for all IT cos; CEOs explain why,NOT_RELEVANT,Unrelated candidate
20240429091500-963,20240429091500,moneycontrol.com,https://www.moneycontrol.com/news/business/earnings/icici-bank-becomes-5th-indian-firm-to-cross-rs-8-lakh-crore-mcap-12710580.html,ICICI Bank becomes 5th Indian firm to cross Rs 8 lakh crore mcap,NOT_RELEVANT,Unrelated candidate
20240429093000-291,20240429093000,moneycontrol.com,https://www.moneycontrol.com/news/technology/ceos-of-it-companies-expect-mixed-bag-in-fy24-after-weak-show-last-year-12710487.html,CEOs of IT companies expect mixed bag in FY24 after weak show last year,NOT_RELEVANT,Unrelated candidate
20240429100000-868,20240429100000,livemint.com,https://www.livemint.com/opinion/online-views/ai-asymmetry-can-our-it-service-firms-close-their-gap-with-genai-rivals-11714371975748.html,AI asymmetry: Can our IT service firms close their gap with GenAI rivals?,NOT_RELEVANT,Unrelated candidate
20240429103000-1081,20240429103000,thehindubusinessline.com,https://www.thehindubusinessline.com/markets/hcltech-faces-biggest-fall-in-17-months-on-lower-than-expected-fy25-outlook/article68120320.ece,HCLTech faces biggest fall in 17 months on lower-than-expected FY25 outlook,NOT_RELEVANT,Unrelated candidate
20240429103000-1316,20240429103000,adgully.com,https://www.adgully.com/how-genuine-employer-branding-fuel-employee-engagement-145088.html,Unveiling power of authenticity: How Genuine Employer Branding Fuels Employee Engagement,NOT_RELEVANT,Unrelated candidate
20240429103000-563,20240429103000,adgully.com,https://www.adgully.com/verve-media-retains-the-social-media-mandate-for-pragati-145092.html,Verve Media retains the social media mandate for Pragati,NOT_RELEVANT,Unrelated candidate
20240429110000-T1801,20240429110000,pudhari.news,https://pudhari.news/national/782219/stock-market-closing-bell-sensex-nifty-closed-higher-2/ar,"Stock Market Closing Bell | तुफान खरेदी; सेन्सेक्स ९४१ अंकांनी वाढून बंद, Nifty Bank चा नवा उच्चांक, तेजीमागे होते 'हे' ५ घटक",NOT_RELEVANT,Unrelated candidate
20240429114500-1566,20240429114500,indiatimes.com,https://economictimes.indiatimes.com/markets/stocks/stock-watch/stock-market-update-nifty-it-index-falls-0-26/articleshow/109694557.cms,Indices: Stock market update: Nifty IT index falls 0.26%,NOT_RELEVANT,Unrelated candidate
20240429114500-1515,20240429114500,theweek.in,https://www.theweek.in/news/biz-tech/2024/04/29/mcap-of-icici-bank-crosses-rs-8-lakh-crore-becomes-fifth-indian-firm-to-achieve-the-milestone.html,Mcap of ICICI Bank crosses Rs 8 lakh crore; becomes fifth Indian firm to achieve the milestone,NOT_RELEVANT,Unrelated candidate
20240429123000-321,20240429123000,dailypolitical.com,https://www.dailypolitical.com/2024/04/29/russell-investments-group-ltd-sells-272314-shares-of-infosys-limited-nyseinfy.html,"Russell Investments Group Ltd. Sells 272,314 Shares of Infosys Limited (NYSE:INFY)",DIRECTLY_RELEVANT,"Infosys Q4 FY24 earnings, revenue, InSemi acquisition, contracts, hiring, or share price performance."
20240429124500-1118,20240429124500,firstpost.com,https://www.firstpost.com/business/icici-bank-shares-breach-rs-8-lakh-crore-market-cap-13765041.html,"ICICI Bank becomes second lender, 5th India firm to cross Rs 8 lakh crore in market capitalisation",NOT_RELEVANT,Unrelated candidate
20240429130000-895,20240429130000,whbl.com,https://whbl.com/2024/04/29/hcltech-falls-most-in-nearly-17-months-on-lower-than-expected-fy25-outlook/,HCLTech falls most in nearly 17 months on lower-than-expected FY25 outlook,NOT_RELEVANT,Unrelated candidate
20240429131500-1527,20240429131500,sdtimes.com,https://sdtimes.com/agile/best-practices-agile-alm/,Best Practices for Agile ALM,NOT_RELEVANT,Unrelated candidate
20240429134500-1500,20240429134500,bignewsnetwork.com,https://www.bignewsnetwork.com/news/274323164/cloud-migration-services-market-expands-as-businesses-prioritize-cloud-infrastructure-for-scalability-and-cost-efficiency,Cloud Migration Services Market Expands as Businesses Prioritize Cloud Infrastructure for Scalability and Cost-Efficiency,NOT_RELEVANT,Unrelated candidate
20240429140000-1977,20240429140000,vccircle.com,https://www.vccircle.com/krisgopalakrishnan-s-family-office-set-to-float-maiden-fund-for-direct-startup-bets,Kris Gopalakrishnan's family office set to float maiden fund for direct startup bets,NOT_RELEVANT,Unrelated candidate
20240429143000-1630,20240429143000,yourstory.com,https://yourstory.com:443/2020/03/coronavirus-covid19-updates-for-march-30,Coronavirus updates for March 30,NOT_RELEVANT,Unrelated candidate
20240429154500-911,20240429154500,businesstoday.in,https://www.businesstoday.in/markets/stocks/story/maruti-suzuki-techm-icici-bank-hcl-tech-which-nifty-stock-to-buy-post-q4-results-427383-2024-04-29,"Maruti Suzuki, TechM, ICICI Bank, HCL Tech: Which Nifty stock to buy post Q4 results?",NOT_RELEVANT,Unrelated candidate
20240429163000-301,20240429163000,thehindubusinessline.com,https://www.thehindubusinessline.com/info-tech/total-tcv-value-for-deals-bagged-by-top-4-it-firms-increased-by-32-per-cent-in-fy24/article68120948.ece,Deals bagged by top 4 IT firms increase by 32% in FY24 - The Hindu BusinessLine,NOT_RELEVANT,Unrelated candidate
20240429173000-1580,20240429173000,marketscreener.com,https://www.marketscreener.com/quote/stock/INFORMATION-SERVICES-GROU-879237/news/Enterprises-Rate-Outsourcing-Providers-Higher-Citing-Improved-Execution-and-Delivery-ISG-Study-Sho-46567634/,"Enterprises Rate Outsourcing Providers Higher, Citing Improved Execution and Delivery, ISG Study Shows",NOT_RELEVANT,Unrelated candidate
20240429174500-T2240,20240429174500,navabharat.com,https://navabharat.com/?p=18085,ब्याज दर में कटौती की उम्मीद में चढ़ा बाजार,NOT_RELEVANT,Unrelated candidate
20240429181500-780,20240429181500,moneycontrol.com,https://www.moneycontrol.com/news/business/markets/trade-setup-for-tuesday-15-things-to-know-before-opening-bell-29-12711021.html,Trade setup for Tuesday: 15 things to know before opening bell,NOT_RELEVANT,Unrelated candidate
20240429190000-1681,20240429190000,indiacurrents.com,https://indiacurrents.com/an-uncommon-love-sudha-murty-narayana-murthy-chitra-banerjee-divakaruni-infosys/,"An Uncommon Love Of Opposites, Grit, And Greatness",NOT_RELEVANT,"Narayana Murthy / Sudha Murty non-corporate lifestyle, family memoir, flight encounter, or 70-hour work week viral debate"
20240429190000-1142,20240429190000,livemint.com,https://www.livemint.com/companies/news/wipros-new-ceo-srinivas-pallia-to-get-7-million-remuneration-11714406232408.html,Wipro's new CEO Srinivas Pallia to get $7 million remuneration,NOT_RELEVANT,Unrelated candidate
20240429194500-2179,20240429194500,tmcnet.com,https://www.tmcnet.com/usubmit/2024/04/29/10001992.htm,U.S. Firms Adding ServiceNow Modules to Unify Workflows,NOT_RELEVANT,Unrelated candidate
20240429194500-1188,20240429194500,marketscreener.com,https://www.marketscreener.com/quote/stock/INFORMATION-SERVICES-GROU-879237/news/U-S-Firms-Adding-ServiceNow-Modules-to-Unify-Workflows-46568433/,U.S. Firms Adding ServiceNow Modules to Unify Workflows,NOT_RELEVANT,Unrelated candidate
20240430003000-1469,20240430003000,prestigeonline.com,https://www.prestigeonline.com/hk/people/profiles/heirs-of-the-richest-business-families-akash-ambani-mark-mateschitz-delphine-arnault/,Know About The Heirs of The Richest Business Families in The World,NOT_RELEVANT,Unrelated candidate
20240430010000-1185,20240430010000,indiatimes.com,https://economictimes.indiatimes.com/tech/information-tech/drop-in-renewal-deals-poses-revenue-challenge-for-top-it-firms/articleshow/109701684.cms,IT firms: Drop in renewal deals poses revenue challenge for top IT firms,NOT_RELEVANT,Unrelated candidate
20240430011500-1208,20240430011500,freepressjournal.in,https://www.freepressjournal.in/analysis/analysis-taking-india-toward-a-workable-wealth-tax,Analysis: Taking India Toward A Workable Wealth Tax,NOT_RELEVANT,Unrelated candidate
20240430021500-290,20240430021500,biztoc.com,https://biztoc.com/x/8c7fe885e57c63b4,The hiring frenzy is over at India's services giants,NOT_RELEVANT,Unrelated candidate
20240430031500-437,20240430031500,theregister.com,https://www.theregister.com/2024/04/30/hcl_tcs_wipro_infosys_results/,The hiring frenzy is over at India's services giants,NOT_RELEVANT,Unrelated candidate
20240430031500-T1655,20240430031500,divyabhaskar.co.in,https://www.divyabhaskar.co.in/business/news/investment-point-nifty-future-22808-points-important-surface-132948891.html,Investment Point: Nifty Future 22808 points important surface | ઇન્વેસ્ટમેન્ટ પોઈન્ટ: માર્ચ ત્રિમાસિક પરિણામો અપેક્ષા કરતાં વધુ મજબૂત: લોકસભા ચૂંટણીમાં અપેક્ષિત પરિણામ મળવાની તીવ્ર પ્રબળતા સાથે રોકાણકારોએ ખરીદી વધારી,NOT_RELEVANT,Unrelated candidate
20240430040000-740,20240430040000,techreport.com,https://techreport.com/statistics/infosys-statistics/,70+ Fascinating Infosys Statistics and Facts 2024,DIRECTLY_RELEVANT,"Infosys Q4 FY24 earnings, revenue, InSemi acquisition, contracts, hiring, or share price performance."
20240430044500-340,20240430044500,indiatimes.com,https://economictimes.indiatimes.com/markets/stocks/news/auto-stocks-drive-sensex-100-points-higher-tracking-global-peers-nifty-above-22650/articleshow/109711439.cms,"sensex news: Positive global cues, auto stocks drive Sensex 250 points higher; Nifty above 22,700",NOT_RELEVANT,Unrelated candidate
20240430053000-T1741,20240430053000,pudhari.news,https://pudhari.news/national/782639/sensex-rises-300-points-nifty-trade-on-22750/ar,"Stock Market Updates | सेन्सेक्सची ७५ हजाराला गवसणी, Nifty Bank नव्या शिखरावर",NOT_RELEVANT,Unrelated candidate
20240430054500-336,20240430054500,indiatimes.com,https://economictimes.indiatimes.com/markets/stocks/stock-watch/stock-market-update-mining-stocks-up-as-market-rises/articleshow/109712894.cms,Stock Market Sectors: Stock market update: Mining stocks up as market rises,NOT_RELEVANT,Unrelated candidate
20240430054500-910,20240430054500,indiatimes.com,https://economictimes.indiatimes.com/markets/stocks/stock-watch/stock-market-update-sugar-stocks-down-as-market-rises/articleshow/109713557.cms,Stock Market Sectors: Stock market update: Sugar stocks down as market rises,NOT_RELEVANT,Unrelated candidate
20240430054500-1114,20240430054500,indiatimes.com,https://economictimes.indiatimes.com/markets/stocks/stock-watch/stock-market-update-power-stocks-up-as-market-rises/articleshow/109713446.cms,Stock Market Sectors: Stock market update: Power stocks up as market rises,NOT_RELEVANT,Unrelated candidate
20240430060000-1002,20240430060000,citywatchla.com,https://www.citywatchla.com/world-watch/28822-indias-billionaire-wealth-is-on-display-as-nation-votes,India's Billionaire Wealth Is on Display as Nation Votes,NOT_RELEVANT,Unrelated candidate
20240430060000-172,20240430060000,thehindubusinessline.com,https://www.thehindubusinessline.com/portfolio/day-trading-guide/day-trading-guide-30-april-2024/article68121156.ece,"Day Trading Guide for April 30, 2024: Intraday supports, resistances for Nifty50 stocks",NOT_RELEVANT,Unrelated candidate
20240430060000-109,20240430060000,moneycontrol.com,https://www.moneycontrol.com/news/technology/at-rs-50-crore-wipros-pallia-becomes-the-second-highest-paid-ceo-in-industry-12711270.html,"At Rs 50 cr, Wipro's Pallia becomes the second-highest paid CEO in industry",NOT_RELEVANT,Unrelated candidate
20240430061500-1297,20240430061500,indiatimes.com,https://economictimes.indiatimes.com/markets/stocks/stock-watch/stock-market-update-nifty-it-index-falls-0-29-in-an-upbeat-market/articleshow/109714606.cms,Indices: Stock market update: Nifty IT index falls 0.29% in an upbeat market,NOT_RELEVANT,Unrelated candidate
20240430084500-913,20240430084500,financialexpress.com,https://www.financialexpress.com/business/industry/q4-results-2024-live-updates-indian-oil-corp-rec-havells-india-exide-industries-more-to-announce-earnings-today/3472317/,"Q4 Results 2024 LIVE Updates: Indian Oil Corp, REC, Havells India, Exide Industries, more to announce earnings today",NOT_RELEVANT,Unrelated candidate
20240430090000-32,20240430090000,yahoo.com,https://finance.yahoo.com/news/conversation-hitachi-vantara-ceo-sheila-073706588.html,In conversation: Hitachi Vantara's CEO Sheila Rohra on achieving sustainable AI,NOT_RELEVANT,Unrelated candidate
20240430091500-192,20240430091500,indiatimes.com,https://economictimes.indiatimes.com/tech/technology/capgemini-q1-fy24-revenues-drops-3-5-offshore-headcount-dips/articleshow/109722241.cms,"Capgemini: Capgemini Q1 FY24 revenues drops 3.5%, offshore headcount dips",NOT_RELEVANT,Unrelated candidate
20240430103000-990,20240430103000,livemint.com,https://www.livemint.com/companies/news/unease-at-cognizant-capgemini-accenture-over-rise-of-ai-risks-11714463281124.html,"Unease at Cognizant, Capgemini, Accenture over rise of AI risks",NOT_RELEVANT,Unrelated candidate
20240430104500-T870,20240430104500,beursduivel.be,https://www.beursduivel.be/Nieuws/795561/Europese-beurzen-lager-rond-middaguur.aspx,Europese beurzen lager rond middaguur | Beursduivel.be,NOT_RELEVANT,Unrelated candidate
20240430111500-943,20240430111500,power-technology.com,https://www.power-technology.com/features/hitachi-vantaras-ceo-sheila-rohra-on-achieving-sustainable-ai/,Hitachi Vantara's CEO Sheila Rohra on achieving sustainable AI,NOT_RELEVANT,Unrelated candidate
20240430113000-525,20240430113000,forbesindia.com,https://www.forbesindia.com/article/billionaires/longterm-wealth-creation-calls-for-longterm-investments-ravi-pandit/92835/1,Long-term Wealth Creation Calls For Long-term Investments: Ravi Pandit,NOT_RELEVANT,Unrelated candidate
20240430120000-719,20240430120000,businesstoday.in,https://www.businesstoday.in/india/story/maharashtra-lok-sabha-election-ncps-supriya-sule-among-top-10-richest-candidates-in-phase-3-know-her-wealth-427642-2024-04-30,NCP's Supriya Sule among top 10 richest candidates in Phase 3: Know her wealth,NOT_RELEVANT,Unrelated candidate
20240430120000-251,20240430120000,livemint.com,https://www.livemint.com/market/stock-market-news/stock-market-holiday-nse-bse-to-remain-closed-on-may-1-on-account-of-maharashtra-day-11714473124506.html,"Stock market holiday: NSE, BSE to remain closed on May 1 on account of Maharashtra Day",NOT_RELEVANT,Unrelated candidate
20240430120000-905,20240430120000,livemint.com,https://www.livemint.com/market/stock-market-news/nifty-it-index-falls-5-in-april-how-to-play-the-it-sector-after-q4-results-11714476886529.html,Nifty IT index falls 5% in April; how to play the IT sector after Q4 results?,NOT_RELEVANT,Unrelated candidate
20240430121500-T453,20240430121500,beurs.nl,https://www.beurs.nl/beursnieuws/buitenland/795561/Europese-beurzen-lager-rond-middaguur/,"Realtime koersen, beursnieuws en analyse",NOT_RELEVANT,Unrelated candidate
20240430123000-T2691,20240430123000,deaandeelhouder.nl,https://www.deaandeelhouder.nl/nieuws/2024/04/30/europese-beurzen-lager-rond-middaguur-647/,Europese beurzen lager rond middaguur,NOT_RELEVANT,Unrelated candidate
20240430130000-969,20240430130000,livemint.com,https://www.livemint.com/companies/chryscapital-closes-its-continuation-fund-at-700-million-11714478075504.html,ChrysCapital closes its continuation fund at $700 million,NOT_RELEVANT,Unrelated candidate
20240430130000-T1215,20240430130000,iex.nl,https://www.iex.nl/Nieuws/795561/Europese-beurzen-lager-rond-middaguur.aspx,Europese beurzen lager rond middaguur,NOT_RELEVANT,Unrelated candidate
20240430133000-110,20240430133000,rediff.com,https://www.rediff.com/business/report/stock-markets-close-lower-on-fag-end-selling-in-banking-it-shares/20240430.htm,"Stock markets close lower on fag-end selling in banking, IT shares",NOT_RELEVANT,Unrelated candidate
20240430150000-2188,20240430150000,businesstoday.in,https://www.businesstoday.in/markets/stocks/story/up-to-768-return-in-a-year-are-these-10-stocks-the-biggest-multibaggers-in-lics-portfolio-427709-2024-04-30,Up to 768% return in a year: Are these 10 stocks the biggest multibaggers in LIC's portfolio?,NOT_RELEVANT,Unrelated candidate
20240430153000-1213,20240430153000,tmcnet.com,https://www.tmcnet.com/usubmit/2024/04/30/10002977.htm,"Companies Weigh Options, Costs for SAP Migration",NOT_RELEVANT,Unrelated candidate
20240430153000-1354,20240430153000,indiatimes.com,https://timesofindia.indiatimes.com/technology/tech-news/why-odisha-gst-department-has-imposed-penalty-on-infosys/articleshow/109733639.cms,Why Odisha GST department has imposed penalty on Infosys,DIRECTLY_RELEVANT,"Infosys Q4 FY24 earnings, revenue, InSemi acquisition, contracts, hiring, or share price performance."
20240430153000-962,20240430153000,marketscreener.com,https://www.marketscreener.com/quote/stock/INFORMATION-SERVICES-GROU-879237/news/Companies-Weigh-Options-Costs-for-SAP-Migration-46583438/,"Companies Weigh Options, Costs for SAP Migration",NOT_RELEVANT,Unrelated candidate
20240430161500-1723,20240430161500,usnews.com,https://www.usnews.com/news/business/articles/2024-04-30/lottery-bids-for-skilled-worker-visas-plunge-in-the-us-after-changes-aimed-at-fraud-and-abuse,Lottery Bids for Skilled-Worker Visas Plunge in the US After Changes Aimed at Fraud and Abuse,NOT_RELEVANT,Unrelated candidate
20240430161500-1613,20240430161500,go.com,https://abcnews.go.com/Technology/wireStory/lottery-bids-skilled-worker-visas-plunge-us-after-109790425,Lottery bids for skilled-worker visas plunge in the US after changes aimed at fraud and abuse,NOT_RELEVANT,Unrelated candidate
20240430161500-1179,20240430161500,wsls.com,https://www.wsls.com/business/2024/04/30/lottery-bids-for-skilled-worker-visas-plunge-in-the-us-after-changes-aimed-at-fraud-and-abuse/,Lottery bids for skilled-worker visas plunge in the US after changes aimed at fraud and abuse,NOT_RELEVANT,Unrelated candidate
20240430161500-1449,20240430161500,clickorlando.com,https://www.clickorlando.com/business/2024/04/30/lottery-bids-for-skilled-worker-visas-plunge-in-the-us-after-changes-aimed-at-fraud-and-abuse/,Lottery bids for skilled-worker visas plunge in the US after changes aimed at fraud and abuse,NOT_RELEVANT,Unrelated candidate
20240430161500-1352,20240430161500,toronto.citynews.ca,https://toronto.citynews.ca/2024/04/30/lottery-bids-for-skilled-worker-visas-plunge-in-the-us-after-changes-aimed-at-fraud-and-abuse/,Lottery bids for skilled-worker visas plunge in the US after changes aimed at fraud and abuse,NOT_RELEVANT,Unrelated candidate
20240430161500-408,20240430161500,apnews.com,https://apnews.com/article/h1b-tech-visas-immigration-uscis-lottery-96717f789e7e4827a94dea6d054a0aee,Lottery bids for skilled-worker visas plunge in the US after changes aimed at fraud and abuse,NOT_RELEVANT,Unrelated candidate
20240430161500-525,20240430161500,kob.com,https://www.kob.com/news/business-money/lottery-bids-for-skilled-worker-visas-plunge-in-the-us-after-changes-aimed-at-fraud-and-abuse/,Lottery bids for skilled-worker visas plunge in the US after changes aimed at fraud and abuse,NOT_RELEVANT,Unrelated candidate
20240430161500-1660,20240430161500,sandiegouniontribune.com,https://www.sandiegouniontribune.com/news/california/story/2024-04-30/lottery-bids-for-skilled-worker-visas-plunge-in-the-us-after-changes-aimed-at-fraud-and-abuse,Lottery bids for skilled-worker visas plunge in the US after changes aimed at fraud and abuse,NOT_RELEVANT,Unrelated candidate
20240430161500-765,20240430161500,winnipegfreepress.com,https://www.winnipegfreepress.com/arts-and-life/life/sci-tech/2024/04/30/lottery-bids-for-skilled-worker-visas-plunge-in-the-us-after-changes-aimed-at-fraud-and-abuse,Lottery bids for skilled-worker visas plunge in the US after changes aimed at fraud and abuse – Winnipeg Free Press,NOT_RELEVANT,Unrelated candidate
20240430164500-422,20240430164500,thestatesman.com,https://www.thestatesman.com/business/benchmark-indices-erase-all-intraday-gains-selling-in-it-metal-media-oil-gas-1503295796.html,"Benchmark indices erase all intraday gains; selling in IT, metal, media, oil & gas",NOT_RELEVANT,Unrelated candidate
20240430171500-149,20240430171500,go.com,https://abcnews.go.com/US/wireStory/lottery-bids-skilled-worker-visas-plunge-us-after-109790422,Lottery bids for skilled-worker visas plunge in the US after changes aimed at fraud and abuse,NOT_RELEVANT,Unrelated candidate
20240430171500-953,20240430171500,greenfieldreporter.com,https://www.greenfieldreporter.com/2024/04/30/lottery-bids-for-skilled-worker-visas-plunge-in-the-us-after-changes-aimed-at-fraud-and-abuse/,Lottery bids for skilled-worker visas plunge in the US after changes aimed at fraud and abuse - The Daily Reporter,NOT_RELEVANT,Unrelated candidate
20240430171500-34,20240430171500,tribtown.com,https://tribtown.com/2024/04/30/lottery-bids-for-skilled-worker-visas-plunge-in-the-us-after-changes-aimed-at-fraud-and-abuse/,Lottery bids for skilled-worker visas plunge in the US after changes aimed at fraud and abuse,NOT_RELEVANT,Unrelated candidate
20240430171500-1041,20240430171500,metro.us,https://www.metro.us/lottery-bids-for-skilled-worker-visas-plunge-in-the-us-after-changes-aimed-at-fraud-and-abuse/,Lottery bids for skilled-worker visas plunge in the US after changes aimed at fraud and abuse – Metro US,NOT_RELEVANT,Unrelated candidate
20240430171500-T1110,20240430171500,iex.nl,https://www.iex.nl/Nieuws/795599/Europese-beurzen-lager-gesloten.aspx,Europese beurzen lager gesloten,NOT_RELEVANT,Unrelated candidate
20240430173000-T2729,20240430173000,beursduivel.be,https://www.beursduivel.be/Nieuws/795599/Europese-beurzen-lager-gesloten.aspx,Europese beurzen lager gesloten | Beursduivel.be,NOT_RELEVANT,Unrelated candidate
20240430173000-T2731,20240430173000,deaandeelhouder.nl,https://www.deaandeelhouder.nl/nieuws/2024/04/30/europese-beurzen-lager-gesloten-266/,Europese beurzen lager gesloten,NOT_RELEVANT,Unrelated candidate
20240430173000-1412,20240430173000,netscape.com,https://isp.netscape.com/pf/story/0001/20240430/96717f789e7e4827a94dea6d054a0aee,Lottery bids for skilled-worker visas plunge in the US after changes aimed at fraud and abuse,NOT_RELEVANT,Unrelated candidate
20240430174500-2285,20240430174500,news4jax.com,https://www.news4jax.com/business/2024/04/30/lottery-bids-for-skilled-worker-visas-plunge-in-the-us-after-changes-aimed-at-fraud-and-abuse/,Lottery bids for skilled-worker visas plunge in the US after changes aimed at fraud and abuse,NOT_RELEVANT,Unrelated candidate
20240430174500-1717,20240430174500,gulflive.com,https://www.gulflive.com/news/2024/04/lottery-bids-for-skilled-worker-visas-plunge-in-us-after-changes-target-fraud-abuse.html,"Lottery bids for skilled-worker visas plunge in US after changes target fraud, abuse",NOT_RELEVANT,Unrelated candidate
20240430180000-2173,20240430180000,eagletribune.com,https://www.eagletribune.com/region/companies-weigh-options-costs-for-sap-migration/article_11d403f3-0049-5742-ba9c-b1ca36ad9587.html,"Companies Weigh Options, Costs for SAP Migration",NOT_RELEVANT,Unrelated candidate
20240430180000-1623,20240430180000,wowktv.com,https://www.wowktv.com/news/ap-lottery-bids-for-skilled-worker-visas-plunge-in-the-us-after-changes-aimed-at-fraud-and-abuse/,Lottery bids for skilled-worker visas plunge in the US after changes aimed at fraud and abuse,NOT_RELEVANT,Unrelated candidate
20240430183000-175,20240430183000,qz.com,https://qz.com/lottery-bids-for-skilled-worker-visas-plunge-in-the-us-1851445990,Lottery bids for skilled-worker visas plunge in the US after changes aimed at fraud and abuse,NOT_RELEVANT,Unrelated candidate
20240430184500-2306,20240430184500,yoursourceone.com,https://www.yoursourceone.com/technology/lottery-bids-for-skilled-worker-visas-plunge-in-the-us-after-changes-aimed-at-fraud/article_385d1bcb-71b0-571c-b2e0-239f80448068.html,Lottery bids for skilled-worker visas plunge in the US after changes aimed at fraud and abuse,NOT_RELEVANT,Unrelated candidate
20240430190000-1946,20240430190000,ksat.com,https://www.ksat.com/business/2024/04/30/lottery-bids-for-skilled-worker-visas-plunge-in-the-us-after-changes-aimed-at-fraud-and-abuse/,Lottery bids for skilled-worker visas plunge in the US after changes aimed at fraud and abuse,NOT_RELEVANT,Unrelated candidate
20240430193000-234,20240430193000,tnledger.com,http://www.tnledger.com/editorial/Article.aspx?id=176578,The Nashville Ledger,NOT_RELEVANT,Unrelated candidate
20240430193000-1367,20240430193000,local10.com,https://www.local10.com/business/2024/04/30/lottery-bids-for-skilled-worker-visas-plunge-in-the-us-after-changes-aimed-at-fraud-and-abuse/,Lottery bids for skilled-worker visas plunge in the US after changes aimed at fraud and abuse,NOT_RELEVANT,Unrelated candidate
20240430200000-2290,20240430200000,deccanchronicle.com,https://www.deccanchronicle.com/nation/politics/hassles-continue-for-social-security-pension-beneficiaries-in-may-891861,Hassles Continue for Social Security Pension Beneficiaries in May,NOT_RELEVANT,Unrelated candidate
20240430200000-2051,20240430200000,go.com,https://abcnews.go.com/Business/wireStory/lottery-bids-skilled-worker-visas-plunge-us-after-109790424,Lottery bids for skilled-worker visas plunge in the US after changes aimed at fraud and abuse,NOT_RELEVANT,Unrelated candidate
20240430210000-1820,20240430210000,fortune.com,https://fortune.com/2024/04/30/immigration-h1b-visa-applications-plunge-40-percent/,Immigration authorities claim victory over abusers of gifted H-1B visas as applications plunge nearly 40%,NOT_RELEVANT,"Narayana Murthy / Sudha Murty non-corporate lifestyle, family memoir, flight encounter, or 70-hour work week viral debate"
20240430210000-T895,20240430210000,beurs.nl,https://www.beurs.nl/beursnieuws/buitenland/795599/Europese-beurzen-lager-gesloten/,"Realtime koersen, beursnieuws en analyse",NOT_RELEVANT,Unrelated candidate
20240430213000-1567,20240430213000,thestatesman.com,https://www.thestatesman.com/business/benchmark-indices-erase-all-intraday-gains-1503295891.html,Benchmark indices erase all intraday gains,NOT_RELEVANT,Unrelated candidate
