article_id,ticker,company,headline,source,url,published_at,seen_at,source_timestamp,trading_date,timestamp_basis,gkg_record_id,company_match_reason,finbert_label,finbert_confidence,sentiment_score
0ea3d1bcd4135d695aefb5e0039be2d59cd4f761,INFY.NS,Infosys,Infosys (NYSE:INFY) Upgraded to Buy at StockNews.com,etfdailynews.com,https://www.etfdailynews.com/2024/09/30/infosys-nyseinfy-upgraded-to-buy-at-stocknews-com,,2024-10-01T09:15:00+05:30,20241001034500,2024-10-01,gdelt_gkg_observation,20241001034500-429,Direct headline match with company alias,,,
9df41b8c13c534b2feff520067a8f0711860222c,INFY.NS,Infosys,"Infosys (NYSE:INFY) Upgraded by StockNews.com to ""Buy""",tickerreport.com,https://www.tickerreport.com/banking-finance/12579285/infosys-nyseinfy-upgraded-by-stocknews-com-to-buy.html,,2024-10-01T09:15:00+05:30,20241001034500,2024-10-01,gdelt_gkg_observation,20241001034500-731,Direct headline match with company alias,,,
099c243adc469e52672bff8b5908981fa8126823,INFY.NS,Infosys,"Nifty, Sensex Gain Marginally As Infosys, M&M Share Prices Rise: Midday Market Update",ndtvprofit.com,https://www.ndtvprofit.com/markets/nifty-sensex-erase-losses-as-infosys-mm-share-prices-rise-midday-market-update,,2024-10-01T14:00:00+05:30,20241001083000,2024-10-01,gdelt_gkg_observation,20241001083000-533,Direct headline match with company alias,,,
a6014338deced259f5d9858f69d1c60f01bd9511,INFY.NS,Infosys,"IT Sector Q2 Results Preview: TCS, Infosys likely to lead revenue growth, margins to remain mixed",livemint.com,https://www.livemint.com/companies/company-results/it-sector-q2-results-preview-tcs-infosys-likely-to-lead-revenue-growth-margins-to-remain-mixed-11727769457966.html,,2024-10-01T15:15:00+05:30,20241001094500,2024-10-01,gdelt_gkg_observation,20241001094500-100,Direct headline match with company alias,,,
1523f6062748318058f25c74ac3484d9f9412d6e,INFY.NS,Infosys,IT union NITES locks horn with Karnataka govt over Infosys onboarding delays,moneycontrol.com,https://www.moneycontrol.com/news/business/it-union-nites-locks-horn-with-karnataka-govt-over-infosys-onboarding-delays-12833721.html,,2024-10-01T20:45:00+05:30,20241001151500,2024-10-03,gdelt_gkg_observation,20241001151500-1680,Direct headline match with company alias,,,
b0e4cf733d4576575528f0bb88506af5649e3a4a,INFY.NS,Infosys,Infosys Limited (NYSE:INFY) Short Interest Down 7.4% in September,biztoc.com,https://biztoc.com/x/9afff374dfe6f5ef,2024-10-01T20:20:00+05:30,2024-10-01T21:45:00+05:30,20241001161500,2024-10-03,publisher_published_at,20241001161500-1233,Direct headline match with company alias,,,
5d8356114e8b234c1758aaa69a3db39cabbf8fc1,INFY.NS,Infosys,"Infosys row: Karnataka govt's response to Centre 'misleading', says NITES",thehindubusinessline.com,https://www.thehindubusinessline.com/incoming/infosys-row-karnataka-govts-response-to-centre-misleading-says-nites/article68705726.ece,2024-10-01T19:40:00+05:30,2024-10-01T23:15:00+05:30,20241001174500,2024-10-03,publisher_published_at,20241001174500-2053,Direct headline match with company alias,,,
b84d9feff197a034e80941baeaba5fd2af0a6f2f,INFY.NS,Infosys,Infosys Limited (NYSE:INFY) Short Interest Down 7.4% in September,tickerreport.com,https://www.tickerreport.com/banking-finance/12584542/infosys-limited-nyseinfy-short-interest-down-7-4-in-september.html,,2024-10-02T02:00:00+05:30,20241001203000,2024-10-03,gdelt_gkg_observation,20241001203000-170,Direct headline match with company alias,,,
3f6d69828a02a2fc5d8e3b412df3a24ecacc669c,INFY.NS,Infosys,Short Interest in Infosys Limited (NYSE:INFY) Drops By 7.4%,tickerreport.com,https://www.tickerreport.com/banking-finance/12584746/short-interest-in-infosys-limited-nyseinfy-drops-by-7-4.html,,2024-10-02T03:00:00+05:30,20241001213000,2024-10-03,gdelt_gkg_observation,20241001213000-328,Direct headline match with company alias,,,
f966b4e8965049c049a18ee7802a50cbd182dc97,INFY.NS,Infosys,Infosys closing its Russia office: Report,rashtranews.com,https://www.rashtranews.com/infosys-closing-its-russia-office-report,,2024-10-02T10:45:00+05:30,20241002051500,2024-10-03,gdelt_gkg_observation,20241002051500-912,Direct headline match with company alias,,,
694d384bb14ad5189d2309ed33ef7c3c02f0ca12,INFY.NS,Infosys,"SRN Advisors LLC Sells 19,432 Shares of Infosys Limited (NYSE:INFY)",etfdailynews.com,https://www.etfdailynews.com/2024/10/02/srn-advisors-llc-sells-19432-shares-of-infosys-limited-nyseinfy,,2024-10-02T21:00:00+05:30,20241002153000,2024-10-03,gdelt_gkg_observation,20241002153000-898,Direct headline match with company alias,,,
d91b335d1e1f7a6a180426219fcfa956a0fc8fde,INFY.NS,Infosys,"Q2 Update: IT giants Infosys, Wipro to announce Sept quarter results on THESE dates, dividend ahead",livemint.com,https://www.livemint.com/companies/company-results/q2-update-it-giants-infosys-wipro-to-announce-sept-quarter-results-on-these-dates-dividend-ahead-11727879263508.html,,2024-10-02T21:15:00+05:30,20241002154500,2024-10-03,gdelt_gkg_observation,20241002154500-775,Direct headline match with company alias,,,
fc5dc87f0e5fbb61cb4921408d5d6e89f6c67866,INFY.NS,Infosys,Infosys Breach Affects TIAA | PLANSPONSOR,plansponsor.com,https://www.plansponsor.com/infosys-breach-affects-tiaa,2024-10-03T01:39:00+05:30,2024-10-03T03:00:00+05:30,20241002213000,2024-10-03,publisher_published_at,20241002213000-1122,Direct headline match with company alias,,,
7f1bd2be4f0e045bd06eb5cca75033d48ba924c5,INFY.NS,Infosys,Infosys may lead Indian IT pack this festive season,livemint.com,https://www.livemint.com/companies/infosys-it-companies-festive-season-tata-consultancy-bsnl-markets-hcl-tech-wipro-tech-mahindra-mohit-joshi-11727864439746.html,2024-10-03T06:40:00+05:30,2024-10-03T08:30:00+05:30,20241003030000,2024-10-03,publisher_published_at,20241003030000-108,Direct headline match with company alias,,,
ff5b6bc5c7dc1353e960f8e9d565d7a6a1be9e02,INFY.NS,Infosys,"TCS, Infosys, HCL Tech, Coforge, KPIT Tech & LTIM: Brokerage views in IT stocks ahead of Q2 earnings",businesstoday.in,https://www.businesstoday.in/markets/story/tcs-infosys-hcl-tech-coforge-kpit-tech-ltim-brokerage-views-in-it-stocks-ahead-of-q2-earnings-448499-2024-10-03,,2024-10-03T12:30:00+05:30,20241003070000,2024-10-03,gdelt_gkg_observation,20241003070000-1163,Direct headline match with company alias,,,
726596669722f6fbf60c60818fe4bbe993f7410b,INFY.NS,Infosys,"Infosys, HCLTech, & LTIMindtree shift wage hikes to Q3 to sustain margins amid weak demand",moneycontrol.com,https://www.moneycontrol.com/technology/infosys-hcltech-ltimindtree-shift-wage-hikes-to-q3-to-sustain-margins-amidst-weak-demand-article-12834589.html,,2024-10-03T13:30:00+05:30,20241003080000,2024-10-03,gdelt_gkg_observation,20241003080000-1033,Direct headline match with company alias,,,
3c23a0a43054ef72818534e1f2861bbbaa09aba3,INFY.NS,Infosys,"Infosys, Wipro, KPIT Tech, TCS, HCL Tech: IT stocks headed for 2014-2018 like consolidation?",businesstoday.in,https://www.businesstoday.in/markets/stocks/story/infosys-wipro-kpit-tech-tcs-hcl-tech-it-stocks-headed-for-2014-2018-like-consolidation-448513-2024-10-03,,2024-10-03T14:00:00+05:30,20241003083000,2024-10-03,gdelt_gkg_observation,20241003083000-1290,Direct headline match with company alias,,,
e4768385844023d5b3a4091966255ac7776b902a,INFY.NS,Infosys,"Banks to boost cloud investments, yet underutilisation remains significant: Infosys",financialexpress.com,https://www.financialexpress.com/business/banking-finance-banks-to-boost-cloud-investments-yet-underutilisation-remains-significant-infosys-3629994,2024-10-04T05:45:00+05:30,2024-10-04T06:30:00+05:30,20241004010000,2024-10-04,publisher_published_at,20241004010000-1672,Direct headline match with company alias,,,
4c04454b0a868a93ad196af8ee679689a8e5f364,INFY.NS,Infosys,Creative Planning Grows Position in Infosys Limited (NYSE:INFY),biztoc.com,https://biztoc.com/x/500f15ab14dcedcc,2024-10-04T13:46:00+05:30,2024-10-04T15:00:00+05:30,20241004093000,2024-10-04,publisher_published_at,20241004093000-272,Direct headline match with company alias,,,
60ee40dbe9f0b47a0c90b13b54351471fe091ea9,INFY.NS,Infosys,"IT Employees Union Accuses Karnataka Govt Of Favoring Infosys - Trak.in - Indian Business of Tech, Mobile & Startups",trak.in,https://trak.in/stories/it-employees-union-accuses-karnataka-govt-of-favoring-infosys,2024-10-04T13:46:00+05:30,2024-10-04T15:30:00+05:30,20241004100000,2024-10-07,publisher_published_at,20241004100000-821,Direct headline match with company alias,,,
8f07fe07cb472618abafde9d04cf207ba319adc3,INFY.NS,Infosys,"Top Gainers and Losers today on 4 October, 2024: Infosys, Oil & Natural Gas Corporation, Mahindra & Mahindra, Bajaj Finance among most active stocks; Check full list here",livemint.com,https://www.livemint.com/market/stock-market-news/top-gainers-and-losers-today-on-4-october-2024-infosys-oil-natural-gas-corporation-mahindra-mahindra-bajaj-finance-among-most-active-stocks-check-full-list-here-11728037992937.html,,2024-10-04T16:45:00+05:30,20241004111500,2024-10-07,gdelt_gkg_observation,20241004111500-618,Direct headline match with company alias,,,
fc3f5fafe7e5a9cddc19c4ccd1c3a12e9924271f,INFY.NS,Infosys,"Leaders from BCG, Infosys, AARP, and more predict how AI will transform top companies in the next 12 months",biztoc.com,https://biztoc.com/x/cc6ce2aa5a10f452,2024-10-04T19:14:00+05:30,2024-10-04T20:15:00+05:30,20241004144500,2024-10-07,publisher_published_at,20241004144500-1494,Direct headline match with company alias,,,
726249a8b90b2418437f3e05f424e2609f278116,INFY.NS,Infosys,"Goals unmet, Infosys tight-lipped about future of campus – Indianapolis Business Journal",ibj.com,https://www.ibj.com/articles/goals-unmet-infosys-tight-lipped-about-future-of-campus,,2024-10-05T02:00:00+05:30,20241004203000,2024-10-07,gdelt_gkg_observation,20241004203000-1529,Direct headline match with company alias,,,
bbcd6933147cfde7727be57ca6e8912f94f4c463,INFY.NS,Infosys,Bank of Montreal Can Raises Stake in Infosys Limited (NYSE:INFY),biztoc.com,https://biztoc.com/x/21ff95b7cc5980bf,2024-10-05T13:51:00+05:30,2024-10-05T15:00:00+05:30,20241005093000,2024-10-07,publisher_published_at,20241005093000-52,Direct headline match with company alias,,,
9d21e53ea6937794ece067a400415620cdecaed1,INFY.NS,Infosys,"Daily Voice: Infosys, HCLTech, LTIMindtree likely to lead recovery in IT space, be cautious in oil stocks, says this fund manager",moneycontrol.com,https://www.moneycontrol.com/news/business/markets/infosys-hcltech-ltimindtree-likely-to-lead-recovery-in-it-space-says-this-fund-manager-12836469.html,,2024-10-06T07:15:00+05:30,20241006014500,2024-10-07,gdelt_gkg_observation,20241006014500-22,Direct headline match with company alias,,,
8ece96330fdfe51d01be239cac419d766c4ed342,INFY.NS,Infosys,Infosys (NYSE:INFY) Rating Lowered to Sell at Investec,themarketsdaily.com,https://www.themarketsdaily.com/2024/10/05/infosys-nyseinfy-rating-lowered-to-sell-at-investec.html,,2024-10-06T07:15:00+05:30,20241006014500,2024-10-07,gdelt_gkg_observation,20241006014500-83,Direct headline match with company alias,,,
0adf13f1a7370f6866535c99452cf311ba980ba4,INFY.NS,Infosys,Börse Express - Infosys Aktie: Leichter Kursanstieg trotz Monatsverlust,boerse-express.com,https://www.boerse-express.com/news/articles/infosys-aktie-leichter-kursanstieg-trotz-monatsverlust-665265,,2024-10-06T11:30:00+05:30,20241006060000,2024-10-07,gdelt_gkg_observation,20241006060000-T1331,Direct headline match with company alias,,,
f2f4501a83c9488d9feaeba34724f3578f096acf,INFY.NS,Infosys,'Why Is Indian Railways Not Keeping Its Promise?': Ex-Infosys CFO Mohandas Pai Questions Government Over Vande Bharat Promises,freepressjournal.in,https://www.freepressjournal.in/business/why-is-indian-railways-not-keeping-its-promise-ex-infosys-cfo-mohandas-pai-questions-government-over-vande-bharat-promises,2024-10-06T14:58:00+05:30,2024-10-06T15:45:00+05:30,20241006101500,2024-10-07,publisher_published_at,20241006101500-519,Direct headline match with company alias,,,
95f436933330ed2edb2d6607fe99ad76e357d5a9,INFY.NS,Infosys,Investec Lowers Infosys (NYSE:INFY) to Sell,theenterpriseleader.com,https://theenterpriseleader.com/2024/10/06/investec-lowers-infosys-nyseinfy-to-sell.html,,2024-10-06T16:15:00+05:30,20241006104500,2024-10-07,gdelt_gkg_observation,20241006104500-481,Direct headline match with company alias,,,
e049fe0f732b78af074ee36f63a50e0d16b1f18d,INFY.NS,Infosys,"Chartist talks: Ashish Kyal sees bullish momentum in Sakthi Sugars, Infosys resuming upward trend soon after current volatility",moneycontrol.com,https://www.moneycontrol.com/news/business/markets/chartist-talks-ashish-kyal-sees-bullish-momentum-in-sakthi-sugars-infosys-resuming-upward-trend-soon-after-current-volatility-12836606.html,,2024-10-07T10:00:00+05:30,20241007043000,2024-10-07,gdelt_gkg_observation,20241007043000-125,Direct headline match with company alias,,,
1b91d49e4916d613dafb2c9852b5fadba6e70d34,INFY.NS,Infosys,"TCS, Infosys, Wipro, HCL Technologies: Which IT stock to buy ahead of Q2 result season?",businesstoday.in,https://www.businesstoday.in/markets/stock-picks/story/tcs-infosys-wipro-hcl-technologies-which-it-stock-to-buy-ahead-of-q2-result-season-449024-2024-10-07,,2024-10-07T15:30:00+05:30,20241007100000,2024-10-08,gdelt_gkg_observation,20241007100000-1031,Direct headline match with company alias,,,
02bf16bdc3e4f8ae9591c3754e97debbbdc34cbd,INFY.NS,Infosys,"Goals unmet, Infosys tight-lipped about future of campus – Inside INdiana Business",insideindianabusiness.com,https://www.insideindianabusiness.com/articles/goals-unmet-infosys-tight-lipped-about-future-of-campus,2024-10-08T01:26:00+05:30,2024-10-08T02:45:00+05:30,20241007211500,2024-10-08,publisher_published_at,20241007211500-1948,Direct headline match with company alias,,,
bb421ee60408c1a734e6165d611c6ca12bb4426a,INFY.NS,Infosys,Infosys: Fraud check: Infosys candidates need to check system for info,indiatimes.com,https://economictimes.indiatimes.com/tech/information-tech/fraud-check-infosys-candidates-need-to-check-system-for-info/articleshow/114023197.cms,,2024-10-08T06:30:00+05:30,20241008010000,2024-10-08,gdelt_gkg_observation,20241008010000-526,Direct headline match with company alias,,,
dd170c4102b622e4a40a7350b091ffc5778e433b,INFY.NS,Infosys,Infosys updates hiring process; govt pulls up Ola Electric,indiatimes.com,https://economictimes.indiatimes.com/tech/newsletters/morning-dispatch/infosys-updates-hiring-process-govt-pulls-up-ola-electric/articleshow/114028655.cms,,2024-10-08T07:30:00+05:30,20241008020000,2024-10-08,gdelt_gkg_observation,20241008020000-782,Direct headline match with company alias,,,
ca644cc9a507f51a652efd295007d931b3a56942,INFY.NS,Infosys,"Trade Spotlight: How should you trade HDFC Bank, Infosys, eMudhra, RR Kabel, Vedanta and others on Tuesday?",moneycontrol.com,https://www.moneycontrol.com/news/business/markets/trade-spotlight-how-should-you-trade-hdfc-bank-infosys-emudhra-rr-kabel-vedanta-and-others-on-tuesday-12837559.html,,2024-10-08T08:45:00+05:30,20241008031500,2024-10-08,gdelt_gkg_observation,20241008031500-995,Direct headline match with company alias,,,
5edd1529d1695da87a10515fc541a1001311dfc2,INFY.NS,Infosys,"Stocks to buy or sell today: Infosys, Tata Motors among top 7 trading ideas for October 8, 2024",indiatimes.com,https://economictimes.indiatimes.com/markets/stocks/news/stocks-to-buy-or-sell-today-infosys-tata-motors-among-top-7-trading-ideas-for-october-8-2024/articleshow/114030792.cms,,2024-10-08T09:30:00+05:30,20241008040000,2024-10-08,gdelt_gkg_observation,20241008040000-739,Direct headline match with company alias,,,
0e32da41b05aef0bf4aeb70baaff1211b15c3831,INFY.NS,Infosys,"Shares to buy or sell: Ruchit Jain of 5paisa recommends Infosys, and KPIT Technologies today",livemint.com,https://www.livemint.com/market/stock-market-news/shares-to-buy-or-sell-ruchit-jain-of-5paisa-recommends-infosys-and-kpit-technologies-today-11728358788312.html,,2024-10-08T10:45:00+05:30,20241008051500,2024-10-08,gdelt_gkg_observation,20241008051500-675,Direct headline match with company alias,,,
a5fd3b9b0b6307ba37afd73dbaae0cbefe8f754b,INFY.NS,Infosys,"Top Stocks For October 8: Infosys, Tata Motors, Force Motors & Others In Focus",freepressjournal.in,https://www.freepressjournal.in/business/top-stocks-for-october-8-infosys-tata-motors-force-motors-others-in-focus,2024-10-08T09:04:00+05:30,2024-10-08T11:00:00+05:30,20241008053000,2024-10-08,publisher_published_at,20241008053000-592,Direct headline match with company alias,,,
46ac68887147670be47e00c84710c48a096cd4ea,INFY.NS,Infosys,"Fraud check: Infosys candidates need to check system for info, ET Telecom",indiatimes.com,https://telecom.economictimes.indiatimes.com/news/enterprise-services/fraud-check-infosys-candidates-need-to-check-system-for-info/114029089,,2024-10-08T11:15:00+05:30,20241008054500,2024-10-08,gdelt_gkg_observation,20241008054500-184,Direct headline match with company alias,,,
18957a55a390b4e2c6443cebf230db4de47fcec8,INFY.NS,Infosys,Fraud check: Infosys candidates need to check system for info,pragativadi.com,https://pragativadi.com/fraud-check-infosys-candidates-need-to-check-system-for-info,2024-10-08T11:45:00+05:30,2024-10-08T13:00:00+05:30,20241008073000,2024-10-08,publisher_published_at,20241008073000-182,Direct headline match with company alias,,,
8474636b4ede2a2a0d9deb89057a737bd79cb98c,INFY.NS,Infosys,Infosys and Handelsblatt Research Institute Launch the First AI-Powered Trend Report to Drive Innovative Storytelling,finanznachrichten.de,https://www.finanznachrichten.de/nachrichten-2024-10/63464855-infosys-and-handelsblatt-research-institute-launch-the-first-ai-powered-trend-report-to-drive-innovative-storytelling-008.htm,2024-10-08T15:00:00+05:30,2024-10-08T13:30:00+05:30,20241008080000,2024-10-08,publisher_published_at,20241008080000-534,Direct headline match with company alias,,,
6c065a955e82b0c7ecb4edace0e9e337a49e980d,INFY.NS,Infosys,Infosys and Handelsblatt Research Institute Launch the First AI-Powered Trend Report to Drive Innovative Storytelling,tmcnet.com,https://www.tmcnet.com/usubmit/2024/10/08/10084817.htm,,2024-10-08T13:30:00+05:30,20241008080000,2024-10-08,gdelt_gkg_observation,20241008080000-1118,Direct headline match with company alias,,,
3801e1b990ee1cb03766567d5fa624c623429c99,INFY.NS,Infosys,Infosys and Handelsblatt Research Institute Launch the First AI-Powered Trend Report to Drive Innovative Storytelling,itnewsonline.com,https://www.itnewsonline.com/PRNewswire/Infosys-and-Handelsblatt-Research-Institute-Launch-the-First-AI-Powered-Trend-Report-to-Drive-Innovative-Storytelling/1014436,,2024-10-08T13:45:00+05:30,20241008081500,2024-10-08,gdelt_gkg_observation,20241008081500-447,Direct headline match with company alias,,,
447baa8ee71ceefe5b77a66d94fe893c7f08d631,INFY.NS,Infosys,Infosys and Handelsblatt Research Institute Launch the First AI-Powered Trend Report to Drive Innovative Storytelling,europapress.es,https://www.europapress.es/comunicados/internacional-00907/noticia-comunicado-infosys-and-handelsblatt-research-institute-launch-the-first-ai-powered-trend-report-to-drive-innovative-storytelling-20241008092436.html,2024-10-08T12:54:00+05:30,2024-10-08T14:00:00+05:30,20241008083000,2024-10-08,publisher_published_at,20241008083000-713,Direct headline match with company alias,,,
a4a5c4b536f0821e709e00292dd2bbd299bc6a3e,INFY.NS,Infosys,Infosys and Handelsblatt Research Institute Launch the First AI-Powered Trend Report to Drive Innovative Storytelling,prnewswire.com,https://www.prnewswire.com/news-releases/infosys-and-handelsblatt-research-institute-launch-the-first-ai-powered-trend-report-to-drive-innovative-storytelling-302269755.html,,2024-10-08T14:45:00+05:30,20241008091500,2024-10-08,gdelt_gkg_observation,20241008091500-486,Direct headline match with company alias,,,
c6b791f10ec068f0bc71127a5bfd3d2d811bd639,INFY.NS,Infosys,Infosys and Handelsblatt Research Institute Launch the First AI-Powered Trend Report to Drive Innovative Storytelling,prnewswire.com,https://www.prnewswire.com/news-releases/infosys-and-handelsblatt-research-institute-launch-the-first-ai-powered-trend-report-to-drive-innovative-storytelling-302269751.html,,2024-10-08T14:45:00+05:30,20241008091500,2024-10-08,gdelt_gkg_observation,20241008091500-997,Direct headline match with company alias,,,
fd896dab0ec8d7e76c59463edfb0df917e3b2861,INFY.NS,Infosys,"TCS, Infy, HCL Tech: Should you buy or sell IT stocks ahead of Q2 results?",business-standard.com,https://www.business-standard.com/markets/news/tcs-infy-hcl-tech-should-you-buy-or-sell-it-stocks-ahead-of-q2-results-124100800410_1.html,,2024-10-08T14:45:00+05:30,20241008091500,2024-10-08,gdelt_gkg_observation,20241008091500-574,Direct headline match with company alias,,,
e4dc10a8012c5313cdca5cd59c90bc57f903e833,INFY.NS,Infosys,Infosys and Handelsblatt Research Institute Launch the First AI-Powered Trend Report to Drive Innovative Storytelling,bubblear.com,https://bubblear.com/infosys-and-handelsblatt-research-institute-launch-the-first-ai-powered-trend-report-to-drive-innovative-storytelling/12830,2024-10-08T12:52:00+05:30,2024-10-08T16:15:00+05:30,20241008104500,2024-10-09,publisher_published_at,20241008104500-337,Direct headline match with company alias,,,
7af46fc00a197bb8062efcea27e4aabf14dee8a4,INFY.NS,Infosys,Beware of recruitment fraud! Why Infosys is discontinuing issuing job offer letters to new recruits through emails,indiatimes.com,https://timesofindia.indiatimes.com/business/india-business/beware-of-recruitment-fraud-why-infosys-has-discontinuing-issuing-job-offer-letters-to-new-recruits-through-emails/articleshow/114038360.cms,,2024-10-08T18:00:00+05:30,20241008123000,2024-10-09,gdelt_gkg_observation,20241008123000-186,Direct headline match with company alias,,,
09d3a13e42efc13735968a8e23a6f1283fedab79,INFY.NS,Infosys,Infosys and Handelsblatt Research Institute Launch the First AI-Powered Trend Report to Drive Innovative Storytelling,laragione.eu,https://laragione.eu/adnkronos/comunicati/infosys-and-handelsblatt-research-institute-launch-the-first-ai-powered-trend-report-to-drive-innovative-storytelling,2024-10-08T13:27:00+05:30,2024-10-08T18:15:00+05:30,20241008124500,2024-10-09,publisher_published_at,20241008124500-611,Direct headline match with company alias,,,
bd6b36ca243e3df0e98126e6884c143102c34170,INFY.NS,Infosys,"IT campus hiring: IT campus hiring to soar 25% this fiscal led by TCS, Infosys & Wipro",indiatimes.com,https://economictimes.indiatimes.com/tech/information-tech/it-campus-hiring-to-soar-25-this-fiscal-led-by-tcs-infosys-wipro/articleshow/114052356.cms,,2024-10-08T20:15:00+05:30,20241008144500,2024-10-09,gdelt_gkg_observation,20241008144500-274,Direct headline match with company alias,,,
e79ff701eee34487a69cb43ca6ebbda8a2206163,INFY.NS,Infosys,Infosys and Old National Bank expand strategic partnership - The Hindu BusinessLine,thehindubusinessline.com,https://www.thehindubusinessline.com/info-tech/infosys-and-old-national-bank-expand-strategic-partnership/article68732702.ece,2024-10-08T20:16:00+05:30,2024-10-08T21:00:00+05:30,20241008153000,2024-10-09,publisher_published_at,20241008153000-1697,Direct headline match with company alias,,,
16062195d99486dccdedb640fa8fe095ca4721c4,INFY.NS,Infosys,Old National Bank selects Infosys - InfotechLead,infotechlead.com,https://infotechlead.com/software/old-national-bank-selects-infosys-87050,2024-10-08T20:07:00+05:30,2024-10-08T21:45:00+05:30,20241008161500,2024-10-09,publisher_published_at,20241008161500-1952,Direct headline match with company alias,,,
b877d27724ac3f4758ed7bc6952008e37314c924,INFY.NS,Infosys,"Infosys expands pact with Old National Bank to accelerate its operational, technological transformation",moneycontrol.com,https://www.moneycontrol.com/technology/infosys-expands-pact-with-old-national-bank-to-accelerate-its-operational-technological-transformation-article-12838285.html,,2024-10-08T22:30:00+05:30,20241008170000,2024-10-09,gdelt_gkg_observation,20241008170000-442,Direct headline match with company alias,,,
9f399fd34f63417cb40c336909c5f40ebf2eca61,INFY.NS,Infosys,Infosys expands collaboration with Old National Bank for digital transformation,financialexpress.com,https://www.financialexpress.com/business/banking-finance-infosys-expands-collaboration-with-old-national-bank-for-digital-transformation-3634800,2024-10-09T01:45:00+05:30,2024-10-09T03:45:00+05:30,20241008221500,2024-10-09,publisher_published_at,20241008221500-347,Direct headline match with company alias,,,
e6870275abd79c9691281583e584475494b2dcff,INFY.NS,Infosys,"After Cognizant, Tech Mahindra goes after former Infosys top talent",livemint.com,https://www.livemint.com/companies/infosys-cognizant-tech-mahindra-executives-mohit-joshi-salil-parekh-leadership-revenue-it-services-wipro-clients-11728380033811.html,2024-10-09T05:30:00+05:30,2024-10-09T06:30:00+05:30,20241009010000,2024-10-09,publisher_published_at,20241009010000-1005,Direct headline match with company alias,,,
bc982a3f4dccc66ebc2f58a899603ee70f515b9f,INFY.NS,Infosys,"Stocks in news: Stocks in news: Adani Green, Infosys, Torrent Power, Dr Reddy's, JSW Infra",indiatimes.com,https://economictimes.indiatimes.com/markets/stocks/news/stocks-in-news-adani-green-infosys-torrent-power-dr-reddys-jsw-infra/articleshow/114061889.cms,,2024-10-09T07:00:00+05:30,20241009013000,2024-10-09,gdelt_gkg_observation,20241009013000-556,Direct headline match with company alias,,,
e4018ec27d497aee4a302725681478139dc1bda1,INFY.NS,Infosys,"Stocks in news: Infosys, DRL, Torrent Power, Airtel, IRB Infra, PB Fintech, IRFC, JSW Infra & SKF India",businesstoday.in,https://www.businesstoday.in/markets/story/stocks-in-news-infosys-drl-torrent-power-airtel-irb-infra-pb-fintech-irfc-jsw-infra-skf-india-449282-2024-10-09,,2024-10-09T08:45:00+05:30,20241009031500,2024-10-09,gdelt_gkg_observation,20241009031500-14,Direct headline match with company alias,,,
6ed2a66b9ddb58651f7b270a2f2e022a78eccc54,INFY.NS,Infosys,"Stocks To Watch: Tata Technologies, Vodafone Idea, Infosys, Godrej Consumer Products, Sheela Foam",financialexpress.com,https://www.financialexpress.com/market/stocks-to-watch-tata-technologies-vodafone-idea-infosys-godrej-consumer-products-sheela-foam-torrent-power-nuvama-wealth-management-irfc-skf-india-3634867,2024-10-09T06:48:00+05:30,2024-10-09T09:30:00+05:30,20241009040000,2024-10-09,publisher_published_at,20241009040000-331,Direct headline match with company alias,,,
b686ae7658061c5f9ecfc6268ea91a88dc53a3d6,INFY.NS,Infosys,"IT campus hiring to soar 25% this fiscal led by TCS, Infosys & Wipro, ET Telecom",indiatimes.com,https://telecom.economictimes.indiatimes.com/news/enterprise-services/it-campus-hiring-to-soar-25-this-fiscal-led-by-tcs-infosys-wipro/114065127,,2024-10-09T10:30:00+05:30,20241009050000,2024-10-09,gdelt_gkg_observation,20241009050000-1066,Direct headline match with company alias,,,
064d2208b4b55e34e14bea405efcc48bf45a119d,INFY.NS,Infosys,"Stock Alert: Phoenix Mills, Signature Global, Infosys, Dr reddys Lab, IRFC",business-standard.com,https://www.business-standard.com/markets/capital-market-news/stock-alert-phoenix-mills-signature-global-infosys-dr-reddys-lab-irfc-124100900116_1.html,,2024-10-09T11:30:00+05:30,20241009060000,2024-10-09,gdelt_gkg_observation,20241009060000-1163,Direct headline match with company alias,,,
3e39970ba16808830510d40f897d4d6bd3d02805,INFY.NS,Infosys,Infosys and Microsoft Expand Strategic Collaboration to Accelerate Customer Adoption of The Microsoft Cloud and Generative AI,prnewswire.com,https://www.prnewswire.com/news-releases/infosys-and-microsoft-expand-strategic-collaboration-to-accelerate-customer-adoption-of-the-microsoft-cloud-and-generative-ai-302271400.html,,2024-10-09T16:00:00+05:30,20241009103000,2024-10-10,gdelt_gkg_observation,20241009103000-294,Direct headline match with company alias,,,
202c5ef6b6798047b506bf79b60ef541d980747c,INFY.NS,Infosys,Infosys and Microsoft Expand Strategic Collaboration to Accelerate Customer Adoption of The Microsoft Cloud and Generative AI,finanznachrichten.de,https://www.finanznachrichten.de/nachrichten-2024-10/63478846-infosys-and-microsoft-expand-strategic-collaboration-to-accelerate-customer-adoption-of-the-microsoft-cloud-and-generative-ai-008.htm,2024-10-09T17:48:00+05:30,2024-10-09T16:15:00+05:30,20241009104500,2024-10-10,publisher_published_at,20241009104500-602,Direct headline match with company alias,,,
fad74df6e52c95986fc5436e615377829ad584a6,INFY.NS,Infosys,"Hiring at engineering colleges to jump 25%: TCS, Infosys and these IT companies to lead",indiatimes.com,https://timesofindia.indiatimes.com/technology/tech-news/hiring-at-engineering-colleges-to-jump-25-tcs-infosys-and-these-it-companies-to-lead/articleshow/114073437.cms,,2024-10-09T16:15:00+05:30,20241009104500,2024-10-10,gdelt_gkg_observation,20241009104500-1152,Direct headline match with company alias,,,
1ed81b858e037b399920a517674e059acc4a0a69,INFY.NS,Infosys,Infosys and Microsoft Expand Strategic Collaboration to Accelerate Customer Adoption of The Microsoft Cloud and Generative AI,bubblear.com,https://bubblear.com/infosys-and-microsoft-expand-strategic-collaboration-to-accelerate-customer-adoption-of-the-microsoft-cloud-and-generative-ai/13053,2024-10-09T15:42:00+05:30,2024-10-09T16:30:00+05:30,20241009110000,2024-10-10,publisher_published_at,20241009110000-913,Direct headline match with company alias,,,
4131e242cbd2e28abd0e9fca6b435e70a4af7651,INFY.NS,Infosys,Infosys and Microsoft Expand Strategic Collaboration to Accelerate Customer Adoption of The Microsoft Cloud and Generative AI,theweek.in,https://www.theweek.in/wire-updates/business/2024/10/09/dcm51-infosys.html,,2024-10-09T16:45:00+05:30,20241009111500,2024-10-10,gdelt_gkg_observation,20241009111500-1438,Direct headline match with company alias,,,
f4c1cafec5f107b1c98f457bc7729341b15209f2,INFY.NS,Infosys,Infosys and Microsoft Expand Strategic Collaboration to Accelerate Customer Adoption of The Microsoft Cloud and Generative AI,tmcnet.com,https://www.tmcnet.com/usubmit/2024/10/09/10085912.htm,,2024-10-09T16:45:00+05:30,20241009111500,2024-10-10,gdelt_gkg_observation,20241009111500-524,Direct headline match with company alias,,,
0d5f9436124f16e1faac3cef86a0440be6cf3836,INFY.NS,Infosys,Infosys and Microsoft Expand Strategic Collaboration to Accelerate Customer Adoption of The Microsoft Cloud and Generati,europapress.es,https://www.europapress.es/comunicados/internacional-00907/noticia-comunicado-infosys-and-microsoft-expand-strategic-collaboration-to-accelerate-customer-adoption-of-the-microsoft-cloud-and-generati-20241009121728.html,2024-10-09T15:47:00+05:30,2024-10-09T16:45:00+05:30,20241009111500,2024-10-10,publisher_published_at,20241009111500-1434,Direct headline match with company alias,,,
a90536e184ad61acf1c0ac056c13e54ed2a1cb31,INFY.NS,Infosys,"Infosys, Microsoft Expand Collaboration To Help Boost GenAI Adoption Globally",india.com,https://zeenews.india.com/technology/infosys-microsoft-expand-collaboration-to-help-boost-genai-adoption-globally-2804839.html,,2024-10-09T17:00:00+05:30,20241009113000,2024-10-10,gdelt_gkg_observation,20241009113000-571,Direct headline match with company alias,,,
512a1d613d0bff6eee5a7b464390bad9853b19c6,INFY.NS,Infosys,"Infosys, Microsoft expand collaboration to help boost GenAI adoption globally",prokerala.com,https://www.prokerala.com/news/articles/a1571093.html,,2024-10-09T17:45:00+05:30,20241009121500,2024-10-10,gdelt_gkg_observation,20241009121500-705,Direct headline match with company alias,,,
3a50d08caab38e82a3948911ca141342ec41b01e,INFY.NS,Infosys,Börse Express - Infosys and Microsoft Expand Strategic Collaboration to Accelerate Customer Adoption of The Microsoft Cloud and Generative AI,boerse-express.com,https://www.boerse-express.com/news/articles/infosys-and-microsoft-expand-strategic-collaboration-to-accelerate-customer-adoption-of-the-microsoft-cloud-and-generative-ai-666523,,2024-10-09T17:45:00+05:30,20241009121500,2024-10-10,gdelt_gkg_observation,20241009121500-1985,Direct headline match with company alias,,,
7636175db15901cd93f02276a530ea180c6273a0,INFY.NS,Infosys,इंफोसिस और माइक्रोसॉफ्ट ने जनरेटिव एआई को वैश्विक स्तर पर अपनाने के लिए सहयोग का हाथ बढ़ाया,khaskhabar.com,https://www.business.khaskhabar.com/daily-news.php/infosys-and-microsoft-extend-collaboration-to-accelerate-global-adoption-of-generative-ai-675288-BKN.html,,2024-10-09T17:45:00+05:30,20241009121500,2024-10-10,gdelt_gkg_observation,20241009121500-T1088,Direct headline match with company alias,,,
fb4d2d67b4ba92fd2f34693aa2bd4121c0e3197d,INFY.NS,Infosys,"Infosys expands partnership with Microsoft to boost Cloud, GenAI adoption",business-standard.com,https://www.business-standard.com/technology/tech-news/infosys-expands-partnership-with-microsoft-to-boost-cloud-genai-adoption-124100900775_1.html,,2024-10-09T18:15:00+05:30,20241009124500,2024-10-10,gdelt_gkg_observation,20241009124500-1529,Direct headline match with company alias,,,
03fbff9e6f83b1ff805131849769bda1a3c0b91e,INFY.NS,Infosys,Infosys and Microsoft Expand Strategic Collaboration to Accelerate Customer Adoption of The Microsoft Cloud and Generative AI,aninews.in,https://aninews.in/news/business/infosys-and-microsoft-expand-strategic-collaboration-to-accelerate-customer-adoption-of-the-microsoft-cloud-and-generative-ai20241009180156,,2024-10-09T18:30:00+05:30,20241009130000,2024-10-10,gdelt_gkg_observation,20241009130000-803,Direct headline match with company alias,,,
b1a5abf3bdc61f291c2d644865006cec903bd529,INFY.NS,Infosys,Infosys and Microsoft Expand Strategic Collaboration to Accelerate Customer Adoption of The Microsoft Cloud and Generative AI - So-Co-IT,so-co-it.com,https://www.so-co-it.com/post/712548/infosys-and-microsoft-expand-strategic-collaboration-to-accelerate-customer-adoption-of-the-microsoft-cloud-and-generative-ai.html,2024-10-09T17:46:00+05:30,2024-10-09T18:45:00+05:30,20241009131500,2024-10-10,publisher_published_at,20241009131500-1611,Direct headline match with company alias,,,
80dafae677bd5a3663b939bc40dd377dae430b4c,INFY.NS,Infosys,Infosys and Microsoft Expand Strategic Collaboration to Accelerate Customer Adoption of The Microsoft Cloud and Generative AI,sina.com.hk,https://portal.sina.com.hk/finance/finance-prnewswire/prnasia/2024/10/09/1001250/infosys-and-microsoft-expand-strategic-collaboration-to-accelerate-customer-adoption-of-the-microsoft-cloud-and-generative-ai,2024-10-09T17:45:00+05:30,2024-10-09T19:15:00+05:30,20241009134500,2024-10-10,publisher_published_at,20241009134500-1312,Direct headline match with company alias,,,
01320cd9955335337a2126ab5763833119b3a079,INFY.NS,Infosys,Infosys and Microsoft Expand Strategic Collaboration to Accelerate Customer Adoption of The Microsoft Cloud and Generative AI,webindia123.com,https://news.webindia123.com/news/Articles/Business/20241009/4244035.html,,2024-10-09T19:15:00+05:30,20241009134500,2024-10-10,gdelt_gkg_observation,20241009134500-402,Direct headline match with company alias,,,
8dce8c1692d5c55c79df7482367849437d6e9a6e,INFY.NS,Infosys,Infosys and Microsoft Expand Strategic Collaboration to Accelerate Customer Adoption of The Microsoft Cloud and Generative AI,ots.at,https://www.ots.at/presseaussendung/OTE_20241009_OTE0001/infosys-and-microsoft-expand-strategic-collaboration-to-accelerate-customer-adoption-of-the-microsoft-cloud-and-generative-ai,2024-10-09T15:47:00+05:30,2024-10-09T19:30:00+05:30,20241009140000,2024-10-10,publisher_published_at,20241009140000-654,Direct headline match with company alias,,,
38bfc38240bd1c8bef48364b465022bf216f99fd,INFY.NS,Infosys,Infosys and Microsoft Expand AI Partnership to Drive Global Innovation,devdiscourse.com,https://www.devdiscourse.com/article/technology/3116118-infosys-and-microsoft-expand-ai-partnership-to-drive-global-innovation,2024-10-09T16:53:00+05:30,2024-10-09T19:30:00+05:30,20241009140000,2024-10-10,publisher_published_at,20241009140000-1293,Direct headline match with company alias,,,
c77701ae316f92b29136a0a8c9e45895e1ca5c7f,INFY.NS,Infosys,"Infosys, Microsoft expand collaboration to help boost GenAI adoption globally, ET Telecom",indiatimes.com,https://telecom.economictimes.indiatimes.com/news/enterprise-services/infosys-microsoft-expand-collaboration-to-help-boost-genai-adoption-globally/114080997,,2024-10-09T19:45:00+05:30,20241009141500,2024-10-10,gdelt_gkg_observation,20241009141500-228,Direct headline match with company alias,,,
3827290af173155accf7fb8020e6dcd47f1ea9db,INFY.NS,Infosys,इंफोसिस और माइक्रोसॉफ्ट ने जनरेटिव एआई को वैश्विक स्तर पर अपनाने के लिए सहयोग का हाथ बढ़ाया,khaskhabar.com,https://www.business.khaskhabar.com/business-news/infosys-and-microsoft-extend-collaboration-to-accelerate-global-adoption-of-generative-ai-675288-BKN.html,,2024-10-09T20:30:00+05:30,20241009150000,2024-10-10,gdelt_gkg_observation,20241009150000-T407,Direct headline match with company alias,,,
0337d86cb37613fa47e2c42fb55ade6cd7a22f20,INFY.NS,Infosys,"Infosys, Microsoft expand collaboration to help boost GenAI adoption globally",indianewengland.com,https://indianewengland.com/infosys-microsoft-expand-collaboration-to-help-boost-genai-adoption-globally,2024-10-09T19:48:00+05:30,2024-10-09T20:30:00+05:30,20241009150000,2024-10-10,publisher_published_at,20241009150000-199,Direct headline match with company alias,,,
bc90ff1a9e072dc9d94b21e5838c1450d423c500,INFY.NS,Infosys,"Infosys, Microsoft expand collaboration to help boost GenAI adoption globally",newkerala.com,https://www.newkerala.com/news/2024/63592.htm,,2024-10-09T20:45:00+05:30,20241009151500,2024-10-10,gdelt_gkg_observation,20241009151500-303,Direct headline match with company alias,,,
c16250ebf9e9c555293b9ff75288cb0e488441ef,INFY.NS,Infosys,Infosys and Microsoft Expand Strategic Collaboration to Accelerate Customer Adoption of The Microsoft Cloud and Generative AI,srilankasource.com,https://www.srilankasource.com/news/274688599/infosys-and-microsoft-expand-strategic-collaboration-to-accelerate-customer-adoption-of-the-microsoft-cloud-and-generative-ai,,2024-10-09T21:15:00+05:30,20241009154500,2024-10-10,gdelt_gkg_observation,20241009154500-1581,Direct headline match with company alias,,,
8d77caebb6cb35855b674f4be71ffff55d12a778,INFY.NS,Infosys,Infosys Limited (NYSE:INFY) is Genesis Investment Management LLP's 7th Largest Position,biztoc.com,https://biztoc.com/x/99a5f9d03214047c,2024-10-09T20:03:00+05:30,2024-10-09T21:30:00+05:30,20241009160000,2024-10-10,publisher_published_at,20241009160000-834,Direct headline match with company alias,,,
02705be3f68e1ae5a78a5b3c9881afe9ea70c4f2,INFY.NS,Infosys,"Chiratae Ventures Honors Adobe CEO Shantanu Narayen, Infosys Founder Narayana Murthy, and Postman CEO and Founder Abhinav Asthana with the Patrick J. McGovern Awards",tmcnet.com,https://www.tmcnet.com/usubmit/2024/10/09/10086436.htm,,2024-10-09T22:30:00+05:30,20241009170000,2024-10-10,gdelt_gkg_observation,20241009170000-1509,Direct headline match with company alias,,,
9813e9025c967e8337492d75fd05e25e0f770642,INFY.NS,Infosys,Infosys and Microsoft expand collaboration to drive customer adoption of GenAI and Azure,thehindubusinessline.com,https://www.thehindubusinessline.com/info-tech/infosys-and-microsoft-expand-collaboration-to-drive-customer-adoption-of-genai-and-azure/article68736792.ece,2024-10-09T20:37:00+05:30,2024-10-09T23:45:00+05:30,20241009181500,2024-10-10,publisher_published_at,20241009181500-659,Direct headline match with company alias,,,
9e6f7a9d5fdb97bafa23d720cfa7459d847f1d07,INFY.NS,Infosys,"Chiratae Ventures Honors Adobe CEO Shantanu Narayen, Infosys Founder Narayana Murthy, and Postman CEO and Founder Abhinav Asthana with the Patrick J. McGovern Awards",venturebeat.com,https://venturebeat.com/business/chiratae-ventures-honors-adobe-ceo-shantanu-narayen-infosys-founder-narayana-murthy-and-postman-ceo-and-founder-abhinav-asthana-with-the-patrick-j-mcgovern-awards,,2024-10-10T01:15:00+05:30,20241009194500,2024-10-10,gdelt_gkg_observation,20241009194500-898,Direct headline match with company alias,,,
92573d7c0da5b83a84386a6c66f5317a5c124c51,INFY.NS,Infosys,"Infosys, Microsoft strengthen ties to boost global GenAI adoption",ibcworldnews.com,https://ibcworldnews.com?p=161452,2024-10-10T00:36:00+05:30,2024-10-10T03:45:00+05:30,20241009221500,2024-10-10,publisher_published_at,20241009221500-1708,Direct headline match with company alias,,,
b0cece49b30450044cc5f36c51d88ae4d65e2bf3,INFY.NS,Infosys,"Infosys: Stock Radar: Infosys Q2 results eyed! Stock could hit a fresh record high above Rs 2,000 levels; time to buy?",indiatimes.com,https://economictimes.indiatimes.com/markets/stocks/news/stock-radar-infosys-q2-results-eyed-stock-could-hit-a-fresh-record-high-above-rs-2000-levels-time-to-buy/articleshow/114075454.cms,,2024-10-10T05:45:00+05:30,20241010001500,2024-10-10,gdelt_gkg_observation,20241010001500-418,Direct headline match with company alias,,,
f5043db0ebf19f83515d5c6cead0cd2003b368fc,INFY.NS,Infosys,Infosys expands partnership with Microsoft for AI growth,itbrief.co.nz,https://itbrief.co.nz/story/infosys-expands-partnership-with-microsoft-for-ai-growth,,2024-10-10T07:30:00+05:30,20241010020000,2024-10-10,gdelt_gkg_observation,20241010020000-250,Direct headline match with company alias,,,
dadb1e32c4d73fb28753ed7034342914a1caaab7,INFY.NS,Infosys,"Infosys shares in spotlight after expanding partnership with Microsoft to boost Microsoft Cloud, GenAI adoption",indiatimes.com,https://economictimes.indiatimes.com/markets/stocks/news/infosys-shares-in-spotlight-after-expanding-partnership-with-microsoft-to-boost-microsoft-cloud-genai-adoption/articleshow/114104500.cms,,2024-10-10T10:00:00+05:30,20241010043000,2024-10-10,gdelt_gkg_observation,20241010043000-20,Direct headline match with company alias,,,
6ed77341ac95b8b963ec15cc399775ac5f772365,INFY.NS,Infosys,"IT stocks surge up to 26% in 3 months; Infosys, Coforge among top brokerage bets",indiatimes.com,https://economictimes.indiatimes.com/markets/stocks/news/it-stocks-surge-up-to-26-in-3-months-infosys-coforge-among-top-brokerage-bets/articleshow/114107064.cms,,2024-10-10T11:30:00+05:30,20241010060000,2024-10-10,gdelt_gkg_observation,20241010060000-253,Direct headline match with company alias,,,
b76fdce130fed2547957424dd78927fe9f40cbb2,INFY.NS,Infosys,"Infosys Share Price Today on : Infosys share are down by -0.5%, Nifty up by 0.24%",livemint.com,https://www.livemint.com/market/infosys-share-price-today-latest-on-10102024-11728538725349.html,,2024-10-10T11:30:00+05:30,20241010060000,2024-10-10,gdelt_gkg_observation,20241010060000-74,Direct headline match with company alias,,,
dbf327faebe46e381751bf7d92f6f27d7d2f0872,INFY.NS,Infosys,Ratan Tata was role model for me in value-based leadership: Infosys co-founder Narayana Murthy,udayavani.com,https://www.udayavani.com/english-news/ratan-tata-was-role-model-for-me-in-value-based-leadership-infosys-co-founder-narayana-murthy,,2024-10-10T13:45:00+05:30,20241010081500,2024-10-10,gdelt_gkg_observation,20241010081500-20,Direct headline match with company alias,,,
5c17aa3703283269399a6f8a0c97dd054d7796ef,INFY.NS,Infosys,Infosys Limited (NYSE:INFY) Shares Sold by Thrivent Financial for Lutherans,biztoc.com,https://biztoc.com/x/b871512f8b161608,2024-10-10T12:47:00+05:30,2024-10-10T14:00:00+05:30,20241010083000,2024-10-10,publisher_published_at,20241010083000-29,Direct headline match with company alias,,,
64e9ae523199e3583057f17d1ddd4af58af9bad0,INFY.NS,Infosys,When Ratan Tata asked Narayana Murthy: 'TCS is your rival. Why you invited me to Infosys event',indiatimes.com,https://economictimes.indiatimes.com/magazines/panache/when-ratan-tata-asked-narayana-murthy-tcs-is-your-rival-why-you-invited-me-to-infosys-event/articleshow/114110536.cms,,2024-10-10T14:15:00+05:30,20241010084500,2024-10-10,gdelt_gkg_observation,20241010084500-934,Direct headline match with company alias,,,
b437e574fad435bd88c288e831b8381b8233d345,INFY.NS,Infosys,Infosys and zooplus Collaborate to Drive Digital Transformation and Enhance E-Commerce Capabilities,finanznachrichten.de,https://www.finanznachrichten.de/nachrichten-2024-10/63491349-infosys-and-zooplus-collaborate-to-drive-digital-transformation-and-enhance-e-commerce-capabilities-008.htm,2024-10-10T17:48:00+05:30,2024-10-10T16:15:00+05:30,20241010104500,2024-10-11,publisher_published_at,20241010104500-1007,Direct headline match with company alias,,,
d202f53087f2eaceb2a750e29e931f46a28d43f6,INFY.NS,Infosys,Infosys and zooplus Collaborate to Drive Digital Transformation and Enhance E-Commerce Capabilities,prnewswire.com,https://www.prnewswire.com/news-releases/infosys-and-zooplus-collaborate-to-drive-digital-transformation-and-enhance-e-commerce-capabilities-302272810.html,,2024-10-10T16:15:00+05:30,20241010104500,2024-10-11,gdelt_gkg_observation,20241010104500-657,Direct headline match with company alias,,,
dc94d698bbbcdf7b4967fadfd2cb955955453558,INFY.NS,Infosys,Infosys and zooplus Collaborate to Drive Digital Transformation and Enhance E-Commerce Capabilities,prnewswire.com,https://www.prnewswire.com/news-releases/infosys-and-zooplus-collaborate-to-drive-digital-transformation-and-enhance-e-commerce-capabilities-302272807.html,,2024-10-10T16:15:00+05:30,20241010104500,2024-10-11,gdelt_gkg_observation,20241010104500-1023,Direct headline match with company alias,,,
4749ff01e18a85acd1464ff36b96589dae7fd6e1,INFY.NS,Infosys,Infosys and zooplus Collaborate to Drive Digital Transformation and Enhance E-Commerce Capabilities,tmcnet.com,https://www.tmcnet.com/usubmit/2024/10/10/10086740.htm,,2024-10-10T16:15:00+05:30,20241010104500,2024-10-11,gdelt_gkg_observation,20241010104500-486,Direct headline match with company alias,,,
8d14729e5d716a447c7be9d4b7f4c53459d02dd3,INFY.NS,Infosys,"Infosys, Microsoft expand collaboration to help boost GenAI adoption globally",thestatesman.com,https://www.thestatesman.com/business/infosys-microsoft-expand-collaboration-to-help-boost-genai-adoption-globally-1503351715.html,2024-10-10T13:49:00+05:30,2024-10-10T16:30:00+05:30,20241010110000,2024-10-11,publisher_published_at,20241010110000-1325,Direct headline match with company alias,,,
aa30e9d803a5a975c305454a80a58edd13b0e324,INFY.NS,Infosys,"Infosys inks deal with Zooplus for digital transformation, GCC",moneycontrol.com,https://www.moneycontrol.com/technology/infosys-inks-deal-with-zooplus-for-digital-transformation-gcc-article-12839617.html,,2024-10-10T16:30:00+05:30,20241010110000,2024-10-11,gdelt_gkg_observation,20241010110000-1384,Direct headline match with company alias,,,
e7e999cc99e1414181432fbad2517949ebcaface,INFY.NS,Infosys,"Infosys collaborates with zooplus, a Munich-based online pet platform",business-standard.com,https://www.business-standard.com/markets/capital-market-news/infosys-collaborates-with-zooplus-a-munich-based-online-pet-platform-124101000755_1.html,,2024-10-10T18:00:00+05:30,20241010123000,2024-10-11,gdelt_gkg_observation,20241010123000-809,Direct headline match with company alias,,,
45788676a1fe50e9decfe8ca4a9b62e6aa93baab,INFY.NS,Infosys,When Ratan Tata asked Narayana Murthy on why he invited one of Infosys' 'biggest competitor' to the company's campus,indiatimes.com,https://timesofindia.indiatimes.com/technology/tech-news/when-ratan-tata-asked-narayana-murthy-on-why-he-invited-one-of-infosys-biggest-competitor-to-the-companys-campus/articleshow/114118463.cms,,2024-10-10T18:00:00+05:30,20241010123000,2024-10-11,gdelt_gkg_observation,20241010123000-1378,Direct headline match with company alias,,,
17b60e7f76caaa24117e45b980947a143d892249,INFY.NS,Infosys,Infosys and zooplus Collaborate to Drive Digital Transformation and Enhance E-Commerce Capabilities,europapress.es,https://www.europapress.es/comunicados/internacional-00907/noticia-comunicado-infosys-and-zooplus-collaborate-to-drive-digital-transformation-and-enhance-commerce-capabilities-20241010121300.html,2024-10-10T15:43:00+05:30,2024-10-10T18:15:00+05:30,20241010124500,2024-10-11,publisher_published_at,20241010124500-1397,Direct headline match with company alias,,,
5d7bdc93e25542e1a9aaae4f3f3dfa78f2b5346d,INFY.NS,Infosys,Narayana Murthy Remembers Ratan Tata's Reaction When Invited At Infosys: 'I Am Your Competitor...',news18.com,https://www.news18.com/business/narayana-murthy-remembers-ratan-tatas-reaction-when-invited-at-infosys-i-am-your-competitor-9082081.html,2024-10-10T18:31:00+05:30,2024-10-10T19:30:00+05:30,20241010140000,2024-10-11,publisher_published_at,20241010140000-1726,Direct headline match with company alias,,,
83089b7d9033f19323b2768c8bf1431f59b37a46,INFY.NS,Infosys,"Ratan Tata Passes Away Infosys Chief Narayan Murthy Shared his Memory | ""...अन् मी रतन टाटांकडून नम्रतेचा धडा घेतला"", नारायण मूर्तींनी सांगितली जुनी आठवण!",loksatta.com,https://www.loksatta.com/desh-videsh/ratan-tata-passes-away-infosys-chief-narayan-murthy-shared-his-memory-sgk-96-4645636,2024-10-10T20:00:00+05:30,2024-10-10T21:00:00+05:30,20241010153000,2024-10-11,publisher_published_at,20241010153000-T1628,Direct headline match with company alias,,,
b8bff77ff7ef6cbbad487e48ced83987ee4c57d4,INFY.NS,Infosys,"इन्फोसिस लिमिटेड शेयर प्राइस टुडे , इन्फोसिस लिमिटेड स्टॉक प्राइस - Infosys Share Price Today Live NSE, BSE",livehindustan.com,https://www.livehindustan.com/business/market-stats/stocks-infosys-share-price-nse-bse-s0003032,,2024-10-10T21:45:00+05:30,20241010161500,2024-10-11,gdelt_gkg_observation,20241010161500-T426,Direct headline match with company alias,,,
9abee9da032c4c843d40bb3e0d0bd1829635d789,INFY.NS,Infosys,Infosys wins tech contract from zooplus to boost e-commerce capabilities,infotechlead.com,https://infotechlead.com/software/infosys-wins-tech-contract-from-zooplus-to-boost-e-commerce-capabilities-87089,2024-10-10T17:16:00+05:30,2024-10-10T22:30:00+05:30,20241010170000,2024-10-11,publisher_published_at,20241010170000-1298,Direct headline match with company alias,,,
17d09f9af60ca014d82f7a8f53dffdd112645370,INFY.NS,Infosys,"Pressure amps up on Infosys, Wipro likely to beat high expectations",business-standard.com,https://www.business-standard.com/markets/news/pressure-amps-up-on-infosys-wipro-likely-to-beat-high-expectations-124101100071_1.html,,2024-10-11T08:30:00+05:30,20241011030000,2024-10-11,gdelt_gkg_observation,20241011030000-836,Direct headline match with company alias,,,
c467c81cff72d0c46ca408b2134ace543e02c5ec,INFY.NS,Infosys,"Q2 earnings: Pressure amps up on Infosys, Wipro to beat high expectations amid India correction woes",indiatimes.com,https://economictimes.indiatimes.com/markets/stocks/news/pressure-amps-up-on-infosys-wipro-to-beat-high-expectations-amid-india-correction-woes/articleshow/114134986.cms,,2024-10-11T09:00:00+05:30,20241011033000,2024-10-11,gdelt_gkg_observation,20241011033000-963,Direct headline match with company alias,,,
bd233b796c589bf5e3ebe80eedf4fab341db0e1f,INFY.NS,Infosys,"Pressure Amps Up On Infosys, Wipro To Beat High Expectations Amid India Correction Woes",ndtvprofit.com,https://www.ndtvprofit.com/quarterly-earnings/pressure-amps-up-on-infosys-wipro-to-beat-high-expectations-amid-india-correction-woes,,2024-10-11T09:30:00+05:30,20241011040000,2024-10-11,gdelt_gkg_observation,20241011040000-585,Direct headline match with company alias,,,
95968b278f4f1d4bf669fa07291cc2ce325a70c4,INFY.NS,Infosys,"Infosys to no longer send job offer letters and attachments, the company will ...",indiatimes.com,https://timesofindia.indiatimes.com/technology/tech-news/infosys-to-no-longer-send-job-offer-letters-and-attachments-the-company-will-/articleshow/114135716.cms,,2024-10-11T10:30:00+05:30,20241011050000,2024-10-11,gdelt_gkg_observation,20241011050000-790,Direct headline match with company alias,,,
14a4aa58b53921bc771068095021b9f824a62d2c,INFY.NS,Infosys,"Stock Alert: TCS, IREDA, Anand Rathi Wealth, Mazagon Dock ,Exide Inds, Infosys",business-standard.com,https://www.business-standard.com/markets/capital-market-news/stock-alert-tcs-ireda-anand-rathi-wealth-mazagon-dock-exide-inds-infosys-124101100100_1.html,,2024-10-11T11:45:00+05:30,20241011061500,2024-10-11,gdelt_gkg_observation,20241011061500-916,Direct headline match with company alias,,,
4f7cb1c4177839a85c82f003e11392eca0bacfed,INFY.NS,Infosys,"Q2 results: Infosys, Wipro, and HCL Technologies brace for challenging earnings amid high expectations",livemint.com,https://www.livemint.com/market/q2-results-infosys-wipro-hcl-technologies-brace-challenging-earnings-high-expectations-india-markets-correction-pressure-11728611467337.html,,2024-10-11T12:30:00+05:30,20241011070000,2024-10-11,gdelt_gkg_observation,20241011070000-730,Direct headline match with company alias,,,
3942b0a26d65d7da4997835afa44bb9114542c70,INFY.NS,Infosys,"Pressure amps up on Infosys, Wipro to beat high expectations amid correction woes, ET Telecom",indiatimes.com,https://telecom.economictimes.indiatimes.com/news/enterprise-services/pressure-amps-up-on-infosys-wipro-to-beat-high-expectations-amid-correction-woes/114138392,,2024-10-11T14:30:00+05:30,20241011090000,2024-10-11,gdelt_gkg_observation,20241011090000-1359,Direct headline match with company alias,,,
e5bd6828a08da1b8537948aa2affb6fb20fed109,INFY.NS,Infosys,"Narayana Murthy's next BIG step, Infosys to no longer send job offer letters, the company will...",dnaindia.com,https://www.dnaindia.com/business/report-narayana-murthy-s-next-big-step-infosys-to-no-longer-send-job-offer-letters-company-will-offer-log-in-system-3112737,,2024-10-11T14:30:00+05:30,20241011090000,2024-10-11,gdelt_gkg_observation,20241011090000-228,Direct headline match with company alias,,,
40195ee81a07f25b3f943cae1c546078db48a6a0,INFY.NS,Infosys,"Infosys tweaks hiring process, not to send job offer letters via email; here's the reason",livemint.com,https://www.livemint.com/companies/news/infosys-tweaks-hiring-process-not-to-send-job-offer-letters-via-email-here-s-the-reason-11728637302409.html,,2024-10-11T17:45:00+05:30,20241011121500,2024-10-14,gdelt_gkg_observation,20241011121500-304,Direct headline match with company alias,,,
7016ceb9afa4037fcd60ef06053e9f91f5cee927,INFY.NS,Infosys,"TCS, Infosys to Tech Mahindra: Is it opportune to buy IT stocks amid US Fed rate cut buzz?",livemint.com,https://www.livemint.com/market/stock-market-news/tcs-infosys-to-tech-mahindra-is-it-opportune-to-buy-it-stocks-amid-us-fed-rate-cut-buzz-11728703263013.html,,2024-10-12T10:00:00+05:30,20241012043000,2024-10-14,gdelt_gkg_observation,20241012043000-4,Direct headline match with company alias,,,
7d694de1ef7fbfd5e13528dd835e06b9f19dea3b,INFY.NS,Infosys,'TCS is your rival. why did you invite me?': Ratan Tata's surprising poser to Infosys founder Narayana Murthy,businesstoday.in,https://www.businesstoday.in/latest/corporate/story/tcs-is-your-rival-why-did-you-invite-me-ratan-tatas-surprising-poser-to-infosys-founder-narayana-murthy-449780-2024-10-12,,2024-10-12T11:45:00+05:30,20241012061500,2024-10-14,gdelt_gkg_observation,20241012061500-44,Direct headline match with company alias,,,
b2a78720b1f57c0995d2d832ed03b170822eb2cf,INFY.NS,Infosys,"Infosys Limited (NYSE:INFY) Given Average Recommendation of ""Hold"" by Analysts",biztoc.com,https://biztoc.com/x/6afa5b6d110e7477,2024-10-12T11:38:00+05:30,2024-10-12T12:15:00+05:30,20241012064500,2024-10-14,publisher_published_at,20241012064500-769,Direct headline match with company alias,,,
ecdfc7d354c8fece3659fdeb8d3bfb766b2dfb51,INFY.NS,Infosys,"Nifty earnings to grow marginally by 2% YoY in Q2; Infosys, Mankind Pharma top buys",indiatimes.com,https://economictimes.indiatimes.com/markets/stocks/news/nifty-earnings-to-grow-marginally-by-2-yoy-in-q2-infosys-mankind-pharma-top-buys/articleshow/114166514.cms,,2024-10-12T13:00:00+05:30,20241012073000,2024-10-14,gdelt_gkg_observation,20241012073000-845,Direct headline match with company alias,,,
4b606a8a674fca92d277d6e92ad930fdf6c82ff8,INFY.NS,Infosys,"'TCS is your rival, why did you..': Ratan Tata's question to Infosys founder Narayana Murthy left him stunned",india.com,https://www.india.com/news/tcs-is-your-rival-why-did-you-ratan-tatas-question-to-infosys-founder-narayana-murthy-left-him-stunned-7318134,,2024-10-12T19:30:00+05:30,20241012140000,2024-10-14,gdelt_gkg_observation,20241012140000-162,Direct headline match with company alias,,,
b3d7c52f31283d2f78b12dfa9b03297951ed53cb,INFY.NS,Infosys,"7 out of 10 companies see drop by ₹1.22 lakh crore in market cap; Airtel, Infosys gained",livemint.com,https://www.livemint.com/companies/news/7-out-of-10-companies-see-drop-by-1-22-lakh-crore-in-market-cap-airtel-infosys-gained-11728802678057.html,,2024-10-13T16:15:00+05:30,20241013104500,2024-10-14,gdelt_gkg_observation,20241013104500-58,Direct headline match with company alias,,,
823815f49436ff0021c096bd08787519dafaad9c,INFY.NS,Infosys,Infosys Enhances Recruitment Security: New System to Combat Fraud,careerindia.com,https://www.careerindia.com/news/infosys-enhances-recruitment-security-new-system-to-combat-fraud-044261.html,2024-10-13T15:21:00+05:30,2024-10-13T17:45:00+05:30,20241013121500,2024-10-14,publisher_published_at,20241013121500-148,Direct headline match with company alias,,,
f5e371a897bb067538522e3df5b0d55630d26a60,INFY.NS,Infosys,"Q2 Results this week: रिलायंस, इंफोसिस से लेकर HDFC, Axis Bank तक... तिमाही नतीजों के भरमार रहेगा पूरा सप्ताह - q2 results this week the whole week will be full of quarterly results from reliance infosys to hdfc axis bank",business-standard.com,https://hindi.business-standard.com/companies/q2-results-this-week-the-whole-week-will-be-full-of-quarterly-results-from-reliance-infosys-to-hdfc-axis-bank-id-378042,,2024-10-13T18:00:00+05:30,20241013123000,2024-10-14,gdelt_gkg_observation,20241013123000-T9,Direct headline match with company alias,,,
98a0c5c7b4194576f80287597b20b8e1e53ddf31,INFY.NS,Infosys,'His ability to...' Infosys founder Narayana Murthy points out Ratan Tata's unique quality that other CEOs don't have,dnaindia.com,https://www.dnaindia.com/business/report-his-ability-to-infosys-founder-narayana-murthy-points-out-ratan-tata-s-unique-quality-that-other-ceos-don-3113121,,2024-10-13T22:00:00+05:30,20241013163000,2024-10-14,gdelt_gkg_observation,20241013163000-480,Direct headline match with company alias,,,
8472cdba19acd112f8ce6b6442f0db5c7742e284,INFY.NS,Infosys,"Q2 earnings preview: Infosys forecasts suggest strong revenue boost, potential guidance raise",thehindubusinessline.com,https://www.thehindubusinessline.com/companies/q2-earnings-preview-infosys-forecasts-suggest-strong-revenue-boost-potential-guidance-raise/article68749394.ece,2024-10-13T19:56:00+05:30,2024-10-13T22:15:00+05:30,20241013164500,2024-10-14,publisher_published_at,20241013164500-198,Direct headline match with company alias,,,
dd6ddb968c63232748b32e72a620cfb8a33c61a0,INFY.NS,Infosys,"""We Had A Quiz Competition"": Infosys Co-founder Nandan Nilekami Recalls First Meeting With Wife",ndtv.com,https://www.ndtv.com/offbeat/we-had-a-quiz-competition-infosys-co-founder-nandan-nilekami-recalls-first-meeting-with-wife-6781497,,2024-10-13T23:30:00+05:30,20241013180000,2024-10-14,gdelt_gkg_observation,20241013180000-856,Direct headline match with company alias,,,
e70b733c484d89c5da59b5fdd3e9e88706f275e8,INFY.NS,Infosys,Infosys resorted to this tried-and-tested hack to stem its top-level exodus: Promotions,livemint.com,https://www.livemint.com/companies/news/infosys-executive-promotions-senior-management-exodus-tech-mahindra-cognizant-salil-parekh-talent-retention-attrition-11728799857524.html,2024-10-14T05:30:00+05:30,2024-10-14T06:00:00+05:30,20241014003000,2024-10-14,publisher_published_at,20241014003000-425,Direct headline match with company alias,,,
641a897521fc54bcc28ee617f97c1d79da19a671,INFY.NS,Infosys,"Buy Adani Enterprises, HDFC Bank, Infosys shares, says Arihant Capital",businesstoday.in,https://www.businesstoday.in/markets/company-stock/story/buy-adani-enterprises-hdfc-bank-infosys-shares-says-arihant-capital-449850-2024-10-14,,2024-10-14T08:45:00+05:30,20241014031500,2024-10-14,gdelt_gkg_observation,20241014031500-135,Direct headline match with company alias,,,
47d0cbcf51c0082c7822242dca70326a000922e7,INFY.NS,Infosys,Narayana Murthy's Infosys earned Rs 6913 crore in just 5 days from...,dnaindia.com,https://www.dnaindia.com/business/report-narayana-murthy-s-infosys-earned-rs-6913-crore-in-just-5-days-from-share-market-3113229,,2024-10-14T16:15:00+05:30,20241014104500,2024-10-15,gdelt_gkg_observation,20241014104500-588,Direct headline match with company alias,,,
7e3091b2c10f4d1c6a563f436d6c146bf2468bd6,INFY.NS,Infosys,"MEAG MUNICH ERGO Kapitalanlagegesellschaft mbH Acquires 58,633 Shares of Infosys Limited (NYSE:INFY)",biztoc.com,https://biztoc.com/x/0386f5ea86c89240,2024-10-14T16:59:00+05:30,2024-10-14T18:30:00+05:30,20241014130000,2024-10-15,publisher_published_at,20241014130000-462,Direct headline match with company alias,,,
8977b226eb67f161754000458948ff66f1c93ce5,INFY.NS,Infosys,"Infosys Q2 Results 2024: Date, Time, and Where to Watch",financialexpress.com,https://www.financialexpress.com/business/industry/infosys-q2-results-date-time-and-where-to-watch/3639168,2024-10-14T15:53:00+05:30,2024-10-14T18:45:00+05:30,20241014131500,2024-10-15,publisher_published_at,20241014131500-780,Direct headline match with company alias,,,
c6ab3af8182600d6d90856e9ffe1e7d6eee858f5,INFY.NS,Infosys,'Worsening Traffic Hurting Us': Ex-Infosys CFO Mohandas Pai Calls Out For Action By Karnataka Leaders In Bengaluru Over Traffic Woes & Congestion,freepressjournal.in,https://www.freepressjournal.in/business/worsening-traffic-hurting-us-ex-infosys-cfo-mohandas-pai-calls-out-for-action-by-karnataka-leaders-in-bengaluru-over-traffic-woes-congestion,2024-10-14T20:47:00+05:30,2024-10-14T22:15:00+05:30,20241014164500,2024-10-15,publisher_published_at,20241014164500-1113,Direct headline match with company alias,,,
112807e8cec798252111f81c32a736b8f0d9bd59,INFY.NS,Infosys,Infosys Q2 Earnings Preview: Revenue set to rise amid deal ramp-ups and Gen AI push,moneycontrol.com,https://www.moneycontrol.com/news/business/earnings/infosys-q2-earnings-preview-revenue-set-to-rise-amid-deal-ramp-ups-and-gen-ai-push-12841759.html,,2024-10-14T22:30:00+05:30,20241014170000,2024-10-15,gdelt_gkg_observation,20241014170000-1268,Direct headline match with company alias,,,
63b5d9e55e152f3b7f4fc1b50f6307d62aea95a9,INFY.NS,Infosys,Infosys seen to report strong growth; Wipro's revenue may stay flat - Industry News,financialexpress.com,https://www.financialexpress.com/business/industry-infosys-seen-to-report-strong-growth-wipros-revenue-may-stay-flat-3639522,2024-10-15T03:00:00+05:30,2024-10-15T04:30:00+05:30,20241014230000,2024-10-15,publisher_published_at,20241014230000-989,Direct headline match with company alias,,,
59a536a90ca73ceb06d1c476ac8404c00150730b,INFY.NS,Infosys,Why Narayana Murthy named key Infosys facility after the Tatas when TCS is his main business rival,indiatimes.com,https://economictimes.indiatimes.com/magazines/panache/why-narayana-murthy-named-key-infosys-facility-after-the-tatas-when-tcs-is-his-main-business-rival/articleshow/114237611.cms,,2024-10-15T11:45:00+05:30,20241015061500,2024-10-15,gdelt_gkg_observation,20241015061500-691,Direct headline match with company alias,,,
430af3951db1423ca3587e86cf046e64c21872c6,INFY.NS,Infosys,Infosys Q2 Earnings: Five factors to watch out for,moneycontrol.com,https://www.moneycontrol.com/news/business/earnings/infosys-q2-earnings-five-factors-to-watch-for-12842102.html,,2024-10-15T12:45:00+05:30,20241015071500,2024-10-15,gdelt_gkg_observation,20241015071500-900,Direct headline match with company alias,,,
d7695b8037d2aaa98d260bee57e6b18ad06bbccc,INFY.NS,Infosys,Infosys Q2 Preview: Co to lead Tier-I IT pack; profits may grow over 9% YoY,business-standard.com,https://www.business-standard.com/markets/news/infosys-q2-preview-co-to-lead-tier-i-it-pack-profits-may-grow-over-9-yoy-124101500372_1.html,,2024-10-15T13:15:00+05:30,20241015074500,2024-10-15,gdelt_gkg_observation,20241015074500-982,Direct headline match with company alias,,,
78df69ed1ad6ae0816915930ef66587ca0a13657,INFY.NS,Infosys,Infosys shares turn flat after hitting record high; here's what investors can do,businesstoday.in,https://www.businesstoday.in/markets/stocks/story/infosys-shares-turn-flat-after-hitting-record-high-heres-what-investors-can-do-450045-2024-10-15,,2024-10-15T14:15:00+05:30,20241015084500,2024-10-15,gdelt_gkg_observation,20241015084500-1092,Direct headline match with company alias,,,
9fcd049528e3fc88dede513e6ae3fb63aa9b21c6,INFY.NS,Infosys,"Infosys Shares: नतीजे से पहले इंफोसिस के शेयर रिकॉर्ड हाई पर, ब्रोकरेजेज का ये है कैलकुलेशन",moneycontrol.com,https://hindi.moneycontrol.com/news/markets/infosys-share-price-hits-record-high-ahead-of-q2-results-but-profit-booking-erases-gains-what-analysts-expects-with-result-1930585.html,,2024-10-15T16:30:00+05:30,20241015110000,2024-10-16,gdelt_gkg_observation,20241015110000-T339,Direct headline match with company alias,,,
74bd017c23532263d333abce0727c324deb71ea2,INFY.NS,Infosys,Nandan Nilekani's son acquires 1.3% stake in PTC India during Q2,indiatimes.com,https://economictimes.indiatimes.com/markets/stocks/news/nandan-nilekanis-son-acquires-1-3-stake-in-ptc-india-during-q2/articleshow/114249671.cms,,2024-10-15T17:00:00+05:30,20241015113000,2024-10-16,gdelt_gkg_observation,20241015113000-1718,Direct headline match with company alias,,,
c76a6b0ea67bb6505c3651883fbf37179c70beb7,INFY.NS,Infosys,"Ritholtz Wealth Management Purchases 11,612 Shares of Infosys Limited (NYSE:INFY)",tickerreport.com,https://www.tickerreport.com/banking-finance/12646757/ritholtz-wealth-management-purchases-11612-shares-of-infosys-limited-nyseinfy.html,,2024-10-15T17:15:00+05:30,20241015114500,2024-10-16,gdelt_gkg_observation,20241015114500-55,Direct headline match with company alias,,,
65bc07361cad0f4a98dd4931a18241ca3fc0db14,INFY.NS,Infosys,"Infosys, Wipro, LTIMindtree: Key support & resistance levels for these IT stocks",businesstoday.in,https://www.businesstoday.in/markets/company-stock/story/infosys-wipro-ltimindtree-key-support-resistance-levels-for-these-it-stocks-450179-2024-10-16,,2024-10-16T09:30:00+05:30,20241016040000,2024-10-16,gdelt_gkg_observation,20241016040000-1130,Direct headline match with company alias,,,
1a50297cc9de0a474fa04c40b26570b998a9efd7,INFY.NS,Infosys,"October 16: Indian market trades lower, Nestle and Infosys among top losers",sakshipost.com,https://www.sakshipost.com/news/indian-market-trades-lower-nestle-and-infosys-among-top-losers-341424,2024-10-16T10:20:00+05:30,2024-10-16T11:15:00+05:30,20241016054500,2024-10-16,publisher_published_at,20241016054500-213,Direct headline match with company alias,,,
30235221ffa46fd19f798eb8feb16689a7f94b38,INFY.NS,Infosys,Infosys Q2 preview: PAT may rise 11% YoY on deals ramp up; co may raise FY25 guidance,indiatimes.com,https://economictimes.indiatimes.com/markets/stocks/earnings/infosys-q2-preview-pat-may-rise-11-yoy-on-deals-ramp-up-co-may-raise-fy25-guidance/articleshow/114272085.cms,,2024-10-16T11:30:00+05:30,20241016060000,2024-10-16,gdelt_gkg_observation,20241016060000-776,Direct headline match with company alias,,,
c8c1f8444db3c40a3ec5483ab62f514a84acc2e5,INFY.NS,Infosys,"Indian market trades lower, Nestle and Infosys among top losers",siasat.com,https://www.siasat.com/indian-market-trades-lower-nestle-and-infosys-among-top-losers-3113880,,2024-10-16T11:45:00+05:30,20241016061500,2024-10-16,gdelt_gkg_observation,20241016061500-662,Direct headline match with company alias,,,
44aadf07e7dda0514fb63be75f777d27088dd1f5,INFY.NS,Infosys,"Indian market trades lower, Nestle and Infosys among top losers",mangalorean.com,https://www.mangalorean.com/indian-market-trades-lower-nestle-and-infosys-among-top-losers,,2024-10-16T12:00:00+05:30,20241016063000,2024-10-16,gdelt_gkg_observation,20241016063000-562,Direct headline match with company alias,,,
227c9bb9a830bef4bd3a65af8fa8199d10f6190c,INFY.NS,Infosys,"Indian market trades lower, Nestle and Infosys among top losers",prokerala.com,https://www.prokerala.com/news/articles/a1572940.html,,2024-10-16T12:30:00+05:30,20241016070000,2024-10-16,gdelt_gkg_observation,20241016070000-1311,Direct headline match with company alias,,,
b7e67ccb9d63c23158856b5693271f985989a459,INFY.NS,Infosys,Infosys (INFY) Set to Announce Earnings on Thursday,wkrb13.com,https://www.wkrb13.com/2024/10/16/infosys-infy-set-to-announce-earnings-on-thursday.html,,2024-10-16T13:15:00+05:30,20241016074500,2024-10-16,gdelt_gkg_observation,20241016074500-440,Direct headline match with company alias,,,
10e87c608bd2d0fa847f147d603d0a7940173ec1,INFY.NS,Infosys,"Stock market today: Sensex, Nifty 50 fall for second consecutive session; Infosys, Mahindra and Mahindra top drags",livemint.com,https://www.livemint.com/market/stock-market-news/stock-market-today-sensex-nifty-50-fall-for-second-consecutive-session-infosys-mahindra-and-mahindra-top-drags-11729072859000.html,,2024-10-16T16:00:00+05:30,20241016103000,2024-10-17,gdelt_gkg_observation,20241016103000-949,Direct headline match with company alias,,,
c4435913ebbb887ac2094b4e8d88bd380d38d465,INFY.NS,Infosys,"Indian market trades lower, Nestle and Infosys among top losers",morungexpress.com,https://morungexpress.com/indian-market-trades-lower-nestle-and-infosys-among-top-losers,,2024-10-16T16:30:00+05:30,20241016110000,2024-10-17,gdelt_gkg_observation,20241016110000-1279,Direct headline match with company alias,,,
a8b4fe2810f3626e22d0b9b2201fc0cebc02d0db,INFY.NS,Infosys,Infosys Q2 Results Preview: Revenue growth seen at 3.7% on deal ramp-ups; PAT may rise 5.8% QoQ,livemint.com,https://www.livemint.com/companies/company-results/infosys-q2-results-preview-revenue-growth-seen-at-3-7-on-deal-ramp-ups-pat-may-rise-5-8-qoq-11729073171710.html,,2024-10-16T17:00:00+05:30,20241016113000,2024-10-17,gdelt_gkg_observation,20241016113000-946,Direct headline match with company alias,,,
32168b9cacb5edf17a311827e78cd5742e5975f2,INFY.NS,Infosys,"Sensex plunges 318 pts, Infosys and JSW Steel top losers",prokerala.com,https://www.prokerala.com/news/articles/a1573068.html,,2024-10-16T17:15:00+05:30,20241016114500,2024-10-17,gdelt_gkg_observation,20241016114500-377,Direct headline match with company alias,,,
b4ce1506113eaef4b7ebe77aaafd267b1e7d4886,INFY.NS,Infosys,"Sensex down 209 points, Nestle and Infosys among top losers",ibtimes.co.in,https://www.ibtimes.co.in/sensex-down-209-points-nestle-infosys-among-top-losers-873397,2024-10-16T12:29:00+05:30,2024-10-16T17:30:00+05:30,20241016120000,2024-10-17,publisher_published_at,20241016120000-1454,Direct headline match with company alias,,,
8f90b7fbf515f25cc11e73cde32aaae479a539d9,INFY.NS,Infosys,"October 16: Sensex plunges 318 pts, Infosys and JSW Steel top losers",sakshipost.com,https://www.sakshipost.com/news/sensex-plunges-318-pts-infosys-and-jsw-steel-top-losers-341570,2024-10-16T16:50:00+05:30,2024-10-16T21:00:00+05:30,20241016153000,2024-10-17,publisher_published_at,20241016153000-498,Direct headline match with company alias,,,
e2a8523eb5a219dc3e202692b0b5f9ea7a57988c,INFY.NS,Infosys,"Sensex plunges 318 pts, Infosys and JSW Steel top losers",ibtimes.co.in,https://www.ibtimes.co.in/sensex-plunges-318-pts-infosys-jsw-steel-top-losers-873406,2024-10-16T18:16:00+05:30,2024-10-16T22:30:00+05:30,20241016170000,2024-10-17,publisher_published_at,20241016170000-1318,Direct headline match with company alias,,,
e5d4be60b4476fa6b65d06bf9d06cde31d1c8478,INFY.NS,Infosys,"Sensex plunges 318 pts, Infosys and JSW Steel top losers",newkerala.com,https://www.newkerala.com/news/2024/65147.htm,,2024-10-16T23:15:00+05:30,20241016174500,2024-10-17,gdelt_gkg_observation,20241016174500-1743,Direct headline match with company alias,,,
aff336957c0ad4d30382ffb6b67acc1bd3505494,INFY.NS,Infosys,"Sensex plunges 318 pts, Infosys and JSW Steel top losers - INDIA New England News",indianewengland.com,https://indianewengland.com/sensex-plunges-318-pts-infosys-and-jsw-steel-top-losers,2024-10-16T20:22:00+05:30,2024-10-16T23:30:00+05:30,20241016180000,2024-10-17,publisher_published_at,20241016180000-2167,Direct headline match with company alias,,,
1f7d2db66fdbf05283f481a76df44e6be72592bb,INFY.NS,Infosys,"Stocks in news: Stocks in news: Wipro, Infosys, Axis Bank, Nestle, Bajaj Auto, RIL",indiatimes.com,https://economictimes.indiatimes.com/markets/stocks/news/stocks-in-news-wipro-infosys-axis-bank-nestle-bajaj-auto-ril/articleshow/114297934.cms,,2024-10-17T07:15:00+05:30,20241017014500,2024-10-17,gdelt_gkg_observation,20241017014500-171,Direct headline match with company alias,,,
999e367a14113d5265718aec90589ef0850c601b,INFY.NS,Infosys,"Q2 results today: Infosys, Wipro, Nestle, Axis Bank among 38 companies to announce earnings on Thursday",indiatimes.com,https://economictimes.indiatimes.com/markets/stocks/earnings/q2-results-today-infosys-wipro-nestle-axis-bank-among-38-companies-to-announce-earnings-on-thursday/articleshow/114298418.cms,,2024-10-17T08:15:00+05:30,20241017024500,2024-10-17,gdelt_gkg_observation,20241017024500-574,Direct headline match with company alias,,,
64b0427b44378abf6cbf8a60a1fba3c062a4bcc4,INFY.NS,Infosys,Infosys Share Price: Stock to Watch: Infosys shares in focus ahead of Q2 earnings,indiatimes.com,https://economictimes.indiatimes.com/markets/stocks/news/stock-to-watch-infosys-shares-in-focus-ahead-of-q2-earnings/articleshow/114298528.cms,,2024-10-17T08:15:00+05:30,20241017024500,2024-10-17,gdelt_gkg_observation,20241017024500-1299,Direct headline match with company alias,,,
b63cc2468ad1c867a66b8aecd7a1a0dbbb0fccd5,INFY.NS,Infosys,"Infosys Q2 results, dividend today: Profit may rise 10%; FY25 sales guidance may see upward revision",businesstoday.in,https://www.businesstoday.in/markets/stocks/story/infosys-q2-results-dividend-today-profit-may-rise-10-fy25-sales-guidance-may-see-upward-revision-450421-2024-10-17,,2024-10-17T08:45:00+05:30,20241017031500,2024-10-17,gdelt_gkg_observation,20241017031500-1392,Direct headline match with company alias,,,
f6ecbb448d3625005aae949c7815b4feafe6f462,INFY.NS,Infosys,"Stocks To Watch: Reliance Industries, Bajaj Auto, RVNL, Oberoi Realty, GMR Airports, Cochin Shipyard, Infosys, Wipro",financialexpress.com,https://www.financialexpress.com/market/stocks-to-watch-reliance-industries-bajaj-auto-rvnl-oberoi-realty-gmr-airports-cochin-shipyard-infosys-wipro-3642001,2024-10-17T06:08:00+05:30,2024-10-17T09:15:00+05:30,20241017034500,2024-10-17,publisher_published_at,20241017034500-833,Direct headline match with company alias,,,
c5fd23fbb17ae4371aaa9da116f7eeb42d7ae421,INFY.NS,Infosys,"Q2 Results Today: Infosys, Wipro, Axis Bank, LTIMindtree, among 36 companies to declare earnings on October 17",livemint.com,https://www.livemint.com/companies/company-results/q2-results-today-infosys-wipro-axis-bank-ltimindtree-among-36-companies-to-declare-earnings-on-october-17-11729133506036.html,,2024-10-17T09:30:00+05:30,20241017040000,2024-10-17,gdelt_gkg_observation,20241017040000-385,Direct headline match with company alias,,,
dbb2c4fa89d1307f3d49094ed24e53166700832d,INFY.NS,Infosys,"Sensex Today | Stock Market LIVE Updates: Sensex off day's high, trades flat; Nifty below 25K; Bajaj Auto tumbles 8%; RIL, Infy up 1% each",indiatimes.com,https://economictimes.indiatimes.com/markets/stocks/live-blog/bse-sensex-today-live-nifty-stock-market-updates-17-october-2024/liveblog/114298216.cms,,2024-10-17T09:45:00+05:30,20241017041500,2024-10-17,gdelt_gkg_observation,20241017041500-593,Direct headline match with company alias,,,
302608b8a06ce61b63aded08ae67984fc0755aca,INFY.NS,Infosys,"Stocks To Watch: Wipro, Infosys, Axis Bank, Nestle, Bikaji Foods, Bajaj Auto, And Others",news18.com,https://www.news18.com/business/markets/stocks-to-watch-wipro-infosys-axis-bank-nestle-bikaji-foods-bajaj-auto-and-others-9088727.html,2024-10-17T08:19:00+05:30,2024-10-17T11:00:00+05:30,20241017053000,2024-10-17,publisher_published_at,20241017053000-531,Direct headline match with company alias,,,
2ec9b4701ab8414c7927cd8a581de27fda384926,INFY.NS,Infosys,"Infosys shares rise 13% since Q1 earnings, trading in green today",businesstoday.in,https://www.businesstoday.in/markets/company-stock/story/infosys-shares-rise-q2-earnings-net-profit-revenue-guidance-450437-2024-10-17,,2024-10-17T11:45:00+05:30,20241017061500,2024-10-17,gdelt_gkg_observation,20241017061500-595,Direct headline match with company alias,,,
557e10afdb1b20da8c2c7ad070582b7cb07a2775,INFY.NS,Infosys,"India-Canada Row: Shares Of Indian Companies With Stakes In North American Country Including TCS, Infosys React",freepressjournal.in,https://www.freepressjournal.in/business/india-canada-row-shares-of-indian-companies-with-stakes-in-north-american-country-including-tcs-infosys-react,2024-10-17T10:55:00+05:30,2024-10-17T12:30:00+05:30,20241017070000,2024-10-17,publisher_published_at,20241017070000-727,Direct headline match with company alias,,,
c8c6bc2954d95a0f72cc76a6ec58678d7b1f57ee,INFY.NS,Infosys,"Share Market Today: दो दिन बाद शेयर बाजार में लौटी तेजी, Sensex लगभग 200 अंक चढ़कर 81,693 पर खुला - share market today global trends are expected to bring momentum back in the stock market q2 results of many big companies including infosys will be released",business-standard.com,https://hindi.business-standard.com/markets/share-market-today-global-trends-are-expected-to-bring-momentum-back-in-the-stock-market-q2-results-of-many-big-companies-including-infosys-will-be-released-id-379226,,2024-10-17T13:00:00+05:30,20241017073000,2024-10-17,gdelt_gkg_observation,20241017073000-T1150,Direct headline match with company alias,,,
9a8ccd10c122251cd105523911f85916796470c9,INFY.NS,Infosys,"India Canada News,रिलायंस, इन्फोसिस, TCS, कोटक, महिंद्रा... कनाडा के लिए सोने के अंडे देने वाली मुर्गी है भारत - india is golden goose for canadian funds no rush to sell their rs 2 lakh crore investment",indiatimes.com,https://navbharattimes.indiatimes.com/business/share-market/share-news/india-is-golden-goose-for-canadian-funds-no-rush-to-sell-their-rs-2-lakh-crore-investment/articleshow/114306600.cms,2024-10-17T12:35:00+05:30,2024-10-17T13:15:00+05:30,20241017074500,2024-10-17,publisher_published_at,20241017074500-T1205,Direct headline match with company alias,,,
5a05dcac967b5707c9bee1664f00abdaac6deaae,INFY.NS,Infosys,'Avoid North-South Politics': Zoho's Sridhar Vembu on Ex-Infosys CFO Mohandas Pai's 'Bengaluru Ignored' Jibe,news18.com,https://www.news18.com/viral/avoid-north-south-politics-zohos-sridhar-vembu-on-ex-infosys-cfo-mohandas-pais-bengaluru-ignored-jibe-9089079.html,2024-10-17T13:06:00+05:30,2024-10-17T13:30:00+05:30,20241017080000,2024-10-17,publisher_published_at,20241017080000-1180,Direct headline match with company alias,,,
28e3e491dd5b3d02a143cb8268ec2c408842d225,INFY.NS,Infosys,"Q2 Results 2024 Live: 36 major companies, including Infosys, Wipro, Axis Bank, set to announce results today",moneycontrol.com,https://www.moneycontrol.com/news/business/earnings/q2-results-2024-live-news-updates-infosys-axis-bank-wipro-polycab-inida-ltimidtree-quarterly-earnings-liveblog-12843865.html,,2024-10-17T13:30:00+05:30,20241017080000,2024-10-17,gdelt_gkg_observation,20241017080000-1005,Direct headline match with company alias,,,
cacc1c0071bdedc66ce5f274a31fac69a3ba5faf,INFY.NS,Infosys,"Infosys' former HR head Mohandas Pai to government: Why are you ignoring South in IT; Zoho CEO Sridhar Vembu responds, we ...",indiatimes.com,https://timesofindia.indiatimes.com/technology/tech-news/infosys-former-hr-head-mohandas-pai-to-government-why-are-you-ignoring-south-in-it-zoho-ceo-sridhar-vembu-responds-we-/articleshow/114309682.cms,,2024-10-17T14:45:00+05:30,20241017091500,2024-10-17,gdelt_gkg_observation,20241017091500-802,Direct headline match with company alias,,,
4881d1952b2c0448b9e16e8b7f24246646866ea3,INFY.NS,Infosys,Infosys Q2 Results Live Updates: PAT may rise 11% YoY; company may raise FY25 guidance | Interim Dividend expected today,indiatimes.com,https://economictimes.indiatimes.com/markets/stocks/live-blog/infosys-ltd-q2-results-infy-q2-fy25-revenue-earning-profit-loss-dividend-today-report-date-time-17-october-2024/liveblog/114303481.cms,,2024-10-17T15:00:00+05:30,20241017093000,2024-10-17,gdelt_gkg_observation,20241017093000-809,Direct headline match with company alias,,,
3b1397f64c5f52819cec1d44c80b452bf844f0a0,INFY.NS,Infosys,'Avoid politics': Zoho CEO Sridhar Vembu fires back at ex-Infosys executive Mohandas Pai's 'Bengaluru ignored' criticism,indiatimes.com,https://economictimes.indiatimes.com/magazines/panache/avoid-politics-zoho-ceo-sridhar-vembu-fires-back-at-ex-infosys-executive-mohandas-pais-bengaluru-ignored-criticism/articleshow/114312860.cms,,2024-10-17T15:45:00+05:30,20241017101500,2024-10-18,gdelt_gkg_observation,20241017101500-479,Direct headline match with company alias,,,
b0e7054a29d9bf73af10cf9206d9782e23f9785c,INFY.NS,Infosys,L'entreprise indienne Infosys dépasse les estimations de revenus pour le deuxième trimestre,zonebourse.com,https://www.zonebourse.com/cours/action/INFOSYS-LIMITED-9743342/actualite/L-entreprise-indienne-Infosys-depasse-les-estimations-de-revenus-pour-le-deuxieme-trimestre-48097269,,2024-10-17T16:15:00+05:30,20241017104500,2024-10-18,gdelt_gkg_observation,20241017104500-T668,Direct headline match with company alias,,,
5ea505dcfc9cc2bf2bf500745747b8e159dcd3f8,INFY.NS,Infosys,India's Infosys beats Q2 revenue estimates,marketscreener.com,https://www.marketscreener.com/quote/stock/INFOSYS-LIMITED-9743342/news/India-s-Infosys-beats-Q2-revenue-estimates-48097269,,2024-10-17T16:15:00+05:30,20241017104500,2024-10-18,gdelt_gkg_observation,20241017104500-926,Direct headline match with company alias,,,
4918dc9cc07bd6ca099d7640ef6f74d90004222b,INFY.NS,Infosys,"Infosys Q2 results: IT major announces dividend of ₹21; check record date, other details",livemint.com,https://www.livemint.com/market/stock-market-news/infosys-q2-results-it-major-announces-dividend-of-rs-21-check-record-date-other-details-11729160412764.html,,2024-10-17T16:15:00+05:30,20241017104500,2024-10-18,gdelt_gkg_observation,20241017104500-371,Direct headline match with company alias,,,
0b1110a1a9382fba9098a84c0d992b175ede0956,INFY.NS,Infosys,"Infosys Q2 results: Infosys announces Rs 21/share interim dividend, fixes October 29 as record date. Check details",indiatimes.com,https://economictimes.indiatimes.com/markets/stocks/news/infosys-announces-rs-21-interim-dividend-fixes-october-29-as-record-date-check-details/articleshow/114314153.cms,,2024-10-17T16:15:00+05:30,20241017104500,2024-10-18,gdelt_gkg_observation,20241017104500-1784,Direct headline match with company alias,,,
c576db082aa680acf725588f25619ce4bc2bb8b8,INFY.NS,Infosys,"Infosys Q2 Results: Net profit rises 4.7% to ₹6,506 crore, revenue up 5% YoY; dividend declared",livemint.com,https://www.livemint.com/companies/company-results/infosys-q2-results-net-profit-rises-4-7-to-rs-6-506-crore-revenue-up-5-yoy-dividend-declared-5-key-highlights-11729157135508.html,,2024-10-17T16:15:00+05:30,20241017104500,2024-10-18,gdelt_gkg_observation,20241017104500-985,Direct headline match with company alias,,,
eb61117b9ae416aa00fa651a6f639fbbdff925dc,INFY.NS,Infosys,"Infosys Q2 Results: Profit rises 5% YoY to Rs 6,506 crore; revenue also up 5%",indiatimes.com,https://economictimes.indiatimes.com/markets/stocks/earnings/infosys-q2-results-profit-rises-5-yoy-to-rs-6506-crore-revenue-also-up-5/articleshow/114314236.cms,,2024-10-17T16:15:00+05:30,20241017104500,2024-10-18,gdelt_gkg_observation,20241017104500-1167,Direct headline match with company alias,,,
13118801b1a4d7bf63fd81e51ce8870b216134bc,INFY.NS,Infosys,Infosys Q2 results: India's 2nd largest IT services company reports 5% YoY rise in profit; announces Rs 21 per share interim dividend,indiatimes.com,https://timesofindia.indiatimes.com/business/india-business/infosys-q2-results-indias-2nd-largest-it-services-company-reports-5-yoy-rise-in-profit-announces-rs-21-per-share-interim-dividend/articleshow/114314975.cms,,2024-10-17T16:30:00+05:30,20241017110000,2024-10-18,gdelt_gkg_observation,20241017110000-1462,Direct headline match with company alias,,,
21ecf3f00017d8e967581a7459dfd3b7983ea729,INFY.NS,Infosys,"Infosys Q2 net profit rises to Rs 6,506 crore, misses estimates, guidance raised further; dividend declared",moneycontrol.com,https://www.moneycontrol.com/news/business/earnings/infosys-q2-net-profit-rises-to-rs-6506-crore-misses-estimates-rs-21-per-share-dividend-declared-12843984.html,,2024-10-17T16:30:00+05:30,20241017110000,2024-10-18,gdelt_gkg_observation,20241017110000-1168,Direct headline match with company alias,,,
8983b9c944eef1c378a466260311042d770dc670,INFY.NS,Infosys,"Infosys Q2 Results: Net Profit Rises 4.7% to Rs 6,506 Crore, Rs 21 Dividend Declared",news18.com,https://www.news18.com/business/infosys-q2-results-net-profit-rises-4-7-to-rs-6506-crore-rs-21-dividend-declared-9089374.html,2024-10-17T16:05:00+05:30,2024-10-17T16:30:00+05:30,20241017110000,2024-10-18,publisher_published_at,20241017110000-462,Direct headline match with company alias,,,
7d265c1764ff5d8ab996b37c465e34ea91195fba,INFY.NS,Infosys,Infosys Declares Interim Dividend Of Rs 21 Per Equity Share; Check Record Date,news18.com,https://www.news18.com/business/markets/infosys-dividend-2024-quarterly-results-9089377.html,2024-10-17T16:07:00+05:30,2024-10-17T16:30:00+05:30,20241017110000,2024-10-18,publisher_published_at,20241017110000-1360,Direct headline match with company alias,,,
477e464846e9259ec595a05c116dd818bea66b54,INFY.NS,Infosys,Resultados del segundo trimestre de Infosys: la segunda empresa de servicios de TI más grande de la India informa un aumento interanual del 5 % en sus ganancias; declaró un dividendo a cuenta de 21 rupias por acción,arrobajuarez.com,https://arrobajuarez.com/2024/10/17/resultados-del-segundo-trimestre-de-infosys-la-segunda-empresa-de-servicios-de-ti-mas-grande-de-la-india-informa-un-aumento-interanual-del-5-en-sus-ganancias-declaro-un-dividendo-a-cuenta-de-21-rup,2024-10-17T16:27:00+05:30,2024-10-17T16:45:00+05:30,20241017111500,2024-10-18,publisher_published_at,20241017111500-T2,Direct headline match with company alias,,,
71c0ff246204d00ea423b5d944f5f59ae1bf8ffe,INFY.NS,Infosys,"Infosys: Infosys adds 2,456 employees in Q2FY25, reversing trend after six quarters",indiatimes.com,https://economictimes.indiatimes.com/tech/technology/infosys-adds-2456-employees-in-q2fy25-reversing-trend-after-six-quarters/articleshow/114315578.cms,,2024-10-17T16:45:00+05:30,20241017111500,2024-10-18,gdelt_gkg_observation,20241017111500-575,Direct headline match with company alias,,,
b9e2e7a1c6d5cef9e240975c39b4b0140841ea30,INFY.NS,Infosys,Infosys Raises Sales Forecast on IT Spending Revival Optimism,yahoo.com,https://finance.yahoo.com/news/infosys-raises-sales-forecast-spending-101915860.html,,2024-10-17T17:00:00+05:30,20241017113000,2024-10-18,gdelt_gkg_observation,20241017113000-816,Direct headline match with company alias,,,
fd7877c0c5b4496229e95a7bbcd56ded41eb0918,INFY.NS,Infosys,"Infosys announces Rs 21 per share dividend; here is record date, payout date & dividend history",businesstoday.in,https://www.businesstoday.in/markets/stocks/story/infosys-announces-rs-21-per-share-dividend-here-is-record-date-payout-date-dividend-history-450495-2024-10-17,,2024-10-17T17:15:00+05:30,20241017114500,2024-10-18,gdelt_gkg_observation,20241017114500-1181,Direct headline match with company alias,,,
5f605611521cd2e8fe59e42503bfa69ae36d7501,INFY.NS,Infosys,"Infosys Q2 FY25 results: Profit climbs 5% YoY to Rs 6,506 crore; revenue at Rs 40,986 crore",businesstoday.in,https://www.businesstoday.in/markets/stocks/story/infosys-q2-fy25-results-profit-climbs-5-yoy-to-rs-6506-crore-revenue-at-rs-40986-crore-450497-2024-10-17,,2024-10-17T17:15:00+05:30,20241017114500,2024-10-18,gdelt_gkg_observation,20241017114500-1233,Direct headline match with company alias,,,
1142918d351ff25ae55f20e576a1dc26063ba8c5,INFY.NS,Infosys,"Infosys Q2 Results: Profit rises by 4.7% to Rs 6506 crore, misses estimates; FY25 revenue guidance revised",financialexpress.com,https://www.financialexpress.com/business/industry-infosys-q2-results-profit-rises-by-4-7-to-rs-6506-crore-misses-estimates-fy25-revenue-guidance-revised-3642668,2024-10-17T16:12:00+05:30,2024-10-17T17:15:00+05:30,20241017114500,2024-10-18,publisher_published_at,20241017114500-1055,Direct headline match with company alias,,,
e1284c2594ab413920385d9f6a681212dbed7c2c,INFY.NS,Infosys,"IT major Infosys logs 4.7 pc increase in Q2 net profit at Rs 6,506 crore",prokerala.com,https://www.prokerala.com/news/articles/a1573375.html,,2024-10-17T17:15:00+05:30,20241017114500,2024-10-18,gdelt_gkg_observation,20241017114500-976,Direct headline match with company alias,,,
b1835a2f04d87cf2af92b9ac1c124bdd20bb8943,INFY.NS,Infosys,Infosys ADRs drop 2% post Q2 results; key details,businesstoday.in,https://www.businesstoday.in/markets/stocks/story/infosys-adrs-drop-2-post-q2-results-key-details-450507-2024-10-17,,2024-10-17T17:15:00+05:30,20241017114500,2024-10-18,gdelt_gkg_observation,20241017114500-851,Direct headline match with company alias,,,
06ed0c5fbfcf91a7a3f77390916ed58e381ef851,INFY.NS,Infosys,"Infosys announces 21 rs per share dividend profit increase share gain other detail is here हर शेयर पर ₹21 का डिविडेंड, बंपर प्रॉफिट, Infosys के शेयर पर टूट पड़े निवेशक, बिज़नेस न्यूज़",livehindustan.com,https://www.livehindustan.com/business/infosys-announces-21-rs-per-share-dividend-profit-increase-share-gain-other-detail-is-here-201729162525262.html,,2024-10-17T17:15:00+05:30,20241017114500,2024-10-18,gdelt_gkg_observation,20241017114500-T39,Direct headline match with company alias,,,
f2286071fbc6e187b48971d95cb44f44e0053365,INFY.NS,Infosys,"Infosys Q2 Results: दूसरी तिमाही में ₹6506 करोड़ का मुनाफा, 5% उछाल के साथ ₹40,986 करोड़ रहा रेवेन्यू - infosys q2 results second quarter profit at rs 6506 crore revenue at rs 40986 crore with 5 percent jump",business-standard.com,https://hindi.business-standard.com/companies/it/infosys-q2-results-second-quarter-profit-at-rs-6506-crore-revenue-at-rs-40986-crore-with-5-percent-jump-id-379364,,2024-10-17T17:30:00+05:30,20241017120000,2024-10-18,gdelt_gkg_observation,20241017120000-T127,Direct headline match with company alias,,,
e2fa78fb84e684f855030977801adbfaf72e2ecc,INFY.NS,Infosys,"Meet man who worked as office boy at Narayana Murthy's Infosys, earned Rs 9000 as salary, now CEO of 2 startups, he is..",dnaindia.com,https://www.dnaindia.com/education/report-meet-man-who-worked-as-office-boy-at-narayana-murthy-infosys-earned-rs-9000-as-salary-now-ceo-of-3113767,,2024-10-17T17:30:00+05:30,20241017120000,2024-10-18,gdelt_gkg_observation,20241017120000-1240,Direct headline match with company alias,,,
8b24f79f81f2d464041b4d896f295733e2bfd61f,INFY.NS,Infosys,"IT Major Infosys Logs 4.7 Pc Increase In Q2 Net Profit At Rs 6,506 Crore",menafn.com,https://menafn.com/1108790159/IT-Major-Infosys-Logs-47-Pc-Increase-In-Q2-Net-Profit-At-Rs-6506-Crore,2024-10-17T05:30:00+05:30,2024-10-17T17:30:00+05:30,20241017120000,2024-10-18,publisher_published_at,20241017120000-687,Direct headline match with company alias,,,
f4dc1d5feb991ec459bd22185b1d559e63c7359e,INFY.NS,Infosys,"Infosys raises annual revenue growth guidance to 3.75-4.5%, seventh revision in eight quarters",moneycontrol.com,https://www.moneycontrol.com/news/business/markets/infosys-raises-annual-revenue-growth-guidance-12844234.html,,2024-10-17T17:30:00+05:30,20241017120000,2024-10-18,gdelt_gkg_observation,20241017120000-847,Direct headline match with company alias,,,
46dad25e406f79b1e3706f73d66d7154ba344782,INFY.NS,Infosys,"India's Infosys, Wipro top Q2 revenue estimates as spending revives",businesstimes.com.sg,https://www.businesstimes.com.sg/companies-markets/telcos-media-tech/indias-infosys-wipro-top-q2-revenue-estimates-spending-revives,2024-10-17T16:58:00+05:30,2024-10-17T17:45:00+05:30,20241017121500,2024-10-18,publisher_published_at,20241017121500-44,Direct headline match with company alias,,,
1daf7c03449252d7531129ed0c8706eca7361416,INFY.NS,Infosys,Infosys ADR trades 2% lower in pre-market session on NYSE following Q2 results,moneycontrol.com,https://www.moneycontrol.com/news/business/markets/infosys-adr-trades-2-lower-in-pre-market-session-on-nyse-following-q2-results-12844194.html,,2024-10-17T18:00:00+05:30,20241017123000,2024-10-18,gdelt_gkg_observation,20241017123000-653,Direct headline match with company alias,,,
b1963e32ef0bb0628ef15c7d8319758071dc5d31,INFY.NS,Infosys,"India's Infosys, Wipro top Q2 revenue estimates as spending revives",biztoc.com,https://biztoc.com/x/8ff62b3f88898ab5,2024-10-17T16:54:00+05:30,2024-10-17T18:00:00+05:30,20241017123000,2024-10-18,publisher_published_at,20241017123000-477,Direct headline match with company alias,,,
87c0b526e3955dd458450ae3f01f44f8a16c7b93,INFY.NS,Infosys,Infosys: Strong performance with broad based revenue growth in CC of 3.1% sequentially and 3.3% YoY,marketscreener.com,https://www.marketscreener.com/quote/stock/INFOSYS-LIMITED-56049208/news/Infosys-Strong-performance-with-broad-based-revenue-growth-in-CC-of-3-1-sequentially-and-3-3-YoY-48098919,,2024-10-17T18:15:00+05:30,20241017124500,2024-10-18,gdelt_gkg_observation,20241017124500-75,Direct headline match with company alias,,,
9b9e36bf9ea87900b170293bd5d9bce61e1aa6f2,INFY.NS,Infosys,Infosys: Strong performance with broad based revenue growth in CC of 3.1% sequentially and 3.3% YoY,finanznachrichten.de,https://www.finanznachrichten.de/nachrichten-2024-10/63553623-infosys-strong-performance-with-broad-based-revenue-growth-in-cc-of-3-1-sequentially-and-3-3-yoy-008.htm,2024-10-17T19:50:00+05:30,2024-10-17T18:15:00+05:30,20241017124500,2024-10-18,publisher_published_at,20241017124500-872,Direct headline match with company alias,,,
d31066b76805093e92322ae0ef70fe0bbb3eff8f,INFY.NS,Infosys,Infosys: Strong performance with broad based revenue growth in CC of 3.1% sequentially and 3.3% YoY,finanznachrichten.de,https://www.finanznachrichten.de/nachrichten-2024-10/63553654-infosys-strong-performance-with-broad-based-revenue-growth-in-cc-of-3-1-sequentially-and-3-3-yoy-008.htm,2024-10-17T19:54:00+05:30,2024-10-17T18:15:00+05:30,20241017124500,2024-10-18,publisher_published_at,20241017124500-1112,Direct headline match with company alias,,,
ad121236d1d5480143f247c2de8777b9fa94a842,INFY.NS,Infosys,Infosys: Strong performance with broad based revenue growth in CC of 3.1% sequentially and 3.3% YoY,prnewswire.com,https://www.prnewswire.com/news-releases/infosys-strong-performance-with-broad-based-revenue-growth-in-cc-of-3-1-sequentially-and-3-3-yoy-302279260.html,,2024-10-17T18:15:00+05:30,20241017124500,2024-10-18,gdelt_gkg_observation,20241017124500-624,Direct headline match with company alias,,,
4d3304cabad19cb7266e816f02932f2d43d8d923,INFY.NS,Infosys,Infosys: Strong performance with broad based revenue growth in CC of 3.1% sequentially and 3.3% YoY,prnewswire.com,https://www.prnewswire.com/news-releases/infosys-strong-performance-with-broad-based-revenue-growth-in-cc-of-3-1-sequentially-and-3-3-yoy-302279265.html,,2024-10-17T18:15:00+05:30,20241017124500,2024-10-18,gdelt_gkg_observation,20241017124500-1849,Direct headline match with company alias,,,
8f84067c808e99654a09e2084aae1ce1368287a9,INFY.NS,Infosys,Cloud Economics: Infosys facilitating comprehensive cloud adoption Cloud Economics - Banking & Finance News,financialexpress.com,https://www.financialexpress.com/business/banking-finance-cloud-economics-infosys-facilitating-comprehensive-cloud-adoptioncloud-economics-3642691,2024-10-17T16:38:00+05:30,2024-10-17T18:15:00+05:30,20241017124500,2024-10-18,publisher_published_at,20241017124500-224,Direct headline match with company alias,,,
e1698646e5ba495e8e6e159b3a6b6285ee8b5e5a,INFY.NS,Infosys,"Infosys Q2 Results 2024 Update; Share Price | Revenue, Net Profit And Dividend | जुलै-सप्टेंबर तिमाहीत इन्फोसिसचा नफा ₹6,506 कोटी: महसूल वार्षिक 5% वाढून ₹40,986 कोटी; कंपनी प्रति शेअर ₹ 21 लाभांश देईल",bhaskar.com,https://divyamarathi.bhaskar.com/business/news/infosys-q2-results-2024-update-share-price-revenue-net-profit-and-dividend-133820184.html,,2024-10-17T18:15:00+05:30,20241017124500,2024-10-18,gdelt_gkg_observation,20241017124500-T1517,Direct headline match with company alias,,,
c9c9761c6eb8f96b606d399716aae12344f73633,INFY.NS,Infosys,"Infosys Q2 Results 2024 Update; Share Price | Revenue, Net Profit And Dividend | जुलाई-सितंबर तिमाही में इंफोसिस को ₹6,506 करोड़ का मुनाफा: रेवेन्यू सालाना 5% बढ़कर ₹40,986 करोड़; प्रति शेयर ₹21 डिविडेंड देगी कंपनी",bhaskar.com,https://www.bhaskar.com/business/news/infosys-q2-results-2024-update-revenue-net-profit-and-dividend-133820017.html,,2024-10-17T18:15:00+05:30,20241017124500,2024-10-18,gdelt_gkg_observation,20241017124500-T1297,Direct headline match with company alias,,,
3cb3366870f194ac09ea7d9aa30e94f0169162d5,INFY.NS,Infosys,"IT Major Infosys Logs 4.7% Increase In Q2 Net Profit At Rs 6,506 Crore",india.com,https://zeenews.india.com/economy/it-major-infosys-logs-4-7-increase-in-q2-net-profit-at-rs-6506-crore-2808157.html,,2024-10-17T18:30:00+05:30,20241017130000,2024-10-18,gdelt_gkg_observation,20241017130000-27,Direct headline match with company alias,,,
2724576cd8af9ea8e48e7a65c9922e7ef3e251c3,INFY.NS,Infosys,Börse Express - Infosys: Strong performance with broad based revenue growth in CC of 3.1% sequentially and 3.3% YoY,boerse-express.com,https://www.boerse-express.com/news/articles/infosys-strong-performance-with-broad-based-revenue-growth-in-cc-of-31-sequentially-and-33-yoy-669525,,2024-10-17T18:30:00+05:30,20241017130000,2024-10-18,gdelt_gkg_observation,20241017130000-988,Direct headline match with company alias,,,
e611702e4da631ba855edeaf9d5f7d3edbe7acde,INFY.NS,Infosys,Infosys Announces Interim Dividend Of Rs 21 Per Share,ndtvprofit.com,https://www.ndtvprofit.com/business/infosys-announces-interim-dividend-of-rs-21-per-share,,2024-10-17T18:45:00+05:30,20241017131500,2024-10-18,gdelt_gkg_observation,20241017131500-1479,Direct headline match with company alias,,,
19efdbb52cd4b3436cd64fcd4a4832e45ed1b845,INFY.NS,Infosys,Infosys: Strong performance with broad based revenue growth in CC of 3.1% sequentially and 3.3% YoY,manilatimes.net,https://www.manilatimes.net/2024/10/17/tmt-newswire/pr-newswire/infosys-strong-performance-with-broad-based-revenue-growth-in-cc-of-31-sequentially-and-33-yoy/1986567,2024-10-17T18:26:00+05:30,2024-10-17T18:45:00+05:30,20241017131500,2024-10-18,publisher_published_at,20241017131500-179,Direct headline match with company alias,,,
f44b9dfe16a93ecc411e2e454d552667258f638f,INFY.NS,Infosys,"Infosys net profit rises to Rs 6506 cr in Q2FY25, declares dividend of Rs 21 per share",aninews.in,https://aninews.in/news/business/infosys-net-profit-rises-to-rs-6506-cr-in-q2fy25-declares-dividend-of-rs-21-per-share20241017165743,,2024-10-17T18:45:00+05:30,20241017131500,2024-10-18,gdelt_gkg_observation,20241017131500-678,Direct headline match with company alias,,,
7efed5ebf2f4c499a2a9dbea2f2b338f7aead8e9,INFY.NS,Infosys,"India's Infosys, Wipro top Q2 revenue estimates as spending revives",thestar.com.my,https://www.thestar.com.my/tech/tech-news/2024/10/17/india039s-infosys-wipro-top-q2-revenue-estimates-as-spending-revives,2024-10-18T00:51:00+05:30,2024-10-17T18:45:00+05:30,20241017131500,2024-10-18,publisher_published_at,20241017131500-421,Direct headline match with company alias,,,
4cf5e67beb861b62aab53b577d945a2d383d648a,INFY.NS,Infosys,Infosys: Strong performance with broad based revenue growth in CC of 3.1% sequentially and 3.3% YoY,ots.at,https://www.ots.at/presseaussendung/OTE_20241017_OTE0001/infosys-strong-performance-with-broad-based-revenue-growth-in-cc-of-31-sequentially-and-33-yoy,2024-10-17T17:54:00+05:30,2024-10-17T19:00:00+05:30,20241017133000,2024-10-18,publisher_published_at,20241017133000-2131,Direct headline match with company alias,,,
dc7ff6d7777345faa67409d737555c5a14439c69,INFY.NS,Infosys,"Infosys Q2 EPS Meets Estimates, Revenues Top; Boost FY25 Revenue Growth Outlook",finanznachrichten.de,https://www.finanznachrichten.de/nachrichten-2024-10/63554475-infosys-q2-eps-meets-estimates-revenues-top-boost-fy25-revenue-growth-outlook-020.htm,2024-10-17T20:48:00+05:30,2024-10-17T19:15:00+05:30,20241017134500,2024-10-18,publisher_published_at,20241017134500-340,Direct headline match with company alias,,,
cd39d843bb2c4ba4196a461b51af90426ede1348,INFY.NS,Infosys,Infosys Q2 net profit rises 4.7%,rediff.com,https://www.rediff.com/business/report/infosys-q2-net-profit-rises-47/20241017.htm,2024-10-17T17:45:00+05:30,2024-10-17T19:15:00+05:30,20241017134500,2024-10-18,publisher_published_at,20241017134500-644,Direct headline match with company alias,,,
500ddfa608f2a040263cb4f3ecc5b7b97cf5e1d6,INFY.NS,Infosys,Infosys: Strong performance with broad based revenue growth in CC of 3.1 per cent sequentially and 3.3 per cent YoY,webindia123.com,https://news.webindia123.com/news/Articles/Business/20241017/4246714.html,,2024-10-17T19:30:00+05:30,20241017140000,2024-10-18,gdelt_gkg_observation,20241017140000-1658,Direct headline match with company alias,,,
ba4531df0e9f2983025692f5afe03e2642f7bf71,INFY.NS,Infosys,Infosys results: ఇన్ఫీ లాభాల్లో 4.7శాతం వృద్ధి.. ఒక్కో షేరుపై ₹21 డివిడెండ్‌,eenadu.net,https://www.eenadu.net/telugu-news/business/infosys-results-announced/0101/124188296,,2024-10-17T19:30:00+05:30,20241017140000,2024-10-18,gdelt_gkg_observation,20241017140000-T217,Direct headline match with company alias,,,
d37b5efd4e3f84330c8c643e5d34b6d081e5109e,INFY.NS,Infosys,Infosys Strong performance with broad based revenue growth in CC of 3.1 sequentially and 3.3 YoY,theweek.in,https://www.theweek.in/wire-updates/business/2024/10/17/dcm88-infosys.html,,2024-10-17T19:45:00+05:30,20241017141500,2024-10-18,gdelt_gkg_observation,20241017141500-1751,Direct headline match with company alias,,,
a3b74a71e1a6ea66cfeabf1c296d026fce530d56,INFY.NS,Infosys,Infosys: Strong performance with broad based revenue growth in CC of 3.1% sequentially and 3.3% YoY (1),europapress.es,https://www.europapress.es/comunicados/internacional-00907/noticia-comunicado-infosys-strong-performance-with-broad-based-revenue-growth-in-cc-of-31-sequentially-and-33-yoy-20241017142418.html,2024-10-17T17:54:00+05:30,2024-10-17T19:45:00+05:30,20241017141500,2024-10-18,publisher_published_at,20241017141500-883,Direct headline match with company alias,,,
0d1f9f315edd870d2a9d121b9432034d0e2bc34a,INFY.NS,Infosys,Infosys: Strong performance with broad based revenue growth in CC of 3.1% sequentially and 3.3% YoY (2),europapress.es,https://www.europapress.es/comunicados/internacional-00907/noticia-comunicado-infosys-strong-performance-with-broad-based-revenue-growth-in-cc-of-31-sequentially-and-33-yoy-20241017142410.html,2024-10-17T17:54:00+05:30,2024-10-17T19:45:00+05:30,20241017141500,2024-10-18,publisher_published_at,20241017141500-687,Direct headline match with company alias,,,
614c7ec75666692d61028071f81622ecd0e49d89,INFY.NS,Infosys,"Zepto taps domestic family offices; Infosys, Wipro Q2 results",indiatimes.com,https://economictimes.indiatimes.com/tech/newsletters/tech-top-5/zeptos-additional-fundraise-infosys-wipro-q2-results/articleshow/114320444.cms,,2024-10-17T19:45:00+05:30,20241017141500,2024-10-18,gdelt_gkg_observation,20241017141500-1168,Direct headline match with company alias,,,
d0ecb5918b1642a747168422030f8494a217cf47,INFY.NS,Infosys,Infosys ADR falls nearly 4% on NYSE following Q2 results,moneycontrol.com,https://www.moneycontrol.com/news/business/markets/infosys-adr-falls-nearly-4-on-nyse-following-q2-results-12844194.html,,2024-10-17T19:45:00+05:30,20241017141500,2024-10-18,gdelt_gkg_observation,20241017141500-686,Direct headline match with company alias,,,
35ab969855c67a638b671c2ea7064dd0887f5ba9,INFY.NS,Infosys,Infosys relève de nouveau ses prévisions de ventes pour 2024-2025,zonebourse.com,https://www.zonebourse.com/cours/action/INFOSYS-LIMITED-9743342/actualite/Infosys-releve-de-nouveau-ses-previsions-de-ventes-pour-2024-2025-48100307,,2024-10-17T19:45:00+05:30,20241017141500,2024-10-18,gdelt_gkg_observation,20241017141500-T1071,Direct headline match with company alias,,,
9ee7991ad9c9dafc60fa38d711f63a147befefb4,INFY.NS,Infosys,"Infosys Q2 net profit rises 4.7% to ₹6,506 crore",thehindu.com,https://www.thehindu.com/business/infosys-q2-net-profit-rises-47-to-6506-crore/article68765269.ece,2024-10-17T19:32:00+05:30,2024-10-17T20:00:00+05:30,20241017143000,2024-10-18,publisher_published_at,20241017143000-996,Direct headline match with company alias,,,
2a3fd7a557d77723d45ae9506cc3d71e2b5ccf00,INFY.NS,Infosys,"Infosys, Wipro ADRs fall over 4% following Q2 earnings on Thursday",indiatimes.com,https://economictimes.indiatimes.com/markets/stocks/news/infosys-wipro-adrs-fall-over-4-following-q2-earnings-on-thursday/articleshow/114321311.cms,,2024-10-17T20:15:00+05:30,20241017144500,2024-10-18,gdelt_gkg_observation,20241017144500-138,Direct headline match with company alias,,,
ea68621306a176c0e111d7695b46e9da23faae33,INFY.NS,Infosys,Naviter Wealth LLC Lowers Holdings in Infosys Limited (NYSE:INFY),wkrb13.com,https://www.wkrb13.com/2024/10/17/naviter-wealth-llc-lowers-holdings-in-infosys-limited-nyseinfy.html,,2024-10-17T20:15:00+05:30,20241017144500,2024-10-18,gdelt_gkg_observation,20241017144500-1003,Direct headline match with company alias,,,
f3a0f10dadefa14bae67a98a5396408ec2aa6152,INFY.NS,Infosys,Infosys: Strong performance with broad based revenue growth in CC of 3.1 per cent sequentially and 3.3 per cent YoY,srilankasource.com,https://www.srilankasource.com/news/274719394/infosys-strong-performance-with-broad-based-revenue-growth-in-cc-of-31-per-cent-sequentially-and-33-per-cent-yoy,,2024-10-17T20:15:00+05:30,20241017144500,2024-10-18,gdelt_gkg_observation,20241017144500-388,Direct headline match with company alias,,,
7e03400554d6c2f8a0618798b2c775193412f92b,INFY.NS,Infosys,"Infosys net profit rises to Rs 6506 cr in Q2FY25, declares dividend of Rs 21 per share",timesofoman.com,https://timesofoman.com/article/151068-infosys-net-profit-rises-to-rs-6506-cr-in-q2fy25-declares-dividend-of-rs-21-per-share,,2024-10-17T20:30:00+05:30,20241017150000,2024-10-18,gdelt_gkg_observation,20241017150000-383,Direct headline match with company alias,,,
4f3cd146685b74cba0b4cadc34a708b86d4a8b77,INFY.NS,Infosys,Infosys revenue grows 3.3% to $4.89 bn during July-September,infotechlead.com,https://infotechlead.com/software/infosys-revenue-grows-3-3-to-4-89-bn-during-july-september-87214,2024-10-17T19:48:00+05:30,2024-10-17T20:45:00+05:30,20241017151500,2024-10-18,publisher_published_at,20241017151500-1863,Direct headline match with company alias,,,
740c15e46eccb39d6def1e7bd040a0bc4ddceb1e,INFY.NS,Infosys,"Infosys Q2 EPS Meets Estimates, Revenues Top; Boost FY25 Revenue Growth Outlook",rttnews.com,https://www.rttnews.com/3482188/infosys-q2-eps-meets-estimates-revenues-top-boost-fy25-revenue-growth-outlook.aspx,,2024-10-17T20:45:00+05:30,20241017151500,2024-10-18,gdelt_gkg_observation,20241017151500-2404,Direct headline match with company alias,,,
9895e62de5de548d95b60aa3cd6883de9d992da9,INFY.NS,Infosys,"Mixed bag for TCS, Infosys, HCLTech, Wipro in Q2: BFSI sees uptick, large deals contract",moneycontrol.com,https://www.moneycontrol.com/technology/mixed-bag-for-tcs-infosys-hcltech-wipro-in-q2-bfsi-sees-uptick-large-deals-contract-article-12844373.html,,2024-10-17T21:00:00+05:30,20241017153000,2024-10-18,gdelt_gkg_observation,20241017153000-1420,Direct headline match with company alias,,,
a0b18ed686c959a14604e262cb87a48dbc74f74d,INFY.NS,Infosys,"Infosys, Wipro ADRs down 3% on NYSE after Q2 results even as S&P, Dow drift near record-highs",livemint.com,https://www.livemint.com/market/stock-market-news/infosys-wipro-adrs-down-3-on-nyse-after-q2fy25-earnings-results-even-as-s-p-dow-drift-near-recordhighs-11729175623101.html,,2024-10-17T21:15:00+05:30,20241017154500,2024-10-18,gdelt_gkg_observation,20241017154500-853,Direct headline match with company alias,,,
6734ac7552d332906b96d1a34b812c247a4c2879,INFY.NS,Infosys,Infosys: Strong performance with broad based revenue growth in CC of 3.1 per cent sequentially and 3.3 per cent YoY,aninews.in,https://aninews.in/news/business/infosys-strong-performance-with-broad-based-revenue-growth-in-cc-of-31-per-cent-sequentially-and-33-per-cent-yoy20241017182123,,2024-10-17T21:15:00+05:30,20241017154500,2024-10-18,gdelt_gkg_observation,20241017154500-59,Direct headline match with company alias,,,
212755b6f2ba64a699ca3893ed6c67c6f7d7ad7a,INFY.NS,Infosys,Infosys beats Wipro as European clients spur growth,livemint.com,https://www.livemint.com/companies/company-results/infosys-wipro-second-quarter-results-beat-expectations-growth-in-demand-rising-hopes-for-indias-it-services-sector-11729173884789.html,,2024-10-17T21:15:00+05:30,20241017154500,2024-10-18,gdelt_gkg_observation,20241017154500-1866,Direct headline match with company alias,,,
15145e080b1c290f00edc49fdc117dc998e14923,INFY.NS,Infosys,"Top stories on 17 October: Infosys, Wipro Q2 results, Bahraich encounter bid, India's lowest Test score & more",livemint.com,https://www.livemint.com/news/india/top-stories-on-17-october-infosys-wipro-q2-results-bahraich-encounter-bid-indias-lowest-test-score-more-11729173341939.html,,2024-10-17T21:15:00+05:30,20241017154500,2024-10-18,gdelt_gkg_observation,20241017154500-1696,Direct headline match with company alias,,,
a70f8e5f4a5b1c2179d0ff108792c9dcfc909e2a,INFY.NS,Infosys,"Infosys, Wipro show strong sequential growth in Q2 dollar revenue",indiatimes.com,https://economictimes.indiatimes.com/markets/stocks/earnings/infosys-wipro-show-strong-sequential-growth-in-q2-dollar-revenue/articleshow/114322951.cms,,2024-10-17T21:15:00+05:30,20241017154500,2024-10-18,gdelt_gkg_observation,20241017154500-351,Direct headline match with company alias,,,
0e4ba6412b9088eca132bf0ba213bd54fc7526e0,INFY.NS,Infosys,"Top Stories On 17 October: Infosys, Wipro Q2 Results, Bahraich Encounter Bid, India's Lowest Test Score & More",menafn.com,https://menafn.com/1108791409/Top-Stories-On-17-October-Infosys-Wipro-Q2-Results-Bahraich-Encounter-Bid-Indias-Lowest-Test-Score-More,2024-10-17T05:30:00+05:30,2024-10-17T21:45:00+05:30,20241017161500,2024-10-18,publisher_published_at,20241017161500-1032,Direct headline match with company alias,,,
49d42af4c163c146712693eb3477a2c17bdba536,INFY.NS,Infosys,Infosys: Strong performance with broad based revenue growth in CC of 3.1% sequentially and 3.3% YoY - So-Co-IT,so-co-it.com,https://www.so-co-it.com/post/712891/infosys-strong-performance-with-broad-based-revenue-growth-in-cc-of-3-1-sequentially-and-3-3-yoy.html,2024-10-17T19:54:00+05:30,2024-10-17T22:00:00+05:30,20241017163000,2024-10-18,publisher_published_at,20241017163000-1664,Direct headline match with company alias,,,
dbcf246c373199c37f1d25dd0252be7254e5c1ac,INFY.NS,Infosys,"IT major Infosys logs 4.7 pc increase in Q2 net profit at Rs 6,506 crore",newkerala.com,https://www.newkerala.com/news/2024/65393.htm,,2024-10-17T22:00:00+05:30,20241017163000,2024-10-18,gdelt_gkg_observation,20241017163000-2096,Direct headline match with company alias,,,
d2b8e2cba42e462ea08bed6fd0329918890da855,INFY.NS,Infosys,"IT major Infosys logs 4.7 pc increase in Q2 net profit at Rs 6,506 crore",ibtimes.co.in,https://www.ibtimes.co.in/it-major-infosys-posts-4-7-pc-increase-q2-net-profit-rs-6506-crore-873450,2024-10-17T17:53:00+05:30,2024-10-17T22:00:00+05:30,20241017163000,2024-10-18,publisher_published_at,20241017163000-818,Direct headline match with company alias,,,
a8d6537f77bd716f8659a82d376ee4d9f143b46e,INFY.NS,Infosys,Akshata Murty could receive up to £7.5m after Infosys increases dividend,theguardian.com,https://www.theguardian.com/politics/2024/oct/17/akshata-murty-could-receive-up-to-75m-after-infosys-increases-dividend,,2024-10-17T22:30:00+05:30,20241017170000,2024-10-18,gdelt_gkg_observation,20241017170000-2176,Direct headline match with company alias,,,
950e30c645230ce6e8ed37c1c5acfe0d479eb5c7,INFY.NS,Infosys,Akshata Murty could receive up to £7.5m after Infosys increases dividend,aol.co.uk,https://www.aol.co.uk/news/akshata-murty-could-receive-7-162915380.html,,2024-10-17T22:30:00+05:30,20241017170000,2024-10-18,gdelt_gkg_observation,20241017170000-88,Direct headline match with company alias,,,
7f9baa5f4c845b5debb3e020ff4284c7bcabd34e,INFY.NS,Infosys,Infosys: Strong performance with broad based revenue growth in CC of 3.1% sequentially and 3.3% YoY,newswire.ca,https://www.newswire.ca/news-releases/infosys-strong-performance-with-broad-based-revenue-growth-in-cc-of-3-1-sequentially-and-3-3-yoy-842518809.html,,2024-10-17T23:00:00+05:30,20241017173000,2024-10-18,gdelt_gkg_observation,20241017173000-703,Direct headline match with company alias,,,
c0f163a0fd0ce4c7d1854332b11ea9408b942821,INFY.NS,Infosys,Akshata Murty could receive up to £7.5m after Infosys increases dividend,biztoc.com,https://biztoc.com/x/e363b06da34925ce,2024-10-17T21:59:00+05:30,2024-10-17T23:15:00+05:30,20241017174500,2024-10-18,publisher_published_at,20241017174500-1001,Direct headline match with company alias,,,
644ae0b398a83071b3dc2d2118a8bce6754d173f,INFY.NS,Infosys,"What to watch for trade on October 18? Focus on Axis Bank, Adani Enterprises, Infosys, and Wipro",financialexpress.com,https://www.financialexpress.com/market/what-to-watch-for-trade-on-october-18-focus-on-axis-bank-adani-enterprises-infosys-and-wipro-3643059,2024-10-17T21:59:00+05:30,2024-10-17T23:30:00+05:30,20241017180000,2024-10-18,publisher_published_at,20241017180000-2175,Direct headline match with company alias,,,
ff94f3e304b7a134b7226d220650ab9f955dcb3a,INFY.NS,Infosys,"Infosys, Wipro revenue forecasts fail to impress investors",thefrontierpost.com,https://thefrontierpost.com/infosys-wipro-revenue-forecasts-fail-to-impress-investors,,2024-10-17T23:45:00+05:30,20241017181500,2024-10-18,gdelt_gkg_observation,20241017181500-17,Direct headline match with company alias,,,
27f1de63c6a31d0261369bc289203203567194c3,INFY.NS,Infosys,"Infosys reports ₹40,986 crore in quarterly revenue, revises FY25 guidance upwards",thehindubusinessline.com,https://www.thehindubusinessline.com/info-tech/infosys-reports-40986-crore-in-quarterly-revenue-revises-fy25-guidance-upwards/article68765557.ece,2024-10-17T20:42:00+05:30,2024-10-18T00:00:00+05:30,20241017183000,2024-10-18,publisher_published_at,20241017183000-1170,Direct headline match with company alias,,,
22db463d978469e4fd9d183116be2c2f758648ce,INFY.NS,Infosys,"Infosys Q2 results: Nothing to celebrate or complain about, but will current valuations sustain?",thehindubusinessline.com,https://www.thehindubusinessline.com/portfolio/infosys-q2-results-nothing-to-celebrate-or-complain-about-but-will-current-valuations-sustain/article68765889.ece,2024-10-17T21:49:00+05:30,2024-10-18T00:00:00+05:30,20241017183000,2024-10-18,publisher_published_at,20241017183000-1650,Direct headline match with company alias,,,
a80070e75f6e80f6fad0b7280887862879f7ac17,INFY.NS,Infosys,"Good news for Narayana Murthy, Infosys net profit rises to Rs 6,506 crore",dnaindia.com,https://www.dnaindia.com/business/report-good-news-for-narayana-murthy-infosys-net-profit-rises-to-rs-6506-crore-3113838,,2024-10-18T00:15:00+05:30,20241017184500,2024-10-18,gdelt_gkg_observation,20241017184500-878,Direct headline match with company alias,,,
1af0e6fd1215c3c97b76d576a30d36a518294ddd,INFY.NS,Infosys,Infosys: Strong performance with broad based revenue growth in CC of 3.1 per cent sequentially and 3.3 per cent YoY,aninews.in,https://www.aninews.in/news/business/infosys-strong-performance-with-broad-based-revenue-growth-in-cc-of-31-per-cent-sequentially-and-33-per-cent-yoy20241017182123,,2024-10-18T00:15:00+05:30,20241017184500,2024-10-18,gdelt_gkg_observation,20241017184500-1705,Direct headline match with company alias,,,
1583bb83a3ba7fd2fd4902c631113b950ad2ce13,INFY.NS,Infosys,"Infosys profit rises 5 pc YoY in Q2 to Rs 6,506 crore, declared dividend",uniindia.com,http://www.uniindia.com/infosys-profit-rises-5-pc-yoy-in-q2-to-rs-6-506-crore-declared-dividend/business-economy/news/3306511.html,,2024-10-18T00:30:00+05:30,20241017190000,2024-10-18,gdelt_gkg_observation,20241017190000-558,Direct headline match with company alias,,,
6392380df47e25f7c41333ae89c5abd349307f86,INFY.NS,Infosys,"Infosys, Wipro see headcount rise in Q2",financialexpress.com,https://www.financialexpress.com/business/industry-infosys-wipro-see-headcount-rise-in-q2-3643009,2024-10-18T00:30:00+05:30,2024-10-18T01:30:00+05:30,20241017200000,2024-10-18,publisher_published_at,20241017200000-226,Direct headline match with company alias,,,
f45b2fc6efc4b5b370e6ff8377ca30b95f4cf160,INFY.NS,Infosys,Infosys Q2 net profit rises 4.7 per cent,dailypioneer.com,https://www.dailypioneer.com/2024/business/infosys-q2-net-profit-rises-4-7-per-cent.html,,2024-10-18T04:00:00+05:30,20241017223000,2024-10-18,gdelt_gkg_observation,20241017223000-1511,Direct headline match with company alias,,,
4bce4f09b9b755aaeacc2aaceee16459d0874162,INFY.NS,Infosys,Infosys: ఇన్ఫోసిస్‌ లాభం రూ.6506 కోట్లు,eenadu.net,https://www.eenadu.net/telugu-news/business/infosys-profit-is-rs-6506-crores/0101/124188489,,2024-10-18T05:15:00+05:30,20241017234500,2024-10-18,gdelt_gkg_observation,20241017234500-T243,Direct headline match with company alias,,,
3fa2d74abdd2ff0f0536d8a8b3fbb58f713d1728,INFY.NS,Infosys,"Infosys: Infosys net profit rises 4.7% in Q2, misses Street estimates",indiatimes.com,https://economictimes.indiatimes.com/tech/information-tech/infosys-net-profit-rises-4-7-in-q2-misses-street-estimates/articleshow/114326215.cms,,2024-10-18T06:30:00+05:30,20241018010000,2024-10-18,gdelt_gkg_observation,20241018010000-388,Direct headline match with company alias,,,
e9e0bdf3727edabcff138ae81bc751e4ead6914e,INFY.NS,Infosys,"Infosys Q2 results: Infosys net profit rises 4.7% in Q2, misses Street estimates",indiatimes.com,https://economictimes.indiatimes.com/markets/stocks/earnings/infosys-net-profit-rises-4-7-in-q2-misses-street-estimates/articleshow/114331924.cms,,2024-10-18T06:45:00+05:30,20241018011500,2024-10-18,gdelt_gkg_observation,20241018011500-1491,Direct headline match with company alias,,,
0ce95aea34551afe4b80a26d1d25a0652ed1ed02,INFY.NS,Infosys,"Infosys Net Profit Rises 4.7% in Q2, Misses St Estimates",indiatimes.com,https://economictimes.indiatimes.com/epaper/delhicapital/2024/oct/18/et-front/infosys-reports-47-net-profit-growth-in-q2-fails-to-meet-expectations/articleshow/114328578.cms,,2024-10-18T07:15:00+05:30,20241018014500,2024-10-18,gdelt_gkg_observation,20241018014500-1181,Direct headline match with company alias,,,
905d20b77a6498ef06b43eb78d808ffe8ce8f92c,INFY.NS,Infosys,"Railway ticket booking new rule gold at all time high| wipro and Infosys Q2 result | रेलवे ने एडवांस टिकट बुकिंग की टाइम घटाई: सोना ₹76,810 के ऑल टाइम हाई पर पहुंचा; ​​​​​​​विप्रो अपने शेयरधारकों को 1:1 बोनस शेयर देगी",bhaskar.com,https://www.bhaskar.com/business/news/railway-ticket-booking-new-rule-gold-at-all-time-high-133820907.html,,2024-10-18T07:45:00+05:30,20241018021500,2024-10-18,gdelt_gkg_observation,20241018021500-T943,Direct headline match with company alias,,,
5d883e5917616898e6d167b11cf9ebfa9aaf1d6a,INFY.NS,Infosys,"Stock Radar: Infosys, Wipro, Axis Bank, LTIMindtree, Zomato, MGL, IGL, Polycab, Tata Chemicals in focus on Friday",moneycontrol.com,https://www.moneycontrol.com/news/business/markets/stock-radar-infosys-wipro-axis-bank-ltimindtree-zomato-mgl-igl-polycab-tata-chemicals-in-focus-on-friday-12844462.html,,2024-10-18T08:00:00+05:30,20241018023000,2024-10-18,gdelt_gkg_observation,20241018023000-449,Direct headline match with company alias,,,
5d323362573193980770674ebb4159ad5b270120,INFY.NS,Infosys,"Trade Spotlight: How should you trade Infosys, L&T, TCS, SBI, GMM Pfaudler, Hindalco, NCC and others on Friday?",moneycontrol.com,https://www.moneycontrol.com/news/business/markets/trade-spotlight-how-should-you-trade-infosys-lt-tcs-sbi-gmm-pfaudler-hindalco-ncc-and-others-on-friday-12844465.html,,2024-10-18T08:00:00+05:30,20241018023000,2024-10-18,gdelt_gkg_observation,20241018023000-514,Direct headline match with company alias,,,
4f87321322240aba5f70402854bef78b231354dd,INFY.NS,Infosys,"Infosys to be impacted by salary hikes, furloughs, fewer working days in H2FY25",moneycontrol.com,https://www.moneycontrol.com/news/business/earnings/infosys-to-be-impacted-by-salary-hikes-furloughs-fewer-working-days-in-h2fy25-12844441.html,,2024-10-18T08:00:00+05:30,20241018023000,2024-10-18,gdelt_gkg_observation,20241018023000-133,Direct headline match with company alias,,,
c04c62fa88a2fa0f77f06ffb943930998d3426b2,INFY.NS,Infosys,"Big movers on D-Street: What should investors do with Wipro, Infosys and LTIMindtree?",indiatimes.com,https://economictimes.indiatimes.com/markets/stocks/news/big-movers-on-d-street-what-should-investors-do-with-wipro-infosys-and-ltimindtree/articleshow/114332647.cms,,2024-10-18T08:15:00+05:30,20241018024500,2024-10-18,gdelt_gkg_observation,20241018024500-713,Direct headline match with company alias,,,
1e036ac1200f45879c80f40ed36749acc8f784ed,INFY.NS,Infosys,Infosys poised to regain its No.2 rank as quarterly revenue edges past Cognizant,livemint.com,https://www.livemint.com/companies/company-results/infosys-poised-to-regain-its-no-2-rank-as-quarterly-revenue-edges-past-cognizant-11729170355135.html,2024-10-18T05:30:00+05:30,2024-10-18T08:30:00+05:30,20241018030000,2024-10-18,publisher_published_at,20241018030000-611,Direct headline match with company alias,,,
0a8ec60781cb513eaac90c55e8a87ef189c2f0c2,INFY.NS,Infosys,"Infosys Q2 revenue up 3.3%, Wipro's drops 2.3% YoY",indiatimes.com,https://timesofindia.indiatimes.com/business/india-business/infosys-q2-revenue-up-3-3-wipros-drops-2-3-yoy/articleshow/114332230.cms,,2024-10-18T08:30:00+05:30,20241018030000,2024-10-18,gdelt_gkg_observation,20241018030000-1155,Direct headline match with company alias,,,
69521ddebe38b8783e7781599a3d98aae710d9a0,INFY.NS,Infosys,"Infosys shares: Should you buy, hold or sell this IT stock post mixed Q2 results?",businesstoday.in,https://www.businesstoday.in/markets/stocks/story/infosys-shares-should-you-buy-hold-or-sell-this-it-stock-post-mixed-q2-results-450555-2024-10-18,,2024-10-18T08:30:00+05:30,20241018030000,2024-10-18,gdelt_gkg_observation,20241018030000-1137,Direct headline match with company alias,,,
b3ab5e5ac7dd0d4ab843fc2bcb389f417c1cae9e,INFY.NS,Infosys,Infosys Share Price: Stock to Watch: Infosys shares in focus after company raises FY25 guidance,indiatimes.com,https://economictimes.indiatimes.com/markets/stocks/news/stock-to-watch-infosys-shares-in-focus-after-company-raises-fy25-guidance/articleshow/114333137.cms,,2024-10-18T08:45:00+05:30,20241018031500,2024-10-18,gdelt_gkg_observation,20241018031500-120,Direct headline match with company alias,,,
88d76962aa5e4ab7617f8e0e119684d5d2de79a4,INFY.NS,Infosys,"Stock Market LIVE: GIFT Nifty indicates a negative start for Sensex and Nifty; Infosys, Wipro, Axis Bank in focus",financialexpress.com,https://www.financialexpress.com/market/share-market-today-live-updates-nifty-50-bse-sensex-latest-news-18-october-2024-3643185,2024-10-18T07:29:00+05:30,2024-10-18T09:00:00+05:30,20241018033000,2024-10-18,publisher_published_at,20241018033000-1050,Direct headline match with company alias,,,
baa3a0da24b0205220e23b2a5739d6e63f459b7a,INFY.NS,Infosys,"Stocks To Watch: Infosys, Wipro, Axis Bank, Reliance Industries, Tata Chemicals, Zomato, Adani Enterprises, L&T, Jio Financial, Oberoi Realty",financialexpress.com,https://www.financialexpress.com/market/stocks-to-watch-infosys-wipro-axis-bank-reliance-industries-tata-chemicals-zomato-adani-enterprises-lampt-jio-financial-oberoi-realty-3643168,2024-10-18T06:34:00+05:30,2024-10-18T09:00:00+05:30,20241018033000,2024-10-18,publisher_published_at,20241018033000-954,Direct headline match with company alias,,,
3ec9082d72148b3a4236f27b2339ec56349fe4f5,INFY.NS,Infosys,"Infosys Share Price Today Live Updates, 18 Oct, 2024: Infosys on the radar",financialexpress.com,https://www.financialexpress.com/market/infosys-share-price-today-live-updates-18-oct-2024-3643164,2024-10-18T08:03:00+05:30,2024-10-18T09:00:00+05:30,20241018033000,2024-10-18,publisher_published_at,20241018033000-1081,Direct headline match with company alias,,,
6fd54bee4b2f3a4a6b2192578fc6bfe09358f447,INFY.NS,Infosys,IT stocks outlook | Mphasis | Infosys: Things to start looking bright for IT cos after a month; pockets of rural consumption picking up: Sudip Bandyopadhyay,indiatimes.com,https://economictimes.indiatimes.com/markets/expert-view/things-to-start-looking-bright-for-it-cos-after-a-month-pockets-of-rural-consumption-picking-up-sudip-bandyopadhyay/articleshow/114321414.cms,,2024-10-18T09:00:00+05:30,20241018033000,2024-10-18,gdelt_gkg_observation,20241018033000-822,Direct headline match with company alias,,,
1bac60f341803c1b48b0d146ade6ae60898181fe,INFY.NS,Infosys,"Stocks in news: RIL, Infosys, Wipro, Axis Bank, LTIMindtree, Adani Enterprises, TCS & Zomato",businesstoday.in,https://www.businesstoday.in/markets/story/stocks-in-news-ril-infosys-wipro-axis-bank-ltimindtree-adani-enterprises-tcs-zomato-450562-2024-10-18,,2024-10-18T09:30:00+05:30,20241018040000,2024-10-18,gdelt_gkg_observation,20241018040000-451,Direct headline match with company alias,,,
55e80cf6ef05757611cb740c16d83f2fb1782d40,INFY.NS,Infosys,Brokerages cheer as Infosys raises guidance for yet another quarter,moneycontrol.com,https://www.moneycontrol.com/news/business/markets/brokerages-cheer-as-infosys-raises-guidance-for-yet-another-quarter-12844497.html,,2024-10-18T09:30:00+05:30,20241018040000,2024-10-18,gdelt_gkg_observation,20241018040000-707,Direct headline match with company alias,,,
30ec52bf4a58b2ff07af07b3729f9f52c35c9dd6,INFY.NS,Infosys,Buy Infosys; target of Rs 2270: Sharekhan,moneycontrol.com,https://www.moneycontrol.com/news/business/stocks/buy-infosys-target-of-rs-2270-sharekhan-12844575.html,,2024-10-18T09:30:00+05:30,20241018040000,2024-10-18,gdelt_gkg_observation,20241018040000-969,Direct headline match with company alias,,,
f04a40f9ce83c0b18bd80cb410b714c1723b8c61,INFY.NS,Infosys,"Sensex Today | Stock Market LIVE Updates: Sensex declines 550 pts, Nifty below 24,600; Infosys drops 3%, Axis Bank rises 3%",indiatimes.com,https://economictimes.indiatimes.com/markets/stocks/live-blog/bse-sensex-today-live-nifty-stock-market-updates-18-october-2024/liveblog/114332324.cms,,2024-10-18T09:45:00+05:30,20241018041500,2024-10-18,gdelt_gkg_observation,20241018041500-571,Direct headline match with company alias,,,
3c580d43fd2dee778cc19e0fe04976e807cfaf34,INFY.NS,Infosys,Infosys reverses this 'employee trend' after 6 quarters,indiatimes.com,https://timesofindia.indiatimes.com/technology/tech-news/infosys-reverses-this-employee-trend-after-6-quarters/articleshow/114334104.cms,,2024-10-18T09:45:00+05:30,20241018041500,2024-10-18,gdelt_gkg_observation,20241018041500-51,Direct headline match with company alias,,,
61219965bb9fdbf92523064eaa4913a6b3907278,INFY.NS,Infosys,"Stock Market: Fry-day! Infosys, HDFC Bank drag Sensex over 550 pts lower, Nifty slides below 24,600",indiatimes.com,https://economictimes.indiatimes.com/markets/stocks/news/fry-day-infosys-hdfc-bank-drag-sensex-over-550-pts-lower-nifty-slides-below-24600/articleshow/114335447.cms,,2024-10-18T10:00:00+05:30,20241018043000,2024-10-18,gdelt_gkg_observation,20241018043000-317,Direct headline match with company alias,,,
350146320b9be03d05eabd6ffe54a13a61e2abfe,INFY.NS,Infosys,Infosys Q2 FY25 – Commentary reassuring from a long-term perspective,moneycontrol.com,https://www.moneycontrol.com/news/business/earnings/infosys-q2-fy25-commentary-reassuring-from-a-long-term-perspective-12844551.html,,2024-10-18T10:30:00+05:30,20241018050000,2024-10-18,gdelt_gkg_observation,20241018050000-517,Direct headline match with company alias,,,
3b2866117168320773feb26f4c415c4ea757d537,INFY.NS,Infosys,"Stocks To Watch: Jio Financials, Wipro, Infosys, Axis Bank, Zomato, Nestle, And Others",news18.com,https://www.news18.com/business/markets/stocks-to-watch-jio-financials-wipro-infosys-axis-bank-zomato-nestle-and-others-9089932.html,2024-10-18T08:30:00+05:30,2024-10-18T10:30:00+05:30,20241018050000,2024-10-18,publisher_published_at,20241018050000-550,Direct headline match with company alias,,,
c7a524cea6fd7a11d881880c68fd2efc1a2aa906,INFY.NS,Infosys,"Stock Market Updates: Sensex Falls 500 Points, Nifty Tests 24,600; Infosys Drops 3%",news18.com,https://www.news18.com/business/markets/stock-market-updates-sensex-falls-500-points-nifty-tests-24600-infosys-drops-3-9089997.html,2024-10-18T09:31:00+05:30,2024-10-18T10:30:00+05:30,20241018050000,2024-10-18,publisher_published_at,20241018050000-111,Direct headline match with company alias,,,
ef0ff80d97f717a15a2064703328c76a932e4912,INFY.NS,Infosys,"Buy Infosys, target price Rs 2,200: Motilal Oswal Financial Services",indiatimes.com,https://economictimes.indiatimes.com/markets/stocks/recos/buy-infosys-target-price-rs-2200-motilal-oswal-financial-services/articleshow/114336515.cms,,2024-10-18T10:30:00+05:30,20241018050000,2024-10-18,gdelt_gkg_observation,20241018050000-1015,Direct headline match with company alias,,,
219bd8f23b189545a34c963ed991e8182b7d0599,INFY.NS,Infosys,"Infosys shares drop 4% as Q2 results disappoint D-St. Should you buy, sell or hold?",indiatimes.com,https://economictimes.indiatimes.com/markets/stocks/news/infosys-shares-drop-4-as-q2-results-disappoint-d-st-should-you-buy-sell-or-hold/articleshow/114336269.cms,,2024-10-18T10:30:00+05:30,20241018050000,2024-10-18,gdelt_gkg_observation,20241018050000-421,Direct headline match with company alias,,,
d6a1f17821e29ec42b261ec44bdfbfb827ec6d15,INFY.NS,Infosys,"Sandip Agarwal on what should investors do with Infosys, TCS, and Wipro stocks",indiatimes.com,https://economictimes.indiatimes.com/markets/expert-view/sandip-agarwal-on-what-should-investors-do-with-infosys-tcs-and-wipro-stocks/articleshow/114336630.cms,,2024-10-18T10:30:00+05:30,20241018050000,2024-10-18,gdelt_gkg_observation,20241018050000-436,Direct headline match with company alias,,,
6cfa68d3210be6d5bfb67f823d1fdf15c7a27cc1,INFY.NS,Infosys,Infosys share price: Infosys stock slips 4% after slight miss in Q2 earnings,moneycontrol.com,https://www.moneycontrol.com/news/business/markets/infosys-stock-slips-4-after-slight-miss-in-q2-earnings-12844586.html,,2024-10-18T10:30:00+05:30,20241018050000,2024-10-18,gdelt_gkg_observation,20241018050000-901,Direct headline match with company alias,,,
1de7d1cc4f405dc76b2677af175a0133c3039952,INFY.NS,Infosys,"Top Stocks For October 18: Infosys, L&T, Wipro & Others In Focus",freepressjournal.in,https://www.freepressjournal.in/business/top-stocks-for-october-18-infosys-lt-wipro-others-in-focus,2024-10-18T09:07:00+05:30,2024-10-18T11:00:00+05:30,20241018053000,2024-10-18,publisher_published_at,20241018053000-846,Direct headline match with company alias,,,
a745c8052e4330a64a932a93008f9211e7830573,INFY.NS,Infosys,"Infosys sees 5% rise in Q2 net, raises revenue outlook",indianexpress.com,https://indianexpress.com/article/business/companies/infosys-rise-q2-net-raises-revenue-outlook-9626466,2024-10-18T10:58:00+05:30,2024-10-18T12:15:00+05:30,20241018064500,2024-10-18,publisher_published_at,20241018064500-754,Direct headline match with company alias,,,
b33fdd758517c536905e0c289b973529da87196c,INFY.NS,Infosys,"Infosys Falls 4% As Q2 Earnings Slightly Misses Street Estimates; Buy, Sell Or Hold?",news18.com,https://www.news18.com/business/markets/infosys-share-price-infosys-falls-4-as-q2-earnings-slightly-misses-street-estimates-buy-sell-or-hold-9090111.html,2024-10-18T10:37:00+05:30,2024-10-18T12:45:00+05:30,20241018071500,2024-10-18,publisher_published_at,20241018071500-616,Direct headline match with company alias,,,
409c21a490c92e47b99d499a42a4749d9fc17253,INFY.NS,Infosys,Buy Infosys; target of Rs 2260 Prabhudas Lilladher,moneycontrol.com,https://www.moneycontrol.com/news/business/stocks/buy-infosys-target-of-rs-2260-prabhudas-lilladher-12844787.html,,2024-10-18T13:15:00+05:30,20241018074500,2024-10-18,gdelt_gkg_observation,20241018074500-531,Direct headline match with company alias,,,
7f92c5118054c9b6a60d0466e9aecdf1c63bb2a8,INFY.NS,Infosys,"TCS, Infosys, HCL Tech, Wipro Q2 Results: Who Performed Better, Is IT Sector Out of the Woods?",news18.com,https://www.news18.com/business/tcs-infosys-hcl-tech-wipro-q2-results-who-performed-better-is-it-sector-out-of-the-woods-9090271.html,2024-10-18T13:04:00+05:30,2024-10-18T13:30:00+05:30,20241018080000,2024-10-18,publisher_published_at,20241018080000-881,Direct headline match with company alias,,,
2d03c6dcb6900f7acb05e6312a5eb3916b09b554,INFY.NS,Infosys,"Infosys share price dips 5% as Q2 numbers miss expectations, guidance disappoints",livemint.com,https://www.livemint.com/market/stock-market-news/infosys-share-price-dips-5-as-q2-numbers-miss-expectations-guidance-disappoints-11729230622412.html,,2024-10-18T13:45:00+05:30,20241018081500,2024-10-18,gdelt_gkg_observation,20241018081500-749,Direct headline match with company alias,,,
5996b1f751460682826758bf2c9899628917932f,INFY.NS,Infosys,Infosys' mixed signals give cold vibes to investors,livemint.com,https://www.livemint.com/market/mark-to-market/infosys-shares-q2-results-it-companies-wipro-tcs-cc-revenue-growth-it-spending-deal-wins-guidance-ebit-margin-11729232609356.html,2024-10-18T12:46:00+05:30,2024-10-18T13:45:00+05:30,20241018081500,2024-10-18,publisher_published_at,20241018081500-840,Direct headline match with company alias,,,
749914d79c95852e3f9003d44a28721caf023c1a,INFY.NS,Infosys,"Infosys Share Price; Q2 Results 2024 Impact | Net Profit Dividend | नतीजों के बाद इंफोसिस का शेयर 4% टूटा: 1880 रुपए पर कारोबार कर रहा, दूसरी तिमाही में 6,506 करोड़ रुपए का मुनाफा",bhaskar.com,https://www.bhaskar.com/business/news/infosys-shares-fell-after-the-results-133824557.html,,2024-10-18T13:45:00+05:30,20241018081500,2024-10-18,gdelt_gkg_observation,20241018081500-T278,Direct headline match with company alias,,,
5d82542d7e6e20408b87576de4eda8aad09896ff,INFY.NS,Infosys,Infosys Q2 Results Live: Profit Rise by 4.73% YoY,livemint.com,https://www.livemint.com/companies/company-results/infosys-q2-results-live-profit-rise-by-4-73-yoy-11729230345445.html,,2024-10-18T14:30:00+05:30,20241018090000,2024-10-18,gdelt_gkg_observation,20241018090000-628,Direct headline match with company alias,,,
a1a5d30db1257d9e3bc899ac87c86991c7a1af47,INFY.NS,Infosys,Accumulate Infosys; target of Rs 2110: KR Choksey,moneycontrol.com,https://www.moneycontrol.com/news/business/stocks/accumulate-infosys-target-of-rs-2110-kr-choksey-12844977.html,,2024-10-18T15:45:00+05:30,20241018101500,2024-10-21,gdelt_gkg_observation,20241018101500-1408,Direct headline match with company alias,,,
b4f8aab8cb9f7c9a720eb0e96aa44c8432da241b,INFY.NS,Infosys,"Infosys shares fall 4% after the results | પરિણામો બાદ ઈન્ફોસિસના શેરમાં 4%નો ઘટાડો: રૂ. 1880 પર ટ્રેડિંગ, બીજા ક્વાર્ટરમાં રૂ. 6,506 કરોડનો નફો",divyabhaskar.co.in,https://www.divyabhaskar.co.in/business/news/infosys-shares-fall-4-after-the-results-133824864.html,,2024-10-18T16:15:00+05:30,20241018104500,2024-10-21,gdelt_gkg_observation,20241018104500-T1141,Direct headline match with company alias,,,
fc3ac1f04c53b3e24bef0a2a02cc0f79653fc05a,INFY.NS,Infosys,"Top Gainers and Losers today on 18 October, 2024: Axis Bank, Wipro, Infosys, Asian Paints among most active stocks; Check full list here",livemint.com,https://www.livemint.com/market/stock-market-news/top-gainers-and-losers-today-on-18-october-2024-axis-bank-wipro-infosys-asian-paints-among-most-active-stocks-check-full-list-here-11729247590925.html,,2024-10-18T16:45:00+05:30,20241018111500,2024-10-21,gdelt_gkg_observation,20241018111500-1510,Direct headline match with company alias,,,
a045a35fb31b194842dce6849d4ece3aeaa65508,INFY.NS,Infosys,"Infosys Q2FY25 net profit rises 4.7% YoY Rs 6,606 cr | Indiablooms - First Portal on Digital News Management",indiablooms.com,https://www.indiablooms.com/finance-details/21464/infosys-q2fy25-net-profit-rises-4-7-yoy-rs-6-606-cr.html,,2024-10-18T17:45:00+05:30,20241018121500,2024-10-21,gdelt_gkg_observation,20241018121500-666,Direct headline match with company alias,,,
8db12fddf818ed7323ca289a6abe31b709986c7a,INFY.NS,Infosys,"When JRD Tata told Infosys co-founder Narayana Murthy: ""Young man, don't make your wife …""",indiatimes.com,https://timesofindia.indiatimes.com/technology/tech-news/when-jrd-tata-told-infosys-co-founder-narayana-murthy-young-man-dont-make-your-wife-/articleshow/114348561.cms,,2024-10-18T18:00:00+05:30,20241018123000,2024-10-21,gdelt_gkg_observation,20241018123000-642,Direct headline match with company alias,,,
cffda33c62a917adef16bd63405745835ae194d3,INFY.NS,Infosys,"Infosys shares fell 4% after the results | निकालानंतर इन्फोसिसचे शेअर 4% घसरले: रु.1880 वर ट्रेडिंग, दुसऱ्या तिमाहीत रु. 6,506 कोटी नफा",bhaskar.com,https://divyamarathi.bhaskar.com/business/news/infosys-shares-fell-4-after-the-results-133825060.html,,2024-10-18T18:15:00+05:30,20241018124500,2024-10-21,gdelt_gkg_observation,20241018124500-T1956,Direct headline match with company alias,,,
d69b84e4d9822abf048802ddefb5503e9948b5cc,INFY.NS,Infosys,Infosys Limited (NYSE:INFY) Q2 2025 Earnings Call Transcript,insidermonkey.com,https://www.insidermonkey.com/blog/infosys-limited-nyseinfy-q2-2025-earnings-call-transcript-1376181,,2024-10-18T18:15:00+05:30,20241018124500,2024-10-21,gdelt_gkg_observation,20241018124500-1103,Direct headline match with company alias,,,
f347f2ab990cabf0d9f8d07910a75b464d53a4af,INFY.NS,Infosys,"Krane Funds Advisors LLC Has $38,000 Stock Holdings in Infosys Limited (NYSE:INFY)",biztoc.com,https://biztoc.com/x/853210f45cc62cc2,2024-10-18T17:55:00+05:30,2024-10-18T19:00:00+05:30,20241018133000,2024-10-21,publisher_published_at,20241018133000-1756,Direct headline match with company alias,,,
a533ac4ed51b81d9331d613efdfd3786055538cd,INFY.NS,Infosys,Infosys shares tumble 4.50 per cent post earnings announcement,dailypioneer.com,https://www.dailypioneer.com/2024/business/infosys-shares-tumble-4-50-per-cent-post-earnings-announcement.html,,2024-10-19T02:30:00+05:30,20241018210000,2024-10-21,gdelt_gkg_observation,20241018210000-1011,Direct headline match with company alias,,,
c2a416dbc7bdb32a17b053252ab302bc6e02fe76,INFY.NS,Infosys,Infosys: మోసపూరిత ఆఫర్లకు చెక్‌,eenadu.net,https://www.eenadu.net/telugu-news/business/new-website-to-know-details-of-job-vacancies/0101/124189169,,2024-10-19T04:30:00+05:30,20241018230000,2024-10-21,gdelt_gkg_observation,20241018230000-T1144,Direct headline match with company alias,,,
60fed76ddb908f66b57e8550ff19bf40ed60390e,INFY.NS,Infosys,6506 crore profit for Infosys in the second quarter,tarunbharat.com,https://www.tarunbharat.com/6506-crore-profit-for-infosys-in-the-second-quarter,2024-10-19T06:30:00+05:30,2024-10-19T10:00:00+05:30,20241019043000,2024-10-21,publisher_published_at,20241019043000-T896,Direct headline match with company alias,,,
03db91041b786d94b239691f67d058660a87bd89,INFY.NS,Infosys,"दूसरी तिमाही में इन्फोसिस का मुनाफा 2.2% बढ़ा, आय 4.3% बढ़ी",sharemanthan.in,https://www.sharemanthan.in/61-news/corporate-update/76532-infosys-q2-profit-ebit-revenue-cc-attrition-margin-19102024,,2024-10-19T16:45:00+05:30,20241019111500,2024-10-21,gdelt_gkg_observation,20241019111500-T2051,Direct headline match with company alias,,,
9add34b7116f20d167e1a3495a356ad95e041b1d,INFY.NS,Infosys,Infosys (NYSE:INFY) Shares Gap Down – Here's Why,themarketsdaily.com,https://www.themarketsdaily.com/2024/10/19/infosys-nyseinfy-shares-gap-down-heres-why.html,,2024-10-19T18:15:00+05:30,20241019124500,2024-10-21,gdelt_gkg_observation,20241019124500-384,Direct headline match with company alias,,,
2b79adc509f3a43e9386769de861fd75b119a7ee,INFY.NS,Infosys,Infosys (NYSE:INFY) PT Raised to $25.00,themarketsdaily.com,https://www.themarketsdaily.com/2024/10/19/infosys-nyseinfy-pt-raised-to-25-00.html,,2024-10-19T19:30:00+05:30,20241019140000,2024-10-21,gdelt_gkg_observation,20241019140000-590,Direct headline match with company alias,,,
3ab2f230c096582b182482e9821e606115b03795,INFY.NS,Infosys,'No Hope For Young People In Kerala': Infosys Ex-CFO Mohandas Pai Chides 'Left' Ideology,freepressjournal.in,https://www.freepressjournal.in/business/no-hope-for-young-people-in-kerala-infosys-ex-cfo-mohandas-pai-chides-left-ideology,2024-10-20T15:02:00+05:30,2024-10-20T16:15:00+05:30,20241020104500,2024-10-21,publisher_published_at,20241020104500-428,Direct headline match with company alias,,,
ebe4877fec4752a0806433ab1e0a82928d77a302,INFY.NS,Infosys,Wipro's Azim Premji to Infosys' Narayana Murthy: 5 richest people in Bengaluru,indiatimes.com,https://timesofindia.indiatimes.com/technology/tech-news/wipros-azim-premji-to-infosys-narayana-murthy-5-richest-people-in-bengaluru/articleshow/114352525.cms,,2024-10-20T16:15:00+05:30,20241020104500,2024-10-21,gdelt_gkg_observation,20241020104500-411,Direct headline match with company alias,,,
712510ee0093c70d1ac24cff8b8c49ae121f0572,INFY.NS,Infosys,Infosys (NYSE:INFY) Announces Earnings Results,themarketsdaily.com,https://www.themarketsdaily.com/2024/10/20/infosys-nyseinfy-announces-earnings-results.html,,2024-10-20T17:00:00+05:30,20241020113000,2024-10-21,gdelt_gkg_observation,20241020113000-660,Direct headline match with company alias,,,
4af80f0d3fc494d92c563c1eddd8b86d3e6805e3,INFY.NS,Infosys,"icici and hdfc bank did wonders infosys and lic suffered huge losses ICICI और एचडीएफसी बैंक ने किया कमाल, इन्फोसिस, एलआईसी को बड़ा नुकसान, बिज़नेस न्यूज़",livehindustan.com,https://www.livehindustan.com/business/icici-and-hdfc-bank-did-wonders-infosys-and-lic-suffered-huge-losses-201729420911873.html,,2024-10-20T18:00:00+05:30,20241020123000,2024-10-21,gdelt_gkg_observation,20241020123000-T993,Direct headline match with company alias,,,
b57e733961257d25927684825e6d1d2b52fcdc91,INFY.NS,Infosys,Infosys report shows rising cloud spending in telecoms,itbrief.co.nz,https://itbrief.co.nz/story/infosys-report-shows-rising-cloud-spending-in-telecoms,,2024-10-21T09:45:00+05:30,20241021041500,2024-10-21,gdelt_gkg_observation,20241021041500-427,Direct headline match with company alias,,,
252c85e881bde62def694b214c9bf8367a82e6e0,INFY.NS,Infosys,"Infosys, Wipro setting up GCCs for clients; helping them recruit talent",moneycontrol.com,https://www.moneycontrol.com/technology/infosys-wipro-setting-up-gccs-for-clients-helping-them-recruit-talent-article-12846310.html,,2024-10-21T12:45:00+05:30,20241021071500,2024-10-21,gdelt_gkg_observation,20241021071500-118,Direct headline match with company alias,,,
05e96558136a132e0588b1c98e3bf6631b1af134,INFY.NS,Infosys,William Blair Weighs in on Infosys' Q3 Earnings (NYSE:INFY),biztoc.com,https://biztoc.com/x/2d6a8442e03a7cbc,2024-10-21T11:41:00+05:30,2024-10-21T13:00:00+05:30,20241021073000,2024-10-21,publisher_published_at,20241021073000-274,Direct headline match with company alias,,,
2563844e97f011241263647477c485307eb15724,INFY.NS,Infosys,Blue Trust Inc. Grows Position in Infosys Limited (NYSE:INFY),biztoc.com,https://biztoc.com/x/ab8ecac4873de757,2024-10-21T14:07:00+05:30,2024-10-21T15:00:00+05:30,20241021093000,2024-10-21,publisher_published_at,20241021093000-314,Direct headline match with company alias,,,
90e1bcad366c6bed71a9c4cb0a72efc28fbb87cc,INFY.NS,Infosys,Infosys Aktie: Ermutigende Anzeichen trotz schwacher Großaufträge! (BMO Capital Markets),aktiencheck.de,https://www.aktiencheck.de/exklusiv/Artikel-Infosys_Aktie_Ermutigende_Anzeichen_trotz_schwacher_Grossauftraege-17696042,,2024-10-21T19:15:00+05:30,20241021134500,2024-10-22,gdelt_gkg_observation,20241021134500-T1372,Direct headline match with company alias,,,
36780ef53d920682a527070fac594fc01121c25c,INFY.NS,Infosys,Buy Infosys; target of Rs 2200: Motilal Oswal,moneycontrol.com,https://www.moneycontrol.com/news/business/buy-infosys-target-of-rs-2200-motilal-oswal-12847065.html,,2024-10-21T21:30:00+05:30,20241021160000,2024-10-22,gdelt_gkg_observation,20241021160000-804,Direct headline match with company alias,,,
7f506863a579e0cbaa6154a79110d27740df3f5c,INFY.NS,Infosys,Why Infosys is getting ready to scale with SLMs,diginomica.com,https://diginomica.com/why-infosys-getting-ready-scale-slms,2024-10-21T17:18:00+05:30,2024-10-21T23:15:00+05:30,20241021174500,2024-10-22,publisher_published_at,20241021174500-1229,Direct headline match with company alias,,,
1b612aaf8e9c4a9fd161b73063c7be15040472b5,INFY.NS,Infosys,Infosys Limited (NYSE:INFY) Increases Dividend to $0.21 Per Share,biztoc.com,https://biztoc.com/x/043fab4ea2f2c306,2024-10-22T02:05:00+05:30,2024-10-22T03:30:00+05:30,20241021220000,2024-10-22,publisher_published_at,20241021220000-1452,Direct headline match with company alias,,,
cbb81ed3e0749fae3af61afd198d32d90b81f31b,INFY.NS,Infosys,Infosys (NYSE:INFY) Downgraded by StockNews.com,wkrb13.com,https://www.wkrb13.com/2024/10/22/infosys-nyseinfy-downgraded-by-stocknews-com.html,,2024-10-22T09:00:00+05:30,20241022033000,2024-10-22,gdelt_gkg_observation,20241022033000-319,Direct headline match with company alias,,,
9eef558aa0bb0c98c89c9b2509e7c71d9f48d8b1,INFY.NS,Infosys,Infosys (NYSE:INFY) Downgraded by StockNews.com,biztoc.com,https://biztoc.com/x/9a8f2edc28c93803,2024-10-22T08:39:00+05:30,2024-10-22T09:30:00+05:30,20241022040000,2024-10-22,publisher_published_at,20241022040000-883,Direct headline match with company alias,,,
91ccfdb9f0061cc0026a500c725b265127b03b32,INFY.NS,Infosys,Nandan Nilekani recalls first meeting with Ratan Tata at Infosys Bengaluru: 'Struck by his humility',moneycontrol.com,https://www.moneycontrol.com/news/trends/nandan-nilekani-recalls-first-meeting-with-ratan-tata-at-infosys-bengaluru-was-struck-by-his-humility-12847157.html,,2024-10-22T09:30:00+05:30,20241022040000,2024-10-22,gdelt_gkg_observation,20241022040000-844,Direct headline match with company alias,,,
87bc6d1a2d19c28604d4dec7deb793548d504de8,INFY.NS,Infosys,"Equities Research Analysts' Downgrades for October 21st (ACU, ALV, BLMN, EWBC, ICE, INFY, LCUT, LPL, MGPI, REXR)",modernreaders.com,https://www.modernreaders.com/news/2024/10/22/equities-research-analysts-downgrades-for-october-21st-acu-alv-blmn-ewbc-ice-infy-lcut-lpl-mgpi-rexr.html,,2024-10-22T10:15:00+05:30,20241022044500,2024-10-22,gdelt_gkg_observation,20241022044500-102,Direct headline match with company alias,,,
e570d7f01352e819a979d6cb7b23852346e6933a,INFY.NS,Infosys,"Infosys Consolidated September 2024 Net Sales at Rs 40,986.00 crore, up 5.11% Y-o-Y",moneycontrol.com,https://www.moneycontrol.com/news/business/earnings/infosys-consolidated-september-2024-net-sales-at-rs-40986-00-crore-up-5-11-y-o-y-12847434.html,,2024-10-22T12:00:00+05:30,20241022063000,2024-10-22,gdelt_gkg_observation,20241022063000-1012,Direct headline match with company alias,,,
b7ccae4d9fa9f619e6c4f8afc899dcaec6703623,INFY.NS,Infosys,Infosys Limited (NYSE:INFY) Declares Semi-annual Dividend of $0.21,modernreaders.com,https://www.modernreaders.com/news/2024/10/22/infosys-limited-nyseinfy-declares-semi-annual-dividend-of-0-21.html,,2024-10-22T18:30:00+05:30,20241022130000,2024-10-23,gdelt_gkg_observation,20241022130000-1231,Direct headline match with company alias,,,
4d6b233cde3aaf8bdf88ea01afb0a99a684363c4,INFY.NS,Infosys,"Waze Co-founder and former Infosys board member, Uri Levine, Returns to Zoomcar in Strategic Advisory Role",lelezard.com,https://www.lelezard.com/en/news-21572006.html,,2024-10-22T19:00:00+05:30,20241022133000,2024-10-23,gdelt_gkg_observation,20241022133000-1674,Direct headline match with company alias,,,
7a21043541e903b22dd463807508a577693ab3fe,INFY.NS,Infosys,Infosys Limited (NYSE:INFY) Shares Sold by Oldfield Partners LLP,biztoc.com,https://biztoc.com/x/64120d12a22fdd31,2024-10-22T19:01:00+05:30,2024-10-22T19:45:00+05:30,20241022141500,2024-10-23,publisher_published_at,20241022141500-1316,Direct headline match with company alias,,,
fa9ac15ef52cd142399cdea2e60cba754e88f403,INFY.NS,Infosys,"'I was struck by his humility, grace and...': Nandan Nilekani recalls first meeting with Ratan Tata",businesstoday.in,https://www.businesstoday.in/latest/trends/story/i-was-struck-by-his-humility-grace-and-nandan-nilekani-recalls-first-meeting-with-ratan-tata-451091-2024-10-22,,2024-10-22T20:45:00+05:30,20241022151500,2024-10-23,gdelt_gkg_observation,20241022151500-1092,Direct headline match with company alias,,,
1016088b95a452a132ca8dc57c476e2b7225d6de,INFY.NS,Infosys,"Wells Fargo Customer Information Leaked in Infosys McCamish Data Breach | Console and Associates, P.C.",jdsupra.com,https://www.jdsupra.com/legalnews/wells-fargo-customer-information-leaked-4068451,,2024-10-23T03:00:00+05:30,20241022213000,2024-10-23,gdelt_gkg_observation,20241022213000-1985,Direct headline match with company alias,,,
93f32fb4cd68cca4a80cd3fbb130e3b39d7043ca,INFY.NS,Infosys,Infosys Limited (INFY): A Bull Case Theory,insidermonkey.com,https://www.insidermonkey.com/blog/infosys-limited-infy-a-bull-case-theory-1377960,,2024-10-23T04:15:00+05:30,20241022224500,2024-10-23,gdelt_gkg_observation,20241022224500-455,Direct headline match with company alias,,,
4055c460800b5c7b0c3c1c643502f47cfcf88a49,INFY.NS,Infosys,"The Achilles' heel slowing Infosys, and Salil Parekh's turnaround drive",indiatimes.com,https://economictimes.indiatimes.com/prime/technology-and-startups/the-achilles-heel-slowing-infosys-and-salil-parekhs-turnaround-drive/primearticleshow/114477958.cms,,2024-10-23T06:00:00+05:30,20241023003000,2024-10-23,gdelt_gkg_observation,20241023003000-1602,Direct headline match with company alias,,,
ce1b49d75b3c8cd15313cdc5d6eea6a22fc1f543,INFY.NS,Infosys,"Airtel, Infosys, and Trent are the biggest Nifty 50 contributors. Which will be the next top stock?",indiatimes.com,https://economictimes.indiatimes.com/prime/money-and-markets/airtel-infosys-and-trent-are-the-biggest-nifty-50-contributors-which-will-be-the-next-top-stock/primearticleshow/114470718.cms,,2024-10-23T06:45:00+05:30,20241023011500,2024-10-23,gdelt_gkg_observation,20241023011500-622,Direct headline match with company alias,,,
f3c0924b273814ea7c65d9ede8dbee40b6f4de3b,INFY.NS,Infosys,"Wells Fargo named in cyberattack on Infosys' arm McCamish, which impacted 6 mn",moneycontrol.com,https://www.moneycontrol.com/technology/wells-fargo-named-in-cyberattack-on-infosys-subsidiary-affecting-6-million-article-12848250.html,,2024-10-23T07:45:00+05:30,20241023021500,2024-10-23,gdelt_gkg_observation,20241023021500-916,Direct headline match with company alias,,,
4ea025ec867c94bf673f1c32d4f3c5465db16b8b,INFY.NS,Infosys,"You won't believe what Infosys founder Narayana Murthy said about Ratan Tata, calls the late businessman a....",india.com,https://www.india.com/business/you-wont-believe-what-infosys-founder-narayana-murthy-said-about-ratan-tata-calls-the-late-businessman-a-7343294,,2024-10-23T11:45:00+05:30,20241023061500,2024-10-23,gdelt_gkg_observation,20241023061500-317,Direct headline match with company alias,,,
d1ecf05ca0b2c0cc4eee76250eac551ea8442038,INFY.NS,Infosys,Stocks To Sell Today: HDFC Securities के Vinay Rajani ने Infosys और Kotak Bank के अक्टूबर फ्यूचर में बिकवाली की दी सलाह - stocks to sell today vinay rajani of hdfc securities advised to sell infosys and kotak banks october futures,business-standard.com,https://hindi.business-standard.com/markets/stocks-to-sell-today-vinay-rajani-of-hdfc-securities-advised-to-sell-infosys-and-kotak-banks-october-futures-id-380933,,2024-10-23T11:45:00+05:30,20241023061500,2024-10-23,gdelt_gkg_observation,20241023061500-T2295,Direct headline match with company alias,,,
e954f00b3572135cfde65ef7f00972678977c35f,INFY.NS,Infosys,"Creative Planning Purchases 83,648 Shares of Infosys Limited (NYSE:INFY)",biztoc.com,https://biztoc.com/x/00abb06f4f056453,2024-10-23T12:52:00+05:30,2024-10-23T14:15:00+05:30,20241023084500,2024-10-23,publisher_published_at,20241023084500-751,Direct headline match with company alias,,,
becc089460e4cd6e2eb7482fafa877cd5e173f94,INFY.NS,Infosys,"AI to amplify India's Digital Public Infrastructure and boost inclusion, says Nandan Nilekani",yourstory.com,https://yourstory.com:443/2024/10/ai-amplify-india-digital-public-infrastructure-boost-inclusion-nandan-nilekani,,2024-10-23T16:15:00+05:30,20241023104500,2024-10-24,gdelt_gkg_observation,20241023104500-1493,Direct headline match with company alias,,,
c259bb934a6903e2ae804287712cea798edc804a,INFY.NS,Infosys,"'Do it in your states': Ex-Infosys CFO Mohandas Pai as Congress bats for measuring job creation, not GDP",businesstoday.in,https://www.businesstoday.in/india/story/ask-rahul-gandhi-to-ex-infosys-cfo-mohandas-pai-as-congress-bats-for-measuring-job-creation-not-gdp-451226-2024-10-23,,2024-10-23T16:45:00+05:30,20241023111500,2024-10-24,gdelt_gkg_observation,20241023111500-416,Direct headline match with company alias,,,
6cceaacb336ec061a4060b801143f2bda0a8fc81,INFY.NS,Infosys,"Narayana Murthy's Infosys earned Rs 6,913 crore in just 5 days; here's how it happened |",indiatimes.com,https://timesofindia.indiatimes.com/technology/tech-news/narayana-murthys-infosys-earned-rs-6913-crore-in-just-5-days-heres-how-it-happened/articleshow/114505597.cms,,2024-10-23T18:00:00+05:30,20241023123000,2024-10-24,gdelt_gkg_observation,20241023123000-562,Direct headline match with company alias,,,
65d7da2f73c9f7e485692a9192f78e16036d0d27,INFY.NS,Infosys,Infosys Expands Strategic Collaboration with Meta: Unveils Center of Excellence to Drive Enterprise AI Innovation through Open Source,prnewswire.com,https://www.prnewswire.com/news-releases/infosys-expands-strategic-collaboration-with-meta-unveils-center-of-excellence-to-drive-enterprise-ai-innovation-through-open-source-302284579.html,,2024-10-23T18:45:00+05:30,20241023131500,2024-10-24,gdelt_gkg_observation,20241023131500-1526,Direct headline match with company alias,,,
d72b83c3c7c05c04a2424819db4a8715b3b96e2e,INFY.NS,Infosys,Infosys Expands Strategic Collaboration with Meta: Unveils Center of Excellence to Drive Enterprise AI Innovation through Open Source,prnewswire.com,https://www.prnewswire.com/news-releases/infosys-expands-strategic-collaboration-with-meta-unveils-center-of-excellence-to-drive-enterprise-ai-innovation-through-open-source-302284585.html,,2024-10-23T19:00:00+05:30,20241023133000,2024-10-24,gdelt_gkg_observation,20241023133000-1518,Direct headline match with company alias,,,
4bd6331a0938494e9f4254785dadb1df2d8923ce,INFY.NS,Infosys,Infosys Expands Strategic Collaboration with Meta: Unveils Center of Excellence to Drive Enterprise AI Innovation through Open Sou,ots.at,https://www.ots.at/presseaussendung/OTE_20241023_OTE0001/infosys-expands-strategic-collaboration-with-meta-unveils-center-of-excellence-to-drive-enterprise-ai-innovation-through-open-sou,2024-10-23T18:34:00+05:30,2024-10-23T19:15:00+05:30,20241023134500,2024-10-24,publisher_published_at,20241023134500-466,Direct headline match with company alias,,,
993bae8e085b6f5075f2d9f74a355ab602149ccb,INFY.NS,Infosys,"Meta, Infosys Strengthen Collaboration",finanznachrichten.de,https://www.finanznachrichten.de/nachrichten-2024-10/63605332-meta-infosys-strengthen-collaboration-020.htm,2024-10-23T21:24:00+05:30,2024-10-23T19:45:00+05:30,20241023141500,2024-10-24,publisher_published_at,20241023141500-1169,Direct headline match with company alias,,,
a5bb23570a8b1adbaf6d990b095a9010a4a87113,INFY.NS,Infosys,Infosys Expands Strategic Collaboration with Meta: Unveils Center of Excellence to Drive Enterprise AI Innovation through Open Source,analyticsinsight.net,https://www.analyticsinsight.net/news/infosys-expands-strategic-collaboration-with-meta-unveils-center-of-excellence-to-drive-enterprise-ai-innovation-through-open-source,,2024-10-23T20:15:00+05:30,20241023144500,2024-10-24,gdelt_gkg_observation,20241023144500-340,Direct headline match with company alias,,,
536e9e80b9d8ca0ab11e597f6d90396dea107759,INFY.NS,Infosys,Infosys Expands Strategic Collaboration with Meta: Unveils Center of Excellence to Drive Enterprise AI Innovation through Open Source,sina.com.hk,https://portal.sina.com.hk/finance/finance-prnewswire/prnasia/2024/10/23/1017561/infosys-expands-strategic-collaboration-with-meta-unveils-center-of-excellence-to-drive-enterprise-ai-innovation-through-open-source,2024-10-23T19:10:00+05:30,2024-10-23T20:15:00+05:30,20241023144500,2024-10-24,publisher_published_at,20241023144500-67,Direct headline match with company alias,,,
6bf8878c67592bd8e18adad80551d0d4d1c80cf9,INFY.NS,Infosys,Infosys Expands Strategic Collaboration with Meta: Unveils Center of Excellence to Drive Enterprise AI Innovation through Open Source,manilatimes.net,https://www.manilatimes.net/2024/10/23/tmt-newswire/pr-newswire/infosys-expands-strategic-collaboration-with-meta-unveils-center-of-excellence-to-drive-enterprise-ai-innovation-through-open-source/1990051,2024-10-23T19:47:00+05:30,2024-10-23T20:30:00+05:30,20241023150000,2024-10-24,publisher_published_at,20241023150000-1661,Direct headline match with company alias,,,
f506d44d059f436f07857e12df8d9cee717656e7,INFY.NS,Infosys,Infosys launches Meta COE to accelerate enterprise AI integration,thehindubusinessline.com,https://www.thehindubusinessline.com/info-tech/infosys-launches-meta-coe-to-accelerate-enterprise-ai-integration/article68787477.ece,2024-10-23T19:06:00+05:30,2024-10-23T20:45:00+05:30,20241023151500,2024-10-24,publisher_published_at,20241023151500-933,Direct headline match with company alias,,,
3bc174e8f2dc0c2f392146af5a8607484dcc9f8e,INFY.NS,Infosys,Infosys Expands Strategic Collaboration with Meta: Unveils Center of Excellence to Drive Enterprise AI Innovation through Open Source,singaporestar.com,https://www.singaporestar.com/news/274731028/infosys-expands-strategic-collaboration-with-meta-unveils-center-of-excellence-to-drive-enterprise-ai-innovation-through-open-source,,2024-10-23T21:45:00+05:30,20241023161500,2024-10-24,gdelt_gkg_observation,20241023161500-1974,Direct headline match with company alias,,,
9a210054832f73fca91b9b50641875f46cacef03,INFY.NS,Infosys,Infosys Expands Strategic Collaboration with Meta: Unveils Center of Excellence to Drive Enterprise AI Innovation through Open Source - So-Co-IT,so-co-it.com,https://www.so-co-it.com/post/713096/infosys-expands-strategic-collaboration-with-meta-unveils-center-of-excellence-to-drive-enterprise-ai-innovation-through-open-source.html,2024-10-23T20:33:00+05:30,2024-10-23T22:15:00+05:30,20241023164500,2024-10-24,publisher_published_at,20241023164500-326,Direct headline match with company alias,,,
d1fc09e9d38ab4fdee92ed013e379d623433ba92,INFY.NS,Infosys,Infosys: Infosys to establish an AI lab in London; Wipro partners with UK's Wealthtime,indiatimes.com,https://economictimes.indiatimes.com/tech/information-tech/infosys-to-establish-an-ai-lab-in-london-wipro-partners-with-uks-wealthtime/articleshow/114515554.cms,,2024-10-23T22:45:00+05:30,20241023171500,2024-10-24,gdelt_gkg_observation,20241023171500-922,Direct headline match with company alias,,,
405051220d25133a753382b576e89260d5b280ad,INFY.NS,Infosys,"Infosys Collaborates with University of Cambridge to Establish an AI Lab in London, Unveils New and Expanded Living Lab to Accelerate Innovation for Enterprises",finanznachrichten.de,https://www.finanznachrichten.de/nachrichten-2024-10/63607582-infosys-collaborates-with-university-of-cambridge-to-establish-an-ai-lab-in-london-unveils-new-and-expanded-living-lab-to-accelerate-innovation-for-e-008.htm,2024-10-24T00:48:00+05:30,2024-10-23T23:15:00+05:30,20241023174500,2024-10-24,publisher_published_at,20241023174500-561,Direct headline match with company alias,,,
a588da9110e19677b6349d9c4246a7babaf96534,INFY.NS,Infosys,"Infosys Collaborates with University of Cambridge to Establish an AI Lab in London, Unveils New and Expanded Living Lab",europapress.es,https://www.europapress.es/comunicados/internacional-00907/noticia-comunicado-infosys-collaborates-with-university-of-cambridge-to-establish-an-ai-lab-in-london-unveils-new-and-expanded-living-lab-20241023191424.html,2024-10-23T22:44:00+05:30,2024-10-23T23:15:00+05:30,20241023174500,2024-10-24,publisher_published_at,20241023174500-1582,Direct headline match with company alias,,,
4642fedee2a84751b36707dbbc1af8a06983607a,INFY.NS,Infosys,"Infosys Collaborates with University of Cambridge to Establish an AI Lab in London, Unveils New and Expanded Living Lab to Accelerate Innovation for Enterprises",prnewswire.com,https://www.prnewswire.com/news-releases/infosys-collaborates-with-university-of-cambridge-to-establish-an-ai-lab-in-london-unveils-new-and-expanded-living-lab-to-accelerate-innovation-for-enterprises-302284919.html,,2024-10-23T23:30:00+05:30,20241023180000,2024-10-24,gdelt_gkg_observation,20241023180000-861,Direct headline match with company alias,,,
5f9a4723de3f2f18149d6661303d7fc25074c43f,INFY.NS,Infosys,"Infosys Collaborates with University of Cambridge to Establish an AI Lab in London, Unveils New and Expanded Living Lab to Accelerate Innovation for Enterprises",prnewswire.com,https://www.prnewswire.com/news-releases/infosys-collaborates-with-university-of-cambridge-to-establish-an-ai-lab-in-london-unveils-new-and-expanded-living-lab-to-accelerate-innovation-for-enterprises-302284917.html,,2024-10-23T23:30:00+05:30,20241023180000,2024-10-24,gdelt_gkg_observation,20241023180000-1449,Direct headline match with company alias,,,
7b3ad3c9c4c5de96eafb0456d74ee8f818064f67,INFY.NS,Infosys,Infosys Expands Strategic Collaboration with Meta: Unveils Center of Excellence to Drive Enterprise AI Innovation through Open Source,philippinetimes.com,https://www.philippinetimes.com/news/274731028/infosys-expands-strategic-collaboration-with-meta-unveils-center-of-excellence-to-drive-enterprise-ai-innovation-through-open-source,,2024-10-23T23:30:00+05:30,20241023180000,2024-10-24,gdelt_gkg_observation,20241023180000-869,Direct headline match with company alias,,,
c952cca56e4c33c7daf545863a4ae1dad34cf44d,INFY.NS,Infosys,"Infosys Collaborates with University of Cambridge to Establish an AI Lab in London, Unveils New and Expanded Living Lab to Accelerate Innovation for Enterprises",tmcnet.com,https://www.tmcnet.com/usubmit/2024/10/23/10093987.htm,,2024-10-23T23:45:00+05:30,20241023181500,2024-10-24,gdelt_gkg_observation,20241023181500-1172,Direct headline match with company alias,,,
f720bb630a9a33e92404f1e7bb9e97a6c90afb5c,INFY.NS,Infosys,"Meta, Infosys team up for AI innovation",financialexpress.com,https://www.financialexpress.com/business/digital-transformation-meta-infosys-team-up-for-ai-innovation-3648043,2024-10-24T02:45:00+05:30,2024-10-24T03:45:00+05:30,20241023221500,2024-10-24,publisher_published_at,20241023221500-469,Direct headline match with company alias,,,
0b3d1f2e277e2d2c83349ac6a541e9aecc738493,INFY.NS,Infosys,Infosys Aktie: Kursanstieg trotz monatlicher Verluste (),aktiencheck.de,https://www.aktiencheck.de/analysen/Artikel-Infosys_Aktie_Kursanstieg_trotz_monatlicher_Verluste-17710354,,2024-10-24T06:00:00+05:30,20241024003000,2024-10-24,gdelt_gkg_observation,20241024003000-T554,Direct headline match with company alias,,,
80788ec39ef7281c969ea0567a3a37b75b824661,INFY.NS,Infosys,Infosys Aktie: Kursanstieg trotz monatlicher Verluste (),aktiencheck.de,https://www.aktiencheck.de/news/Artikel-Infosys_Aktie_Kursanstieg_trotz_monatlicher_Verluste-17710354,,2024-10-24T06:00:00+05:30,20241024003000,2024-10-24,gdelt_gkg_observation,20241024003000-T555,Direct headline match with company alias,,,
b8cceb68109f578348bfed25906cef7a333edf3b,INFY.NS,Infosys,"Stocks To Watch: HUL, Piramal Pharma, SBI, Infosys, Aviation Stocks, Adani Power, Sona BLW, AU Small Finance Bank, ITC, GMR Airports Infra",financialexpress.com,https://www.financialexpress.com/market/stocks-to-watch-hul-piramal-pharma-sbi-infosys-aviation-stocks-adani-power-sona-blw-au-small-finance-bank-itc-gmr-airports-infra-3648131,2024-10-24T05:12:00+05:30,2024-10-24T06:30:00+05:30,20241024010000,2024-10-24,publisher_published_at,20241024010000-392,Direct headline match with company alias,,,
dbb00b68e44d53f3fa90cea6d6e153b1bc7119b1,INFY.NS,Infosys,"Stocks in news: HUL, Infosys, M&M, Titan, AU Bank, ITC, Mankind, Adani Power & NPTC",businesstoday.in,https://www.businesstoday.in/markets/story/stocks-in-news-hul-infosys-mm-titan-au-bank-itc-mankind-adani-power-nptc-451303-2024-10-24,,2024-10-24T08:30:00+05:30,20241024030000,2024-10-24,gdelt_gkg_observation,20241024030000-315,Direct headline match with company alias,,,
5af6663fd9e174a57bdc9e4c8eed1cedabeee0de,INFY.NS,Infosys,Infosys Expands Strategic Collaboration with Meta: Unveils Center of Excellence to Drive Enterprise AI Innovation through Open Source,srilankasource.com,https://www.srilankasource.com/news/274731713/infosys-expands-strategic-collaboration-with-meta-unveils-center-of-excellence-to-drive-enterprise-ai-innovation-through-open-source,,2024-10-24T11:15:00+05:30,20241024054500,2024-10-24,gdelt_gkg_observation,20241024054500-683,Direct headline match with company alias,,,
72f246c0a00cfb10bde26ee3c8c0479b5e5fe834,INFY.NS,Infosys,Infosys Expands Strategic Collaboration with Meta: Unveils Center of Excellence to Drive Enterprise AI Innovation through Open Source,webindia123.com,https://news.webindia123.com/news/Articles/Business/20241024/4248931.html,,2024-10-24T11:45:00+05:30,20241024061500,2024-10-24,gdelt_gkg_observation,20241024061500-236,Direct headline match with company alias,,,
98239179b451c2221ecbfec3cc1da4d226a4355d,INFY.NS,Infosys,"Nvidia to partner with Indian Tech Companies: Reliance, Infosys, Tech Mahindra, Flipkart - Emerging AI Hub",sakshipost.com,https://www.sakshipost.com/news/technology/nvidia-partner-indian-tech-companies-reliance-infosys-tech-mahindra-flipkart,2024-10-24T12:28:00+05:30,2024-10-24T13:30:00+05:30,20241024080000,2024-10-24,publisher_published_at,20241024080000-449,Direct headline match with company alias,,,
90d9ae93e8a525dc5f70ba0ed77548b2191a1aaf,INFY.NS,Infosys,Infosys Expands Strategic Collaboration with Meta: Unveils Center of Excellence to Drive Enterprise AI Innovation through Open Source,aninews.in,https://aninews.in/news/business/infosys-expands-strategic-collaboration-with-meta-unveils-center-of-excellence-to-drive-enterprise-ai-innovation-through-open-source20241024101732,,2024-10-24T13:45:00+05:30,20241024081500,2024-10-24,gdelt_gkg_observation,20241024081500-942,Direct headline match with company alias,,,
42734d837051a843e85eddcd8e379554b267c544,INFY.NS,Infosys,Infosys co-founder SD Shibulal: High secondary school dropout rates remains a major challenge in India,livemint.com,https://www.livemint.com/education/news/infosys-co-founder-sd-shibulal-high-secondary-school-dropout-rates-remains-a-challenge-in-india-11729752439510.html,,2024-10-24T13:45:00+05:30,20241024081500,2024-10-24,gdelt_gkg_observation,20241024081500-644,Direct headline match with company alias,,,
9f2b0fa054ebc279398bc4f1c9f8cd55830842c0,INFY.NS,Infosys,Allspring Global Investments Holdings LLC Trims Stake in Infosys Limited (NYSE:INFY),biztoc.com,https://biztoc.com/x/e9082fd11f887087,2024-10-24T13:16:00+05:30,2024-10-24T14:00:00+05:30,20241024083000,2024-10-24,publisher_published_at,20241024083000-456,Direct headline match with company alias,,,
5384658b87526e5a59899697b6bac09bf5e8e071,INFY.NS,Infosys,Infosys collaborates with University of Cambridge to establish AI Lab in London,indianexpress.com,https://indianexpress.com/article/education/infosys-collaborates-with-university-of-cambridge-to-establish-ai-lab-in-london-9636156,2024-10-24T13:07:00+05:30,2024-10-24T14:00:00+05:30,20241024083000,2024-10-24,publisher_published_at,20241024083000-452,Direct headline match with company alias,,,
928eed84f1edd94ffcb73a9b7901a3148123bd4b,INFY.NS,Infosys,Infosys Unveils Small Language Models - Infosys Topaz BankingSLM and Infosys Topaz ITOpsSLM - Built on NVIDIA AI Stack,marketscreener.com,https://www.marketscreener.com/quote/stock/INFOSYS-LIMITED-56049208/news/Infosys-Unveils-Small-Language-Models-Infosys-Topaz-BankingSLM-and-Infosys-Topaz-ITOpsSLM-Built-48151211,,2024-10-24T15:30:00+05:30,20241024100000,2024-10-25,gdelt_gkg_observation,20241024100000-1075,Direct headline match with company alias,,,
e6c95ddb635e1850f6844e7b64dfa5426e93c1c4,INFY.NS,Infosys,Infosys Unveils Small Language Models – Infosys Topaz BankingSLM and Infosys Topaz ITOpsSLM – Built on NVIDIA AI Stack,theweek.in,https://www.theweek.in/wire-updates/business/2024/10/24/dcm56-infosys.html,,2024-10-24T15:45:00+05:30,20241024101500,2024-10-25,gdelt_gkg_observation,20241024101500-1232,Direct headline match with company alias,,,
54eb9b2a08d3009679431067299e9bbf8b9ddd32,INFY.NS,Infosys,Infosys Unveils Small Language Models - Infosys Topaz BankingSLM and Infosys Topaz ITOpsSLM,finanznachrichten.de,https://www.finanznachrichten.de/nachrichten-2024-10/63614981-infosys-unveils-small-language-models-infosys-topaz-bankingslm-and-infosys-topaz-itopsslm-built-on-nvidia-ai-stack-008.htm,2024-10-24T17:18:00+05:30,2024-10-24T15:45:00+05:30,20241024101500,2024-10-25,publisher_published_at,20241024101500-1245,Direct headline match with company alias,,,
2f4af7d7731ed8bba4393dd3c0c214c47fa510ea,INFY.NS,Infosys,Infosys Unveils Small Language Models - Infosys Topaz BankingSLM and Infosys Topaz ITOpsSLM,tmcnet.com,https://www.tmcnet.com/usubmit/2024/10/24/10094257.htm,,2024-10-24T15:45:00+05:30,20241024101500,2024-10-25,gdelt_gkg_observation,20241024101500-1515,Direct headline match with company alias,,,
e838a9c99ae85c9a2c800927ac6a88eeca69447e,INFY.NS,Infosys,Infosys unveils Small Language Models built on NVIDIA AI stack,moneycontrol.com,https://www.moneycontrol.com/news/business/markets/infosys-unveils-small-language-models-built-on-nvidia-ai-stack-12850164.html,,2024-10-24T17:15:00+05:30,20241024114500,2024-10-25,gdelt_gkg_observation,20241024114500-1229,Direct headline match with company alias,,,
e028bc9e74ad6101e98120dbdfefc8983c1db763,INFY.NS,Infosys,Infosys Unveils Small Language Models - Infosys Topaz BankingSLM and Infosys Topaz ITOpsSLM - Built on NVIDIA AI Stack - So-Co-IT,so-co-it.com,https://www.so-co-it.com/post/713104/infosys-unveils-small-language-models-infosys-topaz-bankingslm-and-infosys-topaz-itopsslm-built-on-nvidia-ai-stack.html,2024-10-24T17:13:00+05:30,2024-10-24T18:00:00+05:30,20241024123000,2024-10-25,publisher_published_at,20241024123000-78,Direct headline match with company alias,,,
47c3a4003a8746ae037d7d6d61c802031c2d41bb,INFY.NS,Infosys,Infosys Unveils Small Language Models - Infosys Topaz BankingSLM and Infosys Topaz ITOpsSLM,aninews.in,https://aninews.in/news/business/infosys-unveils-small-language-models-infosys-topaz-bankingslm-and-infosys-topaz-itopsslm-built-on-nvidia-ai-stack20241024153447,,2024-10-24T18:15:00+05:30,20241024124500,2024-10-25,gdelt_gkg_observation,20241024124500-1139,Direct headline match with company alias,,,
c4d1a016185b51fe8008f76913626757430f2e66,INFY.NS,Infosys,Infosys Unveils Small Language Models - Infosys Topaz BankingSLM and Infosys Topaz ITOpsSLM,europapress.es,https://www.europapress.es/comunicados/internacional-00907/noticia-comunicado-infosys-unveils-small-language-models-infosys-topaz-bankingslm-and-infosys-topaz-itopsslm-built-on-nvidia-ai-stack-20241024114354.html,2024-10-24T15:13:00+05:30,2024-10-24T18:45:00+05:30,20241024131500,2024-10-25,publisher_published_at,20241024131500-610,Direct headline match with company alias,,,
e31d00b2e2084dd45d056654e92a001caff6859c,INFY.NS,Infosys,"Nvidia Chases Growth in India: AI Partnerships With Reliance, Infosys, Wipro, Expanding into Robotics And Key Industries - NVIDIA (NASDAQ:NVDA)",benzinga.com,https://www.benzinga.com/government/24/10/41516084/nvidia-chases-growth-in-india-ai-partnerships-with-reliance-infosys-wipro-expanding-into-robotics-an,2024-10-24T18:05:00+05:30,2024-10-24T19:00:00+05:30,20241024133000,2024-10-25,publisher_published_at,20241024133000-1211,Direct headline match with company alias,,,
28914af8b92fdfa777be3474894f52da6279fd3b,INFY.NS,Infosys,Infosys Unveils Small Language Models - Infosys Topaz BankingSLM and Infosys Topaz ITOpsSLM,srilankasource.com,https://www.srilankasource.com/news/274732026/infosys-unveils-small-language-models---infosys-topaz-bankingslm-and-infosys-topaz-itopsslm---built-on-nvidia-ai-stack,,2024-10-24T19:45:00+05:30,20241024141500,2024-10-25,gdelt_gkg_observation,20241024141500-37,Direct headline match with company alias,,,
a75cda582da8aa0ecdb89aef6d9d01bb6672b3c5,INFY.NS,Infosys,Infosys Unveils Small Language Models - Infosys Topaz BankingSLM and Infosys Topaz ITOpsSLM - Built on NVIDIA AI Stack,bubblear.com,https://bubblear.com/infosys-unveils-small-language-models-infosys-topaz-bankingslm-and-infosys-topaz-itopsslm-built-on-nvidia-ai-stack/13795,2024-10-24T15:10:00+05:30,2024-10-24T20:15:00+05:30,20241024144500,2024-10-25,publisher_published_at,20241024144500-720,Direct headline match with company alias,,,
298413663785282f84ddffe921aed4ca0f9016d1,INFY.NS,Infosys,Infosys unveils small language models built on NVIDIA AI stack,thehindubusinessline.com,https://www.thehindubusinessline.com/info-tech/infosys-unveils-small-language-models-built-on-nvidia-ai-stack/article68791351.ece,2024-10-24T18:11:00+05:30,2024-10-24T20:45:00+05:30,20241024151500,2024-10-25,publisher_published_at,20241024151500-933,Direct headline match with company alias,,,
305cbb27b98984cf8315dbf6d1303f6a30af5174,INFY.NS,Infosys,Infosys: Infosys launches small language models built on Nvidia AI stack,indiatimes.com,https://economictimes.indiatimes.com/tech/information-tech/infosys-launches-small-language-models-built-on-nvidia-ai-stack/articleshow/114555815.cms,,2024-10-24T22:45:00+05:30,20241024171500,2024-10-25,gdelt_gkg_observation,20241024171500-960,Direct headline match with company alias,,,
ab1269a249ac965899fdfd989599ab11bb32ea53,INFY.NS,Infosys,Infosys Campus | Morphogenesis,archinect.com,https://archinect.com/firms/project/37775/infosys-campus/150451592,,2024-10-25T00:15:00+05:30,20241024184500,2024-10-25,gdelt_gkg_observation,20241024184500-834,Direct headline match with company alias,,,
a5adce5b00be0f178d4bd82c35e56b2814f5636d,INFY.NS,Infosys,Infosys And 2 Other High Growth Tech Stocks In India,yahoo.com,https://finance.yahoo.com/news/infosys-2-other-high-growth-010652038.html,2024-10-25T06:36:00+05:30,2024-10-25T07:15:00+05:30,20241025014500,2024-10-25,publisher_published_at,20241025014500-1000,Direct headline match with company alias,,,
6533b1d688fb88d93f463348c52589537ca3cd26,INFY.NS,Infosys,Infosys chairman Nandan Nilekani: 'Let the big boys in the Valley build LLMs; we will use it to solve real-world problems',moneycontrol.com,https://www.moneycontrol.com/technology/infosys-chairman-nandan-nilekani-let-the-big-boys-in-the-valley-build-llms-we-will-use-it-to-solve-real-world-problems-article-12850483.html,,2024-10-25T11:00:00+05:30,20241025053000,2024-10-25,gdelt_gkg_observation,20241025053000-734,Direct headline match with company alias,,,
0c01b1b4c4151ba82207683f6ce64c055a1fdc35,INFY.NS,Infosys,'Let the big boys in the Valley do it': Nandan Nilekani of Infosys on AI LLMs,hindustantimes.com,https://www.hindustantimes.com/business/let-the-big-boys-in-the-valley-do-it-nandan-nilekani-of-infosys-on-ai-llms-101729831764316.html,,2024-10-25T11:15:00+05:30,20241025054500,2024-10-25,gdelt_gkg_observation,20241025054500-24,Direct headline match with company alias,,,
a1c573aead0019b4f30ddbfaa10fe5074610ec23,INFY.NS,Infosys,"Infosys Share Price Today on : Infosys share are down by -0.07%, Nifty down by -0.97%",livemint.com,https://www.livemint.com/market/infosys-share-price-today-latest-on-25102024-11729835901162.html,,2024-10-25T11:45:00+05:30,20241025061500,2024-10-25,gdelt_gkg_observation,20241025061500-577,Direct headline match with company alias,,,
f4020ce4f891239ffb25bbf5d6c09e32572b18d1,INFY.NS,Infosys,Infosys i Microsoft proširuju partnerstvo,naslovi.net,https://naslovi.net/2024-10-25/pcpress/infosys-i-microsoft-prosiruju-partnerstvo/38095917,,2024-10-25T12:30:00+05:30,20241025070000,2024-10-25,gdelt_gkg_observation,20241025070000-T2654,Direct headline match with company alias,,,
23685aacd96c4a54156a1cdcd3f0db97ab900a9f,INFY.NS,Infosys,Nvidia inks partnerships with TechM Infy Gnani.ai others during AI Summit 24,theweek.in,https://www.theweek.in/wire-updates/business/2024/10/25/dcm129-biz-nvidia-india.html,,2024-10-25T20:45:00+05:30,20241025151500,2024-10-28,gdelt_gkg_observation,20241025151500-1954,Direct headline match with company alias,,,
2224f4de6ef36ba8f6defa80fe2e7db66ca850bf,INFY.NS,Infosys,"दिवाली हफ्ते में बोनस-डिविडेंड का धमाका! इंफोसिस, NTPC, RIL समेत 28 कंपनियां जाएंगी एक्स-डेट पर - bonus dividend explosion in diwali week 28 companies including infosys ntpc ril will go on ex date",business-standard.com,https://hindi.business-standard.com/markets/bonus-dividend-explosion-in-diwali-week-28-companies-including-infosys-ntpc-ril-will-go-on-ex-date-id-381723,,2024-10-26T01:00:00+05:30,20241025193000,2024-10-28,gdelt_gkg_observation,20241025193000-T1747,Direct headline match with company alias,,,
f7440402f3ab5df1cf24b5e2db8f8d5ef0706b23,INFY.NS,Infosys,Infosys co-founder Nandan Nilekani has an important message for AI companies in India: 'Don't build one more…',indiatimes.com,https://timesofindia.indiatimes.com/technology/tech-news/infosys-co-founder-nandan-nilekani-has-an-important-message-for-ai-companies-in-india-dont-build-one-more/articleshow/114596728.cms,,2024-10-26T11:30:00+05:30,20241026060000,2024-10-28,gdelt_gkg_observation,20241026060000-142,Direct headline match with company alias,,,
cc59076120477119bdfd901b2ce047ca8d1b939b,INFY.NS,Infosys,"Infosys, Mazagon Dock Shipbuilders, NTPC and Tech Mahindra among stocks turning ex-dividend next week",businesstoday.in,https://www.businesstoday.in/markets/stocks/story/infosys-mazagon-dock-shipbuilders-ntpc-and-tech-mahindra-among-stocks-turning-ex-dividend-next-week-451659-2024-10-26,,2024-10-26T15:00:00+05:30,20241026093000,2024-10-28,gdelt_gkg_observation,20241026093000-517,Direct headline match with company alias,,,
a243bfe84e5bea9f1a3cc77dbdc0c140b1507887,INFY.NS,Infosys,"Dividend Stocks: ICICI Lombard, Infosys, CRISIL among others to trade ex-dividend next week; Full list",livemint.com,https://www.livemint.com/market/stock-market-news/dividend-stocks-icici-lombard-infosys-crisil-among-others-to-trade-ex-dividend-next-week-full-list-11729949532746.html,,2024-10-26T22:00:00+05:30,20241026163000,2024-10-28,gdelt_gkg_observation,20241026163000-850,Direct headline match with company alias,,,
9d3c542085c049df649b319e0b74011d29e828a7,INFY.NS,Infosys,Time to use direct benefit transfer infra for climate action payments: Nandan Nilekani,moneycontrol.com,https://www.moneycontrol.com/technology/time-to-use-direct-benefit-transfer-infra-for-climate-action-payments-nandan-nilekani-article-12851548.html,,2024-10-26T22:30:00+05:30,20241026170000,2024-10-28,gdelt_gkg_observation,20241026170000-312,Direct headline match with company alias,,,
a02d1561b3b275bce441372dd38b20b58295001d,INFY.NS,Infosys,"रिलायंस, इंफोसिस, NTPC सहित 31 शेयरों में मिल सकता है तोहफा, दिवाली के हफ्ते में हो जाएंगे एक्स-ट्रेड",moneycontrol.com,https://hindi.moneycontrol.com/news/markets/share-market-ril-infosys-ntpc-among-31-stocks-that-will-remain-in-focus-as-they-trade-ex-dividend-next-week-1932829.html,,2024-10-27T00:00:00+05:30,20241026183000,2024-10-28,gdelt_gkg_observation,20241026183000-T1050,Direct headline match with company alias,,,
22276cd3d61b29c6188cfc1086969e3ce9d5aab6,INFY.NS,Infosys,"Tech deals: Cognizant, TCS, Taktile, o9 Solutions, Infosys, accesso",infotechlead.com,https://infotechlead.com/channels/tech-deals-cognizant-tcs-taktile-o9-solutions-infosys-accesso-87363,2024-10-27T07:51:00+05:30,2024-10-27T08:30:00+05:30,20241027030000,2024-10-28,publisher_published_at,20241027030000-505,Direct headline match with company alias,,,
26c5b020c00317b988268d80fedcb855e177dd68,INFY.NS,Infosys,'Mounadas Pai': Dinesh Gundu Rao slams Ex-Infosys CFO's silence on Karnataka's GST share in heated exchange,hindustantimes.com,https://www.hindustantimes.com/cities/bengaluru-news/mounadas-pai-dinesh-gundu-rao-slams-ex-infosys-cfos-silence-on-karnatakas-gst-share-in-heated-exchange-101729998461311.html,,2024-10-27T09:45:00+05:30,20241027041500,2024-10-28,gdelt_gkg_observation,20241027041500-216,Direct headline match with company alias,,,
95f238a84198f7bc840aced647db734b1f0ef709,INFY.NS,Infosys,"Reliance ex-bonus, Infosys dividend, and Waaree Energies debut: What's coming for investors this week",businesstoday.in,https://www.businesstoday.in/markets/stocks/story/reliance-ex-bonus-infosys-dividend-and-waaree-energies-debut-whats-coming-for-investors-this-week-451701-2024-10-27,,2024-10-27T14:30:00+05:30,20241027090000,2024-10-28,gdelt_gkg_observation,20241027090000-219,Direct headline match with company alias,,,
87412f0b194920fd5f34990b93749b4f5818c32f,INFY.NS,Infosys,Infosys Limited (NYSE:INFY) Holdings Trimmed by SRN Advisors LLC,biztoc.com,https://biztoc.com/x/dcb21edd988e8813,2024-10-27T19:23:00+05:30,2024-10-27T20:45:00+05:30,20241027151500,2024-10-28,publisher_published_at,20241027151500-872,Direct headline match with company alias,,,
37a7273e129e199e3878bb4b6c72ca2da3124526,INFY.NS,Infosys,Infosys' Rs 21 interim dividend record date tomorrow. Last chance to buy,indiatimes.com,https://economictimes.indiatimes.com/markets/stocks/news/infosys-rs-21-interim-dividend-record-date-tomorrow-last-chance-to-buy/articleshow/114671999.cms,,2024-10-28T08:30:00+05:30,20241028030000,2024-10-28,gdelt_gkg_observation,20241028030000-235,Direct headline match with company alias,,,
a6122c6f40e9acf01dacf2a37a038f321cd109d6,INFY.NS,Infosys,"What explains TCS, Wipro, Infosys, TechM flocking to Nvidia",livemint.com,https://www.livemint.com/companies/tcs-wipro-infosys-techm-tie-up-with-nvidia-jensen-huang-11730016250484.html,2024-10-28T05:30:00+05:30,2024-10-28T08:30:00+05:30,20241028030000,2024-10-28,publisher_published_at,20241028030000-37,Direct headline match with company alias,,,
113df412f693b3497adb1b452b32c296dc6ca54e,INFY.NS,Infosys,"दिवाळीपूर्वी Infosys च्या शेअरधारकांसाठी खूशखबर; शेअरवर मिळणार 'इतका' डिविडेंड, आज अखेरची संधी",lokmat.com,https://www.lokmat.com/business/stock-market/good-news-for-infosys-shareholders-ahead-of-diwali-company-giving-21-rs-dividend-per-share-today-is-the-last-chance-record-date-a-a720,2024-10-28T09:29:00+05:30,2024-10-28T11:00:00+05:30,20241028053000,2024-10-28,publisher_published_at,20241028053000-T51,Direct headline match with company alias,,,
ef46e5c0a20c0c8fd13a1691f8f0e0c7bb64a947,INFY.NS,Infosys,"Infosys Share Price Today on : Infosys share are up by 1.04%, Nifty up by 0.97%",livemint.com,https://www.livemint.com/market/infosys-share-price-today-latest-on-28102024-11730094055304.html,,2024-10-28T11:30:00+05:30,20241028060000,2024-10-28,gdelt_gkg_observation,20241028060000-165,Direct headline match with company alias,,,
231231d756ff4a48c3784f42ea423e0478933a39,INFY.NS,Infosys,"The Achilles' heel slowing Infosys, and Salil Parekh's turnaround drive",indiatimes.com,https://timesofindia.indiatimes.com/toi-plus/business-economy/the-achilles-heel-slowing-infosys-and-salil-parekhs-turnaround-drive/articleshow/114679245.cms,,2024-10-28T16:30:00+05:30,20241028110000,2024-10-29,gdelt_gkg_observation,20241028110000-602,Direct headline match with company alias,,,
61c097a7c24a517ebb4b85ecebe9ba4862d166a0,INFY.NS,Infosys,"'Let Silicon Valley build LLMs; India should lead in AI use cases,' says, Infosys Chairman Nandan Nilekani",livemint.com,https://www.livemint.com/technology/let-silicon-valley-build-llms-india-should-lead-in-ai-use-cases-says-infosys-chairman-nandan-nilekani-11730110761207.html,2024-10-28T15:59:00+05:30,2024-10-28T17:30:00+05:30,20241028120000,2024-10-29,publisher_published_at,20241028120000-175,Direct headline match with company alias,,,
1686d706f97e6130ef32445bb363d8c18197ec04,INFY.NS,Infosys,"Dividend Stocks This Week: Infosys, Gabriel India and More; Check Record Date",moneycontrol.com,https://www.moneycontrol.com/web-stories/dividend-stocks-this-week-infosys-gabriel-india-and-more-check-record-date-2570072.html,,2024-10-28T18:45:00+05:30,20241028131500,2024-10-29,gdelt_gkg_observation,20241028131500-951,Direct headline match with company alias,,,
f54d896e56a15e63ba2db6e76244a8e8f00f326f,INFY.NS,Infosys,"Stocks in news: Infosys, Airtel, Suzlon, Federal Bank, Tata Tech, JSW Infra & Tata Power",businesstoday.in,https://www.businesstoday.in/markets/company-stock/story/stocks-in-news-infosys-airtel-suzlon-federal-bank-tata-tech-jsw-infra-tata-power-451888-2024-10-29,,2024-10-29T08:30:00+05:30,20241029030000,2024-10-29,gdelt_gkg_observation,20241029030000-688,Direct headline match with company alias,,,
40f0b580541c971b5130cc48efbd5d73014304a6,INFY.NS,Infosys,"Stocks To Watch: NTPC, Maruti Suzuki, Infosys, Marico, HDFC Bank, Suzlon, And Others",news18.com,https://www.news18.com/business/markets/stocks-to-watch-ntpc-maruti-suzuki-infosys-marico-hdfc-bank-suzlon-and-others-9102579.html,2024-10-29T09:08:00+05:30,2024-10-29T10:15:00+05:30,20241029044500,2024-10-29,publisher_published_at,20241029044500-1134,Direct headline match with company alias,,,
4975fb50d72dc51c11eebfc9cff09718efc344a3,INFY.NS,Infosys,"While only 2% are ready, most companies expect productivity gains of 10-40% with Enterprise AI: Infosys Research",finanznachrichten.de,https://www.finanznachrichten.de/nachrichten-2024-10/63655015-while-only-2-are-ready-most-companies-expect-productivity-gains-of-10-40-with-enterprise-ai-infosys-research-008.htm,2024-10-29T16:54:00+05:30,2024-10-29T16:15:00+05:30,20241029104500,2024-10-30,publisher_published_at,20241029104500-921,Direct headline match with company alias,,,
19697022ec55ed0d409e7a3edd009d6dda2be4db,INFY.NS,Infosys,"While only 2% are ready, most companies expect productivity gains of 10-40% with Enterprise AI: Infosys Research",prnewswire.com,https://www.prnewswire.com/news-releases/while-only-2-are-ready-most-companies-expect-productivity-gains-of-10-40-with-enterprise-ai-infosys-research-302289887.html,,2024-10-29T16:30:00+05:30,20241029110000,2024-10-30,gdelt_gkg_observation,20241029110000-228,Direct headline match with company alias,,,
75e4b8a2946400f083cd489a291c5fac54e7862e,INFY.NS,Infosys,"While only 2% are ready, most companies expect productivity gains of 10-40% with Enterprise AI: Infosys Research",prnewswire.com,https://www.prnewswire.com/news-releases/while-only-2-are-ready-most-companies-expect-productivity-gains-of-10-40-with-enterprise-ai-infosys-research-302289891.html,,2024-10-29T16:30:00+05:30,20241029110000,2024-10-30,gdelt_gkg_observation,20241029110000-1191,Direct headline match with company alias,,,
ccee11ae41da510df9bf09b95ea209a90b439ac0,INFY.NS,Infosys,Enterprise AI to boost productivity by 10-40% but only 2% are ready: Infosys Research,moneycontrol.com,https://www.moneycontrol.com/technology/enterprise-ai-to-boost-productivity-by-10-40-but-only-2-are-ready-infosys-research-article-12854133.html,,2024-10-29T17:00:00+05:30,20241029113000,2024-10-30,gdelt_gkg_observation,20241029113000-535,Direct headline match with company alias,,,
f5a2a6c5ec9f70b3f5f811f781778aeb8efb81d7,INFY.NS,Infosys,"While only 2% are ready, most companies expect productivity gains of 10-40% with Enterprise AI: Infosys Research",marketscreener.com,https://www.marketscreener.com/quote/stock/INFOSYS-LIMITED-56049208/news/While-only-2-are-ready-most-companies-expect-productivity-gains-of-10-40-with-Enterprise-AI-Info-48189252,,2024-10-29T17:00:00+05:30,20241029113000,2024-10-30,gdelt_gkg_observation,20241029113000-554,Direct headline match with company alias,,,
2584492b45abaa29b5921b7a9309fd967d6e82ec,INFY.NS,Infosys,"While only 2% are ready, most companies expect productivity gains of 10-40% with Enterprise AI: Infosys Research",ots.at,https://www.ots.at/presseaussendung/OTE_20241029_OTE0001/while-only-2-are-ready-most-companies-expect-productivity-gains-of-10-40-with-enterprise-ai-infosys-research,2024-10-29T15:51:00+05:30,2024-10-29T17:30:00+05:30,20241029120000,2024-10-30,publisher_published_at,20241029120000-278,Direct headline match with company alias,,,
29358e3f5a04c16511e3b65f40991353ccfa01b9,INFY.NS,Infosys,"While only 2% are ready, most companies expect productivity gains of 10-40% with Enterprise AI: Infosys Research",laragione.eu,https://laragione.eu/adnkronos/comunicati/while-only-2-are-ready-most-companies-expect-productivity-gains-of-10-40-with-enterprise-ai-infosys-research,2024-10-29T16:43:00+05:30,2024-10-29T17:45:00+05:30,20241029121500,2024-10-30,publisher_published_at,20241029121500-773,Direct headline match with company alias,,,
9cc1327d4ee58fe309d22275f70124f1be934f33,INFY.NS,Infosys,Companies expect 15 pc productivity gain on average with enterprise AI: Infosys,prokerala.com,https://www.prokerala.com/news/articles/a1576749.html,,2024-10-29T18:30:00+05:30,20241029130000,2024-10-30,gdelt_gkg_observation,20241029130000-1751,Direct headline match with company alias,,,
d587a0805688e72c7c604268b99e0ae1805d21e8,INFY.NS,Infosys,"While only 2% are ready, most companies expect productivity gains of 10-40% with Enterprise AI: Infosys Research (2)",europapress.es,https://www.europapress.es/comunicados/internacional-00907/noticia-comunicado-while-only-are-ready-most-companies-expect-productivity-gains-of-10-40-with-enterprise-ai-infosys-research-20241029112058.html,2024-10-29T15:50:00+05:30,2024-10-29T18:45:00+05:30,20241029131500,2024-10-30,publisher_published_at,20241029131500-1587,Direct headline match with company alias,,,
bfe80db7fe9d58d9cd145cdd87701cec1d7d9713,INFY.NS,Infosys,"Infosys research: Companies recognise potential of AI, but must address readiness gaps : Infosys research",indiatimes.com,https://economictimes.indiatimes.com/tech/technology/companies-recognise-potential-of-ai-but-must-address-readiness-gaps-infosys-research/articleshow/114734819.cms,,2024-10-29T18:45:00+05:30,20241029131500,2024-10-30,gdelt_gkg_observation,20241029131500-272,Direct headline match with company alias,,,
793696cab47061d175cf77525821d17c4a1dcf1f,INFY.NS,Infosys,"Companies expect 15 pc productivity gain on average with enterprise AI: Infosys, ET Telecom",indiatimes.com,https://telecom.economictimes.indiatimes.com/news/enterprise-services/companies-expect-15-pc-productivity-gain-on-average-with-enterprise-ai-infosys/114734285,,2024-10-29T19:00:00+05:30,20241029133000,2024-10-30,gdelt_gkg_observation,20241029133000-1346,Direct headline match with company alias,,,
1ff92b9c11a4d9f8d0a1290ebdc262da0ce6022f,INFY.NS,Infosys,"While only 2% are ready, most companies expect productivity gains of 10-40% with Enterprise AI: Infosys Research",newswire.ca,https://www.newswire.ca/news-releases/while-only-2-are-ready-most-companies-expect-productivity-gains-of-10-40-with-enterprise-ai-infosys-research-829396945.html,,2024-10-29T20:15:00+05:30,20241029144500,2024-10-30,gdelt_gkg_observation,20241029144500-499,Direct headline match with company alias,,,
c3de32176da08d43dda59d91f3eb257fc42606d3,INFY.NS,Infosys,Companies expect 15 pc productivity gain on average with enterprise AI: Infosys,newkerala.com,https://www.newkerala.com/news/2024/68316.htm,,2024-10-29T23:00:00+05:30,20241029173000,2024-10-30,gdelt_gkg_observation,20241029173000-588,Direct headline match with company alias,,,
0c101e6eaa47dc88033c427e450284f6cb0613e5,INFY.NS,Infosys,"Enterprise AI to boost productivity by 10-40%, but only 2% fully ready: Infosys report",financialexpress.com,https://www.financialexpress.com/business/industry-enterprise-ai-to-boost-productivity-by-10-40-but-only-2-fully-ready-infosys-report-3652430,2024-10-30T02:15:00+05:30,2024-10-30T04:45:00+05:30,20241029231500,2024-10-30,publisher_published_at,20241029231500-288,Direct headline match with company alias,,,
52a536fee92e158cbd05624ec4eff5cbd3d0f43f,INFY.NS,Infosys,Infosys Limited (NYSE:INFY) Short Interest Down 12.7% in October,biztoc.com,https://biztoc.com/x/e63002f2221753d8,2024-10-30T04:51:00+05:30,2024-10-30T06:00:00+05:30,20241030003000,2024-10-30,publisher_published_at,20241030003000-1016,Direct headline match with company alias,,,
18ac24b0bcc068aaaf6a79765556161d86370c6d,INFY.NS,Infosys,"Infosys Share Price Today on 30-10-2024: Infosys share price are down by -0.91%, Nifty down by -0.07%",livemint.com,https://www.livemint.com/market/infosys-share-price-today-latest-on-30-oct-2024-11730268153826.html,,2024-10-30T12:15:00+05:30,20241030064500,2024-10-30,gdelt_gkg_observation,20241030064500-17,Direct headline match with company alias,,,
c0f4a28156b2e5a2ecee22c84e1ca5be0b993f57,INFY.NS,Infosys,Infosys launches data and AI suite to help banks accelerate their AI,moneycontrol.com,https://www.moneycontrol.com/technology/infosys-launches-data-and-ai-suite-to-help-banks-accelerate-their-ai-article-12855465.html,,2024-10-30T20:15:00+05:30,20241030144500,2024-10-31,gdelt_gkg_observation,20241030144500-1755,Direct headline match with company alias,,,
476552e81813f309230c0729cad805b5869003e7,INFY.NS,Infosys,Infosys finds only 2% of companies ready for AI integration,itbrief.co.nz,https://itbrief.co.nz/story/infosys-finds-only-2-of-companies-ready-for-ai-integration,,2024-10-31T02:15:00+05:30,20241030204500,2024-10-31,gdelt_gkg_observation,20241030204500-11,Direct headline match with company alias,,,
d65df186a41aafd524949b7223e6a78fbc8fdd1c,INFY.NS,Infosys,StockNews.com Downgrades Infosys (NYSE:INFY) to Hold,biztoc.com,https://biztoc.com/x/0a1163e6d057a093,2024-10-31T11:40:00+05:30,2024-10-31T13:00:00+05:30,20241031073000,2024-10-31,publisher_published_at,20241031073000-989,Direct headline match with company alias,,,
cf00c3ff5c45304ed9a5dd14002969c838720f92,INFY.NS,Infosys,Infosys Limited (INFY): Among The 8 Best Information Technology Services Stocks to Invest in Now,insidermonkey.com,https://www.insidermonkey.com/blog/infosys-limited-infy-among-the-8-best-information-technology-services-stocks-to-invest-in-now-1382971,,2024-10-31T22:45:00+05:30,20241031171500,2024-11-01,gdelt_gkg_observation,20241031171500-2097,Direct headline match with company alias,,,
18c7fe863e960f22bbc31abaee30fa3d246038da,INFY.NS,Infosys,'Banning crackers is wrong': Ex-Infosys CFO Mohandas Pai slams Delhi govt's 'totalitarian' move,moneycontrol.com,https://www.moneycontrol.com/news/trends/banning-crackers-is-wrong-ex-infosys-cfo-mohandas-pai-slams-delhi-govts-totalitarian-move-12856294.html,,2024-10-31T23:00:00+05:30,20241031173000,2024-11-01,gdelt_gkg_observation,20241031173000-2103,Direct headline match with company alias,,,
