gkg_record_id,date,source,url,headline,pipeline_stage,matcher_decision,trading_date,ist_dt,canonical_url
20240401013000-734,20240401013000,financialexpress.com,https://www.financialexpress.com/business/banking-finance-kotak-bank-tops-table-of-equity-offerings-3442254/,Kotak Bank tops table of equity offerings,ACCEPTED,True,2024-04-01,2024-04-01 07:00:00+05:30,https://www.financialexpress.com/business/banking-finance-kotak-bank-tops-table-of-equity-offerings-3442254
20240402111500-826,20240402111500,livemint.com,https://www.livemint.com/market/stock-market-news/top-gainers-and-losers-today-on-2-april-2024-tata-consumer-mahindra-mahindra-hero-motocorp-kotak-mahindra-bank-among-most-active-stocks-check-full-list-here-11712053997093.html,"Top Gainers and Losers today on 2 April, 2024: Tata Consumer, Mahindra & Mahindra, Hero Motocorp, Kotak Mahindra Bank among most active stocks; Check full list here",ACCEPTED,True,2024-04-03,2024-04-02 16:45:00+05:30,https://www.livemint.com/market/stock-market-news/top-gainers-and-losers-today-on-2-april-2024-tata-consumer-mahindra-mahindra-hero-motocorp-kotak-mahindra-bank-among-most-active-stocks-check-full-list-here-11712053997093.html
20240402131500-1645,20240402131500,businesstoday.in,https://www.businesstoday.in/visualstories/stock/hero-motocorp-kotak-bank-top-losers-on-nifty50-as-market-slips-hdfc-bank-most-active-on-april-2-119094-02-04-2024,"Hero MotoCorp, Kotak Bank top losers on Nifty50 as market slips; HDFC Bank most active on April 2",ACCEPTED,True,2024-04-03,2024-04-02 18:45:00+05:30,https://www.businesstoday.in/visualstories/stock/hero-motocorp-kotak-bank-top-losers-on-nifty50-as-market-slips-hdfc-bank-most-active-on-april-2-119094-02-04-2024
20240402190000-1129,20240402190000,thehindubusinessline.com,https://www.thehindubusinessline.com/money-and-banking/kotak-bank-sees-growing-demand-for-used-tractor-loans/article68021022.ece,Kotak Bank sees growing demand for used tractor loans - The Hindu BusinessLine,ACCEPTED,True,2024-04-03,2024-04-03 00:30:00+05:30,https://www.thehindubusinessline.com/money-and-banking/kotak-bank-sees-growing-demand-for-used-tractor-loans/article68021022.ece
20240403023000-1391,20240403023000,bloomberg.com,https://www.bloomberg.com/news/articles/2024-04-03/top-indian-bond-banker-sees-high-funding-costs-for-shadow-banks,Kotak Mahindra Bank Sees High Funding Costs for India's Shadow Banks,ACCEPTED,True,2024-04-03,2024-04-03 08:00:00+05:30,https://www.bloomberg.com/news/articles/2024-04-03/top-indian-bond-banker-sees-high-funding-costs-for-shadow-banks
20240403081500-1133,20240403081500,financialexpress.com,https://www.financialexpress.com/market/cafeinvest-irctc-and-kotak-bank-remain-mehta-equities-top-stock-recommendations-for-the-week-3444757/,IRCTC and Kotak Bank remain Mehta Equities' top stock recommendations for the week - CaFE Invest News,ACCEPTED,True,2024-04-03,2024-04-03 13:45:00+05:30,https://www.financialexpress.com/market/cafeinvest-irctc-and-kotak-bank-remain-mehta-equities-top-stock-recommendations-for-the-week-3444757
20240403163000-T1257,20240403163000,sharemanthan.in,https://www.sharemanthan.in/462-advice/74604-market-outlook-kotak-mahindra-bank-shares-shomesh-kumar-views-20240403,Kotak Mahindra Bank Ltd Share Latest News: लंबी अवधि में हो सकता है अच्छा मुनाफा,ACCEPTED,True,2024-04-04,2024-04-03 22:00:00+05:30,https://www.sharemanthan.in/462-advice/74604-market-outlook-kotak-mahindra-bank-shares-shomesh-kumar-views-20240403
20240405133000-2107,20240405133000,marketscreener.com,https://www.marketscreener.com/quote/stock/BSE-LIMITED-33930062/news/BSE-Listing-of-new-Commercial-Paper-of-Kotak-Mahindra-Prime-Limited-46373188/,"BSE : Listing of new Commercial Paper of Kotak Mahindra Prime Limited -April 05, 2024 at 09:14 am EDT",ACCEPTED,True,2024-04-08,2024-04-05 19:00:00+05:30,https://www.marketscreener.com/quote/stock/BSE-LIMITED-33930062/news/BSE-Listing-of-new-Commercial-Paper-of-Kotak-Mahindra-Prime-Limited-46373188
20240405203000-50,20240405203000,rashtranews.com,https://www.rashtranews.com/rbis-repo-rate-hike-is-a-courageous-move-uday-kotak/,'RBI's Repo rate hike is a courageous move': Uday Kotak,ACCEPTED,True,2024-04-08,2024-04-06 02:00:00+05:30,https://www.rashtranews.com/rbis-repo-rate-hike-is-a-courageous-move-uday-kotak
20240407131500-275,20240407131500,indiaeducationdiary.in,https://indiaeducationdiary.in/kotak-mahindra-bank-associates-with-manipal-academy-of-bfsi-to-launch-kotak-nextgen-bankers-programme-a-gateway-to-a-career-in-banking-2/,Kotak Mahindra Bank Associates with Manipal Academy of BFSI to Launch Kotak NextGen Bankers Programme – A Gateway to a Career in Banking,ACCEPTED,True,2024-04-08,2024-04-07 18:45:00+05:30,https://indiaeducationdiary.in/kotak-mahindra-bank-associates-with-manipal-academy-of-bfsi-to-launch-kotak-nextgen-bankers-programme-a-gateway-to-a-career-in-banking-2
20240407150000-178,20240407150000,businesstoday.in,https://www.businesstoday.in/markets/ipo-corner/story/vishal-mega-mart-in-talks-with-kotak-mahindra-icici-bank-for-ipo-this-year-424626-2024-04-07,"Vishal Mega Mart in talks with Kotak Mahindra, ICICI Bank for IPO this year?",ACCEPTED,True,2024-04-08,2024-04-07 20:30:00+05:30,https://www.businesstoday.in/markets/ipo-corner/story/vishal-mega-mart-in-talks-with-kotak-mahindra-icici-bank-for-ipo-this-year-424626-2024-04-07
20240408060000-849,20240408060000,livemint.com,https://www.livemint.com/market/ipo/vishal-mega-mart-said-to-select-kotak-mahindra-bank-and-icici-bank-for-mega-ipo-report-11712548225668.html,Vishal Mega Mart said to select Kotak Mahindra Bank and ICICI Bank for Mega IPO: Report,ACCEPTED,True,2024-04-08,2024-04-08 11:30:00+05:30,https://www.livemint.com/market/ipo/vishal-mega-mart-said-to-select-kotak-mahindra-bank-and-icici-bank-for-mega-ipo-report-11712548225668.html
20240408174500-T387,20240408174500,moneycontrol.com,https://hindi.moneycontrol.com/news/markets/kotak-mahindra-bank-kotak-alternate-asset-managers-raises-rs-2000-cr-to-invest-in-equities-1893344.html,Kotak Mahindra Bank की एसेट मैनेजमेंट आर्म ने इक्विटी में निवेश के लिए जुटाए 2000 करोड़,ACCEPTED,True,2024-04-09,2024-04-08 23:15:00+05:30,https://hindi.moneycontrol.com/news/markets/kotak-mahindra-bank-kotak-alternate-asset-managers-raises-rs-2000-cr-to-invest-in-equities-1893344.html
20240408193000-1772,20240408193000,dailyexcelsior.com,https://www.dailyexcelsior.com/kotak-mahindra-banks-asset-management-arm-raises-rs-2000-cr-to-invest-in-equities/,"Kotak Mahindra Bank's asset management arm raises Rs 2,000 cr to invest in equities",ACCEPTED,True,2024-04-09,2024-04-09 01:00:00+05:30,https://www.dailyexcelsior.com/kotak-mahindra-banks-asset-management-arm-raises-rs-2000-cr-to-invest-in-equities
20240410133000-1845,20240410133000,marketscreener.com,https://www.marketscreener.com/quote/stock/BSE-LIMITED-33930062/news/BSE-Listing-of-new-debt-securities-of-Kotak-Mahindra-Prime-Ltd-46405661/,"BSE : Listing of new debt securities of Kotak Mahindra Prime Ltd. -April 10, 2024 at 09:08 am EDT",ACCEPTED,True,2024-04-12,2024-04-10 19:00:00+05:30,https://www.marketscreener.com/quote/stock/BSE-LIMITED-33930062/news/BSE-Listing-of-new-debt-securities-of-Kotak-Mahindra-Prime-Ltd-46405661
20240411081500-718,20240411081500,livemint.com,https://www.livemint.com/economy/uday-kotak-of-kotak-bank-shows-this-wild-card-as-he-warns-to-be-ready-for-turbulence-11712816658708.html,Uday Kotak of Kotak Bank shows THIS wild card as he warns to be ready for turbulence,ACCEPTED,True,2024-04-12,2024-04-11 13:45:00+05:30,https://www.livemint.com/economy/uday-kotak-of-kotak-bank-shows-this-wild-card-as-he-warns-to-be-ready-for-turbulence-11712816658708.html
20240415100000-777,20240415100000,moneycontrol.com,https://www.moneycontrol.com/news/business/banks/kotak-mahindra-bank-says-customers-facing-issues-with-mobile-banking-app-12642661.html,Kotak Mahindra Bank says customers facing issues with mobile banking app,ACCEPTED,True,2024-04-16,2024-04-15 15:30:00+05:30,https://www.moneycontrol.com/news/business/banks/kotak-mahindra-bank-says-customers-facing-issues-with-mobile-banking-app-12642661.html
20240415114500-103,20240415114500,indiatimes.com,https://economictimes.indiatimes.com/wealth/personal-finance-news/is-kotak-mahindra-bank-app-net-banking-upi-down-this-is-what-the-bank-has-to-say/articleshow/109313410.cms,"Kotak Mahindra Bank app, Net banking, UPI down? This is what the bank has to say",ACCEPTED,True,2024-04-16,2024-04-15 17:15:00+05:30,https://economictimes.indiatimes.com/wealth/personal-finance-news/is-kotak-mahindra-bank-app-net-banking-upi-down-this-is-what-the-bank-has-to-say/articleshow/109313410.cms
20240415141500-969,20240415141500,bloomberg.com,https://www.bloomberg.com/news/articles/2024-04-15/kotak-mahindra-faces-outages-in-digital-banking-services,Kotak Mahindra Faces Outages in Digital Banking Services,ACCEPTED,True,2024-04-16,2024-04-15 19:45:00+05:30,https://www.bloomberg.com/news/articles/2024-04-15/kotak-mahindra-faces-outages-in-digital-banking-services
20240415170000-7,20240415170000,thehindubusinessline.com,https://www.thehindubusinessline.com/money-and-banking/kotak-bank-services-hit-due-to-server-outage-users-take-to-social-media/article68068628.ece,"Kotak Bank services hit due to server outage, users take to social media",ACCEPTED,True,2024-04-16,2024-04-15 22:30:00+05:30,https://www.thehindubusinessline.com/money-and-banking/kotak-bank-services-hit-due-to-server-outage-users-take-to-social-media/article68068628.ece
20240415173000-308,20240415173000,indiatimes.com,https://economictimes.indiatimes.com/industry/banking/finance/banking/kotak-mahindra-customers-face-troubles-as-bank-servers-get-impacted/articleshow/109321786.cms,Kotak Mahindra customers face troubles as bank servers get impacted,ACCEPTED,True,2024-04-16,2024-04-15 23:00:00+05:30,https://economictimes.indiatimes.com/industry/banking/finance/banking/kotak-mahindra-customers-face-troubles-as-bank-servers-get-impacted/articleshow/109321786.cms
20240415183000-1076,20240415183000,devdiscourse.com,https://www.devdiscourse.com/article/technology/2888407-kotak-mahindra-customers-face-troubles-as-bank-servers-get-impacted,Kotak Mahindra customers face troubles as bank servers get impacted,ACCEPTED,True,2024-04-16,2024-04-16 00:00:00+05:30,https://www.devdiscourse.com/article/technology/2888407-kotak-mahindra-customers-face-troubles-as-bank-servers-get-impacted
20240415210000-2157,20240415210000,bnnbloomberg.ca,https://www.bnnbloomberg.ca/kotak-mahindra-faces-outages-in-digital-banking-services-1.2059256,Kotak Mahindra Faces Outages in Digital Banking Services,ACCEPTED,True,2024-04-16,2024-04-16 02:30:00+05:30,https://www.bnnbloomberg.ca/kotak-mahindra-faces-outages-in-digital-banking-services-1.2059256
20240416043000-1256,20240416043000,businesstoday.in,https://www.businesstoday.in/industry/banks/story/kotak-mahindra-sees-a-saviour-coming-to-indias-deposit-hit-bankers-rescue-this-june-425648-2024-04-16,Kotak Mahindra sees a saviour coming to India's deposit-hit bankers rescue this June,ACCEPTED,True,2024-04-16,2024-04-16 10:00:00+05:30,https://www.businesstoday.in/industry/banks/story/kotak-mahindra-sees-a-saviour-coming-to-indias-deposit-hit-bankers-rescue-this-june-425648-2024-04-16
20240416104500-291,20240416104500,indiainfoline.com,https://www.indiainfoline.com/news/business/kotak-mahindra-bank-eyes-liquidity-boost-with-sovereign-bond-inclusion,Kotak Mahindra Bank Eyes Liquidity Boost with Sovereign Bond Inclusion,ACCEPTED,True,2024-04-18,2024-04-16 16:15:00+05:30,https://www.indiainfoline.com/news/business/kotak-mahindra-bank-eyes-liquidity-boost-with-sovereign-bond-inclusion
20240422064500-43,20240422064500,moneycontrol.com,https://www.moneycontrol.com/news/business/kotak-mahindra-bank-ups-digital-game-plans-to-launch-revamped-kotak-811-and-new-payments-service-app-12691041.html,Kotak Mahindra Bank ups digital game; plans to launch revamped Kotak 811 and new payments service app,ACCEPTED,True,2024-04-22,2024-04-22 12:15:00+05:30,https://www.moneycontrol.com/news/business/kotak-mahindra-bank-ups-digital-game-plans-to-launch-revamped-kotak-811-and-new-payments-service-app-12691041.html
20240424111500-1103,20240424111500,moneycontrol.com,https://www.moneycontrol.com/news/business/rbi-bars-kotak-mahindra-bank-from-onboarding-new-customers-through-online-mobile-banking-issue-new-credit-cards-12707215.html,"RBI bars Kotak Mahindra Bank from onboarding new customers through online, mobile banking; issuing new credit cards",ACCEPTED,True,2024-04-25,2024-04-24 16:45:00+05:30,https://www.moneycontrol.com/news/business/rbi-bars-kotak-mahindra-bank-from-onboarding-new-customers-through-online-mobile-banking-issue-new-credit-cards-12707215.html
20240424113000-747,20240424113000,businesstoday.in,https://www.businesstoday.in/markets/company-stock/story/kotak-mahindra-bank-shares-in-focus-as-rbi-bars-onboarding-new-customers-online-fresh-credit-cards-426758-2024-04-24,"Kotak Mahindra Bank shares in focus as RBI bars onboarding new customers online, fresh credit cards",ACCEPTED,True,2024-04-25,2024-04-24 17:00:00+05:30,https://www.businesstoday.in/markets/company-stock/story/kotak-mahindra-bank-shares-in-focus-as-rbi-bars-onboarding-new-customers-online-fresh-credit-cards-426758-2024-04-24
20240424113000-1452,20240424113000,indianexpress.com,https://indianexpress.com/article/business/banking-and-finance/rbi-bars-kotak-mahindra-bank-9288199/,"RBI asks Kotak Mahindra Bank to stop issuing fresh credit cards, onboarding new customers via online channels",ACCEPTED,True,2024-04-25,2024-04-24 17:00:00+05:30,https://indianexpress.com/article/business/banking-and-finance/rbi-bars-kotak-mahindra-bank-9288199
20240424113000-460,20240424113000,orissapost.com,https://www.orissapost.com/rbi-bars-kotak-mahindra-bank-from-onboarding-new-customers-via-online-issuing-fresh-credit-cards/,"RBI bars Kotak Mahindra Bank from onboarding new customers via online, issuing fresh credit cards",ACCEPTED,True,2024-04-25,2024-04-24 17:00:00+05:30,https://www.orissapost.com/rbi-bars-kotak-mahindra-bank-from-onboarding-new-customers-via-online-issuing-fresh-credit-cards
20240424113000-602,20240424113000,indiatimes.com,https://timesofindia.indiatimes.com/business/india-business/rbi-bars-kotak-mahindra-bank-from-onboarding-fresh-customers-via-online-mobile-banking-asks-it-to-stop-issuing-fresh-credit-cards/articleshow/109563915.cms,"RBI bars Kotak Mahindra Bank from onboarding fresh customers via online, mobile banking; asks it to stop issuing fresh credit cards",ACCEPTED,True,2024-04-25,2024-04-24 17:00:00+05:30,https://timesofindia.indiatimes.com/business/india-business/rbi-bars-kotak-mahindra-bank-from-onboarding-fresh-customers-via-online-mobile-banking-asks-it-to-stop-issuing-fresh-credit-cards/articleshow/109563915.cms
20240424113000-T183,20240424113000,livehindustan.com,https://www.livehindustan.com/business/rbi-action-on-kotak-mahindra-bank-from-onboarding-new-customers-through-online-mobile-banking-issue-new-credit-cards-201713956099934.html,"RBI action on Kotak Mahindra Bank from onboarding new customers through online mobile banking issue new credit cards कोटक महिंद्रा बैंक पर RBI का बड़ा एक्शन, नए क्रेडिट कार्ड से मोबाइल बैंकिंग तक पर लगाई रोक",ACCEPTED,True,2024-04-25,2024-04-24 17:00:00+05:30,https://www.livehindustan.com/business/rbi-action-on-kotak-mahindra-bank-from-onboarding-new-customers-through-online-mobile-banking-issue-new-credit-cards-201713956099934.html
20240424114500-771,20240424114500,prokerala.com,https://www.prokerala.com/news/articles/a1525630.html,"RBI bars Kotak Mahindra Bank from onboarding new customers online, issuing fresh credit cards",ACCEPTED,True,2024-04-25,2024-04-24 17:15:00+05:30,https://www.prokerala.com/news/articles/a1525630.html
20240424114500-1042,20240424114500,dailyexcelsior.com,https://www.dailyexcelsior.com/rbi-bars-kotak-mahindra-bank-from-onboarding-new-customers-via-online-issuing-fresh-credit-cards/,"RBI bars Kotak Mahindra Bank from onboarding new customers via online, issuing fresh credit cards",ACCEPTED,True,2024-04-25,2024-04-24 17:15:00+05:30,https://www.dailyexcelsior.com/rbi-bars-kotak-mahindra-bank-from-onboarding-new-customers-via-online-issuing-fresh-credit-cards
20240424114500-892,20240424114500,thehindu.com,https://www.thehindu.com/business/Industry/rbi-directs-kotak-mahindra-bank-to-stop-new-customer-onboarding-through-online-banking/article68101553.ece,"RBI bars Kotak Bank from issuing new credit cards, onboarding customers via online banking",ACCEPTED,True,2024-04-25,2024-04-24 17:15:00+05:30,https://www.thehindu.com/business/Industry/rbi-directs-kotak-mahindra-bank-to-stop-new-customer-onboarding-through-online-banking/article68101553.ece
20240424114500-1190,20240424114500,hindustantimes.com,https://www.hindustantimes.com/business/rbi-bars-kotak-mahindra-bank-from-issuing-new-credit-cards-101713955637540.html,"Kotak Mahindra Bank barred by RBI: No new credit cards, customers through online banking, mobile banking",ACCEPTED,True,2024-04-25,2024-04-24 17:15:00+05:30,https://www.hindustantimes.com/business/rbi-bars-kotak-mahindra-bank-from-issuing-new-credit-cards-101713955637540.html
20240424114500-T91,20240424114500,lokmat.com,https://www.lokmat.com/business/banking-loans/rbi-s-big-action-on-kotak-mahindra-bank-restrictions-on-adding-new-customers-online-including-new-credit-cards-giving-a-a720/,"Kotak Mahindra बँकेवर RBI ची मोठी कारवाई; नव्या क्रेडिट कार्डांसह, नवे ग्राहक जोडण्यावरही निर्बंध, जाणून घ्या",ACCEPTED,True,2024-04-25,2024-04-24 17:15:00+05:30,https://www.lokmat.com/business/banking-loans/rbi-s-big-action-on-kotak-mahindra-bank-restrictions-on-adding-new-customers-online-including-new-credit-cards-giving-a-a720
20240424114500-T1918,20240424114500,vtvgujarati.com,https://www.vtvgujarati.com/news-details/kotak-mahindra-bank-news-rbi-directs-kotak-mahindra-bank-to-stop-issuing-credit-cards,"કોટક મહિન્દ્રા બેંક પર RBIની મોટી કાર્યવાહી, ક્રેડિટ કાર્ડ ઈશ્યુ કરવા અને નવા કસ્ટમર જોડવા પર લગાવ્યો પ્રતિબંધ | kotak mahindra bank news rbi directs kotak mahindra bank to stop issuing credit cards mobile banking",ACCEPTED,True,2024-04-25,2024-04-24 17:15:00+05:30,https://www.vtvgujarati.com/news-details/kotak-mahindra-bank-news-rbi-directs-kotak-mahindra-bank-to-stop-issuing-credit-cards
20240424120000-1081,20240424120000,news18.com,https://www.news18.com/business/rbi-bars-kotak-mahindra-bank-from-onboarding-new-customers-via-online-mobile-banking-8864693.html,"RBI Bars Kotak Mahindra Bank From Onboarding New Customers Online, Issuing Credit Cards",ACCEPTED,True,2024-04-25,2024-04-24 17:30:00+05:30,https://www.news18.com/business/rbi-bars-kotak-mahindra-bank-from-onboarding-new-customers-via-online-mobile-banking-8864693.html
20240424120000-T2305,20240424120000,bhaskar.com,https://www.bhaskar.com/business/news/kotak-mahindra-bank-will-not-be-able-to-issue-new-credit-cards-132922994.html,"Kotak Mahindra Bank will not be able to issue new credit cards | कोटक महिंद्रा बैंक नए क्रेडिट कार्ड जारी नहीं कर सकेगा: ऑनलाइन खाते खोलने पर भी रोक, खामियों को दूर नहीं कर रहा था बैंक",ACCEPTED,True,2024-04-25,2024-04-24 17:30:00+05:30,https://www.bhaskar.com/business/news/kotak-mahindra-bank-will-not-be-able-to-issue-new-credit-cards-132922994.html
20240424120000-T2323,20240424120000,prabhatkhabar.com,https://www.prabhatkhabar.com/business/kotak-mahindra-bank-big-blow-reserve-bank-stops-online-account-opening,Kotak Mahindra Bank के ग्राहकों के लिए बुरी खबर,ACCEPTED,True,2024-04-25,2024-04-24 17:30:00+05:30,https://www.prabhatkhabar.com/business/kotak-mahindra-bank-big-blow-reserve-bank-stops-online-account-opening
20240424120000-T1828,20240424120000,pudhari.news,https://pudhari.news/national/779269/rbi-asks-kotak-bank-rbi-hits-kotak-mahindra/ar,"RBI On Kotak Mahindra Bank | ब्रेकिंग: RBI चा कोटक महिंद्राला धक्‍का,'या' सेवांसाठी नवीन ग्राहकांना प्रवेश न देण्याचे आदेश",ACCEPTED,True,2024-04-25,2024-04-24 17:30:00+05:30,https://pudhari.news/national/779269/rbi-asks-kotak-bank-rbi-hits-kotak-mahindra/ar
20240424121500-2048,20240424121500,theweek.in,https://www.theweek.in/wire-updates/business/2024/04/24/del34-biz-rbi-kotak-bank.html,RBI bars Kotak Mahindra Bank from onboarding new customers via online issuing fresh credit cards,ACCEPTED,True,2024-04-25,2024-04-24 17:45:00+05:30,https://www.theweek.in/wire-updates/business/2024/04/24/del34-biz-rbi-kotak-bank.html
20240424121500-1312,20240424121500,outlookindia.com,https://www.outlookindia.com/national/rbi-kotak-mahindra-new-customers-online-credit-cards,"RBI's Embargo On Kotak Mahindra Bank: Onboarding New Customers Online, Issuing Fresh Credit Cards Banned",ACCEPTED,True,2024-04-25,2024-04-24 17:45:00+05:30,https://www.outlookindia.com/national/rbi-kotak-mahindra-new-customers-online-credit-cards
20240424121500-735,20240424121500,ndtv.com,https://www.ndtv.com/india-news/kotak-mahindra-bank-barred-by-rbi-from-onboarding-new-online-customers-5512868,Kotak Mahindra Bank Barred By RBI From Onboarding New Online Customers,ACCEPTED,True,2024-04-25,2024-04-24 17:45:00+05:30,https://www.ndtv.com/india-news/kotak-mahindra-bank-barred-by-rbi-from-onboarding-new-online-customers-5512868
20240424121500-768,20240424121500,indiatimes.com,https://economictimes.indiatimes.com/wealth/personal-finance-news/kotak-mahindra-bank-penalised-by-rbi-what-happened-on-april-15-that-was-the-final-straw/articleshow/109565395.cms,"Kotak Mahindra Bank penalised by RBI: What happened on April 15, 2024, that was the final straw?",ACCEPTED,True,2024-04-25,2024-04-24 17:45:00+05:30,https://economictimes.indiatimes.com/wealth/personal-finance-news/kotak-mahindra-bank-penalised-by-rbi-what-happened-on-april-15-that-was-the-final-straw/articleshow/109565395.cms
20240424121500-1682,20240424121500,moneycontrol.com,https://www.moneycontrol.com/news/business/rbis-action-to-affect-kotak-mahindra-banks-co-branded-credit-card-deals-say-experts-12707260.html,"RBI ban to affect Kotak Mahindra Bank's co-branded credit card deals, say experts",ACCEPTED,True,2024-04-25,2024-04-24 17:45:00+05:30,https://www.moneycontrol.com/news/business/rbis-action-to-affect-kotak-mahindra-banks-co-branded-credit-card-deals-say-experts-12707260.html
20240424121500-555,20240424121500,techcrunch.com,https://techcrunch.com/2024/04/24/reserve-bank-of-india-cracks-down-on-kotak-mahindra-bank-over-it-risk-management-lapses/,"RBI bars Kotak Bank from digital onboarding of customers, fresh credit cards",ACCEPTED,True,2024-04-25,2024-04-24 17:45:00+05:30,https://techcrunch.com/2024/04/24/reserve-bank-of-india-cracks-down-on-kotak-mahindra-bank-over-it-risk-management-lapses
20240424121500-T1391,20240424121500,amarujala.com,https://www.amarujala.com/business/business-diary/rbi-bars-kotak-mahindra-bank-from-onboarding-new-customers-via-online-issuing-fresh-credit-cards-2024-04-24,"Rbi Bars Kotak Mahindra Bank From Onboarding New Customers Via Online, Issuing Fresh Credit Cards - Amar Ujala Hindi News Live - Rbi:कोटक महिंद्रा बैंक के खिलाफ कार्रवाई, ऑनलाइन तरीके से नए ग्राहक जोड़ने और क्रेडिट कार्ड जारी करने पर रोक",ACCEPTED,True,2024-04-25,2024-04-24 17:45:00+05:30,https://www.amarujala.com/business/business-diary/rbi-bars-kotak-mahindra-bank-from-onboarding-new-customers-via-online-issuing-fresh-credit-cards-2024-04-24
20240424123000-785,20240424123000,menafn.com,https://menafn.com/1108132593/RBI-Bars-Kotak-Mahindra-Bank-From-Onboarding-New-Customers-Online-Issuing-Fresh-Credit-Cards,"RBI Bars Kotak Mahindra Bank From Onboarding New Customers Online, Issuing Fresh Credit Cards",ACCEPTED,True,2024-04-25,2024-04-24 18:00:00+05:30,https://menafn.com/1108132593/RBI-Bars-Kotak-Mahindra-Bank-From-Onboarding-New-Customers-Online-Issuing-Fresh-Credit-Cards
20240424123000-187,20240424123000,freepressjournal.in,https://www.freepressjournal.in/business/cease-and-desist-rbi-bars-kotak-mahindra-bank-from-onboarding-new-customers-via-online-issuing-fresh-credit-cards,"'Cease And Desist': RBI Bars Kotak Mahindra Bank From Onboarding New Customers Via Online, Issuing Fresh Credit Cards",ACCEPTED,True,2024-04-25,2024-04-24 18:00:00+05:30,https://www.freepressjournal.in/business/cease-and-desist-rbi-bars-kotak-mahindra-bank-from-onboarding-new-customers-via-online-issuing-fresh-credit-cards
20240424123000-266,20240424123000,financialexpress.com,https://www.financialexpress.com/money/rbis-big-action-against-kotak-mahindra-bank-lender-stopped-from-issuing-fresh-credit-cards-onboarding-new-customers-digitally-3467225/,"RBI's big action against Kotak Mahindra Bank! Lender stopped from issuing fresh credit cards, onboarding new customers digitally - Money News",ACCEPTED,True,2024-04-25,2024-04-24 18:00:00+05:30,https://www.financialexpress.com/money/rbis-big-action-against-kotak-mahindra-bank-lender-stopped-from-issuing-fresh-credit-cards-onboarding-new-customers-digitally-3467225
20240424124500-T2384,20240424124500,khaskhabar.com,https://www.khaskhabar.com/local/maharashtra/mumbai-news/news-rbi-bans-kotak-mahindra-bank-from-adding-new-customers-online-and-issuing-new-credit-cards-news-hindi-1-634048-KKN.html,"RBI bans Kotak Mahindra Bank from adding new customers online and issuing new credit cards., Mumbai News in Hindi",ACCEPTED,True,2024-04-25,2024-04-24 18:15:00+05:30,https://www.khaskhabar.com/local/maharashtra/mumbai-news/news-rbi-bans-kotak-mahindra-bank-from-adding-new-customers-online-and-issuing-new-credit-cards-news-hindi-1-634048-KKN.html
20240424124500-T54,20240424124500,mathrubhumi.com,https://www.mathrubhumi.com/news/india/kotak-mahindra-bank-barred-by-rbi-from-onboarding-new-online-customers-1.9509006,"പുതിയ ഓണ്‍ലൈന്‍ ഉപഭോക്താക്കളെ ചേര്‍ക്കുന്നതില്‍നിന്ന് കോടക് മഹീന്ദ്ര ബാങ്കിനെ വിലക്കി RBI, kotak mahindra bank, barred by rbi, new ew online customers",ACCEPTED,True,2024-04-25,2024-04-24 18:15:00+05:30,https://www.mathrubhumi.com/news/india/kotak-mahindra-bank-barred-by-rbi-from-onboarding-new-online-customers-1.9509006
20240424130000-2057,20240424130000,biztoc.com,https://biztoc.com/x/5030469e35a389f3,India central bank bars Kotak Mahindra from taking new online clients,ACCEPTED,True,2024-04-25,2024-04-24 18:30:00+05:30,https://biztoc.com/x/5030469e35a389f3
20240424130000-827,20240424130000,tribuneindia.com,https://www.tribuneindia.com/news/business/rbi-bars-kotak-mahindra-bank-from-onboarding-new-online-customers-issuing-fresh-credit-cards-614191,"RBI bars Kotak Mahindra Bank from onboarding new online customers, issuing fresh credit cards",ACCEPTED,True,2024-04-25,2024-04-24 18:30:00+05:30,https://www.tribuneindia.com/news/business/rbi-bars-kotak-mahindra-bank-from-onboarding-new-online-customers-issuing-fresh-credit-cards-614191
20240424130000-738,20240424130000,telegraphindia.com,https://www.telegraphindia.com/business/rbi-bars-kotak-mahindra-bank-from-onboarding-new-customers-via-online-issuing-fresh-credit-cards/cid/2015515,"Kotak Mahindra Bank | RBI bars Kotak Mahindra Bank from onboarding new customers via online, issuing fresh credit cards",ACCEPTED,True,2024-04-25,2024-04-24 18:30:00+05:30,https://www.telegraphindia.com/business/rbi-bars-kotak-mahindra-bank-from-onboarding-new-customers-via-online-issuing-fresh-credit-cards/cid/2015515
20240424130000-1149,20240424130000,telegraphindia.com,https://www.telegraphindia.com/feeds/business/rbi-bars-kotak-mahindra-bank-from-onboarding-new-customers-via-online-issuing-fresh-credit-cards/cid/2015515,"Kotak Mahindra Bank | RBI bars Kotak Mahindra Bank from onboarding new customers via online, issuing fresh credit cards",ACCEPTED,True,2024-04-25,2024-04-24 18:30:00+05:30,https://www.telegraphindia.com/feeds/business/rbi-bars-kotak-mahindra-bank-from-onboarding-new-customers-via-online-issuing-fresh-credit-cards/cid/2015515
20240424131500-1409,20240424131500,ndtv.com,https://www.ndtv.com/india-news/how-rbi-curbs-will-affect-existing-customers-of-kotak-mahindra-bank-5513691,How RBI Curbs Will Affect Existing Customers Of Kotak Mahindra Bank,ACCEPTED,True,2024-04-25,2024-04-24 18:45:00+05:30,https://www.ndtv.com/india-news/how-rbi-curbs-will-affect-existing-customers-of-kotak-mahindra-bank-5513691
20240424131500-1063,20240424131500,oneindia.com,https://www.oneindia.com/india/rbis-order-to-kotak-mahindra-bank-no-new-customers-no-new-credit-cards-3808043.html,"RBI's Order To Kotak Mahindra Bank: No New Customers, No New Credit Cards",ACCEPTED,True,2024-04-25,2024-04-24 18:45:00+05:30,https://www.oneindia.com/india/rbis-order-to-kotak-mahindra-bank-no-new-customers-no-new-credit-cards-3808043.html
20240424133000-1053,20240424133000,outlookindia.com,https://business.outlookindia.com/corporate/kotak-mahindra-bank-faces-rbi-action-new-customer-sign-ups-credit-card-issuance-stopped,"Kotak Mahindra Bank Faces RBI Action- New Customer Sign-ups, Credit Card Issuance Stopped",ACCEPTED,True,2024-04-25,2024-04-24 19:00:00+05:30,https://business.outlookindia.com/corporate/kotak-mahindra-bank-faces-rbi-action-new-customer-sign-ups-credit-card-issuance-stopped
20240424134500-T654,20240424134500,prahaar.in,https://prahaar.in/rbi-action-against-kotak-mahindra-bank/,Kotak Mahindra Bank : कोटक महिंद्रा बँकेवर आरबीआयची कारवाई,ACCEPTED,True,2024-04-25,2024-04-24 19:15:00+05:30,https://prahaar.in/rbi-action-against-kotak-mahindra-bank
20240424134500-1111,20240424134500,pragativadi.com,https://pragativadi.com/rbi-stops-kotak-mahindra-bank-from-taking-new-customers-issuing-credit-cards/,"RBI Stops Kotak Mahindra Bank from Taking New Customers, Issuing Credit Cards",ACCEPTED,True,2024-04-25,2024-04-24 19:15:00+05:30,https://pragativadi.com/rbi-stops-kotak-mahindra-bank-from-taking-new-customers-issuing-credit-cards
20240424134500-548,20240424134500,indianexpress.com,https://indianexpress.com/article/explained/explained-economics/rbi-barred-kotak-mahindra-bank-9288739/,"Why has RBI barred Kotak Mahindra Bank from onboarding new customers via online, mobile channels?",ACCEPTED,True,2024-04-25,2024-04-24 19:15:00+05:30,https://indianexpress.com/article/explained/explained-economics/rbi-barred-kotak-mahindra-bank-9288739
20240424134500-1245,20240424134500,moneycontrol.com,https://www.moneycontrol.com/news/business/stocks/rbi-action-on-kotak-mahindra-bank-to-negatively-impact-retail-business-12707348.html,"RBI curbs on Kotak Mahindra Bank to hurt retail business, stock may fall 3-5%, says expert",ACCEPTED,True,2024-04-25,2024-04-24 19:15:00+05:30,https://www.moneycontrol.com/news/business/stocks/rbi-action-on-kotak-mahindra-bank-to-negatively-impact-retail-business-12707348.html
20240424140000-1009,20240424140000,india.com,https://www.india.com/business/rbi-bars-kotak-mahindra-bank-from-onboarding-new-customers-via-online-issuing-fresh-credit-cards-6882733/,"RBI Bars Kotak Mahindra Bank From Onboarding New Customers Via Online, Issuing Fresh Credit Cards",ACCEPTED,True,2024-04-25,2024-04-24 19:30:00+05:30,https://www.india.com/business/rbi-bars-kotak-mahindra-bank-from-onboarding-new-customers-via-online-issuing-fresh-credit-cards-6882733
20240424141500-685,20240424141500,vccircle.com,https://www.vccircle.com/rbibars-kotak-mahindra-from-taking-new-clients-online-due-to-it-deficiences,RBI bars Kotak Mahindra from taking new clients online due to IT deficiencies,ACCEPTED,True,2024-04-25,2024-04-24 19:45:00+05:30,https://www.vccircle.com/rbibars-kotak-mahindra-from-taking-new-clients-online-due-to-it-deficiences
20240424141500-1435,20240424141500,theweek.in,https://www.theweek.in/news/biz-tech/2024/04/24/rbi-bars-kotak-mahindra-bank-from-onboarding-customers-online-issuing-fresh-credit-cards.html,"RBI bars Kotak Mahindra Bank from onboarding customers online, issuing fresh credit cards",ACCEPTED,True,2024-04-25,2024-04-24 19:45:00+05:30,https://www.theweek.in/news/biz-tech/2024/04/24/rbi-bars-kotak-mahindra-bank-from-onboarding-customers-online-issuing-fresh-credit-cards.html
20240424141500-T473,20240424141500,jagran.com,https://www.jagran.com/business/biz-rbi-directs-kotak-mahindra-bank-to-stop-new-customer-onboarding-through-online-banking-23703872.html,"RBI अब कोटक महिंद्रा बैंक पर हुआ सख्‍त, नए ग्राहक बनाने पर लगाई पाबंदी; क्रेडिट कार्ड भी नहीं कर सकेगा जारी - RBI directs Kotak Mahindra Bank to stop new customer onboarding through online banking",ACCEPTED,True,2024-04-25,2024-04-24 19:45:00+05:30,https://www.jagran.com/business/biz-rbi-directs-kotak-mahindra-bank-to-stop-new-customer-onboarding-through-online-banking-23703872.html
20240424141500-T450,20240424141500,punjabkesari.com,https://www.punjabkesari.com/business-news/after-paytm-bank-now-rbi-action-on-kotak-bank-ban-on-many-services/,"पेटीएम बैंक के बाद अब Kotak Bank पर आरबीआई की कार्रवाई, कई सेवाओं पर लगाई रोक",ACCEPTED,True,2024-04-25,2024-04-24 19:45:00+05:30,https://www.punjabkesari.com/business-news/after-paytm-bank-now-rbi-action-on-kotak-bank-ban-on-many-services
20240424143000-902,20240424143000,businesstoday.in,https://www.businesstoday.in/personal-finance/banking/story/rbis-directive-on-kotak-mahindra-bank-what-it-means-for-you-426791-2024-04-24,RBI's directive on Kotak Mahindra Bank: What it means for you?,ACCEPTED,True,2024-04-25,2024-04-24 20:00:00+05:30,https://www.businesstoday.in/personal-finance/banking/story/rbis-directive-on-kotak-mahindra-bank-what-it-means-for-you-426791-2024-04-24
20240424143000-1352,20240424143000,businesstoday.in,https://www.businesstoday.in/personal-finance/banking/story/paytm-payments-bank-iifl-finance-and-now-kotak-mahindra-bank-why-is-rbi-tightening-regulatory-noose-426787-2024-04-24,"Paytm Payments Bank, IIFL Finance, and now Kotak Mahindra Bank: Why is RBI tightening regulatory noose?",ACCEPTED,True,2024-04-25,2024-04-24 20:00:00+05:30,https://www.businesstoday.in/personal-finance/banking/story/paytm-payments-bank-iifl-finance-and-now-kotak-mahindra-bank-why-is-rbi-tightening-regulatory-noose-426787-2024-04-24
20240424143000-T1164,20240424143000,haribhoomi.com,https://www.haribhoomi.com/business/news/rbi-bars-kotak-mahindra-bank-ban-on-adding-new-customers-online-and-issuing-credit-cards-21802,"RBI Bars Kotak Mahindra Bank: कोटक महिंद्रा बैंक पर RBI का एक्शन, ऑनलाइन कस्टमर बनाने, क्रेडिट कार्ड जारी करने पर रोक",ACCEPTED,True,2024-04-25,2024-04-24 20:00:00+05:30,https://www.haribhoomi.com/business/news/rbi-bars-kotak-mahindra-bank-ban-on-adding-new-customers-online-and-issuing-credit-cards-21802
20240424144500-T1625,20240424144500,sangbadpratidin.in,https://www.sangbadpratidin.in/india/rbi-bars-kotak-mahindra-bank-from-onboarding-new-customers-online/,RBI Bars Kotak Mahindra Bank From Onboarding New Customers Online,ACCEPTED,True,2024-04-25,2024-04-24 20:15:00+05:30,https://www.sangbadpratidin.in/india/rbi-bars-kotak-mahindra-bank-from-onboarding-new-customers-online
20240424144500-1249,20240424144500,aninews.in,https://aninews.in/news/business/rbi-bars-kotak-mahindra-bank-from-onboarding-new-online-customers-issuing-credit-cards20240424165423/,"RBI bars Kotak Mahindra Bank from onboarding new online customers, issuing credit cards",ACCEPTED,True,2024-04-25,2024-04-24 20:15:00+05:30,https://aninews.in/news/business/rbi-bars-kotak-mahindra-bank-from-onboarding-new-online-customers-issuing-credit-cards20240424165423
20240424150000-1319,20240424150000,rediff.com,https://www.rediff.com/business/report/kotak-bank-barred-from-onboarding-customers-online-issuing-fresh-credit-cards/20240424.htm,"Kotak Bank barred from onboarding customers online, issuing fresh credit cards",ACCEPTED,True,2024-04-25,2024-04-24 20:30:00+05:30,https://www.rediff.com/business/report/kotak-bank-barred-from-onboarding-customers-online-issuing-fresh-credit-cards/20240424.htm
20240424150000-T1348,20240424150000,amarujala.com,https://www.amarujala.com/business/business-diary/kotak-bank-after-ppbl-now-rbi-s-stick-on-kotak-mahindra-bank-what-will-be-its-impact-on-customers-2024-04-24,"Kotak Bank: After Ppbl, Now Rbi's Stick On Kotak Mahindra Bank, What Will Be Its Impact On Customers? - Amar Ujala Hindi News Live - Kotak Bank:पीपीबीएल के बाद अब कोटक महिंद्रा बैंक पर चला आरबीआई का डंडा, ग्राहकों पर इसका क्या असर पड़ेगा?",ACCEPTED,True,2024-04-25,2024-04-24 20:30:00+05:30,https://www.amarujala.com/business/business-diary/kotak-bank-after-ppbl-now-rbi-s-stick-on-kotak-mahindra-bank-what-will-be-its-impact-on-customers-2024-04-24
20240424150000-T1308,20240424150000,punjabkesari.in,https://www.punjabkesari.in/business/news/big-action-by-rbi-against-kotak-mahindra-bank-ban-on-issuing-new-credit-cards-1971400,"कोटक महिंद्रा बैंक पर RBI की बड़ी कार्रवाई, नए क्रेडिट कार्ड जारी करने पर लगाई रोक - big action by rbi against kotak mahindra bank ban on issuing new credit cards",ACCEPTED,True,2024-04-25,2024-04-24 20:30:00+05:30,https://www.punjabkesari.in/business/news/big-action-by-rbi-against-kotak-mahindra-bank-ban-on-issuing-new-credit-cards-1971400
20240424151500-1534,20240424151500,dailypioneer.com,https://www.dailypioneer.com/2024/business/rbi-bars-kotak-mahindra-bank-from-onboarding-new-customers-via-online--issuing-fresh-credit-cards.html,"RBI bars Kotak Mahindra Bank from onboarding new customers via online, issuing fresh credit cards",ACCEPTED,True,2024-04-25,2024-04-24 20:45:00+05:30,https://www.dailypioneer.com/2024/business/rbi-bars-kotak-mahindra-bank-from-onboarding-new-customers-via-online--issuing-fresh-credit-cards.html
20240424151500-1662,20240424151500,moneycontrol.com,https://www.moneycontrol.com/news/business/rbi-action-kotak-mahindra-bank-says-taken-mesaures-to-adopt-new-tech-assures-existing-customers-12707452.html,"RBI action: Kotak Mahindra Bank says taken mesaures to adopt new tech, assures existing customers",ACCEPTED,True,2024-04-25,2024-04-24 20:45:00+05:30,https://www.moneycontrol.com/news/business/rbi-action-kotak-mahindra-bank-says-taken-mesaures-to-adopt-new-tech-assures-existing-customers-12707452.html
20240424153000-74,20240424153000,moneycontrol.com,https://www.moneycontrol.com/news/india/kotak-bank-promoter-infina-finance-donated-rs-60-cr-to-bjp-via-electoral-bonds-12707475.html,Kotak Bank promoter Infina Finance donated Rs 60 cr to BJP via electoral bonds,ACCEPTED,True,2024-04-25,2024-04-24 21:00:00+05:30,https://www.moneycontrol.com/news/india/kotak-bank-promoter-infina-finance-donated-rs-60-cr-to-bjp-via-electoral-bonds-12707475.html
20240424153000-1782,20240424153000,ndtv.com,https://www.ndtv.com/india-news/services-wont-be-interrupted-for-existing-customers-kotak-mahindra-bank-5514690,Services Won't Be Interrupted For Existing Customers: Kotak Mahindra Bank,ACCEPTED,True,2024-04-25,2024-04-24 21:00:00+05:30,https://www.ndtv.com/india-news/services-wont-be-interrupted-for-existing-customers-kotak-mahindra-bank-5514690
20240424153000-1536,20240424153000,firstpost.com,https://www.firstpost.com/world/rbi-bars-kotak-mahindra-bank-from-issuing-new-credit-cards-adding-new-customers-online-or-via-mobile-13763303.html,"RBI bars Kotak Mahindra Bank from issuing new credit cards, adding new customers online or via mobile",ACCEPTED,True,2024-04-25,2024-04-24 21:00:00+05:30,https://www.firstpost.com/world/rbi-bars-kotak-mahindra-bank-from-issuing-new-credit-cards-adding-new-customers-online-or-via-mobile-13763303.html
20240424154500-2279,20240424154500,businesstoday.in,https://www.businesstoday.in/personal-finance/banking/story/uninterrupted-services-for-our-existing-customers-kotak-mahindra-bank-clarifies-after-rbi-imposes-curbs-426797-2024-04-24,'Uninterrupted services for our existing customers': Kotak Mahindra Bank clarifies after RBI imposes curbs,ACCEPTED,True,2024-04-25,2024-04-24 21:15:00+05:30,https://www.businesstoday.in/personal-finance/banking/story/uninterrupted-services-for-our-existing-customers-kotak-mahindra-bank-clarifies-after-rbi-imposes-curbs-426797-2024-04-24
20240424160000-916,20240424160000,indiatimes.com,https://economictimes.indiatimes.com/industry/banking/finance/banking/kotak-bank-promoter-infina-finance-donated-rs-60-crore-to-bjp-via-electoral-bonds/articleshow/109569828.cms,electoral bonds: Kotak Bank promoter Infina Finance donated Rs 60 crore to BJP via electoral bonds,ACCEPTED,True,2024-04-25,2024-04-24 21:30:00+05:30,https://economictimes.indiatimes.com/industry/banking/finance/banking/kotak-bank-promoter-infina-finance-donated-rs-60-crore-to-bjp-via-electoral-bonds/articleshow/109569828.cms
20240424160000-T1934,20240424160000,mymahanagar.com,https://www.mymahanagar.com/photo-gallery/rbi-action-against-kotak-mahindra-bank-due-to-it-errors-msj/735958/,RBI: Action against Kotak Mahindra Bank due to IT errors msj,ACCEPTED,True,2024-04-25,2024-04-24 21:30:00+05:30,https://www.mymahanagar.com/photo-gallery/rbi-action-against-kotak-mahindra-bank-due-to-it-errors-msj/735958
20240424160000-T1047,20240424160000,pardaphash.com,https://hindi.pardaphash.com/kotak-mahindra-bank-rbi-bans-issuance-of-new-credit-cards-of-kotak-mahindra-bank/,Kotak Mahindra Bank : RBI ने कोटक महिंद्रा बैंक के नए क्रेडिट कार्ड्स जारी करने पर लगाई रोक,ACCEPTED,True,2024-04-25,2024-04-24 21:30:00+05:30,https://hindi.pardaphash.com/kotak-mahindra-bank-rbi-bans-issuance-of-new-credit-cards-of-kotak-mahindra-bank
20240424161500-954,20240424161500,firstpost.com,https://www.firstpost.com/explainers/rbi-stopped-kotak-mahindra-bank-new-customers-online-13763358.html,Why has RBI stopped Kotak Mahindra Bank from taking on new customers online?,ACCEPTED,True,2024-04-25,2024-04-24 21:45:00+05:30,https://www.firstpost.com/explainers/rbi-stopped-kotak-mahindra-bank-new-customers-online-13763358.html
20240424163000-1783,20240424163000,newindianexpress.com,https://www.newindianexpress.com/business/2024/Apr/24/rbi-bars-kotak-mahindra-bank-from-onboarding-online-mobile-banking-and-credit-card-customers,"RBI bars Kotak Mahindra Bank from onboarding online, mobile banking and credit card customers",ACCEPTED,True,2024-04-25,2024-04-24 22:00:00+05:30,https://www.newindianexpress.com/business/2024/Apr/24/rbi-bars-kotak-mahindra-bank-from-onboarding-online-mobile-banking-and-credit-card-customers
20240424163000-1144,20240424163000,outlookindia.com,https://business.outlookindia.com/banking/rbi-kotak-mahindra-bank-share-price-credit-card-new-customers,RBI Kotak Mahindra Bank Share Price News Credit Card New Customers,ACCEPTED,True,2024-04-25,2024-04-24 22:00:00+05:30,https://business.outlookindia.com/banking/rbi-kotak-mahindra-bank-share-price-credit-card-new-customers
20240424163000-T1897,20240424163000,kannadaprabha.com,https://www.kannadaprabha.com/business/2024/Apr/24/rbi-bars-kotak-mahindra-bank-from-onboarding-online-mobile-banking-and-credit-card-customers,"Kotak Mahindra Bank ಮೇಲೆ RBI ಕ್ರಮ: ಆನ್‌ಲೈನ್, ಮೊಬೈಲ್ ಬ್ಯಾಂಕಿಂಗ್, ಹೊಸ ಕ್ರೆಡಿಟ್ ಕಾರ್ಡ್‌ಗಳನ್ನು ನಿಷೇಧಿಸಿದ್ದೇಕೆ?",ACCEPTED,True,2024-04-25,2024-04-24 22:00:00+05:30,https://www.kannadaprabha.com/business/2024/Apr/24/rbi-bars-kotak-mahindra-bank-from-onboarding-online-mobile-banking-and-credit-card-customers
20240424164500-765,20240424164500,moneycontrol.com,https://www.moneycontrol.com/news/business/rbi-crackdown-on-kmb-poses-1st-major-challenge-to-uday-kotaks-successor-ashok-vaswani-12707492.html,RBI crackdown on KMB poses first major challenge to Uday Kotak's successor Ashok Vaswani,ACCEPTED,True,2024-04-25,2024-04-24 22:15:00+05:30,https://www.moneycontrol.com/news/business/rbi-crackdown-on-kmb-poses-1st-major-challenge-to-uday-kotaks-successor-ashok-vaswani-12707492.html
20240424170000-674,20240424170000,newkerala.com,https://www.newkerala.com/news/2024/23692.htm,"RBI bars Kotak Mahindra Bank from onboarding new customers online, issuing fresh credit cards",ACCEPTED,True,2024-04-25,2024-04-24 22:30:00+05:30,https://www.newkerala.com/news/2024/23692.htm
20240424170000-T2460,20240424170000,khabarfast.com,https://www.khabarfast.com/big-action-by-rbi-kotak-mahindra-bank-banned-from-adding-new-customers-and-issuing-credit-cards/,"RBI का बड़ा एक्शन, Kotak Mahindra Bank पर नए ग्राहक जोड़ने और क्रेडिट कार्ड जारी करने पर लगी रोक",ACCEPTED,True,2024-04-25,2024-04-24 22:30:00+05:30,https://www.khabarfast.com/big-action-by-rbi-kotak-mahindra-bank-banned-from-adding-new-customers-and-issuing-credit-cards
20240424171500-1787,20240424171500,financialexpress.com,https://www.financialexpress.com/shorts/money/rbis-big-action-against-kotak-mahindra-bank-lender-stopped-from-issuing-fresh-credit-cards-onboarding-new-customers-digitally-3467225/,"Kotak Mahindra Bank stopped from issuing fresh credit cards, onboarding online customers",ACCEPTED,True,2024-04-25,2024-04-24 22:45:00+05:30,https://www.financialexpress.com/shorts/money/rbis-big-action-against-kotak-mahindra-bank-lender-stopped-from-issuing-fresh-credit-cards-onboarding-new-customers-digitally-3467225
20240424171500-1159,20240424171500,indiablooms.com,https://www.indiablooms.com/finance-details/20313/reserve-bank-of-india-bans-kotak-mahindra-bank-from-onboarding-new-customers-online-issuing-credit-cards.html,"Reserve Bank of India bans Kotak Mahindra Bank from onboarding new customers online, issuing credit cards | Indiablooms",ACCEPTED,True,2024-04-25,2024-04-24 22:45:00+05:30,https://www.indiablooms.com/finance-details/20313/reserve-bank-of-india-bans-kotak-mahindra-bank-from-onboarding-new-customers-online-issuing-credit-cards.html
20240424171500-709,20240424171500,telegraphindia.com,https://www.telegraphindia.com/india/kotak-bank-promoter-infina-finance-donated-rs-60-crore-to-bjp-via-electoral-bonds/cid/2015546,electoral bonds | Kotak Bank promoter Infina Finance donated Rs 60 crore to BJP via electoral bonds,ACCEPTED,True,2024-04-25,2024-04-24 22:45:00+05:30,https://www.telegraphindia.com/india/kotak-bank-promoter-infina-finance-donated-rs-60-crore-to-bjp-via-electoral-bonds/cid/2015546
20240424171500-1786,20240424171500,telegraphindia.com,https://www.telegraphindia.com/feeds/india/kotak-bank-promoter-infina-finance-donated-rs-60-crore-to-bjp-via-electoral-bonds/cid/2015546,electoral bonds | Kotak Bank promoter Infina Finance donated Rs 60 crore to BJP via electoral bonds,ACCEPTED,True,2024-04-25,2024-04-24 22:45:00+05:30,https://www.telegraphindia.com/feeds/india/kotak-bank-promoter-infina-finance-donated-rs-60-crore-to-bjp-via-electoral-bonds/cid/2015546
20240424171500-219,20240424171500,india.com,https://zeenews.india.com/companies/setback-for-kotak-mahindra-bank-rbi-bars-it-from-onboarding-customers-online-issuing-credit-cardssetback-for-kotak-mahindra-bank-rbi-bars-it-from-onboarding-customers-online-issuing-credit-cards-2743643.html,"Setback For Kotak Mahindra Bank, RBI Bars It From Onboarding Customers Online, Issuing Credit Cards",ACCEPTED,True,2024-04-25,2024-04-24 22:45:00+05:30,https://zeenews.india.com/companies/setback-for-kotak-mahindra-bank-rbi-bars-it-from-onboarding-customers-online-issuing-credit-cardssetback-for-kotak-mahindra-bank-rbi-bars-it-from-onboarding-customers-online-issuing-credit-cards-2743643.html
20240424173000-2150,20240424173000,ndtv.com,https://www.ndtv.com/india-news/kotak-mahindra-bank-promoter-infina-finance-donated-rs-60-crore-to-bjp-via-electoral-bonds-5515235,Kotak Mahindra Bank Promoter Infina Finance Donated Rs 60 Crore To BJP Via Electoral Bonds,ACCEPTED,True,2024-04-25,2024-04-24 23:00:00+05:30,https://www.ndtv.com/india-news/kotak-mahindra-bank-promoter-infina-finance-donated-rs-60-crore-to-bjp-via-electoral-bonds-5515235
20240424183000-1657,20240424183000,thehindubusinessline.com,https://www.thehindubusinessline.com/news/rbi-bars-kotak-mahindra-bank-from-onboarding-new-customers-through-online-mobile-channels/article68102725.ece,RBI bars Kotak Mahindra Bank from onboarding new customers through online & mobile channels,ACCEPTED,True,2024-04-25,2024-04-25 00:00:00+05:30,https://www.thehindubusinessline.com/news/rbi-bars-kotak-mahindra-bank-from-onboarding-new-customers-through-online-mobile-channels/article68102725.ece
20240424183000-T1745,20240424183000,saamana.com,https://www.saamana.com/rbis-action-on-kotak-bank-ban-on-credit-cards-to-new-customers-saamana-online-news/,Kotak Mahindra Bank : कोटक महिंद्रा बँकेवर RBI ची मोठी कारवाई; ऑनलाइन ग्राहक जोडण्यास बंदी,ACCEPTED,True,2024-04-25,2024-04-25 00:00:00+05:30,https://www.saamana.com/rbis-action-on-kotak-bank-ban-on-credit-cards-to-new-customers-saamana-online-news
20240424184500-501,20240424184500,prokerala.com,https://www.prokerala.com/news/articles/a1525730.html,"Kotak Bank promoter donated electoral bonds worth Rs 60 cr, but RBI cracks down on lender to protect customers",ACCEPTED,True,2024-04-25,2024-04-25 00:15:00+05:30,https://www.prokerala.com/news/articles/a1525730.html
20240424191500-1210,20240424191500,indiatimes.com,https://economictimes.indiatimes.com/industry/banking/finance/banking/kotak-mahindra-case-indian-banks-caught-between-growth-targets-and-an-unforgiving-regulator/articleshow/109572513.cms,Kotak Mahindra case: Indian banks caught between growth targets and an unforgiving regulator,ACCEPTED,True,2024-04-25,2024-04-25 00:45:00+05:30,https://economictimes.indiatimes.com/industry/banking/finance/banking/kotak-mahindra-case-indian-banks-caught-between-growth-targets-and-an-unforgiving-regulator/articleshow/109572513.cms
20240424191500-897,20240424191500,newsx.com,https://www.newsx.com/top-news/rbi-restrictions-on-kotak-mahindra-bank-what-does-it-mean-for-current-customers/,RBI Restrictions On Kotak Mahindra Bank: What Does It Mean For Current Customers?,ACCEPTED,True,2024-04-25,2024-04-25 00:45:00+05:30,https://www.newsx.com/top-news/rbi-restrictions-on-kotak-mahindra-bank-what-does-it-mean-for-current-customers
20240424193000-95,20240424193000,wn.com,https://article.wn.com/view/2024/04/24/RBI_bars_Kotak_Mahindra_Bank_from_onboarding_new_customers_t/,RBI bars Kotak Mahindra Bank from onboarding new customers through online & mobile channels,ACCEPTED,True,2024-04-25,2024-04-25 01:00:00+05:30,https://article.wn.com/view/2024/04/24/RBI_bars_Kotak_Mahindra_Bank_from_onboarding_new_customers_t
20240424193000-33,20240424193000,thehindubusinessline.com,https://www.thehindubusinessline.com/money-and-banking/rbi-bars-kotak-mahindra-bank-from-onboarding-new-customers-through-online-mobile-channels/article68102725.ece,RBI bars Kotak Mahindra Bank from onboarding new customers through online & mobile channels,ACCEPTED,True,2024-04-25,2024-04-25 01:00:00+05:30,https://www.thehindubusinessline.com/money-and-banking/rbi-bars-kotak-mahindra-bank-from-onboarding-new-customers-through-online-mobile-channels/article68102725.ece
20240424194500-1502,20240424194500,centralchronicle.com,https://www.centralchronicle.com/rbi-puts-curbs-on-kotak-mahindra-bank-due-to-serious-deficiencies-in-its-it-network/,"RBI puts curbs on Kotak Mahindra Bank due to ""serious"" deficiencies in its IT network | Central India's Premier English Daily",ACCEPTED,True,2024-04-25,2024-04-25 01:15:00+05:30,https://www.centralchronicle.com/rbi-puts-curbs-on-kotak-mahindra-bank-due-to-serious-deficiencies-in-its-it-network
20240424211500-2253,20240424211500,menafn.com,https://menafn.com/1108134111/Kotak-Bank-Promoter-Donated-Electoral-Bonds-Worth-Rs-60-Cr-But-RBI-Cracks-Down-On-Lender-To-Protect-Customers,"Kotak Bank Promoter Donated Electoral Bonds Worth Rs 60 Cr, But RBI Cracks Down On Lender To Protect Customers",ACCEPTED,True,2024-04-25,2024-04-25 02:45:00+05:30,https://menafn.com/1108134111/Kotak-Bank-Promoter-Donated-Electoral-Bonds-Worth-Rs-60-Cr-But-RBI-Cracks-Down-On-Lender-To-Protect-Customers
20240424221500-1828,20240424221500,devdiscourse.com,https://www.devdiscourse.com/article/technology/2906500-kotak-mahindra-bank-faces-rbi-action-online-customer-acquisition-and-credit-card-issuance-suspended,Kotak Mahindra Bank Faces RBI Action: Online Customer Acquisition and Credit Card Issuance Suspended,ACCEPTED,True,2024-04-25,2024-04-25 03:45:00+05:30,https://www.devdiscourse.com/article/technology/2906500-kotak-mahindra-bank-faces-rbi-action-online-customer-acquisition-and-credit-card-issuance-suspended
20240425003000-1644,20240425003000,deccanchronicle.com,https://www.deccanchronicle.com/business/rbi-bars-kotak-bank-from-onboarding-new-online-customers-issuing-new-credit-cards-890940,"RBI Bars Kotak Bank From Issuing New Credit Cards, Onboarding Customers via Online Banking Channel",ACCEPTED,True,2024-04-25,2024-04-25 06:00:00+05:30,https://www.deccanchronicle.com/business/rbi-bars-kotak-bank-from-onboarding-new-online-customers-issuing-new-credit-cards-890940
20240425004500-882,20240425004500,indianexpress.com,https://indianexpress.com/article/business/banking-and-finance/rbi-bars-kotak-bank-from-online-onboarding-of-customers-issuing-fresh-credit-cards-9289145/,"RBI bars Kotak Bank from online onboarding of customers, issuing fresh credit cards",ACCEPTED,True,2024-04-25,2024-04-25 06:15:00+05:30,https://indianexpress.com/article/business/banking-and-finance/rbi-bars-kotak-bank-from-online-onboarding-of-customers-issuing-fresh-credit-cards-9289145
20240425013000-T495,20240425013000,bhaskar.com,https://www.bhaskar.com/business/news/business-news-update-kotak-mahindra-bank-new-credit-cards-petrol-diesel-price-today-132925021.html,"Business News Update; Kotak Mahindra Bank, new credit cards | Petrol Diesel Price Today | कोटक महिंद्रा बैंक नए क्रेडिट कार्ड जारी नहीं कर सकेगा: डेटा खपत में जियो दुनिया का सबसे बड़ा मोबाइल ऑपरेटर, अल्ट्रावॉयलेट F77 मैक 2 भारत में लॉन्च",ACCEPTED,True,2024-04-25,2024-04-25 07:00:00+05:30,https://www.bhaskar.com/business/news/business-news-update-kotak-mahindra-bank-new-credit-cards-petrol-diesel-price-today-132925021.html
20240425014500-1050,20240425014500,indiatimes.com,https://economictimes.indiatimes.com/industry/banking/finance/banking/rbi-bars-kotak-bank-fromadding-customers-digitally/articleshow/109573124.cms,Kotak Mahindra Bank: RBI bars Kotak Bank from adding customers digitally,ACCEPTED,True,2024-04-25,2024-04-25 07:15:00+05:30,https://economictimes.indiatimes.com/industry/banking/finance/banking/rbi-bars-kotak-bank-fromadding-customers-digitally/articleshow/109573124.cms
20240425014500-63,20240425014500,indiatimes.com,https://economictimes.indiatimes.com/epaper/delhicapital/2024/apr/25/et-front/rbi-bars-kotak-bank-fromadding-customers-digitally/articleshow/109573613.cms,RBI Bars Kotak Bank from Adding Customers Digitally,ACCEPTED,True,2024-04-25,2024-04-25 07:15:00+05:30,https://economictimes.indiatimes.com/epaper/delhicapital/2024/apr/25/et-front/rbi-bars-kotak-bank-fromadding-customers-digitally/articleshow/109573613.cms
20240425014500-T1235,20240425014500,andhrajyothy.com,https://www.andhrajyothy.com/2024/business/rbi-whip-on-kotak-mahindra-bank-1244821.html,కోటక్‌ మహీంద్రా బ్యాంక్‌పై ఆర్‌బీఐ కొరడా | RBI whip on Kotak Mahindra Bank,ACCEPTED,True,2024-04-25,2024-04-25 07:15:00+05:30,https://www.andhrajyothy.com/2024/business/rbi-whip-on-kotak-mahindra-bank-1244821.html
20240425023000-292,20240425023000,tribuneindia.com,https://www.tribuneindia.com/news/india/poor-security-rbi-debars-kotak-from-opening-a-cs-online-614242,"Poor security, RBI debars Kotak Mahindra Bank from opening a/cs online",ACCEPTED,True,2024-04-25,2024-04-25 08:00:00+05:30,https://www.tribuneindia.com/news/india/poor-security-rbi-debars-kotak-from-opening-a-cs-online-614242
20240425023000-T1038,20240425023000,madhyamam.com,https://www.madhyamam.com/business/biz-news/rbi-bars-kotak-bank-from-adding-customers-digitally-1281209,കൊട്ടക് മഹീന്ദ്ര ബാങ്കിന് വിലക്കുമായി ആർ.ബി.ഐ | RBI bars Kotak Bank from adding customers digitally,ACCEPTED,True,2024-04-25,2024-04-25 08:00:00+05:30,https://www.madhyamam.com/business/biz-news/rbi-bars-kotak-bank-from-adding-customers-digitally-1281209
20240425024500-T235,20240425024500,livehindustan.com,https://www.livehindustan.com/business/kotak-bank-ignored-rules-for-two-years-rbi-used-special-power-201714003103526.html,"Kotak Bank ignored rules for two years RBI used special power कोटक बैंक ने दो साल तक नियमों को अनदेखा किया, आरबीआई ने किया स्पेशल पावर का प्रयोग",ACCEPTED,True,2024-04-25,2024-04-25 08:15:00+05:30,https://www.livehindustan.com/business/kotak-bank-ignored-rules-for-two-years-rbi-used-special-power-201714003103526.html
20240425030000-1118,20240425030000,marketscreener.com,https://www.marketscreener.com/quote/stock/KOTAK-MAHINDRA-BANK-LIMIT-46728631/news/INDIA-STOCKS-Indian-shares-set-to-open-lower-Kotak-Mahindra-Bank-in-focus-46523034/,INDIA STOCKS-Indian shares set to open lower; Kotak Mahindra Bank in focus,ACCEPTED,True,2024-04-25,2024-04-25 08:30:00+05:30,https://www.marketscreener.com/quote/stock/KOTAK-MAHINDRA-BANK-LIMIT-46728631/news/INDIA-STOCKS-Indian-shares-set-to-open-lower-Kotak-Mahindra-Bank-in-focus-46523034
20240425031500-835,20240425031500,marketscreener.com,https://www.marketscreener.com/quote/stock/KOTAK-MAHINDRA-BANK-LIMIT-46728631/news/Indian-shares-set-to-open-lower-Kotak-Mahindra-Bank-in-focus-46523034/,Indian shares set to open lower; Kotak Mahindra Bank in focus,ACCEPTED,True,2024-04-25,2024-04-25 08:45:00+05:30,https://www.marketscreener.com/quote/stock/KOTAK-MAHINDRA-BANK-LIMIT-46728631/news/Indian-shares-set-to-open-lower-Kotak-Mahindra-Bank-in-focus-46523034
20240425031500-969,20240425031500,indiatimes.com,https://economictimes.indiatimes.com/markets/stocks/news/rbi-bars-kotak-bank-fromadding-customers-digitally/articleshow/109577304.cms,Kotak Mahindra Bank: RBI bars Kotak Bank from adding customers digitally,ACCEPTED,True,2024-04-25,2024-04-25 08:45:00+05:30,https://economictimes.indiatimes.com/markets/stocks/news/rbi-bars-kotak-bank-fromadding-customers-digitally/articleshow/109577304.cms
20240425031500-T203,20240425031500,zonebourse.com,https://www.zonebourse.com/cours/action/KOTAK-MAHINDRA-BANK-LIMIT-46728631/actualite/ACTIONS-INDIENNES-Les-actions-indiennes-devraient-ouvrir-en-baisse-Kotak-Mahindra-Bank-en-ligne-46523034/,ACTIONS INDIENNES - Les actions indiennes devraient ouvrir en baisse ; Kotak Mahindra Bank en ligne de mire,ACCEPTED,True,2024-04-25,2024-04-25 08:45:00+05:30,https://www.zonebourse.com/cours/action/KOTAK-MAHINDRA-BANK-LIMIT-46728631/actualite/ACTIONS-INDIENNES-Les-actions-indiennes-devraient-ouvrir-en-baisse-Kotak-Mahindra-Bank-en-ligne-46523034
20240425033000-696,20240425033000,moneycontrol.com,https://www.moneycontrol.com/news/business/markets/kotak-bank-stock-downgraded-following-rbi-curbs-analysts-see-impact-on-growth-nim-12707605.html,"Kotak Bank stock ratings, target prices cut after RBI curbs; analysts see impact on growth, NIM",ACCEPTED,True,2024-04-25,2024-04-25 09:00:00+05:30,https://www.moneycontrol.com/news/business/markets/kotak-bank-stock-downgraded-following-rbi-curbs-analysts-see-impact-on-growth-nim-12707605.html
20240425034500-378,20240425034500,businesstoday.in,https://www.businesstoday.in/markets/stocks/story/stocks-in-the-news-kotak-bank-hul-bajaj-finance-sbi-vedanta-itc-rvnl-and-more-426814-2024-04-25,"Stocks in the News: Kotak Bank, HUL, Bajaj Finance, SBI, Vedanta, ITC, RVNL and more",ACCEPTED,True,2024-04-25,2024-04-25 09:15:00+05:30,https://www.businesstoday.in/markets/stocks/story/stocks-in-the-news-kotak-bank-hul-bajaj-finance-sbi-vedanta-itc-rvnl-and-more-426814-2024-04-25
20240425034500-1135,20240425034500,businesstoday.in,https://www.businesstoday.in/markets/company-stock/story/kotak-mahindra-bank-shares-in-focus-after-rbi-ban-what-private-lender-says-426815-2024-04-25,Kotak Mahindra Bank shares in focus after RBI ban; what private lender says,ACCEPTED,True,2024-04-25,2024-04-25 09:15:00+05:30,https://www.businesstoday.in/markets/company-stock/story/kotak-mahindra-bank-shares-in-focus-after-rbi-ban-what-private-lender-says-426815-2024-04-25
20240425040000-8,20240425040000,moneycontrol.com,https://www.moneycontrol.com/news/business/rbi-action-may-hit-kotak-mahindra-bank-as-majority-of-business-sourced-digitally-brokerages-12707623.html,RBI action may hit Kotak Mahindra Bank as majority of business sourced digitally: Brokerages,ACCEPTED,True,2024-04-25,2024-04-25 09:30:00+05:30,https://www.moneycontrol.com/news/business/rbi-action-may-hit-kotak-mahindra-bank-as-majority-of-business-sourced-digitally-brokerages-12707623.html
20240425041500-T223,20240425041500,dailythanthi.com,https://www.dailythanthi.com:443/News/India/rbi-ban-on-adding-new-customers-through-kotak-mahindra-bank-online-1103082,RBI ban on adding new customers through Kotak Mahindra Bank Online | கோடக் மஹிந்திரா வங்கி ஆன்லைன் மூலம் புதிய வாடிக்கையாளர்களை சேர்க்க ரிசர்வ் வங்கி தடை,ACCEPTED,True,2024-04-25,2024-04-25 09:45:00+05:30,https://www.dailythanthi.com:443/News/India/rbi-ban-on-adding-new-customers-through-kotak-mahindra-bank-online-1103082
20240425041500-643,20240425041500,thehindubusinessline.com,https://www.thehindubusinessline.com/markets/markets-set-to-open-lower-kotak-mahindra-bank-in-focus/article68104687.ece,Markets set to open lower; Kotak Mahindra Bank in focus - The Hindu BusinessLine,ACCEPTED,True,2024-04-25,2024-04-25 09:45:00+05:30,https://www.thehindubusinessline.com/markets/markets-set-to-open-lower-kotak-mahindra-bank-in-focus/article68104687.ece
20240425041500-430,20240425041500,hindustantimes.com,https://www.hindustantimes.com/business/kotak-mahindra-bank-share-price-down-10-following-rbi-order-101714017149522.html,Kotak Mahindra Bank shares plunge 10% following RBI order,ACCEPTED,True,2024-04-25,2024-04-25 09:45:00+05:30,https://www.hindustantimes.com/business/kotak-mahindra-bank-share-price-down-10-following-rbi-order-101714017149522.html
20240425041500-562,20240425041500,marketscreener.com,https://www.marketscreener.com/quote/stock/KOTAK-MAHINDRA-BANK-LIMIT-46728631/news/India-s-Kotak-Mahindra-plunges-about-10-after-ban-on-adding-new-clients-digitally-46523209/,India's Kotak Mahindra plunges about 10% after ban on adding new clients digitally,ACCEPTED,True,2024-04-25,2024-04-25 09:45:00+05:30,https://www.marketscreener.com/quote/stock/KOTAK-MAHINDRA-BANK-LIMIT-46728631/news/India-s-Kotak-Mahindra-plunges-about-10-after-ban-on-adding-new-clients-digitally-46523209
20240425043000-607,20240425043000,india.com,https://www.india.com/business/share-price-target-of-axis-bank-hul-after-q4-results-of-kotak-mahindra-bank-after-rbis-action-6883991/,"Share Price Target Of Axis Bank, HUL After Q4 Results & Of Kotak Mahindra Bank After RBI's Action, IDFC First Bank",ACCEPTED,True,2024-04-25,2024-04-25 10:00:00+05:30,https://www.india.com/business/share-price-target-of-axis-bank-hul-after-q4-results-of-kotak-mahindra-bank-after-rbis-action-6883991
20240425043000-T1355,20240425043000,punjabkesari.com,https://www.punjabkesari.com/business-news/rbi-action-on-kotak-mahindra-bank-ban-on-adding-new-customers-and-issuing-credit-cards/,"RBI Action On Kotak Mahindra Bank: कोटक महिंद्रा बैक पर RBI का बड़ा एक्शन, नए ग्राहक जोड़ने और क्रेडिट कार्ड जारी करने पर लगा बैन - Latest News In Hindi, Breaking News In Hindi, ताजा ख़बरें, Daily News In Hindi",ACCEPTED,True,2024-04-25,2024-04-25 10:00:00+05:30,https://www.punjabkesari.com/business-news/rbi-action-on-kotak-mahindra-bank-ban-on-adding-new-customers-and-issuing-credit-cards
20240425043000-T1587,20240425043000,zonebourse.com,https://www.zonebourse.com/cours/action/KOTAK-MAHINDRA-BANK-LIMIT-46728631/actualite/La-banque-indienne-Kotak-Mahindra-plonge-d-environ-10-apres-l-interdiction-de-recruter-de-nouveau-46523209/,La banque indienne Kotak Mahindra plonge d'environ 10 % après l'interdiction de recruter de nouveaux clients par voie numérique,ACCEPTED,True,2024-04-25,2024-04-25 10:00:00+05:30,https://www.zonebourse.com/cours/action/KOTAK-MAHINDRA-BANK-LIMIT-46728631/actualite/La-banque-indienne-Kotak-Mahindra-plonge-d-environ-10-apres-l-interdiction-de-recruter-de-nouveau-46523209
20240425044500-927,20240425044500,indiatimes.com,https://timesofindia.indiatimes.com/business/india-business/kotak-mahindra-bank-shares-plunge-10-after-rbi-bars-onboarding-customers-digitally/articleshow/109580526.cms,Kotak Mahindra Bank shares plunge 10% after RBI bars onboarding customers digitally,ACCEPTED,True,2024-04-25,2024-04-25 10:15:00+05:30,https://timesofindia.indiatimes.com/business/india-business/kotak-mahindra-bank-shares-plunge-10-after-rbi-bars-onboarding-customers-digitally/articleshow/109580526.cms
20240425044500-684,20240425044500,indiatimes.com,https://economictimes.indiatimes.com/markets/stocks/news/kotak-mahindra-bank-shares-crash-10-after-rbi-crackdown/articleshow/109580138.cms,Kotak Mahindra Bank share price: Kotak Mahindra Bank shares crash 12% after RBI crackdown. Derating ahead?,ACCEPTED,True,2024-04-25,2024-04-25 10:15:00+05:30,https://economictimes.indiatimes.com/markets/stocks/news/kotak-mahindra-bank-shares-crash-10-after-rbi-crackdown/articleshow/109580138.cms
20240425044500-273,20240425044500,indiatimes.com,https://economictimes.indiatimes.com/markets/stocks/news/kotak-bank-drags-sensex-200-points-lower-nifty-below-22300/articleshow/109580257.cms,"sensex news: Kotak Bank drags Sensex 200 points lower; Nifty below 22,400",ACCEPTED,True,2024-04-25,2024-04-25 10:15:00+05:30,https://economictimes.indiatimes.com/markets/stocks/news/kotak-bank-drags-sensex-200-points-lower-nifty-below-22300/articleshow/109580257.cms
20240425044500-555,20240425044500,indianexpress.com,https://indianexpress.com/article/business/market/stock-market-today-live-updates-sensex-nifty-brent-wti-oil-price-today-rupee-dollar-9289598/,Stock Market Today Live Updates: Nifty Bank under pressure led by Kotak Mahindra Bank,ACCEPTED,True,2024-04-25,2024-04-25 10:15:00+05:30,https://indianexpress.com/article/business/market/stock-market-today-live-updates-sensex-nifty-brent-wti-oil-price-today-rupee-dollar-9289598
20240425044500-T1539,20240425044500,lokmat.com,https://www.lokmat.com/business/stock-market/opening-bell-sensex-nifty-down-kotak-bank-crashes-hidalco-gains-a-a720/,"Opening Bell: सेन्सेक्स-निफ्टीमध्ये घसरण; Kotak Bank आपटला, हिदाल्कोमध्ये तेजी",ACCEPTED,True,2024-04-25,2024-04-25 10:15:00+05:30,https://www.lokmat.com/business/stock-market/opening-bell-sensex-nifty-down-kotak-bank-crashes-hidalco-gains-a-a720
20240425050000-226,20240425050000,financialexpress.com,https://www.financialexpress.com/market/kotak-mahindra-bank-nosedives-10-to-52-week-low-on-rbi-curbs-3467802/,Kotak Mahindra Bank nosedives 10% to 52-week low on RBI curbs,ACCEPTED,True,2024-04-25,2024-04-25 10:30:00+05:30,https://www.financialexpress.com/market/kotak-mahindra-bank-nosedives-10-to-52-week-low-on-rbi-curbs-3467802
20240425050000-892,20240425050000,businesstoday.in,https://www.businesstoday.in/markets/company-stock/story/kotak-mahindra-bank-shares-crashed-10-today-heres-fresh-stock-price-target-426829-2024-04-25,Kotak Mahindra Bank shares crashed 10% today. Here's fresh stock price target,ACCEPTED,True,2024-04-25,2024-04-25 10:30:00+05:30,https://www.businesstoday.in/markets/company-stock/story/kotak-mahindra-bank-shares-crashed-10-today-heres-fresh-stock-price-target-426829-2024-04-25
20240425050000-1018,20240425050000,moneycontrol.com,https://www.moneycontrol.com/news/business/earnings/kotak-mahindra-bank-stock-loss-erodes-rs-4281-crore-from-mutual-funds-12707685.html,"Kotak Mahindra Bank stock loss erodes Rs 4,281 crore from mutual funds",ACCEPTED,True,2024-04-25,2024-04-25 10:30:00+05:30,https://www.moneycontrol.com/news/business/earnings/kotak-mahindra-bank-stock-loss-erodes-rs-4281-crore-from-mutual-funds-12707685.html
20240425050000-687,20240425050000,timesnownews.com,https://www.timesnownews.com/business-economy/markets/kotak-mahindra-bank-shares-down-by-10-pc-following-rbi-restrictions-check-details-article-109579970,Kotak Mahindra Bank Shares Down By 10 pc Following RBI Restrictions- Check Details,ACCEPTED,True,2024-04-25,2024-04-25 10:30:00+05:30,https://www.timesnownews.com/business-economy/markets/kotak-mahindra-bank-shares-down-by-10-pc-following-rbi-restrictions-check-details-article-109579970
20240425051500-635,20240425051500,theweek.in,https://www.theweek.in/wire-updates/business/2024/04/25/del5-biz-stocks-open.html,Markets decline in early trade Kotak Mahindra Bank tanks over 12 pc,ACCEPTED,True,2024-04-25,2024-04-25 10:45:00+05:30,https://www.theweek.in/wire-updates/business/2024/04/25/del5-biz-stocks-open.html
20240425051500-612,20240425051500,indianexpress.com,https://indianexpress.com/article/business/market/kotak-mahindra-bank-share-price-rbi-nifty-bank-bank-nifty-axis-bank-9289644/,Nifty Bank under pressure after Kotak Mahindra Bank plunges 10%,ACCEPTED,True,2024-04-25,2024-04-25 10:45:00+05:30,https://indianexpress.com/article/business/market/kotak-mahindra-bank-share-price-rbi-nifty-bank-bank-nifty-axis-bank-9289644
20240425051500-T1842,20240425051500,arrobajuarez.com,https://arrobajuarez.com/2024/04/25/las-acciones-de-kotak-mahindra-bank-se-desplomaron-un-10-despues-de-que-el-rbi-prohibiera-la-aceptacion-de-clientes-digitales/,Las acciones de Kotak Mahindra Bank se desplomaron un 10% después de que el RBI prohibiera la aceptación de clientes digitales,ACCEPTED,True,2024-04-25,2024-04-25 10:45:00+05:30,https://arrobajuarez.com/2024/04/25/las-acciones-de-kotak-mahindra-bank-se-desplomaron-un-10-despues-de-que-el-rbi-prohibiera-la-aceptacion-de-clientes-digitales
20240425053000-T1825,20240425053000,punjabkesari.in,https://www.punjabkesari.in/business/news/slight-decline-in-stock-market-kotak-mahindra-bank-shares-fell-10-1971630,"शेयर बाजार में मामूली गिरावट, कोटक महिंद्रा बैंक का शेयर 10% टूटा - slight decline in stock market kotak mahindra bank shares fell 10",ACCEPTED,True,2024-04-25,2024-04-25 11:00:00+05:30,https://www.punjabkesari.in/business/news/slight-decline-in-stock-market-kotak-mahindra-bank-shares-fell-10-1971630
20240425053000-0,20240425053000,indiatimes.com,https://economictimes.indiatimes.com/markets/stocks/news/hot-stocks-brokerage-view-on-dalmia-bharat-axis-bank-kotak-bank-and-aurobindo-pharma/articleshow/109581316.cms,"Hot Stocks: Brokerage view on Dalmia Bharat, Axis Bank, Kotak Bank and Aurobindo Pharma",ACCEPTED,True,2024-04-25,2024-04-25 11:00:00+05:30,https://economictimes.indiatimes.com/markets/stocks/news/hot-stocks-brokerage-view-on-dalmia-bharat-axis-bank-kotak-bank-and-aurobindo-pharma/articleshow/109581316.cms
20240425053000-472,20240425053000,wn.com,https://article.wn.com/view/2024/04/25/Markets_set_to_open_lower_Kotak_Mahindra_Bank_in_focus/,Markets set to open lower; Kotak Mahindra Bank in focus,ACCEPTED,True,2024-04-25,2024-04-25 11:00:00+05:30,https://article.wn.com/view/2024/04/25/Markets_set_to_open_lower_Kotak_Mahindra_Bank_in_focus
20240425060000-972,20240425060000,news18.com,https://www.news18.com/business/kotak-mahindra-bank-shares-tank-10-after-rbi-bans-customer-onboarding-digitally-8865413.html,Kotak Mahindra Bank Shares Tank 10% After RBI Bans Customer Onboarding Digitally,ACCEPTED,True,2024-04-25,2024-04-25 11:30:00+05:30,https://www.news18.com/business/kotak-mahindra-bank-shares-tank-10-after-rbi-bans-customer-onboarding-digitally-8865413.html
20240425060000-1288,20240425060000,news18.com,https://www.news18.com/business/stock-market-updates-sensex-down-200-points-nifty-below-22350-kotak-bank-tanks-9-8865399.html,"Stock Market Updates: Sensex Down 200 Points, Nifty Below 22,350; Kotak Bank Tanks 10%",ACCEPTED,True,2024-04-25,2024-04-25 11:30:00+05:30,https://www.news18.com/business/stock-market-updates-sensex-down-200-points-nifty-below-22350-kotak-bank-tanks-9-8865399.html
20240425060000-T2444,20240425060000,prabhatkhabar.com,https://www.prabhatkhabar.com/business/kotak-mahindra-bank-share-price-after-reserve-bank-of-india-action-mdn,"Kotak Mahindra Bank का धम से गिरा भाव, 10% टूटा स्टॉक",ACCEPTED,True,2024-04-25,2024-04-25 11:30:00+05:30,https://www.prabhatkhabar.com/business/kotak-mahindra-bank-share-price-after-reserve-bank-of-india-action-mdn
20240425061500-442,20240425061500,dailyexcelsior.com,https://www.dailyexcelsior.com/kotak-mahindra-bank-shares-tank-13-pc-mcap-erodes-by-rs-37721-cr-post-rbi-action/,"Kotak Mahindra Bank shares tank 13 pc; mcap erodes by Rs 37,721 cr post RBI action",ACCEPTED,True,2024-04-25,2024-04-25 11:45:00+05:30,https://www.dailyexcelsior.com/kotak-mahindra-bank-shares-tank-13-pc-mcap-erodes-by-rs-37721-cr-post-rbi-action
20240425061500-964,20240425061500,indiatimes.com,https://economictimes.indiatimes.com/markets/expert-view/use-dip-to-do-a-sip-in-kotak-bank-as-rbi-wont-have-a-major-impact-on-earnings-sanjiv-bhasin/articleshow/109583204.cms,Sanjiv Bhasin | Sanjiv Bhasin stocks: Use dip to do a SIP in Kotak Bank as RBI won't have a major impact on earnings: Sanjiv Bhasin,ACCEPTED,True,2024-04-25,2024-04-25 11:45:00+05:30,https://economictimes.indiatimes.com/markets/expert-view/use-dip-to-do-a-sip-in-kotak-bank-as-rbi-wont-have-a-major-impact-on-earnings-sanjiv-bhasin/articleshow/109583204.cms
20240425061500-741,20240425061500,indiatimes.com,https://economictimes.indiatimes.com/markets/expert-view/kotak-bank-to-face-timewise-derating-may-underperform-for-12-18-months-digant-haria/articleshow/109582742.cms,Kotak Mahindra Bank share price: Kotak Bank to face timewise derating; may underperform for 12-18 months: Digant Haria,ACCEPTED,True,2024-04-25,2024-04-25 11:45:00+05:30,https://economictimes.indiatimes.com/markets/expert-view/kotak-bank-to-face-timewise-derating-may-underperform-for-12-18-months-digant-haria/articleshow/109582742.cms
20240425061500-833,20240425061500,hindustantimes.com,https://www.hindustantimes.com/business/kotak-mahindra-bank-cannot-add-new-customers-as-per-rbi-order-is-your-money-in-the-bank-safe-101714014309370.html,Kotak Mahindra Bank cannot add new customers as per RBI order: Is your money in the bank safe?,ACCEPTED,True,2024-04-25,2024-04-25 11:45:00+05:30,https://www.hindustantimes.com/business/kotak-mahindra-bank-cannot-add-new-customers-as-per-rbi-order-is-your-money-in-the-bank-safe-101714014309370.html
20240425061500-762,20240425061500,moneycontrol.com,https://www.moneycontrol.com/news/business/should-kotak-mahindra-banks-existing-customers-worry-about-the-rbi-action-12707753.html,Should Kotak Mahindra Bank's existing customers worry about the RBI action ?,ACCEPTED,True,2024-04-25,2024-04-25 11:45:00+05:30,https://www.moneycontrol.com/news/business/should-kotak-mahindra-banks-existing-customers-worry-about-the-rbi-action-12707753.html
20240425061500-T2407,20240425061500,pudhari.news,https://pudhari.news/features/arthabhan/779587/kotak-mahindra-bank-shares-crash-after-rbi-curbs/ar,Kotak Mahindra Bank Share | RBIच्या निर्बंधानंतर कोटक बँकेला मोठा फटका! शेअर्स १० टक्क्यांनी घसरले,ACCEPTED,True,2024-04-25,2024-04-25 11:45:00+05:30,https://pudhari.news/features/arthabhan/779587/kotak-mahindra-bank-shares-crash-after-rbi-curbs/ar
20240425063000-578,20240425063000,thehindu.com,https://www.thehindu.com/business/markets/markets-decline-in-early-trade-kotak-mahindra-bank-tanks-over-12/article68104802.ece,Markets decline in early trade; Kotak Mahindra Bank tanks over 12%,ACCEPTED,True,2024-04-25,2024-04-25 12:00:00+05:30,https://www.thehindu.com/business/markets/markets-decline-in-early-trade-kotak-mahindra-bank-tanks-over-12/article68104802.ece
20240425063000-923,20240425063000,thehindu.com,https://www.thehindu.com/newsletter/rbi-tells-kotak-bank-not-to-onboard-new-customers-online/article68104771.ece,RBI tells Kotak Bank not to onboard new customers online,ACCEPTED,True,2024-04-25,2024-04-25 12:00:00+05:30,https://www.thehindu.com/newsletter/rbi-tells-kotak-bank-not-to-onboard-new-customers-online/article68104771.ece
20240425063000-494,20240425063000,freepressjournal.in,https://www.freepressjournal.in/business/after-rbi-action-kotak-bank-shares-stumble-nearly-10-markets-start-in-red,"After RBI Action, Kotak Bank Shares Stumble Nearly 10%; Markets Start In Red",ACCEPTED,True,2024-04-25,2024-04-25 12:00:00+05:30,https://www.freepressjournal.in/business/after-rbi-action-kotak-bank-shares-stumble-nearly-10-markets-start-in-red
20240425063000-843,20240425063000,moneycontrol.com,https://www.moneycontrol.com/news/opinion/the-questions-raised-by-the-rbis-restrictions-on-kotak-mahindra-bank-12707843.html,The questions raised by the RBI's restrictions on Kotak Mahindra Bank,ACCEPTED,True,2024-04-25,2024-04-25 12:00:00+05:30,https://www.moneycontrol.com/news/opinion/the-questions-raised-by-the-rbis-restrictions-on-kotak-mahindra-bank-12707843.html
20240425063000-315,20240425063000,marketscreener.com,https://www.marketscreener.com/quote/stock/KOTAK-MAHINDRA-BANK-LIMIT-46728631/news/Kotak-Mahindra-Bank-Shares-Slump-After-RBI-Ban-on-New-Online-Clients-46524517/,Kotak Mahindra Bank Shares Slump After RBI Ban on New Online Clients,ACCEPTED,True,2024-04-25,2024-04-25 12:00:00+05:30,https://www.marketscreener.com/quote/stock/KOTAK-MAHINDRA-BANK-LIMIT-46728631/news/Kotak-Mahindra-Bank-Shares-Slump-After-RBI-Ban-on-New-Online-Clients-46524517
20240425063000-450,20240425063000,freepressjournal.in,https://www.freepressjournal.in/business/icici-axis-and-other-major-banking-shares-bloom-in-green-as-kotak-bank-slumps-after-rbi-action,"ICICI, Axis And Other Major Banking Shares Bloom In Green As Kotak Bank Slumps After RBI Action",ACCEPTED,True,2024-04-25,2024-04-25 12:00:00+05:30,https://www.freepressjournal.in/business/icici-axis-and-other-major-banking-shares-bloom-in-green-as-kotak-bank-slumps-after-rbi-action
20240425064500-1076,20240425064500,tribuneindia.com,https://www.tribuneindia.com/news/business/markets-decline-in-early-trade-kotak-mahindra-bank-tanks-over-12-per-cent-614507,Markets decline in early trade; Kotak Mahindra Bank tanks over 12 per cent,ACCEPTED,True,2024-04-25,2024-04-25 12:15:00+05:30,https://www.tribuneindia.com/news/business/markets-decline-in-early-trade-kotak-mahindra-bank-tanks-over-12-per-cent-614507
20240425064500-1449,20240425064500,news18.com,https://www.news18.com/business/axis-bank-overtakes-kotak-mahindra-bank-to-become-4th-largest-lender-in-india-check-details-8865495.html,Axis Bank Overtakes Kotak Mahindra Bank to Become 4th Largest Lender In India; Check Details,ACCEPTED,True,2024-04-25,2024-04-25 12:15:00+05:30,https://www.news18.com/business/axis-bank-overtakes-kotak-mahindra-bank-to-become-4th-largest-lender-in-india-check-details-8865495.html
20240425064500-762,20240425064500,news18.com,https://www.news18.com/explainers/why-has-rbi-barred-kotak-mahindra-bank-from-adding-new-customers-online-whats-next-for-the-lender-8865487.html,Why Has RBI Barred Kotak Mahindra Bank from Adding New Customers Online? What's Next for the Lender?,ACCEPTED,True,2024-04-25,2024-04-25 12:15:00+05:30,https://www.news18.com/explainers/why-has-rbi-barred-kotak-mahindra-bank-from-adding-new-customers-online-whats-next-for-the-lender-8865487.html
20240425064500-1435,20240425064500,timesnownews.com,https://www.timesnownews.com/business-economy/companies/kotak-bank-share-hits-52-week-low-after-rbi-crackdown-heres-what-analysts-recommend-buy-sell-or-hold-the-stock-article-109582910,"Kotak Bank Share Hits 52-Week Low After RBI Crackdown | Here's What Analysts Recommend; Buy, Sell Or Hold The Stock?",ACCEPTED,True,2024-04-25,2024-04-25 12:15:00+05:30,https://www.timesnownews.com/business-economy/companies/kotak-bank-share-hits-52-week-low-after-rbi-crackdown-heres-what-analysts-recommend-buy-sell-or-hold-the-stock-article-109582910
20240425064500-235,20240425064500,newindianexpress.com,https://www.newindianexpress.com/business/2024/Apr/25/kotak-mahindra-bank-shares-tank-13-per-cent-mcap-erodes-by-rs-37721-crore-post-rbi-action,"Kotak Mahindra Bank shares tank 13 per cent; mcap erodes by Rs 37,721 crore post RBI action",ACCEPTED,True,2024-04-25,2024-04-25 12:15:00+05:30,https://www.newindianexpress.com/business/2024/Apr/25/kotak-mahindra-bank-shares-tank-13-per-cent-mcap-erodes-by-rs-37721-crore-post-rbi-action
20240425070000-T114,20240425070000,indiatimes.com,https://marathi.indiatimes.com/business/share-bazaar/kotak-mahindra-bank-shares-fell-over-10-percent-after-rbi-bars-digitally-onboarding-of-customers/articleshow/109582506.cms,"Kotak Mahidra Bank Share Crash Today; कोटक महिंद्रा बँकेवर आरबीआयचे निर्बंध; बाजार उघडताच शेअर धडाम, स्टॉकचं पुढे काय होणार? | Kotak Mahindra Bank Shares Tumble Over 10% after RBI Curbs",ACCEPTED,True,2024-04-25,2024-04-25 12:30:00+05:30,https://marathi.indiatimes.com/business/share-bazaar/kotak-mahindra-bank-shares-fell-over-10-percent-after-rbi-bars-digitally-onboarding-of-customers/articleshow/109582506.cms
20240425070000-944,20240425070000,orissapost.com,https://www.orissapost.com/kotak-mahindra-bank-goes-into-damage-control-mode-after-ban/,Kotak Mahindra Bank goes into damage-control mode after ban,ACCEPTED,True,2024-04-25,2024-04-25 12:30:00+05:30,https://www.orissapost.com/kotak-mahindra-bank-goes-into-damage-control-mode-after-ban
20240425070000-434,20240425070000,telegraphindia.com,https://www.telegraphindia.com/feeds/business/reserve-bank-of-india-bars-kotak-mahindra-bank-from-acquiring-new-customers-through-online-and-mobile-banking-channels/cid/2015613,Reserve Bank of India (RBI) | Reserve Bank of India bars Kotak Mahindra Bank from acquiring new customers through online and mobile banking channels,ACCEPTED,True,2024-04-25,2024-04-25 12:30:00+05:30,https://www.telegraphindia.com/feeds/business/reserve-bank-of-india-bars-kotak-mahindra-bank-from-acquiring-new-customers-through-online-and-mobile-banking-channels/cid/2015613
20240425070000-116,20240425070000,indiainfoline.com,https://www.indiainfoline.com/news/companies/rbi-restricts-kotak-mahindra-bank-credit-card-issuance,RBI restricts Kotak Mahindra Bank credit card issuance,ACCEPTED,True,2024-04-25,2024-04-25 12:30:00+05:30,https://www.indiainfoline.com/news/companies/rbi-restricts-kotak-mahindra-bank-credit-card-issuance
20240425071500-895,20240425071500,prokerala.com,https://www.prokerala.com/news/articles/a1525820.html,Kotak Bank goes into damage-control mode after RBI ban,ACCEPTED,True,2024-04-25,2024-04-25 12:45:00+05:30,https://www.prokerala.com/news/articles/a1525820.html
20240425071500-571,20240425071500,prokerala.com,https://www.prokerala.com/news/articles/a1525809.html,RBI crackdown triggers crash in Kotak Bank shares,ACCEPTED,True,2024-04-25,2024-04-25 12:45:00+05:30,https://www.prokerala.com/news/articles/a1525809.html
20240425073000-1467,20240425073000,bignewsnetwork.com,https://www.bignewsnetwork.com/news/274308532/kotak-mahindra-bank-share-tanks-10-after-rbi-bars-on-boarding-customers-digitally,Kotak Mahindra Bank share tanks 10% after RBI bars on boarding customers digitally,ACCEPTED,True,2024-04-25,2024-04-25 13:00:00+05:30,https://www.bignewsnetwork.com/news/274308532/kotak-mahindra-bank-share-tanks-10-after-rbi-bars-on-boarding-customers-digitally
20240425073000-1547,20240425073000,ndtv.com,https://www.ndtv.com/business-news/kotak-mahindra-bank-down-by-12-as-markets-decline-in-early-trade-5518276,Kotak Mahindra Bank Down By 12% As Markets Decline In Early Trade,ACCEPTED,True,2024-04-25,2024-04-25 13:00:00+05:30,https://www.ndtv.com/business-news/kotak-mahindra-bank-down-by-12-as-markets-decline-in-early-trade-5518276
20240425074500-490,20240425074500,udayavani.com,https://www.udayavani.com/english-news/kotak-mahindra-bank-shares-tank-13-mcap-erodes-by-rs-37721-crore-post-rbi-action,"Kotak Mahindra Bank shares tank 13%; mcap erodes by Rs 37,721 crore post RBI action",ACCEPTED,True,2024-04-25,2024-04-25 13:15:00+05:30,https://www.udayavani.com/english-news/kotak-mahindra-bank-shares-tank-13-mcap-erodes-by-rs-37721-crore-post-rbi-action
20240425074500-1338,20240425074500,menafn.com,https://menafn.com/1108136978/Kotak-Bank-Goes-Into-Damage-Control-Mode-After-RBI-Ban,Kotak Bank Goes Into Damage-Control Mode After RBI Ban,ACCEPTED,True,2024-04-25,2024-04-25 13:15:00+05:30,https://menafn.com/1108136978/Kotak-Bank-Goes-Into-Damage-Control-Mode-After-RBI-Ban
20240425074500-726,20240425074500,morningstar.com,https://www.morningstar.com/news/dow-jones/202404252176/kotak-mahindra-bank-shares-slump-after-rbi-ban-on-new-online-clients,Kotak Mahindra Bank Shares Slump After RBI Ban on New Online Clients,ACCEPTED,True,2024-04-25,2024-04-25 13:15:00+05:30,https://www.morningstar.com/news/dow-jones/202404252176/kotak-mahindra-bank-shares-slump-after-rbi-ban-on-new-online-clients
20240425074500-T790,20240425074500,divyabhaskar.co.in,https://www.divyabhaskar.co.in/business/news/shares-of-kotak-mahindra-bank-fell-10-132927112.html,"Shares of Kotak Mahindra Bank fell 10% | કોટક મહિન્દ્રા બેંકના શેર 10% તૂટ્યા: શેરબજારમાં સામાન્ય ઘટાડો, સેન્સેક્સ 73,800ના સ્તરે ટ્રેડિંગ",ACCEPTED,True,2024-04-25,2024-04-25 13:15:00+05:30,https://www.divyabhaskar.co.in/business/news/shares-of-kotak-mahindra-bank-fell-10-132927112.html
20240425080000-1119,20240425080000,wn.com,https://article.wn.com/view/2024/04/25/Why_RBI_Stopped_Kotak_Mahindra_Bank_From_Onboarding_New_Cust/,Why RBI Stopped Kotak Mahindra Bank From Onboarding New Customers Online,ACCEPTED,True,2024-04-25,2024-04-25 13:30:00+05:30,https://article.wn.com/view/2024/04/25/Why_RBI_Stopped_Kotak_Mahindra_Bank_From_Onboarding_New_Cust
20240425080000-908,20240425080000,moneycontrol.com,https://www.moneycontrol.com/news/business/stocks/reduce-kotak-mahindra-bank-target-of-rs-1750-emkay-global-financial-12707929.html,Reduce Kotak Mahindra Bank; target of Rs 1750: Emkay Global Financial,ACCEPTED,True,2024-04-25,2024-04-25 13:30:00+05:30,https://www.moneycontrol.com/news/business/stocks/reduce-kotak-mahindra-bank-target-of-rs-1750-emkay-global-financial-12707929.html
20240425080000-954,20240425080000,moneycontrol.com,https://www.moneycontrol.com/news/business/rbi-clampdown-on-kotak-mahindra-bank-timeline-of-recent-regulatory-action-on-large-lenders-12707925.html,RBI clampdown on Kotak Mahindra Bank: Timeline of recent regulatory action on large lenders,ACCEPTED,True,2024-04-25,2024-04-25 13:30:00+05:30,https://www.moneycontrol.com/news/business/rbi-clampdown-on-kotak-mahindra-bank-timeline-of-recent-regulatory-action-on-large-lenders-12707925.html
20240425081500-55,20240425081500,telegraphindia.com,https://www.telegraphindia.com/business/kotak-mahindra-bank-shares-tank-13-per-cent-market-capitalisation-erodes-by-rs-37721-crore-post-reserve-bank-of-india-action/cid/2015686,"Kotak Mahindra Bank | Kotak Mahindra Bank shares tank 13 per cent; market capitalisation erodes by Rs 37,721 crore post Reserve Bank of India action",ACCEPTED,True,2024-04-25,2024-04-25 13:45:00+05:30,https://www.telegraphindia.com/business/kotak-mahindra-bank-shares-tank-13-per-cent-market-capitalisation-erodes-by-rs-37721-crore-post-reserve-bank-of-india-action/cid/2015686
20240425081500-216,20240425081500,telegraphindia.com,https://www.telegraphindia.com/feeds/business/kotak-mahindra-bank-shares-tank-13-per-cent-market-capitalisation-erodes-by-rs-37721-crore-post-reserve-bank-of-india-action/cid/2015686,"Kotak Mahindra Bank | Kotak Mahindra Bank shares tank 13 per cent; market capitalisation erodes by Rs 37,721 crore post Reserve Bank of India action",ACCEPTED,True,2024-04-25,2024-04-25 13:45:00+05:30,https://www.telegraphindia.com/feeds/business/kotak-mahindra-bank-shares-tank-13-per-cent-market-capitalisation-erodes-by-rs-37721-crore-post-reserve-bank-of-india-action/cid/2015686
20240425081500-1489,20240425081500,telegraphindia.com,https://www.telegraphindia.com/business/reserve-bank-of-india-bars-kotak-mahindra-bank-from-acquiring-new-customers-through-online-and-mobile-banking-channels/cid/2015613,Reserve Bank of India (RBI) | Reserve Bank of India bars Kotak Mahindra Bank from acquiring new customers through online and mobile banking channels,ACCEPTED,True,2024-04-25,2024-04-25 13:45:00+05:30,https://www.telegraphindia.com/business/reserve-bank-of-india-bars-kotak-mahindra-bank-from-acquiring-new-customers-through-online-and-mobile-banking-channels/cid/2015613
20240425081500-1082,20240425081500,businesstoday.in,https://www.businesstoday.in/markets/stocks/story/kotak-mahindra-bank-voda-idea-sbi-bharat-forge-bel-what-rajesh-palviya-of-axis-securities-says-on-these-5-stocks-426842-2024-04-25,"Kotak Mahindra Bank, Voda Idea, SBI, Bharat Forge & BEL: What Rajesh Palviya of Axis Securities says on these 5 stocks",ACCEPTED,True,2024-04-25,2024-04-25 13:45:00+05:30,https://www.businesstoday.in/markets/stocks/story/kotak-mahindra-bank-voda-idea-sbi-bharat-forge-bel-what-rajesh-palviya-of-axis-securities-says-on-these-5-stocks-426842-2024-04-25
20240425081500-163,20240425081500,businesstoday.in,https://www.businesstoday.in/markets/company-stock/story/axis-bank-pips-kotak-mahindra-bank-to-become-4th-most-valued-bank-share-price-targets-for-2-banks-more-426846-2024-04-25,Axis Bank pips Kotak Mahindra Bank to become 4th most-valued bank; share price targets for 2 banks & more,ACCEPTED,True,2024-04-25,2024-04-25 13:45:00+05:30,https://www.businesstoday.in/markets/company-stock/story/axis-bank-pips-kotak-mahindra-bank-to-become-4th-most-valued-bank-share-price-targets-for-2-banks-more-426846-2024-04-25
20240425081500-1502,20240425081500,businesstoday.in,https://www.businesstoday.in/markets/company-stock/story/kotak-mahindra-bank-shares-will-regulatory-overhang-delay-stock-re-rating-what-hdfc-bank-case-suggests-426864-2024-04-25,Kotak Mahindra Bank shares: Will regulatory overhang delay stock re-rating? What HDFC Bank case suggests,ACCEPTED,True,2024-04-25,2024-04-25 13:45:00+05:30,https://www.businesstoday.in/markets/company-stock/story/kotak-mahindra-bank-shares-will-regulatory-overhang-delay-stock-re-rating-what-hdfc-bank-case-suggests-426864-2024-04-25
20240425081500-T452,20240425081500,eenadu.net,https://www.eenadu.net/telugu-news/business/kotak-mahindra-bank-shares-tanks-mcap-erodes/0101/124079450,"Kotak Mahindra Bank: కోటక్‌ బ్యాంకు షేరు ఢమాల్‌.. రూ.37,500 కోట్ల సంపద ఆవిరి",ACCEPTED,True,2024-04-25,2024-04-25 13:45:00+05:30,https://www.eenadu.net/telugu-news/business/kotak-mahindra-bank-shares-tanks-mcap-erodes/0101/124079450
20240425083000-T2656,20240425083000,khaskhabar.com,https://www.khaskhabar.com/local/maharashtra/mumbai-news/news-kotak-mahindra-bank-in-damage-control-mode-after-rbi-action-news-hindi-1-634201-KKN.html,"Kotak Mahindra Bank in damage control mode after RBI action, Mumbai News in Hindi",ACCEPTED,True,2024-04-25,2024-04-25 14:00:00+05:30,https://www.khaskhabar.com/local/maharashtra/mumbai-news/news-kotak-mahindra-bank-in-damage-control-mode-after-rbi-action-news-hindi-1-634201-KKN.html
20240425084500-14,20240425084500,indiatimes.com,https://economictimes.indiatimes.com/industry/banking/finance/banking/kotak-mahindra-bank-is-another-addition-to-list-of-entities-facing-rbi-action/articleshow/109588152.cms,Kotak Mahindra Bank is the latest student in RBI's classroom,ACCEPTED,True,2024-04-25,2024-04-25 14:15:00+05:30,https://economictimes.indiatimes.com/industry/banking/finance/banking/kotak-mahindra-bank-is-another-addition-to-list-of-entities-facing-rbi-action/articleshow/109588152.cms
20240425090000-520,20240425090000,freepressjournal.in,https://www.freepressjournal.in/analysis/rbi-imposes-restrictions-on-kotak-mahindra-bank-a-wake-up-call-for-it-governance-in-indian-banking,RBI Imposes Restrictions On Kotak Mahindra Bank: A Wake-Up Call for IT Governance In Indian Banking,ACCEPTED,True,2024-04-25,2024-04-25 14:30:00+05:30,https://www.freepressjournal.in/analysis/rbi-imposes-restrictions-on-kotak-mahindra-bank-a-wake-up-call-for-it-governance-in-indian-banking
20240425091500-476,20240425091500,aninews.in,https://aninews.in/news/business/kotak-mahindra-bank-share-tanks-10-after-rbi-bars-on-boarding-customers-digitally20240425114854/,Kotak Mahindra Bank share tanks 10% after RBI bars on boarding customers digitally,ACCEPTED,True,2024-04-25,2024-04-25 14:45:00+05:30,https://aninews.in/news/business/kotak-mahindra-bank-share-tanks-10-after-rbi-bars-on-boarding-customers-digitally20240425114854
20240425093000-1387,20240425093000,moneycontrol.com,https://www.moneycontrol.com/news/business/stocks/kotak-mahindra-bank-should-you-be-catching-a-falling-knife-12708051.html,Kotak Mahindra Bank: Should you be catching a falling knife?,ACCEPTED,True,2024-04-25,2024-04-25 15:00:00+05:30,https://www.moneycontrol.com/news/business/stocks/kotak-mahindra-bank-should-you-be-catching-a-falling-knife-12708051.html
20240425093000-377,20240425093000,webindia123.com,https://news.webindia123.com/news/Articles/Business/20240425/4191179.html,Kotak Mahindra Bank share tanks 10% after RBI bars on boarding customers digitally,ACCEPTED,True,2024-04-25,2024-04-25 15:00:00+05:30,https://news.webindia123.com/news/Articles/Business/20240425/4191179.html
20240425093000-401,20240425093000,india.com,https://www.india.com/business/kotak-mahindra-bank-share-price-target-stock-falls-what-will-rbi-do-next-6884447/,Kotak Mahindra Bank Share Price Target; Stock Falls; What Will RBI Do Next?,ACCEPTED,True,2024-04-25,2024-04-25 15:00:00+05:30,https://www.india.com/business/kotak-mahindra-bank-share-price-target-stock-falls-what-will-rbi-do-next-6884447
20240425093000-527,20240425093000,india.com,https://www.india.com/business/top-10-stocks-to-buy-for-today-25-04-24-itc-kotak-mahindra-bank-tata-motors-ltimindtree-axis-bank-hul-6884232/,"Top 10 Stocks To Buy For Today (25-04-24); ITC, Kotak Mahindra Bank, Tata Motors, LTIMindtree, Axis Bank, HUL",ACCEPTED,True,2024-04-25,2024-04-25 15:00:00+05:30,https://www.india.com/business/top-10-stocks-to-buy-for-today-25-04-24-itc-kotak-mahindra-bank-tata-motors-ltimindtree-axis-bank-hul-6884232
20240425093000-T749,20240425093000,india.com,https://www.india.com/hindi-news/business-hindi/rbi-take-action-on-kotak-mahindra-bank-and-its-impact-on-customers-6884135/,"RBI ने Kotak Mahindra Bank को ऑनलाइन ग्राहक जोड़ने से रोका, लगाई कई पाबंदियां",ACCEPTED,True,2024-04-25,2024-04-25 15:00:00+05:30,https://www.india.com/hindi-news/business-hindi/rbi-take-action-on-kotak-mahindra-bank-and-its-impact-on-customers-6884135
20240425094500-1442,20240425094500,oklahomacitysun.com,https://www.oklahomacitysun.com/news/274308532/kotak-mahindra-bank-share-tanks-10-after-rbi-bars-on-boarding-customers-digitally,Kotak Mahindra Bank share tanks 10% after RBI bars on boarding customers digitally,ACCEPTED,True,2024-04-25,2024-04-25 15:15:00+05:30,https://www.oklahomacitysun.com/news/274308532/kotak-mahindra-bank-share-tanks-10-after-rbi-bars-on-boarding-customers-digitally
20240425094500-1483,20240425094500,moneycontrol.com,https://www.moneycontrol.com/news/business/action-on-kotak-mahindra-bank-signals-rbis-intent-to-address-systemic-gaps-in-banking-say-experts-12708024.html,"Action on Kotak Mahindra Bank signals RBI's intent to address systemic gaps in banking, say experts",ACCEPTED,True,2024-04-25,2024-04-25 15:15:00+05:30,https://www.moneycontrol.com/news/business/action-on-kotak-mahindra-bank-signals-rbis-intent-to-address-systemic-gaps-in-banking-say-experts-12708024.html
20240425100000-767,20240425100000,nigeriasun.com,https://www.nigeriasun.com/news/274308532/kotak-mahindra-bank-share-tanks-10-after-rbi-bars-on-boarding-customers-digitally,Kotak Mahindra Bank share tanks 10% after RBI bars on boarding customers digitally,ACCEPTED,True,2024-04-26,2024-04-25 15:30:00+05:30,https://www.nigeriasun.com/news/274308532/kotak-mahindra-bank-share-tanks-10-after-rbi-bars-on-boarding-customers-digitally
20240425101500-400,20240425101500,theusnews.com,https://www.theusnews.com/news/274308532/kotak-mahindra-bank-share-tanks-10-after-rbi-bars-on-boarding-customers-digitally,Kotak Mahindra Bank share tanks 10% after RBI bars on boarding customers digitally,ACCEPTED,True,2024-04-26,2024-04-25 15:45:00+05:30,https://www.theusnews.com/news/274308532/kotak-mahindra-bank-share-tanks-10-after-rbi-bars-on-boarding-customers-digitally
20240425103000-770,20240425103000,newkerala.com,https://www.newkerala.com/news/2024/23734.htm,"Kotak Bank promoter donated electoral bonds worth Rs 60 cr, but RBI cracks down on lender to protect customers",ACCEPTED,True,2024-04-26,2024-04-25 16:00:00+05:30,https://www.newkerala.com/news/2024/23734.htm
20240425103000-1280,20240425103000,dailypioneer.com,https://www.dailypioneer.com/2024/trending-news/kotak-mahindra-bank-shares-tank-13-pc--mcap-erodes-by-rs-37-721-cr-post-rbi-action.html,"Kotak Mahindra Bank shares tank 13 pc; mcap erodes by Rs 37,721 cr post RBI action",ACCEPTED,True,2024-04-26,2024-04-25 16:00:00+05:30,https://www.dailypioneer.com/2024/trending-news/kotak-mahindra-bank-shares-tank-13-pc--mcap-erodes-by-rs-37-721-cr-post-rbi-action.html
20240425104500-983,20240425104500,theweek.in,https://www.theweek.in/news/biz-tech/2024/04/25/kotak-banks-growth-plans-to-take-a-hit-post-rbi-restrictions-on-digital-channels-shares-plunge-11-pc.html,Kotak Bank's growth plans to take a hit post RBI restrictions on digital channels; shares plunge 11 pc,ACCEPTED,True,2024-04-26,2024-04-25 16:15:00+05:30,https://www.theweek.in/news/biz-tech/2024/04/25/kotak-banks-growth-plans-to-take-a-hit-post-rbi-restrictions-on-digital-channels-shares-plunge-11-pc.html
20240425113000-895,20240425113000,singaporestar.com,https://www.singaporestar.com/news/274308532/kotak-mahindra-bank-share-tanks-10-after-rbi-bars-on-boarding-customers-digitally,Kotak Mahindra Bank share tanks 10% after RBI bars on boarding customers digitally,ACCEPTED,True,2024-04-26,2024-04-25 17:00:00+05:30,https://www.singaporestar.com/news/274308532/kotak-mahindra-bank-share-tanks-10-after-rbi-bars-on-boarding-customers-digitally
20240425113000-561,20240425113000,livemint.com,https://www.livemint.com/market/uday-kotak-loses-rs-10-225-crore-as-kotak-mahindra-bank-share-price-declines-10-85-on-thursday-following-rbi-curbs-11714040148191.html,"Uday Kotak loses ₹10,225 crore as Kotak Mahindra Bank Share price declines 10.85% on Thursday following RBI curbs",ACCEPTED,True,2024-04-26,2024-04-25 17:00:00+05:30,https://www.livemint.com/market/uday-kotak-loses-rs-10-225-crore-as-kotak-mahindra-bank-share-price-declines-10-85-on-thursday-following-rbi-curbs-11714040148191.html
20240425113000-484,20240425113000,businesstoday.in,https://www.businesstoday.in/visualstories/stock/hot-stocks-on-april-25-voltas-waaree-renewable-kotak-mahindra-bank-indian-hotels-and-more-131447-25-04-2024,"Hot stocks on April 25: Voltas, Waaree Renewable, Kotak Mahindra Bank, Indian Hotels and more",ACCEPTED,True,2024-04-26,2024-04-25 17:00:00+05:30,https://www.businesstoday.in/visualstories/stock/hot-stocks-on-april-25-voltas-waaree-renewable-kotak-mahindra-bank-indian-hotels-and-more-131447-25-04-2024
20240425113000-T820,20240425113000,indiatimes.com,https://navbharattimes.indiatimes.com/business/business-news/rbi-action-against-kotak-mahindra-bank-what-happened-on-april-15-that-was-final-straw/articleshow/109594012.cms,RBI action against Kotak Mahindra Bank What happened on April 15 that was final straw: कोटक के खिलाफ ऐक्‍शन: 15 अप्रैल को ऐसा क्या हुआ था जो RBI को बहुत ज्‍यादा अखर गया?,ACCEPTED,True,2024-04-26,2024-04-25 17:00:00+05:30,https://navbharattimes.indiatimes.com/business/business-news/rbi-action-against-kotak-mahindra-bank-what-happened-on-april-15-that-was-final-straw/articleshow/109594012.cms
20240425114500-6,20240425114500,indiatimes.com,https://economictimes.indiatimes.com/markets/web-stories/gainers-amp-losers-axis-bank-kotak-bank-among-6-stocks-that-hogged-limelight-today/slideshow/109594939.cms,"Kotak Mahindra Bank shares: Gainers & losers: Axis Bank, Kotak Bank among 6 stocks that hogged limelight today",ACCEPTED,True,2024-04-26,2024-04-25 17:15:00+05:30,https://economictimes.indiatimes.com/markets/web-stories/gainers-amp-losers-axis-bank-kotak-bank-among-6-stocks-that-hogged-limelight-today/slideshow/109594939.cms
20240425114500-1594,20240425114500,indiatimes.com,https://economictimes.indiatimes.com/markets/stocks/news/asias-richest-banker-uday-kotak-loses-1-3-billion-after-rbis-ban/articleshow/109593878.cms,Asia's richest banker Uday Kotak loses $1.3 billion after RBI's ban,ACCEPTED,True,2024-04-26,2024-04-25 17:15:00+05:30,https://economictimes.indiatimes.com/markets/stocks/news/asias-richest-banker-uday-kotak-loses-1-3-billion-after-rbis-ban/articleshow/109593878.cms
20240425114500-1417,20240425114500,torontotelegraph.com,https://www.torontotelegraph.com/news/274308532/kotak-mahindra-bank-share-tanks-10-after-rbi-bars-on-boarding-customers-digitally,Kotak Mahindra Bank share tanks 10% after RBI bars on boarding customers digitally,ACCEPTED,True,2024-04-26,2024-04-25 17:15:00+05:30,https://www.torontotelegraph.com/news/274308532/kotak-mahindra-bank-share-tanks-10-after-rbi-bars-on-boarding-customers-digitally
20240425114500-181,20240425114500,newzealandstar.com,https://www.newzealandstar.com/news/274308532/kotak-mahindra-bank-share-tanks-10-after-rbi-bars-on-boarding-customers-digitally,Kotak Mahindra Bank share tanks 10% after RBI bars on boarding customers digitally,ACCEPTED,True,2024-04-26,2024-04-25 17:15:00+05:30,https://www.newzealandstar.com/news/274308532/kotak-mahindra-bank-share-tanks-10-after-rbi-bars-on-boarding-customers-digitally
20240425114500-527,20240425114500,moneycontrol.com,https://www.moneycontrol.com/news/business/asias-richest-banker-uday-kotak-loses-1-3-billion-after-rbis-curbs-12708262.html,Asia's richest banker Uday Kotak loses $1.3 billion after RBI's curbs,ACCEPTED,True,2024-04-26,2024-04-25 17:15:00+05:30,https://www.moneycontrol.com/news/business/asias-richest-banker-uday-kotak-loses-1-3-billion-after-rbis-curbs-12708262.html
20240425121500-760,20240425121500,outlookindia.com,https://business.outlookindia.com/corporate/kotak-mahindra-bank-rbi-credit-cards-kotak-share-price,Kotak Mahindra Bank RBI Credit Cards Kotak Share Price,ACCEPTED,True,2024-04-26,2024-04-25 17:45:00+05:30,https://business.outlookindia.com/corporate/kotak-mahindra-bank-rbi-credit-cards-kotak-share-price
20240425121500-135,20240425121500,indiatimes.com,https://economictimes.indiatimes.com/wealth/save/kotak-mahindra-bank-is-your-kotak-811-account-safe-can-kotak-mahindra-credit-card-customers-renew-cards-8-key-queries-answered/articleshow/109595095.cms,Kotak Mahindra Bank: Is your Kotak 811 account safe? Can Kotak Mahindra credit card customers renew cards? 8 key queries answered,ACCEPTED,True,2024-04-26,2024-04-25 17:45:00+05:30,https://economictimes.indiatimes.com/wealth/save/kotak-mahindra-bank-is-your-kotak-811-account-safe-can-kotak-mahindra-credit-card-customers-renew-cards-8-key-queries-answered/articleshow/109595095.cms
20240425123000-1922,20240425123000,srilankasource.com,https://www.srilankasource.com/news/274308532/kotak-mahindra-bank-share-tanks-10-after-rbi-bars-on-boarding-customers-digitally,Kotak Mahindra Bank share tanks 10% after RBI bars on boarding customers digitally,ACCEPTED,True,2024-04-26,2024-04-25 18:00:00+05:30,https://www.srilankasource.com/news/274308532/kotak-mahindra-bank-share-tanks-10-after-rbi-bars-on-boarding-customers-digitally
20240425124500-585,20240425124500,livemint.com,https://www.livemint.com/news/trends/check-ashneer-grovers-lol-remark-on-kotak-mahindra-bank-after-share-prices-drop-10-netizens-react-11714045737549.html,"Ashneer Grover says, 'Banks se tech nahi ho rahi' as Kotak Mahindra Bank share prices drop 10%; netizens react",ACCEPTED,True,2024-04-26,2024-04-25 18:15:00+05:30,https://www.livemint.com/news/trends/check-ashneer-grovers-lol-remark-on-kotak-mahindra-bank-after-share-prices-drop-10-netizens-react-11714045737549.html
20240425124500-1479,20240425124500,livemint.com,https://www.livemint.com/industry/banking/rbi-crackdown-on-kotak-mahindra-bank-customer-accuses-bank-of-fraud-over-fake-account-opening-bank-refunds-money-11714044778437.html,"Kotak Mahindra Bank scam alert! Amid RBI crackdown, customer 'conned' of ₹10k on account opening, money refunded",ACCEPTED,True,2024-04-26,2024-04-25 18:15:00+05:30,https://www.livemint.com/industry/banking/rbi-crackdown-on-kotak-mahindra-bank-customer-accuses-bank-of-fraud-over-fake-account-opening-bank-refunds-money-11714044778437.html
20240425124500-175,20240425124500,moneycontrol.com,https://www.moneycontrol.com/news/business/markets/rs-1000-turns-into-rs-20-lakh-in-1-day-short-contracts-of-kotak-mahindra-bank-appreciate-by-as-much-as-71600-12708290.html,"Rs 1,000 turns into Rs 20 lakh in 1 day! Short contracts of Kotak Mahindra Bank appreciate by as much as 71,600%",ACCEPTED,True,2024-04-26,2024-04-25 18:15:00+05:30,https://www.moneycontrol.com/news/business/markets/rs-1000-turns-into-rs-20-lakh-in-1-day-short-contracts-of-kotak-mahindra-bank-appreciate-by-as-much-as-71600-12708290.html
20240425124500-597,20240425124500,moneycontrol.com,https://www.moneycontrol.com/news/business/personal-finance/rbis-diktat-on-kotak-mahindra-bank-what-should-existing-customers-fresh-loan-and-credit-card-applicants-do-12708254.html,"RBI's diktat on Kotak Mahindra Bank: What should existing customers, fresh loan and credit card applicants do?",ACCEPTED,True,2024-04-26,2024-04-25 18:15:00+05:30,https://www.moneycontrol.com/news/business/personal-finance/rbis-diktat-on-kotak-mahindra-bank-what-should-existing-customers-fresh-loan-and-credit-card-applicants-do-12708254.html
20240425140000-26,20240425140000,businesstoday.in,https://www.businesstoday.in/visualstories/stock/axis-bank-sbi-top-gainers-on-nifty50-as-market-extends-gains-kotak-mahindra-bank-most-active-on-april-25-131539-25-04-2024,"Axis Bank, SBI top gainers on Nifty50 as market extends gains; Kotak Mahindra Bank most active on April 25",ACCEPTED,True,2024-04-26,2024-04-25 19:30:00+05:30,https://www.businesstoday.in/visualstories/stock/axis-bank-sbi-top-gainers-on-nifty50-as-market-extends-gains-kotak-mahindra-bank-most-active-on-april-25-131539-25-04-2024
20240425140000-360,20240425140000,yourstory.com,https://yourstory.com/2024/04/rbi-kotak-bank-digital-operations-critical-tech-compliance-lapses,RBI restricts Kotak Bank's digital operations due to critical tech and compliance lapses,ACCEPTED,True,2024-04-26,2024-04-25 19:30:00+05:30,https://yourstory.com/2024/04/rbi-kotak-bank-digital-operations-critical-tech-compliance-lapses
20240425141500-1544,20240425141500,moneycontrol.com,https://www.moneycontrol.com/news/business/banks/kotak-mahindra-bank-ceo-says-working-to-address-rbis-concerns-12708396.html,Kotak Mahindra Bank CEO says working to address RBI's concerns,ACCEPTED,True,2024-04-26,2024-04-25 19:45:00+05:30,https://www.moneycontrol.com/news/business/banks/kotak-mahindra-bank-ceo-says-working-to-address-rbis-concerns-12708396.html
20240425144500-1761,20240425144500,menafn.com,https://menafn.com/1108138522/Ashneer-Grover-Says-Banks-Se-Tech-Nahi-Ho-Rahi-As-Kotak-Mahindra-Bank-Share-Prices-Drop-10-Netizens-React,"Ashneer Grover Says, 'Banks Se Tech Nahi Ho Rahi' As Kotak Mahindra Bank Share Prices Drop 10% Netizens React",ACCEPTED,True,2024-04-26,2024-04-25 20:15:00+05:30,https://menafn.com/1108138522/Ashneer-Grover-Says-Banks-Se-Tech-Nahi-Ho-Rahi-As-Kotak-Mahindra-Bank-Share-Prices-Drop-10-Netizens-React
20240425144500-2236,20240425144500,medianama.com,https://www.medianama.com/2024/04/223-rbi-halts-kotak-mahindra-online-customer-onboarding/,RBI halts Kotak Mahindra's online customer onboarding,ACCEPTED,True,2024-04-26,2024-04-25 20:15:00+05:30,https://www.medianama.com/2024/04/223-rbi-halts-kotak-mahindra-online-customer-onboarding
20240425150000-624,20240425150000,moneycontrol.com,https://www.moneycontrol.com/news/technology/swiggy-kotak-mahindra-backer-norwest-raises-3-billion-fund-to-invest-in-us-india-israel-startups-12708414.html,"Swiggy, Kotak Mahindra-backer Norwest raises $3-billion fund to invest in US, India, Israel startups",ACCEPTED,True,2024-04-26,2024-04-25 20:30:00+05:30,https://www.moneycontrol.com/news/technology/swiggy-kotak-mahindra-backer-norwest-raises-3-billion-fund-to-invest-in-us-india-israel-startups-12708414.html
20240425150000-1947,20240425150000,marketscreener.com,https://www.marketscreener.com/quote/stock/BSE-LIMITED-33930062/news/BSE-Listing-of-new-debt-securities-of-Kotak-Mahindra-Prime-Limited-46533330/,BSE : Listing of new debt securities of Kotak Mahindra Prime Limited,ACCEPTED,True,2024-04-26,2024-04-25 20:30:00+05:30,https://www.marketscreener.com/quote/stock/BSE-LIMITED-33930062/news/BSE-Listing-of-new-debt-securities-of-Kotak-Mahindra-Prime-Limited-46533330
20240425150000-T405,20240425150000,amarujala.com,https://www.amarujala.com/business/business-diary/uday-kotak-loses-10-000-crore-in-a-day-as-kotak-mahindra-bank-share-price-tanks-11-know-full-story-2024-04-25,"Uday Kotak Loses ₹10,000 Crore In A Day As Kotak Mahindra Bank Share Price Tanks 11% Know Full Story - Amar Ujala Hindi News Live - Kotak:₹30 लाख से शुरुआत; Rbi का डंडा चला तो संस्थापक के एक दिन में ही डूबे 10 हजार करोड़, पढ़ें पूरी कहानी",ACCEPTED,True,2024-04-26,2024-04-25 20:30:00+05:30,https://www.amarujala.com/business/business-diary/uday-kotak-loses-10-000-crore-in-a-day-as-kotak-mahindra-bank-share-price-tanks-11-know-full-story-2024-04-25
20240425151500-1205,20240425151500,indiatimes.com,https://economictimes.indiatimes.com/industry/banking/finance/banking/operations-continue-uninterrupted-kotak-mahindra-bank-ceo-ashok-vaswani-writes-to-customers-amid-rbi-action/articleshow/109599303.cms,kotak bank share price: Operations continue uninterrupted: Kotak Mahindra Bank CEO Ashok Vaswani writes to customers amid RBI action,ACCEPTED,True,2024-04-26,2024-04-25 20:45:00+05:30,https://economictimes.indiatimes.com/industry/banking/finance/banking/operations-continue-uninterrupted-kotak-mahindra-bank-ceo-ashok-vaswani-writes-to-customers-amid-rbi-action/articleshow/109599303.cms
20240425151500-T1504,20240425151500,livehindustan.com,https://www.livehindustan.com/business/1000-rupees-turns-into-20-lakh-rupee-in-1-day-short-contracts-of-kotak-mahindra-bank-appreciate-by-as-much-as-71600-pc-201714055039558.html,"1000 rupees turns into 20 lakh rupee in 1 day Short contracts of Kotak Mahindra Bank appreciate by as much as 71600 pc ₹1000 का निवेश एक ही दिन में बन गए ₹20 लाख, इस शेयर ने बदली किस्मत, जानिए क्या है मामला",ACCEPTED,True,2024-04-26,2024-04-25 20:45:00+05:30,https://www.livehindustan.com/business/1000-rupees-turns-into-20-lakh-rupee-in-1-day-short-contracts-of-kotak-mahindra-bank-appreciate-by-as-much-as-71600-pc-201714055039558.html
20240425153000-670,20240425153000,indiatimes.com,https://economictimes.indiatimes.com/industry/banking/finance/banking/kotak-mahindra-bank-to-moderate-growth-following-rbi-restrictions-analysts/articleshow/109600176.cms,RBI action Kotak bank: Kotak Mahindra Bank to moderate growth following RBI restrictions: Analysts,ACCEPTED,True,2024-04-26,2024-04-25 21:00:00+05:30,https://economictimes.indiatimes.com/industry/banking/finance/banking/kotak-mahindra-bank-to-moderate-growth-following-rbi-restrictions-analysts/articleshow/109600176.cms
20240425154500-1360,20240425154500,businesstoday.in,https://www.businesstoday.in/personal-finance/banking/story/customers-to-have-access-to-all-existing-banking-services-credit-debit-cards-kotak-mahindra-bank-after-rbis-action-426983-2024-04-25,"'Customers to have access to all existing banking services, credit, debit cards': Kotak Mahindra Bank after RBI's action",ACCEPTED,True,2024-04-26,2024-04-25 21:15:00+05:30,https://www.businesstoday.in/personal-finance/banking/story/customers-to-have-access-to-all-existing-banking-services-credit-debit-cards-kotak-mahindra-bank-after-rbis-action-426983-2024-04-25
20240425163000-1888,20240425163000,outlookindia.com,https://business.outlookindia.com/banking/kotak-mahindra-bank-ceo-ashok-vaswani-statement-kotak-share-price-rbi,Kotak Mahindra Bank CEO Ashok Vaswani Statement Kotak Share Price RBI,ACCEPTED,True,2024-04-26,2024-04-25 22:00:00+05:30,https://business.outlookindia.com/banking/kotak-mahindra-bank-ceo-ashok-vaswani-statement-kotak-share-price-rbi
20240425180000-1598,20240425180000,thehindubusinessline.com,https://www.thehindubusinessline.com/money-and-banking/kotak-bank-md-says-in-discussions-with-rbi-working-to-address-concerns/article68107110.ece,"Kotak Bank MD says in discussions with RBI, working to address concerns",ACCEPTED,True,2024-04-26,2024-04-25 23:30:00+05:30,https://www.thehindubusinessline.com/money-and-banking/kotak-bank-md-says-in-discussions-with-rbi-working-to-address-concerns/article68107110.ece
20240425181500-396,20240425181500,dnaindia.com,https://www.dnaindia.com/analysis/report-dna-tv-show-will-rbi-action-on-kotak-mahindra-bank-impact-customers-sourabh-raaj-jain-3086903,DNA TV Show: Will RBI action on Kotak Mahindra Bank impact customers?,ACCEPTED,True,2024-04-26,2024-04-25 23:45:00+05:30,https://www.dnaindia.com/analysis/report-dna-tv-show-will-rbi-action-on-kotak-mahindra-bank-impact-customers-sourabh-raaj-jain-3086903
20240425181500-2323,20240425181500,latestly.com,https://www.latestly.com/agency-news/latest-news-kotak-mahindra-bank-actively-working-to-address-rbis-concerns-ceo-5920256.html,Latest News | Kotak Mahindra Bank Actively Working to Address RBI's Concerns: CEO,ACCEPTED,True,2024-04-26,2024-04-25 23:45:00+05:30,https://www.latestly.com/agency-news/latest-news-kotak-mahindra-bank-actively-working-to-address-rbis-concerns-ceo-5920256.html
20240425184500-227,20240425184500,menafn.com,https://menafn.com/1108139690/Axis-Bank-Overtakes-Kotak-Mahindra-Bank-Becomes-4Th-Largest-Lender-In-India,"Axis Bank Overtakes Kotak Mahindra Bank, Becomes 4Th Largest Lender In India",ACCEPTED,True,2024-04-26,2024-04-26 00:15:00+05:30,https://menafn.com/1108139690/Axis-Bank-Overtakes-Kotak-Mahindra-Bank-Becomes-4Th-Largest-Lender-In-India
20240425190000-T838,20240425190000,livehindustan.com,https://www.livehindustan.com/business/kotak-mahindra-bank-crisis-ashneer-grover-says-banks-se-tech-nahi-ho-raha-check-detail-201714066450211.html,Kotak Mahindra Bank crisis ashneer grover says banks se tech nahi ho raha check detail बैंक से टेक नहीं हो रहा... कोटक महिंद्रा बैंक के संकट पर अशनीर ग्रोवर की चुटकी,ACCEPTED,True,2024-04-26,2024-04-26 00:30:00+05:30,https://www.livehindustan.com/business/kotak-mahindra-bank-crisis-ashneer-grover-says-banks-se-tech-nahi-ho-raha-check-detail-201714066450211.html
20240425204500-96,20240425204500,business-standard.com,https://www.business-standard.com/companies/news/kotak-mahindra-bank-actively-working-to-address-rbi-s-concerns-ceo-124042501421_1.html,Kotak Mahindra Bank actively working to address RBI's concerns: CEO,ACCEPTED,True,2024-04-26,2024-04-26 02:15:00+05:30,https://www.business-standard.com/companies/news/kotak-mahindra-bank-actively-working-to-address-rbi-s-concerns-ceo-124042501421_1.html
20240425224500-1024,20240425224500,indiatimes.com,https://www.indiatimes.com/worth/news/reserve-bank-of-india-rbi-barred-kotak-mahindra-bank-from-onboarding-new-customers-online-and-issuing-new-credit-cards-heres-why-633036.html,"Kotak Mahindra Bank Faces RBI Restrictions, Here's Why",ACCEPTED,True,2024-04-26,2024-04-26 04:15:00+05:30,https://www.indiatimes.com/worth/news/reserve-bank-of-india-rbi-barred-kotak-mahindra-bank-from-onboarding-new-customers-online-and-issuing-new-credit-cards-heres-why-633036.html
20240426003000-167,20240426003000,indianexpress.com,https://indianexpress.com/article/business/banking-and-finance/kotak-mahindra-shares-plummet-10-85-after-rbi-action-9291074/,Kotak Mahindra shares plummet 10.85% after RBI action,ACCEPTED,True,2024-04-26,2024-04-26 06:00:00+05:30,https://indianexpress.com/article/business/banking-and-finance/kotak-mahindra-shares-plummet-10-85-after-rbi-action-9291074
20240426010000-1460,20240426010000,indiatimes.com,https://economictimes.indiatimes.com/markets/stocks/news/kotak-mahindra-bank-to-moderate-growth-following-rbi-restrictions-analysts/articleshow/109600176.cms,"RBI action Kotak bank: Kotak Bank deposit growth may be hit, shares fall 11%",ACCEPTED,True,2024-04-26,2024-04-26 06:30:00+05:30,https://economictimes.indiatimes.com/markets/stocks/news/kotak-mahindra-bank-to-moderate-growth-following-rbi-restrictions-analysts/articleshow/109600176.cms
20240426010000-381,20240426010000,indiatimes.com,https://economictimes.indiatimes.com/markets/stocks/news/upside-capped-for-kotak-bank-stock-in-near-term-but-downsides-limited-too/articleshow/109607616.cms,"Kotak Bank stock: Upside capped for Kotak Bank stock in near term, but downside's limited, too",ACCEPTED,True,2024-04-26,2024-04-26 06:30:00+05:30,https://economictimes.indiatimes.com/markets/stocks/news/upside-capped-for-kotak-bank-stock-in-near-term-but-downsides-limited-too/articleshow/109607616.cms
20240426011500-280,20240426011500,indiatimes.com,https://timesofindia.indiatimes.com/business/india-business/axis-pips-kotak-bank-as-3rd-most-valued-private-bank/articleshow/109607352.cms,Axis pips Kotak Bank as 3rd most valued private bank,ACCEPTED,True,2024-04-26,2024-04-26 06:45:00+05:30,https://timesofindia.indiatimes.com/business/india-business/axis-pips-kotak-bank-as-3rd-most-valued-private-bank/articleshow/109607352.cms
20240426021500-974,20240426021500,ndtv.com,https://www.ndtv.com/business-news/kotak-mahindras-shares-fall-after-ban-on-cards-and-new-online-clients-5525347,Kotak Mahindra's Shares Fall After Ban On Cards And New Online Clients,ACCEPTED,True,2024-04-26,2024-04-26 07:45:00+05:30,https://www.ndtv.com/business-news/kotak-mahindras-shares-fall-after-ban-on-cards-and-new-online-clients-5525347
20240426030000-T1631,20240426030000,moneycontrol.com,https://hindi.moneycontrol.com/news/your-money/kotak-mahindra-bank-rbi-action-affect-saving-account-credit-card-customer-is-your-account-safe-in-kotak-bank-1897251.html,Kotak Mahindra Bank में क्या आपका अकाउंट है सेफ? कस्टमर का क्रेडिट कार्ड नहीं होगा रिन्यू! RBI ने लगाई रोक,ACCEPTED,True,2024-04-26,2024-04-26 08:30:00+05:30,https://hindi.moneycontrol.com/news/your-money/kotak-mahindra-bank-rbi-action-affect-saving-account-credit-card-customer-is-your-account-safe-in-kotak-bank-1897251.html
20240426031500-1174,20240426031500,trak.in,https://trak.in/stories/what-will-happen-to-kotak-mahindra-customers-after-rbi-ban-on-credit-card-expansion/,"What Will Happen To Kotak Mahindra Customers After RBI Ban On Credit Card Expansion? - Trak.in - Indian Business of Tech, Mobile & Startups",ACCEPTED,True,2024-04-26,2024-04-26 08:45:00+05:30,https://trak.in/stories/what-will-happen-to-kotak-mahindra-customers-after-rbi-ban-on-credit-card-expansion
20240426031500-T1717,20240426031500,madhyamam.com,https://www.madhyamam.com/business/banking/rbi-ban-kotak-bank-stock-crashed-1281595,ആർ.ബി.​​​ഐ നിരോധനം: തകർന്ന് കൊട്ടക് ബാങ്ക് ഓഹരി | RBI Ban-Kotak Bank Stock Crashed,ACCEPTED,True,2024-04-26,2024-04-26 08:45:00+05:30,https://www.madhyamam.com/business/banking/rbi-ban-kotak-bank-stock-crashed-1281595
20240426040000-285,20240426040000,indiatimes.com,https://economictimes.indiatimes.com/markets/stocks/news/big-movers-on-d-street-what-should-investors-do-with-nestle-hitachi-energy/articleshow/109608800.cms,"Big Movers on D-Street: What should investors do with Kotak Mahindra Bank, Hitachi Energy?",ACCEPTED,True,2024-04-26,2024-04-26 09:30:00+05:30,https://economictimes.indiatimes.com/markets/stocks/news/big-movers-on-d-street-what-should-investors-do-with-nestle-hitachi-energy/articleshow/109608800.cms
20240426044500-124,20240426044500,bloomberg.com,https://www.bloomberg.com/news/articles/2024-04-26/kotak-bank-s-stumbles-show-pitfalls-of-india-s-tech-ambitions,Kotak Bank's Stumbles Show Pitfalls of India's Tech Ambitions,ACCEPTED,True,2024-04-26,2024-04-26 10:15:00+05:30,https://www.bloomberg.com/news/articles/2024-04-26/kotak-bank-s-stumbles-show-pitfalls-of-india-s-tech-ambitions
20240426050000-388,20240426050000,bnnbloomberg.ca,https://www.bnnbloomberg.ca/kotak-bank-s-stumbles-show-pitfalls-of-india-s-tech-ambitions-1.2065486,Kotak Bank's Stumbles Show Pitfalls of India's Tech Ambitions,ACCEPTED,True,2024-04-26,2024-04-26 10:30:00+05:30,https://www.bnnbloomberg.ca/kotak-bank-s-stumbles-show-pitfalls-of-india-s-tech-ambitions-1.2065486
20240426053000-238,20240426053000,newsx.com,https://www.newsx.com/business/kotak-mahindras-stock-drops-following-card-and-online-client-restrictions/,Kotak Mahindra's Stock Drops Following Card And Online Client Restrictions,ACCEPTED,True,2024-04-26,2024-04-26 11:00:00+05:30,https://www.newsx.com/business/kotak-mahindras-stock-drops-following-card-and-online-client-restrictions
20240426053000-T1305,20240426053000,bhaskar.com,https://divyamarathi.bhaskar.com/business/news/stock-market-bse-sensex-nse-nifty-updates-vedanta-kotak-mahindra-132931997.html,"Stock Market BSE Sensex NSE Nifty Updates Vedanta, Kotak Mahindra | वेदांताचे शेअर्स 5 टक्क्यांहून अधिक वाढले: सेन्सेक्स 120 अंकांनी तर निफ्टीही 30 अंकांनी वधारला",ACCEPTED,True,2024-04-26,2024-04-26 11:00:00+05:30,https://divyamarathi.bhaskar.com/business/news/stock-market-bse-sensex-nse-nifty-updates-vedanta-kotak-mahindra-132931997.html
20240426054500-T884,20240426054500,indiatimes.com,https://marathi.indiatimes.com/business/share-bazaar/kotak-mahindra-bank-share-update-rs-1000-turns-into-20-lakh-in-single-day-short-contracts-of-kotak-bank-appreciates/articleshow/109609808.cms,"Kotak Mahindra Bank Share Update; शेअर कसला हा तर मालामाल लॉटरी तिकीट, गुंतवणूकदारांचे नशीब उजळलं; घसरणीतही झाला लाखोंचा फायदा | Rs 1000 Turns into 20 Lakh in Single Day as Short Contracts of Kotak Bank Appreciate by as much as 71,600%",ACCEPTED,True,2024-04-26,2024-04-26 11:15:00+05:30,https://marathi.indiatimes.com/business/share-bazaar/kotak-mahindra-bank-share-update-rs-1000-turns-into-20-lakh-in-single-day-short-contracts-of-kotak-bank-appreciates/articleshow/109609808.cms
20240426054500-T1351,20240426054500,madhyamam.com,https://www.madhyamam.com/business/biz-news/uday-kotak-loses-10800-crore-in-a-day-after-rbi-action-1281653,"ആർ.ബി.ഐ നടപടി; ഉദയ് കോട്ടക്കിന് ഒരു ദിവസമുണ്ടായത് 10,800 കോടിയുടെ നഷ്ടം | Uday Kotak Loses ₹ 10,800 Crore In A Day After RBI Action",ACCEPTED,True,2024-04-26,2024-04-26 11:15:00+05:30,https://www.madhyamam.com/business/biz-news/uday-kotak-loses-10800-crore-in-a-day-after-rbi-action-1281653
20240426060000-881,20240426060000,moneycontrol.com,https://www.moneycontrol.com/news/business/earnings/how-brokerage-calls-stack-up-on-kotak-mahindra-bank-after-rbi-curbs-ratings-targets-largely-intact-12708628.html,"How brokerage calls stack up on Kotak Mahindra Bank after RBI curbs, ratings, targets largely intact",ACCEPTED,True,2024-04-26,2024-04-26 11:30:00+05:30,https://www.moneycontrol.com/news/business/earnings/how-brokerage-calls-stack-up-on-kotak-mahindra-bank-after-rbi-curbs-ratings-targets-largely-intact-12708628.html
20240426061500-204,20240426061500,businesstoday.in,https://www.businesstoday.in/markets/company-stock/story/kotak-mahindra-bank-will-profit-hit-badly-post-rbi-curbs-nomura-shares-view-427018-2024-04-26,Kotak Mahindra Bank: Will profit hit badly post RBI curbs? Nomura shares view,ACCEPTED,True,2024-04-26,2024-04-26 11:45:00+05:30,https://www.businesstoday.in/markets/company-stock/story/kotak-mahindra-bank-will-profit-hit-badly-post-rbi-curbs-nomura-shares-view-427018-2024-04-26
20240426063000-T55,20240426063000,lokmat.com,https://www.lokmat.com/business/stock-market/kotak-mahindra-bank-rbi-s-action-share-falls-by-12-percent-costly-uday-kotak-hit-10328-crores-a-a720/,"Kotak Mahindra Bank : RBI ची एक कारवाई उदय कोटक यांना पडली महागात, बसला १०,३२८ कोटींचा फटका",ACCEPTED,True,2024-04-26,2024-04-26 12:00:00+05:30,https://www.lokmat.com/business/stock-market/kotak-mahindra-bank-rbi-s-action-share-falls-by-12-percent-costly-uday-kotak-hit-10328-crores-a-a720
20240426070000-T376,20240426070000,punjabkesari.in,https://www.punjabkesari.in/business/news/uday-kotak-suffered-huge-loss-due-to-a-decision-of-rbi-lost-property-1972141,"RBI के एक फैसले से उदय कोटक को हुआ भारी नुकसान, एक दिन में डूबे 10 हजार करोड़ - uday kotak suffered huge loss due to a decision of rbi lost property",ACCEPTED,True,2024-04-26,2024-04-26 12:30:00+05:30,https://www.punjabkesari.in/business/news/uday-kotak-suffered-huge-loss-due-to-a-decision-of-rbi-lost-property-1972141
20240426070000-283,20240426070000,telegraphindia.com,https://www.telegraphindia.com/feeds/business/kotak-mahindra-banks-stock-tanks-over-12-per-cent-following-reserve-bank-of-india-restrictions/cid/2015871,Reserve Bank of India (RBI) | Kotak Mahindra Bank's stock tanks over 12 per cent following Reserve Bank of India restrictions,ACCEPTED,True,2024-04-26,2024-04-26 12:30:00+05:30,https://www.telegraphindia.com/feeds/business/kotak-mahindra-banks-stock-tanks-over-12-per-cent-following-reserve-bank-of-india-restrictions/cid/2015871
20240426070000-376,20240426070000,indiatimes.com,https://economictimes.indiatimes.com/industry/banking/finance/banking/kotak-bank-reveals-how-indian-banks-fail-to-keep-up-with-modis-ambitions/articleshow/109614122.cms,Kotak Bank reveals how Indian banks fail to keep up with Modi's ambitions,ACCEPTED,True,2024-04-26,2024-04-26 12:30:00+05:30,https://economictimes.indiatimes.com/industry/banking/finance/banking/kotak-bank-reveals-how-indian-banks-fail-to-keep-up-with-modis-ambitions/articleshow/109614122.cms
20240426071500-1070,20240426071500,news18.com,https://www.news18.com/business/faqs-will-rbis-restrictions-on-kotak-mahindra-bank-impact-existing-customers-can-new-accounts-still-be-opened-8867109.html,FAQs: Will RBI's Action on Kotak Bank Impact Existing Customers? Can New Accounts Still Be Opened?,ACCEPTED,True,2024-04-26,2024-04-26 12:45:00+05:30,https://www.news18.com/business/faqs-will-rbis-restrictions-on-kotak-mahindra-bank-impact-existing-customers-can-new-accounts-still-be-opened-8867109.html
20240426071500-86,20240426071500,wn.com,https://article.wn.com/view/2024/04/26/Uday_Kotak_loses_13_billion_after_RBIs_Kotak_Mahindra_Bank_o/,Uday Kotak loses $1.3 billion after RBI's Kotak Mahindra Bank order,ACCEPTED,True,2024-04-26,2024-04-26 12:45:00+05:30,https://article.wn.com/view/2024/04/26/Uday_Kotak_loses_13_billion_after_RBIs_Kotak_Mahindra_Bank_o
20240426073000-1019,20240426073000,thehindubusinessline.com,https://www.thehindubusinessline.com/money-and-banking/kotak-mahindra-bank-shedding-the-underperformer-tag-may-be-a-tough-task/article68109144.ece,Kotak Mahindra Bank: Shedding the underperformer tag may be a tough task,ACCEPTED,True,2024-04-26,2024-04-26 13:00:00+05:30,https://www.thehindubusinessline.com/money-and-banking/kotak-mahindra-bank-shedding-the-underperformer-tag-may-be-a-tough-task/article68109144.ece
20240426081500-1278,20240426081500,telegraphindia.com,https://www.telegraphindia.com/business/kotak-mahindra-banks-stock-tanks-over-12-per-cent-following-reserve-bank-of-india-restrictions/cid/2015871,Reserve Bank of India (RBI) | Kotak Mahindra Bank's stock tanks over 12 per cent following Reserve Bank of India restrictions,ACCEPTED,True,2024-04-26,2024-04-26 13:45:00+05:30,https://www.telegraphindia.com/business/kotak-mahindra-banks-stock-tanks-over-12-per-cent-following-reserve-bank-of-india-restrictions/cid/2015871
20240426083000-175,20240426083000,wn.com,https://article.wn.com/view/2024/04/26/Kotak_Mahindra_Bank_Shedding_the_underperformer_tag_may_be_a/,Kotak Mahindra Bank: Shedding the underperformer tag may be a tough task,ACCEPTED,True,2024-04-26,2024-04-26 14:00:00+05:30,https://article.wn.com/view/2024/04/26/Kotak_Mahindra_Bank_Shedding_the_underperformer_tag_may_be_a
20240426090000-293,20240426090000,india.com,https://www.india.com/business/shark-tank-india-fame-ashneer-grovers-sarcastic-comment-on-kotak-mahindra-banks-share-price-slams-tax-politics-6886373/,Shark Tank India Fame Ashneer Grover's Sarcastic Comment On Kotak Mahindra Bank's Share Price; Slams 'Tax Politics',ACCEPTED,True,2024-04-26,2024-04-26 14:30:00+05:30,https://www.india.com/business/shark-tank-india-fame-ashneer-grovers-sarcastic-comment-on-kotak-mahindra-banks-share-price-slams-tax-politics-6886373
20240426094500-612,20240426094500,ndtv.com,https://www.ndtv.com/business-news/rs-1-000-turned-to-rs-20-lakh-in-a-day-traders-big-claim-on-kotak-bank-5527944,"Rs 1,000 Turned To Rs 20 Lakh In A Day? Trader's Big Claim On Kotak Bank",ACCEPTED,True,2024-04-26,2024-04-26 15:15:00+05:30,https://www.ndtv.com/business-news/rs-1-000-turned-to-rs-20-lakh-in-a-day-traders-big-claim-on-kotak-bank-5527944
20240426094500-404,20240426094500,moneycontrol.com,https://www.moneycontrol.com/news/business/economy/rbi-action-on-kotak-mahindra-bank-may-restrain-credit-growth-profitability-sp-12709016.html,"RBI action on Kotak Mahindra Bank may restrain credit growth, profitability: S&P",ACCEPTED,True,2024-04-26,2024-04-26 15:15:00+05:30,https://www.moneycontrol.com/news/business/economy/rbi-action-on-kotak-mahindra-bank-may-restrain-credit-growth-profitability-sp-12709016.html
20240426100000-953,20240426100000,indiatimes.com,https://economictimes.indiatimes.com/industry/banking/finance/banking/rbi-action-on-kotak-mahindra-bank-may-restrain-credit-growth-profitability-sp/articleshow/109621499.cms,"RBI action on Kotak Mahindra Bank may restrain credit growth, profitability: S&P",ACCEPTED,True,2024-04-29,2024-04-26 15:30:00+05:30,https://economictimes.indiatimes.com/industry/banking/finance/banking/rbi-action-on-kotak-mahindra-bank-may-restrain-credit-growth-profitability-sp/articleshow/109621499.cms
20240426100000-331,20240426100000,moneycontrol.com,https://www.moneycontrol.com/news/business/stocks/as-kotak-bank-trades-at-lowest-price-to-book-in-history-should-you-buy-in-the-dip-analysts-weigh-in-12708376.html,"As Kotak Bank trades at lowest price-to-book in history, should you buy in the dip? Analysts weigh in",ACCEPTED,True,2024-04-29,2024-04-26 15:30:00+05:30,https://www.moneycontrol.com/news/business/stocks/as-kotak-bank-trades-at-lowest-price-to-book-in-history-should-you-buy-in-the-dip-analysts-weigh-in-12708376.html
20240426101500-291,20240426101500,indiatimes.com,https://timesofindia.indiatimes.com/business/india-business/rbi-action-on-kotak-mahindra-bank-may-restrain-credit-growth-profitability-sp/articleshow/109621555.cms,"RBI action on Kotak Mahindra Bank may restrain credit growth, profitability: S&P",ACCEPTED,True,2024-04-29,2024-04-26 15:45:00+05:30,https://timesofindia.indiatimes.com/business/india-business/rbi-action-on-kotak-mahindra-bank-may-restrain-credit-growth-profitability-sp/articleshow/109621555.cms
20240426101500-T1368,20240426101500,saamana.com,https://www.saamana.com/uday-kotak-loses-10225-crore-in-a-day-as-kotak-mahindra-bank-share-price-down-after-rbi-decision/,"Uday Kotak यांना एका झटक्यात 10 हजार कोटींचा फटका, RBI च्या कारवाईनंतर शेअरही धडाम",ACCEPTED,True,2024-04-29,2024-04-26 15:45:00+05:30,https://www.saamana.com/uday-kotak-loses-10225-crore-in-a-day-as-kotak-mahindra-bank-share-price-down-after-rbi-decision
20240426103000-1335,20240426103000,rediff.com,https://www.rediff.com/business/report/kotak-mahindra-banks-loan-deposit-growth-may-be-impacted-after-rbi-curbs/20240426.htm,"Kotak Mahindra Bank's loan, deposit growth may be impacted after RBI curbs",ACCEPTED,True,2024-04-29,2024-04-26 16:00:00+05:30,https://www.rediff.com/business/report/kotak-mahindra-banks-loan-deposit-growth-may-be-impacted-after-rbi-curbs/20240426.htm
20240426110000-93,20240426110000,newindianexpress.com,https://www.newindianexpress.com/business/2024/Apr/26/rbi-action-on-kotak-mahindra-bank-may-restrain-credit-growth-profitability-s-p,"RBI action on Kotak Mahindra Bank may restrain credit growth, profitability: S&P",ACCEPTED,True,2024-04-29,2024-04-26 16:30:00+05:30,https://www.newindianexpress.com/business/2024/Apr/26/rbi-action-on-kotak-mahindra-bank-may-restrain-credit-growth-profitability-s-p
20240426110000-680,20240426110000,devdiscourse.com,https://www.devdiscourse.com/article/technology/2918664-rbis-aktion-gegen-die-kotak-mahindra-bank-konnte-kreditwachstum-und-rentabilitat-einschranken-sp,RBI's Aktion gegen die Kotak Mahindra Bank könnte Kreditwachstum und Rentabilität einschränken: S&P,ACCEPTED,True,2024-04-29,2024-04-26 16:30:00+05:30,https://www.devdiscourse.com/article/technology/2918664-rbis-aktion-gegen-die-kotak-mahindra-bank-konnte-kreditwachstum-und-rentabilitat-einschranken-sp
20240426110000-796,20240426110000,wn.com,https://article.wn.com/view/2024/04/26/FAQs_Will_RBIs_Action_on_Kotak_Bank_Impact_Existing_Customer/,FAQs: Will RBI's Action on Kotak Bank Impact Existing Customers? Can New Accounts Still Be Opened?,ACCEPTED,True,2024-04-29,2024-04-26 16:30:00+05:30,https://article.wn.com/view/2024/04/26/FAQs_Will_RBIs_Action_on_Kotak_Bank_Impact_Existing_Customer
20240426121500-615,20240426121500,businesstoday.in,https://www.businesstoday.in/industry/banks/story/kotak-mahindra-bank-faces-setback-in-credit-card-growth-profitability-due-to-rbis-curbs-sp-global-427122-2024-04-26,"Kotak Mahindra Bank faces setback in credit card growth, profitability due to RBI's curbs: S&P Global",ACCEPTED,True,2024-04-29,2024-04-26 17:45:00+05:30,https://www.businesstoday.in/industry/banks/story/kotak-mahindra-bank-faces-setback-in-credit-card-growth-profitability-due-to-rbis-curbs-sp-global-427122-2024-04-26
20240426123000-1202,20240426123000,thehindubusinessline.com,https://www.thehindubusinessline.com/money-and-banking/kotak-mahindra-bank-faces-setback-in-credit-card-growth-and-profitability-due-to-rbis-regulatory-action-sp-global/article68109698.ece,Kotak Mahindra Bank faces setback in credit card growth and profitability due to RBI's regulatory action: S&P Global,ACCEPTED,True,2024-04-29,2024-04-26 18:00:00+05:30,https://www.thehindubusinessline.com/money-and-banking/kotak-mahindra-bank-faces-setback-in-credit-card-growth-and-profitability-due-to-rbis-regulatory-action-sp-global/article68109698.ece
20240426141500-1432,20240426141500,outlookindia.com,https://business.outlookindia.com/invest/equity-mutual-funds/kotak-mahindra-bank-herere-mutual-funds-with-largest-holding-in-the-bank,Kotak Mahindra Bank: Here're Mutual Funds With Largest Holding In The Bank,ACCEPTED,True,2024-04-29,2024-04-26 19:45:00+05:30,https://business.outlookindia.com/invest/equity-mutual-funds/kotak-mahindra-bank-herere-mutual-funds-with-largest-holding-in-the-bank
20240426141500-1460,20240426141500,indiatimes.com,https://timesofindia.indiatimes.com/business/india-business/rbi-restrictions-on-kotak-mahindra-bank-what-it-means-for-customer-banking-and-credit-card-services-faqs-answered/articleshow/109629772.cms,"RBI restrictions on Kotak Mahindra Bank: What it means for customer, banking and credit card services - FAQs answered | India Business News",ACCEPTED,True,2024-04-29,2024-04-26 19:45:00+05:30,https://timesofindia.indiatimes.com/business/india-business/rbi-restrictions-on-kotak-mahindra-bank-what-it-means-for-customer-banking-and-credit-card-services-faqs-answered/articleshow/109629772.cms
20240426143000-315,20240426143000,businesstoday.in,https://www.businesstoday.in/visualstories/stock/techm-divis-labs-top-gainers-on-nifty50-bajaj-finance-kotak-mahindra-bank-most-active-stocks-on-april-26-131784-26-04-2024,"TechM, Divi's Labs top gainers on Nifty50; Bajaj Finance, Kotak Mahindra Bank most active stocks on April 26",ACCEPTED,True,2024-04-29,2024-04-26 20:00:00+05:30,https://www.businesstoday.in/visualstories/stock/techm-divis-labs-top-gainers-on-nifty50-bajaj-finance-kotak-mahindra-bank-most-active-stocks-on-april-26-131784-26-04-2024
20240426150000-T1909,20240426150000,indiatimes.com,https://marathi.indiatimes.com/business/share-bazaar/axis-bank-overtakes-kotak-mahindra-bank-to-become-3rd-most-valued-private-bank/articleshow/109621633.cms,"Kotak Mahindra Bank Share Crash; आरबीआयची कारवाई पडली महागात; शेअर आपटला, ४०,००० कोटी स्वाहा; कोटक बँकेच्या तोट्याचा ॲक्सिसला असा फायदा । Axis Bank Overtakes Kotak Mahindra Bank as 3rd Most Valued Private Sector Bank After Stock Tanks",ACCEPTED,True,2024-04-29,2024-04-26 20:30:00+05:30,https://marathi.indiatimes.com/business/share-bazaar/axis-bank-overtakes-kotak-mahindra-bank-to-become-3rd-most-valued-private-bank/articleshow/109621633.cms
20240426153000-697,20240426153000,firstpost.com,https://www.firstpost.com/explainers/traders-claim-kotak-mahindra-bank-13764213.html,"Rs 1,000 becomes Rs 20 lakh in day via short contract? Traders' big claims on Kotak Mahindra Bank",ACCEPTED,True,2024-04-29,2024-04-26 21:00:00+05:30,https://www.firstpost.com/explainers/traders-claim-kotak-mahindra-bank-13764213.html
20240427061500-76,20240427061500,indiatimes.com,https://economictimes.indiatimes.com/markets/stocks/news/block-deals-worth-over-rs-12045-crore-this-week-kotak-bank-vodafone-idea-among-stocks-with-major-action/articleshow/109640629.cms,"Block deals worth over Rs 12,045 crore this week. Kotak Bank, Vodafone Idea among stocks with major action",ACCEPTED,True,2024-04-29,2024-04-27 11:45:00+05:30,https://economictimes.indiatimes.com/markets/stocks/news/block-deals-worth-over-rs-12045-crore-this-week-kotak-bank-vodafone-idea-among-stocks-with-major-action/articleshow/109640629.cms
20240427080000-569,20240427080000,indiatimes.com,https://economictimes.indiatimes.com/wealth/save/rbi-action-on-kotak-mahindra-bank-is-your-data-in-other-banks-safe/articleshow/109641657.cms,RBI action on Kotak Mahindra Bank: Is your data in other banks safe?,ACCEPTED,True,2024-04-29,2024-04-27 13:30:00+05:30,https://economictimes.indiatimes.com/wealth/save/rbi-action-on-kotak-mahindra-bank-is-your-data-in-other-banks-safe/articleshow/109641657.cms
20240427084500-T2267,20240427084500,moneycontrol.com,https://hindi.moneycontrol.com/news/india/trends/ashneer-grover-says-banks-se-tech-nahi-ho-rahi-as-kotak-mahindra-bank-share-prices-drop-11-percent-netizens-react-1897479.html,"Kotak Mahindra Bank Shares Fall: 11% टूटा कोटक महिंद्रा बैंक का शेयर, अश्नीर ग्रोवर ने उड़ाया मजाक",ACCEPTED,True,2024-04-29,2024-04-27 14:15:00+05:30,https://hindi.moneycontrol.com/news/india/trends/ashneer-grover-says-banks-se-tech-nahi-ho-rahi-as-kotak-mahindra-bank-share-prices-drop-11-percent-netizens-react-1897479.html
20240428063000-182,20240428063000,indiatimes.com,https://economictimes.indiatimes.com/markets/expert-view/use-the-dips-to-buy-into-kotak-bank-and-bajaj-finance-recovery-will-be-as-sharp-on-next-trigger-deven-choksey/articleshow/109650783.cms,buy on dips: Use the dips to buy into Kotak Bank and Bajaj Finance; recovery will be as sharp on next trigger: Deven Choksey,ACCEPTED,True,2024-04-29,2024-04-28 12:00:00+05:30,https://economictimes.indiatimes.com/markets/expert-view/use-the-dips-to-buy-into-kotak-bank-and-bajaj-finance-recovery-will-be-as-sharp-on-next-trigger-deven-choksey/articleshow/109650783.cms
20240429044500-862,20240429044500,indiatimes.com,https://economictimes.indiatimes.com/markets/expert-view/what-to-do-with-kotak-bank-cochin-shipyard-and-4-other-stocks-aamar-deo-of-angel-one-decodes/articleshow/109678209.cms,"Volatility: What to do with Kotak Bank, Cochin Shipyard and 4 other stocks? Aamar Deo of Angel One decodes",ACCEPTED,True,2024-04-29,2024-04-29 10:15:00+05:30,https://economictimes.indiatimes.com/markets/expert-view/what-to-do-with-kotak-bank-cochin-shipyard-and-4-other-stocks-aamar-deo-of-angel-one-decodes/articleshow/109678209.cms
20240429071500-1054,20240429071500,news18.com,https://www.news18.com/business/kotak-mahindra-bank-shares-rise-1-9-snapping-price-declines-following-rbi-action-8870213.html,Kotak Mahindra Bank Shares Rise 1.9%; Snapping Price Declines Following RBI Action,ACCEPTED,True,2024-04-29,2024-04-29 12:45:00+05:30,https://www.news18.com/business/kotak-mahindra-bank-shares-rise-1-9-snapping-price-declines-following-rbi-action-8870213.html
20240430070000-1048,20240430070000,barandbench.com,https://www.barandbench.com/news/corporate/piramal-group-general-counsel-sk-honnesh-joins-kotak-mahindra-bank,Piramal Group General Counsel SK Honnesh joins Kotak Mahindra Bank,ACCEPTED,True,2024-04-30,2024-04-30 12:30:00+05:30,https://www.barandbench.com/news/corporate/piramal-group-general-counsel-sk-honnesh-joins-kotak-mahindra-bank
20240430160000-932,20240430160000,moneycontrol.com,https://www.moneycontrol.com/news/business/banks/kvs-manian-steps-down-as-joint-md-of-kotak-mahindra-bank-12711870.html,KVS Manian steps down as Joint MD of Kotak Mahindra Bank,ACCEPTED,True,2024-05-02,2024-04-30 21:30:00+05:30,https://www.moneycontrol.com/news/business/banks/kvs-manian-steps-down-as-joint-md-of-kotak-mahindra-bank-12711870.html
20240430161500-T570,20240430161500,zonebourse.com,https://www.zonebourse.com/cours/action/KOTAK-MAHINDRA-BANK-LIMIT-46728631/actualite/KVS-Manian-codirecteur-general-de-la-Kotak-Mahindra-Bank-demissionne-46583746/,"KVS Manian, codirecteur général de la Kotak Mahindra Bank, démissionne",ACCEPTED,True,2024-05-02,2024-04-30 21:45:00+05:30,https://www.zonebourse.com/cours/action/KOTAK-MAHINDRA-BANK-LIMIT-46728631/actualite/KVS-Manian-codirecteur-general-de-la-Kotak-Mahindra-Bank-demissionne-46583746
20240430163000-1733,20240430163000,thehindubusinessline.com,https://www.thehindubusinessline.com/money-and-banking/kotak-bank-joint-md-kvs-manian-resigns-with-immediate-effect/article68126141.ece,Kotak Bank Joint MD KVS Manian resigns with immediate effect,ACCEPTED,True,2024-05-02,2024-04-30 22:00:00+05:30,https://www.thehindubusinessline.com/money-and-banking/kotak-bank-joint-md-kvs-manian-resigns-with-immediate-effect/article68126141.ece
20240430164500-1382,20240430164500,indiatimes.com,https://economictimes.indiatimes.com/industry/banking/finance/kvs-manian-resigns-as-joint-managing-director-of-kotak-mahindra-bank-with-immediate-effect/articleshow/109735152.cms,Kotak Mahindra Bank news: KVS Manian resigns as Joint Managing Director of Kotak Mahindra Bank with immediate effect,ACCEPTED,True,2024-05-02,2024-04-30 22:15:00+05:30,https://economictimes.indiatimes.com/industry/banking/finance/kvs-manian-resigns-as-joint-managing-director-of-kotak-mahindra-bank-with-immediate-effect/articleshow/109735152.cms
20240430170000-1299,20240430170000,thehindu.com,https://www.thehindu.com/business/kotak-bank-joint-md-kvs-manian-resigns/article68126306.ece,Kotak Bank Joint MD K.V.S. Manian resigns,ACCEPTED,True,2024-05-02,2024-04-30 22:30:00+05:30,https://www.thehindu.com/business/kotak-bank-joint-md-kvs-manian-resigns/article68126306.ece
20240430173000-826,20240430173000,livemint.com,https://www.livemint.com/companies/kotak-mahindra-banks-joint-md-manian-steps-down-after-29-year-stint-11714493068792.html,Kotak Mahindra Bank's joint MD Manian steps down after 29-year stint,ACCEPTED,True,2024-05-02,2024-04-30 23:00:00+05:30,https://www.livemint.com/companies/kotak-mahindra-banks-joint-md-manian-steps-down-after-29-year-stint-11714493068792.html
20240430174500-1581,20240430174500,financialexpress.com,https://www.financialexpress.com/business/banking-finance-kvs-manian-resigns-as-joint-md-of-kotak-mahindra-bank-3473272/,KVS Manian resigns as joint MD of Kotak Mahindra Bank,ACCEPTED,True,2024-05-02,2024-04-30 23:15:00+05:30,https://www.financialexpress.com/business/banking-finance-kvs-manian-resigns-as-joint-md-of-kotak-mahindra-bank-3473272
20240430181500-649,20240430181500,businesstoday.in,https://www.businesstoday.in/industry/banks/story/kotak-mahindra-bank-joint-md-kvs-manian-steps-down-with-immediate-effect-427734-2024-04-30,Kotak Mahindra Bank Joint MD KVS Manian steps down with immediate effect,ACCEPTED,True,2024-05-02,2024-04-30 23:45:00+05:30,https://www.businesstoday.in/industry/banks/story/kotak-mahindra-bank-joint-md-kvs-manian-steps-down-with-immediate-effect-427734-2024-04-30
20240430183000-612,20240430183000,dnaindia.com,https://www.dnaindia.com/business/report-kvs-manian-kotak-mahindra-bank-joint-md-steps-down-days-after-rbi-action-against-private-lender-3087550,Kotak Mahindra Bank joint MD KVS Manian steps down days after RBI action against private lender,ACCEPTED,True,2024-05-02,2024-05-01 00:00:00+05:30,https://www.dnaindia.com/business/report-kvs-manian-kotak-mahindra-bank-joint-md-steps-down-days-after-rbi-action-against-private-lender-3087550
20240430183000-393,20240430183000,news18.com,https://www.news18.com/business/kotak-mahindra-banks-joint-managing-director-kvs-manian-steps-down-8872895.html,Kotak Mahindra Bank's Joint Managing Director KVS Manian Steps Down,ACCEPTED,True,2024-05-02,2024-05-01 00:00:00+05:30,https://www.news18.com/business/kotak-mahindra-banks-joint-managing-director-kvs-manian-steps-down-8872895.html
20240430183000-192,20240430183000,rediff.com,https://www.rediff.com/business/report/kotak-mahindra-banks-joint-md-kvs-manian-steps-down/20240430.htm,Kotak Mahindra Bank's joint MD KVS Manian steps down,ACCEPTED,True,2024-05-02,2024-05-01 00:00:00+05:30,https://www.rediff.com/business/report/kotak-mahindra-banks-joint-md-kvs-manian-steps-down/20240430.htm
20240430184500-2318,20240430184500,aninews.in,https://www.aninews.in/news/business/kvs-manian-steps-down-as-joint-managing-director-of-kotak-mahindra-bank20240430221222/,KVS Manian steps down as Joint Managing Director of Kotak Mahindra Bank,ACCEPTED,True,2024-05-02,2024-05-01 00:15:00+05:30,https://www.aninews.in/news/business/kvs-manian-steps-down-as-joint-managing-director-of-kotak-mahindra-bank20240430221222
20240430190000-1762,20240430190000,indiatimes.com,https://economictimes.indiatimes.com/industry/banking/finance/banking/kvs-manian-likely-to-join-federal-bank-after-stepping-down-from-kotak-mahindra/articleshow/109736984.cms,kvs manian: KVS Manian likely to join Federal Bank after stepping down from Kotak Mahindra,ACCEPTED,True,2024-05-02,2024-05-01 00:30:00+05:30,https://economictimes.indiatimes.com/industry/banking/finance/banking/kvs-manian-likely-to-join-federal-bank-after-stepping-down-from-kotak-mahindra/articleshow/109736984.cms
20240430191500-413,20240430191500,marketscreener.com,https://www.marketscreener.com/quote/stock/KOTAK-MAHINDRA-BANK-LIMIT-46728631/news/Kotak-Mahindra-Bank-Announces-Departure-of-KVS-Manian-Joint-Managing-Director-from-the-Group-46585455/,"Kotak Mahindra Bank : Announces Departure of KVS Manian, Joint Managing Director from the Group",ACCEPTED,True,2024-05-02,2024-05-01 00:45:00+05:30,https://www.marketscreener.com/quote/stock/KOTAK-MAHINDRA-BANK-LIMIT-46728631/news/Kotak-Mahindra-Bank-Announces-Departure-of-KVS-Manian-Joint-Managing-Director-from-the-Group-46585455
20240430193000-151,20240430193000,bignewsnetwork.com,https://www.bignewsnetwork.com/news/274327593/kvs-manian-steps-down-as-joint-managing-director-of-kotak-mahindra-bank,KVS Manian steps down as Joint Managing Director of Kotak Mahindra Bank,ACCEPTED,True,2024-05-02,2024-05-01 01:00:00+05:30,https://www.bignewsnetwork.com/news/274327593/kvs-manian-steps-down-as-joint-managing-director-of-kotak-mahindra-bank
20240430200000-1959,20240430200000,webindia123.com,https://news.webindia123.com/news/Articles/Business/20240430/4192896.html,KVS Manian steps down as Joint Managing Director of Kotak Mahindra Bank,ACCEPTED,True,2024-05-02,2024-05-01 01:30:00+05:30,https://news.webindia123.com/news/Articles/Business/20240430/4192896.html
20240430220000-1401,20240430220000,latestly.com,https://www.latestly.com/agency-news/business-news-kvs-manian-steps-down-as-joint-managing-director-of-kotak-mahindra-bank-5932023.html,Business News | KVS Manian Steps Down as Joint Managing Director of Kotak Mahindra Bank,ACCEPTED,True,2024-05-02,2024-05-01 03:30:00+05:30,https://www.latestly.com/agency-news/business-news-kvs-manian-steps-down-as-joint-managing-director-of-kotak-mahindra-bank-5932023.html
