GKGRECORDID,DATE,page_title,url,source,rejection_reason
20240101073000-399,20240101073000,"BHEL shares jump 6%, top Rs 200 level on Rs 19,422 crore order win report",https://www.businesstoday.in/markets/company-stock/story/bhel-shares-jump-6-top-rs-200-level-on-rs-19422-crore-order-win-report-411412-2024-01-01,businesstoday.in,MATCHER_REJECTED
20240101091500-139,20240101091500,"Nifty overvalued by 20%, says Kotak Equities, picks Britannia, NTPC for its portfolio All-Season portfolio",https://economictimes.indiatimes.com/markets/stocks/news/nifty-overvalued-by-20-says-kotak-equities-picks-britannia-ntpc-for-its-portfolio-all-season-portfolio/articleshow/106448205.cms,indiatimes.com,MATCHER_REJECTED
20240101130000-137,20240101130000,Nifty ends with small gains on first day of 2024 amid profit booking,https://www.business-standard.com/markets/news/nifty-ends-with-small-gains-on-first-day-of-2024-amid-profit-booking-124010100561_1.html,business-standard.com,MATCHER_REJECTED
20240101181500-1034,20240101181500,"BHEL Wins Rs 19,400 Crore Bid for Talabira Power Plant",https://techstory.in/bhel-wins-rs-19400-crore-bid-for-talabira-power-plant/,techstory.in,MATCHER_REJECTED
20240102053000-799,20240102053000,Stock Market Sectors: Stock market update: Mining stocks  down  as market  falls,https://economictimes.indiatimes.com/markets/stocks/stock-watch/stock-market-update-mining-stocks-down-as-market-falls/articleshow/106468849.cms,indiatimes.com,MATCHER_REJECTED
20240102060000-294,20240102060000,Stock Market Sectors: Stock market update: Power stocks  up  as market  falls,https://economictimes.indiatimes.com/markets/stocks/stock-watch/stock-market-update-power-stocks-up-as-market-falls/articleshow/106470578.cms,indiatimes.com,MATCHER_REJECTED
20240102060000-41,20240102060000,Markets fall in early trade as Sensex falls 202.76 points,https://www.tribuneindia.com/news/business/markets-fall-in-early-trade-as-sensex-falls-202-76-points-577579,tribuneindia.com,MATCHER_REJECTED
20240102063000-695,20240102063000,"Stock market | Sensex falls 202 points to 72,069 in early trade; Nifty declines 42 points to 21,699",https://www.telegraphindia.com/feeds/business/sensex-falls-202-points-to-72069-in-early-trade-nifty-declines-42-points-to-21699/cid/1990960,telegraphindia.com,MATCHER_REJECTED
20240102063000-946,20240102063000,Markets fall in early trade,https://www.theweek.in/wire-updates/business/2024/01/02/del5-biz-stocks-open.html,theweek.in,MATCHER_REJECTED
20240102063000-806,20240102063000,"Sensex, Nifty decline in early trade amid weak Asian trends, fresh foreign fund outflows",https://www.theweek.in/news/biz-tech/2024/01/02/sensex-nifty-decline-in-early-trade-amid-weak-asian-trends-fresh-foreign-fund-outflows.html,theweek.in,MATCHER_REJECTED
20240102063000-381,20240102063000,Markets fall in early trade; Sensex down 200 points,https://www.thehindu.com/business/markets/markets-fall-in-early-trade-sensex-down-200-points/article67697572.ece,thehindu.com,MATCHER_REJECTED
20240102070000-170,20240102070000,"Sensex, Nifty down amid selling pressure in financials, IT",https://timesofindia.indiatimes.com/business/markets/sensex/sensex-nifty-down-amid-selling-pressure-in-financials-it/articleshow/106470241.cms,indiatimes.com,MATCHER_REJECTED
20240102073000-255,20240102073000,"Stock market | Sensex falls 202 points to 72,069 in early trade; Nifty declines 42 points to 21,699",https://www.telegraphindia.com/business/sensex-falls-202-points-to-72069-in-early-trade-nifty-declines-42-points-to-21699/cid/1990960,telegraphindia.com,MATCHER_REJECTED
20240102073000-880,20240102073000,Mid-day Mood | Profit booking seeps in as indices trade in red; pharma stocks shine,https://www.moneycontrol.com/news/business/markets/mid-day-mood-profit-booking-seeps-in-as-indices-trade-in-red-pharma-stocks-shine-11986201.html,moneycontrol.com,MATCHER_REJECTED
20240102074500-728,20240102074500,"Adani Ports, ICICI Bank, JSW Energy, Bharti Airtel shares among Jefferies' top India 2024 picks",https://www.businesstoday.in/markets/stock-picks/story/adani-ports-icici-bank-jsw-energy-bharti-airtel-shares-among-jefferies-top-india-2024-picks-411491-2024-01-02,businesstoday.in,MATCHER_REJECTED
20240102091500-135,20240102091500,JRE Private Limited Is a Top Manufacturer of Quality Hose Cutting Machines,https://www.briefingwire.com/pr/jre-private-limited-is-a-top-manufacturer-of-quality-hose-cutting-machines,briefingwire.com,MATCHER_REJECTED
20240102111500-226,20240102111500,Stock Market Sectors: Stock market update: Power stocks  up  as market  falls,https://economictimes.indiatimes.com/markets/stocks/stock-watch/stock-market-update-power-stocks-up-as-market-falls/articleshow/106485961.cms,indiatimes.com,MATCHER_REJECTED
20240102113000-1132,20240102113000,"Sensex falls 379 pts on profit taking in bank & IT stocks, foreign fund outflows",https://www.orissapost.com/sensex-falls-379-pts-on-profit-taking-in-bank-it-stocks-foreign-fund-outflows/,orissapost.com,MATCHER_REJECTED
20240102114500-1232,20240102114500,Sensex falls 379 pts on profit taking in bank IT stocks foreign fund outflows,https://www.theweek.in/wire-updates/business/2024/01/02/del28-biz-stocks-close.html,theweek.in,MATCHER_REJECTED
20240102114500-25,20240102114500,"Sensex falls 379 points on profit taking in bank &IT stocks, foreign fund outflows",https://www.theweek.in/news/biz-tech/2024/01/02/sensex-falls-379-points-on-profit-taking-in-bank-andit-stocks-foreign-fund-outflows.html,theweek.in,MATCHER_REJECTED
20240102120000-553,20240102120000,Stock Market Sectors: Stock market update: Mining stocks  down  as market  falls,https://economictimes.indiatimes.com/markets/stocks/stock-watch/stock-market-update-mining-stocks-down-as-market-falls/articleshow/106487012.cms,indiatimes.com,MATCHER_REJECTED
20240102121500-258,20240102121500,"Sensex slips below 72,000; Nifty shed 76 pts; Eicher Motor falls 4%, VST gains 20%",https://www.businesstoday.in/markets/company-stock/story/sensex-slips-below-72000-nifty-shed-76-pts-eicher-motor-falls-4-vst-gains-20-411580-2024-01-02,businesstoday.in,MATCHER_REJECTED
20240102121500-259,20240102121500,"Sensex falls 379 pts on profit taking in bank & IT stocks, foreign fund outflows",https://indianexpress.com/article/business/sensex-pts-profit-taking-in-bank-it-stocks-foreign-fund-outflows-9092002/,indianexpress.com,MATCHER_REJECTED
20240102121500-904,20240102121500,"Sensex falls 379 points on profit taking in bank and IT stocks, foreign fund outflows",https://www.tribuneindia.com/news/business/sensex-falls-379-points-on-profit-taking-in-bank-and-it-stocks-foreign-fund-outflows-577607,tribuneindia.com,MATCHER_REJECTED
20240102123000-1182,20240102123000,Sensex falls 379 pts on profit taking in bank & IT stocks,https://www.rediff.com/business/report/sensex-falls-379-pts-on-profit-taking-in-bank--it-stocks/20240102.htm,rediff.com,MATCHER_REJECTED
20240102124500-326,20240102124500,"Sensex falls 379 pts on profit-taking in bank & IT stocks, foreign fund outflows",https://www.thehindubusinessline.com/markets/sensex-falls-379-pts-on-profit-taking-in-bank-it-stocks-foreign-fund-outflows/article67698161.ece,thehindubusinessline.com,MATCHER_REJECTED
20240102124500-1412,20240102124500,"Sensex, Nifty End Lower As Oil Prices Surge On Supply Fears",https://www.rttnews.com/3414144/sensex-nifty-end-lower-as-oil-prices-surge-on-supply-fears.aspx,rttnews.com,MATCHER_REJECTED
20240102131500-755,20240102131500,"Sensex Falls 379.46 Points To Settle At 71,892.48; Nifty Declines 76.10 Points To 21,665.80",https://zeenews.india.com/markets/sensex-falls-379-46-points-to-settle-at-71892-48-nifty-declines-76-10-points-to-21665-80-2705362.html,india.com,MATCHER_REJECTED
20240102143000-1179,20240102143000,"Sensex, Nifty End Lower As Oil Prices Surge On Supply Fears",https://www.rttnews.com/story.aspx?Id=3414144,rttnews.com,MATCHER_REJECTED
20240102183000-1802,20240102183000,Sensex falls 379 pts on profit taking in bank & IT stocks,https://thenorthlines.com/sensex-falls-379-pts-on-profit-taking-in-bank-it-stocks/,thenorthlines.com,MATCHER_REJECTED
20240102193000-1539,20240102193000,Aramco Close To Awarding $5 Billion Deals for World's Biggest Offshore Oilfield,https://oilprice.com/Latest-Energy-News/World-News/Aramco-Close-To-Awarding-5-Billion-Deals-for-Worlds-Biggest-Offshore-Oilfield.html,oilprice.com,MATCHER_REJECTED
20240103003000-1548,20240103003000,"Sensex falls 379 pts on profit taking in bank & IT stocks, foreign fund outflows",https://www.dailyexcelsior.com/sensex-falls-379-pts-on-profit-taking-in-bank-it-stocks-foreign-fund-outflows/,dailyexcelsior.com,MATCHER_REJECTED
20240104051500-924,20240104051500,Kolkata Metro | Construction on airport-Barasat Metro corridor has been stalled for months as it hits crane hurdle,https://www.telegraphindia.com/feeds/my-kolkata/news/construction-on-airport-barasat-metro-corridor-has-been-stalled-for-months-as-it-hits-crane-hurdle/cid/1991361,telegraphindia.com,MATCHER_REJECTED
20240104073000-766,20240104073000,Kolkata Metro | Construction on airport-Barasat Metro corridor has been stalled for months as it hits crane hurdle,https://www.telegraphindia.com/my-kolkata/news/construction-on-airport-barasat-metro-corridor-has-been-stalled-for-months-as-it-hits-crane-hurdle/cid/1991361,telegraphindia.com,MATCHER_REJECTED
20240104083000-274,20240104083000,Farmers Edge And LTIMindtree Unveil FEIL In Mumbai A Pioneering Agricultural Innovation Hub Redefining Farming In India,https://www.foodonline.com/doc/farmers-edge-ltimindtree-agricultural-innovation-hub-redefining-farming-in-india-0001,foodonline.com,MATCHER_REJECTED
20240104100000-1085,20240104100000,LTIMindtree Integrates Syncordis and Nielsen+Partner to Form Banking Transformation Practice,https://www.marketscreener.com/quote/stock/LTIMINDTREE-LIMITED-31496899/news/LTIMindtree-Integrates-Syncordis-and-Nielsen-Partner-to-Form-Banking-Transformation-Practice-45671928/,marketscreener.com,MATCHER_REJECTED
20240104100000-1032,20240104100000,"45 companies buy back Rs 48,000-cr shares in one year",https://www.moneycontrol.com/news/business/markets/45-companies-buy-back-rs-48000-cr-shares-in-one-year-11998481.html,moneycontrol.com,MATCHER_REJECTED
20240104103000-651,20240104103000,LTIMindtree Integrates Syncordis and Nielsen+Partner to Form Banking Transformation Practice,https://www.finanznachrichten.de/nachrichten-2024-01/61056774-ltimindtree-integrates-syncordis-and-nielsen-partner-to-form-banking-transformation-practice-004.htm,finanznachrichten.de,MATCHER_REJECTED
20240104103000-1059,20240104103000,LTIMindtree Integrates Syncordis and Nielsen+Partner to Form Banking Transformation Practice,https://www.lelezard.com/en/news-21205230.html,lelezard.com,MATCHER_REJECTED
20240105060000-131,20240105060000,"Nifty target at 24,260; any fall a buying opportunity, says Nomura as it picks RIL, ICICI Bank, M&M shares as top buys",https://www.businesstoday.in/markets/trending-stocks/story/nifty-target-at-24260-any-fall-a-buying-opportunity-says-nomura-as-it-picks-ril-icici-bank-mm-shares-as-top-buys-411974-2024-01-05,businesstoday.in,MATCHER_REJECTED
20240105110000-261,20240105110000,Stock Market Sectors: Stock market update: Mining stocks  down  as market  rises,https://economictimes.indiatimes.com/markets/stocks/stock-watch/stock-market-update-mining-stocks-down-as-market-rises/articleshow/106574079.cms,indiatimes.com,MATCHER_REJECTED
20240105111500-118,20240105111500,Stock Market Sectors: Stock market update: Fertilisers stocks  down  as market  rises,https://economictimes.indiatimes.com/markets/stocks/stock-watch/stock-market-update-fertilisers-stocks-down-as-market-rises/articleshow/106574767.cms,indiatimes.com,MATCHER_REJECTED
20240105111500-538,20240105111500,Stock Market Sectors: Stock market update: Power stocks  up  as market  rises,https://economictimes.indiatimes.com/markets/stocks/stock-watch/stock-market-update-power-stocks-up-as-market-rises/articleshow/106574882.cms,indiatimes.com,MATCHER_REJECTED
20240105113000-449,20240105113000,Stock Market Sectors: Stock market update: FMCG stocks  down  as market  rises,https://economictimes.indiatimes.com/markets/stocks/stock-watch/stock-market-update-fmcg-stocks-down-as-market-rises/articleshow/106575302.cms,indiatimes.com,MATCHER_REJECTED
20240105113000-657,20240105113000,Stock Market Sectors: Stock market update: Sugar stocks  up  as market  rises,https://economictimes.indiatimes.com/markets/stocks/stock-watch/stock-market-update-sugar-stocks-up-as-market-rises/articleshow/106575135.cms,indiatimes.com,MATCHER_REJECTED
20240105113000-455,20240105113000,"Jefferies' Chris Wood ups weighting of Adani Ports, SBI in long-only portfolio. See the details here",https://www.businesstoday.in/markets/stock-picks/story/jefferies-chris-wood-ups-weighting-of-adani-ports-sbi-in-long-only-portfolio-see-the-details-here-412045-2024-01-05,businesstoday.in,MATCHER_REJECTED
20240105113000-38,20240105113000,Markets extend gains for second session on fresh foreign fund inflows; IT stocks shine,https://www.theweek.in/news/biz-tech/2024/01/05/markets-extend-gains-for-second-session-on-fresh-foreign-fund-inflows-it-stocks-shine.html,theweek.in,MATCHER_REJECTED
20240105113000-1266,20240105113000,Markets extend gains for 2nd session on fresh foreign fund inflows IT stocks shine,https://www.theweek.in/wire-updates/business/2024/01/05/del48-biz-stocks-close.html,theweek.in,MATCHER_REJECTED
20240105113000-479,20240105113000,Markets extend gains for second session on fresh foreign fund inflows; IT stocks shine,https://www.orissapost.com/markets-extend-gains-for-second-session-on-fresh-foreign-fund-inflows-it-stocks-shine/,orissapost.com,MATCHER_REJECTED
20240105113000-135,20240105113000,The 32 steps to Ram Lalla: A spiritual experience in Ayodhya,https://timesofindia.indiatimes.com/city/lucknow/the-32-steps-to-ram-lalla-a-spiritual-experience-in-ayodhya-temple/photostory/106571151.cms,indiatimes.com,MATCHER_REJECTED
20240105113000-789,20240105113000,"Stock market today: Sensex, Nifty 50 close higher for second straight session",https://www.livemint.com/market/stock-market-news/stock-market-today-sensex-nifty-50-close-higher-for-second-straight-session-it-stocks-shine-11704448610458.html,livemint.com,MATCHER_REJECTED
20240105113000-240,20240105113000,"Sensex reclaims 72,000-levels, Nifty above 21,700; Adani Ports and L&Trises 3%",https://www.businesstoday.in/markets/market-commentary/story/sensex-reclaims-72000-levels-nifty-above-21700-adani-ports-and-ltrises-3-412051-2024-01-05,businesstoday.in,MATCHER_REJECTED
20240105120000-357,20240105120000,Sensex gains 179 points to cross 72K; IT stocks shine,https://www.rediff.com/business/report/sensex-gains-179-points-to-cross-72k-it-stocks-shine/20240105.htm,rediff.com,MATCHER_REJECTED
20240105121500-116,20240105121500,active stocks: Share market update: Most active stocks of the day in terms of traded value,https://economictimes.indiatimes.com/markets/stocks/stock-watch/share-market-update-most-active-stocks-of-the-day-in-terms-of-traded-value/articleshow/106576509.cms,indiatimes.com,MATCHER_REJECTED
20240105121500-1218,20240105121500,Markets extend gains for 2nd session on fresh foreign fund inflows; IT stocks shine,https://indianexpress.com/article/business/markets-extend-gains-foreign-fund-inflows-it-stocks-shine-9096758/,indianexpress.com,MATCHER_REJECTED
20240105123000-319,20240105123000,Markets extend gains for second session on fresh foreign fund inflows; IT stocks shine,https://www.thehindu.com/business/markets/markets-extend-gains-for-second-session-on-fresh-foreign-fund-inflows-it-stocks-shine/article67709519.ece,thehindu.com,MATCHER_REJECTED
20240105123000-427,20240105123000,"Sensex, Nifty End Higher Ahead Of GDP Data",https://www.rttnews.com/story.aspx?Id=3414913,rttnews.com,MATCHER_REJECTED
20240105131500-969,20240105131500,"Sensex, Nifty record gains for 2nd day in row despite weak global cues",https://www.prokerala.com/news/articles/a1494145.html,prokerala.com,MATCHER_REJECTED
20240105133000-43,20240105133000,Stock market | Markets extend gains for second session on fresh foreign fund inflows; IT stocks shine,https://www.telegraphindia.com/feeds/business/markets-extend-gains-for-second-session-on-fresh-foreign-fund-inflows-it-stocks-shine/cid/1991801,telegraphindia.com,MATCHER_REJECTED
20240105140000-1177,20240105140000,"Sensex, Nifty End Higher Ahead Of GDP Data",https://www.rttnews.com/3414913/sensex-nifty-end-higher-ahead-of-gdp-data.aspx,rttnews.com,MATCHER_REJECTED
20240105141500-775,20240105141500,Stock market | Markets extend gains for second session on fresh foreign fund inflows; IT stocks shine,https://www.telegraphindia.com/business/markets-extend-gains-for-second-session-on-fresh-foreign-fund-inflows-it-stocks-shine/cid/1991801,telegraphindia.com,MATCHER_REJECTED
20240105141500-1162,20240105141500,"Sensex, Nifty record gains for second day in row despite weak global cues (Ld)",https://www.prokerala.com/news/articles/a1494157.html,prokerala.com,MATCHER_REJECTED
20240105150000-1344,20240105150000,Markets extend gains for 2nd session on fresh foreign fund inflows; IT stocks shine,https://www.tribuneindia.com/news/business/markets-extend-gains-for-2nd-session-on-fresh-foreign-fund-inflows-it-stocks-shine-578523,tribuneindia.com,MATCHER_REJECTED
20240105151500-646,20240105151500,"Sensex, Nifty Record Gains For 2Nd Day In Row Despite Weak Global Cues",https://menafn.com/1107688123/Sensex-Nifty-Record-Gains-For-2Nd-Day-In-Row-Despite-Weak-Global-Cues,menafn.com,MATCHER_REJECTED
20240105151500-1120,20240105151500,"Sensex, Nifty Record Gains For Second Day In Row Despite Weak Global Cues (Ld)",https://menafn.com/1107688227/Sensex-Nifty-Record-Gains-For-Second-Day-In-Row-Despite-Weak-Global-Cues-Ld,menafn.com,MATCHER_REJECTED
20240105163000-183,20240105163000,Why this ELSS Fund is a Must-Have Investment For Saving Taxes,https://www.thehindubusinessline.com/portfolio/mutual-funds/why-this-elss-fund-is-a-must-have-investment-for-saving-taxes/article67705935.ece,thehindubusinessline.com,MATCHER_REJECTED
20240105183000-1834,20240105183000,AI Infrastructure Market Progressive Impacts On The Universal,https://www.openpr.com/news/3344560/ai-infrastructure-market-progressive-impacts-on-the-universal,openpr.com,MATCHER_REJECTED
20240106044500-727,20240106044500,"Tata Steel, ONGC, DRL, BPCL, Maruti: Nifty at record high but these stocks lie at deep discount to historical averages",https://www.businesstoday.in/markets/stocks/story/tata-steel-ongc-drl-bpcl-maruti-nifty-at-record-high-but-these-stocks-lie-at-deep-discount-to-historical-averages-412101-2024-01-06,businesstoday.in,MATCHER_REJECTED
20240106044500-695,20240106044500,Meet IIT Delhi graduate who quit high-paying corporate job to become saint at 28 due to...,https://www.dnaindia.com/education/report-meet-iit-delhi-graduate-sandeep-kumar-bhatt-who-quit-high-paying-job-become-saint-sundar-gopal-das-28-due-to-3073646,dnaindia.com,MATCHER_REJECTED
20240106193000-827,20240106193000,India Inc: India Inc acquires right expat-ise to scale new growth,https://economictimes.indiatimes.com/jobs/c-suite/india-inc-acquires-right-expat-ise-to-scale-new-growth/articleshow/106602381.cms,indiatimes.com,MATCHER_REJECTED
20240107020000-640,20240107020000,India Inc Acquires Right Expat-ise to Scale New Growth,https://economictimes.indiatimes.com/epaper/delhicapital/2024/jan/07/sunet-front/india-inc-acquires-right-expat-ise-to-scale-new-growth/articleshow/106603056.cms,indiatimes.com,MATCHER_REJECTED
20240107131500-427,20240107131500,"Supreme Court Asks Central Pollution Control Board To Examine Issue Of Pollution By Stone Crushing Units, Calls For Report",https://www.livelaw.in/top-stories/supreme-court-central-pollution-control-board-file-report-stone-crushing-units-246068,livelaw.in,MATCHER_REJECTED
20240107133000-659,20240107133000,Blackstone-backed Nexus Select Trust circles R City Mall in Mumbai,https://www.thehindubusinessline.com/companies/blackstone-backed-nexus-select-trust-circles-r-city-mall-in-mumbai/article67715705.ece,thehindubusinessline.com,MATCHER_REJECTED
20240108081500-1034,20240108081500,"Stocks To Watch: Sensex Rises 100 pts; Nifty Above 21,700; Sula Vineyards Surges 7%",https://www.news18.com/business/stocks-to-watch-sensex-rises-100-pts-nifty-above-21700-sula-vineyards-surges-7-8731697.html,news18.com,MATCHER_REJECTED
20240108101500-790,20240108101500,motilal oswal portfolio tweaks: Motilal Oswal tweaks model portfolio ahead of Q3FY24 earnings. Here's what changed,https://economictimes.indiatimes.com/markets/stocks/news/motilal-oswal-tweaks-model-portfolio-ahead-of-q3fy24-earnings-heres-what-changed/articleshow/106634925.cms,indiatimes.com,MATCHER_REJECTED
20240108164500-449,20240108164500,"DRDO anti-drone tech ready, handed over to BEL, private firms",https://www.thehindu.com/news/national/drdo-anti-drone-tech-ready-handed-over-to-bel-private-firms/article67716451.ece,thehindu.com,MATCHER_REJECTED
20240109043000-549,20240109043000,"sensex today: Sensex soars 500 points, Nifty tops 21,650 led by gains in IT and auto stocks",https://economictimes.indiatimes.com/markets/stocks/news/sensex-soars-500-points-nifty-tops-21650-led-by-gains-in-it-and-auto-stocks/articleshow/106653366.cms,indiatimes.com,MATCHER_REJECTED
20240109050000-879,20240109050000,"Sensex opens 493 points higher at 71,849, Nifty at 21,674",https://www.hindustantimes.com/business/sensex-opens-456-points-higher-at-71-811-nifty-at-21667-101704770472329.html,hindustantimes.com,MATCHER_REJECTED
20240109051500-654,20240109051500,Markets rebound sharply in early trade on firm global trends,https://www.thehindu.com/business/markets/markets-rebound-sharply-in-early-trade-on-firm-global-trends/article67722049.ece,thehindu.com,MATCHER_REJECTED
20240109051500-605,20240109051500,"Stock Market Updates: Sensex Jumps 450 pts, Nifty Tops 21,650; ZEEL Tumbles 9%",https://www.news18.com/business/stock-market-updates-sensex-jumps-450-pts-nifty-tops-21650-zeel-tumbles-9-8733019.html,news18.com,MATCHER_REJECTED
20240109051500-638,20240109051500,Q3 Preview: Atleast 23 companies to see profits doubling YoY as earnings momentum continues,https://economictimes.indiatimes.com/markets/stocks/earnings/q3-preview-atleast-23-companies-to-see-profits-doubling-yoy-as-earnings-momentum-continues/articleshow/106653819.cms,indiatimes.com,MATCHER_REJECTED
20240109063000-429,20240109063000,Stock Market Sectors: Stock market update: Power stocks  up  as market  rises,https://economictimes.indiatimes.com/markets/stocks/stock-watch/stock-market-update-power-stocks-up-as-market-rises/articleshow/106656892.cms,indiatimes.com,MATCHER_REJECTED
20240109063000-637,20240109063000,"Stock market | Sensex jumps over 493 points to 71,848 in early trade; Nifty climbs 160 points to 21,673",https://www.telegraphindia.com/feeds/business/sensex-jumps-over-493-points-to-71848-in-early-trade-nifty-climbs-160-points-to-21673/cid/1992529,telegraphindia.com,MATCHER_REJECTED
20240109064500-71,20240109064500,"Stock market | Sensex jumps over 493 points to 71,848 in early trade; Nifty climbs 160 points to 21,673",https://www.telegraphindia.com/business/sensex-jumps-over-493-points-to-71848-in-early-trade-nifty-climbs-160-points-to-21673/cid/1992529,telegraphindia.com,MATCHER_REJECTED
20240109113000-654,20240109113000,Stock Market Sectors: Stock market update: Fertilisers stocks  up  as market  rises,https://economictimes.indiatimes.com/markets/stocks/stock-watch/stock-market-update-fertilisers-stocks-up-as-market-rises/articleshow/106667906.cms,indiatimes.com,MATCHER_REJECTED
20240109113000-415,20240109113000,Stock Market Sectors: Stock market update: Power stocks  up  as market  rises,https://economictimes.indiatimes.com/markets/stocks/stock-watch/stock-market-update-power-stocks-up-as-market-rises/articleshow/106668179.cms,indiatimes.com,MATCHER_REJECTED
20240109113000-585,20240109113000,"Stock market today: Nifty 50, Sensex end flat; BSE Smallcap hits fresh all-time high",https://www.livemint.com/market/stock-market-news/stock-market-today-nifty-50-sensex-end-flat-bse-smallcap-hits-fresh-all-time-high-11704794167454.html,livemint.com,MATCHER_REJECTED
20240109113000-695,20240109113000,Market rebound loses steam in fag-end trade,https://www.orissapost.com/market-rebound-loses-steam-in-fag-end-trade/,orissapost.com,MATCHER_REJECTED
20240109114500-814,20240109114500,Stock Market Sectors: Stock market update: Sugar stocks  down  as market  rises,https://economictimes.indiatimes.com/markets/stocks/stock-watch/stock-market-update-sugar-stocks-down-as-market-rises/articleshow/106668814.cms,indiatimes.com,MATCHER_REJECTED
20240109120000-1203,20240109120000,Stock Market Sectors: Stock market update: Mining stocks  up  as market  rises,https://economictimes.indiatimes.com/markets/stocks/stock-watch/stock-market-update-mining-stocks-up-as-market-rises/articleshow/106669328.cms,indiatimes.com,MATCHER_REJECTED
20240109123000-58,20240109123000,"Equity benchmarks Sensex, Nifty close moderately higher",https://www.thehindu.com/business/markets/equity-benchmarks-sensex-nifty-close-moderately-higher/article67722983.ece,thehindu.com,MATCHER_REJECTED
20240109130000-836,20240109130000,Sensex And Nifty Rebound Loses Steam In Fag-end Trade,https://zeenews.india.com/markets/sensex-and-nifty-rebound-loses-steam-in-fag-end-trade-2707837.html,india.com,MATCHER_REJECTED
20240109131500-1727,20240109131500,Market rebound loses steam in fag-end trade as investors book profits ahead of earnings season,https://www.theweek.in/news/biz-tech/2024/01/09/market-rebound-loses-steam-in-fag-end-trade-as-investors-book-profits-ahead-of-earnings-season.html,theweek.in,MATCHER_REJECTED
20240109133000-177,20240109133000,LTIMindtree Launches Hybrid Cloud Management Platform; Canvas CloudXperienz,https://www.marketscreener.com/quote/stock/LTIMINDTREE-LIMITED-31496899/news/LTIMindtree-Launches-Hybrid-Cloud-Management-Platform-Canvas-CloudXperienz-45705858/,marketscreener.com,MATCHER_REJECTED
20240109144500-332,20240109144500,A New Airport Terminal in Bengaluru Brings Nature Inside,https://www.architecturalrecord.com/articles/16665-a-new-airport-terminal-in-bengaluru-brings-nature-inside,architecturalrecord.com,MATCHER_REJECTED
20240109144500-1128,20240109144500,"Nifty, Sensex Remain Under Pressure - Tuesday Closing Report",https://www.moneylife.in/article/nifty-sensex-remain-under-pressure-tuesday-closing-report/73088.html,moneylife.in,MATCHER_REJECTED
20240109150000-1461,20240109150000,Market rebound loses steam in fag-end trade,https://www.tribuneindia.com/news/business/market-rebound-loses-steam-in-fag-end-trade-579717,tribuneindia.com,MATCHER_REJECTED
20240109151500-1363,20240109151500,Sensex loses steam on fag-end profit-taking,https://www.rediff.com/business/report/sensex-loses-steam-on-fag-end-profit-taking/20240109.htm,rediff.com,MATCHER_REJECTED
20240109173000-241,20240109173000,India's longest sea bridge set to be launched this week - The Hindu BusinessLine,https://www.thehindubusinessline.com/companies/indias-longest-sea-bridge-set-to-be-launched-this-week/article67723669.ece,thehindubusinessline.com,MATCHER_REJECTED
20240110054500-55,20240110054500,LTIMindtree Launches Hybrid Cloud Management Platform Canvas CloudXperienz,https://www.theweek.in/wire-updates/business/2024/01/10/dcm6-ltimindtree.html,theweek.in,MATCHER_REJECTED
20240110060000-202,20240110060000,Markets decline in early trade on fresh foreign fund outflows,https://www.thehindu.com/business/markets/sensex-updates-on-january-10-2024/article67725862.ece,thehindu.com,MATCHER_REJECTED
20240110063000-365,20240110063000,"India News | Markets Decline in Early Trade on Fresh Foreign Fund Outflows, Weak Global Trends",https://www.latestly.com/agency-news/india-news-markets-decline-in-early-trade-on-fresh-foreign-fund-outflows-weak-global-trends-5682721.html,latestly.com,MATCHER_REJECTED
20240110070000-483,20240110070000,"Stock market | Sensex declines over 81 points to 71,304 in early trade; Nifty dips 27 points to 21,517",https://www.telegraphindia.com/feeds/business/sensex-declines-over-81-points-to-71304-in-early-trade-nifty-dips-27-points-to-21517/cid/1992772,telegraphindia.com,MATCHER_REJECTED
20240110073000-100,20240110073000,"Markets decline in early trade on fresh foreign fund outflows, weak global trends",https://www.tribuneindia.com/news/business/markets-decline-in-early-trade-on-fresh-foreign-fund-outflows-weak-global-trends-580013,tribuneindia.com,MATCHER_REJECTED
20240110080000-911,20240110080000,"Markets Decline In Early Trade On Fresh Foreign Fund Outflows, Weak Global Trends",https://zeenews.india.com/markets/markets-decline-in-early-trade-on-fresh-foreign-fund-outflows-weak-global-trends-2708122.html,india.com,MATCHER_REJECTED
20240110084500-308,20240110084500,Tata Group To Soon Start Work On Chip Fabrication Plant In Gujarat,https://menafn.com/1107703171/Tata-Group-To-Soon-Start-Work-On-Chip-Fabrication-Plant-In-Gujarat,menafn.com,MATCHER_REJECTED
20240110090000-262,20240110090000,"Stock market | Sensex declines over 81 points to 71,304 in early trade; Nifty dips 27 points to 21,517",https://www.telegraphindia.com/business/sensex-declines-over-81-points-to-71304-in-early-trade-nifty-dips-27-points-to-21517/cid/1992772,telegraphindia.com,MATCHER_REJECTED
20240110090000-111,20240110090000,"Markets decline in early trade on fresh foreign fund outflows, weak global trends",https://www.thehindubusinessline.com/markets/markets-decline-in-early-trade-on-fresh-foreign-fund-outflows-weak-global-trends/article67725859.ece,thehindubusinessline.com,MATCHER_REJECTED
20240110094500-952,20240110094500,Tata Group to soon start work on chip fabrication plant in Gujarat,https://indiaeducationdiary.in/tata-group-to-soon-start-work-on-chip-fabrication-plant-in-gujarat/,indiaeducationdiary.in,MATCHER_REJECTED
20240110101500-551,20240110101500,Tata Group to soon start work on chip fabrication plant in Gujarat,https://www.prokerala.com/news/articles/a1495519.html,prokerala.com,MATCHER_REJECTED
20240110104500-869,20240110104500,Tata Group to soon start work on chip fabrication plant in Gujarat,https://www.siasat.com/tata-group-to-soon-start-work-on-chip-fabrication-plant-in-gujarat-2953243/,siasat.com,MATCHER_REJECTED
20240110111500-T833,20240110111500,"&#x930;&#x93E;&#x92E; &#x92E;&#x902;&#x926;&#x93F;&#x930; &#x915;&#x947; &#x928;&#x93F;&#x930;&#x94D;&#x92E;&#x93E;&#x923; &#x938;&#x947; &#x907;&#x938; &#x915;&#x902;&#x92A;&#x928;&#x940; &#x915;&#x94B; &#x92E;&#x93F;&#x932;&#x93E; &#x906;&#x930;&#x94D;&#x936;&#x940;&#x935;&#x93E;&#x926;, &#x911;&#x930;&#x94D;&#x921;&#x930; &#x92E;&#x93F;&#x932;&#x928;&#x947; &#x915;&#x947; &#x92C;&#x93E;&#x926; 215% &#x92D;&#x93E;&#x917;&#x93E; &#x936;&#x947;&#x92F;&#x930;",https://hindi.moneycontrol.com/news/markets/larsen-and-toubro-got-blessings-from-the-construction-of-ram-temple-shares-rose-215-percent-after-getting-the-order-1709671.html,moneycontrol.com,MATCHER_REJECTED
20240110123000-1963,20240110123000,"5G Infrastructure Market 2024 Industry Analysis, Size, Share,",https://www.openpr.com/news/3348092/5g-infrastructure-market-2024-industry-analysis-size-share,openpr.com,MATCHER_REJECTED
20240110161500-989,20240110161500,"Mumbai: India's Longest Sea Bridge, Atal Setu, to be Inaugurated Soon",https://www.sentinelassam.com/national-news/mumbai-indias-longest-sea-bridge-atal-setu-to-be-inaugurated-soon-685936,sentinelassam.com,MATCHER_REJECTED
20240110164500-1182,20240110164500,"Over 1,000 government students take part in STEM Challenge",https://www.thehindu.com/news/cities/chennai/over-1000-government-students-take-part-in-stem-challenge/article67727684.ece,thehindu.com,MATCHER_REJECTED
20240110173000-2159,20240110173000,Tata Group to soon start work on chip fabrication plant in Gujarat,https://www.newkerala.com/news/2024/1875.htm,newkerala.com,MATCHER_REJECTED
20240111030000-1556,20240111030000,"Circuit Protection Market Size, Share, Revenue, Trends And Drivers For 2024-2033",https://brazilbusiness.einnews.com/pr_news/679994717/circuit-protection-market-size-share-revenue-trends-and-drivers-for-2024-2033,einnews.com,MATCHER_REJECTED
20240111054500-354,20240111054500,Stock Market Sectors: Stock market update: Mining stocks  mixed  as market  rises,https://economictimes.indiatimes.com/markets/stocks/stock-watch/stock-market-update-mining-stocks-mixed-as-market-rises/articleshow/106718022.cms,indiatimes.com,MATCHER_REJECTED
20240111091500-829,20240111091500,Will Nifty See Major Correction In 2024?,https://www.rediff.com/business/report/will-nifty-see-major-correction-in-2024/20240111.htm,rediff.com,MATCHER_REJECTED
20240111091500-422,20240111091500,Mumbai Trans Harbour Link opening: 10 key points you need to know | Mumbai News,https://timesofindia.indiatimes.com/city/mumbai/mumbai-trans-harbour-link-opening-10-key-highlights-you-need-to-know/articleshow/106723640.cms,indiatimes.com,MATCHER_REJECTED
20240111104500-322,20240111104500,"coursera: Coursera translates over 4,000 English courses into Hindi using AI",https://economictimes.indiatimes.com/industry/services/education/coursera-translates-over-4000-english-courses-into-hindi-using-ai/articleshow/106729082.cms,indiatimes.com,MATCHER_REJECTED
20240111113000-762,20240111113000,"Markets end high after volatile day; Nifty closes near 21,600 top gainers on January 09 include Hero MotoCorp and Bajaj Auto whereas Media and IT stocks among key losers",https://www.financialexpress.com/market/markets-end-high-after-volatile-day-nifty-closes-near-21600-top-gainers-on-january-09-include-hero-motocorp-and-bajaj-auto-whereas-media-and-it-stocks-among-key-losers-3361919/,financialexpress.com,MATCHER_REJECTED
20240111113000-771,20240111113000,Ayodhya's Ram Mandir: How The Temple Emerged As An Earthquake Resistant Wonder?,https://www.oneindia.com/india/ayodhyas-ram-mandir-how-the-temple-emerged-as-an-earthquake-resistant-wonder-3724337.html,oneindia.com,MATCHER_REJECTED
20240111114500-680,20240111114500,"Markets settle marginally higher; TCS, Infosys quarterly results eyed",https://indianexpress.com/article/business/market/markets-marginally-higher-tcs-infosys-quarterly-results-9105236/,indianexpress.com,MATCHER_REJECTED
20240111114500-1249,20240111114500,"Markets settle marginally higher; TCS, Infosys quarterly results eyed",https://www.thehindu.com/business/markets/markets-settle-marginally-higher-tcs-infosys-quarterly-results-eyed/article67730103.ece,thehindu.com,MATCHER_REJECTED
20240111121500-288,20240111121500,"Markets Settle Marginally Higher; TCS, Infosys Quarterly Results Eyed",https://zeenews.india.com/markets/markets-settle-marginally-higher-tcs-infosys-quarterly-results-eyed-2708648.html,india.com,MATCHER_REJECTED
20240111123000-1099,20240111123000,Nifty Sensex Dip Ahead Of IT Earnings And US Inflation Data - BW Businessworld,https://www.businessworld.in/article/Nifty-Sensex-Dip-Ahead-Of-IT-Earnings-And-US-Inflation-Data/11-01-2024-505647/,businessworld.in,MATCHER_REJECTED
20240111133000-2110,20240111133000,Equity benchmarks end with marginal gains as investors watch IT bellwethers' Q3 show,https://www.devdiscourse.com/article/headlines/2772944-equity-benchmarks-end-with-marginal-gains-as-investors-watch-it-bellwethers-q3-show,devdiscourse.com,MATCHER_REJECTED
20240111141500-1587,20240111141500,"Sensex, Nifty Extend Gains For Third Day",https://www.rttnews.com/story.aspx?Id=3416161,rttnews.com,MATCHER_REJECTED
20240111141500-1955,20240111141500,Sensex pares intra-day gains; settles 63 points higher,https://www.rediff.com/business/report/sensex-pares-intra-day-gains-settles-63-points-higher/20240111.htm,rediff.com,MATCHER_REJECTED
20240111151500-648,20240111151500,Equity benchmarks end with marginal gains as investors watch IT bellwethers' Q3 show : The Tribune India,https://www.tribuneindia.com/news/business/equity-benchmarks-end-with-marginal-gains-as-investors-watch-it-bellwethers-q3-show-580367,tribuneindia.com,MATCHER_REJECTED
20240111151500-69,20240111151500,Blackstone-backed Nexus Select Trust circles R City Mall in Mumbai,https://www.thehindubusinessline.com/news/real-estate/blackstone-backed-nexus-select-trust-circles-r-city-mall-in-mumbai/article67715705.ece,thehindubusinessline.com,MATCHER_REJECTED
20240111153000-1224,20240111153000,"Stock market | Markets settle marginally higher; Tata Consultancy Services, Infosys quarterly results eyed",https://www.telegraphindia.com/feeds/business/markets-settle-marginally-higher-tata-consultancy-services-infosys-quarterly-results-eyed/cid/1993086,telegraphindia.com,MATCHER_REJECTED
20240111163000-1819,20240111163000,"Stock market | Markets settle marginally higher; Tata Consultancy Services, Infosys quarterly results eyed",https://www.telegraphindia.com/business/markets-settle-marginally-higher-tata-consultancy-services-infosys-quarterly-results-eyed/cid/1993086,telegraphindia.com,MATCHER_REJECTED
20240111163000-757,20240111163000,"Sensex, Nifty Extend Gains For Third Day",https://www.rttnews.com/3416161/sensex-nifty-extend-gains-for-third-day.aspx,rttnews.com,MATCHER_REJECTED
20240111184500-2651,20240111184500,"Reliance Industries: RIL Unit, Greenko JV among 8 chosen for electrolyser incentive scheme",https://economictimes.indiatimes.com/industry/renewables/ril-unit-greenko-jv-among-8-chosen-for-electrolyser-sops-plan/articleshow/106739402.cms,indiatimes.com,MATCHER_REJECTED
20240111201500-1201,20240111201500,Sensex pares intra-day gains; settles 63 points higher,https://thenorthlines.com/sensex-pares-intra-day-gains-settles-63-points-higher/,thenorthlines.com,MATCHER_REJECTED
20240112010000-388,20240112010000,India's Finance Hub Gets $2 Billion Bridge in Modi Infra-Splurge,https://www.bnnbloomberg.ca/india-s-finance-hub-gets-2-billion-bridge-in-modi-infra-splurge-1.2021053,bnnbloomberg.ca,MATCHER_REJECTED
20240112030000-1407,20240112030000,Morning Scan: All the big stories to get you started for the day,https://www.moneycontrol.com/news/business/morning-scan-all-the-big-stories-to-get-you-started-for-the-day-640-12038261.html,moneycontrol.com,MATCHER_REJECTED
20240112043000-1127,20240112043000,What is Stocks? Know Definition & Meaning of Stocks- Top 20 Stocks,https://eyesonnews.com/what-is-stocks-know-definition-meaning-of-stocks-top-20-stocks/,eyesonnews.com,MATCHER_REJECTED
20240112073000-42,20240112073000,Sanjiv Bhasin | Sanjiv Bhasin stocks: 3 stocks to play aviation theme; add these 2 IT largecaps: Sanjiv Bhasin,https://economictimes.indiatimes.com/markets/expert-view/3-stocks-to-play-aviation-theme-add-these-2-it-largecaps-sanjiv-bhasin/articleshow/106753834.cms,indiatimes.com,MATCHER_REJECTED
20240112110000-1219,20240112110000,Stock Market Sectors: Stock market update: Mining stocks  up  as market  rises,https://economictimes.indiatimes.com/markets/stocks/stock-watch/stock-market-update-mining-stocks-up-as-market-rises/articleshow/106765039.cms,indiatimes.com,MATCHER_REJECTED
20240112111500-761,20240112111500,Sharp IT stocks rally lifts markets to new lifetime high; Sensex soars nearly 850 pts,https://www.orissapost.com/sharp-it-stocks-rally-lifts-markets-to-new-lifetime-high-sensex-soars-nearly-850-pts/,orissapost.com,MATCHER_REJECTED
20240112114500-645,20240112114500,"Sensex Jumps 847 Points To Settle At Record 72,568.45; Nifty Closes At 21,894",https://zeenews.india.com/markets/sensex-jumps-847-points-to-settle-at-record-72568-45-nifty-closes-at-21894-2709013.html,india.com,MATCHER_REJECTED
20240112114500-580,20240112114500,Sharp IT stocks rally lifts markets to new lifetime high Sensex soars nearly 850 pts,https://www.theweek.in/wire-updates/business/2024/01/12/del35-biz-stocks-close.html,theweek.in,MATCHER_REJECTED
20240112114500-686,20240112114500,Chennai Metro Phase 2 Reaches Major Milestone: First U-Girder Launched For Line-3 Viaduct,https://www.oneindia.com/chennai/chennai-metro-phase-2-reaches-major-milestone-first-u-girder-launched-for-line-3-viaduct-3725043.html,oneindia.com,MATCHER_REJECTED
20240112114500-270,20240112114500,"Sensex, Nifty surge to lifetime highs; powered by rally in IT stocks",https://www.thehindu.com/business/markets/sensex-nifty-surge-to-lifetime-highs-powered-by-rally-in-it-stocks/article67733920.ece,thehindu.com,MATCHER_REJECTED
20240112121500-1,20240112121500,Stock Market Sectors: Stock market update: Power stocks  up  as market  rises,https://economictimes.indiatimes.com/markets/stocks/stock-watch/stock-market-update-power-stocks-up-as-market-rises/articleshow/106768586.cms,indiatimes.com,MATCHER_REJECTED
20240112123000-734,20240112123000,Sharp IT stocks rally lifts markets to new lifetime high; Sensex soars nearly 850 points,https://www.theweek.in/news/biz-tech/2024/01/12/sharp-it-stocks-rally-lifts-markets-to-new-lifetime-high-sensex-soars-nearly-850-points.html,theweek.in,MATCHER_REJECTED
20240112133000-571,20240112133000,"Nifty, Sensex ends the week at record levels - Weekly Closing Report",https://www.moneylife.in/article/nifty-sensex-ends-the-week-at-record-levels-weekly-closing-report/73123.html,moneylife.in,MATCHER_REJECTED
20240112141500-141,20240112141500,IT stocks lift markets to new lifetime highs; Sensex soars 847 points,https://www.rediff.com/business/report/it-stocks-lift-markets-to-new-lifetime-highs-sensex-soars-847-points/20240112.htm,rediff.com,MATCHER_REJECTED
20240112144500-1155,20240112144500,Adani group: Adani Enterprises receives Letter of Award from Solar Energy Corporation of India,https://economictimes.indiatimes.com/industry/renewables/adani-enterprises-recieves-letter-of-award-from-solar-energy-corporation-of-india/articleshow/106774252.cms,indiatimes.com,MATCHER_REJECTED
20240112153000-1035,20240112153000,Q3 Preview: EPC firms poised for growth on robust order inflow; road infra faces challenges,https://www.moneycontrol.com/news/business/earnings/q3-preview-epc-firms-poised-for-growth-on-robust-order-inflow-road-infra-faces-challenges-12043851.html,moneycontrol.com,MATCHER_REJECTED
20240112181500-1990,20240112181500,"Ayodhya Ram Mandir FAQs: From Cost Of Ram Temple To Guest List, All You Need To Know",https://www.indiatimes.com/events/ayodhya-ram-mandir-faqs-from-cost-of-ram-temple-to-guest-list-all-you-need-to-know-625204.html,indiatimes.com,MATCHER_REJECTED
20240113040000-74,20240113040000,Sharp IT stocks rally lifts markets to new lifetime high; Sensex soars nearly 850 pts,https://www.dailyexcelsior.com/sharp-it-stocks-rally-lifts-markets-to-new-lifetime-high-sensex-soars-nearly-850-pts/,dailyexcelsior.com,MATCHER_REJECTED
20240113064500-200,20240113064500,"India's Indigenous Light Tank 'Zorawar' Roars to Life, Completes 100km of Internal Testing &#x2013; Indian Defence Research Wing",https://idrw.org/indias-indigenous-light-tank-zorawar-roars-to-life-completes-100km-of-internal-testing/,idrw.org,MATCHER_REJECTED
20240113064500-911,20240113064500,Short covering rally in Nifty Bank depends on HDFC Bank results: Kunal Shah,https://economictimes.indiatimes.com/markets/expert-view/short-covering-rally-in-nifty-bank-depends-on-hdfc-bank-results-kunal-shah/articleshow/106804650.cms,indiatimes.com,MATCHER_REJECTED
20240113104500-125,20240113104500,Top 4 companies that will benefit from govt's electrolyser incentive schemee,https://www.livemint.com/market/stock-market-news/top-4-companies-that-will-benefit-from-govt-s-electrolyser-incentive-scheme-11705139015479.html,livemint.com,MATCHER_REJECTED
20240113113000-122,20240113113000,India's finance hub gets $2 billion bridge in Modi infra-splurge,https://www.thehindubusinessline.com/news/national/indias-finance-hub-gets-2-billion-bridge-in-modi-infra-splurge/article67733283.ece,thehindubusinessline.com,MATCHER_REJECTED
20240113181500-272,20240113181500,How India Inc is boosting productivity by using intelligent technologies,https://economictimes.indiatimes.com/news/company/corporate-trends/shop-floors-turning-new-frontier-for-digitisation/articleshow/106819925.cms,indiatimes.com,MATCHER_REJECTED
20240114191500-537,20240114191500,Realty sector gets a 'prefab' boost,https://economictimes.indiatimes.com/industry/services/property-/-cstruction/realty-sector-gets-a-prefab-boost/articleshow/106842981.cms,indiatimes.com,MATCHER_REJECTED
20240115070000-916,20240115070000,India News | Indian Army Conducts Firepower Demonstration 'Exercise Topchi' at Devlali in Nashik,https://www.latestly.com/agency-news/india-news-indian-army-conducts-firepower-demonstration-exercise-topchi-at-devlali-in-nashik-5694477.html,latestly.com,MATCHER_REJECTED
20240115083000-803,20240115083000,Indian Army conducts firepower demonstration 'Exercise Topchi' at Devlali in Nashik,https://aninews.in/news/national/general-news/indian-army-conducts-firepower-demonstration-exercise-topchi-at-devlali-in-nashik20240115112223/,aninews.in,MATCHER_REJECTED
20240115084500-301,20240115084500,Concord Control Systems: Your ticket to India's railway boom,https://www.livemint.com/market/stock-market-news/concord-control-systems-your-ticket-to-indias-railway-boom-11705297479777.html,livemint.com,MATCHER_REJECTED
20240115091500-902,20240115091500,From Ayodhya to Australia: Why is India's new Ram temple making waves abroad?,https://www.sbs.com.au/language/hindi/en/article/from-ayodhya-to-australia-why-is-indias-new-ram-temple-making-waves-abroad/osafjs1ta,sbs.com.au,MATCHER_REJECTED
20240115101500-1123,20240115101500,"Nifty set to rise to 22,300, Bank Nifty must cross 48,400 for further upsurge: Analysts",https://www.moneycontrol.com/news/business/markets/nifty-set-to-rise-to-22300-bank-nifty-must-cross-48400-for-further-upsurge-analysts-12054191.html,moneycontrol.com,MATCHER_REJECTED
20240115111500-547,20240115111500,"Stock market | Sensex jumps 759 points to close at record high, Nifty scales 22,000 mount on sharp gain in IT shares",https://www.telegraphindia.com/business/sensex-jumps-759-points-to-close-at-record-high-nifty-scales-22000-mount-on-sharp-gain-in-it-shares/cid/1993941,telegraphindia.com,MATCHER_REJECTED
20240115111500-1448,20240115111500,"Stock market | Sensex jumps 759 points to close at record high, Nifty scales 22,000 mount on sharp gain in IT shares",https://www.telegraphindia.com/feeds/business/sensex-jumps-759-points-to-close-at-record-high-nifty-scales-22000-mount-on-sharp-gain-in-it-shares/cid/1993941,telegraphindia.com,MATCHER_REJECTED
20240115111500-1009,20240115111500,"Sensex jumps 759 pts to close at record high, Nifty scales 22K mount on sharp gain in IT shares",https://www.orissapost.com/sensex-jumps-759-pts-to-close-at-record-high-nifty-scales-22k-mount-on-sharp-gain-in-it-shares/,orissapost.com,MATCHER_REJECTED
20240115111500-729,20240115111500,Milestone Achieved: Bengaluru Suburban Rail Project Utilizes Innovative Construction Techniques,https://www.oneindia.com/bengaluru/milestone-achieved-bengaluru-suburban-rail-project-utilizes-innovative-construction-techniques-3727085.html,oneindia.com,MATCHER_REJECTED
20240115113000-589,20240115113000,"Sensex Jumps 759 Points To Close At Record High, Nifty Scales 22K Mount On Sharp Gain In It Shares",https://zeenews.india.com/markets/sensex-jumps-759-points-to-close-at-record-high-nifty-scales-22k-mount-on-sharp-gain-in-it-shares-2709930.html,india.com,MATCHER_REJECTED
20240115113000-811,20240115113000,"Stock market today: Nifty 50, Sensex close at fresh peaks",https://www.livemint.com/market/stock-market-news/stock-market-today-nifty-50-sensex-close-at-fresh-peaks-investors-richer-by-about-3-lakh-crore-in-a-day-11705312337819.html,livemint.com,MATCHER_REJECTED
20240115121500-446,20240115121500,"Sensex ends above 73K for first time, Nifty at  record high; IT shares lead gains",https://www.businesstoday.in/markets/stocks/story/sensex-ends-above-73k-for-first-time-nifty-at-record-high-it-shares-lead-gains-413333-2024-01-15,businesstoday.in,MATCHER_REJECTED
20240115124500-36,20240115124500,"Sensex jumps 759 points to close at record high, Nifty scales 22K mount on sharp gain in IT shares",https://www.tribuneindia.com/news/business/sensex-jumps-759-points-to-close-at-record-high-nifty-scales-22k-mount-on-sharp-gain-in-it-shares-581459,tribuneindia.com,MATCHER_REJECTED
20240115130000-188,20240115130000,Markets' Record-Breaking Rally Makes Investors Richer by Rs 9.68 Lakh Crore in Five Days | India Business News,https://timesofindia.indiatimes.com/business/india-business/markets-recordbreaking-rally-makes-investors-richer-by-rs-968-lakh-crore-in-five-days/articleshow/106868560.cms,indiatimes.com,MATCHER_REJECTED
20240115131500-1518,20240115131500,Sensex jumps 759 points to close at record high; Nifty scales 22K,https://www.thehindu.com/business/markets/sensex-jumps-759-points-to-close-at-record-high-nifty-scales-22k/article67742983.ece,thehindu.com,MATCHER_REJECTED
20240115133000-238,20240115133000,Markets record-breaking rally make investors richer by Rs 9.68 lakh cr in five days,https://www.theweek.in/wire-updates/business/2024/01/15/del60-biz-stocks-wealth.html,theweek.in,MATCHER_REJECTED
20240115133000-608,20240115133000,"Markets close at record high, Sensex touches 73,327 points, Nifty at 22,097",https://www.firstpost.com/business/markets-close-at-record-high-sensex-touches-73327-points-nifty-at-22097-13616882.html,firstpost.com,MATCHER_REJECTED
20240115143000-861,20240115143000,"Sensex jumps 759 pts to close at record high, Nifty scales 22K mount on sharp gain in IT shares",https://indianexpress.com/article/business/market/sensex-record-high-nifty-sharp-gain-9110580/,indianexpress.com,MATCHER_REJECTED
20240115144500-654,20240115144500,Sensex jumps 759 points to close at record high; Nifty scales 22K mount on sharp gain in IT shares,https://yourstory.com/2024/01/sensex-nifty-stock-market-shares-it-reliance-wipro-tcs-hcltech,yourstory.com,MATCHER_REJECTED
20240115150000-1189,20240115150000,"Sensex jumps 759 pts to close at record high, Nifty scales 22K mount on sharp gain in IT shares",https://www.thehindubusinessline.com/markets/sensex-jumps-759-pts-to-close-at-record-high-nifty-scales-22k-mount-on-sharp-gain-in-it-shares/article67742919.ece,thehindubusinessline.com,MATCHER_REJECTED
20240115151500-704,20240115151500,Sensex jumps 759 points to close at record high; Nifty scales 22K mount on sharp gain in IT shares,https://yourstory.com:443/2024/01/sensex-nifty-stock-market-shares-it-reliance-wipro-tcs-hcltech,yourstory.com,MATCHER_REJECTED
20240115153000-267,20240115153000,"Q3 Earnings: PL overweight on banks, underweight on metals; lists Astral, Safari among high conviction picks",https://www.livemint.com/market/stock-market-news/q3-earnings-prabhudas-lilladher-overweight-on-banks-underweight-on-metals-astral-safari-high-conviction-picks-11705317595694.html,livemint.com,MATCHER_REJECTED
20240115173000-597,20240115173000,Sensex jumps 759 points to close at record high; Nifty scales 22K mount on sharp gain in IT shares,https://social.yourstory.com:443/2024/01/sensex-nifty-stock-market-shares-it-reliance-wipro-tcs-hcltech,yourstory.com,MATCHER_REJECTED
20240115173000-1877,20240115173000,Sensex jumps 759 points to close at record high; Nifty scales 22K mount on sharp gain in IT shares,https://her.yourstory.com:443/2024/01/sensex-nifty-stock-market-shares-it-reliance-wipro-tcs-hcltech,yourstory.com,MATCHER_REJECTED
20240115183000-1663,20240115183000,Investors richer by Rs 9.68 lakh cr in five days,https://www.rediff.com/business/report/investors-richer-by-rs-968-lakh-cr-in-five-days/20240115.htm,rediff.com,MATCHER_REJECTED
20240115211500-173,20240115211500,"Stock Market Jan 15: Sensex, Nifty hit record highs as IT stocks extend gains",http://theindianawaaz.com/stock-market-jan-15-sensex-nifty-hit-record-highs-as-it-stocks-extend-gains/,theindianawaaz.com,MATCHER_REJECTED
20240116013000-668,20240116013000,"Sensex jumps 759 pts to close at record high, Nifty scales 22K mount on sharp gain in IT shares",https://www.dailyexcelsior.com/sensex-jumps-759-pts-to-close-at-record-high-nifty-scales-22k-mount-on-sharp-gain-in-it-shares/,dailyexcelsior.com,MATCHER_REJECTED
20240116030000-228,20240116030000,India's Nifty 50 set to open little changed,https://www.marketscreener.com/quote/index/NIFTY-50-9743680/news/India-s-Nifty-50-set-to-open-little-changed-45743562/,marketscreener.com,MATCHER_REJECTED
20240116034500-803,20240116034500,"Sensex, Nifty set to open little changed - The Hindu BusinessLine",https://www.thehindubusinessline.com/markets/sensex-nifty-set-to-open-little-changed/article67743469.ece,thehindubusinessline.com,MATCHER_REJECTED
20240116054500-589,20240116054500,Stock Market Sectors: Stock market update: Fertilisers stocks  up  as market  rises,https://economictimes.indiatimes.com/markets/stocks/stock-watch/stock-market-update-fertilisers-stocks-up-as-market-rises/articleshow/106886985.cms,indiatimes.com,MATCHER_REJECTED
20240116071500-1452,20240116071500,Indian Army Offered Fifth-Generation Anti-Tank Missile &#x2013; Indian Defence Research Wing,https://idrw.org/indian-army-offered-fifth-generation-anti-tank-missile/,idrw.org,MATCHER_REJECTED
20240116090000-434,20240116090000,Hyper-Converged Infrastructure (HCI) Systems Market,https://www.openpr.com/news/3352719/hyper-converged-infrastructure-hci-systems-market,openpr.com,MATCHER_REJECTED
20240116103000-586,20240116103000,"Ram Mandir Ayodhya: Construction, History, Facts, Opening Date, Location, and More",https://www.news18.com/explainers/ram-mandir-ayodhya-construction-history-facts-faqs-8742294.html,news18.com,MATCHER_REJECTED
20240116110000-257,20240116110000,Stock Market Sectors: Stock market update: Mining stocks  down  as market  falls,https://economictimes.indiatimes.com/markets/stocks/stock-watch/stock-market-update-mining-stocks-down-as-market-falls/articleshow/106897689.cms,indiatimes.com,MATCHER_REJECTED
20240116111500-682,20240116111500,"Stock markets end 5-day winning run on profit-taking in IT stocks, weak global cues",https://indianexpress.com/article/business/market/stock-markets-end-5-day-winning-run-on-profit-taking-in-it-stocks-weak-global-cues-9111618/,indianexpress.com,MATCHER_REJECTED
20240116111500-445,20240116111500,India's first bullet train to soon get state-of-art&#xA0;electrification throughout the 508km network; will clock 320 kmph speed after completion - Railways News,https://www.financialexpress.com/business/railways-indias-first-bullet-train-to-soon-get-state-of-artnbspelectrification-throughout-the-508km-network-will-clock-320-kmph-speed-after-completion-3366000/,financialexpress.com,MATCHER_REJECTED
20240116113000-1259,20240116113000,"Stock Markets End 5-day Winning Run On Profit-taking In IT Stocks, Weak Global Cues",https://zeenews.india.com/markets/stock-markets-end-5-day-winning-run-on-profit-taking-in-it-stocks-weak-global-cues-2710267.html,india.com,MATCHER_REJECTED
20240116113000-1295,20240116113000,Stock Market Sectors: Stock market update: Sugar stocks  down  as market  falls,https://economictimes.indiatimes.com/markets/stocks/stock-watch/stock-market-update-sugar-stocks-down-as-market-falls/articleshow/106897854.cms,indiatimes.com,MATCHER_REJECTED
20240116114500-280,20240116114500,"Stock markets end five-day winning run on profit-taking in IT stocks, weak global cues",https://www.thehindu.com/business/markets/stock-markets-end-five-day-winning-run-on-profit-taking-in-it-stocks-weak-global-cues/article67744355.ece,thehindu.com,MATCHER_REJECTED
20240116121500-1378,20240116121500,Stock Market Sectors: Stock market update: FMCG stocks  down  as market  falls,https://economictimes.indiatimes.com/markets/stocks/stock-watch/stock-market-update-fmcg-stocks-down-as-market-falls/articleshow/106899889.cms,indiatimes.com,MATCHER_REJECTED
20240116123000-202,20240116123000,Stock Market Sectors: Stock market update: Fertilisers stocks  mixed  as market  falls,https://economictimes.indiatimes.com/markets/stocks/stock-watch/stock-market-update-fertilisers-stocks-mixed-as-market-falls/articleshow/106900262.cms,indiatimes.com,MATCHER_REJECTED
20240116123000-1235,20240116123000,Stock Market Sectors: Stock market update: Power stocks  down  as market  falls,https://economictimes.indiatimes.com/markets/stocks/stock-watch/stock-market-update-power-stocks-down-as-market-falls/articleshow/106900446.cms,indiatimes.com,MATCHER_REJECTED
20240116123000-1479,20240116123000,Stock markets end 5-day winning run on profit-taking in IT stocks weak global cues,https://www.theweek.in/wire-updates/business/2024/01/16/del46-biz-ld-stocks.html,theweek.in,MATCHER_REJECTED
20240116133000-1366,20240116133000,Sensex down 199 points on profit-taking in IT stocks,https://www.rediff.com/business/report/sensex-down-199-points-on-profit-taking-in-it-stocks/20240116.htm,rediff.com,MATCHER_REJECTED
20240116133000-879,20240116133000,"Stock markets end 5-day winning run on profit-taking in IT stocks, weak global cues",https://www.tribuneindia.com/news/business/stock-markets-end-5-day-winning-run-on-profit-taking-in-it-stocks-weak-global-cues-581772,tribuneindia.com,MATCHER_REJECTED
20240116150000-355,20240116150000,MEED | RTA tenders Dubai Metro Blue Line,https://www.meed.com:443/rta-issues-dubai-metro-blue-line-tender,meed.com,MATCHER_REJECTED
20240116153000-271,20240116153000,"Stock markets end 5-day winning run on profit-taking in IT stocks, weak global cues",https://www.thehindubusinessline.com/markets/stock-markets-end-5-day-winning-run-on-profit-taking-in-it-stocks-weak-global-cues/article67744303.ece,thehindubusinessline.com,MATCHER_REJECTED
20240116154500-2169,20240116154500,"India Cybersecurity Market Report 2023: Analysis,",https://www.globenewswire.com/news-release/2024/01/16/2810072/0/en/India-Cybersecurity-Market-Report-2023-Analysis-Competition-Forecasts-Opportunities-2019-2029F.html,globenewswire.com,MATCHER_REJECTED
20240116173000-655,20240116173000,L & T bags mega order for the Mumbai Ahmedabad High Speed Rail Project,https://bilkulonline.com/2024/01/16/l-t-bags-mega-order-for-the-mumbai-ahmedabad-high-speed-rail-project/,bilkulonline.com,MATCHER_REJECTED
20240116181500-1894,20240116181500,Japan's Sojitz lands order for Indian high-speed rail equipment,https://biztoc.com/x/901b2c055ef7497e,biztoc.com,MATCHER_REJECTED
20240117001500-599,20240117001500,"Stock markets end 5-day winning run on profit-taking in IT stocks, weak global cues",https://www.dailyexcelsior.com/stock-markets-end-5-day-winning-run-on-profit-taking-in-it-stocks-weak-global-cues/,dailyexcelsior.com,MATCHER_REJECTED
20240117033000-384,20240117033000,Ayodhya: A Tale Of Transformation As Ram Mandir Inauguration Nears,https://www.outlookindia.com/national/ayodhya-a-tale-of-transformation-as-ram-mandir-inauguration-nears--news-343451,outlookindia.com,MATCHER_REJECTED
20240117044500-525,20240117044500,The Ram Temple is about to open in India. Why is it making waves in Australia?,https://www.sbs.com.au/language/hindi/en/article/the-ram-temple-is-about-to-open-in-india-why-is-it-making-waves-in-australia/osafjs1ta,sbs.com.au,MATCHER_REJECTED
20240117050000-472,20240117050000,Stock Market Sectors: Stock market update: Fertilisers stocks  down  as market  falls,https://economictimes.indiatimes.com/markets/stocks/stock-watch/stock-market-update-fertilisers-stocks-down-as-market-falls/articleshow/106915341.cms,indiatimes.com,MATCHER_REJECTED
20240117053000-854,20240117053000,Stock Market Sectors: Stock market update: Sugar stocks  down  as market  falls,https://economictimes.indiatimes.com/markets/stocks/stock-watch/stock-market-update-sugar-stocks-down-as-market-falls/articleshow/106916160.cms,indiatimes.com,MATCHER_REJECTED
20240117060000-346,20240117060000,Stock Market Sectors: Stock market update: Power stocks  up  as market  falls,https://economictimes.indiatimes.com/markets/stocks/stock-watch/stock-market-update-power-stocks-up-as-market-falls/articleshow/106917026.cms,indiatimes.com,MATCHER_REJECTED
20240117060000-955,20240117060000,share market: Share market update: Most active stocks on D-Street today in terms of volume,https://economictimes.indiatimes.com/markets/stocks/stock-watch/share-market-update-most-active-stocks-on-d-street-today-in-terms-of-volume/articleshow/106917470.cms,indiatimes.com,MATCHER_REJECTED
20240117074500-1169,20240117074500,Can India's Zorawar Match China's ZTQ-15?,https://www.rediff.com/news/special/can-indias-zorawar-match-chinas-ztq-15/20240117.htm,rediff.com,MATCHER_REJECTED
20240117113000-618,20240117113000,"Stock market | Stock markets in free-fall: Sensex tanks 1,628 points on sharp losses in banking, oil shares",https://www.telegraphindia.com/business/stock-markets-in-free-fall-sensex-tanks-1628-points-on-sharp-losses-in-banking-oil-shares/cid/1994403,telegraphindia.com,MATCHER_REJECTED
20240117113000-1264,20240117113000,"Stock market | Stock markets in free-fall: Sensex tanks 1,628 points on sharp losses in banking, oil shares",https://www.telegraphindia.com/feeds/business/stock-markets-in-free-fall-sensex-tanks-1628-points-on-sharp-losses-in-banking-oil-shares/cid/1994403,telegraphindia.com,MATCHER_REJECTED
20240117120000-1344,20240117120000,DRDO rolls out light tank prototype,https://www.janes.com/defence-news/drdo-rolls-out-light-tank-prototype/,janes.com,MATCHER_REJECTED
20240117120000-1226,20240117120000,"Stock markets in free-fall: Sensex tanks 1,628 pts on sharp losses in banking, oil shares",https://www.dailypioneer.com/2024/business/stock-markets-in-free-fall--sensex-tanks-1-628-pts-on-sharp-losses-in-banking--oil-shares.html,dailypioneer.com,MATCHER_REJECTED
20240117121500-129,20240117121500,"Stock markets in free-fall: Sensex tanks 1,628 points, biggest losers...",https://www.tribuneindia.com/news/business/stock-markets-in-free-fall-sensex-tanks-1-628-pts-on-sharp-losses-in-banking-oil-shares-582114,tribuneindia.com,MATCHER_REJECTED
20240117123000-690,20240117123000,"Stock markets in free-fall: Sensex tanks 1,628 points on sharp losses in banking, oil shares",https://www.thehindu.com/business/markets/stock-markets-in-free-fall-sensex-tanks-1628-points-on-sharp-losses-in-banking-oil-shares/article67748252.ece,thehindu.com,MATCHER_REJECTED
20240117124500-1205,20240117124500,Dubai issues tender for Blue Line metro,https://www.railjournal.com/regions/middle-east/dubai-issues-tender-for-blue-line-metro/,railjournal.com,MATCHER_REJECTED
20240117144500-1331,20240117144500,LTIMindtree Delivers 3.5% YoY USD Revenue Growth,https://www.marketscreener.com/quote/stock/LTIMINDTREE-LIMITED-31496899/news/LTIMindtree-Delivers-3-5-YoY-USD-Revenue-Growth-45758453/,marketscreener.com,MATCHER_REJECTED
20240117150000-1381,20240117150000,Ayodhya Ram mandir: The cost and the funding&#xA0; - The Hindu BusinessLine,https://www.thehindubusinessline.com/data-stories/data-focus/ayodhya-ram-mandir-the-cost-and-the-funding/article67748796.ece,thehindubusinessline.com,MATCHER_REJECTED
20240117153000-1778,20240117153000,"Stock Markets In Free-fall: Sensex Tanks 1,628 Points On Sharp Losses In Banking, Oil Shares",https://zeenews.india.com/markets/stock-markets-in-free-fall-sensex-tanks-1628-points-on-sharp-losses-in-banking-oil-shares-2710645.html,india.com,MATCHER_REJECTED
20240117193000-1989,20240117193000,LTIMindtree Delivers 3.5% YoY USD Revenue Growth,https://www.lelezard.com/en/news-21221049.html,lelezard.com,MATCHER_REJECTED
20240117194500-1509,20240117194500,LTIMindtree Delivers 3.5% YoY USD Revenue Growth,http://www.itnewsonline.com/BusinessWire/LTIMindtree-Delivers-3.5Percent-YoY-USD-Revenue-Growth/32454,itnewsonline.com,MATCHER_REJECTED
20240117201500-103,20240117201500,Bloodbath on Dalal Street,https://www.dailypioneer.com/2024/page1/bloodbath-on-dalal-street.html,dailypioneer.com,MATCHER_REJECTED
20240117230000-1089,20240117230000,"Temple is flood, quake resistant, says architect",https://indianexpress.com/article/cities/ahmedabad/temple-is-flood-quake-resistant-says-architect-9114689/,indianexpress.com,MATCHER_REJECTED
20240118003000-1612,20240118003000,"Managed Application Services Market 2024 | Share, Size, Trends, Forecast And Analysis Of Key Players 2032",https://menafn.com/1107732394/Managed-Application-Services-Market-2024-Share-Size-Trends-Forecast-And-Analysis-Of-Key-Players-2032,menafn.com,MATCHER_REJECTED
20240118023000-368,20240118023000,"Stock markets in free-fall: Sensex tanks 1,628 pts on sharp losses in banking, oil shares",https://www.dailyexcelsior.com/stock-markets-in-free-fall-sensex-tanks-1628-pts-on-sharp-losses-in-banking-oil-shares/,dailyexcelsior.com,MATCHER_REJECTED
20240118060000-646,20240118060000,Stock Market Sectors: Stock market update: Mining stocks  down  as market  falls,https://economictimes.indiatimes.com/markets/stocks/stock-watch/stock-market-update-mining-stocks-down-as-market-falls/articleshow/106946822.cms,indiatimes.com,MATCHER_REJECTED
20240118073000-973,20240118073000,Ram Mandir inauguration date draws closer: Find out the top stocks with Ayodhya Connection to bet on - Market News,https://www.financialexpress.com/market/ram-mandir-inauguration-date-draws-closer-find-out-the-top-stocks-with-ayodhya-connection-to-bet-on-3367769/,financialexpress.com,MATCHER_REJECTED
20240118084500-932,20240118084500,A disastrous friendship: The dangerous political economy of India's support for Israel,https://links.org.au/disastrous-friendship-dangerous-political-economy-indias-support-israel,links.org.au,MATCHER_REJECTED
20240118104500-430,20240118104500,"MC Interview | Infra co boards reluctant to invest, revamp of PPP model may help assuage concerns: Vinayak Chatterjee",https://www.moneycontrol.com/news/interview/mc-interview-infra-co-boards-reluctant-to-invest-revamp-of-ppp-model-may-help-assuage-concerns-vinayak-chatterjee-12078021.html,moneycontrol.com,MATCHER_REJECTED
20240118114500-146,20240118114500,Stock Market Sectors: Stock market update: Mining stocks  down  as market  falls,https://economictimes.indiatimes.com/markets/stocks/stock-watch/stock-market-update-mining-stocks-down-as-market-falls/articleshow/106959024.cms,indiatimes.com,MATCHER_REJECTED
20240118114500-236,20240118114500,Stock Market Sectors: Stock market update: Sugar stocks  down  as market  falls,https://economictimes.indiatimes.com/markets/stocks/stock-watch/stock-market-update-sugar-stocks-down-as-market-falls/articleshow/106959454.cms,indiatimes.com,MATCHER_REJECTED
20240118120000-255,20240118120000,Stock markets in free-fall Sensex tanks 1 628 pts on sharp losses in banking oil shares,https://www.theweek.in/wire-updates/business/2024/01/17/del36-biz-stocks-close.html,theweek.in,MATCHER_REJECTED
20240118120000-273,20240118120000,Stock markets fall for 3rd day on profit-taking HDFC Bank major drag,https://www.theweek.in/wire-updates/business/2024/01/18/del46-biz-stocks-close.html,theweek.in,MATCHER_REJECTED
20240118121500-989,20240118121500,Stock Market Sectors: Stock market update: Fertilisers stocks  down  as market  falls,https://economictimes.indiatimes.com/markets/stocks/stock-watch/stock-market-update-fertilisers-stocks-down-as-market-falls/articleshow/106960672.cms,indiatimes.com,MATCHER_REJECTED
20240118121500-876,20240118121500,Stock markets fall for third day on profit-taking; HDFC Bank falls by more than 3%,https://www.thehindu.com/business/markets/stock-markets-fall-for-third-day-on-profit-taking-hdfc-bank-falls-by-more-than-3/article67751939.ece,thehindu.com,MATCHER_REJECTED
20240118123000-687,20240118123000,"Sensex | Stock markets fall for third day on profit-taking, HDFC Bank major drag",https://www.telegraphindia.com/feeds/business/stock-markets-fall-for-third-day-on-profit-taking-hdfc-bank-major-drag/cid/1994644,telegraphindia.com,MATCHER_REJECTED
20240118130000-1019,20240118130000,"Sensex | Stock markets fall for third day on profit-taking, HDFC Bank major drag",https://www.telegraphindia.com/business/stock-markets-fall-for-third-day-on-profit-taking-hdfc-bank-major-drag/cid/1994644,telegraphindia.com,MATCHER_REJECTED
20240118131500-1672,20240118131500,"Nuclear Power Plant Equipment Market to Surpass USD 20.88 Billion by 2030, Driven by Rising Demand for Clean Energy",https://energy.einnews.com/pr_news/682140876/nuclear-power-plant-equipment-market-to-surpass-usd-20-88-billion-by-2030-driven-by-rising-demand-for-clean-energy,einnews.com,MATCHER_REJECTED
20240118131500-1604,20240118131500,"Stock markets fall for 3rd day on profit-taking, HDFC Bank major drag",https://www.thehindubusinessline.com/markets/stock-markets-fall-for-3rd-day-on-profit-taking-hdfc-bank-major-drag/article67751886.ece,thehindubusinessline.com,MATCHER_REJECTED
20240118133000-1248,20240118133000,"Stone from Rajasthan, granite from Telangana: The under-construction Ram Temple has pan-India appeal",https://www.financialexpress.com/india-news/stone-from-rajasthan-granite-from-telangana-ram-temple-has-pan-india-appeal-ayodhya/3368348/,financialexpress.com,MATCHER_REJECTED
20240118141500-1496,20240118141500,"Stock markets fall for 3rd day on profit-taking, HDFC Bank major drag",https://www.tribuneindia.com/news/business/stock-markets-fall-for-3rd-day-on-profit-taking-hdfc-bank-major-drag-582413,tribuneindia.com,MATCHER_REJECTED
20240118141500-890,20240118141500,Sensex ends down 314 points; HDFC Bank major drag,https://www.rediff.com/business/report/sensex-ends-down-314-points-hdfc-bank-major-drag/20240118.htm,rediff.com,MATCHER_REJECTED
20240118144500-1316,20240118144500,"India to Unveil ""Zorawar"" Indigenous Light Tank at Defexpo 2024 &#x2013; Indian Defence Research Wing",https://idrw.org/india-to-unveil-zorawar-indigenous-light-tank-at-defexpo-2024/,idrw.org,MATCHER_REJECTED
20240118151500-1279,20240118151500,"Ukraine conflict: France to send AASM guided bombs and more SCALP EG missiles, Germany refuses Taurus",https://www.janes.com/defence-news/defence/latest/ukraine-conflict-france-to-send-aasm-guided-bombs-and-more-scalp-eg-missiles-germany-refuses-taurus,janes.com,MATCHER_REJECTED
20240119011500-733,20240119011500,"LTIMindtree CEO: Margin guidance won't hold up this fiscal, says LTIMindtree's Debashis Chatterjee",https://economictimes.indiatimes.com/tech/technology/margin-expectations-at-the-beginning-of-the-year-wont-hold-up-this-fiscal-ltimindtree-ceo/articleshow/106965569.cms,indiatimes.com,MATCHER_REJECTED
20240119040000-34,20240119040000,Middle East contracting heavyweight shrugs off Red Sea risk for its oil and gas projects,https://www.upstreamonline.com/field-development/middle-east-contracting-heavyweight-shrugs-off-red-sea-risk-for-its-oil-and-gas-projects/2-1-1585678,upstreamonline.com,MATCHER_REJECTED
20240119044500-291,20240119044500,"Stock Market Live Updates: Sensex and Nifty rebound after three-day slump, tracking Asian gains",https://www.thehindubusinessline.com/markets/share-market-nifty-sensex-live-updates-19-january-2024/article67752291.ece,thehindubusinessline.com,MATCHER_REJECTED
20240119060000-905,20240119060000,"Stock Market Updates: Sensex Jumps 600 Pts, Nifty Trades Above 21,600",https://www.news18.com/business/stock-market-updates-today-india-sensex-nifty50-live-8745881.html,news18.com,MATCHER_REJECTED
20240119081500-1143,20240119081500,Ma'aden announces start of commercial production at Mansoura Massarah gold mine factory,https://www.zawya.com/en/projects/mining/maaden-announces-start-of-commercial-production-at-mansoura-massarah-gold-mine-factory-p3lwph5j,zawya.com,MATCHER_REJECTED
20240119101500-T35,20240119101500,"Multibagger Stocks 2024,&#x905;&#x92F;&#x94B;&#x927;&#x94D;&#x92F;&#x93E; &#x92E;&#x947;&#x902; &#x930;&#x93E;&#x92E; &#x92E;&#x902;&#x926;&#x93F;&#x930; &#x916;&#x941;&#x932;&#x928;&#x947; &#x938;&#x947; &#x92A;&#x939;&#x932;&#x947; &#x92F;&#x947; &#x936;&#x947;&#x92F;&#x930; &#x92E;&#x91A;&#x93E; &#x930;&#x939;&#x947; &#x924;&#x942;&#x92B;&#x93E;&#x928;, &#x916;&#x930;&#x940;&#x926;&#x928;&#x947; &#x915;&#x947; &#x932;&#x93F;&#x90F; &#x91F;&#x942;&#x91F; &#x92A;&#x921;&#x93C;&#x947; &#x928;&#x93F;&#x935;&#x947;&#x936;&#x915;, &#x926;&#x947; &#x930;&#x939;&#x947; &#x91B;&#x92A;&#x94D;&#x92A;&#x930;&#x92B;&#x93E;&#x921;&#x93C; &#x930;&#x93F;&#x91F;&#x930;&#x94D;&#x928; - ayodhya ram mandir inauguration on 22 january 2024 these stocks in focus",https://navbharattimes.indiatimes.com/business/share-market/share-news/ayodhya-ram-mandir-inauguration-on-22-january-2024-these-stocks-in-focus/articleshow/106985616.cms,indiatimes.com,MATCHER_REJECTED
20240119103000-931,20240119103000,Ayodhya Ram temple: What is the cost of making the mandir? - News Today,https://newstodaynet.com/2024/01/19/ayodhya-ram-temple-what-is-the-cost-of-making-the-mandir/,newstodaynet.com,MATCHER_REJECTED
20240119110000-536,20240119110000,Stock markets recover after 3 days of loss ICICI Airtel major movers,https://www.theweek.in/wire-updates/business/2024/01/19/del48-biz-stocks-close.html,theweek.in,MATCHER_REJECTED
20240119111500-122,20240119111500,"Stock markets recover after three days of loss; ICICI, Airtel major movers",https://www.orissapost.com/stock-markets-recover-after-three-days-of-loss-icici-airtel-major-movers/,orissapost.com,MATCHER_REJECTED
20240119120000-125,20240119120000,"Stock markets recover after 3 days of loss; ICICI, Airtel major gainers",https://www.tribuneindia.com/news/business/stock-markets-recover-after-3-days-of-loss-icici-airtel-major-gainers-582745,tribuneindia.com,MATCHER_REJECTED
20240119121500-704,20240119121500,"Stock markets recover after 3 days of loss; ICICI, Airtel major movers",https://www.thehindu.com/business/markets/stock-markets-recover-after-3-days-of-loss-icici-airtel-major-movers/article67755989.ece,thehindu.com,MATCHER_REJECTED
20240119130000-1043,20240119130000,"Sensex jumps 496 points; ICICI, Airtel major movers",https://www.rediff.com/business/report/sensex-jumps-496-points-icici-airtel-major-movers/20240119.htm,rediff.com,MATCHER_REJECTED
20240119131500-1187,20240119131500,"Share Market Highlights 19 January 2024: Indices rebound after three-day slump; Nifty settles above 21,600",https://www.thehindubusinessline.com/markets/stock-market-highlights-19-january-2024/article67752291.ece,thehindubusinessline.com,MATCHER_REJECTED
20240119133000-1089,20240119133000,"Sensex | Stock markets recover after 3 days of loss; ICICI, Airtel major movers",https://www.telegraphindia.com/feeds/business/stock-markets-recover-after-3-days-of-loss-icici-airtel-major-movers/cid/1994909,telegraphindia.com,MATCHER_REJECTED
20240119134500-958,20240119134500,Taking on the Ocean: Lessons From Atal Setu For Viksit Bharat,https://www.news18.com/opinion/opinion-taking-on-the-ocean-lessons-from-atal-setu-for-viksit-bharat-8745129.html,news18.com,MATCHER_REJECTED
20240119143000-566,20240119143000,Investors become richer by Rs 4 lakh crore as markets bounce back after three-day fall,https://timesofindia.indiatimes.com/business/india-business/investors-become-richer-by-rs-4-lakh-crore-as-markets-bounce-back-after-three-day-fall/articleshow/106993787.cms,indiatimes.com,MATCHER_REJECTED
20240119144500-220,20240119144500,"Sensex Rebounds 496 Points On Value Buying In Oil, Metal Shares; Snaps 3-day Losing Run",https://zeenews.india.com/markets/sensex-rebounds-496-points-on-value-buying-in-oil-metal-shares-snaps-3-day-losing-run-2711492.html,india.com,MATCHER_REJECTED
20240119150000-1631,20240119150000,"Sensex | Stock markets recover after 3 days of loss; ICICI, Airtel major movers",https://www.telegraphindia.com/business/stock-markets-recover-after-3-days-of-loss-icici-airtel-major-movers/cid/1994909,telegraphindia.com,MATCHER_REJECTED
20240119194500-385,20240119194500,"Stock markets recover after 3 days of loss; ICICI, Airtel major movers",https://www.dailyexcelsior.com/stock-markets-recover-after-3-days-of-loss-icici-airtel-major-movers/,dailyexcelsior.com,MATCHER_REJECTED
20240119214500-T1894,20240119214500,&#x930;&#x94B;&#x92E;-&#x930;&#x94B;&#x92E; &#x92E;&#x947;&#x902; &#x905;&#x902;&#x924;&#x930;&#x94D;&#x92E;&#x941;&#x916;&#x940; &#x930;&#x93E;&#x92E; &#x915;&#x94B; &#x92A;&#x939;&#x91A;&#x93E;&#x928;&#x947;&#x902; &#x932;&#x94B;&#x917;,https://www.divyahimachal.com/2024/01/people-should-recognize-the-introverted-ram-in-every-pore/,divyahimachal.com,MATCHER_REJECTED
20240120041500-T841,20240120041500,"Stock Market Live Updates 20 Jan 2024 bse sensex crossed 72000 mark updates - Stock Market Live Updates 20 Jan 2024: &#x924;&#x947;&#x91C;&#x940; &#x915;&#x947; &#x938;&#x93E;&#x925; &#x916;&#x941;&#x932;&#x93E; &#x936;&#x947;&#x92F;&#x930; &#x92C;&#x93E;&#x91C;&#x93E;&#x930;, &#x938;&#x947;&#x902;&#x938;&#x947;&#x915;&#x94D;&#x938; &#x92B;&#x93F;&#x930; 72,000 &#x915;&#x947; &#x92A;&#x93E;&#x930;, Business News",https://www.livehindustan.com/business/story-stock-market-live-updates-20-jan-2024-bse-sensex-crossed-72000-mark-updates-9225259.html,livehindustan.com,MATCHER_REJECTED
20240120054500-542,20240120054500,"Who is Chandrakant Sompura, the visionary architect behind the Ram Temple in Ayodhya?",https://www.firstpost.com/explainers/who-is-chandrakant-sompura-the-visionary-architect-behind-the-ram-temple-in-ayodhya-13627922.html,firstpost.com,MATCHER_REJECTED
20240120121500-591,20240120121500,Share Market Highlights 20 January 2024: Sensex and Nifty close lower in weekend trading,https://www.thehindubusinessline.com/markets/stock-market-highlights-20-january-2024/article67757092.ece,thehindubusinessline.com,MATCHER_REJECTED
20240121043000-45,20240121043000,"Ram Temple, Pran Pratistha, ISRO: A View Of Ram Temple From Space, Courtesy India's Swadeshi Satellites",https://www.ndtv.com/india-news/ram-temple-pran-pratistha-isro-a-view-of-ram-temple-from-space-courtesy-indias-swadeshi-satellites-4902766,ndtv.com,MATCHER_REJECTED
20240121063000-150,20240121063000,"New Ayodhya: Temple Town, Tinseltown",https://www.outlookindia.com/national/new-ayodhya-temple-town-tinseltown-magazine-344297,outlookindia.com,MATCHER_REJECTED
20240121090000-516,20240121090000,Ayodhya Ram Mandir: ISRO Shows Ram Temple From Space Using India's Indigenous Satellites,https://www.indiatimes.com/news/india/ayodhya-ram-mandir-isro-shows-ram-temple-from-space-using-indias-indigenous-satellites-625708.html,indiatimes.com,MATCHER_REJECTED
20240121123000-458,20240121123000,"Ayodhya Ram Temple: Outer Wall, 6 Temples, 2 Idols: Sneak Peek Into Ram Mandir Complex",https://www.ndtv.com/india-news/ayodhya-ram-temple-outer-wall-6-temples-2-idols-sneak-peek-into-ram-mandir-complex-4904682,ndtv.com,MATCHER_REJECTED
20240121171500-251,20240121171500,Ram Janmbhoomi Mandir Is Built To Last A Thousand Years Says L T - BW Businessworld,https://www.businessworld.in/article/Ram-Janmbhoomi-Mandir-Is-Built-To-Last-A-Thousand-Years-Says-L-T/21-01-2024-507113/,businessworld.in,MATCHER_REJECTED
20240122040000-698,20240122040000,ISRO Plans Privatization of LVM3 Rocket Manufacturing,https://www.siliconindia.com/news/general/isro-plans-privatization-of-lvm3-rocket-manufacturing-nid-227511-cid-1.html,siliconindia.com,MATCHER_REJECTED
20240122053000-791,20240122053000,Ayodhya Ram Mandir inauguration: Learn the cost of constructing with rare images,https://www.moneycontrol.com/news/trends/current-affairs/ayodhya-ram-mandir-inauguration-learn-the-cost-of-constructing-with-rare-images-12099631.html,moneycontrol.com,MATCHER_REJECTED
20240122090000-531,20240122090000,Ayodhya temple inauguration impact: These stocks yield almost 150% in one month,https://www.financialexpress.com/market/ayodhya-temple-inauguration-impact-these-stocks-yield-almost-150-in-one-month-3371162/,financialexpress.com,MATCHER_REJECTED
20240122100000-190,20240122100000,A Construction So Strong! Ayodhya Ram Janmabhoomi Mandir Built To Last A 1000 Years,https://zeenews.india.com/companies/a-construction-so-strong-ayodhya-ram-janmabhoomi-mandir-built-to-last-a-1000-years-2712616.html,india.com,MATCHER_REJECTED
20240122101500-517,20240122101500,Amul celebrates historic Ram Temple inauguration with creative doodle: 'Temple of a billion hopes',https://www.moneycontrol.com/news/trends/amul-celebrates-historic-ram-temple-inauguration-with-creative-doodle-temple-of-a-billion-hopes-12102341.html,moneycontrol.com,MATCHER_REJECTED
20240122123000-1298,20240122123000,Ram Mandir from Space: ISRO shares captivating satellite images of the grand Mandir,https://organiser.org/2024/01/22/217599/bharat/ram-mandir-from-space-isro-shares-captivating-satellite-images-of-the-grand-mandir/,organiser.org,MATCHER_REJECTED
20240122130000-291,20240122130000,PM Modi inaugurates Hindu Temple on controversial site in North India,https://thesun.my/world/pm-modi-inaugurates-hindu-temple-on-controversial-site-in-north-india-HC12013554,thesun.my,MATCHER_REJECTED
20240122133000-1121,20240122133000,General Knowledge: Ayodhya Ram Temple Questions That Can Be Asked In Competitive Exams,https://www.news18.com/education-career/general-knowledge-ayodhya-ram-temple-questions-that-can-be-asked-in-competitive-exams-8750501.html,news18.com,MATCHER_REJECTED
20240123023000-1275,20240123023000,"Stocks that will see action today: January 23, 2024 - The Hindu BusinessLine",https://www.thehindubusinessline.com/markets/stocks-that-will-see-action-today-january-23-2024/article67766587.ece,thehindubusinessline.com,MATCHER_REJECTED
20240123070000-985,20240123070000,Stock Market Live Updates: Sensex and Nifty turn volatile despite positive start; analysts warn of increased selling,https://www.thehindubusinessline.com/markets/share-market-nifty-sensex-live-updates-23-january-2024/article67762366.ece,thehindubusinessline.com,MATCHER_REJECTED
20240123100000-902,20240123100000,"Meet man, runs Rs 491000 crore firm that constructed Ayodhya Ram Temple, was hired in 1984, his salary was&#x2026;",https://www.dnaindia.com/business/report-meet-man-runs-rs-491000-crore-firm-that-constructed-ayodhya-ram-temple-was-hired-in-1984-his-salary-was-3075384,dnaindia.com,MATCHER_REJECTED
20240123110000-1065,20240123110000,"Stock market today: Nifty 50, Sensex fall over 1.5%; mid, smallcaps bleed",https://www.livemint.com/market/stock-market-news/stock-market-today-nifty-50-sensex-fall-over-1-5-mid-smallcaps-bleed-investors-lose-nearly-9-lakh-crore-in-a-day-11706002885960.html,livemint.com,MATCHER_REJECTED
20240123123000-1083,20240123123000,"Zee, Ircon, RITES shares top losers in today's crash, tank up to 33%",https://economictimes.indiatimes.com/markets/stocks/news/zee-ircon-rites-shares-top-losers-in-todays-crash-tank-up-to-33/articleshow/107085461.cms,indiatimes.com,MATCHER_REJECTED
20240123130000-110,20240123130000,Top Mobile App Development Companies in India 2024-25,https://www.livemint.com/brand-stories/top-mobile-app-development-companies-in-india-202425-11695806575910.html,livemint.com,MATCHER_REJECTED
20240123133000-1899,20240123133000,Ram Temple a milestone for UP towards $1-trillion economy: CM Yogi,https://www.thestatesman.com/india/ram-temple-a-milestone-for-up-towards-1-trillion-economy-cm-yogi-1503262559.html,thestatesman.com,MATCHER_REJECTED
20240123144500-503,20240123144500,'Ayodhya to play vital role in making U.P. trillion-dollar economy',https://www.hindustantimes.com/cities/lucknow-news/ayodhya-to-play-vital-role-in-making-u-p-trillion-dollar-economy-101706019200006.html,hindustantimes.com,MATCHER_REJECTED
20240123160000-1821,20240123160000,Ayodhya's Ram Temple will prove to be milestone in achieving USD 1 trillion economy goal of CM Yogi,https://www.aninews.in/news/national/general-news/ayodhyas-ram-temple-will-prove-to-be-milestone-in-achieving-usd-1-trillion-economy-goal-of-cm-yogi20240123184646/,aninews.in,MATCHER_REJECTED
20240123164500-2291,20240123164500,Ayodhya's Ram Temple will prove to be milestone in achieving USD 1 trillion economy goal of CM Yogi,https://aninews.in/news/national/general-news/ayodhyas-ram-temple-will-prove-to-be-milestone-in-achieving-usd-1-trillion-economy-goal-of-cm-yogi20240123184646/,aninews.in,MATCHER_REJECTED
20240123173000-T617,20240123173000,"CM Yogi changed the picture of Ayodhya Ram temple will change the fate of UP many reports claim - &#x938;&#x940;&#x90F;&#x92E; &#x92F;&#x94B;&#x917;&#x940; &#x928;&#x947; &#x92C;&#x926;&#x932;&#x940; &#x905;&#x92F;&#x94B;&#x927;&#x94D;&#x92F;&#x93E; &#x915;&#x940; &#x924;&#x938;&#x94D;&#x935;&#x940;&#x930;, &#x930;&#x93E;&#x92E; &#x92E;&#x902;&#x926;&#x93F;&#x930; &#x910;&#x938;&#x947; &#x92C;&#x926;&#x932;&#x947;&#x917;&#x93E; &#x92F;&#x942;&#x92A;&#x940; &#x915;&#x940; &#x924;&#x915;&#x926;&#x940;&#x930;, &#x915;&#x908; &#x930;&#x93F;&#x92A;&#x94B;&#x930;&#x94D;&#x91F; &#x92E;&#x947;&#x902; &#x926;&#x93E;&#x935;&#x93E;, &#x909;&#x924;&#x94D;&#x924;&#x930; &#x92A;&#x94D;&#x930;&#x926;&#x947;&#x936; &#x928;&#x94D;&#x92F;&#x942;&#x91C;",https://www.livehindustan.com/uttar-pradesh/story-cm-yogi-changed-the-picture-of-ayodhya-ram-temple-will-change-the-fate-of-up-many-reports-claim-9239701.html,livehindustan.com,MATCHER_REJECTED
20240123181500-1761,20240123181500,India's statistics system has been a mess. The PMO is looking in.,https://www.livemint.com/politics/policy/indias-statistics-system-has-been-a-mess-the-pmo-is-looking-in-11706021538376.html,livemint.com,MATCHER_REJECTED
20240123220000-447,20240123220000,"Sensex crashes by 1,053 pts and Nifty sheds 333 pts amidst heavy selloff",https://www.domain-b.com/markets/investment-general/sensex-crashes-by-1-053-pts-and-nifty-sheds-333-pts-amidst-heavy-selloff,domain-b.com,MATCHER_REJECTED
20240123221500-T527,20240123221500,"SBI &#x930;&#x93F;&#x92A;&#x94B;&#x930;&#x94D;&#x91F; &#x915;&#x93E; &#x926;&#x93E;&#x935;&#x93E;&#x903; &#x930;&#x93E;&#x92E; &#x92E;&#x902;&#x926;&#x93F;&#x930; &#x938;&#x947; UP &#x92E;&#x947;&#x902; &#x91F;&#x942;&#x930;&#x93F;&#x91C;&#x94D;&#x92E; &#x915;&#x94B; &#x92E;&#x93F;&#x932;&#x947;&#x917;&#x93E; &#x92C;&#x942;&#x938;&#x94D;&#x91F;, &#x938;&#x93E;&#x932;&#x93E;&#x928;&#x93E; 25 &#x939;&#x91C;&#x93E;&#x930; &#x915;&#x930;&#x94B;&#x921;&#x93C; &#x915;&#x940; &#x939;&#x94B;&#x917;&#x940; &#x915;&#x92E;&#x93E;&#x908; - sbi report claims ram temple will boost tourism in up",https://www.punjabkesari.in/national/news/sbi-report-claims-ram-temple-will-boost-tourism-in-up-1932559,punjabkesari.in,MATCHER_REJECTED
20240124063000-653,20240124063000,"Stock Market Live Updates: Market rebounds 0.50% amid volatility, but analysts warn of selling pressure",https://www.thehindubusinessline.com/markets/share-market-nifty-sensex-live-updates-24-january-2024/article67768511.ece,thehindubusinessline.com,MATCHER_REJECTED
20240124084500-701,20240124084500,Uttar Pradesh: Ayodhya's grand Ram Mandir paves the way; CM Yogi Adityanath eyes USD 1 trillion economic triumph,https://organiser.org/2024/01/24/217974/bharat/uttar-pradesh-ayodhyas-grand-ram-mandir-paves-the-way-cm-yogi-adityanath-eyes-usd-1-trillion-economic-triumph/,organiser.org,MATCHER_REJECTED
20240124151500-1282,20240124151500,"Share Market Highlights 24 January 2024: Sensex closes over 650 pts higher; Nifty above 21,450; Media stocks shine",https://www.thehindubusinessline.com/markets/stock-market-highlights-24-january-2024/article67768511.ece,thehindubusinessline.com,MATCHER_REJECTED
20240124181500-309,20240124181500,"Arizton Advisory & Intelligence: More than $190 Billion Investment Opportunities in the Global Hyperscale Data Center Market in 2028, 7118 MW Power Capacity to be Added in the Next 6 Years",https://www.finanznachrichten.de/nachrichten-2024-01/61221650-arizton-advisory-intelligence-more-than-dollar-190-billion-investment-opportunities-in-the-global-hyperscale-data-center-market-in-2028-7118-mw-power-ca-008.htm,finanznachrichten.de,MATCHER_REJECTED
20240124181500-1579,20240124181500,"More than $190 Billion Investment Opportunities in the Global Hyperscale Data Center Market in 2028, 7118 MW Power Capacity to be Added in the Next 6 Years",https://www.prnewswire.com/news-releases/more-than-190-billion-investment-opportunities-in-the-global-hyperscale-data-center-market-in-2028-7118-mw-power-capacity-to-be-added-in-the-next-6-years---arizton-302043184.html,prnewswire.com,MATCHER_REJECTED
20240124214500-1449,20240124214500,"More than $190 Billion Investment Opportunities in the Global Hyperscale Data Center Market in 2028, 7118 MW Power Capacity to be Added in the Next 6 Years",https://www.tmcnet.com/usubmit/2024/01/24/9951827.htm,tmcnet.com,MATCHER_REJECTED
20240125031500-1148,20240125031500,"Gajender Singh Drall And Ors vs Govt Of Nct Of Delhi And Ors on 24 January, 2024",https://indiankanoon.org/doc/59041425/,indiankanoon.org,MATCHER_REJECTED
20240125031500-654,20240125031500,"Yudhvir Singh & Anr vs Govt. Of Nct Of Dlehi & Ors on 24 January, 2024",https://indiankanoon.org/doc/51532037/,indiankanoon.org,MATCHER_REJECTED
20240125033000-696,20240125033000,"Ram Mandir in Ayodhya to boost rally in 10 stocks: IndiGo, Taj Hotels, Dominos to gain",https://www.moneycontrol.com/news/business/markets/ram-mandir-in-ayodhya-to-boost-rally-in-10-stocks-indigo-taj-hotels-dominos-to-gain-12121021.html,moneycontrol.com,MATCHER_REJECTED
20240125073000-832,20240125073000,Invesco Asia Trust Plc - Half-year Report,https://www.marketscreener.com/quote/stock/INVESCO-ASIA-TRUST-PLC-4002044/news/Invesco-Asia-Trust-Plc-Half-year-Report-45808262/,marketscreener.com,MATCHER_REJECTED
20240125211500-93,20240125211500,Low promoter holding poses potential takeover risk to Zee,https://timesofindia.indiatimes.com/business/india-business/low-promoter-holding-poses-potential-takeover-risk-to-zee/articleshow/107155303.cms,indiatimes.com,MATCHER_REJECTED
20240126094500-781,20240126094500,MEED | Dubai's RTA sets May deadline for Blue Line metro,https://www.meed.com:443/dubai-rta-sets-may-deadline-for-blue-line-metro,meed.com,MATCHER_REJECTED
20240126144500-1246,20240126144500,Military Vehicle Sustainment Industry Worth $35.62 Billion,https://www.globenewswire.com/news-release/2024/01/26/2817995/0/en/Military-Vehicle-Sustainment-Industry-Worth-35-62-Billion-by-2030-Global-Market-Thrives-on-Defense-Technology-Advancements-and-Urgent-Military-Vehicle-Modernization.html,globenewswire.com,MATCHER_REJECTED
20240128164500-531,20240128164500,Germany pushes for inter-governmental agreement for submarine deal with India,https://www.thehindu.com/news/national/germany-pushes-for-inter-governmental-agreement-for-submarine-deal-with-india/article67786602.ece,thehindu.com,MATCHER_REJECTED
20240129021500-744,20240129021500,LIC: LIC not expected to hike HDFC Bank stake in a rush,https://economictimes.indiatimes.com/markets/stocks/news/lic-not-expected-to-hike-hdfc-bank-stake-in-a-rush/articleshow/107213245.cms,indiatimes.com,MATCHER_REJECTED
20240129050000-887,20240129050000,Stock Market Sectors: Stock market update: Mining stocks  up  as market  rises,https://economictimes.indiatimes.com/markets/stocks/stock-watch/stock-market-update-mining-stocks-up-as-market-rises/articleshow/107217785.cms,indiatimes.com,MATCHER_REJECTED
20240129060000-78,20240129060000,Stock Market Sectors: Stock market update: Sugar stocks  down  as market  rises,https://economictimes.indiatimes.com/markets/stocks/stock-watch/stock-market-update-sugar-stocks-down-as-market-rises/articleshow/107218872.cms,indiatimes.com,MATCHER_REJECTED
20240129070000-8,20240129070000,BFSI weighting in Nifty50 hits 7-year low as HDFC slips,https://www.rediff.com/business/report/bfsi-weighting-in-nifty50-hits-7-year-low-as-hdfc-slips/20240129.htm,rediff.com,MATCHER_REJECTED
20240129093000-469,20240129093000,"Railway and Defence stocks: Is it a good time to bet on, Find out what Jefferies suggests",https://www.financialexpress.com/market/railway-and-defence-stocks-is-it-a-good-time-to-bet-on-find-out-what-jefferies-suggests-3377613/,financialexpress.com,MATCHER_REJECTED
20240129110000-881,20240129110000,Stock Market Sectors: Stock market update: Power stocks  up  as market  rises,https://economictimes.indiatimes.com/markets/stocks/stock-watch/stock-market-update-power-stocks-up-as-market-rises/articleshow/107230256.cms,indiatimes.com,MATCHER_REJECTED
20240129110000-992,20240129110000,Stock Market Sectors: Stock market update: Sugar stocks  up  as market  rises,https://economictimes.indiatimes.com/markets/stocks/stock-watch/stock-market-update-sugar-stocks-up-as-market-rises/articleshow/107230594.cms,indiatimes.com,MATCHER_REJECTED
20240129114500-269,20240129114500,Stock Market Sectors: Stock market update: Fertilisers stocks  down  as market  rises,https://economictimes.indiatimes.com/markets/stocks/stock-watch/stock-market-update-fertilisers-stocks-down-as-market-rises/articleshow/107232117.cms,indiatimes.com,MATCHER_REJECTED
20240129114500-604,20240129114500,Stock Market Sectors: Stock market update: FMCG stocks  up  as market  rises,https://economictimes.indiatimes.com/markets/stocks/stock-watch/stock-market-update-fmcg-stocks-up-as-market-rises/articleshow/107231787.cms,indiatimes.com,MATCHER_REJECTED
20240129120000-451,20240129120000,"Sensex, Nifty rally as investors add Rs 6 lakh crore: Key factors behind today's rise",https://www.businesstoday.in/markets/market-commentary/story/sensex-nifty-rally-as-investors-add-rs-6-lakh-crore-key-factors-behind-todays-rise-415232-2024-01-29,businesstoday.in,MATCHER_REJECTED
20240129123000-495,20240129123000,Stock Market Sectors: Stock market update: Mining stocks  up  as market  rises,https://economictimes.indiatimes.com/markets/stocks/stock-watch/stock-market-update-mining-stocks-up-as-market-rises/articleshow/107233460.cms,indiatimes.com,MATCHER_REJECTED
20240129124500-421,20240129124500,"New Ayodhya: Temple Town, Tinseltown",https://www.outlookindia.com/national/new-ayodhya-temple-town-tinseltown,outlookindia.com,MATCHER_REJECTED
20240129124500-116,20240129124500,Moneycontrol Selects: Top stories this evening,https://www.moneycontrol.com/news/business/moneycontrol-selects-top-stories-this-evening-565-12145371.html,moneycontrol.com,MATCHER_REJECTED
20240129170000-1071,20240129170000,Trade setup for Tuesday: 15 things to know before opening bell,https://www.moneycontrol.com/news/business/markets/trade-setup-for-tuesday-15-things-to-know-before-opening-bell-16-12147141.html,moneycontrol.com,MATCHER_REJECTED
20240129191500-1064,20240129191500,"Top Muslim cleric, guest at Ram Mandir event, seeks Centre's intervention after 'fatwa' and 'threats'",https://www.moneycontrol.com/news/politics/muslim-cleric-guest-at-ram-mandir-event-seeks-centres-intervention-after-fatwa-and-threats-12147391.html,moneycontrol.com,MATCHER_REJECTED
20240129203000-403,20240129203000,LIC Unlikely To Hike HDFC Bank Stake Post RBI Nod,https://www.businessworld.in/article/LIC-Unlikely-To-Hike-HDFC-Bank-Stake-Post-RBI-Nod/29-01-2024-508037/,businessworld.in,MATCHER_REJECTED
20240129220000-388,20240129220000,"Global Cues, FPIs Buying Equities Drive Market Up",https://www.deccanchronicle.com/business/global-cues-fpis-buying-equities-drive-market-up-880388,deccanchronicle.com,MATCHER_REJECTED
20240130041500-375,20240130041500,RIL rally triggered by funds taking refuge in 'strong stock' to hedge against short positions,https://www.moneycontrol.com/news/business/earnings/ril-rally-triggered-by-funds-taking-refuge-in-strong-stock-to-hedge-against-short-positions-12148441.html,moneycontrol.com,MATCHER_REJECTED
20240130043000-317,20240130043000,"GIFT Nifty flat: Asian markets, crude oil prices, Q3 results, dollar movement & more",https://www.businesstoday.in/markets/market-commentary/story/gift-nifty-flat-asian-markets-crude-oil-prices-q3-results-dollar-movement-more-415317-2024-01-30,businesstoday.in,MATCHER_REJECTED
20240130043000-987,20240130043000,"Stocks to watch out for today: Adani Total Gas, Newgen Software, YES Bank, Vodafone Idea and more",https://www.businesstoday.in/markets/stocks/story/stocks-to-watch-out-for-today-adani-total-gas-newgen-software-yes-bank-vodafone-idea-and-more-415319-2024-01-30,businesstoday.in,MATCHER_REJECTED
20240130043000-217,20240130043000,RIL rally triggered by funds taking refuge in 'strong stock' to hedge against short positions,https://www.moneycontrol.com/news/business/stocks/ril-rally-triggered-by-funds-taking-refuge-in-strong-stock-to-hedge-against-short-positions-12148441.html,moneycontrol.com,MATCHER_REJECTED
20240130051500-1147,20240130051500,RIL rally triggered by funds taking refuge in 'strong stock' to hedge against short positions,https://www.moneycontrol.com/news/business/stocks/ril-reliance-rally-triggered-by-funds-taking-refuge-in-strong-stock-to-hedge-against-short-positions-12148441.html,moneycontrol.com,MATCHER_REJECTED
20240130053000-229,20240130053000,Markets fall in early trade dragged by Bajaj Finance and Reliance,https://www.thehindu.com/business/markets/markets-fall-in-early-trade-dragged-by-bajaj-finance-and-reliance/article67791696.ece,thehindu.com,MATCHER_REJECTED
20240130054500-527,20240130054500,Markets Fall In Early Trade Dragged By Bajaj Finance And Reliance,https://zeenews.india.com/markets/markets-fall-in-early-trade-dragged-by-bajaj-finance-and-reliance-2715534.html,india.com,MATCHER_REJECTED
20240130061500-1330,20240130061500,India News | Markets Fall in Early Trade Dragged by Bajaj Finance and Reliance,https://www.latestly.com/agency-news/india-news-markets-fall-in-early-trade-dragged-by-bajaj-finance-and-reliance-5726280.html,latestly.com,MATCHER_REJECTED
20240130061500-811,20240130061500,"Stock Market Updates: Markets Fall In Early Trade, Here's What We Know So Far",https://www.news18.com/business/stock-market-updates-sensex-nifty-trade-higher-pre-opening-8759309.html,news18.com,MATCHER_REJECTED
20240130063000-1064,20240130063000,"Sensex, Nifty fall in early trade dragged by Bajaj Finance and Reliance",https://www.theweek.in/news/biz-tech/2024/01/30/sensex-nifty-fall-in-early-trade-dragged-by-bajaj-finance-and-reliance.html,theweek.in,MATCHER_REJECTED
20240130070000-475,20240130070000,"Does RIL set the stage for largecaps comeback? Not indeed, say analysts",https://www.moneycontrol.com/news/business/markets/does-ril-set-the-stage-for-largecaps-comeback-not-indeed-say-analysts-12150531.html,moneycontrol.com,MATCHER_REJECTED
20240130080000-706,20240130080000,"Top Stocks in Focus: Adani Total Gas, Newgen Software, YES Bank, Vodafone Idea and More",https://www.siliconindia.com/news/general/top-stocks-in-focus-adani-total-gas-newgen-software-yes-bank-vodafone-idea-and-more-nid-227614-cid-1.html,siliconindia.com,MATCHER_REJECTED
20240130094500-1170,20240130094500,"Post-Consecration, Ram Temple Construction Set To Resume On February 15; Check Details",https://menafn.com/1107785093/Post-Consecration-Ram-Temple-Construction-Set-To-Resume-On-February-15-Check-Details,menafn.com,MATCHER_REJECTED
20240130163000-350,20240130163000,5G Infrastructure Market Estimated to Attain $83.62 Billion,https://www.openpr.com/news/3366589/5g-infrastructure-market-estimated-to-attain-83-62-billion,openpr.com,MATCHER_REJECTED
20240130171500-1858,20240130171500,Trade setup for Wednesday: 15 things to know before opening bell,https://www.moneycontrol.com/news/business/markets/trade-setup-for-wednesday-15-things-to-know-before-opening-bell-18-12156881.html,moneycontrol.com,MATCHER_REJECTED
20240130183000-2567,20240130183000,Markets reverse amid simmering West Asia tensions,https://www.livemint.com/market/markets-reverse-amid-simmering-west-asia-tensions-11706626093626.html,livemint.com,MATCHER_REJECTED
20240130233000-305,20240130233000,"Newswire & Press Release / ScienceLogic and LTIMindtree Form a Strategic Partnership to Offer Unified, Intelligent Platform to Maximize Cloud... - IT Services / Network Management - ScienceLogic, Inc.",https://www.newswiretoday.com/news/181520/ScienceLogic-and-LTIMindtree-Form-a-Strategic-Partnership-to-Offer-Unified-Intelligent-Platform-to-Maximize-Cloud-Investments/,newswiretoday.com,MATCHER_REJECTED
20240130233000-443,20240130233000,"Newswire & Press Release / ScienceLogic and LTIMindtree Form a Strategic Partnership to Offer Unified, Intelligent Platform to Maximize Cloud... - IT Services / Network Management - ScienceLogic, Inc.",https://www.newswiretoday.com/news/181520/,newswiretoday.com,MATCHER_REJECTED
20240131030000-992,20240131030000,Stock Market Today: Top 10 things to know before the market opens,https://www.moneycontrol.com/news/business/markets/stock-market-today-top-10-things-to-know-before-the-market-opens-221-12156591.html,moneycontrol.com,MATCHER_REJECTED
20240131034500-458,20240131034500,Stocks Likely to Benefit From India's 2024 Interim Budget,https://www.bnnbloomberg.ca/stocks-likely-to-benefit-from-india-s-2024-interim-budget-1.2028677,bnnbloomberg.ca,MATCHER_REJECTED
20240131050000-110,20240131050000,Budget stock picks: Stocks & sectors likely to benefit from 2024 Interim Budget,https://economictimes.indiatimes.com/markets/stocks/news/stocks-sectors-likely-to-benefit-from-2024-interim-budget/articleshow/107278045.cms,indiatimes.com,MATCHER_REJECTED
20240131050000-988,20240131050000,"Q3 results today: Maruti, Sun Pharma, Dabur among 113 companies to announce earnings",https://economictimes.indiatimes.com/markets/stocks/earnings/q3-results-today-maruti-sun-pharma-dabur-among-113-companies-to-announce-earnings/articleshow/107277844.cms,indiatimes.com,MATCHER_REJECTED
20240131050000-968,20240131050000,Circuit Breaker Market Size To Reach US$ 11.8 Billion by 2032,https://energy.einnews.com/pr_news/684890006/circuit-breaker-market-size-to-reach-us-11-8-billion-by-2032,einnews.com,MATCHER_REJECTED
20240131050000-1407,20240131050000,"PB Fintech stock crosses its IPO price after 2 years, gains 12.5%",https://www.livemint.com/market/stock-market-news/pb-fintech-stock-crosses-its-ipo-price-after-2-years-gains-12-5-on-robust-q3-results-11706674044049.html,livemint.com,MATCHER_REJECTED
20240131053000-704,20240131053000,"Sensex, Nifty Edge Up Slightly In Cautious Trade",https://www.rttnews.com/story.aspx?Id=3420405,rttnews.com,MATCHER_REJECTED
20240131054500-974,20240131054500,Equity markets bounce back after weak beginning ahead of Interim Budget 2024,https://www.theweek.in/news/biz-tech/2024/01/31/equity-markets-bounce-back-after-weak-beginning-ahead-of-interim-budget-2024.html,theweek.in,MATCHER_REJECTED
20240131060000-28,20240131060000,share market: Share market update: Most active stocks on D-Street today in terms of volume,https://economictimes.indiatimes.com/markets/stocks/stock-watch/share-market-update-most-active-stocks-on-d-street-today-in-terms-of-volume/articleshow/107280763.cms,indiatimes.com,MATCHER_REJECTED
20240131060000-786,20240131060000,Stock Market Sectors: Stock market update: Fertilisers stocks  up  as market  rises,https://economictimes.indiatimes.com/markets/stocks/stock-watch/stock-market-update-fertilisers-stocks-up-as-market-rises/articleshow/107280271.cms,indiatimes.com,MATCHER_REJECTED
20240131060000-542,20240131060000,Stocks in focus today : One Day To Go For Budget 2024,https://www.sakshipost.com/news/business/stocks-focus-today-one-day-go-budget-2024-269750,sakshipost.com,MATCHER_REJECTED
20240131061500-1230,20240131061500,India News | Markets Bounce Back After Weak Beginning,https://www.latestly.com/agency-news/india-news-markets-bounce-back-after-weak-beginning-5728402.html,latestly.com,MATCHER_REJECTED
20240131061500-214,20240131061500,Adani Green Energy Earned Rs 2.8 Crore/Day In Last 90 Days: Net Profits Increase By 148% To Rs 256 Crore For Q3 2023-2024 - Trak.in,https://trak.in/stories/adani-green-energy-earned-rs-2-8-crore-day-in-last-90-days-net-profits-increase-by-148-to-rs-256-crore-for-q3-2023-2024/,trak.in,MATCHER_REJECTED
20240131063000-79,20240131063000,active stocks: Share market update: Most active stocks of the day in terms of total traded value,https://economictimes.indiatimes.com/markets/stocks/stock-watch/share-market-update-most-active-stocks-of-the-day-in-terms-of-total-traded-value/articleshow/107281183.cms,indiatimes.com,MATCHER_REJECTED
20240131063000-746,20240131063000,Stock Market Sectors: Stock market update: Mining stocks  mixed  as market  rises,https://economictimes.indiatimes.com/markets/stocks/stock-watch/stock-market-update-mining-stocks-mixed-as-market-rises/articleshow/107281358.cms,indiatimes.com,MATCHER_REJECTED
20240131063000-853,20240131063000,Stock Market Sectors: Stock market update: Sugar stocks  up  as market  rises,https://economictimes.indiatimes.com/markets/stocks/stock-watch/stock-market-update-sugar-stocks-up-as-market-rises/articleshow/107281053.cms,indiatimes.com,MATCHER_REJECTED
20240131064500-761,20240131064500,Markets bounce back after weak beginning,https://www.thehindu.com/business/markets/markets-bounce-back-after-weak-beginning/article67795546.ece,thehindu.com,MATCHER_REJECTED
20240131084500-431,20240131084500,Markets bounce back after weak beginning,https://www.dailypioneer.com/2024/business/markets-bounce-back-after-weak-beginning.html,dailypioneer.com,MATCHER_REJECTED
20240131090000-1113,20240131090000,"Stock market | Sensex declines 243 points to 70,896 in early trade; Nifty skids 73 points to 21,448",https://www.telegraphindia.com/feeds/business/sensex-declines-243-points-to-70896-in-early-trade-nifty-skids-73-points-to-21448/cid/1997345,telegraphindia.com,MATCHER_REJECTED
20240131100000-388,20240131100000,"Stock market | Sensex declines 243 points to 70,896 in early trade; Nifty skids 73 points to 21,448",https://www.telegraphindia.com/business/sensex-declines-243-points-to-70896-in-early-trade-nifty-skids-73-points-to-21448/cid/1997345,telegraphindia.com,MATCHER_REJECTED
20240131104500-207,20240131104500,"Stock market today: Nifty 50, Sensex jump about 1% each ahead of Budget 2024",https://www.livemint.com/market/stock-market-news/stock-market-today-nifty-50-sensex-jump-about-1-each-ahead-of-budget-2024-us-fed-outcome-11706695039450.html,livemint.com,MATCHER_REJECTED
20240131104500-781,20240131104500,"Sensex, Nifty Edge Up Slightly In Cautious Trade",https://www.rttnews.com/3420405/sensex-nifty-edge-up-slightly-in-cautious-trade.aspx,rttnews.com,MATCHER_REJECTED
20240131104500-378,20240131104500,"Sensex, Nifty Rally Led By Pharma Stocks",https://www.rttnews.com/3420538/sensex-nifty-rally-led-by-pharma-stocks.aspx,rttnews.com,MATCHER_REJECTED
20240131104500-839,20240131104500,Budget 2024: Stocks likely to benefit from India's 2024 Interim Union Budget,https://timesofindia.indiatimes.com/business/budget/stocks-likely-to-benefit-from-indias-2024-interim-union-budget/articleshow/107285510.cms,indiatimes.com,MATCHER_REJECTED
20240131110000-870,20240131110000,Stock Market Sectors: Stock market update: Sugar stocks  up  as market  rises,https://economictimes.indiatimes.com/markets/stocks/stock-watch/stock-market-update-sugar-stocks-up-as-market-rises/articleshow/107292113.cms,indiatimes.com,MATCHER_REJECTED
20240131110000-1546,20240131110000,QatarEnergy Awards $6B in EPCI contracts for Al-Shaheen Oil Field Expansion,https://www.oedigital.com/news/511184-qatarenergy-awards-6b-in-epci-contracts-for-al-shaheen-oil-field-expansion,oedigital.com,MATCHER_REJECTED
20240131110000-434,20240131110000,Stock Market Sectors: Stock market update: Power stocks  up  as market  rises,https://economictimes.indiatimes.com/markets/stocks/stock-watch/stock-market-update-power-stocks-up-as-market-rises/articleshow/107291962.cms,indiatimes.com,MATCHER_REJECTED
20240131111500-829,20240131111500,"Markets rebound to settle nearly 1% higher ahead of Budget, US Fed interest rate decision",https://www.orissapost.com/markets-rebound-to-settle-nearly-1-higher-ahead-of-budget-us-fed-interest-rate-decision/,orissapost.com,MATCHER_REJECTED
20240131114500-863,20240131114500,active stocks: Share market update: Most active stocks of the day in terms of traded value,https://economictimes.indiatimes.com/markets/stocks/stock-watch/share-market-update-most-active-stocks-of-the-day-in-terms-of-traded-value/articleshow/107293544.cms,indiatimes.com,MATCHER_REJECTED
20240131114500-516,20240131114500,Qatarenergy Awards $6Bn EPC Contracts To Increase Oil Production From Al Shaheen Field,https://menafn.com/1107791028/Qatarenergy-Awards-6Bn-EPC-Contracts-To-Increase-Oil-Production-From-Al-Shaheen-Field,menafn.com,MATCHER_REJECTED
20240131120000-78,20240131120000,Stock Market Sectors: Stock market update: Mining stocks  down  as market  rises,https://economictimes.indiatimes.com/markets/stocks/stock-watch/stock-market-update-mining-stocks-down-as-market-rises/articleshow/107294504.cms,indiatimes.com,MATCHER_REJECTED
20240131121500-62,20240131121500,"Markets rebound to settle nearly 1 per cent higher ahead of Budget, US Fed interest rate decision",https://www.tribuneindia.com/news/business/markets-rebound-to-settle-nearly-1-per-cent-higher-ahead-of-budget-us-fed-interest-rate-decision-586040,tribuneindia.com,MATCHER_REJECTED
20240131121500-441,20240131121500,"Markets rebound to settle nearly 1% higher ahead of Budget, U.S. Fed interest rate decision",https://www.thehindu.com/business/markets/markets-rebound-to-settle-nearly-1-higher-ahead-of-budget-us-fed-interest-rate-decision/article67796383.ece,thehindu.com,MATCHER_REJECTED
20240131123000-709,20240131123000,"Markets rebound to settle nearly 1 per cent higher ahead of Budget, US Fed interest rate decision",https://www.theweek.in/news/biz-tech/2024/01/31/markets-rebound-to-settle-nearly-1-per-cent-higher-ahead-of-budget-us-fed-interest-rate-decision.html,theweek.in,MATCHER_REJECTED
20240131123000-664,20240131123000,share market: Share market update: Most active stocks in today's market in terms of volume,https://economictimes.indiatimes.com/markets/stocks/stock-watch/share-market-update-most-active-stocks-in-todays-market-in-terms-of-volume/articleshow/107295130.cms,indiatimes.com,MATCHER_REJECTED
20240131130000-625,20240131130000,QatarEnergy awards $6bn EPC contracts to increase oil production from Al Shaheen field,https://thepeninsulaqatar.com/article/31/01/2024/qatarenergy-awards-6bn-epc-contracts-to-increase-oil-production-from-al-shaheen-field,thepeninsulaqatar.com,MATCHER_REJECTED
20240131134500-404,20240131134500,"Stock market | Markets rebound to settle nearly 1 per cent higher ahead of Budget, US Fed interest rate decision",https://www.telegraphindia.com/feeds/business/markets-rebound-to-settle-nearly-1-per-cent-higher-ahead-of-budget-us-fed-interest-rate-decision/cid/1997414,telegraphindia.com,MATCHER_REJECTED
20240131140000-1805,20240131140000,QatarEnergy awards $6bn EPC contracts to increase oil production from Al Shaheen field,http://thepeninsulaqatar.com/article/31/01/2024/qatarenergy-awards-6bn-epc-contracts-to-increase-oil-production-from-al-shaheen-field,thepeninsulaqatar.com,MATCHER_REJECTED
20240131141500-96,20240131141500,Investors' wealth jumps Rs 4.58 lakh cr as markets rebound,https://www.theweek.in/wire-updates/business/2024/01/31/del78-biz-stocks-wealth.html,theweek.in,MATCHER_REJECTED
20240131141500-169,20240131141500,QatarEnergy announces awarding of $6bn EPC contracts to increase oil production from Al Shaheen,https://www.qatar-tribune.com/article/105423/latest-news/qatarenergy-announces-awarding-of-6bn-epc-contracts-to-increase-oil-production-from-al-shaheen,qatar-tribune.com,MATCHER_REJECTED
20240131144500-1692,20240131144500,QatarEnergy announces award of $6 Billion EPC contracts to increase oil production form Al-Shaheen&#xA0;Oil field,https://www.gulf-times.com/article/676574/qatar/qatarenergy-announces-award-of-6-billion-epc-contracts-to-increase-oil-production-form-al-shaheenoil-field,gulf-times.com,MATCHER_REJECTED
20240131150000-701,20240131150000,"Stock market | Markets rebound to settle nearly 1 per cent higher ahead of Budget, US Fed interest rate decision",https://www.telegraphindia.com/business/markets-rebound-to-settle-nearly-1-per-cent-higher-ahead-of-budget-us-fed-interest-rate-decision/cid/1997414,telegraphindia.com,MATCHER_REJECTED
20240131150000-499,20240131150000,"Sensex, Nifty Rally Led By Pharma Stocks",https://www.rttnews.com/story.aspx?Id=3420538,rttnews.com,MATCHER_REJECTED
20240131151500-2188,20240131151500,Qatar Awards $6 Billion Worth of Deals to Boost Output from Its Top Oilfield,https://oilprice.com/Latest-Energy-News/World-News/Qatar-Awards-6-Billion-Worth-of-Deals-to-Boost-Output-from-Its-Top-Oilfield.html,oilprice.com,MATCHER_REJECTED
20240131153000-1446,20240131153000,"Equity markets settle nearly 1 pc higher ahead of Budget, US Fed interest rate decision",https://www.dailypioneer.com/2024/business/equity-markets-settle-nearly-1-pc-higher-ahead-of-budget--us-fed-interest-rate-decision.html,dailypioneer.com,MATCHER_REJECTED
20240131153000-1085,20240131153000,"Budget 2024: Sensex, Nifty rebound to settle nearly 1% higher ahead of interim Budget",https://www.thehindubusinessline.com/markets/sensex-nifty-rebound-to-settle-nearly-1-higher-ahead-of-interim-budget/article67796205.ece,thehindubusinessline.com,MATCHER_REJECTED
20240131153000-555,20240131153000,"More defects, deviations tumble out in Vigilance probe into Medigadda fiasco",https://www.thehindu.com/news/national/telangana/more-defects-deviations-tumble-out-in-vigilance-probe-into-medigadda-fiasco/article67796373.ece,thehindu.com,MATCHER_REJECTED
20240131154500-769,20240131154500,Qatar awards US$6b in contracts for oilfield expansion,https://www.malaymail.com/news/money/2024/01/31/qatar-awards-us6b-in-contracts-for-oilfield-expansion/115658,malaymail.com,MATCHER_REJECTED
20240131160000-311,20240131160000,"Budget 2024 income tax: Can common man, middle class look forward to relief on tax slabs, tax rates? | Business",https://timesofindia.indiatimes.com/business/budget/budget-2024-income-tax-expectations-tax-slabs-rates-relief-common-man-middle-class-standard-deduction-section-80c/articleshow/107298945.cms,indiatimes.com,MATCHER_REJECTED
20240131174500-1837,20240131174500,- QatarEnergy announces the award of $6...,https://www.euro-petrole.com/qatarenergy-announces-the-award-of-dollars-6-billion-epc-contracts-to-increase-oil-production-by-about-100000-bpd-from-al-shaheen-oil-field-n-i-26620,euro-petrole.com,MATCHER_REJECTED
20240131180000-955,20240131180000,QatarEnergy awards $6bn EPC contracts for Al Shaheen field,http://tradearabia.com/news/OGN_418417.html,tradearabia.com,MATCHER_REJECTED
20240131184500-2569,20240131184500,Qatar awards contracts worth $6 billion for oilfield expansion,https://dohanews.co/qatar-awards-contracts-worth-6-billion-for-oilfield-expansion/,dohanews.co,MATCHER_REJECTED
20240131193000-413,20240131193000,"Qatar: QatarEnergy announces the award of $6 billion EPC contracts to increase oil production by about 100,000 BPD from Al-Shaheen oil field",https://www.energy-pedia.com/news/qatar/qatarenergy-announces-the-award-of-usd6-billion-epc-contracts-to-increase-oil-production-by-about-100-000-bpd-from-al-shah-194067,energy-pedia.com,MATCHER_REJECTED
20240131194500-2183,20240131194500,"Al-Shaheen oil field output to be raised to 100,000bpd",https://www.gulf-times.com/article/676574/qatar/al-shaheen-oil-field-output-to-be-raised-to-100000bpd,gulf-times.com,MATCHER_REJECTED
20240131200000-1903,20240131200000,"Al-Shaheen Oil Field Output To Be Raised To 100,000Bpd",https://menafn.com/1107793198/Al-Shaheen-Oil-Field-Output-To-Be-Raised-To-100000Bpd,menafn.com,MATCHER_REJECTED
20240131204500-434,20240131204500,QatarEnergy to increase production from Qatar's largest oil field with $6 billion contract packages,https://worldoil.com/news/2024/1/31/qatarenergy-to-increase-production-from-qatar-s-largest-oil-field-with-6-billion-contract-packages/,worldoil.com,MATCHER_REJECTED
20240131221500-1700,20240131221500,QatarEnergy to increase production from Qatar's largest oil field with $6 billion contract packages,https://www.worldoil.com/news/2024/1/31/qatarenergy-to-increase-production-from-qatar-s-largest-oil-field-with-6-billion-contract-packages/,worldoil.com,MATCHER_REJECTED
20240131234500-95,20240131234500,QatarEnergy to increase production from Qatar's largest oil field with $6 billion contract packages,https://www.oilandgas360.com/qatarenergy-to-increase-production-from-qatars-largest-oil-field-with-6-billion-contract-packages/,oilandgas360.com,MATCHER_REJECTED
