article_id,ticker,headline,url,canonical_url,source,published_at,trading_date,timestamp_basis
20241001104500-T1304,SBIN.NS,"Recruitment for 1511 posts in State Bank of India, opportunity for graduates, salary more than 90 thousand | सरकारी नौकरी: स्टेट बैंक ऑफ इंडिया में 1511 पदों पर निकली भर्ती, ग्रेजुएट्स को मौका, सैलरी 90 हजार से ज्यादा",https://www.bhaskar.com/career/news/recruitment-for-1511-posts-in-state-bank-of-india-opportunity-for-graduates-salary-more-than-90-thousand-133731850.html,https://www.bhaskar.com/career/news/recruitment-for-1511-posts-in-state-bank-of-india-opportunity-for-graduates-salary-more-than-90-thousand-133731850.html,bhaskar.com,2024-10-01T16:15:00+05:30,2024-10-03,gdelt_gkg_observation
20241001124500-T1406,SBIN.NS,SBI Amrit Kalash FD | Fixed Deposit (FD) Scheme Interest Rates | SBI 'अमृत-कलश' स्कीम में 31 मार्च तक कर सकेंगे निवेश: इसमें सीनियर सिटिजन को 7.60% और अन्य को मिल रहा 7.10% सालाना ब्याज,https://www.bhaskar.com/business/news/sbi-amrit-kalash-fixed-deposit-fd-scheme-interest-rates-133731705.html,https://www.bhaskar.com/business/news/sbi-amrit-kalash-fixed-deposit-fd-scheme-interest-rates-133731705.html,bhaskar.com,2024-10-01T18:15:00+05:30,2024-10-03,gdelt_gkg_observation
20241001184500-2407,SBIN.NS,Users storms over State Bank of India's UPI server failing,https://www.siasat.com/users-storms-over-state-bank-of-indias-upi-server-failing-3106049/,https://www.siasat.com/users-storms-over-state-bank-of-indias-upi-server-failing-3106049/,siasat.com,2024-10-02T00:15:00+05:30,2024-10-03,gdelt_gkg_observation
20241002100000-881,SBIN.NS,SBI to add 600 branches in its network during FY25: Chairman Setty,https://www.moneycontrol.com/news/business/sbi-to-add-600-branches-in-its-network-during-fy25-chairman-setty-12834145.html,https://www.moneycontrol.com/news/business/sbi-to-add-600-branches-in-its-network-during-fy25-chairman-setty-12834145.html,moneycontrol.com,2024-10-02T15:30:00+05:30,2024-10-03,gdelt_gkg_observation
20241002101500-1342,SBIN.NS,State Bank of India: SBI to add 600 branches in its network during FY25: Chairman Setty,https://economictimes.indiatimes.com/industry/banking/finance/banking/sbi-to-add-600-branches-in-its-network-during-fy25-chairman-setty/articleshow/113875505.cms,https://economictimes.indiatimes.com/industry/banking/finance/banking/sbi-to-add-600-branches-in-its-network-during-fy25-chairman-setty/articleshow/113875505.cms,indiatimes.com,2024-10-02T15:45:00+05:30,2024-10-03,gdelt_gkg_observation
20241002110000-T220,SBIN.NS,job opportunities in konkan railways recruitment in state bank of india zws 70 | नोकरीची संधी : स्टेट बँक ऑफ इंडियामधील भरती,https://www.loksatta.com/career/job-opportunities-in-konkan-railways-recruitment-in-state-bank-of-india-zws-70-4629137/,https://www.loksatta.com/career/job-opportunities-in-konkan-railways-recruitment-in-state-bank-of-india-zws-70-4629137/,loksatta.com,2024-10-02T16:30:00+05:30,2024-10-03,gdelt_gkg_observation
20241002111500-1251,SBIN.NS,"SBI to add 600 branches in FY25, says Chairman Setty - The Hindu BusinessLine",https://www.thehindubusinessline.com/money-and-banking/sbi-to-add-600-branches-in-fy25-says-chairman-setty/article68709261.ece,https://www.thehindubusinessline.com/money-and-banking/sbi-to-add-600-branches-in-fy25-says-chairman-setty/article68709261.ece,thehindubusinessline.com,2024-10-02T16:45:00+05:30,2024-10-03,gdelt_gkg_observation
20241002113000-1446,SBIN.NS,SBI plans to add 600 branches in network during FY25: Chairman Setty,https://www.business-standard.com/companies/news/sbi-plans-to-add-600-branches-in-network-during-fy25-chairman-setty-124100200428_1.html,https://www.business-standard.com/companies/news/sbi-plans-to-add-600-branches-in-network-during-fy25-chairman-setty-124100200428_1.html,business-standard.com,2024-10-02T17:00:00+05:30,2024-10-03,gdelt_gkg_observation
20241002113000-305,SBIN.NS,SBI To Add 600 Branches In Its Network During FY25: Chairman C S Setty,https://www.freepressjournal.in/business/sbi-to-add-600-branches-in-its-network-during-fy25-chairman-c-s-setty,https://www.freepressjournal.in/business/sbi-to-add-600-branches-in-its-network-during-fy25-chairman-c-s-setty,freepressjournal.in,2024-10-02T17:00:00+05:30,2024-10-03,gdelt_gkg_observation
20241002121500-T135,SBIN.NS,SBI new branches: ఎస్‌బీఐ నుంచి కొత్తగా మరో 600 శాఖలు.. ఈ ఆర్థిక సంవత్సరంలోనే,https://www.eenadu.net/telugu-news/business/sbi-to-add-600-branches-in-its-network-during-fy25-says-chairman-setty/0101/124179798,https://www.eenadu.net/telugu-news/business/sbi-to-add-600-branches-in-its-network-during-fy25-says-chairman-setty/0101/124179798,eenadu.net,2024-10-02T17:45:00+05:30,2024-10-03,gdelt_gkg_observation
20241002123000-1987,SBIN.NS,"SBI to open 600 new branches in FY 2024-25, targeting emerging business opportunities: Chairman",https://article.wn.com/view/2024/10/02/SBI_to_open_600_new_branches_in_FY_202425_targeting_emerging/,https://article.wn.com/view/2024/10/02/SBI_to_open_600_new_branches_in_FY_202425_targeting_emerging/,wn.com,2024-10-02T18:00:00+05:30,2024-10-03,gdelt_gkg_observation
20241002131500-1462,SBIN.NS,"IDBI Capital calls for bids on Rs 1,772 crore SBI-led highway bad loans",https://www.business-standard.com/companies/news/idbi-capital-calls-for-bids-on-rs-1-772-crore-sbi-led-highway-bad-loans-124100200616_1.html,https://www.business-standard.com/companies/news/idbi-capital-calls-for-bids-on-rs-1-772-crore-sbi-led-highway-bad-loans-124100200616_1.html,business-standard.com,2024-10-02T18:45:00+05:30,2024-10-03,gdelt_gkg_observation
20241002133000-T2876,SBIN.NS,"SBI Share: FY25 में 600 नए ब्रांच खोलने की तैयारी, 4 साल में 318% रिटर्न दे चुका है स्टॉक",https://hindi.moneycontrol.com/news/markets/sbi-share-price-to-add-600-branches-in-its-network-during-fy25-chairman-setty-218-percent-return-in-4-years-1928642.html,https://hindi.moneycontrol.com/news/markets/sbi-share-price-to-add-600-branches-in-its-network-during-fy25-chairman-setty-218-percent-return-in-4-years-1928642.html,moneycontrol.com,2024-10-02T19:00:00+05:30,2024-10-03,gdelt_gkg_observation
20241002134500-T1309,SBIN.NS,"SBI Share: FY25 में 600 नए ब्रांच खोलने की तैयारी, हजारों नई नौकरियों के अवसर",https://www.prabhatkhabar.com/business/sbi-share-preparation-to-open-600-new-branches-in-fy25-thousands-of-new-job-opportunities,https://www.prabhatkhabar.com/business/sbi-share-preparation-to-open-600-new-branches-in-fy25-thousands-of-new-job-opportunities,prabhatkhabar.com,2024-10-02T19:15:00+05:30,2024-10-03,gdelt_gkg_observation
20241002134500-78,SBIN.NS,SBI to add 600 branches in its network during FY25: Chairman Setty,https://www.dailyexcelsior.com/sbi-to-add-600-branches-in-its-network-during-fy25-chairman-setty/,https://www.dailyexcelsior.com/sbi-to-add-600-branches-in-its-network-during-fy25-chairman-setty/,dailyexcelsior.com,2024-10-02T19:15:00+05:30,2024-10-03,gdelt_gkg_observation
20241002141500-T150,SBIN.NS,"SBI चालू वित्त वर्ष में खोलेगा 600 नई शाखाएं, चेयरमैन सी एस शेट्टी ने कहा- उभरते क्षेत्रों पर केंद्रित होगी योजना - sbi will open 600 new branches in the current financial year chairman cs shetty said the plan will focus on emerging areas",https://hindi.business-standard.com/finance/banking/sbi-will-open-600-new-branches-in-the-current-financial-year-chairman-cs-shetty-said-the-plan-will-focus-on-emerging-areas-id-375279,https://hindi.business-standard.com/finance/banking/sbi-will-open-600-new-branches-in-the-current-financial-year-chairman-cs-shetty-said-the-plan-will-focus-on-emerging-areas-id-375279,business-standard.com,2024-10-02T19:45:00+05:30,2024-10-03,gdelt_gkg_observation
20241002184500-232,SBIN.NS,SBI to add 600 branches in its network during FY25: Chairman Setty,https://www.thehindu.com/business/sbi-to-add-600-branches-in-its-network-during-fy25-chairman-setty/article68710963.ece,https://www.thehindu.com/business/sbi-to-add-600-branches-in-its-network-during-fy25-chairman-setty/article68710963.ece,thehindu.com,2024-10-03T00:15:00+05:30,2024-10-03,gdelt_gkg_observation
20241002234500-814,SBIN.NS,SBI to add 600 branches this fiscal: Chairman,https://timesofindia.indiatimes.com/business/india-business/sbi-to-add-600-branches-this-fiscal-chairman/articleshow/113888510.cms,https://timesofindia.indiatimes.com/business/india-business/sbi-to-add-600-branches-this-fiscal-chairman/articleshow/113888510.cms,indiatimes.com,2024-10-03T05:15:00+05:30,2024-10-03,gdelt_gkg_observation
20241003023000-813,SBIN.NS,"Stocks To Watch: SBI, Mankind, Adani Enterprises, Dr. Reddy's, Zydus Life",https://www.business-standard.com/markets/news/stocks-to-watch-sbi-mankind-adani-enterprises-dr-reddy-s-zydus-life-124100300072_1.html,https://www.business-standard.com/markets/news/stocks-to-watch-sbi-mankind-adani-enterprises-dr-reddy-s-zydus-life-124100300072_1.html,business-standard.com,2024-10-03T08:00:00+05:30,2024-10-03,gdelt_gkg_observation
20241003053000-907,SBIN.NS,"Stocks To Watch: SBI, Maruti, Dabur, Marico, Adani Ent, Hindustan Zinc, NTPC, And Others",https://www.news18.com/business/markets/stocks-to-watch-sbi-maruti-dabur-marico-adani-ent-hindustan-zinc-ntpc-and-others-9071650.html,https://www.news18.com/business/markets/stocks-to-watch-sbi-maruti-dabur-marico-adani-ent-hindustan-zinc-ntpc-and-others-9071650.html,news18.com,2024-10-03T11:00:00+05:30,2024-10-03,gdelt_gkg_observation
20241003070000-506,SBIN.NS,"Stocks to buy: SBI, Tata Motors, ACC, among six October stock picks by Deven Choksey",https://www.livemint.com/market/stock-market-news/stocks-to-buy-sbi-tata-motors-acc-among-six-october-stock-picks-by-deven-choksey-11727933906241.html,https://www.livemint.com/market/stock-market-news/stocks-to-buy-sbi-tata-motors-acc-among-six-october-stock-picks-by-deven-choksey-11727933906241.html,livemint.com,2024-10-03T12:30:00+05:30,2024-10-03,gdelt_gkg_observation
20241003073000-1266,SBIN.NS,"How Fraudsters Opened ""Fake"" SBI Branch, Duped People Of Lakhs",https://www.ndtv.com/india-news/how-fraudsters-opened-fake-sbi-branch-duped-people-of-lakhs-6705649,https://www.ndtv.com/india-news/how-fraudsters-opened-fake-sbi-branch-duped-people-of-lakhs-6705649,ndtv.com,2024-10-03T13:00:00+05:30,2024-10-03,gdelt_gkg_observation
20241003073000-T2626,SBIN.NS,"Stocks To Watch Today: SBI, Mankind से लेकर Zydus Life तक, आज इन कंपनियों के स्टॉक्स पर रखें फोकस, हो सकता है प्रॉफिट - stocks to watch today from sbi mankind to zydus life focus on the stocks of these companies today you can get profit",https://hindi.business-standard.com/other-news/stocks-to-watch-today-from-sbi-mankind-to-zydus-life-focus-on-the-stocks-of-these-companies-today-you-can-get-profit-id-375443,https://hindi.business-standard.com/other-news/stocks-to-watch-today-from-sbi-mankind-to-zydus-life-focus-on-the-stocks-of-these-companies-today-you-can-get-profit-id-375443,business-standard.com,2024-10-03T13:00:00+05:30,2024-10-03,gdelt_gkg_observation
20241003074500-1003,SBIN.NS,RBI rate cut: RBI unlikely to cut rate as India's growth is higher than potential output: SBI Report,https://economictimes.indiatimes.com/news/economy/policy/rbi-unlikely-to-cut-rate-as-indias-growth-is-higher-than-potential-output-sbi-report/articleshow/113899744.cms,https://economictimes.indiatimes.com/news/economy/policy/rbi-unlikely-to-cut-rate-as-indias-growth-is-higher-than-potential-output-sbi-report/articleshow/113899744.cms,indiatimes.com,2024-10-03T13:15:00+05:30,2024-10-03,gdelt_gkg_observation
20241003080000-1064,SBIN.NS,"SBI Securities initiates 'buy' rating on MCX, signals upside potential of 16%",https://economictimes.indiatimes.com/markets/stocks/news/sbi-securities-initiates-buy-rating-on-mcx-signals-upside-potential-of-16/articleshow/113900148.cms,https://economictimes.indiatimes.com/markets/stocks/news/sbi-securities-initiates-buy-rating-on-mcx-signals-upside-potential-of-16/articleshow/113900148.cms,indiatimes.com,2024-10-03T13:30:00+05:30,2024-10-03,gdelt_gkg_observation
20241003080000-944,SBIN.NS,RBI unlikely to cut rate as India's growth is higher than potential output: SBI Report,https://www.bignewsnetwork.com/news/274665175/rbi-unlikely-to-cut-rate-as-india-growth-is-higher-than-potential-output-sbi-report,https://www.bignewsnetwork.com/news/274665175/rbi-unlikely-to-cut-rate-as-india-growth-is-higher-than-potential-output-sbi-report,bignewsnetwork.com,2024-10-03T13:30:00+05:30,2024-10-03,gdelt_gkg_observation
20241003083000-768,SBIN.NS,RBI Likely to Maintain Interest Rates Amid Strong Domestic Growth: SBI Report,https://www.devdiscourse.com/article/business/3109007-rbi-likely-to-maintain-interest-rates-amid-strong-domestic-growth-sbi-report,https://www.devdiscourse.com/article/business/3109007-rbi-likely-to-maintain-interest-rates-amid-strong-domestic-growth-sbi-report,devdiscourse.com,2024-10-03T14:00:00+05:30,2024-10-03,gdelt_gkg_observation
20241003083000-562,SBIN.NS,RBI unlikely to cut rate as India's growth is higher than potential output: SBI Report,https://aninews.in/news/business/rbi-unlikely-to-cut-rate-as-indias-growth-is-higher-than-potential-output-sbi-report20241003124050/,https://aninews.in/news/business/rbi-unlikely-to-cut-rate-as-indias-growth-is-higher-than-potential-output-sbi-report20241003124050/,aninews.in,2024-10-03T14:00:00+05:30,2024-10-03,gdelt_gkg_observation
20241003084500-421,SBIN.NS,SBI Report: RBI Expected to Maintain Rates Amid Strong Economic Growth in India,https://www.rozanaspokesman.com/news/business/031024/sbi-report-rbi-expected-to-maintain-rates-amid-strong-economic-growth.html,https://www.rozanaspokesman.com/news/business/031024/sbi-report-rbi-expected-to-maintain-rates-amid-strong-economic-growth.html,rozanaspokesman.com,2024-10-03T14:15:00+05:30,2024-10-03,gdelt_gkg_observation
20241003094500-1367,SBIN.NS,RBI Unlikely To Cut Rate As India's Growth Is Higher Than Potential Output: SBI Report | Economy News,https://zeenews.india.com/economy/rbi-unlikely-to-cut-rate-as-indias-growth-is-higher-than-potential-output-sbi-report-2801863.html,https://zeenews.india.com/economy/rbi-unlikely-to-cut-rate-as-indias-growth-is-higher-than-potential-output-sbi-report-2801863.html,india.com,2024-10-03T15:15:00+05:30,2024-10-03,gdelt_gkg_observation
20241003100000-1121,SBIN.NS,'Special 6' In Chhattisgarh: Fake SBI Bank Branch Operational In Shakti District's Chhapora Village Busted; Shocking Details Emerge,https://www.freepressjournal.in/india/special-6-in-chhattisgarh-fake-sbi-bank-branch-operational-in-shakti-districts-chhapora-village-busted-shocking-details-emerge,https://www.freepressjournal.in/india/special-6-in-chhattisgarh-fake-sbi-bank-branch-operational-in-shakti-districts-chhapora-village-busted-shocking-details-emerge,freepressjournal.in,2024-10-03T15:30:00+05:30,2024-10-04,gdelt_gkg_observation
20241003100000-1400,SBIN.NS,"Fake SBI branch set up overnight in Chhattisgarh's quite village, know how the classic case of fraud was unearthed",https://www.tribuneindia.com/news/trending/fake-sbi-branch-set-up-overnight-in-chhattisgarhs-quite-village-know-how-the-classic-case-of-fraud-was-unearthed/,https://www.tribuneindia.com/news/trending/fake-sbi-branch-set-up-overnight-in-chhattisgarhs-quite-village-know-how-the-classic-case-of-fraud-was-unearthed/,tribuneindia.com,2024-10-03T15:30:00+05:30,2024-10-04,gdelt_gkg_observation
20241003100000-297,SBIN.NS,Fake SBI branch dupes villagers: Bold 10-day scam uncovered in Chhattisgarh,https://www.hindustantimes.com/india-news/fake-sbi-branch-dupes-villagers-bold-10-day-scam-uncovered-in-chhattisgarh-101727942113866.html,https://www.hindustantimes.com/india-news/fake-sbi-branch-dupes-villagers-bold-10-day-scam-uncovered-in-chhattisgarh-101727942113866.html,hindustantimes.com,2024-10-03T15:30:00+05:30,2024-10-04,gdelt_gkg_observation
20241003110000-680,SBIN.NS,Chhattisgarh's fake SBI branch fraud: How a village fell victim to the scam,https://www.business-standard.com/india-news/chhattisgarh-s-fake-sbi-branch-fraud-how-a-village-fell-victim-to-the-scam-124100300614_1.html,https://www.business-standard.com/india-news/chhattisgarh-s-fake-sbi-branch-fraud-how-a-village-fell-victim-to-the-scam-124100300614_1.html,business-standard.com,2024-10-03T16:30:00+05:30,2024-10-04,gdelt_gkg_observation
20241003120000-T620,SBIN.NS,"സിനിമാക്കഥയെ വെല്ലുന്ന തട്ടിപ്പ്; വ്യാജ ബാങ്ക് തന്നെ സ്ഥാപിച്ച് ലക്ഷങ്ങൾ തട്ടി | Fake SBI Branch Comes Up In Chhattisgarh, People Duped Of Lakhs",https://www.madhyamam.com/india/fake-sbi-branch-comes-up-in-chhattisgarh-people-duped-of-lakhs-1336103,https://www.madhyamam.com/india/fake-sbi-branch-comes-up-in-chhattisgarh-people-duped-of-lakhs-1336103,madhyamam.com,2024-10-03T17:30:00+05:30,2024-10-04,gdelt_gkg_observation
20241003121500-625,SBIN.NS,"Bank fraud: Fake SBI branch uncovered in Chhattisgarh, locals duped with fake recruitment drives and bank services",https://www.dnaindia.com/india/report-bank-fraud-fake-sbi-branch-uncovered-in-chhattisgarh-locals-duped-with-fake-recruitment-drives-and-bank-serv-3111222,https://www.dnaindia.com/india/report-bank-fraud-fake-sbi-branch-uncovered-in-chhattisgarh-locals-duped-with-fake-recruitment-drives-and-bank-serv-3111222,dnaindia.com,2024-10-03T17:45:00+05:30,2024-10-04,gdelt_gkg_observation
20241003123000-T673,SBIN.NS,"SBI Fake Branch in Chattisgrah Fake Employee Hiring know more interesting fraud scheme | चित्रपटाला शोभेल अशी कथा! चक्क SBI ची बनावट शाखा सुरू केली, खोट्या नियुक्त्या अन् बरंच काही; कुठे घडला हा भयंकर प्रकार?",https://www.loksatta.com/desh-videsh/sbi-fake-branch-in-chattisgrah-fake-employee-hiring-know-more-interesting-fraud-scheme-sgk-96-4630904/,https://www.loksatta.com/desh-videsh/sbi-fake-branch-in-chattisgrah-fake-employee-hiring-know-more-interesting-fraud-scheme-sgk-96-4630904/,loksatta.com,2024-10-03T18:00:00+05:30,2024-10-04,gdelt_gkg_observation
20241003124500-373,SBIN.NS,RBI unlikely to cut rate as India's growth is higher than potential output: SBI Report,https://www.srilankasource.com/news/274665175/rbi-unlikely-to-cut-rate-as-india-growth-is-higher-than-potential-output-sbi-report,https://www.srilankasource.com/news/274665175/rbi-unlikely-to-cut-rate-as-india-growth-is-higher-than-potential-output-sbi-report,srilankasource.com,2024-10-03T18:15:00+05:30,2024-10-04,gdelt_gkg_observation
20241003130000-99,SBIN.NS,Fake SBI branch uncovered in Madhya Pradesh's Chhapora; villagers duped of lakhs | Indiablooms - First Portal on Digital News Management,https://www.indiablooms.com/news-details/N/100180/fake-sbi-branch-uncovered-in-madhya-pradesh-s-chhapora-villagers-duped-of-lakhs.html,https://www.indiablooms.com/news-details/N/100180/fake-sbi-branch-uncovered-in-madhya-pradesh-s-chhapora-villagers-duped-of-lakhs.html,indiablooms.com,2024-10-03T18:30:00+05:30,2024-10-04,gdelt_gkg_observation
20241003133000-1433,SBIN.NS,"Fake SBI Branch Uncovered In Chhattisgarh: Villagers, Job Seekers Duped Of Lakhs",https://zeenews.india.com/india/fake-sbi-branch-uncovered-in-chhattisgarh-villagers-job-seekers-duped-of-lakhs-2802137.html,https://zeenews.india.com/india/fake-sbi-branch-uncovered-in-chhattisgarh-villagers-job-seekers-duped-of-lakhs-2802137.html,india.com,2024-10-03T19:00:00+05:30,2024-10-04,gdelt_gkg_observation
20241003134500-133,SBIN.NS,"Brazen fraud: Crooks open fake SBI branch in Chhattisgarh village, dupe people of lakhs",https://www.nagpurtoday.in/brazen-fraud-crooks-open-fake-sbi-branch-in-chhattisgarh-village-dupe-people-of-lakhs/10031451,https://www.nagpurtoday.in/brazen-fraud-crooks-open-fake-sbi-branch-in-chhattisgarh-village-dupe-people-of-lakhs/10031451,nagpurtoday.in,2024-10-03T19:15:00+05:30,2024-10-04,gdelt_gkg_observation
20241003140000-T726,SBIN.NS,"Fake SBI Branch Comes Up In Chhattisgarh, People Duped Of Lakhs | சத்தீஷ்கரில் போலி எஸ்.பி.ஐ வங்கி நடத்தி லட்சக்கணக்கான ரூபாய் மோசடி செய்த கும்பல்",https://www.dailythanthi.com:443/News/India/fake-sbi-branch-comes-up-in-chhattisgarh-people-duped-of-lakhs-1124766,https://www.dailythanthi.com:443/News/India/fake-sbi-branch-comes-up-in-chhattisgarh-people-duped-of-lakhs-1124766,dailythanthi.com,2024-10-03T19:30:00+05:30,2024-10-04,gdelt_gkg_observation
20241003141500-1601,SBIN.NS,"SBI's Fake Branch: Appointments, Training Sessions, New Furniture - How Fraudsters Duped Customers In Chhattisgarh",https://menafn.com/1108743351/SBIs-Fake-Branch-Appointments-Training-Sessions-New-Furniture-How-Fraudsters-Duped-Customers-In-Chhattisgarh,https://menafn.com/1108743351/SBIs-Fake-Branch-Appointments-Training-Sessions-New-Furniture-How-Fraudsters-Duped-Customers-In-Chhattisgarh,menafn.com,2024-10-03T19:45:00+05:30,2024-10-04,gdelt_gkg_observation
20241003144500-T627,SBIN.NS,"चेकबुक से लोन तक, Fake SBI Branch में होता रहा असल लेनदेन, लोग जमा करते रहे पैसे और फिर...",https://www.dnaindia.com/hindi/india/news-fake-sbi-branch-in-chhattisgarh-exposes-massive-fraud-police-investigation-uncovers-scammers-4134585,https://www.dnaindia.com/hindi/india/news-fake-sbi-branch-in-chhattisgarh-exposes-massive-fraud-police-investigation-uncovers-scammers-4134585,dnaindia.com,2024-10-03T20:15:00+05:30,2024-10-04,gdelt_gkg_observation
20241003150000-13,SBIN.NS,From Recruitment Drives To Fake Computers: Chhattisgarh Locals Duped By Fake SBI Branch,https://www.outlookindia.com/national/from-recruitment-drives-to-fake-computers-chhattisgarh-locals-duped-by-fake-sbi-branch,https://www.outlookindia.com/national/from-recruitment-drives-to-fake-computers-chhattisgarh-locals-duped-by-fake-sbi-branch,outlookindia.com,2024-10-03T20:30:00+05:30,2024-10-04,gdelt_gkg_observation
20241003160000-1460,SBIN.NS,Fake SBI Branch In Chhattisgarh Dupes Lakhs From Villagers On Pretext Of Job Offers; Accused Flees From Spot During Police Raid,https://www.freepressjournal.in/india/fake-sbi-branch-in-chhattisgarh-dupes-lakhs-from-villagers-on-pretext-of-job-offers-accused-flees-from-spot-during-police-raid,https://www.freepressjournal.in/india/fake-sbi-branch-in-chhattisgarh-dupes-lakhs-from-villagers-on-pretext-of-job-offers-accused-flees-from-spot-during-police-raid,freepressjournal.in,2024-10-03T21:30:00+05:30,2024-10-04,gdelt_gkg_observation
20241003170000-T95,SBIN.NS,"How fake branch of SBI opened in Chhattisgarh, know the story | Chhattisgarh SBI Bank Fake Branch Exposed | Sakti News | छत्तीसगडमध्ये SBI ची बनावट शाखा कशी उघडली, जाणून घ्या कहाणी: लाखो रुपये घेऊन स्पेशल-6 निवडले, बनावट नियुक्तीपत्र दिले; कर्मचारी- दागिने विकून कर्ज घेतले",https://divyamarathi.bhaskar.com/national/news/chhattisgarh-sbi-bank-fake-branch-exposed-133743672.html,https://divyamarathi.bhaskar.com/national/news/chhattisgarh-sbi-bank-fake-branch-exposed-133743672.html,bhaskar.com,2024-10-03T22:30:00+05:30,2024-10-04,gdelt_gkg_observation
20241003191500-T2439,SBIN.NS,"Fake Bank Scam: छत्तीसगढ़ में फर्जी SBI ब्रांच का खुलासा, जिम्मेदारों को भनक तक नहीं; बेरोजगारों से लाखों ठगे",http://www.haribhoomi.com/national/news/fake-sbi-bank-branch-setup-in-chhattisgarh-village-people-duped-of-lakhs-50623,http://www.haribhoomi.com/national/news/fake-sbi-bank-branch-setup-in-chhattisgarh-village-people-duped-of-lakhs-50623,haribhoomi.com,2024-10-04T00:45:00+05:30,2024-10-04,gdelt_gkg_observation
20241003211500-1145,SBIN.NS,IIM Nagpur and State Bank of India Join Hands for Tree Plantation Drive,https://indiaeducationdiary.in/iim-nagpur-and-state-bank-of-india-join-hands-for-tree-plantation-drive/,https://indiaeducationdiary.in/iim-nagpur-and-state-bank-of-india-join-hands-for-tree-plantation-drive/,indiaeducationdiary.in,2024-10-04T02:45:00+05:30,2024-10-04,gdelt_gkg_observation
20241003234500-1363,SBIN.NS,Fake SBI branch scams Chhattisgarh villagers | India News,https://timesofindia.indiatimes.com/india/fake-sbi-branch-scams-chhattisgarh-villagers/articleshow/113919271.cms,https://timesofindia.indiatimes.com/india/fake-sbi-branch-scams-chhattisgarh-villagers/articleshow/113919271.cms,indiatimes.com,2024-10-04T05:15:00+05:30,2024-10-04,gdelt_gkg_observation
20241004031500-957,SBIN.NS,How a fake SBI branch that came up overnight duped people of lakhs in a Chhattisgarh village,https://indianexpress.com/article/india/how-a-fake-sbi-branch-that-came-up-overnight-duped-people-of-lakhs-in-a-chhattisgarh-village-9602573/,https://indianexpress.com/article/india/how-a-fake-sbi-branch-that-came-up-overnight-duped-people-of-lakhs-in-a-chhattisgarh-village-9602573/,indianexpress.com,2024-10-04T08:45:00+05:30,2024-10-04,gdelt_gkg_observation
20241004040000-T914,SBIN.NS,"Fake SBI in Chhattisgarh Big fraud by setting up a branch | ഛത്തീസ്ഗഡില്‍ വ്യാജ എസ്.ബി.ഐ. ശാഖ സ്ഥാപിച്ച് വന്‍ തട്ടിപ്പ് ; തട്ടിയെടുത്തത് ലക്ഷങ്ങള്‍, അനേകര്‍ക്ക് പണം നഷ്ടമായി ; അനധികൃത നിയമനങ്ങള്‍, വ്യാജ പരിശീലന സെഷനുകള്‍ വരെ നടത്തി",https://www.mangalam.com/news/detail/738681-latest-news-fake-sbi-in-chhattisgarh-big-fraud-by-setting-up-a-branch.html,https://www.mangalam.com/news/detail/738681-latest-news-fake-sbi-in-chhattisgarh-big-fraud-by-setting-up-a-branch.html,mangalam.com,2024-10-04T09:30:00+05:30,2024-10-04,gdelt_gkg_observation
20241004041500-T1487,SBIN.NS,"japan Mitsubishi UFJ Financial Group keen to buy share of SBI in yes bank report Yes Bank पर दांव लगा सकता है जापान का यह ग्रुप! खरीद सकता है SBI का 24% हिस्सा, बिज़नेस न्यूज़",https://www.livehindustan.com/business/japan-mitsubishi-ufj-financial-group-keen-to-buy-share-of-sbi-in-yes-bank-report-201728009102546.html,https://www.livehindustan.com/business/japan-mitsubishi-ufj-financial-group-keen-to-buy-share-of-sbi-in-yes-bank-report-201728009102546.html,livehindustan.com,2024-10-04T09:45:00+05:30,2024-10-04,gdelt_gkg_observation
20241004060000-457,SBIN.NS,Fake Bank: Chhattisgarh Village Duped by Fake State Bank of India Branch | Raipur News,https://timesofindia.indiatimes.com/city/raipur/chhattisgarh-village-duped-by-fake-state-bank-of-india-branch/articleshow/113918047.cms,https://timesofindia.indiatimes.com/city/raipur/chhattisgarh-village-duped-by-fake-state-bank-of-india-branch/articleshow/113918047.cms,indiatimes.com,2024-10-04T11:30:00+05:30,2024-10-04,gdelt_gkg_observation
20241004071500-T981,SBIN.NS,State bank of india SBI Special cadre officer vacancy 2024 last date for application October 4th,https://www.jansatta.com/education/state-bank-of-india-sbi-special-cadre-officer-vacancy-2024-last-date-for-application-october-4th/3607653/,https://www.jansatta.com/education/state-bank-of-india-sbi-special-cadre-officer-vacancy-2024-last-date-for-application-october-4th/3607653/,jansatta.com,2024-10-04T12:45:00+05:30,2024-10-04,gdelt_gkg_observation
20241004083000-T2788,SBIN.NS,"SBI SCO Recruitment 2024: तुरंत कर दें एसबीआई स्पेशलिस्ट कैडर ऑफिसर भर्ती के लिए आवेदन, आज है लास्ट डेट - SBI SCO Recruitment 2024: State Bank of India will close SCO Recruitment 2024 registration process on October 4, 2024, apply at sbi.co.in",https://www.jagran.com/news/job-sbi-sco-recruitment-2024-state-bank-of-india-will-close-sco-recruitment-2024-registration-process-on-october-4-2024-apply-at-sbi-co-in-23809548.html,https://www.jagran.com/news/job-sbi-sco-recruitment-2024-state-bank-of-india-will-close-sco-recruitment-2024-registration-process-on-october-4-2024-apply-at-sbi-co-in-23809548.html,jagran.com,2024-10-04T14:00:00+05:30,2024-10-04,gdelt_gkg_observation
20241004120000-597,SBIN.NS,SBI Vs HDFC Bank Vs ICICI Bank: Check Latest FD Interest Rates Comparison,https://www.news18.com/business/savings-and-investments/sbi-vs-hdfc-bank-vs-icici-bank-check-latest-fd-interest-rates-comparison-9073626.html,https://www.news18.com/business/savings-and-investments/sbi-vs-hdfc-bank-vs-icici-bank-check-latest-fd-interest-rates-comparison-9073626.html,news18.com,2024-10-04T17:30:00+05:30,2024-10-07,gdelt_gkg_observation
20241004123000-T2,SBIN.NS,"SBI में 1511 पदों के लिए भर्ती, IT प्रोफेशनल्स के लिए सुनहरा मौका, जल्दी करें, आज आखिरी मौका",https://panchjanya.com/2024/10/04/358026/jobs/sbi-recruitment-2024-1511-it-positions-last-date-apply/,https://panchjanya.com/2024/10/04/358026/jobs/sbi-recruitment-2024-1511-it-positions-last-date-apply/,panchjanya.com,2024-10-04T18:00:00+05:30,2024-10-07,gdelt_gkg_observation
20241004131500-T1052,SBIN.NS,"Government Jobs: Apply now for this recruitment of State Bank of India, otherwise you will miss a good opportunity| lifestyle News in Hindi | Government Jobs: स्टेट बैंक ऑफ इंडिया की इस भर्ती के लिए अभी जाकर कर दें आवेदन, नहीं तो चूक जाएंगे अच्छा मौका",https://www.samacharjagat.com/news/lifestyle/government-jobs-apply-now-for-this-recruitment-of-state-bank-of-india-otherwise-you-will-miss-a-good-opportunity-315015,https://www.samacharjagat.com/news/lifestyle/government-jobs-apply-now-for-this-recruitment-of-state-bank-of-india-otherwise-you-will-miss-a-good-opportunity-315015,samacharjagat.com,2024-10-04T18:45:00+05:30,2024-10-07,gdelt_gkg_observation
20241004143000-607,SBIN.NS,SBI downgrades MTNL's term loan account to NPA over non-payment of dues,https://www.moneycontrol.com/news/business/markets/sbi-downgrades-mtnl-term-loan-account-to-npa-12835769.html,https://www.moneycontrol.com/news/business/markets/sbi-downgrades-mtnl-term-loan-account-to-npa-12835769.html,moneycontrol.com,2024-10-04T20:00:00+05:30,2024-10-07,gdelt_gkg_observation
20241004160000-466,SBIN.NS,SBI classifies MTNL loan accounts as sub-standard NPA; threatens legal action,https://www.moneycontrol.com/news/business/companies/sbi-classifies-mtnl-loan-accounts-as-sub-standard-npa-threatens-legal-action-12835838.html,https://www.moneycontrol.com/news/business/companies/sbi-classifies-mtnl-loan-accounts-as-sub-standard-npa-threatens-legal-action-12835838.html,moneycontrol.com,2024-10-04T21:30:00+05:30,2024-10-07,gdelt_gkg_observation
20241004161500-1779,SBIN.NS,SBI classifies MTNL loan a/c as sub-standard NPA; threatens legal action,https://economictimes.indiatimes.com/industry/banking/finance/banking/sbi-classifies-mtnl-loan-a/c-as-sub-standard-npa-threatens-legal-action/articleshow/113946505.cms,https://economictimes.indiatimes.com/industry/banking/finance/banking/sbi-classifies-mtnl-loan-a/c-as-sub-standard-npa-threatens-legal-action/articleshow/113946505.cms,indiatimes.com,2024-10-04T21:45:00+05:30,2024-10-07,gdelt_gkg_observation
20241004173000-T1610,SBIN.NS,म्यूचुअल फंड निवेशक कहाँ बनायेंगे बड़ा पैसा? एसबीआई म्यूचुअल फंड के डी. पी. सिंह से बातचीत,https://www.sharemanthan.in/462-advice/76401-mutual-funds-sbi-mutual-funds-d-p-singh-interview-20241004,https://www.sharemanthan.in/462-advice/76401-mutual-funds-sbi-mutual-funds-d-p-singh-interview-20241004,sharemanthan.in,2024-10-04T23:00:00+05:30,2024-10-07,gdelt_gkg_observation
20241004181500-2190,SBIN.NS,"SBI downgrades MTNL loan account as sub-standard NPA, threatens legal action",https://www.livemint.com/companies/sbi-downgrades-mtnl-loan-account-as-sub-standard-npa-threatens-legal-action-11728060931680.html,https://www.livemint.com/companies/sbi-downgrades-mtnl-loan-account-as-sub-standard-npa-threatens-legal-action-11728060931680.html,livemint.com,2024-10-04T23:45:00+05:30,2024-10-07,gdelt_gkg_observation
20241004181500-226,SBIN.NS,"SBI Observes Breast Cancer Awareness Month with Webinars, Podcast and New Resources",https://www.itnonline.com/content/sbi-observes-breast-cancer-awareness-month-webinars-podcast-and-new-resources,https://www.itnonline.com/content/sbi-observes-breast-cancer-awareness-month-webinars-podcast-and-new-resources,itnonline.com,2024-10-04T23:45:00+05:30,2024-10-07,gdelt_gkg_observation
20241004203000-26,SBIN.NS,SBI classifies MTNL loan accounts as sub-standard NPA: Report | Indiablooms - First Portal on Digital News Management,https://www.indiablooms.com/finance-details/21399/sbi-classifies-mtnl-loan-accounts-as-sub-standard-npa-report.html,https://www.indiablooms.com/finance-details/21399/sbi-classifies-mtnl-loan-accounts-as-sub-standard-npa-report.html,indiablooms.com,2024-10-05T02:00:00+05:30,2024-10-07,gdelt_gkg_observation
20241005001500-958,SBIN.NS,'Navratna' MTNL is now an NPA in SBI's books - Banking & Finance News,https://www.financialexpress.com/business/banking-finance-navratna-mtnl-is-now-an-npa-in-sbis-books-3630926/,https://www.financialexpress.com/business/banking-finance-navratna-mtnl-is-now-an-npa-in-sbis-books-3630926/,financialexpress.com,2024-10-05T05:45:00+05:30,2024-10-07,gdelt_gkg_observation
20241005044500-442,SBIN.NS,"SBI classifies MTNL loan account as sub-standard NPA; threatens legal action, ET Telecom",https://telecom.economictimes.indiatimes.com/news/industry/sbi-classifies-mtnl-loan-account-as-sub-standard-npa-threatens-legal-action/113953962,https://telecom.economictimes.indiatimes.com/news/industry/sbi-classifies-mtnl-loan-account-as-sub-standard-npa-threatens-legal-action/113953962,indiatimes.com,2024-10-05T10:15:00+05:30,2024-10-07,gdelt_gkg_observation
20241005090000-T2005,SBIN.NS,"SBI SCO 2024 Last Date : बढ़ गई एसबीआई की 1500+ वैकेंसी की लास्ट डेट, अब इस नई डेट तक भरें फॉर्म",https://navbharattimes.indiatimes.com/education/jobs-junction/sbi-recruitment-2024-apply-online-last-date-extended-till-14-october-application-form-at-sbi-co-in/articleshow/113960518.cms,https://navbharattimes.indiatimes.com/education/jobs-junction/sbi-recruitment-2024-apply-online-last-date-extended-till-14-october-application-form-at-sbi-co-in/articleshow/113960518.cms,indiatimes.com,2024-10-05T14:30:00+05:30,2024-10-07,gdelt_gkg_observation
20241005104500-118,SBIN.NS,"Abhishek Bachchan gets Rs 1800000 from State Bank of India per month, here's why",https://www.india.com/business/abhishek-bachchan-gets-rs-1800000-from-state-bank-of-india-per-month-heres-why-7300451/,https://www.india.com/business/abhishek-bachchan-gets-rs-1800000-from-state-bank-of-india-per-month-heres-why-7300451/,india.com,2024-10-05T16:15:00+05:30,2024-10-07,gdelt_gkg_observation
20241005104500-750,SBIN.NS,"Festive offers 2024 on loans, FDs, credit card spends: ICICI Bank, SBI, Axis Bank, Union Bank of India, Canara Bank, Bank of India",https://economictimes.indiatimes.com/wealth/save/festive-offers-2024-on-loans-fds-credit-card-spends-icici-bank-axis-bank-union-bank-of-india-canara-bank-bank-of-india/articleshow/113959968.cms,https://economictimes.indiatimes.com/wealth/save/festive-offers-2024-on-loans-fds-credit-card-spends-icici-bank-axis-bank-union-bank-of-india-canara-bank-bank-of-india/articleshow/113959968.cms,indiatimes.com,2024-10-05T16:15:00+05:30,2024-10-07,gdelt_gkg_observation
20241005104500-587,SBIN.NS,F&O Talk: Geopolitical tensions push Nifty below 50 DEMA—Buy or wait? Explains Sudeep Shah of SBI Securities,https://economictimes.indiatimes.com/markets/expert-view/fo-talk-geopolitical-tensions-push-nifty-below-50-demabuy-or-wait-explains-sudeep-shah-of-sbi-securities/articleshow/113963199.cms,https://economictimes.indiatimes.com/markets/expert-view/fo-talk-geopolitical-tensions-push-nifty-below-50-demabuy-or-wait-explains-sudeep-shah-of-sbi-securities/articleshow/113963199.cms,indiatimes.com,2024-10-05T16:15:00+05:30,2024-10-07,gdelt_gkg_observation
20241005110000-218,SBIN.NS,SBI declares MTNL a non-performing asset amid Rs 325.53 crore debt,https://www.business-standard.com/companies/news/sbi-declares-mtnl-a-non-performing-asset-amid-rs-325-53-crore-debt-124100500441_1.html,https://www.business-standard.com/companies/news/sbi-declares-mtnl-a-non-performing-asset-amid-rs-325-53-crore-debt-124100500441_1.html,business-standard.com,2024-10-05T16:30:00+05:30,2024-10-07,gdelt_gkg_observation
20241005131500-550,SBIN.NS,"BIG boost for Mukesh Ambani's Jio Financial Services, to challenge ICICI, SBI bank as his company gets SEBI nod for...",https://www.dnaindia.com/business/report-big-boost-for-mukesh-ambani-jio-financial-services-to-challenge-icici-sbi-bank-as-his-company-gets-sebi-3111627,https://www.dnaindia.com/business/report-big-boost-for-mukesh-ambani-jio-financial-services-to-challenge-icici-sbi-bank-as-his-company-gets-sebi-3111627,dnaindia.com,2024-10-05T18:45:00+05:30,2024-10-07,gdelt_gkg_observation
20241005170000-324,SBIN.NS,Chartist Talks: Sudeep Shah of SBI Securities sees potential opportunities for investors in IT sector given strong technical indicators,https://www.moneycontrol.com/news/business/markets/chartist-talks-sudeep-shah-of-sbi-securities-sees-potential-opportunities-for-investors-in-it-sector-given-strong-technical-indicators-12836352.html,https://www.moneycontrol.com/news/business/markets/chartist-talks-sudeep-shah-of-sbi-securities-sees-potential-opportunities-for-investors-in-it-sector-given-strong-technical-indicators-12836352.html,moneycontrol.com,2024-10-05T22:30:00+05:30,2024-10-07,gdelt_gkg_observation
20241005233000-534,SBIN.NS,"MTNL defaults on repayment of Rs 326cr, SBI declares it NPA",https://timesofindia.indiatimes.com/business/india-business/mtnl-defaults-on-repayment-of-rs-326cr-sbi-declares-it-npa/articleshow/113973807.cms,https://timesofindia.indiatimes.com/business/india-business/mtnl-defaults-on-repayment-of-rs-326cr-sbi-declares-it-npa/articleshow/113973807.cms,indiatimes.com,2024-10-06T05:00:00+05:30,2024-10-07,gdelt_gkg_observation
20241006094500-155,SBIN.NS,"State Bank of India plans to increase headcount by 10,000 this fiscal",https://economictimes.indiatimes.com/industry/banking/finance/banking/state-bank-of-india-plans-to-increase-headcount-by-10000-this-fiscal/articleshow/113982926.cms,https://economictimes.indiatimes.com/industry/banking/finance/banking/state-bank-of-india-plans-to-increase-headcount-by-10000-this-fiscal/articleshow/113982926.cms,indiatimes.com,2024-10-06T15:15:00+05:30,2024-10-07,gdelt_gkg_observation
20241006110000-789,SBIN.NS,"SBI To Recruit 10,000 Staff In FY2024 To Boost General Banking, Tech Capabilities",https://www.news18.com/business/banking-finance/sbi-recruitment-2024-state-bank-of-india-job-vacancy-9075639.html,https://www.news18.com/business/banking-finance/sbi-recruitment-2024-state-bank-of-india-job-vacancy-9075639.html,news18.com,2024-10-06T16:30:00+05:30,2024-10-07,gdelt_gkg_observation
20241006111500-T1909,SBIN.NS,"घाटे में चल रही सरकारी नवरत्न कंपनी, मगर रॉकेट बने शेयर; SBI ने लिया बड़ा ऐक्शन, कानूनी कार्रवाई तक आई बात - government navratna company running in loss but shares became rocket sbi took big action it even reached the point of legal action",https://hindi.business-standard.com/markets/share-market/government-navratna-company-running-in-loss-but-shares-became-rocket-sbi-took-big-action-it-even-reached-the-point-of-legal-action-id-376265,https://hindi.business-standard.com/markets/share-market/government-navratna-company-running-in-loss-but-shares-became-rocket-sbi-took-big-action-it-even-reached-the-point-of-legal-action-id-376265,business-standard.com,2024-10-06T16:45:00+05:30,2024-10-07,gdelt_gkg_observation
20241006111500-T1913,SBIN.NS,"SBI Recruitment: बेरोजगारों के लिए अच्छी खबर, एसबीआई करेगा 10,000 कर्मचारियों की नियुक्ति",https://www.dainiktribuneonline.com/news/nation/sbi-recruitment-good-news-for-unemployed-sbi-will-appoint-10000-employees/,https://www.dainiktribuneonline.com/news/nation/sbi-recruitment-good-news-for-unemployed-sbi-will-appoint-10000-employees/,dainiktribuneonline.com,2024-10-06T16:45:00+05:30,2024-10-07,gdelt_gkg_observation
20241006111500-T1899,SBIN.NS,"SBI Recruitment 2024: इस साल एसबीआई निकालेगा बंपर भर्ती! 10,000 कर्मचारियों को करेगा नियुक्त - sbi recruitment 2024 this year sbi will do bumper recruitment and will appoint 10000 employees",https://hindi.business-standard.com/finance/banking/sbi-recruitment-2024-this-year-sbi-will-do-bumper-recruitment-and-will-appoint-10000-employees-id-376252,https://hindi.business-standard.com/finance/banking/sbi-recruitment-2024-this-year-sbi-will-do-bumper-recruitment-and-will-appoint-10000-employees-id-376252,business-standard.com,2024-10-06T16:45:00+05:30,2024-10-07,gdelt_gkg_observation
20241006114500-16,SBIN.NS,"SBI job vacancy 2024: Bank plans to recruit 10,000 new employees; details here",https://www.orissapost.com/sbi-job-vacancy-2024-bank-plans-to-recruit-10000-new-employees-details-here/,https://www.orissapost.com/sbi-job-vacancy-2024-bank-plans-to-recruit-10000-new-employees-details-here/,orissapost.com,2024-10-06T17:15:00+05:30,2024-10-07,gdelt_gkg_observation
20241006133000-955,SBIN.NS,Buy or sell: From ONGC to SBI — Ganesh Dongre recommends three stocks for Monday,https://www.livemint.com/market/stock-market-news/buy-or-sell-from-ongc-to-sbi-ganesh-dongre-recommends-three-stocks-for-monday-11728212629593.html,https://www.livemint.com/market/stock-market-news/buy-or-sell-from-ongc-to-sbi-ganesh-dongre-recommends-three-stocks-for-monday-11728212629593.html,livemint.com,2024-10-06T19:00:00+05:30,2024-10-07,gdelt_gkg_observation
20241007024500-680,SBIN.NS,Nepal SBI Bank contributes Rs2.5 to PM Disaster Relief Fund,https://kathmandupost.com/money/2024/10/07/nepal-sbi-bank-contributes-rs2-5-to-pm-disaster-relief-fund,https://kathmandupost.com/money/2024/10/07/nepal-sbi-bank-contributes-rs2-5-to-pm-disaster-relief-fund,kathmandupost.com,2024-10-07T08:15:00+05:30,2024-10-07,gdelt_gkg_observation
20241007041500-277,SBIN.NS,"Stocks To Watch: Paytm, Adani Wilmar, Zomato, HDFC Bank, IndiGo, SBI, REC, And Others",https://www.news18.com/business/markets/stocks-to-watch-paytm-adani-wilmar-zomato-hdfc-bank-indigo-sbi-rec-and-others-9076110.html,https://www.news18.com/business/markets/stocks-to-watch-paytm-adani-wilmar-zomato-hdfc-bank-indigo-sbi-rec-and-others-9076110.html,news18.com,2024-10-07T09:45:00+05:30,2024-10-07,gdelt_gkg_observation
20241007050000-T34,SBIN.NS,"चालू वित्त वर्ष में 10 हजार नए लोगों को नौकरी पर रखेगा एसबीआई, आम बैंकिंग जरूरतों को पूरा करने के लिए होगी कर्मचारियों की नियुक्ति - SBI will hire 10 thousand new people in the current financial year, employees will be appointed to meet general banking needs",https://www.jagran.com/news/education-sbi-will-hire-10-thousand-new-people-in-the-current-financial-year-employees-will-be-appointed-to-meet-general-banking-needs-23811246.html,https://www.jagran.com/news/education-sbi-will-hire-10-thousand-new-people-in-the-current-financial-year-employees-will-be-appointed-to-meet-general-banking-needs-23811246.html,jagran.com,2024-10-07T10:30:00+05:30,2024-10-07,gdelt_gkg_observation
20241007061500-847,SBIN.NS,"MASSIVE Hiring In SBI; Bank To Recruit 10,000 New Employees, Open 600 Branches This Fiscal –Check SBI Recruitment Details",https://zeenews.india.com/economy/massive-hiring-in-sbi-bank-to-recruit-10000-new-employees-open-600-branches-this-fiscal-check-sbi-recruitment-details-2803656.html,https://zeenews.india.com/economy/massive-hiring-in-sbi-bank-to-recruit-10000-new-employees-open-600-branches-this-fiscal-check-sbi-recruitment-details-2803656.html,india.com,2024-10-07T11:45:00+05:30,2024-10-07,gdelt_gkg_observation
20241007074500-926,SBIN.NS,"SBI to Hire 10,000 Employees: India's Largest Bank Gears Up for Expansion",https://www.careerindia.com/news/sbi-to-hire-10-000-employees-india-s-largest-bank-gears-up-for-expansion-044069.html,https://www.careerindia.com/news/sbi-to-hire-10-000-employees-india-s-largest-bank-gears-up-for-expansion-044069.html,careerindia.com,2024-10-07T13:15:00+05:30,2024-10-07,gdelt_gkg_observation
20241007083000-1229,SBIN.NS,"SBI Will Hire 10,000 Employees This Year To Improve Operations - Trak.in - Indian Business of Tech, Mobile & Startups",https://trak.in/stories/sbi-will-hire-10000-employees-this-year-to-improve-operations/,https://trak.in/stories/sbi-will-hire-10000-employees-this-year-to-improve-operations/,trak.in,2024-10-07T14:00:00+05:30,2024-10-07,gdelt_gkg_observation
20241007100000-T1272,SBIN.NS,"MTNL के शेयर में लगा लोअर सर्किट, SBI ने दे दिया अल्टीमेटम - mtnl shares hit lower circuit sbi gives ultimatum to repay loan",https://www.punjabkesari.in/business/news/mtnl-shares-hit-lower-circuit-sbi-gives-ultimatum-to-repay-loan-2044335,https://www.punjabkesari.in/business/news/mtnl-shares-hit-lower-circuit-sbi-gives-ultimatum-to-repay-loan-2044335,punjabkesari.in,2024-10-07T15:30:00+05:30,2024-10-08,gdelt_gkg_observation
20241007124500-735,SBIN.NS,MTNL hits the floor after SBI declares term loan account as NPA,https://www.business-standard.com/markets/capital-market-news/mtnl-hits-the-floor-after-sbi-declares-term-loan-account-as-npa-124100700796_1.html,https://www.business-standard.com/markets/capital-market-news/mtnl-hits-the-floor-after-sbi-declares-term-loan-account-as-npa-124100700796_1.html,business-standard.com,2024-10-07T18:15:00+05:30,2024-10-08,gdelt_gkg_observation
20241007134500-T2794,SBIN.NS,"SBI Recruitment 2024: Bank will recruit 10,000 employees, know how to apply| lifestyle News in Hindi | SBI Recruitment 2024: बैंक करेगा 10,000 कर्मचारियों की भर्ती, जानिए कैसे करें आवेदन",https://www.samacharjagat.com/news/lifestyle/sbi-recruitment-2024-bank-will-recruit-10-000-employees-know-how-to-apply-315127,https://www.samacharjagat.com/news/lifestyle/sbi-recruitment-2024-bank-will-recruit-10-000-employees-know-how-to-apply-315127,samacharjagat.com,2024-10-07T19:15:00+05:30,2024-10-08,gdelt_gkg_observation
20241007204500-370,SBIN.NS,"SBI Hiring: SBI to hire 10,000 employees as it opens 600 new branches",https://techstory.in/sbi-hiring-sbi-to-hire-10000-employees-as-it-opens-600-new-branches/,https://techstory.in/sbi-hiring-sbi-to-hire-10000-employees-as-it-opens-600-new-branches/,techstory.in,2024-10-08T02:15:00+05:30,2024-10-08,gdelt_gkg_observation
20241008051500-425,SBIN.NS,"Upcoming IPO: SEBI approves NSDL IPO; HDFC Bank, SBI, Union Bank, others to divest stake in depository",https://www.livemint.com/market/ipo/upcoming-ipo-sebi-approves-nsdl-ipo-hdfc-bank-sbi-union-bank-others-to-divest-stake-in-depository-11728361859440.html,https://www.livemint.com/market/ipo/upcoming-ipo-sebi-approves-nsdl-ipo-hdfc-bank-sbi-union-bank-others-to-divest-stake-in-depository-11728361859440.html,livemint.com,2024-10-08T10:45:00+05:30,2024-10-08,gdelt_gkg_observation
20241008060000-423,SBIN.NS,"SBI declares MTNL account as NPA: Share price down 8% today, 15% in 3 days: MTNL share price",https://www.business-standard.com/markets/news/sbi-declares-mtnl-account-as-npa-share-price-down-8-today-15-in-3-days-124100800287_1.html,https://www.business-standard.com/markets/news/sbi-declares-mtnl-account-as-npa-share-price-down-8-today-15-in-3-days-124100800287_1.html,business-standard.com,2024-10-08T11:30:00+05:30,2024-10-08,gdelt_gkg_observation
20241008063000-510,SBIN.NS,"NSDL IPO Receives Sebi Approval: IDBI, SBI, HDFC Bank, Others to Offload 5.7 Crore Shares Via OFS",https://www.news18.com/business/ipo/nsdl-ipo-receives-sebi-approval-idbi-sbi-hdfc-bank-others-to-offload-5-7-crore-shares-via-ofs-9078097.html,https://www.news18.com/business/ipo/nsdl-ipo-receives-sebi-approval-idbi-sbi-hdfc-bank-others-to-offload-5-7-crore-shares-via-ofs-9078097.html,news18.com,2024-10-08T12:00:00+05:30,2024-10-08,gdelt_gkg_observation
20241008071500-338,SBIN.NS,"NSDL IPO Receives Sebi Approval: IDBI, SBI, HDFC Bank, Others to Offload 5.7 Crore Shares ...",https://article.wn.com/view/2024/10/08/NSDL_IPO_Receives_Sebi_Approval_IDBI_SBI_HDFC_Bank_Others_to/,https://article.wn.com/view/2024/10/08/NSDL_IPO_Receives_Sebi_Approval_IDBI_SBI_HDFC_Bank_Others_to/,wn.com,2024-10-08T12:45:00+05:30,2024-10-08,gdelt_gkg_observation
20241008090000-T2018,SBIN.NS,"SEBI NSDL IPO Approval Details Update; IDBI Bank NSE | SUUTI SBI HDFC | SEBI ने नेशनल सिक्योरिटीज डिपॉजिटरी के IPO को मंजूरी दी: 5.72 करोड़ शेयर्स बेचेंगे कंपनी के 6 मौजूदा शेयरहोल्डर्स, यह पूरी तरह का OFS होगा",https://www.bhaskar.com/business/news/sebi-nsdl-ipo-approval-details-update-idbi-bank-nse-133770370.html,https://www.bhaskar.com/business/news/sebi-nsdl-ipo-approval-details-update-idbi-bank-nse-133770370.html,bhaskar.com,2024-10-08T14:30:00+05:30,2024-10-08,gdelt_gkg_observation
20241008091500-751,SBIN.NS,SBI extends Fixed Deposit schemes: How they stack up versus other PSBs,https://www.business-standard.com/finance/personal-finance/sbi-extends-fixed-deposit-schemes-how-they-stack-up-versus-other-psbs-124100800429_1.html,https://www.business-standard.com/finance/personal-finance/sbi-extends-fixed-deposit-schemes-how-they-stack-up-versus-other-psbs-124100800429_1.html,business-standard.com,2024-10-08T14:45:00+05:30,2024-10-08,gdelt_gkg_observation
20241008093000-208,SBIN.NS,"SEBI clears NSDL IPO, IDBI Bank, SBI to sell stakes in OFS",https://www.prokerala.com/news/articles/a1570740.html,https://www.prokerala.com/news/articles/a1570740.html,prokerala.com,2024-10-08T15:00:00+05:30,2024-10-08,gdelt_gkg_observation
20241008093000-595,SBIN.NS,"SEBI clears NSDL IPO; IDBI Bank, SBI to sell stakes in OFS",https://www.prokerala.com/news/articles/a1570741.html,https://www.prokerala.com/news/articles/a1570741.html,prokerala.com,2024-10-08T15:00:00+05:30,2024-10-08,gdelt_gkg_observation
20241008094500-T744,SBIN.NS,"NSDL IPO get approval from sebi these investors may sell their share NSDL IPO को मिली सेबी की मंजूरी, SBI, HDFC कर सकते हैं शेयरों की बिक्री, बिज़नेस न्यूज़",https://www.livehindustan.com/business/nsdl-ipo-get-approval-from-sebi-these-investors-may-sell-their-share-201728376484180.html,https://www.livehindustan.com/business/nsdl-ipo-get-approval-from-sebi-these-investors-may-sell-their-share-201728376484180.html,livehindustan.com,2024-10-08T15:15:00+05:30,2024-10-08,gdelt_gkg_observation
20241008101500-T626,SBIN.NS,"SEBI NSDL IPO Approval Details Update; IDBI Bank NSE | SUUTI SBI HDFC | SEBIची NSDLच्या IPO ला मान्यता: कंपनीचे 6 विद्यमान भागधारक 5.72 कोटी शेअर्स विकतील, हे पूर्णपणे OFS असेल",https://divyamarathi.bhaskar.com/business/ipo-update/news/sebi-nsdl-ipo-approval-details-update-idbi-bank-nse-suuti-sbi-hdfc-133770509.html,https://divyamarathi.bhaskar.com/business/ipo-update/news/sebi-nsdl-ipo-approval-details-update-idbi-bank-nse-suuti-sbi-hdfc-133770509.html,bhaskar.com,2024-10-08T15:45:00+05:30,2024-10-09,gdelt_gkg_observation
20241008103000-1401,SBIN.NS,"NSDL gets Sebi nod to float IPO; NSE, HDFC Bank, SBI to pare stakes",https://www.thehindu.com/business/nsdl-gets-sebi-nod-to-float-ipo-nse-hdfc-bank-sbi-to-pare-stakes/article68732018.ece,https://www.thehindu.com/business/nsdl-gets-sebi-nod-to-float-ipo-nse-hdfc-bank-sbi-to-pare-stakes/article68732018.ece,thehindu.com,2024-10-08T16:00:00+05:30,2024-10-09,gdelt_gkg_observation
20241008110000-618,SBIN.NS,"SEBI clears NSDL IPO; IDBI Bank, SBI to sell stakes in OFS – Bilkul Online",https://bilkulonline.com/2024/10/08/sebi-clears-nsdl-ipo-idbi-bank-sbi-to-sell-stakes-in-ofs/,https://bilkulonline.com/2024/10/08/sebi-clears-nsdl-ipo-idbi-bank-sbi-to-sell-stakes-in-ofs/,bilkulonline.com,2024-10-08T16:30:00+05:30,2024-10-09,gdelt_gkg_observation
20241008110000-1314,SBIN.NS,"NSDL Gets Sebi Nod to Float IPO; NSE, HDFC Bank, SBI to Pare Stakes",https://www.timesnownews.com/business-economy/companies/nsdl-gets-sebi-nod-to-float-ipo-nse-hdfc-bank-sbi-to-pare-stakes-article-114043567,https://www.timesnownews.com/business-economy/companies/nsdl-gets-sebi-nod-to-float-ipo-nse-hdfc-bank-sbi-to-pare-stakes-article-114043567,timesnownews.com,2024-10-08T16:30:00+05:30,2024-10-09,gdelt_gkg_observation
20241008111500-901,SBIN.NS,"SEBI Clears NSDL IPO; IDBI Bank, SBI To Sell Stakes In OFS",https://zeenews.india.com/economy/sebi-clears-nsdl-ipo-idbi-bank-sbi-to-sell-stakes-in-ofs-2804306.html,https://zeenews.india.com/economy/sebi-clears-nsdl-ipo-idbi-bank-sbi-to-sell-stakes-in-ofs-2804306.html,india.com,2024-10-08T16:45:00+05:30,2024-10-09,gdelt_gkg_observation
20241008111500-313,SBIN.NS,"SEBI Clears NSDL IPO; SBI, IDBI Bank to Sell Stakes in OFS",https://pragativadi.com/sebi-clears-nsdl-ipo-sbi-idbi-bank-to-sell-stakes-in-ofs/,https://pragativadi.com/sebi-clears-nsdl-ipo-sbi-idbi-bank-to-sell-stakes-in-ofs/,pragativadi.com,2024-10-08T16:45:00+05:30,2024-10-09,gdelt_gkg_observation
20241008121500-T1922,SBIN.NS,"Government Jobs: The last date to apply for this recruitment of State Bank of India is near, you should know| lifestyle News in Hindi | Government Jobs: स्टेट बैंक ऑफ इंडिया की इस भर्ती के लिए पास में ही आवेदन करने की अन्तिम तारीख, जान लें आप",https://www.samacharjagat.com/news/lifestyle/government-jobs-the-last-date-to-apply-for-this-recruitment-of-state-bank-of-india-is-near-you-should-know-315193,https://www.samacharjagat.com/news/lifestyle/government-jobs-the-last-date-to-apply-for-this-recruitment-of-state-bank-of-india-is-near-you-should-know-315193,samacharjagat.com,2024-10-08T17:45:00+05:30,2024-10-09,gdelt_gkg_observation
20241008140000-70,SBIN.NS,"IPO: NSDL Gets SEBI Nod; NSE, SBI, HDFC Bank to Sell Shares",https://moneylife.in/article/ipo-nsdl-gets-sebi-nod-nse-sbi-hdfc-bank-to-sell-shares/75323.html,https://moneylife.in/article/ipo-nsdl-gets-sebi-nod-nse-sbi-hdfc-bank-to-sell-shares/75323.html,moneylife.in,2024-10-08T19:30:00+05:30,2024-10-09,gdelt_gkg_observation
20241008144500-322,SBIN.NS,"SEBI Clears NSDL IPO; IDBI Bank, SBI To Sell Stakes In OFS",https://easternmirrornagaland.com/sebi-clears-nsdl-ipo-idbi-bank-sbi-to-sell-stakes-in-ofs/,https://easternmirrornagaland.com/sebi-clears-nsdl-ipo-idbi-bank-sbi-to-sell-stakes-in-ofs/,easternmirrornagaland.com,2024-10-08T20:15:00+05:30,2024-10-09,gdelt_gkg_observation
20241008151500-350,SBIN.NS,"SEBI clears NSDL IPO; IDBI Bank, SBI to sell stakes in OFS",https://www.newkerala.com/news/2024/63320.htm,https://www.newkerala.com/news/2024/63320.htm,newkerala.com,2024-10-08T20:45:00+05:30,2024-10-09,gdelt_gkg_observation
20241008193000-583,SBIN.NS,SBI-led panel against 18% GST on co-lending; submits report to FinMin,https://www.business-standard.com/finance/news/sbi-led-panel-against-18-gst-on-co-lending-submits-report-to-finmin-124100801039_1.html,https://www.business-standard.com/finance/news/sbi-led-panel-against-18-gst-on-co-lending-submits-report-to-finmin-124100801039_1.html,business-standard.com,2024-10-09T01:00:00+05:30,2024-10-09,gdelt_gkg_observation
20241009041500-330,SBIN.NS,"Hot Stocks: Brokerage view on HDFC Bank, SBI and IGL",https://economictimes.indiatimes.com/markets/stocks/news/hot-stocks-brokerage-view-on-hdfc-bank-sbi-and-igl/articleshow/114064602.cms,https://economictimes.indiatimes.com/markets/stocks/news/hot-stocks-brokerage-view-on-hdfc-bank-sbi-and-igl/articleshow/114064602.cms,indiatimes.com,2024-10-09T09:45:00+05:30,2024-10-09,gdelt_gkg_observation
20241009050000-1094,SBIN.NS,"Nomura on SBI: SBI is Nomura's top pick, says PSB well set to deliver on asset quality",https://www.business-standard.com/markets/news/sbi-is-nomura-s-top-pick-says-psb-well-set-to-deliver-on-asset-quality-124100900101_1.html,https://www.business-standard.com/markets/news/sbi-is-nomura-s-top-pick-says-psb-well-set-to-deliver-on-asset-quality-124100900101_1.html,business-standard.com,2024-10-09T10:30:00+05:30,2024-10-09,gdelt_gkg_observation
20241009050000-1160,SBIN.NS,"SBI, Bharti Airtel, NTPC, TCS to drive Q2 Nifty earnings; RIL, ONGC, Tata Steel to drag numbers",https://www.businesstoday.in/markets/stocks/story/sbi-bharti-airtel-ntpc-tcs-to-drive-q2-nifty-earnings-ril-ongc-tata-steel-to-drag-numbers-449292-2024-10-09,https://www.businesstoday.in/markets/stocks/story/sbi-bharti-airtel-ntpc-tcs-to-drive-q2-nifty-earnings-ril-ongc-tata-steel-to-drag-numbers-449292-2024-10-09,businesstoday.in,2024-10-09T10:30:00+05:30,2024-10-09,gdelt_gkg_observation
20241009060000-T2282,SBIN.NS,"``B Tech, B.E, MCA படித்திருக்கிறீர்களா?'' - SBI வங்கியில் 1,497 காலி பணியிடங்கள்!",https://www.vikatan.com/careers/jobs/vacancies-in-sbi-bank-for-b-tech-be-mca-qualification,https://www.vikatan.com/careers/jobs/vacancies-in-sbi-bank-for-b-tech-be-mca-qualification,vikatan.com,2024-10-09T11:30:00+05:30,2024-10-09,gdelt_gkg_observation
20241009071500-785,SBIN.NS,"Rate-sensitives like SBI, Phoenix Mills, Prestige Estate rally after RBI keeps repo rate unchanged",https://www.financialexpress.com/market/rate-sensitives-like-sbi-phoenix-mills-prestige-estate-rally-after-rbi-keeps-repo-rate-unchanged-3635072/,https://www.financialexpress.com/market/rate-sensitives-like-sbi-phoenix-mills-prestige-estate-rally-after-rbi-keeps-repo-rate-unchanged-3635072/,financialexpress.com,2024-10-09T12:45:00+05:30,2024-10-09,gdelt_gkg_observation
20241009074500-294,SBIN.NS,"SBI shares zoom over 2% as Nomura sees nearly 25% upside on attractive valuations, asset quality",https://www.moneycontrol.com/news/business/markets/sbi-shares-zoom-over-2-as-nomura-sees-nearly-25-upside-on-attractive-valuations-asset-quality-12838652.html,https://www.moneycontrol.com/news/business/markets/sbi-shares-zoom-over-2-as-nomura-sees-nearly-25-upside-on-attractive-valuations-asset-quality-12838652.html,moneycontrol.com,2024-10-09T13:15:00+05:30,2024-10-09,gdelt_gkg_observation
20241009083000-1014,SBIN.NS,FD interest rate up to 7.6%: SBI extends Amrit Kalash special deposit deadline,https://economictimes.indiatimes.com/wealth/invest/fd-interest-rate-up-to-7-6-sbi-extends-amrit-kalash-special-deposit-deadline/articleshow/114072867.cms,https://economictimes.indiatimes.com/wealth/invest/fd-interest-rate-up-to-7-6-sbi-extends-amrit-kalash-special-deposit-deadline/articleshow/114072867.cms,indiatimes.com,2024-10-09T14:00:00+05:30,2024-10-09,gdelt_gkg_observation
20241009083000-1347,SBIN.NS,SBI is Nomura India's top banking stock idea ahead of RBI rate cuts; here's why,https://www.businesstoday.in/markets/stocks/story/sbi-is-nomura-indias-top-banking-stock-idea-ahead-of-rbi-rate-cuts-heres-why-449330-2024-10-09,https://www.businesstoday.in/markets/stocks/story/sbi-is-nomura-indias-top-banking-stock-idea-ahead-of-rbi-rate-cuts-heres-why-449330-2024-10-09,businesstoday.in,2024-10-09T14:00:00+05:30,2024-10-09,gdelt_gkg_observation
20241009134500-763,SBIN.NS,"SBI shares rose 36% in a year, beat Bank Nifty, Sensex returns; what's next?",https://www.businesstoday.in/markets/company-stock/story/sbi-shares-rise-beat-bank-nifty-sensex-returns-price-targets-outlook-449382-2024-10-09,https://www.businesstoday.in/markets/company-stock/story/sbi-shares-rise-beat-bank-nifty-sensex-returns-price-targets-outlook-449382-2024-10-09,businesstoday.in,2024-10-09T19:15:00+05:30,2024-10-10,gdelt_gkg_observation
20241009161500-1608,SBIN.NS,SBI Revises Credit Card Rates: Higher Charges for Late Credit Card Bill Payments,https://www.jagranjosh.com/current-affairs/sbi-increases-credit-card-rates-higher-charges-for-late-credit-card-bill-payments-1728480653-1,https://www.jagranjosh.com/current-affairs/sbi-increases-credit-card-rates-higher-charges-for-late-credit-card-bill-payments-1728480653-1,jagranjosh.com,2024-10-09T21:45:00+05:30,2024-10-10,gdelt_gkg_observation
20241010034500-122,SBIN.NS,Rate cut with 7 per cent of growth never happened in India or globally: SBI,https://news.webindia123.com/news/Articles/Business/20241010/4244217.html,https://news.webindia123.com/news/Articles/Business/20241010/4244217.html,webindia123.com,2024-10-10T09:15:00+05:30,2024-10-10,gdelt_gkg_observation
20241010041500-1026,SBIN.NS,"SBI notices intriguing detail in RBI's latest GDP forecast, flags a ""rare, unprecedented"" possibility",https://economictimes.indiatimes.com/news/economy/indicators/sbi-notices-intriguing-detail-in-rbis-latest-gdp-forecast-flags-a-rare-unprecedented-possibility/articleshow/114103000.cms,https://economictimes.indiatimes.com/news/economy/indicators/sbi-notices-intriguing-detail-in-rbis-latest-gdp-forecast-flags-a-rare-unprecedented-possibility/articleshow/114103000.cms,indiatimes.com,2024-10-10T09:45:00+05:30,2024-10-10,gdelt_gkg_observation
20241010051500-807,SBIN.NS,"Powerchip Semiconductor cancels Japan Fab Project, sparking criticism from SBI chairman",https://www.digitimes.com/news/a20241010PD200/psmc-powerchip-wafer-fab-government.html,https://www.digitimes.com/news/a20241010PD200/psmc-powerchip-wafer-fab-government.html,digitimes.com,2024-10-10T10:45:00+05:30,2024-10-10,gdelt_gkg_observation
20241010053000-977,SBIN.NS,Rate Cut With 7% Of Growth Never Happened In India Or Globally: SBI,https://www.freepressjournal.in/business/rate-cut-with-7-of-growth-never-happened-in-india-or-globally-sbi,https://www.freepressjournal.in/business/rate-cut-with-7-of-growth-never-happened-in-india-or-globally-sbi,freepressjournal.in,2024-10-10T11:00:00+05:30,2024-10-10,gdelt_gkg_observation
20241010071500-1111,SBIN.NS,Rate cut with 7 per cent of growth never happened in India or globally: SBI,https://aninews.in/news/business/rate-cut-with-7-per-cent-of-growth-never-happened-in-india-or-globally-sbi20241010083636/,https://aninews.in/news/business/rate-cut-with-7-per-cent-of-growth-never-happened-in-india-or-globally-sbi20241010083636/,aninews.in,2024-10-10T12:45:00+05:30,2024-10-10,gdelt_gkg_observation
20241010090000-T1806,SBIN.NS,SBI PO Notification 2024 Date: आने वाला है एसबीआई पीओ एग्जाम 2024 नोटिफिकेशन! देख लें ताजा अपडेट,https://navbharattimes.indiatimes.com/education/jobs-junction/sbi-po-notification-2024-pdf-download-date-bank-po-sarkari-exam-form-kab-ayega-sbi-co-in/articleshow/114109772.cms,https://navbharattimes.indiatimes.com/education/jobs-junction/sbi-po-notification-2024-pdf-download-date-bank-po-sarkari-exam-form-kab-ayega-sbi-co-in/articleshow/114109772.cms,indiatimes.com,2024-10-10T14:30:00+05:30,2024-10-10,gdelt_gkg_observation
20241010101500-487,SBIN.NS,"SBI Special Fixed Deposit Schemes: SBI Amrit Kalash, Amrit Vrishti schemes get another extension - Check new deadlines, tenors and rates - Money News",https://www.financialexpress.com/money/sbi-special-fixed-deposits-sbi-amrit-kalash-amrit-vrishti-schemes-get-another-extension-check-new-deadlines-tenors-and-rates-3636309/,https://www.financialexpress.com/money/sbi-special-fixed-deposits-sbi-amrit-kalash-amrit-vrishti-schemes-get-another-extension-check-new-deadlines-tenors-and-rates-3636309/,financialexpress.com,2024-10-10T15:45:00+05:30,2024-10-11,gdelt_gkg_observation
20241010161500-T441,SBIN.NS,"भारतीय स्टेट बैंक शेयर प्राइस टुडे , भारतीय स्टेट बैंक स्टॉक प्राइस - State Bank Of India Share Price Today Live NSE, BSE",https://www.livehindustan.com/business/market-stats/stocks-state-bank-of-india-share-price-nse-bse-s0003016,https://www.livehindustan.com/business/market-stats/stocks-state-bank-of-india-share-price-nse-bse-s0003016,livehindustan.com,2024-10-10T21:45:00+05:30,2024-10-11,gdelt_gkg_observation
20241011023000-540,SBIN.NS,"Meet man who began his career at SBI, now set to lead Rs 30246 crore company as...",https://www.dnaindia.com/business/report-meet-man-partha-pratim-sengupta-who-began-his-career-at-sbi-now-set-to-lead-rs-30246-crore-company-as-ceo-3112685,https://www.dnaindia.com/business/report-meet-man-partha-pratim-sengupta-who-began-his-career-at-sbi-now-set-to-lead-rs-30246-crore-company-as-ceo-3112685,dnaindia.com,2024-10-11T08:00:00+05:30,2024-10-11,gdelt_gkg_observation
20241011071500-1143,SBIN.NS,Deposit growth will soon outweigh credit growth: SBI Research,https://aninews.in/news/business/deposit-growth-will-soon-outweigh-credit-growth-sbi-research20241011120929/,https://aninews.in/news/business/deposit-growth-will-soon-outweigh-credit-growth-sbi-research20241011120929/,aninews.in,2024-10-11T12:45:00+05:30,2024-10-11,gdelt_gkg_observation
20241011081500-1219,SBIN.NS,Deposit growth will soon outweigh credit growth: SBI Research,https://news.webindia123.com/news/Articles/Business/20241011/4244613.html,https://news.webindia123.com/news/Articles/Business/20241011/4244613.html,webindia123.com,2024-10-11T13:45:00+05:30,2024-10-11,gdelt_gkg_observation
20241011084500-83,SBIN.NS,Deposit growth will soon outweigh credit growth: SBI Research,https://www.aninews.in/news/business/deposit-growth-will-soon-outweigh-credit-growth-sbi-research20241011120929/,https://www.aninews.in/news/business/deposit-growth-will-soon-outweigh-credit-growth-sbi-research20241011120929/,aninews.in,2024-10-11T14:15:00+05:30,2024-10-11,gdelt_gkg_observation
20241012023000-534,SBIN.NS,"Meet former TCS employee, who even worked in SBI bank, then cracked UPSC exam to become...",https://www.dnaindia.com/education/report-meet-former-tcs-employee-who-even-worked-in-sbi-bank-then-cracked-upsc-exam-to-become-3112835,https://www.dnaindia.com/education/report-meet-former-tcs-employee-who-even-worked-in-sbi-bank-then-cracked-upsc-exam-to-become-3112835,dnaindia.com,2024-10-12T08:00:00+05:30,2024-10-14,gdelt_gkg_observation
20241013033000-387,SBIN.NS,"Chartist Talks: Strong bullish momentum suggests right time to buy Hindalco, NALCO, CG Power, says Sudeep Shah of SBI Securities",https://www.moneycontrol.com/news/business/markets/chartist-talks-strong-bullish-momentum-suggests-right-time-to-buy-hindalco-nalco-cg-power-says-sudeep-shah-of-sbi-securities-12840888.html,https://www.moneycontrol.com/news/business/markets/chartist-talks-strong-bullish-momentum-suggests-right-time-to-buy-hindalco-nalco-cg-power-says-sudeep-shah-of-sbi-securities-12840888.html,moneycontrol.com,2024-10-13T09:00:00+05:30,2024-10-14,gdelt_gkg_observation
20241013051500-154,SBIN.NS,"F&O Talk| Nifty resistance placed at 25,250-25,300, consolidation likely amid geopolitical tensions: Sudeep Shah of SBI Securities",https://economictimes.indiatimes.com/markets/expert-view/fo-talk-nifty-resistance-placed-at-25250-25300-consolidation-likely-amid-geopolitical-tensions-sudeep-shah-of-sbi-securities/articleshow/114183013.cms,https://economictimes.indiatimes.com/markets/expert-view/fo-talk-nifty-resistance-placed-at-25250-25300-consolidation-likely-amid-geopolitical-tensions-sudeep-shah-of-sbi-securities/articleshow/114183013.cms,indiatimes.com,2024-10-13T10:45:00+05:30,2024-10-14,gdelt_gkg_observation
20241013091500-44,SBIN.NS,SBI plans to enhance threshold limit under instant loan scheme for MSME sector,https://www.moneycontrol.com/news/business/companies/sbi-plans-to-enhance-threshold-limit-under-instant-loan-scheme-for-msme-sector-12841011.html,https://www.moneycontrol.com/news/business/companies/sbi-plans-to-enhance-threshold-limit-under-instant-loan-scheme-for-msme-sector-12841011.html,moneycontrol.com,2024-10-13T14:45:00+05:30,2024-10-14,gdelt_gkg_observation
20241013091500-214,SBIN.NS,MSME sector: SBI plans to enhance threshold limit under instant loan scheme for MSME sector,https://economictimes.indiatimes.com/industry/banking/finance/banking/sbi-plans-to-enhance-threshold-limit-under-instant-loan-scheme-for-msme-sector/articleshow/114186680.cms,https://economictimes.indiatimes.com/industry/banking/finance/banking/sbi-plans-to-enhance-threshold-limit-under-instant-loan-scheme-for-msme-sector/articleshow/114186680.cms,indiatimes.com,2024-10-13T14:45:00+05:30,2024-10-14,gdelt_gkg_observation
20241013093000-43,SBIN.NS,SBI plans to enhance threshold limit under instant loan scheme for MSME sector,https://timesofindia.indiatimes.com/business/india-business/sbi-enhances-instant-loan-scheme-to-boost-credit-access-for-msmes-up-to-rs-5-crore/articleshow/114186899.cms,https://timesofindia.indiatimes.com/business/india-business/sbi-enhances-instant-loan-scheme-to-boost-credit-access-for-msmes-up-to-rs-5-crore/articleshow/114186899.cms,indiatimes.com,2024-10-13T15:00:00+05:30,2024-10-14,gdelt_gkg_observation
20241013101500-158,SBIN.NS,SBI plans to enhance limit under instant loan scheme for MSME sector,https://www.business-standard.com/industry/news/sbi-plans-to-enhance-limit-under-instant-loan-scheme-for-msme-sector-124101300179_1.html,https://www.business-standard.com/industry/news/sbi-plans-to-enhance-limit-under-instant-loan-scheme-for-msme-sector-124101300179_1.html,business-standard.com,2024-10-13T15:45:00+05:30,2024-10-14,gdelt_gkg_observation
20241013110000-485,SBIN.NS,SBI plans to enhance threshold limit under instant loan scheme for MSME sector,https://www.dailyexcelsior.com/sbi-plans-to-enhance-threshold-limit-under-instant-loan-scheme-for-msme-sector/,https://www.dailyexcelsior.com/sbi-plans-to-enhance-threshold-limit-under-instant-loan-scheme-for-msme-sector/,dailyexcelsior.com,2024-10-13T16:30:00+05:30,2024-10-14,gdelt_gkg_observation
20241013111500-121,SBIN.NS,"SBI Plans to Raise Threshold for Instant MSME Loans, Empowering Small Businesses",https://www.news18.com/business/banking-finance/state-bank-of-india-msme-sahaj-sbi-apply-online-9084492.html,https://www.news18.com/business/banking-finance/state-bank-of-india-msme-sahaj-sbi-apply-online-9084492.html,news18.com,2024-10-13T16:45:00+05:30,2024-10-14,gdelt_gkg_observation
20241013121500-873,SBIN.NS,SBI plans to enhance threshold limit under instant loan scheme for MSME sector,https://www.newindianexpress.com/business/2024/Oct/13/sbi-plans-to-enhance-threshold-limit-under-instant-loan-scheme-for-msme-sector-2,https://www.newindianexpress.com/business/2024/Oct/13/sbi-plans-to-enhance-threshold-limit-under-instant-loan-scheme-for-msme-sector-2,newindianexpress.com,2024-10-13T17:45:00+05:30,2024-10-14,gdelt_gkg_observation
20241013123000-T27,SBIN.NS,SBI की छोटे उद्यमों के लिए तत्काल ऋण योजना के तहत सीमा बढ़ाने की योजना - sbi plans to increase the limit under instant loan scheme for small enterprises,https://hindi.business-standard.com/finance/sbi-plans-to-increase-the-limit-under-instant-loan-scheme-for-small-enterprises-id-378030,https://hindi.business-standard.com/finance/sbi-plans-to-increase-the-limit-under-instant-loan-scheme-for-small-enterprises-id-378030,business-standard.com,2024-10-13T18:00:00+05:30,2024-10-14,gdelt_gkg_observation
20241013124500-344,SBIN.NS,SBI plans to enhance threshold limit under instant loan scheme for MSME sector,https://www.thehindubusinessline.com/money-and-banking/sbi-plans-to-enhance-threshold-limit-under-instant-loan-scheme-for-msme-sector/article68748597.ece,https://www.thehindubusinessline.com/money-and-banking/sbi-plans-to-enhance-threshold-limit-under-instant-loan-scheme-for-msme-sector/article68748597.ece,thehindubusinessline.com,2024-10-13T18:15:00+05:30,2024-10-14,gdelt_gkg_observation
20241013131500-544,SBIN.NS,SBI plans to enhance threshold limit under instant loan scheme for MSME sector,https://yourstory.com:443/2024/10/sbi-plans-to-enhance-threshold-limit-under-instant-msme-loans,https://yourstory.com:443/2024/10/sbi-plans-to-enhance-threshold-limit-under-instant-msme-loans,yourstory.com,2024-10-13T18:45:00+05:30,2024-10-14,gdelt_gkg_observation
20241013143000-609,SBIN.NS,Sourcebio International (LON:SBI) Stock Price Up 4.5% – Still a Buy?,https://www.wkrb13.com/2024/10/13/sourcebio-international-lonsbi-stock-price-up-4-5-still-a-buy.html,https://www.wkrb13.com/2024/10/13/sourcebio-international-lonsbi-stock-price-up-4-5-still-a-buy.html,wkrb13.com,2024-10-13T20:00:00+05:30,2024-10-14,gdelt_gkg_observation
20241013201500-621,SBIN.NS,State Bank of India talent emerges high-yield asset for pvt sector banks,https://www.business-standard.com/industry/banking/state-bank-of-india-talent-emerges-high-yield-asset-for-pvt-sector-banks-124101300405_1.html,https://www.business-standard.com/industry/banking/state-bank-of-india-talent-emerges-high-yield-asset-for-pvt-sector-banks-124101300405_1.html,business-standard.com,2024-10-14T01:45:00+05:30,2024-10-14,gdelt_gkg_observation
20241014054500-710,SBIN.NS,"Nifty Bank may see 'sell on rise' trend; SBI, BOB shares may do well: Sumeet Bagadia",https://www.businesstoday.in/markets/stocks/story/nifty-bank-may-see-sell-on-rise-trend-sbi-bob-shares-may-do-well-sumeet-bagadia-449864-2024-10-14,https://www.businesstoday.in/markets/stocks/story/nifty-bank-may-see-sell-on-rise-trend-sbi-bob-shares-may-do-well-sumeet-bagadia-449864-2024-10-14,businesstoday.in,2024-10-14T11:15:00+05:30,2024-10-14,gdelt_gkg_observation
20241014083000-830,SBIN.NS,"Limit For 15-Minute SME Loan From SBI Can Be Extended From Rs 5 Crore - Trak.in - Indian Business of Tech, Mobile & Startups",https://trak.in/stories/limit-for-15-minute-sme-loan-from-sbi-can-be-extended-from-rs-5-crore/,https://trak.in/stories/limit-for-15-minute-sme-loan-from-sbi-can-be-extended-from-rs-5-crore/,trak.in,2024-10-14T14:00:00+05:30,2024-10-14,gdelt_gkg_observation
20241014151500-582,SBIN.NS,"SBI likely to raise up to Rs 5,000 crore via AT-1 bonds soon",https://economictimes.indiatimes.com/markets/bonds/sbi-likely-to-raise-up-to-rs-5000-crore-via-at-1-bonds-soon/articleshow/114223119.cms,https://economictimes.indiatimes.com/markets/bonds/sbi-likely-to-raise-up-to-rs-5000-crore-via-at-1-bonds-soon/articleshow/114223119.cms,indiatimes.com,2024-10-14T20:45:00+05:30,2024-10-15,gdelt_gkg_observation
20241014191500-1095,SBIN.NS,State Bank of India (OTCMKTS:SBKFF) Short Interest Down 24.5% in September,https://www.modernreaders.com/news/2024/10/14/state-bank-of-india-otcmktssbkff-short-interest-down-24-5-in-september.html,https://www.modernreaders.com/news/2024/10/14/state-bank-of-india-otcmktssbkff-short-interest-down-24-5-in-september.html,modernreaders.com,2024-10-15T00:45:00+05:30,2024-10-15,gdelt_gkg_observation
20241015051500-1030,SBIN.NS,SBI cuts loan interest rate by 25 bps on this tenure; check latest State Bank of India lending rates,https://economictimes.indiatimes.com/wealth/borrow/sbi-cuts-loan-interest-rates-25-bps-on-the-tenure-check-latest-state-bank-of-india-lending-rates/articleshow/114236217.cms,https://economictimes.indiatimes.com/wealth/borrow/sbi-cuts-loan-interest-rates-25-bps-on-the-tenure-check-latest-state-bank-of-india-lending-rates/articleshow/114236217.cms,indiatimes.com,2024-10-15T10:45:00+05:30,2024-10-15,gdelt_gkg_observation
20241015053000-86,SBIN.NS,"SBI may raise up to Rs 5,000 crore via AT-1 bonds to boost equity capital: Report",https://www.moneycontrol.com/banking/sbi-may-raise-up-to-rs-5000-cr-from-at-1-bonds-to-boost-equity-capital-report-article-12842078.html,https://www.moneycontrol.com/banking/sbi-may-raise-up-to-rs-5000-cr-from-at-1-bonds-to-boost-equity-capital-report-article-12842078.html,moneycontrol.com,2024-10-15T11:00:00+05:30,2024-10-15,gdelt_gkg_observation
20241015110000-T344,SBIN.NS,"SBI ने दिवाली से पहले करोड़ों ग्राहकों को दिया तोहफा! घटाया MCLR, जानिये कितनी कम होगी EMI?",https://hindi.moneycontrol.com/news/your-money/sbi-india-biggest-government-bank-sbi-state-bank-of-india-decrease-mclr-car-home-loan-emi-will-come-down-in-diwali-1930575.html,https://hindi.moneycontrol.com/news/your-money/sbi-india-biggest-government-bank-sbi-state-bank-of-india-decrease-mclr-car-home-loan-emi-will-come-down-in-diwali-1930575.html,moneycontrol.com,2024-10-15T16:30:00+05:30,2024-10-16,gdelt_gkg_observation
20241015111500-1523,SBIN.NS,SBI slashes key lending rate for THIS tenure. Check the latest MCLR for Oct 2024 here,https://www.livemint.com/money/personal-finance/sbi-slashes-key-lending-rate-on-this-tenure-check-the-latest-mclr-for-oct-2024-here-interest-rates-11728985001372.html,https://www.livemint.com/money/personal-finance/sbi-slashes-key-lending-rate-on-this-tenure-check-the-latest-mclr-for-oct-2024-here-interest-rates-11728985001372.html,livemint.com,2024-10-15T16:45:00+05:30,2024-10-16,gdelt_gkg_observation
20241015113000-1508,SBIN.NS,SBI slashes lending interest rate for this tenure ahead of festive season; check revised loan rates,https://www.businesstoday.in/personal-finance/banking/story/sbi-slashes-lending-interest-rate-for-this-tenure-ahead-of-festive-season-check-revised-loan-rates-450062-2024-10-15,https://www.businesstoday.in/personal-finance/banking/story/sbi-slashes-lending-interest-rate-for-this-tenure-ahead-of-festive-season-check-revised-loan-rates-450062-2024-10-15,businesstoday.in,2024-10-15T17:00:00+05:30,2024-10-16,gdelt_gkg_observation
20241015120000-T85,SBIN.NS,വായ്പ പലിശനിരക്കുകൾ കുറച്ച് എസ്.ബി.ഐ | SBI lowers lending interest rate by 25 basis points on this tenure,https://www.madhyamam.com/business/banking/sbi-lowers-lending-interest-rate-by-25-basis-points-on-this-tenure-1339984,https://www.madhyamam.com/business/banking/sbi-lowers-lending-interest-rate-by-25-basis-points-on-this-tenure-1339984,madhyamam.com,2024-10-15T17:30:00+05:30,2024-10-16,gdelt_gkg_observation
20241015123000-1580,SBIN.NS,SBI Slashes Loan Interest Rate By 25 bps On This Short-Term Tenure; Check MCLR Loan Interest Rates Effective From Oct 15,https://zeenews.india.com/personal-finance/sbi-slashes-loan-interest-rate-by-25-bps-on-this-short-term-tenure-check-mclr-loan-interest-rates-effective-from-oct-15-2807135.html,https://zeenews.india.com/personal-finance/sbi-slashes-loan-interest-rate-by-25-bps-on-this-short-term-tenure-check-mclr-loan-interest-rates-effective-from-oct-15-2807135.html,india.com,2024-10-15T18:00:00+05:30,2024-10-16,gdelt_gkg_observation
20241015130000-T1827,SBIN.NS,"SBI cuts loan interest rate by 25 bps on this short-term tenure check latest State Bank of India lending rates: SBI के लोन और एफडी की ब्‍याज दरों में बदलाव, नया रेट कितना?",https://navbharattimes.indiatimes.com/business/business-news/sbi-cuts-loan-interest-rate-by-25-bps-on-this-short-term-tenure-check-latest-state-bank-of-india-lending-and-fd-rates/articleshow/114249951.cms,https://navbharattimes.indiatimes.com/business/business-news/sbi-cuts-loan-interest-rate-by-25-bps-on-this-short-term-tenure-check-latest-state-bank-of-india-lending-and-fd-rates/articleshow/114249951.cms,indiatimes.com,2024-10-15T18:30:00+05:30,2024-10-16,gdelt_gkg_observation
20241015193000-120,SBIN.NS,SBI Foundation And Villgro Launch 'Innovators For Bharat' To Empower Agri-Tech Startups,https://menafn.com/1108781608/SBI-Foundation-And-Villgro-Launch-Innovators-For-Bharat-To-Empower-Agri-Tech-Startups,https://menafn.com/1108781608/SBI-Foundation-And-Villgro-Launch-Innovators-For-Bharat-To-Empower-Agri-Tech-Startups,menafn.com,2024-10-16T01:00:00+05:30,2024-10-16,gdelt_gkg_observation
20241015231500-1200,SBIN.NS,Sampath Bank strengthens global ties with investment in SBI $ 750 m syndicated loan,https://www.ft.lk/front-page/Sampath-Bank-strengthens-global-ties-with-investment-in-SBI-750-m-syndicated-loan/44-768013,https://www.ft.lk/front-page/Sampath-Bank-strengthens-global-ties-with-investment-in-SBI-750-m-syndicated-loan/44-768013,ft.lk,2024-10-16T04:45:00+05:30,2024-10-16,gdelt_gkg_observation
20241016053000-875,SBIN.NS,"Loan interest rates October 2024: Check latest lending rates of HDFC Bank, SBI, PNB, YES Bank, Bank of Baroda, IDBI Bank",https://economictimes.indiatimes.com/wealth/borrow/loan-interest-rates-october-2024-check-latest-lending-rates-of-hdfc-bank-sbi-pnb-yes-bank-bank-of-baroda-idbi-bank/articleshow/114271311.cms,https://economictimes.indiatimes.com/wealth/borrow/loan-interest-rates-october-2024-check-latest-lending-rates-of-hdfc-bank-sbi-pnb-yes-bank-bank-of-baroda-idbi-bank/articleshow/114271311.cms,indiatimes.com,2024-10-16T11:00:00+05:30,2024-10-16,gdelt_gkg_observation
20241016071500-529,SBIN.NS,Buy State Bank of India; target of Rs 1000: ICICI Securities,https://www.moneycontrol.com/news/business/stocks/buy-state-bank-of-india-target-of-rs-1000-icici-securities-2-12843119.html,https://www.moneycontrol.com/news/business/stocks/buy-state-bank-of-india-target-of-rs-1000-icici-securities-2-12843119.html,moneycontrol.com,2024-10-16T12:45:00+05:30,2024-10-16,gdelt_gkg_observation
20241016071500-345,SBIN.NS,SBI Short-Term Loan Interest Rates Reduced As Bank Cuts MCLR by 25 bps,https://www.news18.com/business/banking-finance/sbi-short-term-loan-interest-rates-reduced-as-bank-cuts-mclr-by-25-bps-9087628.html,https://www.news18.com/business/banking-finance/sbi-short-term-loan-interest-rates-reduced-as-bank-cuts-mclr-by-25-bps-9087628.html,news18.com,2024-10-16T12:45:00+05:30,2024-10-16,gdelt_gkg_observation
20241016074500-126,SBIN.NS,CRISIL Ratings assigns 'AA+' rating to SBI's Tier-I bonds with 'stable' outlook,https://www.business-standard.com/markets/capital-market-news/crisil-ratings-assigns-aa-rating-to-sbi-s-tier-i-bonds-with-stable-outlook-124101600338_1.html,https://www.business-standard.com/markets/capital-market-news/crisil-ratings-assigns-aa-rating-to-sbi-s-tier-i-bonds-with-stable-outlook-124101600338_1.html,business-standard.com,2024-10-16T13:15:00+05:30,2024-10-16,gdelt_gkg_observation
20241016080000-T2208,SBIN.NS,SBI lowers lending interest rate by 25 basis points on this tenure,https://www.sangbadpratidin.in/india/sbi-lowers-lending-interest-rate-by-25-basis-points-on-this-tenure/,https://www.sangbadpratidin.in/india/sbi-lowers-lending-interest-rate-by-25-basis-points-on-this-tenure/,sangbadpratidin.in,2024-10-16T13:30:00+05:30,2024-10-16,gdelt_gkg_observation
20241016083000-117,SBIN.NS,Sampath Bank strengthens global ties with USD 750Mn investment in SBI syndicated loan,https://www.lankabusinessonline.com/sampath-bank-strengthens-global-ties-with-usd-750mn-investment-in-sbi-syndicated-loan/,https://www.lankabusinessonline.com/sampath-bank-strengthens-global-ties-with-usd-750mn-investment-in-sbi-syndicated-loan/,lankabusinessonline.com,2024-10-16T14:00:00+05:30,2024-10-16,gdelt_gkg_observation
20241016084500-160,SBIN.NS,"SBI shares: YES Bank, NSE value unlocking, other near-term triggers for PSU bank stock",https://www.businesstoday.in/markets/stocks/story/sbi-shares-yes-bank-nse-value-unlocking-other-near-term-triggers-for-psu-bank-stock-450286-2024-10-16,https://www.businesstoday.in/markets/stocks/story/sbi-shares-yes-bank-nse-value-unlocking-other-near-term-triggers-for-psu-bank-stock-450286-2024-10-16,businesstoday.in,2024-10-16T14:15:00+05:30,2024-10-16,gdelt_gkg_observation
20241016093000-1342,SBIN.NS,"stock recommendations: Buy State Bank of India, target price Rs 1,000: ICICI Securities",https://economictimes.indiatimes.com/markets/stocks/recos/buy-state-bank-of-india-target-price-rs-1000-icici-securities/articleshow/114278401.cms,https://economictimes.indiatimes.com/markets/stocks/recos/buy-state-bank-of-india-target-price-rs-1000-icici-securities/articleshow/114278401.cms,indiatimes.com,2024-10-16T15:00:00+05:30,2024-10-16,gdelt_gkg_observation
20241016144500-T1317,SBIN.NS,"SBI से लेकर HDFC, 6 बैंकों ने बदली लोन की दरें, रिवाइज किया MCLR, बढ़ जाएगी EMI, क्या आपने लिया इन बैंकों से लोन?",https://hindi.moneycontrol.com/news/your-money/these-bank-revised-interest-rate-on-loan-mclr-sbi-hdfc-canera-bank-yes-bank-check-interest-rate-list-1930839.html,https://hindi.moneycontrol.com/news/your-money/these-bank-revised-interest-rate-on-loan-mclr-sbi-hdfc-canera-bank-yes-bank-check-interest-rate-list-1930839.html,moneycontrol.com,2024-10-16T20:15:00+05:30,2024-10-17,gdelt_gkg_observation
20241016151500-1592,SBIN.NS,SBI: Banks can claim deductions for broken period interest on securities traded as stock-in-trade: SC,https://economictimes.indiatimes.com/industry/banking/finance/banking/banks-can-claim-deductions-for-broken-period-interest-on-securities-traded-as-stock-in-trade-sc/articleshow/114288816.cms,https://economictimes.indiatimes.com/industry/banking/finance/banking/banks-can-claim-deductions-for-broken-period-interest-on-securities-traded-as-stock-in-trade-sc/articleshow/114288816.cms,indiatimes.com,2024-10-16T20:45:00+05:30,2024-10-17,gdelt_gkg_observation
20241016181500-623,SBIN.NS,Jet Airways Insolvency : Supreme Court Reserves Judgement On SBI Plea Against Transfer Of Ownership To Jalan KalRock Consortium,https://www.livelaw.in/top-stories/jet-airways-insolvency-supreme-court-reserves-judgement-on-sbi-plea-against-transfer-of-ownership-to-jalan-kalrock-consortium-272667,https://www.livelaw.in/top-stories/jet-airways-insolvency-supreme-court-reserves-judgement-on-sbi-plea-against-transfer-of-ownership-to-jalan-kalrock-consortium-272667,livelaw.in,2024-10-16T23:45:00+05:30,2024-10-17,gdelt_gkg_observation
20241016221500-845,SBIN.NS,SBI expands reach in rural areas with inauguration of Gund Ganderbal branch,https://kashmirreader.com/2024/10/17/sbi-expands-reach-in-rural-areas-with-inauguration-of-gund-ganderbal-branch/,https://kashmirreader.com/2024/10/17/sbi-expands-reach-in-rural-areas-with-inauguration-of-gund-ganderbal-branch/,kashmirreader.com,2024-10-17T03:45:00+05:30,2024-10-17,gdelt_gkg_observation
20241017043000-624,SBIN.NS,"Jet Airways: Rescind Jet Airways resolution plan, order liquidation, SBI tells SC | India News",https://timesofindia.indiatimes.com/india/rescind-jet-airways-resolution-plan-order-liquidation-sbi-tells-sc/articleshow/114300003.cms,https://timesofindia.indiatimes.com/india/rescind-jet-airways-resolution-plan-order-liquidation-sbi-tells-sc/articleshow/114300003.cms,indiatimes.com,2024-10-17T10:00:00+05:30,2024-10-17,gdelt_gkg_observation
20241017060000-990,SBIN.NS,"State Bank Of India share are up by 0.89%, Nifty down by -0.57%",https://www.livemint.com/market/state-bank-of-india-share-are-up-by-0-89-nifty-down-by-057-11729143648364.html,https://www.livemint.com/market/state-bank-of-india-share-are-up-by-0-89-nifty-down-by-057-11729143648364.html,livemint.com,2024-10-17T11:30:00+05:30,2024-10-17,gdelt_gkg_observation
20241018074500-191,SBIN.NS,"SBI PO 2024 Notification: State Bank of India to release Probationary Officer recruitment notice soon, check details",https://www.dnaindia.com/education/report-sbi-po-2024-notification-update-state-bank-of-india-to-release-probationary-officer-recruitment-notice-soon-3113893,https://www.dnaindia.com/education/report-sbi-po-2024-notification-update-state-bank-of-india-to-release-probationary-officer-recruitment-notice-soon-3113893,dnaindia.com,2024-10-18T13:15:00+05:30,2024-10-18,gdelt_gkg_observation
20241018093000-59,SBIN.NS,"After cracking NEET at 64, Retired SBI officer pursues MBBS in Sambalpur; Here's how he did it",https://www.businesstoday.in/latest/trends/story/after-cracking-neet-at-64-retired-sbi-officer-pursues-mbbs-in-sambalpur-heres-how-he-did-it-450610-2024-10-18,https://www.businesstoday.in/latest/trends/story/after-cracking-neet-at-64-retired-sbi-officer-pursues-mbbs-in-sambalpur-heres-how-he-did-it-450610-2024-10-18,businesstoday.in,2024-10-18T15:00:00+05:30,2024-10-18,gdelt_gkg_observation
20241019063000-603,SBIN.NS,"Savings account interest rate up to 7.25%: SBI, HDFC Bank, ICICI Bank, PNB, Union Bank, IDFC FIRST Bank",https://economictimes.indiatimes.com/wealth/save/savings-account-interest-rates-up-to-7-25-sbi-hdfc-bank-icici-bank-pnb-union-bank-idfc-first-bank/articleshow/114367108.cms,https://economictimes.indiatimes.com/wealth/save/savings-account-interest-rates-up-to-7-25-sbi-hdfc-bank-icici-bank-pnb-union-bank-idfc-first-bank/articleshow/114367108.cms,indiatimes.com,2024-10-19T12:00:00+05:30,2024-10-21,gdelt_gkg_observation
20241019120000-739,SBIN.NS,"Diwali outlook: Nifty likely to consolidate between 50, 100-day EMAs, says Sudeep Shah of SBI Securities",https://economictimes.indiatimes.com/markets/expert-view/diwali-outlook-nifty-likely-to-consolidate-between-50-100-day-emas-says-sudeep-shah-of-sbi-securities/articleshow/114375562.cms,https://economictimes.indiatimes.com/markets/expert-view/diwali-outlook-nifty-likely-to-consolidate-between-50-100-day-emas-says-sudeep-shah-of-sbi-securities/articleshow/114375562.cms,indiatimes.com,2024-10-19T17:30:00+05:30,2024-10-21,gdelt_gkg_observation
20241020031500-541,SBIN.NS,"Chartist Talks: Sudeep Shah of SBI Securities believes Axis Bank has bottomed out, sees bullish momentum in this stock",https://www.moneycontrol.com/news/business/markets/chartist-talks-sudeep-shah-of-sbi-securities-believes-axis-bank-has-bottomed-out-sees-bullish-momentum-in-this-stock-12845662.html,https://www.moneycontrol.com/news/business/markets/chartist-talks-sudeep-shah-of-sbi-securities-believes-axis-bank-has-bottomed-out-sees-bullish-momentum-in-this-stock-12845662.html,moneycontrol.com,2024-10-20T08:45:00+05:30,2024-10-21,gdelt_gkg_observation
20241020074500-347,SBIN.NS,"Fixed deposit interest rates: See 3-year FD rates for seven banks including SBI, HDFC, PNB, ICICI",https://www.hindustantimes.com/business/fixed-deposit-interest-rates-see-3-year-fd-rates-for-seven-banks-including-sbi-hdfc-pnb-icici-101729404831087.html,https://www.hindustantimes.com/business/fixed-deposit-interest-rates-see-3-year-fd-rates-for-seven-banks-including-sbi-hdfc-pnb-icici-101729404831087.html,hindustantimes.com,2024-10-20T13:15:00+05:30,2024-10-21,gdelt_gkg_observation
20241020084500-725,SBIN.NS,"Indian fraudsters set up fake State Bank of India, scam citizens",https://tribune.com.pk/story/2504077/indian-fraudsters-set-up-fake-state-bank-of-india-scam-citizens,https://tribune.com.pk/story/2504077/indian-fraudsters-set-up-fake-state-bank-of-india-scam-citizens,tribune.com.pk,2024-10-20T14:15:00+05:30,2024-10-21,gdelt_gkg_observation
20241020110000-391,SBIN.NS,"Market cap of HDFCBANK, ICICIBANK, SBI and Airtel increased by Rs 81151 crore, these 6 companies incurred loss.",https://morningexpress.in/market-cap-of-hdfcbank-icicibank-sbi-and-airtel-increased-by-rs-81151-crore-these-6-companies-incurred-loss/,https://morningexpress.in/market-cap-of-hdfcbank-icicibank-sbi-and-airtel-increased-by-rs-81151-crore-these-6-companies-incurred-loss/,morningexpress.in,2024-10-20T16:30:00+05:30,2024-10-21,gdelt_gkg_observation
20241020111500-T1267,SBIN.NS,"ICICI HDFC SBI Market Cap Update; Airtel | Reliance Market Capitalization 2024 | ICICI, HDFC और SBI का मार्केट कैप ₹69,879 करोड़ बढ़ा: पिछले हफ्ते के कारोबार में टॉप-10 में 6 कंपनियों की वैल्यू 76,621 करोड़ कम हुई",https://www.bhaskar.com/business/news/icici-hdfc-sbi-bank-market-cap-update-airtel-reliance-133835246.html,https://www.bhaskar.com/business/news/icici-hdfc-sbi-bank-market-cap-update-airtel-reliance-133835246.html,bhaskar.com,2024-10-20T16:45:00+05:30,2024-10-21,gdelt_gkg_observation
20241020114500-222,SBIN.NS,"Banking stocks biggest gainers among Top 10 as ICICI Bank, HDFC Bank and SBI shine",https://www.theweek.in/news/biz-tech/2024/10/20/banking-stocks-biggest-gainers-among-top-10-as-icici-bank-hdfc-bank-and-sbi-shine.html,https://www.theweek.in/news/biz-tech/2024/10/20/banking-stocks-biggest-gainers-among-top-10-as-icici-bank-hdfc-bank-and-sbi-shine.html,theweek.in,2024-10-20T17:15:00+05:30,2024-10-21,gdelt_gkg_observation
20241020180000-T709,SBIN.NS,"ICICI HDFC SBI Market Cap Update; Airtel | Reliance Market Capitalization 2024 | ICICI, HDFC व SBI चे मार्केट कॅप ₹69,879 कोटींनी वाढले: टॉप-6 कंपन्यांचे मूल्य गेल्या आठवड्यातील व्यवसायात 76,621 कोटी रुपयांनी घटले",https://divyamarathi.bhaskar.com/business/news/icici-hdfc-sbi-market-cap-update-airtel-reliance-market-capitalization-2024-133835955.html,https://divyamarathi.bhaskar.com/business/news/icici-hdfc-sbi-market-cap-update-airtel-reliance-market-capitalization-2024-133835955.html,bhaskar.com,2024-10-20T23:30:00+05:30,2024-10-21,gdelt_gkg_observation
20241020190000-T1610,SBIN.NS,"Market cap of ICICI, HDFC and SBI increased by ₹ 69,879 crore | ICICI, HDFC અને SBIનું માર્કેટ કેપ ₹69,879 કરોડ વધ્યું: ટોપ-10માં 6 કંપનીઓના મૂલ્યમાં ગયા સપ્તાહના ટ્રેડિંગમાં ₹76,621 કરોડનો ઘટાડો થયો",https://www.divyabhaskar.co.in/business/news/market-cap-of-icici-hdfc-and-sbi-increased-by-69879-crore-133835504.html,https://www.divyabhaskar.co.in/business/news/market-cap-of-icici-hdfc-and-sbi-increased-by-69879-crore-133835504.html,divyabhaskar.co.in,2024-10-21T00:30:00+05:30,2024-10-21,gdelt_gkg_observation
20241021080000-237,SBIN.NS,"Latest FD Interest Rates Comparison: From SBI, PNB To HDFC & ICICI Bank, Check Details Here",https://www.news18.com/business/savings-and-investments/fd-rate-comparison-of-banks-fixed-deposit-sbi-pnb-9092990.html,https://www.news18.com/business/savings-and-investments/fd-rate-comparison-of-banks-fixed-deposit-sbi-pnb-9092990.html,news18.com,2024-10-21T13:30:00+05:30,2024-10-21,gdelt_gkg_observation
20241021104500-550,SBIN.NS,SNG & Partners assists SBI in financing FA Power Renewables Hindupur,https://www.barandbench.com/law-firms/dealstreet/sng-partners-assists-sbi-in-financing-fa-power-renewables-hindupur,https://www.barandbench.com/law-firms/dealstreet/sng-partners-assists-sbi-in-financing-fa-power-renewables-hindupur,barandbench.com,2024-10-21T16:15:00+05:30,2024-10-22,gdelt_gkg_observation
20241021183000-415,SBIN.NS,"Trade Spotlight: How should you trade SBI, Bajaj Auto, HDFC Bank, Mazagon Dock, MCX, Hero MotoCorp and others on Tuesday?",https://www.moneycontrol.com/news/business/markets/trade-spotlight-how-should-you-trade-sbi-bajaj-auto-hdfc-bank-mazagon-dock-mcx-hero-motocorp-and-others-on-tuesday-12847134.html,https://www.moneycontrol.com/news/business/markets/trade-spotlight-how-should-you-trade-sbi-bajaj-auto-hdfc-bank-mazagon-dock-mcx-hero-motocorp-and-others-on-tuesday-12847134.html,moneycontrol.com,2024-10-22T00:00:00+05:30,2024-10-22,gdelt_gkg_observation
20241022043000-999,SBIN.NS,"Stocks to buy or sell today: SBI, Maruti among top 10 trading ideas for 22 October 2024",https://economictimes.indiatimes.com/markets/stocks/news/stocks-to-buy-or-sell-today-sbi-maruti-among-top-10-trading-ideas-for-22-october-2024/articleshow/114447049.cms,https://economictimes.indiatimes.com/markets/stocks/news/stocks-to-buy-or-sell-today-sbi-maruti-among-top-10-trading-ideas-for-22-october-2024/articleshow/114447049.cms,indiatimes.com,2024-10-22T10:00:00+05:30,2024-10-22,gdelt_gkg_observation
20241022113000-633,SBIN.NS,Western Asset Intermediate Muni Fund Inc. (SBI) To Go Ex-Dividend on October 24th,https://www.themarketsdaily.com/2024/10/22/western-asset-intermediate-muni-fund-inc-sbi-to-go-ex-dividend-on-october-24th.html,https://www.themarketsdaily.com/2024/10/22/western-asset-intermediate-muni-fund-inc-sbi-to-go-ex-dividend-on-october-24th.html,themarketsdaily.com,2024-10-22T17:00:00+05:30,2024-10-23,gdelt_gkg_observation
20241022120000-937,SBIN.NS,Inside PSMC's failed deal with SBI: Chairman Frank Huang reveals strategic risks and Japan's tough policies,https://www.digitimes.com/news/a20241022PD222/psmc-powerchip-fab-japan-2024.html,https://www.digitimes.com/news/a20241022PD222/psmc-powerchip-fab-japan-2024.html,digitimes.com,2024-10-22T17:30:00+05:30,2024-10-23,gdelt_gkg_observation
20241023114500-57,SBIN.NS,"SBI raises Rs 5,000 crore through AT-1 bonds at coupon of 7.98%",https://economictimes.indiatimes.com/markets/bonds/sbi-raises-rs-5000-crore-through-at-1-bonds-at-coupon-of-7-98/articleshow/114506441.cms,https://economictimes.indiatimes.com/markets/bonds/sbi-raises-rs-5000-crore-through-at-1-bonds-at-coupon-of-7-98/articleshow/114506441.cms,indiatimes.com,2024-10-23T17:15:00+05:30,2024-10-24,gdelt_gkg_observation
20241023154500-52,SBIN.NS,"SBI raises Rs 5,000 crore via Basel III bonds, gets bids over 3.5 times",https://www.moneycontrol.com/news/companies-2/sbi-raises-rs-5000-crore-via-basel-iii-bonds-gets-bids-over-3-5-times-12849265.html,https://www.moneycontrol.com/news/companies-2/sbi-raises-rs-5000-crore-via-basel-iii-bonds-gets-bids-over-3-5-times-12849265.html,moneycontrol.com,2024-10-23T21:15:00+05:30,2024-10-24,gdelt_gkg_observation
20241023174500-2018,SBIN.NS,"SBI raises ₹5,000 cr via AT-I bonds at 7.98% - The Hindu BusinessLine",https://www.thehindubusinessline.com/money-and-banking/sbi-raises-5000-cr-via-at-i-bonds-at-798/article68788323.ece,https://www.thehindubusinessline.com/money-and-banking/sbi-raises-5000-cr-via-at-i-bonds-at-798/article68788323.ece,thehindubusinessline.com,2024-10-23T23:15:00+05:30,2024-10-24,gdelt_gkg_observation
20241023180000-24,SBIN.NS,"SBI raises ₹5,000 crore via bonds at 7.98%",https://www.thehindu.com/business/sbi-raises-5000-crore-via-bonds-at-798/article68788232.ece,https://www.thehindu.com/business/sbi-raises-5000-crore-via-bonds-at-798/article68788232.ece,thehindu.com,2024-10-23T23:30:00+05:30,2024-10-24,gdelt_gkg_observation
20241024010000-392,SBIN.NS,"Stocks To Watch: HUL, Piramal Pharma, SBI, Infosys, Aviation Stocks, Adani Power, Sona BLW, AU Small Finance Bank, ITC, GMR Airports Infra",https://www.financialexpress.com/market/stocks-to-watch-hul-piramal-pharma-sbi-infosys-aviation-stocks-adani-power-sona-blw-au-small-finance-bank-itc-gmr-airports-infra-3648131/,https://www.financialexpress.com/market/stocks-to-watch-hul-piramal-pharma-sbi-infosys-aviation-stocks-adani-power-sona-blw-au-small-finance-bank-itc-gmr-airports-infra-3648131/,financialexpress.com,2024-10-24T06:30:00+05:30,2024-10-24,gdelt_gkg_observation
20241024041500-825,SBIN.NS,"Stocks To Watch: ITC, Adani Wilmar, HUL, AU SFB, Power Grid, SBI, And Others",https://www.news18.com/business/markets/stocks-to-watch-itc-adani-wilmar-hul-au-sfb-power-grid-sbi-and-others-9096881.html,https://www.news18.com/business/markets/stocks-to-watch-itc-adani-wilmar-hul-au-sfb-power-grid-sbi-and-others-9096881.html,news18.com,2024-10-24T09:45:00+05:30,2024-10-24,gdelt_gkg_observation
20241024051500-589,SBIN.NS,"Stocks to Watch: HUL, SBI, Piramal Pharma, Sona BLW, Pidilite Industries, and more",https://www.livemint.com/market/stock-market-news/stocks-to-watch-hul-sbi-piramal-pharma-sona-blw-pidilite-industries-and-more-11729709166101.html,https://www.livemint.com/market/stock-market-news/stocks-to-watch-hul-sbi-piramal-pharma-sona-blw-pidilite-industries-and-more-11729709166101.html,livemint.com,2024-10-24T10:45:00+05:30,2024-10-24,gdelt_gkg_observation
20241024061500-T508,SBIN.NS,"Stock to Watch: HUL, SBI, Escorts Kubota, Adani Power और Mankind Pharma के शेयर आज फोकस में - stock to watch hul sbi escorts shares of kubota adani power and mankind pharma in focus today",https://hindi.business-standard.com/markets/stock-to-watch-hul-sbi-escorts-shares-of-kubota-adani-power-and-mankind-pharma-in-focus-today-id-381273,https://hindi.business-standard.com/markets/stock-to-watch-hul-sbi-escorts-shares-of-kubota-adani-power-and-mankind-pharma-in-focus-today-id-381273,business-standard.com,2024-10-24T11:45:00+05:30,2024-10-24,gdelt_gkg_observation
20241024094500-318,SBIN.NS,SBI & FCB Kinnect make loans a source of festive joy,https://indiantelevision.com/mam/media-and-advertising/ad-campaigns/sbi-&-fcb-kinnect-make-loans-a-source-of-festive-joy-241024,https://indiantelevision.com/mam/media-and-advertising/ad-campaigns/sbi-&-fcb-kinnect-make-loans-a-source-of-festive-joy-241024,indiantelevision.com,2024-10-24T15:15:00+05:30,2024-10-24,gdelt_gkg_observation
20241024104500-T1421,SBIN.NS,"SBI, ICICI Bank ने नए नियमों का किया ऐलान………'1 नवंबर से बदल जाएंगे Credit Cards रूल्स……. – Sanjeevni Today",https://sanjeevnitoday.com/sbi-icici-bank-announced-new-rules-credit-cards-rules-will-change-from-1st-november/,https://sanjeevnitoday.com/sbi-icici-bank-announced-new-rules-credit-cards-rules-will-change-from-1st-november/,sanjeevnitoday.com,2024-10-24T16:15:00+05:30,2024-10-25,gdelt_gkg_observation
20241024121500-186,SBIN.NS,SBI & FCB Kinnect make loans a source of festive joy in new campaign,https://www.adgully.com/sbi-fcb-kinnect-make-loans-a-source-of-festive-joy-in-new-campaign-152239.html,https://www.adgully.com/sbi-fcb-kinnect-make-loans-a-source-of-festive-joy-in-new-campaign-152239.html,adgully.com,2024-10-24T17:45:00+05:30,2024-10-25,gdelt_gkg_observation
20241024130000-T1395,SBIN.NS,"Slump in gold-silver demand on Gurupushya Nakshatra, another fake ghee factory caught, SBI ATM broken, smugglers steal 40 lakhs | શાળા પ્રવાસની નવી ગાઈડલાઈન: ગુરુપુષ્ય નક્ષત્ર પર સોના-ચાંદીની ઘરાકીમાં મંદી, બનાવટી ઘીની બીજી ફેક્ટરી પકડાઈ, SBIનું ATM તોડી તસ્કરો 40 લાખ ઉઠાવી ગયા - Gujarat News",https://www.divyabhaskar.co.in/local/gujarat/news/slump-in-gold-silver-demand-on-gurupushya-nakshatra-another-fake-ghee-factory-caught-sbi-atm-broken-smugglers-steal-40-lakhs-133856827.html,https://www.divyabhaskar.co.in/local/gujarat/news/slump-in-gold-silver-demand-on-gurupushya-nakshatra-another-fake-ghee-factory-caught-sbi-atm-broken-smugglers-steal-40-lakhs-133856827.html,divyabhaskar.co.in,2024-10-24T18:30:00+05:30,2024-10-25,gdelt_gkg_observation
20241024150000-T223,SBIN.NS,NFO Review: एसबीआई निफ्टी इंडिया कंजम्प्शन इंडेक्स फंड,https://www.sharemanthan.in/462-advice/76592-mutual-fund-industry-sbi-nifty-india-consumption-index-fund-ashit-desai-20241024,https://www.sharemanthan.in/462-advice/76592-mutual-fund-industry-sbi-nifty-india-consumption-index-fund-ashit-desai-20241024,sharemanthan.in,2024-10-24T20:30:00+05:30,2024-10-25,gdelt_gkg_observation
20241025044500-190,SBIN.NS,"Stocks to buy or sell today: Wipro, SBI among top 10 trading ideas for October 25, 2024",https://economictimes.indiatimes.com/markets/stocks/news/stocks-to-buy-or-sell-today-wipro-sbi-among-top-10-trading-ideas-for-october-25-2024/articleshow/114568901.cms,https://economictimes.indiatimes.com/markets/stocks/news/stocks-to-buy-or-sell-today-wipro-sbi-among-top-10-trading-ideas-for-october-25-2024/articleshow/114568901.cms,indiatimes.com,2024-10-25T10:15:00+05:30,2024-10-25,gdelt_gkg_observation
20241025061500-68,SBIN.NS,"Sbi Share Price Today on : Sbi share are down by -1.66%, Nifty down by -0.99%",https://www.livemint.com/market/sbi-share-price-today-latest-on-25102024-11729835909973.html,https://www.livemint.com/market/sbi-share-price-today-latest-on-25102024-11729835909973.html,livemint.com,2024-10-25T11:45:00+05:30,2024-10-25,gdelt_gkg_observation
20241025140000-333,SBIN.NS,"Income Disparity Falls 74.2% Since FY14, Direct Tax Collection Share Highest in 14 Years: SBI Study",https://www.news18.com/business/income-disparity-falls-74-2-since-fy14-direct-tax-collection-share-highest-in-14-years-sbi-study-9099134.html,https://www.news18.com/business/income-disparity-falls-74-2-since-fy14-direct-tax-collection-share-highest-in-14-years-sbi-study-9099134.html,news18.com,2024-10-25T19:30:00+05:30,2024-10-28,gdelt_gkg_observation
20241025154500-1641,SBIN.NS,"Govt should prioritise review of Income Tax Act, get it passed as money bill: SBI Research",https://news.webindia123.com/news/Articles/Business/20241025/4249498.html,https://news.webindia123.com/news/Articles/Business/20241025/4249498.html,webindia123.com,2024-10-25T21:15:00+05:30,2024-10-28,gdelt_gkg_observation
20241025160000-466,SBIN.NS,"Govt should prioritise review of Income Tax Act, get it passed as money bill: SBI Research",https://economictimes.indiatimes.com/news/economy/policy/govt-should-prioritise-review-of-income-tax-act-get-it-passed-as-money-bill-sbi-research/articleshow/114592897.cms,https://economictimes.indiatimes.com/news/economy/policy/govt-should-prioritise-review-of-income-tax-act-get-it-passed-as-money-bill-sbi-research/articleshow/114592897.cms,indiatimes.com,2024-10-25T21:30:00+05:30,2024-10-28,gdelt_gkg_observation
20241025160000-431,SBIN.NS,"Govt should prioritise review of Income Tax Act, get it passed as money bill: SBI Research",https://www.bignewsnetwork.com/news/274733597/govt-should-prioritise-review-of-income-tax-act-get-it-passed-as-money-bill-sbi-research,https://www.bignewsnetwork.com/news/274733597/govt-should-prioritise-review-of-income-tax-act-get-it-passed-as-money-bill-sbi-research,bignewsnetwork.com,2024-10-25T21:30:00+05:30,2024-10-28,gdelt_gkg_observation
20241025183000-400,SBIN.NS,SBI Recruitment 2024: Vice President of Corporate Communication & Marketing Vacancies,https://www.careerindia.com/news/sbi-recruitment-2024-vice-president-of-corporate-communication-marketing-vacancies-044667.html,https://www.careerindia.com/news/sbi-recruitment-2024-vice-president-of-corporate-communication-marketing-vacancies-044667.html,careerindia.com,2024-10-26T00:00:00+05:30,2024-10-28,gdelt_gkg_observation
20241026050000-520,SBIN.NS,"ITR filing: No. of crorepati taxpayers surged 5X in AY24, SBI research report",https://www.businesstoday.in/personal-finance/tax/story/itr-filing-no-of-crorepati-taxpayers-surged-5x-in-ay24-sbi-research-report-451638-2024-10-26,https://www.businesstoday.in/personal-finance/tax/story/itr-filing-no-of-crorepati-taxpayers-surged-5x-in-ay24-sbi-research-report-451638-2024-10-26,businesstoday.in,2024-10-26T10:30:00+05:30,2024-10-28,gdelt_gkg_observation
20241026050000-793,SBIN.NS,"Govt Should Prioritise Review Of Income Tax Act, Get It Passed As Money Bill: SBI Research",https://zeenews.india.com/economy/govt-should-prioritise-review-of-income-tax-act-get-it-passed-as-money-bill-sbi-research-2812083.html,https://zeenews.india.com/economy/govt-should-prioritise-review-of-income-tax-act-get-it-passed-as-money-bill-sbi-research-2812083.html,india.com,2024-10-26T10:30:00+05:30,2024-10-28,gdelt_gkg_observation
20241026064500-605,SBIN.NS,"Govt should prioritise review of Income Tax Act, get it passed as money bill: SBI Research",https://aninews.in/news/business/govt-should-prioritise-review-of-income-tax-act-get-it-passed-as-money-bill-sbi-research20241025195059/,https://aninews.in/news/business/govt-should-prioritise-review-of-income-tax-act-get-it-passed-as-money-bill-sbi-research20241025195059/,aninews.in,2024-10-26T12:15:00+05:30,2024-10-28,gdelt_gkg_observation
20241026080000-T680,SBIN.NS,"SBI PO Eligibility: एसबीआई पीओ के लिए क्या योग्यता चाहिए? कौन भर सकता है फॉर्म, देख लें एज लिमिट, क्वालिफिकेशन समेत पूरी डिटेल्स",https://navbharattimes.indiatimes.com/education/jobs-junction/sbi-po-recruitment-2024-eligibility-criteria-for-male-female-educational-qualification-age-limit-full-details/articleshow/114614905.cms,https://navbharattimes.indiatimes.com/education/jobs-junction/sbi-po-recruitment-2024-eligibility-criteria-for-male-female-educational-qualification-age-limit-full-details/articleshow/114614905.cms,indiatimes.com,2024-10-26T13:30:00+05:30,2024-10-28,gdelt_gkg_observation
20241026101500-15,SBIN.NS,Solex Energy SBI partner to provide finance for solar projects,https://www.theweek.in/wire-updates/business/2024/10/26/dcm13-biz-sbi-solex-solar-projs.html,https://www.theweek.in/wire-updates/business/2024/10/26/dcm13-biz-sbi-solex-solar-projs.html,theweek.in,2024-10-26T15:45:00+05:30,2024-10-28,gdelt_gkg_observation
20241026101500-208,SBIN.NS,"solar energy: Solex Energy, SBI partner to provide finance for solar projects",https://economictimes.indiatimes.com/industry/renewables/solex-energy-sbi-partner-to-provide-finance-for-solar-projects/articleshow/114619070.cms,https://economictimes.indiatimes.com/industry/renewables/solex-energy-sbi-partner-to-provide-finance-for-solar-projects/articleshow/114619070.cms,indiatimes.com,2024-10-26T15:45:00+05:30,2024-10-28,gdelt_gkg_observation
20241026111500-144,SBIN.NS,"Solex Energy, SBI partner to provide finance for solar projects",https://www.businesstelegraph.co.uk/solex-energy-sbi-partner-to-provide-finance-for-solar-projects/,https://www.businesstelegraph.co.uk/solex-energy-sbi-partner-to-provide-finance-for-solar-projects/,businesstelegraph.co.uk,2024-10-26T16:45:00+05:30,2024-10-28,gdelt_gkg_observation
20241026114500-789,SBIN.NS,SBI and India Exim Bank filling trade financing gap in Africa,https://economictimes.indiatimes.com/news/economy/foreign-trade/sbi-and-india-exim-bank-filling-trade-financing-gap-in-africa/articleshow/114622164.cms,https://economictimes.indiatimes.com/news/economy/foreign-trade/sbi-and-india-exim-bank-filling-trade-financing-gap-in-africa/articleshow/114622164.cms,indiatimes.com,2024-10-26T17:15:00+05:30,2024-10-28,gdelt_gkg_observation
20241026114500-712,SBIN.NS,SBI Report Reveals 74.2% Decline in Income Disparity for Earnings Up to Rs 5 Lakh,https://orissadiary.com/sbi-report-reveals-74-2-decline-in-income-disparity-for-earnings-up-to-rs-5-lakh/,https://orissadiary.com/sbi-report-reveals-74-2-decline-in-income-disparity-for-earnings-up-to-rs-5-lakh/,orissadiary.com,2024-10-26T17:15:00+05:30,2024-10-28,gdelt_gkg_observation
20241026121500-601,SBIN.NS,SBI and India Exim Bank filling trade financing gap in Africa,https://www.theweek.in/wire-updates/business/2024/10/26/fgn28-africa-indian-banks-finance.html,https://www.theweek.in/wire-updates/business/2024/10/26/fgn28-africa-indian-banks-finance.html,theweek.in,2024-10-26T17:45:00+05:30,2024-10-28,gdelt_gkg_observation
20241026124500-253,SBIN.NS,SBI and India Exim Bank filling trade financing gap in Africa,https://www.moneycontrol.com/news/business/sbi-and-india-exim-bank-filling-trade-financing-gap-in-africa-12851485.html,https://www.moneycontrol.com/news/business/sbi-and-india-exim-bank-filling-trade-financing-gap-in-africa-12851485.html,moneycontrol.com,2024-10-26T18:15:00+05:30,2024-10-28,gdelt_gkg_observation
20241026130000-725,SBIN.NS,"Solex Energy, SBI partner to provide finance for solar projects",https://www.dailyexcelsior.com/solex-energy-sbi-partner-to-provide-finance-for-solar-projects/,https://www.dailyexcelsior.com/solex-energy-sbi-partner-to-provide-finance-for-solar-projects/,dailyexcelsior.com,2024-10-26T18:30:00+05:30,2024-10-28,gdelt_gkg_observation
20241026131500-T2291,SBIN.NS,"Solex energy and sbi partner to provide finance for solar projects share detail is here एनर्जी सेक्टर की इस कंपनी ने की SBI से डील, अब शेयर पर रहेगी नजर, बिज़नेस न्यूज़",https://www.livehindustan.com/business/solex-energy-and-sbi-partner-to-provide-finance-for-solar-projects-share-detail-is-here-201729945388207.html,https://www.livehindustan.com/business/solex-energy-and-sbi-partner-to-provide-finance-for-solar-projects-share-detail-is-here-201729945388207.html,livehindustan.com,2024-10-26T18:45:00+05:30,2024-10-28,gdelt_gkg_observation
20241026203000-578,SBIN.NS,"Solex Energy, SBI partner to provide finance for solar projects",https://thenorthlines.com/solex-energy-sbi-partner-to-provide-finance-for-solar-projects/,https://thenorthlines.com/solex-energy-sbi-partner-to-provide-finance-for-solar-projects/,thenorthlines.com,2024-10-27T02:00:00+05:30,2024-10-28,gdelt_gkg_observation
20241027030000-322,SBIN.NS,SBI ATM: SBI ATM Break-In Attempt in Narangwal: Police Investigate | Ludhiana News,https://timesofindia.indiatimes.com/city/ludhiana/sbi-atm-break-in-attempt-in-narangwal-police-investigate/articleshow/114638483.cms,https://timesofindia.indiatimes.com/city/ludhiana/sbi-atm-break-in-attempt-in-narangwal-police-investigate/articleshow/114638483.cms,indiatimes.com,2024-10-27T08:30:00+05:30,2024-10-28,gdelt_gkg_observation
20241027061500-607,SBIN.NS,SBI Named Best Bank In India For 2024 By Global Finance Magazine,https://www.dailyexcelsior.com/sbi-named-best-bank-in-india-for-2024-by-global-finance-magazine/,https://www.dailyexcelsior.com/sbi-named-best-bank-in-india-for-2024-by-global-finance-magazine/,dailyexcelsior.com,2024-10-27T11:45:00+05:30,2024-10-28,gdelt_gkg_observation
20241027064500-470,SBIN.NS,SBI named Best Bank in India for 2024 by Global Finance Magazine,https://economictimes.indiatimes.com/industry/banking/finance/banking/sbi-named-best-bank-in-india-for-2024-by-global-finance-magazine/articleshow/114647889.cms,https://economictimes.indiatimes.com/industry/banking/finance/banking/sbi-named-best-bank-in-india-for-2024-by-global-finance-magazine/articleshow/114647889.cms,indiatimes.com,2024-10-27T12:15:00+05:30,2024-10-28,gdelt_gkg_observation
20241027081500-348,SBIN.NS,SBI Wins Best Bank in India 2024 Award,https://www.devdiscourse.com/article/headlines/3136850-sbi-wins-best-bank-in-india-2024-award,https://www.devdiscourse.com/article/headlines/3136850-sbi-wins-best-bank-in-india-2024-award,devdiscourse.com,2024-10-27T13:45:00+05:30,2024-10-28,gdelt_gkg_observation
20241027084500-519,SBIN.NS,SBI named Best Bank in India for 2024 by Global Finance Magazine,https://article.wn.com/view/2024/10/27/SBI_named_Best_Bank_in_India_for_2024_by_Global_Finance_Maga_a/,https://article.wn.com/view/2024/10/27/SBI_named_Best_Bank_in_India_for_2024_by_Global_Finance_Maga_a/,wn.com,2024-10-27T14:15:00+05:30,2024-10-28,gdelt_gkg_observation
20241027084500-160,SBIN.NS,SBI named Best Bank in India for 2024 by Global Finance Magazine,https://www.deccanchronicle.com/business/in-other-news/sbi-named-best-bank-in-india-for-2024-by-global-finance-magazine-1833432,https://www.deccanchronicle.com/business/in-other-news/sbi-named-best-bank-in-india-for-2024-by-global-finance-magazine-1833432,deccanchronicle.com,2024-10-27T14:15:00+05:30,2024-10-28,gdelt_gkg_observation
20241027084500-661,SBIN.NS,SBI named Best Bank in India for 2024 by Global Finance Magazine,https://www.dailypioneer.com/2024/business/sbi-named-best-bank-in-india-for-2024-by-global-finance-magazine.html,https://www.dailypioneer.com/2024/business/sbi-named-best-bank-in-india-for-2024-by-global-finance-magazine.html,dailypioneer.com,2024-10-27T14:15:00+05:30,2024-10-28,gdelt_gkg_observation
20241027093000-30,SBIN.NS,SBI honoured as the 'Best Bank in India' for 2024 by Global Finance Magazine,https://www.moneycontrol.com/news/business/banks/sbi-honoured-as-the-best-bank-in-india-for-2024-by-global-finance-magazine-12851749.html,https://www.moneycontrol.com/news/business/banks/sbi-honoured-as-the-best-bank-in-india-for-2024-by-global-finance-magazine-12851749.html,moneycontrol.com,2024-10-27T15:00:00+05:30,2024-10-28,gdelt_gkg_observation
20241027101500-340,SBIN.NS,"F&O Talk | Nifty eyes key support at 23,750; further fall may test 200 DEMA: Sudeep Shah of SBI Securities",https://economictimes.indiatimes.com/markets/expert-view/fo-talk-nifty-eyes-key-support-at-23750-further-fall-may-test-the-200-dema-sudeep-shah-of-sbi-securities/articleshow/114652815.cms,https://economictimes.indiatimes.com/markets/expert-view/fo-talk-nifty-eyes-key-support-at-23750-further-fall-may-test-the-200-dema-sudeep-shah-of-sbi-securities/articleshow/114652815.cms,indiatimes.com,2024-10-27T15:45:00+05:30,2024-10-28,gdelt_gkg_observation
20241027113000-500,SBIN.NS,SBI named Best Bank in India for 2024 by Global Finance Magazine,https://www.thehindubusinessline.com/money-and-banking/sbi-named-best-bank-in-india-for-2024-by-global-finance-magazine/article68802632.ece,https://www.thehindubusinessline.com/money-and-banking/sbi-named-best-bank-in-india-for-2024-by-global-finance-magazine/article68802632.ece,thehindubusinessline.com,2024-10-27T17:00:00+05:30,2024-10-28,gdelt_gkg_observation
20241027130000-181,SBIN.NS,SBI named Best Bank in India for 2024 by Global Finance Magazine,https://www.deccanherald.com/business/companies/sbi-named-best-bank-in-india-for-2024-by-global-finance-magazine-3250768,https://www.deccanherald.com/business/companies/sbi-named-best-bank-in-india-for-2024-by-global-finance-magazine-3250768,deccanherald.com,2024-10-27T18:30:00+05:30,2024-10-28,gdelt_gkg_observation
20241027173000-297,SBIN.NS,SBI awarded Best Bank in India for 2024 by Global Finance Magazine,https://www.livemint.com/companies/sbi-awarded-best-bank-in-india-for-2024-by-global-finance-magazine-11730031218837.html,https://www.livemint.com/companies/sbi-awarded-best-bank-in-india-for-2024-by-global-finance-magazine-11730031218837.html,livemint.com,2024-10-27T23:00:00+05:30,2024-10-28,gdelt_gkg_observation
20241028040000-295,SBIN.NS,State Bank of India named 'Best Bank in India' for 2024,https://www.adgully.com/state-bank-of-india-named-best-bank-in-india-for-2024-152321.html,https://www.adgully.com/state-bank-of-india-named-best-bank-in-india-for-2024-152321.html,adgully.com,2024-10-28T09:30:00+05:30,2024-10-28,gdelt_gkg_observation
20241028060000-490,SBIN.NS,SBI named Best Bank in India for 2024 by Global Finance,https://www.thehitavada.com/Encyc/2024/10/28/SBI-named-Best-Bank-in-India-for-2024-by-Global-Finance.html,https://www.thehitavada.com/Encyc/2024/10/28/SBI-named-Best-Bank-in-India-for-2024-by-Global-Finance.html,thehitavada.com,2024-10-28T11:30:00+05:30,2024-10-28,gdelt_gkg_observation
20241028074500-965,SBIN.NS,"SBI, PNB & Bank Of Baroda In Green As PSB Shares Roar Back In Form After A Gloomy Week",https://www.freepressjournal.in/business/sbi-pnb-bank-of-baroda-in-green-as-psb-shares-roar-back-in-form-after-a-gloomy-week,https://www.freepressjournal.in/business/sbi-pnb-bank-of-baroda-in-green-as-psb-shares-roar-back-in-form-after-a-gloomy-week,freepressjournal.in,2024-10-28T13:15:00+05:30,2024-10-28,gdelt_gkg_observation
20241028151500-1357,SBIN.NS,State Bank of India Named 'Best Bank in India' for 2024 by Global Finance Magazine,https://businessnewsthisweek.com/business/state-bank-of-india-named-best-bank-in-india-for-2024-by-global-finance-magazine/,https://businessnewsthisweek.com/business/state-bank-of-india-named-best-bank-in-india-for-2024-by-global-finance-magazine/,businessnewsthisweek.com,2024-10-28T20:45:00+05:30,2024-10-29,gdelt_gkg_observation
20241028163000-T116,SBIN.NS,PM Modi and Spanish Prime Minister inaugurate 'Tata Aircraft Complex'; Global Finance Magazine declares SBI as India's Best Bank | करेंट अफेयर्स 28 अक्टूबर: पीएम मोदी और स्पेन के प्रधानमंत्री ने 'टाटा एयरक्राफ्ट कॉम्प्लेक्स' का उद्घाटन किया; ग्लोबल फाइनेंस मैगजीन ने SBI को भारत का बेस्ट बैंक घोषित किया,https://www.bhaskar.com/career/news/pm-modi-and-spanish-prime-minister-inaugurate-tata-aircraft-complex-global-finance-magazine-declares-sbi-as-indias-best-bank-133877757.html,https://www.bhaskar.com/career/news/pm-modi-and-spanish-prime-minister-inaugurate-tata-aircraft-complex-global-finance-magazine-declares-sbi-as-indias-best-bank-133877757.html,bhaskar.com,2024-10-28T22:00:00+05:30,2024-10-29,gdelt_gkg_observation
20241028171500-1485,SBIN.NS,"Bank robbery at SBI branch in Nyamathi, thieves break in, steal cash and jewelry",https://ibcworldnews.com/?p=163411,https://ibcworldnews.com/?p=163411,ibcworldnews.com,2024-10-28T22:45:00+05:30,2024-10-29,gdelt_gkg_observation
20241028183000-776,SBIN.NS,Jewellery Theft: Massive Rs 13 Crore Jewellery Heist at SBI in Nyamati Town | Hubballi News,https://timesofindia.indiatimes.com/city/hubballi/massive-rs-13-crore-jewellery-heist-at-sbi-in-nyamati-town/articleshow/114702197.cms,https://timesofindia.indiatimes.com/city/hubballi/massive-rs-13-crore-jewellery-heist-at-sbi-in-nyamati-town/articleshow/114702197.cms,indiatimes.com,2024-10-29T00:00:00+05:30,2024-10-29,gdelt_gkg_observation
20241029021500-871,SBIN.NS,Breaking News Live Updates: Jewellery worth Rs 13 crore stolen from SBI,https://timesofindia.indiatimes.com/india/latest-india-world-news-live-updates-today-breaking-news-29th-october-2024/liveblog/114710865.cms,https://timesofindia.indiatimes.com/india/latest-india-world-news-live-updates-today-breaking-news-29th-october-2024/liveblog/114710865.cms,indiatimes.com,2024-10-29T07:45:00+05:30,2024-10-29,gdelt_gkg_observation
20241029074500-1154,SBIN.NS,Mumbai: CBI Investigates Pune Firm For Alleged ₹12.67 Crore Fraud Against SBI,https://www.freepressjournal.in/mumbai/mumbai-cbi-investigates-pune-firm-for-alleged-1267-crore-fraud-against-sbi,https://www.freepressjournal.in/mumbai/mumbai-cbi-investigates-pune-firm-for-alleged-1267-crore-fraud-against-sbi,freepressjournal.in,2024-10-29T13:15:00+05:30,2024-10-29,gdelt_gkg_observation
20241029081500-27,SBIN.NS,"Diwali 2024 Picks : SBI, Titan, ITC among 5 stock to buy by Religare Broking for Samvat 2081",https://www.livemint.com/market/stock-market-news/diwali-2024-picks-sbi-titan-itc-among-5-stock-to-buy-by-religare-broking-for-samvat-2081-11730103677123.html,https://www.livemint.com/market/stock-market-news/diwali-2024-picks-sbi-titan-itc-among-5-stock-to-buy-by-religare-broking-for-samvat-2081-11730103677123.html,livemint.com,2024-10-29T13:45:00+05:30,2024-10-29,gdelt_gkg_observation
20241029090000-10,SBIN.NS,"Dhanteras 2024: SBI, Suzlon, SAIL, Paytm, Tata Power, LT to ITC — Mehta Equities picks 20 stocks to buy for long term",https://www.livemint.com/market/stock-market-news/dhanteras-2024-sbi-suzlon-sail-paytm-tata-power-lt-to-itc-mehta-equities-picks-20-stocks-to-buy-for-long-term-11730186642713.html,https://www.livemint.com/market/stock-market-news/dhanteras-2024-sbi-suzlon-sail-paytm-tata-power-lt-to-itc-mehta-equities-picks-20-stocks-to-buy-for-long-term-11730186642713.html,livemint.com,2024-10-29T14:30:00+05:30,2024-10-29,gdelt_gkg_observation
20241029094500-805,SBIN.NS,Bank heist in Karnataka's Davanagere: Gang steals jewellery worth Rs 13 crore from SBI locker | Bangalore News,https://indianexpress.com/article/cities/bangalore/karnataka-davanagere-bank-heist-sbi-jewellery-steals-13-crore-9644333/,https://indianexpress.com/article/cities/bangalore/karnataka-davanagere-bank-heist-sbi-jewellery-steals-13-crore-9644333/,indianexpress.com,2024-10-29T15:15:00+05:30,2024-10-29,gdelt_gkg_observation
20241029094500-697,SBIN.NS,Bank heist in Davanagere: Gang steals jewellery worth Rs 13 crore from SBI locker,https://indianexpress.com/shorts/cities/bangalore/karnataka-davanagere-bank-heist-sbi-jewellery-steals-13-crore-9644333/,https://indianexpress.com/shorts/cities/bangalore/karnataka-davanagere-bank-heist-sbi-jewellery-steals-13-crore-9644333/,indianexpress.com,2024-10-29T15:15:00+05:30,2024-10-29,gdelt_gkg_observation
20241029101500-T1879,SBIN.NS,"congress fresh allegation on sbi chief extra income from rent one more name मुंबई में किराए से करोड़ों कमा रही थीं SEBI चीफ माधबी बुच, कांग्रेस ने एक और शख्स का लिया नाम, देश न्यूज़",https://www.livehindustan.com/national/congress-fresh-allegation-on-sbi-chief-extra-income-from-rent-one-more-name-201730192578746.html,https://www.livehindustan.com/national/congress-fresh-allegation-on-sbi-chief-extra-income-from-rent-one-more-name-201730192578746.html,livehindustan.com,2024-10-29T15:45:00+05:30,2024-10-30,gdelt_gkg_observation
20241029111500-1,SBIN.NS,"Share Market Highlights 29 October 2024: Sensex closes 80,369.03, Nifty up by 0.52% at 127.70. Top gainers SBI, ICIC Bank",https://www.thehindubusinessline.com/markets/share-market-highlights-29-october-2024-sensex-closes-8036903-nifty-up-by-052-at-12770-top-gainers-sbi-icic-bank/article68807042.ece,https://www.thehindubusinessline.com/markets/share-market-highlights-29-october-2024-sensex-closes-8036903-nifty-up-by-052-at-12770-top-gainers-sbi-icic-bank/article68807042.ece,thehindubusinessline.com,2024-10-29T16:45:00+05:30,2024-10-30,gdelt_gkg_observation
20241029111500-332,SBIN.NS,"Top Gainers and Losers today on 29 October, 2024: State Bank Of India, Bharat Electronics, Tata Motors, Maruti Suzuki India among most active stocks; Check full list here",https://www.livemint.com/market/stock-market-news/top-gainers-and-losers-today-on-29-october-2024-state-bank-of-india-bharat-electronics-tata-motors-maruti-suzuki-india-among-most-active-stocks-check-full-list-here-11730197991775.html,https://www.livemint.com/market/stock-market-news/top-gainers-and-losers-today-on-29-october-2024-state-bank-of-india-bharat-electronics-tata-motors-maruti-suzuki-india-among-most-active-stocks-check-full-list-here-11730197991775.html,livemint.com,2024-10-29T16:45:00+05:30,2024-10-30,gdelt_gkg_observation
20241029113000-62,SBIN.NS,"Sensex rises on 2nd consecutive day, SBI and ICICI Bank top gainers",https://www.prokerala.com/news/articles/a1576715.html,https://www.prokerala.com/news/articles/a1576715.html,prokerala.com,2024-10-29T17:00:00+05:30,2024-10-30,gdelt_gkg_observation
20241029113000-T1099,SBIN.NS,"Stock market shines on Dhanteras, SBI and ICICI Bank shares shine",https://www.khaskhabar.com/news/india-news/news-stock-market-shines-on-dhanteras-sbi-and-icici-bank-shares-shine-news-hindi-1-679755-KKN.html,https://www.khaskhabar.com/news/india-news/news-stock-market-shines-on-dhanteras-sbi-and-icici-bank-shares-shine-news-hindi-1-679755-KKN.html,khaskhabar.com,2024-10-29T17:00:00+05:30,2024-10-30,gdelt_gkg_observation
20241029121500-618,SBIN.NS,"Sensex Rises On 2Nd Consecutive Day, SBI And ICICI Bank Top Gainers",https://menafn.com/1108828291/Sensex-Rises-On-2Nd-Consecutive-Day-SBI-And-ICICI-Bank-Top-Gainers,https://menafn.com/1108828291/Sensex-Rises-On-2Nd-Consecutive-Day-SBI-And-ICICI-Bank-Top-Gainers,menafn.com,2024-10-29T17:45:00+05:30,2024-10-30,gdelt_gkg_observation
20241029124500-739,SBIN.NS,"Sensex Rises On 2nd Consecutive Day, SBI And ICICI Bank Top Gainers",https://zeenews.india.com/economy/sensex-rises-on-2nd-consecutive-day-sbi-and-icici-bank-top-gainers-2813534.html,https://zeenews.india.com/economy/sensex-rises-on-2nd-consecutive-day-sbi-and-icici-bank-top-gainers-2813534.html,india.com,2024-10-29T18:15:00+05:30,2024-10-30,gdelt_gkg_observation
20241029130000-466,SBIN.NS,State Bank of India chairman targets unbanked in expansion plans,https://www.moneycontrol.com/news/business/markets/state-bank-of-india-chairman-targets-unbanked-in-expansion-plans-12854231.html,https://www.moneycontrol.com/news/business/markets/state-bank-of-india-chairman-targets-unbanked-in-expansion-plans-12854231.html,moneycontrol.com,2024-10-29T18:30:00+05:30,2024-10-30,gdelt_gkg_observation
20241029131500-144,SBIN.NS,"Sensex rises on 2nd consecutive day, SBI an top gainers",https://www.ibtimes.co.in/sensex-rises-2nd-consecutive-day-sbi-icici-bank-top-gainers-873951,https://www.ibtimes.co.in/sensex-rises-2nd-consecutive-day-sbi-icici-bank-top-gainers-873951,ibtimes.co.in,2024-10-29T18:45:00+05:30,2024-10-30,gdelt_gkg_observation
20241029150000-1629,SBIN.NS,"Sensex rises on 2nd consecutive day, SBI and ICICI Bank top gainers",https://morungexpress.com/sensex-rises-on-2nd-consecutive-day-sbi-and-icici-bank-top-gainers,https://morungexpress.com/sensex-rises-on-2nd-consecutive-day-sbi-and-icici-bank-top-gainers,morungexpress.com,2024-10-29T20:30:00+05:30,2024-10-30,gdelt_gkg_observation
20241029163000-1891,SBIN.NS,"Samvat 2081: SBI, ITC, Titan, Jyothy Labs among Religare's top stock picks for Diwali 2024 - Market News",https://www.financialexpress.com/market/samvat-2081-sbi-itc-titan-jyothy-labs-among-religares-top-stock-picks-for-diwali-2024-3652420/,https://www.financialexpress.com/market/samvat-2081-sbi-itc-titan-jyothy-labs-among-religares-top-stock-picks-for-diwali-2024-3652420/,financialexpress.com,2024-10-29T22:00:00+05:30,2024-10-30,gdelt_gkg_observation
20241029173000-822,SBIN.NS,"Sensex rises on 2nd consecutive day, SBI and ICICI Bank top gainers",https://www.newkerala.com/news/2024/68270.htm,https://www.newkerala.com/news/2024/68270.htm,newkerala.com,2024-10-29T23:00:00+05:30,2024-10-30,gdelt_gkg_observation
20241030060000-382,SBIN.NS,"Sbi Share Price Today on 30-10-2024: Sbi share price are down by -0.76%, Nifty down by -0.09%",https://www.livemint.com/market/sbi-share-price-today-latest-on-30-oct-2024-11730266849459.html,https://www.livemint.com/market/sbi-share-price-today-latest-on-30-oct-2024-11730266849459.html,livemint.com,2024-10-30T11:30:00+05:30,2024-10-30,gdelt_gkg_observation
20241030080000-83,SBIN.NS,₹13 crore gold heist: Gang steals 17 kg of gold ornaments from SBI locker in Karnataka,https://www.hindustantimes.com/cities/bengaluru-news/rs-13-crore-gold-heist-gang-steals-17-kg-of-gold-ornaments-from-sbi-locker-in-karnataka-101730272934672.html,https://www.hindustantimes.com/cities/bengaluru-news/rs-13-crore-gold-heist-gang-steals-17-kg-of-gold-ornaments-from-sbi-locker-in-karnataka-101730272934672.html,hindustantimes.com,2024-10-30T13:30:00+05:30,2024-10-30,gdelt_gkg_observation
20241030133000-860,SBIN.NS,ED Returns Properties Of Surya Pharmaceuticals Worth Rs 185 Crore To SBI-Led Consortium,https://menafn.com/1108833608/ED-Returns-Properties-Of-Surya-Pharmaceuticals-Worth-Rs-185-Crore-To-SBI-Led-Consortium,https://menafn.com/1108833608/ED-Returns-Properties-Of-Surya-Pharmaceuticals-Worth-Rs-185-Crore-To-SBI-Led-Consortium,menafn.com,2024-10-30T19:00:00+05:30,2024-10-31,gdelt_gkg_observation
20241030134500-882,SBIN.NS,ED returns properties of Surya Pharmaceuticals worth Rs 185 crore to SBI-led consortium,https://www.prokerala.com/news/articles/a1577052.html,https://www.prokerala.com/news/articles/a1577052.html,prokerala.com,2024-10-30T19:15:00+05:30,2024-10-31,gdelt_gkg_observation
20241030141500-1520,SBIN.NS,ED returns Surya Pharmaceuticals properties worth Rs 185 cr to SBI consortium,https://www.siasat.com/ed-returns-surya-pharmaceuticals-properties-worth-rs-185-cr-to-sbi-consortium-3122887/,https://www.siasat.com/ed-returns-surya-pharmaceuticals-properties-worth-rs-185-cr-to-sbi-consortium-3122887/,siasat.com,2024-10-30T19:45:00+05:30,2024-10-31,gdelt_gkg_observation
20241030160000-1820,SBIN.NS,ED facilitates return of assets worth ₹185.13 crore to SBI-led consortium,https://www.thehindu.com/news/national/ed-facilitates-return-of-assets-worth-18513-crore-to-sbi-led-consortium/article68814913.ece,https://www.thehindu.com/news/national/ed-facilitates-return-of-assets-worth-18513-crore-to-sbi-led-consortium/article68814913.ece,thehindu.com,2024-10-30T21:30:00+05:30,2024-10-31,gdelt_gkg_observation
20241030163000-158,SBIN.NS,ED Returns Properties Of Surya Pharmaceuticals Worth INR 185 Crore To SBI-led Consortium,https://easternmirrornagaland.com/ed-returns-properties-of-surya-pharmaceuticals-worth-inr-185-crore-to-sbi-led-consortium/,https://easternmirrornagaland.com/ed-returns-properties-of-surya-pharmaceuticals-worth-inr-185-crore-to-sbi-led-consortium/,easternmirrornagaland.com,2024-10-30T22:00:00+05:30,2024-10-31,gdelt_gkg_observation
20241030214500-884,SBIN.NS,ED allows sale of attached assets of firm accused of scam & refund of Rs 185 crore to SBI | India News,https://timesofindia.indiatimes.com/india/ed-allows-sale-of-attached-assets-of-firm-accused-of-scam-refund-of-rs-185-crore-to-sbi/articleshow/114792028.cms,https://timesofindia.indiatimes.com/india/ed-allows-sale-of-attached-assets-of-firm-accused-of-scam-refund-of-rs-185-crore-to-sbi/articleshow/114792028.cms,indiatimes.com,2024-10-31T03:15:00+05:30,2024-10-31,gdelt_gkg_observation
20241031014500-T754,SBIN.NS,"Stocks to Watch: आज Ami Organics और SBI समेत इन शेयरों में दिखेगा ऐक्शन, क्‍या लगाएंगे दांव?",https://navbharattimes.indiatimes.com/business/share-market/share-news/stock-market-prediction-today-these-stocks-including-ami-organics-and-sbi-showing-bullish-bias/articleshow/114787982.cms,https://navbharattimes.indiatimes.com/business/share-market/share-news/stock-market-prediction-today-these-stocks-including-ami-organics-and-sbi-showing-bullish-bias/articleshow/114787982.cms,indiatimes.com,2024-10-31T07:15:00+05:30,2024-10-31,gdelt_gkg_observation
20241031044500-926,SBIN.NS,"Stocks to buy today: SBI, Maruti Suzuki among top 9 trading ideas for 31 October 2024",https://economictimes.indiatimes.com/markets/stocks/news/stocks-to-buy-today-sbi-maruti-suzuki-among-top-9-trading-ideas-for-31-october-2024/articleshow/114803881.cms,https://economictimes.indiatimes.com/markets/stocks/news/stocks-to-buy-today-sbi-maruti-suzuki-among-top-9-trading-ideas-for-31-october-2024/articleshow/114803881.cms,indiatimes.com,2024-10-31T10:15:00+05:30,2024-10-31,gdelt_gkg_observation
20241031070000-929,SBIN.NS,"Diwali Picks: Coal India, Escorts Kubota, Titagarh Rail, Newgen Software are among SBI Securities 12 stock ideas",https://www.businesstoday.in/markets/company-stock/story/diwali-picks-coal-india-escorts-kubota-titagarh-rail-newgen-software-sbi-securities-stock-ideas-452173-2024-10-31,https://www.businesstoday.in/markets/company-stock/story/diwali-picks-coal-india-escorts-kubota-titagarh-rail-newgen-software-sbi-securities-stock-ideas-452173-2024-10-31,businesstoday.in,2024-10-31T12:30:00+05:30,2024-10-31,gdelt_gkg_observation
20241031094500-305,SBIN.NS,Fire breaks out at SBI main branch; now under control,https://www.thehindu.com/news/cities/Visakhapatnam/fire-breaks-out-at-sbi-main-branch-now-under-control/article68817427.ece,https://www.thehindu.com/news/cities/Visakhapatnam/fire-breaks-out-at-sbi-main-branch-now-under-control/article68817427.ece,thehindu.com,2024-10-31T15:15:00+05:30,2024-10-31,gdelt_gkg_observation
20241031104500-401,SBIN.NS,SBI Credit Card Fees To Rise For High Utility Payments: Know Key Changes From November 1,https://www.news18.com/business/banking-finance/sbi-credit-card-fees-to-rise-for-high-utility-payments-know-key-changes-from-november-1-9105382.html,https://www.news18.com/business/banking-finance/sbi-credit-card-fees-to-rise-for-high-utility-payments-know-key-changes-from-november-1-9105382.html,news18.com,2024-10-31T16:15:00+05:30,2024-11-01,gdelt_gkg_observation
20241031110000-849,SBIN.NS,"Diwali Picks: RIL, L&T Finance, SBI , NCC shares among HDFC Securities' top ideas",https://www.businesstoday.in/markets/company-stock/story/diwali-picks-ril-lt-finance-sbi-ncc-shares-among-hdfc-securities-top-ideas-452183-2024-10-31,https://www.businesstoday.in/markets/company-stock/story/diwali-picks-ril-lt-finance-sbi-ncc-shares-among-hdfc-securities-top-ideas-452183-2024-10-31,businesstoday.in,2024-10-31T16:30:00+05:30,2024-11-01,gdelt_gkg_observation
