stage,page_title,url,source,DATE,reason
entity_matcher_rejected,market: 15 stocks across m-caps to beat market returns,https://economictimes.indiatimes.com/markets/stocks/news/15-stocks-across-m-caps-to-beat-market-returns/articleshow/106428706.cms,indiatimes.com,20240101010000,Entity matcher rejected (no positive signal or matched exclusion)
entity_matcher_rejected,"SBI Cards & Payment Services Ltd Share Price Today, SBICARD Share Price NSE, BSE",https://www.businesstoday.in/stocks/sbi-cards-payment-services-ltd-sbicard-share-price-365561,businesstoday.in,20240101040000,Entity matcher rejected (no positive signal or matched exclusion)
entity_matcher_rejected,SBI Card Share Price: Share price of SBI Card jumps as Sensex drops 170.12 points,https://economictimes.indiatimes.com/markets/stocks/stock-watch/share-price-of-sbi-card-jumps-as-sensex-drops-170-12-points/articleshow/106436689.cms,indiatimes.com,20240101060000,Entity matcher rejected (no positive signal or matched exclusion)
entity_matcher_rejected,"Relationship Manager vacancy in SBI Mutual Fund, graduate candidates should apply, job location Rohtak-Haryana. | प्राइवेट नौकरी: SBI Mutual Fund में रिलेशनशिप मैनेजर की वैकेंसी, ग्रेजुएट कैंडिडेट करें अप्लाय, जॉब लोकेशन हरियाणा",https://www.bhaskar.com/career/news/relationship-manager-vacancy-in-sbi-mutual-fund-graduate-candidates-should-apply-job-location-rohtak-haryana-132377066.html,bhaskar.com,20240101104500,Entity matcher rejected (no positive signal or matched exclusion)
entity_matcher_rejected,पॅन कार्ड लिंक न केल्यास SBI खाते बंद होणार का? काय आहे संपूर्ण प्रकरण| Will SBI account be closed if PAN card is not linked What is the whole matter,https://www.loksatta.com/business/finance/will-sbi-account-be-closed-if-pan-card-is-not-linked-what-is-the-whole-matter-vrd-88-4133342/,loksatta.com,20240101110000,Entity matcher rejected (no positive signal or matched exclusion)
entity_matcher_rejected,SBI की 29 शाखाओं में चुनावी बांड की बिक्री मंगलवार से,http://www.samaylive.com/regional-news-in-hindi/ncr-news-in-hindi/501584/sale-of-electoral-bonds-in-29-branches-of-sbi-from-tuesday.html,samaylive.com,20240101174500,Entity matcher rejected (no positive signal or matched exclusion)
entity_matcher_rejected,SBI donates ₹79 lakh to Sankara Nethralaya for medical equipment,https://www.thehindu.com/news/cities/chennai/sbi-donates-79-lakh-to-sankara-nethralaya-for-medical-equipment/article67696526.ece,thehindu.com,20240101200000,Entity matcher rejected (no positive signal or matched exclusion)
entity_matcher_rejected,Banks' FD rates unlikely to rise further in 2024 - Banking & Finance News,https://www.financialexpress.com/business/banking-finance-banks-fd-rates-unlikely-to-rise-further-in-2024-3352690/,financialexpress.com,20240101220000,Entity matcher rejected (no positive signal or matched exclusion)
entity_matcher_rejected,"Business News : these quality stocks sbi cards nmdc shares ugro capital uno minda greenply industries will give good returns in 2024 experts advise to buy them - 2024 में ये क्वालिटी स्टॉक्स देंगे शानदार रिटर्न, एक्सपर्ट्स ने दी खरीदने की सलाह",https://www.livehindustan.com/business/story-these-quality-stocks-sbi-cards-nmdc-shares-ugro-capital-uno-minda-greenply-industries-will-give-good-returns-in-2024-experts-advise-to-buy-them-9146297.html,livehindustan.com,20240102034500,Entity matcher rejected (no positive signal or matched exclusion)
entity_matcher_rejected,SBI Card Share Price: SBI Card shares drop 0.37% as Sensex falls,https://economictimes.indiatimes.com/markets/stocks/stock-watch/sbi-card-shares-drop-0-37-as-sensex-falls/articleshow/106469814.cms,indiatimes.com,20240102060000,Entity matcher rejected (no positive signal or matched exclusion)
entity_matcher_rejected,"SBI bars staff from conclaves, seminars, felicitations till Mar 31",https://www.moneycontrol.com/news/business/sbi-bars-staff-from-conclaves-seminars-felicitations-till-mar-31-11986401.html,moneycontrol.com,20240102063000,Entity matcher rejected (no positive signal or matched exclusion)
entity_matcher_rejected,"SBI CBO Exam 2024: Pre- exam training materials available at sbi.co.in, link here",https://www.hindustantimes.com/education/employment-news/sbi-cbo-exam-2024-pre-exam-training-materials-available-at-sbi-co-in-link-here-101704178471312.html,hindustantimes.com,20240102073000,Entity matcher rejected (no positive signal or matched exclusion)
entity_matcher_rejected,SBI: పార్టీల‌కు పండుగ‌.. నేటి నుంచి ఎలక్టోరల్‌ బాండ్ల అమ్మ‌కాలు ప్రారంభం..,https://www.prabhanews.com/importantnews/sbi-festival-for-parties-electoral-bond-sales-start-from-today/,prabhanews.com,20240102083000,Entity matcher rejected (no positive signal or matched exclusion)
entity_matcher_rejected,"SBI ਸਮੇਤ ਇਨ੍ਹਾਂ ਬੈਂਕਾਂ ਨੇ ਆਪਣੇ ਗਾਹਕਾਂ ਨੂੰ ਦਿੱਤਾ ਨਵੇਂ ਸਾਲ ਦਾ ਤੋਹਫ਼ਾ, ਵਧਾਈਆਂ FD 'ਤੇ ਵਿਆਜ ਦਰਾਂ; ਜਾਣੋ ਕਿੱਥੇ ਮਿਲੇਗਾ ਜ਼ਿਆਦਾ ਫਾਇਦਾ",https://www.punjabijagran.com/business/general-sbi-and-other-banks-gave-their-customers-a-new-year-gift-congratulations-interest-rates-on-fd-know-where-to-get-more-benefits-9319410.html,punjabijagran.com,20240102121500,Entity matcher rejected (no positive signal or matched exclusion)
entity_matcher_rejected,"VST Industries के शेयरों में 20% अपर सर्किट, इस बड़ी ब्लॉक डील का है असर",https://hindi.moneycontrol.com/news/markets/vst-industries-share-price-jump-20-percent-upper-circuit-rk-damani-portfolio-stock-on-block-deal-1693721.html,moneycontrol.com,20240102140000,Entity matcher rejected (no positive signal or matched exclusion)
entity_matcher_rejected,"Banks hike FD rates ahead of Q4 to support credit growth, protect NIMs",https://www.thehindubusinessline.com/money-and-banking/banks-hike-fd-rates-ahead-of-q4-to-support-credit-growth-protect-nims/article67699301.ece,thehindubusinessline.com,20240102154500,Entity matcher rejected (no positive signal or matched exclusion)
entity_matcher_rejected,"Business News : Damani increased his bet on vst industries by 700 rupees looted to buy shares upper circuit imposed - Business News India - अचानक ₹700 चढ़ गया यह शेयर, दमानी ने बढ़ाया दांव, शेयर खरीदने की लूट, लगा अपर सर्किट",https://www.livehindustan.com/business/story-damani-increased-his-bet-on-vst-industries-by-700-rupees-looted-to-buy-shares-upper-circuit-imposed-9148491.html,livehindustan.com,20240102170000,Entity matcher rejected (no positive signal or matched exclusion)
entity_matcher_rejected,"Shooting kills 81-year-old Enfield resident, injures another: Police chief calls SBI to assist investigation",https://www.rrdailyherald.com/news/local/shooting-kills-81-year-old-enfield-resident-injures-another-police-chief-calls-sbi-to-assist/article_bf548655-d378-57f7-95bc-f5a12f8b0431.html,rrdailyherald.com,20240102210000,Entity matcher rejected (no positive signal or matched exclusion)
entity_matcher_rejected,Lawsuit accuses NC sheriff and SBI of coercing murder confession from 14-year-old,https://news.yahoo.com/lawsuit-accuses-nc-sheriff-sbi-205010593.html,yahoo.com,20240102211500,Entity matcher rejected (no positive signal or matched exclusion)
entity_matcher_rejected,"김호중 SBI저축은행 팀장, 금융감독원장 표창 수상",https://www.edaily.co.kr/news/read?newsId=01761366638754112&mediaCodeNo=257,edaily.co.kr,20240103004500,Entity matcher rejected (no positive signal or matched exclusion)
entity_matcher_rejected,"SBI저축은행, 금융지원 공로 금융감독원장",https://m.metroseoul.co.kr:443/article/20240103500075,metroseoul.co.kr,20240103013000,Entity matcher rejected (no positive signal or matched exclusion)
entity_matcher_rejected,"Stock Market Live Updates: Sensex, Nifty trade weak, SC denies SIT probe in Adani-Hindenburg row; orders swift SEBI investigation",https://www.thehindubusinessline.com/markets/share-market-nifty-sensex-live-updates-03-january-2024/article67698291.ece,thehindubusinessline.com,20240103063000,Entity matcher rejected (no positive signal or matched exclusion)
entity_matcher_rejected,SBI Chennai Circle contributes Rs 79 to Sankara Nethralaya - News Today,https://newstodaynet.com/2024/01/03/sbi-chennai-circle-contributes-rs-79-to-sankara-nethralaya/,newstodaynet.com,20240103071500,Entity matcher rejected (no positive signal or matched exclusion)
entity_matcher_rejected,"Paytm vs SBI Card shares: Bernstein picks this payments biz stock, suggests 47% upside",https://www.businesstoday.in/markets/stocks/story/paytm-vs-sbi-card-shares-bernstein-picks-this-payments-biz-stock-suggests-47-upside-411699-2024-01-03,businesstoday.in,20240103094500,Entity matcher rejected (no positive signal or matched exclusion)
entity_matcher_rejected,Kangra District Commission Holds SBI Liable For Unreasonably Penalizing Customers Without Issuing Prior Notification,https://www.livelaw.in/consumer-cases/kangra-district-commission-holds-sbi-liable-for-unreasonably-penalizing-customers-without-issuing-prior-notification-245726,livelaw.in,20240103104500,Entity matcher rejected (no positive signal or matched exclusion)
entity_matcher_rejected,Banks Wrote Off Rs 1 Trillion In Frauds,https://www.rediff.com/business/report/banks-wrote-off-rs-1-trillion-in-frauds/20240103.htm,rediff.com,20240103114500,Entity matcher rejected (no positive signal or matched exclusion)
entity_matcher_rejected,"FD Vs Post Office Time Deposit Scheme; Punjab Bank (PNB) FD Interest Rates Hiked | FD Vs पोस्ट ऑफिस टाइम डिपॉझिट: PNB, SBIसह अनेक बँकांनी व्याजदर वाढवले, आता कुठे जास्त व्याज?",https://divyamarathi.bhaskar.com/business/news/fd-vs-post-office-time-deposit-scheme-punjab-bank-pnb-fd-interest-rates-hiked-132387167.html,bhaskar.com,20240103133000,Entity matcher rejected (no positive signal or matched exclusion)
entity_matcher_rejected,"SBI ने ग्राहकों को दिया नए साल में तोहफा, 31 जनवरी तक उठा सकते हैं होम लोन ऑफर का फायदा",https://hindi.moneycontrol.com/news/your-money/state-bank-of-india-sbi-extended-special-home-loan-campaign-till-31-january-2024-that-offers-discounts-up-to-65bps-1695701.html,moneycontrol.com,20240103134500,Entity matcher rejected (no positive signal or matched exclusion)
entity_matcher_rejected,SBI contributes Rs 79 lakh to Sankara Nethralaya - News Today,https://newstodaynet.com/2024/01/04/sbi-contributes-rs-79-lakh-to-sankara-nethralaya/,newstodaynet.com,20240104064500,Entity matcher rejected (no positive signal or matched exclusion)
entity_matcher_rejected,SBI Card Share Price: SBI Card shares down 0.35% as Sensex rises,https://economictimes.indiatimes.com/markets/stocks/stock-watch/sbi-card-shares-down-0-35-as-sensex-rises/articleshow/106537271.cms,indiatimes.com,20240104074500,Entity matcher rejected (no positive signal or matched exclusion)
entity_matcher_rejected,Moneycontrol Selects: Top stories this afternoon,https://www.moneycontrol.com/news/india/moneycontrol-selects-top-stories-this-afternoon-161-11997391.html,moneycontrol.com,20240104083000,Entity matcher rejected (no positive signal or matched exclusion)
entity_matcher_rejected,Liquidity deficit narrows sharply in the new year,https://www.moneycontrol.com/news/business/liquidity-deficit-narrows-sharply-in-the-new-year-11998701.html,moneycontrol.com,20240104103000,Entity matcher rejected (no positive signal or matched exclusion)
entity_matcher_rejected,"SBI Clerk Prelims exam schedule released, more details here",https://www.educationtimes.com/article/alerts/99734478/sbi-clerk-prelims-exam-schedule-released-more-details-here,educationtimes.com,20240104104500,Entity matcher rejected (no positive signal or matched exclusion)
entity_matcher_rejected,"Bank lending to aviation sector surges 65% as airlines borrow more to fund lease contracts, hirings",https://www.moneycontrol.com/news/business/bank-lending-to-aviation-sector-surges-65-as-airlines-borrow-more-to-fund-lease-contracts-hirings-11999501.html,moneycontrol.com,20240104133000,Entity matcher rejected (no positive signal or matched exclusion)
entity_matcher_rejected,"SBI Clerk Prelims Begins From 5th Jan 2024: Check Last Minute Preparation Tips, Exam Day Guidelines, Shift Timings",https://www.jagranjosh.com/articles/sbi-clerk-prelims-to-start-from-january-5-check-last-minute-preparation-tips-exam-day-guidelines-shift-timings-1704282564-1,jagranjosh.com,20240104151500,Entity matcher rejected (no positive signal or matched exclusion)
entity_matcher_rejected,住信SBIネット銀行、2024年オリコン顧客満足度®ランキング銀行カードローン部門で5年連続総合１位を獲得,https://japan.cnet.com/release/30931354/,cnet.com,20240105031500,Entity matcher rejected (no positive signal or matched exclusion)
entity_matcher_rejected,2024年1月4日より、住信SBIネット銀行の住宅ローン商品をSBIアルヒが取り扱い開始～全国16の直営拠点で申し込みが可能に～,https://japan.cnet.com/release/30931362/,cnet.com,20240105031500,Entity matcher rejected (no positive signal or matched exclusion)
entity_matcher_rejected,"SBI Clerk Prelims Exam 2024 begins today, check exam day guidelines here",https://www.hindustantimes.com/education/competitive-exams/sbi-clerk-prelims-exam-2024-begins-today-check-exam-day-guidelines-here-101704425598161.html,hindustantimes.com,20240105040000,Entity matcher rejected (no positive signal or matched exclusion)
entity_matcher_rejected,"SBI Clerk Prelims 2024 Live: Preliminary exam begins, guidelines here",https://www.hindustantimes.com/education/competitive-exams/sbi-clerk-prelims-2024-live-updates-sbi-clerk-preliminary-exam-guidelines-at-sbi-co-in-check-analysis-latest-news-101704432325068.html,hindustantimes.com,20240105060000,Entity matcher rejected (no positive signal or matched exclusion)
entity_matcher_rejected,SBI Card Share Price: SBI Card shares up 0.85% as Sensex rises,https://economictimes.indiatimes.com/markets/stocks/stock-watch/sbi-card-shares-up-0-85-as-sensex-rises/articleshow/106564756.cms,indiatimes.com,20240105064500,Entity matcher rejected (no positive signal or matched exclusion)
entity_matcher_rejected,"口座開設してクイズに正解するともれなく2,000円もらえる「NISAはSBIでGO！」キャンペーン実施",https://japan.cnet.com/release/30931500/,cnet.com,20240105064500,Entity matcher rejected (no positive signal or matched exclusion)
entity_matcher_rejected,"SBI Clerk Prelims Exam 2024: Test for over 8,000 junior associate positions begins today - Check guidelines, paper structure and more - Jobs and Career News",https://www.financialexpress.com/jobs-career/sbi-clerk-prelims-exam-2024-test-for-over-8000-junior-associate-positions-begins-today-check-guidelines-paper-structure-and-more-3356258/,financialexpress.com,20240105070000,Entity matcher rejected (no positive signal or matched exclusion)
entity_matcher_rejected,"SBI Clerk Prelims Cut off 2024: SBI Exam Cut off, Difficulty Level, Exam Analysis Here",https://www.timesnownews.com/education/sbi-clerk-prelims-cut-off-2024-sbi-exam-cut-off-difficulty-level-exam-analysis-here-article-106563092,timesnownews.com,20240105071500,Entity matcher rejected (no positive signal or matched exclusion)
entity_matcher_rejected,8473 Stock Price | SBI Holdings Inc. Stock Quote (Japan: Tokyo),https://www.marketwatch.com/investing/stock/8473,marketwatch.com,20240105074500,Entity matcher rejected (no positive signal or matched exclusion)
entity_matcher_rejected,住信SBIネット銀行、CESバンク株式会社と銀行代理業委託契約を締結～大阪堺東ローンプラザを新規オープンし、住宅ローン・フラット35の販売開始～：紀伊民報AGARA｜和歌山県のニュースサイト,https://www.agara.co.jp/article/336894,agara.co.jp,20240105081500,Entity matcher rejected (no positive signal or matched exclusion)
entity_matcher_rejected,"SBI Clerk Prelim Exam 2024: 8,773 Openings for Junior Associates; Exam procedures and timings",https://economictimes.indiatimes.com/industry/services/education/sbi-clerk-prelim-exam-2024-8773-openings-for-junior-associates-exam-procedures-and-timings/articleshow/106569139.cms,indiatimes.com,20240105084500,Entity matcher rejected (no positive signal or matched exclusion)
entity_matcher_rejected,"SBI Clerk Prelims Exam 2024: Exam for 8,773 Junior Associate vacant posts begins today",https://www.livemint.com/education/news/sbi-clerk-prelims-exam-2024-state-bank-of-india-8773-junior-associate-vacant-posts-sbicoin-11704441223190.html,livemint.com,20240105091500,Entity matcher rejected (no positive signal or matched exclusion)
entity_matcher_rejected,住信SBIネット銀行、CESバンク株式会社と銀行代理業委託契約を締結～大阪堺東ローンプラザを新規オープンし、住宅ローン・フラット35の販売開始～,https://japan.cnet.com/release/30931512/,cnet.com,20240105094500,Entity matcher rejected (no positive signal or matched exclusion)
entity_matcher_rejected,"SBI FD : विना टेन्शन होईल जबरदस्त कमाई; ₹५ लाखावर १,२,३ आणि ५ वर्षांसाठी किती फायदा?",https://www.lokmat.com/business/savings-investments/sbi-fd-get-tremendous-earnings-without-tension-how-much-benefit-for-1-2-3-and-5-years-on-rs-5-lakh-interest-rates-hike-a-a720/,lokmat.com,20240105094500,Entity matcher rejected (no positive signal or matched exclusion)
entity_matcher_rejected,"Price of E-commerce Platforms and Kirana Stores Has Converged, Says SBI",https://www.moneylife.in/article/price-of-e-commerce-platforms-and-kirana-stores-has-converged-says-sbi/63884.html,moneylife.in,20240105110000,Entity matcher rejected (no positive signal or matched exclusion)
entity_matcher_rejected,"Market end in green for second straight day; Nifty closes near 21,700 top gainers on January 05 include Adani Ports and SEZ, Tata Consultancy, Larsen and Toubro, SBI Life Insurance, and Infosys whereas Healthcare and PSU Banks stocks among key losers",https://www.financialexpress.com/market/market-end-in-green-for-second-straight-day-nifty-closes-near-21700-top-gainers-on-january-05-include-adani-ports-and-sez-tata-consultancy-larsen-and-toubro-sbi-life-insurance-and-infosys-whereas-heal-3356609/,financialexpress.com,20240105121500,Entity matcher rejected (no positive signal or matched exclusion)
entity_matcher_rejected,"SBI Clerk Prelims Analysis 2024: January 5 All Shifts Difficulty Level, Questions Asked, and Good Attempts",https://www.jagranjosh.com/articles/sbi-clerk-prelims-exam-analysis-2023-all-shift-difficulty-level-good-attempts-and-questions-asked-1704389529-1,jagranjosh.com,20240105130000,Entity matcher rejected (no positive signal or matched exclusion)
entity_matcher_rejected,"अजब फ्रॉड! तीन जणांनी मिळून उघडली चक्क SBI ची डुप्लिकेट ब्रॅच, अखेर असं फुटलं बिंग",https://www.lokmat.com:443/national/fraud-three-persons-together-opened-a-duplicate-branch-of-sbi-finally-the-bing-broke-a-a301/,lokmat.com,20240105141500,Entity matcher rejected (no positive signal or matched exclusion)
entity_matcher_rejected,"અક્કલ કામ ન કરે તેવી છેતરપિંડી! નકલી SBI બેંક ખોલી, 3 મહિના બાદ ભાંડો ફૂટ્યો",https://www.gujaratsamachar.com/news/national/three-people-together-opened-a-fake-sbi-bank-then-this-got-exposed,gujaratsamachar.com,20240105150000,Entity matcher rejected (no positive signal or matched exclusion)
entity_matcher_rejected,SBI Clerk Prelims 2024 Live: Junior Associate Day 2 Shift 2 exam begins,https://www.hindustantimes.com/education/competitive-exams/sbi-clerk-prelims-2024-live-updates-students-reaction-question-paper-and-other-updates-of-junior-associate-exam-101704518755784.html,hindustantimes.com,20240106064500,Entity matcher rejected (no positive signal or matched exclusion)
entity_matcher_rejected,"SBI Life Insurance Company Limited Approves the Appointment of Ashwini Kumar Tewari as A Non-Executive, Nominee Director",https://www.marketscreener.com/quote/stock/SBI-LIFE-INSURANCE-COMPAN-105516292/news/SBI-Life-Insurance-Company-Limited-Approves-the-Appointment-of-Ashwini-Kumar-Tewari-as-A-Non-Executi-45687792/,marketscreener.com,20240106201500,Entity matcher rejected (no positive signal or matched exclusion)
entity_matcher_rejected,"Wayang Jazz Baruwani, Inovasi SBI & Seniman Cilacap dalam Pemberdayaan Masyarakat",https://www.jpnn.com/news/wayang-jazz-baruwani-inovasi-sbi-seniman-cilacap-dalam-pemberdayaan-masyarakat,jpnn.com,20240106213000,Entity matcher rejected (no positive signal or matched exclusion)
entity_matcher_rejected,"""""예금금리 3%로 내렸는데 연 7% 통장 등장""…파킹통장으로 돈 몰릴까[머니뭐니]""- 헤럴드경제",http://biz.heraldcorp.com/view.php?ud=20240105000707,heraldcorp.com,20240107114500,Entity matcher rejected (no positive signal or matched exclusion)
entity_matcher_rejected,"""""예금금리 3%로 내렸는데 연 7% 통장 등장""…파킹통장으로 돈 몰릴까[머니뭐니]""- 헤럴드경제",http://news.heraldcorp.com/view.php?ud=20240105000707,heraldcorp.com,20240107134500,Entity matcher rejected (no positive signal or matched exclusion)
entity_matcher_rejected,"""예금금리 3%로 내렸는데 연 7% 통장 등장""…파킹통장으로 돈 몰릴까[머니뭐니] : 네이트 뉴스",http://news.nate.com/view/20240107n14298,nate.com,20240107163000,Entity matcher rejected (no positive signal or matched exclusion)
entity_matcher_rejected,"Reliance Industries, Bajaj Finance, SBI Life: Trading strategies for these largecap stocks",https://www.businesstoday.in/markets/stock-picks/story/reliance-industries-bajaj-finance-sbi-life-trading-strategies-for-these-largecap-stocks-412189-2024-01-08,businesstoday.in,20240108030000,Entity matcher rejected (no positive signal or matched exclusion)
entity_matcher_rejected,SBI Card Share Price: SBI Card shares fall 0.01 per cent in Monday's trading session,https://economictimes.indiatimes.com/markets/stocks/stock-watch/sbi-card-shares-fall-0-01-per-cent-in-mondays-trading-session/articleshow/106629438.cms,indiatimes.com,20240108073000,Entity matcher rejected (no positive signal or matched exclusion)
entity_matcher_rejected,K-shaped recovery narrative flawed and baseless: SBI Research,https://economictimes.indiatimes.com/news/economy/indicators/k-shaped-recovery-narrative-flawed-and-baseless-sbi-research/articleshow/106630635.cms,indiatimes.com,20240108081500,Entity matcher rejected (no positive signal or matched exclusion)
entity_matcher_rejected,SBI Clerk Prelims Expected Cutoff 2024: Check Junior Associate Minimum Qualifying Marks,https://www.jagranjosh.com/articles/sbi-clerk-expected-cutoff-2024-check-junior-associates-minimum-qualifying-marks-1704448117-1,jagranjosh.com,20240108094500,Entity matcher rejected (no positive signal or matched exclusion)
entity_matcher_rejected,SBI study questions flawed narrative of K-shaped recovery,https://www.livemint.com/economy/sbi-study-questions-flawed-narrative-of-k-shaped-recovery-highlights-five-major-trends-of-indian-economy-11704702238245.html,livemint.com,20240108101500,Entity matcher rejected (no positive signal or matched exclusion)
entity_matcher_rejected,"New credit card rules: Know major changes in HDFC Bank SBI Card, ICICI Bank and Axis Bank credit cards",https://economictimes.indiatimes.com/wealth/spend/new-credit-card-rules-know-major-changes-in-hdfc-bank-sbi-card-icici-bank-and-axis-bank-credit-cards/articleshow/106635457.cms,indiatimes.com,20240108103000,Entity matcher rejected (no positive signal or matched exclusion)
entity_matcher_rejected,Around 19 5 Micro sized Firms successfully Shift Their Income Upward SBI - BW Businessworld,https://www.businessworld.in/article/Around-19-5-Micro-sized-Firms-successfully-Shift-Their-Income-Upward-SBI-/08-01-2024-505134/,businessworld.in,20240108113000,Entity matcher rejected (no positive signal or matched exclusion)
entity_matcher_rejected,"Flawed, prejudiced to say India's post-pandemic recovery K-shaped, says SBI economist Ghosh",https://www.moneycontrol.com/news/business/economy/flawed-prejudiced-to-say-indias-post-pandemic-recovery-k-shaped-says-sbi-economist-ghosh-12017241.html,moneycontrol.com,20240108121500,Entity matcher rejected (no positive signal or matched exclusion)
entity_matcher_rejected,SBI FD vs Post Office TD: వీటిలో ఏది బెస్టో తెలుసా? | SBI FD vs Post Office TD Do you know which one is the best sri,https://www.andhrajyothy.com/2024/business/sbi-fd-vs-post-office-td-do-you-know-which-one-is-the-best-sri-1193293.html,andhrajyothy.com,20240108123000,Entity matcher rejected (no positive signal or matched exclusion)
entity_matcher_rejected,"UPL, SBI Life top losers on Nifty50 as market slumps; Kotak Bank, HDFC most active on Jan 8",https://www.businesstoday.in/visualstories/stock/upl-sbi-life-top-losers-on-nifty50-as-market-slumps-kotak-bank-hdfc-most-active-on-jan-8-87140-08-01-2024,businesstoday.in,20240108124500,Entity matcher rejected (no positive signal or matched exclusion)
entity_matcher_rejected,Individual income inequality has significantly declined during FY14-FY22: SBI report,https://www.thehindubusinessline.com/economy/individual-income-inequality-has-significantly-declined-during-fy14-fy22-sbi-report/article67718383.ece,thehindubusinessline.com,20240108133000,Entity matcher rejected (no positive signal or matched exclusion)
entity_matcher_rejected,"Income inequality declining in India, says SBI report",https://www.prokerala.com/news/articles/a1495003.html,prokerala.com,20240108141500,Entity matcher rejected (no positive signal or matched exclusion)
entity_matcher_rejected,"SBI Life Saral Pension: All You Need To Know About Eligibility, Premium, And Benefits",https://retirement.outlookindia.com/invest/life-insurance-pension-plan/sbi-life-saral-pension-all-you-need-to-know-about-eligibility-premium-and-benefits,outlookindia.com,20240108141500,Entity matcher rejected (no positive signal or matched exclusion)
entity_matcher_rejected,"K-shaped recovery post pandemic is flawed, prejudiced narrative: SBI report",https://www.business-standard.com/economy/news/k-shaped-recovery-post-pandemic-is-flawed-prejudiced-narrative-sbi-report-124010800622_1.html,business-standard.com,20240108141500,Entity matcher rejected (no positive signal or matched exclusion)
entity_matcher_rejected,"Income inequality declines, says SBI research unit debunking K-shaped eco recovery theory",https://www.devdiscourse.com/article/law-order/2769513-income-inequality-declines-says-sbi-research-unit-debunking-k-shaped-eco-recovery-theory,devdiscourse.com,20240108150000,Entity matcher rejected (no positive signal or matched exclusion)
entity_matcher_rejected,"Income inequality declining in India, says SBI report",https://www.orissapost.com/income-inequality-declining-in-india-says-sbi-report/,orissapost.com,20240108150000,Entity matcher rejected (no positive signal or matched exclusion)
entity_matcher_rejected,Debate on India's K-shaped recovery post-pandemic is flawed: SBI,https://www.livemint.com/economy/debate-on-indias-k-shaped-recovery-post-pandemic-is-flawed-sbi-11704722731949.html,livemint.com,20240108151500,Entity matcher rejected (no positive signal or matched exclusion)
entity_matcher_rejected,SRK to Mani Ratnam: 'CNN-News18 Indian of the Year' Promises to Make Jan 10 A 'Starry' Night,https://www.news18.com/movies/srk-to-mani-ratnam-it-will-be-a-galaxy-of-stars-at-the-cnn-news18-indian-of-the-year-on-jan-10-8732719.html,news18.com,20240108154500,Entity matcher rejected (no positive signal or matched exclusion)
entity_matcher_rejected,"Income inequality declining in India, says SBI report",https://morungexpress.com/income-inequality-declining-in-india-says-sbi-report,morungexpress.com,20240108160000,Entity matcher rejected (no positive signal or matched exclusion)
entity_matcher_rejected,"Unauthorized Transactions From Fastag, Ambala District Commission Directs SBI To Refund Amount, Pay Compensation",https://www.livelaw.in/consumer-cases/unauthorized-transactions-from-fastag-ambala-district-commission-directs-sbi-to-refund-amount-pay-compensation-246149,livelaw.in,20240108160000,Entity matcher rejected (no positive signal or matched exclusion)
entity_matcher_rejected,SBI Research Disproves K Shaped Recovery Notes Declining Income Inequality - BW Businessworld,https://www.businessworld.in/article/SBI-Research-Disproves-K-Shaped-Recovery-Notes-Declining-Income-Inequality/08-01-2024-505176/,businessworld.in,20240108160000,Entity matcher rejected (no positive signal or matched exclusion)
entity_matcher_rejected,"Income inequality declines, says SBI research unit debunking K-shaped eco recovery theory",https://www.financialexpress.com/policy/economy-income-inequality-declines-says-sbi-research-unit-debunking-k-shaped-eco-recovery-theory-3358988/,financialexpress.com,20240108160000,Entity matcher rejected (no positive signal or matched exclusion)
entity_matcher_rejected,"Income Inequality Declining In India, Says SBI Report",https://menafn.com/1107695825/Income-Inequality-Declining-In-India-Says-SBI-Report,menafn.com,20240108174500,Entity matcher rejected (no positive signal or matched exclusion)
entity_matcher_rejected,SRK and Mani Ratnam to Attend CNN-News18 Indian of the Year Awards,https://www.adgully.com/srk-and-mani-ratnam-to-attend-cnn-news18-indian-of-the-year-awards-140697.html,adgully.com,20240108174500,Entity matcher rejected (no positive signal or matched exclusion)
entity_matcher_rejected,SBI Report Reveals Significant Decrease In Income Inequality in India; Key Points,https://www.india.com/business/sbi-report-reveals-significant-decrease-in-income-inequality-in-india-key-points-6641590/,india.com,20240108180000,Entity matcher rejected (no positive signal or matched exclusion)
entity_matcher_rejected,SBI report shows significant decline in individual income inequality in India,http://theindianawaaz.com/sbi-report-shows-significant-decline-in-individual-income-inequality-in-india/,theindianawaaz.com,20240108180000,Entity matcher rejected (no positive signal or matched exclusion)
entity_matcher_rejected,"कम हो रही अमीरी-गरीबी के बीच की खाई, SBI रिसर्च रिपोर्ट में किया दावा",https://hindi.webdunia.com/national-hindi-news/claimed-in-sbi-report-regarding-indian-economy-124010800090_1.html,webdunia.com,20240108181500,Entity matcher rejected (no positive signal or matched exclusion)
entity_matcher_rejected,Economic growth of India is not unequal: SBI report,https://www.hindustantimes.com/india-news/sbi-economic-growth-of-india-is-not-unequal-101704743109319.html,hindustantimes.com,20240108224500,Entity matcher rejected (no positive signal or matched exclusion)
entity_matcher_rejected,"Income inequality declines, says SBI research unit countering K-shaped eco recovery claims",https://indianexpress.com/article/business/banking-and-finance/income-inequality-declines-says-sbi-research-unit-countering-k-shaped-eco-recovery-claims-9100870/,indianexpress.com,20240109003000,Entity matcher rejected (no positive signal or matched exclusion)
entity_matcher_rejected,"Analyst call tracker: SBI Life Insurance drives optimism on high growth, low costs",https://www.moneycontrol.com/news/business/markets/analyst-call-tracker-sbi-life-insurance-drives-optimism-on-high-growth-low-costs-12019061.html,moneycontrol.com,20240109041500,Entity matcher rejected (no positive signal or matched exclusion)
entity_matcher_rejected,"SRK, Mani Ratnam among prominents to be at 'CNN-News18 Indian of the Year' awards","https://indiantelevision.com/television/tv-channels/news-broadcasting/srk,-mani-ratnam-among-prominents-to-be-at-%E2%80%98cnn-news18-indian-of-the-year%E2%80%99-awards-240109",indiantelevision.com,20240109071500,Entity matcher rejected (no positive signal or matched exclusion)
entity_matcher_rejected,SRK and Mani Ratnam among prominent names to be at 'CNN-News18 Indian of the Year' awards: Best Media Info,https://bestmediainfo.com/2024/01/srk-and-mani-ratnam-among-prominent-names-to-be-at-cnnnews18-indian-of-the-year-awards,bestmediainfo.com,20240109083000,Entity matcher rejected (no positive signal or matched exclusion)
entity_matcher_rejected,"住信SBIネット銀行、「外貨積立」累計積立金額2,000億円突破のお知らせ：紀伊民報AGARA｜和歌山県のニュースサイト",https://www.agara.co.jp/article/337523,agara.co.jp,20240109084500,Entity matcher rejected (no positive signal or matched exclusion)
entity_matcher_rejected,"住信SBIネット銀行、「外貨積立」累計積立金額2,000億円突破のお知らせ",https://japan.cnet.com/release/30931903/,cnet.com,20240109091500,Entity matcher rejected (no positive signal or matched exclusion)
entity_matcher_rejected,"Markets end off highs; Nifty closes above 21,500 top gainers on January 09 include Hero MotoCorp, Adani Ports and SEZ, SBI Life Insurance, Apollo Hospital, and Adani Enterprise whereas Media and Financial services stocks among key losers",https://www.financialexpress.com/market/markets-end-off-highs-nifty-closes-above-21500-top-gainers-on-january-09-include-hero-motocorp-adani-ports-and-sez-sbi-life-insurance-apollo-hospital-and-adani-enterprise-whereas-media-and-financial-s-3359790/,financialexpress.com,20240109113000,Entity matcher rejected (no positive signal or matched exclusion)
entity_matcher_rejected,Debt Settlement Negotiations between SBI and PC Jeweller Extend; NCLT Postponed Hearing,https://www.indiainfoline.com/article/news-top-story/debt-settlement-negotiations-between-sbi-and-pc-jeweller-extend-nclt-postponed-hearing-1704793253751_1.html,indiainfoline.com,20240109120000,Entity matcher rejected (no positive signal or matched exclusion)
entity_matcher_rejected,SBI Pension Seva: What Services Are Available To Pensioners On This Portal?,https://retirement.outlookindia.com/invest/life-insurance-pension-plan/sbi-pension-seva-what-services-are-available-to-pensioners-on-this-portal,outlookindia.com,20240109120000,Entity matcher rejected (no positive signal or matched exclusion)
entity_matcher_rejected,"દેશમાં બિલિયોનેર્સ સાત જ વર્ષમાં પાંચ ગણા વધી ગયા, સંખ્યા 23થી વધીને 136 થઈ: SBI રિપોર્ટ",https://www.gujaratsamachar.com/news/business/billionaires-in-the-country-increased-five-times-in-seven-years-from-23-to-136-sbi-report,gujaratsamachar.com,20240109123000,Entity matcher rejected (no positive signal or matched exclusion)
entity_matcher_rejected,19.5% of majorly micro-sized firms transitioned into larger firms: SBI Ecowrap report,https://www.financialexpress.com/business/sme/19-5-of-majorly-micro-sized-firms-transitioned-into-larger-firms-sbi-ecowrap-report/3359907/,financialexpress.com,20240109141500,Entity matcher rejected (no positive signal or matched exclusion)
entity_matcher_rejected,"SBI PO 2023 Interview, Psychometric Test Date Released on sbi.co.in, Check Schedule",https://www.timesnownews.com/education/sbi-po-2023-interview-psychometric-test-date-released-on-sbi-co-in-check-schedule-article-106670145,timesnownews.com,20240109141500,Entity matcher rejected (no positive signal or matched exclusion)
entity_matcher_rejected,"NCLT grants SBI, PC Jeweller more time to settle debt",https://www.livemint.com/companies/nclt-grants-sbi-pc-jeweller-more-time-to-settle-debt-11704811819184.html,livemint.com,20240109160000,Entity matcher rejected (no positive signal or matched exclusion)
entity_matcher_rejected,"SRK, Mani Ratnam Among Prominent Names To Be At 'CNN-News18 Indian Of The Year' Awards",https://www.forbesindia.com/article/storyboard18/srk-mani-ratnam-among-prominent-names-to-be-at-cnnnews18-indian-of-the-year-awards/90749/1,forbesindia.com,20240109163000,Entity matcher rejected (no positive signal or matched exclusion)
entity_matcher_rejected,"City of Concord, SBI to pay Ronnie Long record-level settlement",https://www.wcnc.com/article/news/investigations/concord-ronnie-long-wrongfully-convicted-rape-jury-tampering-pardon/275-0b835e32-0209-4bf0-96a8-2e572cf6d6c4,wcnc.com,20240109170000,Entity matcher rejected (no positive signal or matched exclusion)
entity_matcher_rejected,19.5% Of Msmes Graduate To Larger Scales As Income Patterns Shift: SBI Report,https://menafn.com/1107701483/195-Of-Msmes-Graduate-To-Larger-Scales-As-Income-Patterns-Shift-SBI-Report,menafn.com,20240109201500,Entity matcher rejected (no positive signal or matched exclusion)
entity_matcher_rejected,"Job Education News; NEET PG 2024, SBI PO Interview Tentative Dates, NLAT 2024 Exam and Registration, UGC Anti Ragging Notification | जॉब & एजुकेशन बुलेटिन: रेलवे में 10वीं पास के लिए अप्रेंटिसशिप का मौका, DSSSB में BEd. धारकों के लिए 1400 वैकेंसी",https://www.bhaskar.com/career/news/job-education-news-neet-pg-2024-sbi-po-interview-tentative-dates-nlat-2024-exam-and-registration-ugc-anti-ragging-notification-132421058.html,bhaskar.com,20240110010000,Entity matcher rejected (no positive signal or matched exclusion)
entity_matcher_rejected,Express View on SBI report: K-shaped questions,https://indianexpress.com/article/opinion/editorials/express-view-on-sbi-report-k-shaped-questions-9102377/,indianexpress.com,20240110014500,Entity matcher rejected (no positive signal or matched exclusion)
entity_matcher_rejected,"City of Concord, SBI to pay Ronnie Long record-level settlement",https://www.wfmynews2.com/article/news/investigations/concord-ronnie-long-wrongfully-convicted-rape-jury-tampering-pardon/275-0b835e32-0209-4bf0-96a8-2e572cf6d6c4,wfmynews2.com,20240110060000,Entity matcher rejected (no positive signal or matched exclusion)
entity_matcher_rejected,"M/S Sbi Life Insurance Company Ltd vs The Union Of India on 8 January, 2024",https://indiankanoon.org/doc/125934642/,indiankanoon.org,20240110064500,Entity matcher rejected (no positive signal or matched exclusion)
entity_matcher_rejected,"M/S Sbi Life Insurance Company Ltd vs The Union Of India on 8 January, 2024",https://indiankanoon.org/doc/71946798/,indiankanoon.org,20240110064500,Entity matcher rejected (no positive signal or matched exclusion)
entity_matcher_rejected,SBIビジネス・ソリューションズ、請求書管理クラウド「請求QUICK」に仕訳機能を追加,https://cloud.watch.impress.co.jp/docs/news/1559788.html,impress.co.jp,20240110064500,Entity matcher rejected (no positive signal or matched exclusion)
entity_matcher_rejected,Si allarga anche a Camporosso il Sistema Bibliotecario del Polo Imperiese – SBI con capofila Imperia,https://www.sanremonews.it/2024/01/10/leggi-notizia/argomenti/altre-notizie/articolo/si-allarga-anche-a-camporosso-il-sistema-bibliotecario-del-polo-imperiese-sbi-con-capofila-imper.html,sanremonews.it,20240110074500,Entity matcher rejected (no positive signal or matched exclusion)
entity_matcher_rejected,Aerial Partners × SBI VCトレード 暗号資産税務サポートキャンペーン,https://japan.cnet.com/release/30932353/,cnet.com,20240110083000,Entity matcher rejected (no positive signal or matched exclusion)
entity_matcher_rejected,"SRK Wins CNN-News18 Indian Of The Year Award, Neeraj Chopra Feted: Full List Of Winners",https://www.news18.com/india/cnn-news18-indian-of-the-year-2023-shah-rukh-khan-neeraj-chopra-mani-ratnam-isro-heroes-uttarkashi-latest-news-8735395.html,news18.com,20240110163000,Entity matcher rejected (no positive signal or matched exclusion)
entity_matcher_rejected,"SBI: SBI gets $3.5 billion bids, retains $600 million",https://economictimes.indiatimes.com/markets/bonds/sbi-gets-3-5-billion-bids-retains-600-million/articleshow/106711367.cms,indiatimes.com,20240111003000,Entity matcher rejected (no positive signal or matched exclusion)
entity_matcher_rejected,"SK Ghosh | SBI: SK Ghosh breaks some myths, explains truth about the state of the economy",https://economictimes.indiatimes.com/markets/expert-view/sk-ghosh-breaks-some-myths-explains-truth-about-the-state-of-the-economy/articleshow/106714431.cms,indiatimes.com,20240111041500,Entity matcher rejected (no positive signal or matched exclusion)
entity_matcher_rejected,"Bull enters SBI in Uttar Pradesh's Unnao, unleashes jokes on internet. Watch",https://www.moneycontrol.com/news/trends/bull-enters-sbi-in-uttar-pradeshs-unnao-watch-12032351.html,moneycontrol.com,20240111043000,Entity matcher rejected (no positive signal or matched exclusion)
entity_matcher_rejected,What makes SBI Life Insurance a core portfolio stock?,https://www.moneycontrol.com/news/business/moneycontrol-research/what-makes-sbi-life-insurance-a-core-portfolio-stock-12032721.html,moneycontrol.com,20240111054500,Entity matcher rejected (no positive signal or matched exclusion)
entity_matcher_rejected,"SBI ने 5 साल के सीनियर अनसिक्योर्ड बॉन्ड्स से जुटाए 60 करोड़ डॉलर, शेयर पर कितना असर",https://hindi.moneycontrol.com/news/markets/sbi-raises-60-crore-dollar-via-5-year-senior-unsecured-bonds-state-bank-of-india-share-movement-1711301.html,moneycontrol.com,20240111060000,Entity matcher rejected (no positive signal or matched exclusion)
entity_matcher_rejected,"HDFC Life, SBI Life remains the top picks of Jefferies on Insurance Sector",https://www.financialexpress.com/market/hdfc-life-sbi-life-remains-the-top-picks-of-jefferies-on-insurance-sector-3361583/,financialexpress.com,20240111073000,Entity matcher rejected (no positive signal or matched exclusion)
entity_matcher_rejected,SBI Card Share Price: SBI Card shares down 0.39% as Nifty gains,https://economictimes.indiatimes.com/markets/stocks/stock-watch/sbi-card-shares-down-0-39-as-nifty-gains/articleshow/106722107.cms,indiatimes.com,20240111074500,Entity matcher rejected (no positive signal or matched exclusion)
entity_matcher_rejected,'Abhi lunch time hai': SBI Unnao gets a surprise visit from a bull | Watch,https://www.livemint.com/news/india/abhi-lunch-time-hai-sbi-unnao-gets-a-surprise-visit-from-a-bull-watch-11704959860322.html,livemint.com,20240111084500,Entity matcher rejected (no positive signal or matched exclusion)
entity_matcher_rejected,"F&O stocks: IndiGo, SBI Life among 5 stocks with short buildup",https://economictimes.indiatimes.com/markets/options/fo-stocks-indigo-sbi-life-among-5-stocks-with-short-buildup/articleshow/106723667.cms,indiatimes.com,20240111084500,Entity matcher rejected (no positive signal or matched exclusion)
entity_matcher_rejected,"Video: SBI ಬ್ಯಾಂಕಿಗೆ ದಿಢೀರ್ ಭೇಟಿ ನೀಡಿದ ಗೂಳಿ… ಗ್ರಾಹಕರು, ಸಿಬ್ಬಂದಿಗಳು ಸೈಲೆಂಟ್",https://www.udayavani.com/viral-news/when-a-bull-visited-sbi-branch-in-ups-unnao,udayavani.com,20240111090000,Entity matcher rejected (no positive signal or matched exclusion)
entity_matcher_rejected,"SBI Clerk Prelims Analysis 2023: Shift 1 and 2 Difficulty Level, Questions Asked, and Good Attempts",https://www.jagranjosh.com/articles/sbi-clerk-prelims-exam-analysis-2024-jan-11-and-12-all-shift-difficulty-level-good-attempts-and-questions-asked-1704957072-1,jagranjosh.com,20240111090000,Entity matcher rejected (no positive signal or matched exclusion)
entity_matcher_rejected,"SBI CBO 2023 exam date released, check here",https://www.hindustantimes.com/education/competitive-exams/sbi-cbo-2023-exam-date-released-check-here-101704963292510.html,hindustantimes.com,20240111094500,Entity matcher rejected (no positive signal or matched exclusion)
entity_matcher_rejected,"SBI CBO 2023 exam date released for 5,447 vacancies at sbi.co.in, check schedule here",https://timesofindia.indiatimes.com/education/news/sbi-cbo-2023-exam-date-released-for-5447-vacancies-at-sbi-co-in-check-schedule-here/articleshow/106726491.cms,indiatimes.com,20240111100000,Entity matcher rejected (no positive signal or matched exclusion)
entity_matcher_rejected,"FD Interst Rates; Mahila Samman Saving Certificate Scheme Details | FD Vs महिला सम्मान सेविंग्स सर्टिफिकेट: SBI और PNB सहित कई बैंकों ने ब्याज दरों में किया बदलाव, जानें अब कहां पैसा लगाना फायदेमंद",https://www.bhaskar.com/business/news/fd-interst-rates-mahila-samman-saving-certificate-scheme-details-132426661.html,bhaskar.com,20240111100000,Entity matcher rejected (no positive signal or matched exclusion)
entity_matcher_rejected,"SBI General Insurance Records 50 per cent Growth in December FY 24, Grows More Than Double of the Private General Insurance Industry",https://www.business-standard.com/content/press-releases-ani/sbi-general-insurance-records-50-per-cent-growth-in-december-fy-24-grows-more-than-double-of-the-private-general-insurance-industry-124011100495_1.html,business-standard.com,20240111114500,Entity matcher rejected (no positive signal or matched exclusion)
entity_matcher_rejected,"SBI General Insurance Records 50 per cent Growth in December FY 24, Grows More Than Double of the Private General Insurance Industry",https://aninews.in/news/business/business/sbi-general-insurance-records-50-per-cent-growth-in-december-fy-24-grows-more-than-double-of-the-private-general-insurance-industry20240111154128/,aninews.in,20240111121500,Entity matcher rejected (no positive signal or matched exclusion)
entity_matcher_rejected,"SBI General Insurance Records 50 per cent Growth in December FY 24, Grows More Than Double of the Private General Insurance Industry",https://www.srilankasource.com/news/274091788/sbi-general-insurance-records-50-per-cent-growth-in-december-fy-24-grows-more-than-double-of-the-private-general-insurance-industry,srilankasource.com,20240111123000,Entity matcher rejected (no positive signal or matched exclusion)
entity_matcher_rejected,"SBI CBO Exam Date 2024 OUT: जारी हुई सीबीओ परीक्षा की तारीखें, 5447 पदों पर होनी है भर्ती",https://www.jagranjosh.com/articles/sbi-cbo-exam-date-2024-out-check-exam-schedule-pdf-for-5447-posts-in-hindi-1704968884-2,jagranjosh.com,20240111123000,Entity matcher rejected (no positive signal or matched exclusion)
entity_matcher_rejected,"SBI General Insurance Records 50% Growth in December FY 24, Grows More Than Double of the Private General Insurance Industry",https://www.rashtranews.com/sbi-general-insurance-records-50-growth-in-december-fy-24-grows-more-than-double-of-the-private-general-insurance-industry/,rashtranews.com,20240111141500,Entity matcher rejected (no positive signal or matched exclusion)
entity_matcher_rejected,"SBI PO Psychometric Test, Group Exercises Dates 2024 Announced; Check Complete Procedure Here",https://www.jagranjosh.com/articles/sbi-po-psychometric-test-group-exercises-dates-2024-out-check-complete-procedure-here-1704872573-1,jagranjosh.com,20240111153000,Entity matcher rejected (no positive signal or matched exclusion)
entity_matcher_rejected,"SBI CBO Admit Card 2024: Exam on 21 Jan, Check Latest Updates",https://www.jagranjosh.com/articles/sbi-cbo-admit-card-2024-exam-on-21-jan-check-latest-updates-1704975565-1,jagranjosh.com,20240111153000,Entity matcher rejected (no positive signal or matched exclusion)
entity_matcher_rejected,Shah Rukh Khan is CNN-News18 Indian of the Year 2023,https://www.adgully.com/shah-rukh-khan-is-cnn-news18-indian-of-the-year-2023-140811.html,adgully.com,20240111153000,Entity matcher rejected (no positive signal or matched exclusion)
entity_matcher_rejected,"SBI में जॉब का सुनहरा मौका! इतनी सीट पर होगी भर्ती, मिलेगी बंपर सैलरी, 16 जनवर",https://hindi.news18.com/states/news/jobs/golden-opportunity-for-job-in-sbi-begusarai-bihar-there-will-be-recruitment-on-so-many-seats-will-get-bumper-salary-7977510.html,news18.com,20240112031500,Entity matcher rejected (no positive signal or matched exclusion)
entity_matcher_rejected,"Big movers on D-Street: What should investors do with Infosys, Apollo Hospitals and SBI Life?",https://economictimes.indiatimes.com/markets/stocks/news/big-movers-on-d-street-what-should-investors-do-with-infosys-apollo-hospitals-and-sbi-life/articleshow/106745075.cms,indiatimes.com,20240112034500,Entity matcher rejected (no positive signal or matched exclusion)
entity_matcher_rejected,Shah Rukh Khan is CNN-News18 Indian of the Year 2023,https://indiantelevision.com/television/tv-channels/news-broadcasting/shah-rukh-khan-is-cnn-news18-indian-of-the-year-2023-240112,indiantelevision.com,20240112041500,Entity matcher rejected (no positive signal or matched exclusion)
entity_matcher_rejected,"SBI में जबरन घुसने वाला सांड पकड़ा गया, अखिलेश ने लिया मजा तो पशु पालन विभाग ने गोशाला भेजा",https://navbharattimes.indiatimes.com/state/uttar-pradesh/unnao/unnao-stray-bull-entered-sbi-now-sent-to-goshala-latest-news-update/articleshow/106754233.cms,indiatimes.com,20240112073000,Entity matcher rejected (no positive signal or matched exclusion)
entity_matcher_rejected,Shah Rukh Khan bags CNN-News18 Indian of the Year Award 2023: Best Media Info,https://bestmediainfo.com/2024/01/shah-rukh-khan-bags-cnnnews18-indian-of-the-year-award-2023,bestmediainfo.com,20240112081500,Entity matcher rejected (no positive signal or matched exclusion)
entity_matcher_rejected,SBI Has 'Long Avoided' Processing Payments for Russian Oil to Stay Clear of US Sanctions: Report,https://thewire.in/energy/sbi-long-avoided-payment-transactions-russian-oil-g7-price-cap,thewire.in,20240112151500,Entity matcher rejected (no positive signal or matched exclusion)
entity_matcher_rejected,Fear of sanctions keeps SBI off Russian oil deals,https://www.livemint.com/news/india/fear-of-sanctions-keeps-sbi-off-russian-oil-deals-11704996459851.html,livemint.com,20240112170000,Entity matcher rejected (no positive signal or matched exclusion)
entity_matcher_rejected,SBI నుంచి గ్రీన్‌ రూపీ టర్మ్‌ డిపాజిట్‌ స్కీమ్‌.. వడ్డీ ఎంతంటే?,https://www.eenadu.net/telugu-news/business/sbi-launches-green-rupee-term-deposit-scheme/0101/124007927,eenadu.net,20240112173000,Entity matcher rejected (no positive signal or matched exclusion)
entity_matcher_rejected,Retail inflation expected to come down to 5 pc by March: SBI report,https://www.bignewsnetwork.com/news/274093433/retail-inflation-expected-to-come-down-to-5-pc-by-march-sbi-report,bignewsnetwork.com,20240112180000,Entity matcher rejected (no positive signal or matched exclusion)
entity_matcher_rejected,Retail inflation expected to come down to 5 pc by March: SBI report,https://news.webindia123.com/news/Articles/Business/20240112/4158387.html,webindia123.com,20240112213000,Entity matcher rejected (no positive signal or matched exclusion)
entity_matcher_rejected,Retail inflation expected to come down to 5 pc by March: SBI report,https://www.srilankasource.com/news/274093433/retail-inflation-expected-to-come-down-to-5-pc-by-march-sbi-report,srilankasource.com,20240112220000,Entity matcher rejected (no positive signal or matched exclusion)
entity_matcher_rejected,Shah Rukh Khan is CNN-News18 Indian of the Year 2023,https://orissadiary.com/shah-rukh-khan-is-cnn-news18-indian-of-the-year-2023/,orissadiary.com,20240112221500,Entity matcher rejected (no positive signal or matched exclusion)
entity_matcher_rejected,"City, SBI pay $25 million to man wrongfully convicted, imprisoned 44 years",https://www.mtairynews.com/ap/national/city-sbi-pay-25-million-to-man-wrongfully-convicted-imprisoned-44-years/article_e7068e9d-372a-5337-ac69-ec8aa72202b0.html,mtairynews.com,20240113033000,Entity matcher rejected (no positive signal or matched exclusion)
entity_matcher_rejected,Retail inflation expected to come down to 5 pc by March: SBI report,https://aninews.in/news/business/business/retail-inflation-expected-to-come-down-to-5-pc-by-march-sbi-report20240112222815/,aninews.in,20240113053000,Entity matcher rejected (no positive signal or matched exclusion)
entity_matcher_rejected,Nhật Bản: Đình chỉ hoạt động Công ty chứng khoán SBI do thao túng giá cổ phiếu,https://stockbiz.vn/tin-tuc/nhat-ban-dinh-chi-hoat-dong-cong-ty-chung-khoan-sbi-do-thao-tung-gia-co-phieu/22767945,stockbiz.vn,20240113060000,Entity matcher rejected (no positive signal or matched exclusion)
entity_matcher_rejected,Retail inflation in India expected to come down to 5% by March: SBI report,https://timesofoman.com/article/140759-retail-inflation-in-india-expected-to-come-down-to-5-by-march-sbi-report,timesofoman.com,20240113060000,Entity matcher rejected (no positive signal or matched exclusion)
entity_matcher_rejected,"sbi po interview preparations tips unk | SBI PO Interview के लिए ऐसे करें खुद को तैयार, फॉलो करें यह टिप्स",https://www.prabhatkhabar.com/education/sbi-po-interview-preparations-tips-unk,prabhatkhabar.com,20240113084500,Entity matcher rejected (no positive signal or matched exclusion)
entity_matcher_rejected,"SBI, Signpost, Aerion and EaseMyTrip partners with Mumbai Festival",https://www.afaqs.com/news/mktg/sbi-signpost-aerion-and-easemytrip-partners-with-mumbai-festival,afaqs.com,20240113101500,Entity matcher rejected (no positive signal or matched exclusion)
entity_matcher_rejected,"Retail inflation expected to come down to 5 pc by March: SBI report, ET Retail",https://retail.economictimes.indiatimes.com/news/industry/retail-inflation-expected-to-come-down-to-5-pc-by-march-sbi-report/106811442,indiatimes.com,20240113110000,Entity matcher rejected (no positive signal or matched exclusion)
entity_matcher_rejected,Contrasting Netcapital (NASDAQ:NCPL) & SBI (OTCMKTS:SBHGF),https://www.tickerreport.com/banking-finance/11560117/contrasting-netcapital-nasdaqncpl-sbi-otcmktssbhgf.html,tickerreport.com,20240114100000,Entity matcher rejected (no positive signal or matched exclusion)
entity_matcher_rejected,"polycab shares: Hot Stocks: Brokerages view on SBI Cards, Wipro, HCL Technologies and Polycab India",https://economictimes.indiatimes.com/markets/stocks/news/hot-stocks-brokerages-view-on-sbi-cards-wipro-hcl-technologies-and-polycab-india/articleshow/106852627.cms,indiatimes.com,20240115053000,Entity matcher rejected (no positive signal or matched exclusion)
entity_matcher_rejected,SBI Card Share Price: SBI Card shares rise 0.91% as Nifty gains,https://economictimes.indiatimes.com/markets/stocks/stock-watch/sbi-card-shares-rise-0-91-as-nifty-gains/articleshow/106858199.cms,indiatimes.com,20240115074500,Entity matcher rejected (no positive signal or matched exclusion)
entity_matcher_rejected,"SBI CBO Recruitment admit card at sbicoin know updates exam on 21 january - SBI CBO Admit Card 2024: जानें- कब जारी होंगे एडमिट कार्ड, पढ़ें लेटेस्ट अपडेट्स, Education News",https://www.livehindustan.com/career/story-sbi-cbo-recruitment-admit-card-at-sbicoin-know-updates-exam-on-21-january-9204447.html,livehindustan.com,20240115124500,Entity matcher rejected (no positive signal or matched exclusion)
entity_matcher_rejected,"Multimedia Speaker On Amazon Republic Day Sale,Amazon Sale: Multimedia Speakers पर रिपब्लिक डे सेल ने दिया झामफाड़ डिस्काउंट, आप भी चेक कर लें ये बचत वाली डील - multimedia speaker system during amazon great republic day sale 2024 avail with no cost emi and sbi credit card offer",https://navbharattimes.indiatimes.com/apna-bazaar/electronics/speakers/multimedia-speaker-system-during-amazon-great-republic-day-sale-2024-avail-with-no-cost-emi-and-sbi-credit-card-offer/articleshow/106868768.cms,indiatimes.com,20240115131500,Entity matcher rejected (no positive signal or matched exclusion)
entity_matcher_rejected,"SBI Mutual Fund Launches SBI NIFTY50 Equal Weight Index Fund, NFO Opens Tomorrow",https://business.outlookindia.com/mutual-funds/sbi-mutual-fund-launches-sbi-nifty50-equal-weight-index-fund-nfo-opens-tomorrow,outlookindia.com,20240115131500,Entity matcher rejected (no positive signal or matched exclusion)
entity_matcher_rejected,"Wipro, Zomato, RIL, LIC, SBI among large-cap buys of mutual funds in December",https://www.businesstoday.in/markets/stock-picks/story/wipro-zomato-ril-lic-sbi-among-large-cap-buys-of-mutual-funds-in-december-413246-2024-01-15,businesstoday.in,20240115144500,Entity matcher rejected (no positive signal or matched exclusion)
entity_matcher_rejected,"SBI CBO Syllabus 2024: Check Subject-Wise Topics, Exam Pattern, and Preparation Strategy here",https://www.jagranjosh.com/articles/sbi-cbo-syllabus-pdf-download-1705328200-1,jagranjosh.com,20240115150000,Entity matcher rejected (no positive signal or matched exclusion)
entity_matcher_rejected,Latest News | SBI Mutual Fund Eyes Rs 500-cr from New Fund,https://www.latestly.com/agency-news/latest-news-sbi-mutual-fund-eyes-rs-500-cr-from-new-fund-5695847.html,latestly.com,20240115161500,Entity matcher rejected (no positive signal or matched exclusion)
entity_matcher_rejected,SBI Mutual Fund eyes ₹500-cr from new fund - The Hindu BusinessLine,https://www.thehindubusinessline.com/markets/sbi-mutual-fund-eyes-500-cr-from-new-fund/article67743172.ece,thehindubusinessline.com,20240115194500,Entity matcher rejected (no positive signal or matched exclusion)
entity_matcher_rejected,"SBI Mutual Fund: We are relative investors; in 1-3 years, we are 20% underweight equities: R Srinivasan",https://economictimes.indiatimes.com/markets/expert-view/we-are-relative-investors-in-1-3-years-we-are-20-underweight-equities-r-srinivasan/articleshow/106884484.cms,indiatimes.com,20240116044500,Entity matcher rejected (no positive signal or matched exclusion)
entity_matcher_rejected,SBI Mutual Fund eyes Rs 500 crore from new fund,https://economictimes.indiatimes.com/mf/mf-news/sbi-mutual-fund-eyes-rs-500-crore-from-new-fund/articleshow/106884736.cms,indiatimes.com,20240116044500,Entity matcher rejected (no positive signal or matched exclusion)
entity_matcher_rejected,"SBI Customer Service Centre robbery case cracked by Amritsar police, 3 held",https://www.tribuneindia.com/news/amritsar/sbi-customer-service-centre-robbery-case-cracked-3-held-581685,tribuneindia.com,20240116051500,Entity matcher rejected (no positive signal or matched exclusion)
entity_matcher_rejected,"After death of home loan borrower, husband fights for 13 years for life insurance claim against SBI Life Insurance and wins",https://economictimes.indiatimes.com/wealth/personal-finance-news/after-death-of-home-loan-borrower-husband-fights-for-13-years-for-life-insurance-claim-against-sbi-life-insurance-and-wins/articleshow/106856517.cms,indiatimes.com,20240116053000,Entity matcher rejected (no positive signal or matched exclusion)
entity_matcher_rejected,"SBI CBO Cut Off 2024: State-wise Previous Year Cutoff PDF, Check Minimum Qualifying Marks",https://www.jagranjosh.com/articles/sbi-cbo-cut-off-2024-state-wise-previous-year-cutoff-pdf-check-minimum-qualifying-marks-1705391796-1,jagranjosh.com,20240116083000,Entity matcher rejected (no positive signal or matched exclusion)
entity_matcher_rejected,NFO Alert: SBI Mutual Fund launches SBI Nifty50 Equal Weight Index Fund; everything you need to know,https://www.livemint.com/mutual-fund/nfo-alert-sbi-mutual-fund-launches-sbi-nifty50-equal-weight-index-fund-everything-you-need-to-know-11705395454037.html,livemint.com,20240116100000,Entity matcher rejected (no positive signal or matched exclusion)
entity_matcher_rejected,Download SBI CBO 2023 Exam Admit Card at sbi.co.in |,https://timesofindia.indiatimes.com/education/news/download-sbi-cbo-2023-exam-admit-card-at-sbicoin/articleshow/106903575.cms,indiatimes.com,20240116160000,Entity matcher rejected (no positive signal or matched exclusion)
entity_matcher_rejected,LIC narrows valuation gap with SBI as m-cap swells nearly Rs 1.8 lakh cr in 2 months,https://www.businesstoday.in/markets/top-story/story/lic-narrows-valuation-gap-with-sbi-as-m-cap-swells-nearly-rs-18-lakh-cr-in-2-months-413593-2024-01-16,businesstoday.in,20240116161500,Entity matcher rejected (no positive signal or matched exclusion)
entity_matcher_rejected,SBI証券｢IPO初値操作｣の処分が残した2つの宿題,https://toyokeizai.net/articles/-/727978,toyokeizai.net,20240116220000,Entity matcher rejected (no positive signal or matched exclusion)
entity_matcher_rejected,"LIC reclaims status of most-valued PSU, beating SBI with Rs 5.64-lakh-cr MCap",https://www.moneycontrol.com/news/business/banks/lic-reclaims-status-of-most-valued-psu-beating-sbi-with-rs-5-64-lakh-cr-mcap-12065471.html,moneycontrol.com,20240117050000,Entity matcher rejected (no positive signal or matched exclusion)
entity_matcher_rejected,LIC beats SBI to earn India's most-valued PSU crown,https://economictimes.indiatimes.com/markets/stocks/news/lic-beats-sbi-to-earn-indias-most-valued-psu-crown/articleshow/106916635.cms,indiatimes.com,20240117054500,Entity matcher rejected (no positive signal or matched exclusion)
entity_matcher_rejected,"SBI CBO Admit Card 2023 released, download link here",https://www.hindustantimes.com/education/competitive-exams/sbi-cbo-admit-card-2023-released-at-sbi-co-in-download-link-here-101705463005399.html,hindustantimes.com,20240117060000,Entity matcher rejected (no positive signal or matched exclusion)
entity_matcher_rejected,"SBI CBO Admit Card 2024 Out: सर्किल बेस्ड ऑफिसर के लिए कॉल लेटर sbi.co.in पर जारी, यहां से करें डाउनलोड",https://www.jagranjosh.com/articles/sbi-cbo-admit-card-2024-out-on-sbi-co-in-direct-link-to-download-call-letter-in-hindi-1705467613-2,jagranjosh.com,20240117060000,Entity matcher rejected (no positive signal or matched exclusion)
entity_matcher_rejected,Precio de las acciones de LIC hoy: Life Insurance Corporation of India supera a SBI para convertirse en la acción de PSU más valorada de la India,https://arrobajuarez.com/2024/01/17/precio-de-las-acciones-de-lic-hoy-life-insurance-corporation-of-india-supera-a-sbi-para-convertirse-en-la-accion-de-psu-mas-valorada-de-la-india/,arrobajuarez.com,20240117063000,Entity matcher rejected (no positive signal or matched exclusion)
entity_matcher_rejected,SBI CBO Admit Card 2023 Has Been Released At sbi.co.in Check Direct Link Here,https://zeenews.india.com/education/sbi-cbo-admit-card-2023-has-been-released-at-sbi-co-in-check-direct-link-here-2710510.html,india.com,20240117071500,Entity matcher rejected (no positive signal or matched exclusion)
entity_matcher_rejected,शेअर बाजार धडाधड कोसळला! SBI चा ताज गेला; LIC ने मोठा उलटफेर केला,https://www.lokmat.com/business/news/lic-becomes-most-valuable-psu-as-its-market-cap-overtakes-sbi-2024-a-a941/,lokmat.com,20240117081500,Entity matcher rejected (no positive signal or matched exclusion)
entity_matcher_rejected,"SBI ਨੂੰ ਪਿੱਛੇ ਛੱਡ ਕੇ LIC ਬਣੀ ਦੇਸ਼ ਦੀ ਸਭ ਤੋਂ ਕੀਮਤੀ PSU, ਕੰਪਨੀ ਦਾ M-ਕੈਪ 5.8 ਲੱਖ ਕਰੋੜ ਰੁਪਏ ਪਹੁੰਚਿਆ",https://www.punjabijagran.com/business/general-lic-sbi-bank-most-valuable-psu-market-capitalisation-share-price-business-9324505.html,punjabijagran.com,20240117083000,Entity matcher rejected (no positive signal or matched exclusion)
entity_matcher_rejected,"Full Form of SBI CBO, Exam Pattern, Eligibility and Salary",https://www.jagranjosh.com/articles/sbi-cbo-full-form-1705475760-1,jagranjosh.com,20240117090000,Entity matcher rejected (no positive signal or matched exclusion)
entity_matcher_rejected,"Best Soundbars Speakers On Amazon Sale,पड़ोसी भी झूम उठेंगे जब सुनेंगे इन Soundbar Speakers की तगड़ी धुन, Amazon की रिपब्लिक डे सेल में पाएं बंपर छूट - best soundbars speakers on amazon republic day sale 2024 and grab 10 percent instant discount on sbi credit card",https://navbharattimes.indiatimes.com/apna-bazaar/electronics/speakers/best-soundbars-speakers-on-amazon-republic-day-sale-2024-and-grab-10-percent-instant-discount-on-sbi-credit-card/articleshow/106922298.cms,indiatimes.com,20240117091500,Entity matcher rejected (no positive signal or matched exclusion)
entity_matcher_rejected,"SBIને પછાડી LIC બની સૌથી મોટી લિસ્ટેડ સરકારી કંપની, માર્કેટ કેપ 5.70 લાખ કરોડને પાર",https://www.gujaratsamachar.com/news/business/lic-becomes-most-valuable-public-sector-utility-beats-sbi-in-mcap-after-recent-rally-lic-mcap,gujaratsamachar.com,20240117094500,Entity matcher rejected (no positive signal or matched exclusion)
entity_matcher_rejected,"LIC MCap: एलआईसी बनी सबसे बड़ी लिस्टेड सरकारी कंपनी, SBI को छोड़ा पीछे - lic mcap lic becomes the largest listed government company leaving sbi behind",https://www.punjabkesari.in/business/news/lic-mcap-lic-becomes-the-largest-listed-government-company-leaving-sbi-behind-1929741,punjabkesari.in,20240117094500,Entity matcher rejected (no positive signal or matched exclusion)
entity_matcher_rejected,India's Biggest Bank Backs Move to Curb 'Unhealthy' Loan Growth,https://www.bnnbloomberg.ca/india-s-biggest-bank-backs-move-to-curb-unhealthy-loan-growth-1.2022944,bnnbloomberg.ca,20240117100000,Entity matcher rejected (no positive signal or matched exclusion)
entity_matcher_rejected,LIC Surpasses SBI To Become India s Most valued PSU - BW Businessworld,https://www.businessworld.in/article/LIC-Surpasses-SBI-To-Become-India-s-Most-valued-PSU/17-01-2024-506503/,businessworld.in,20240117104500,Entity matcher rejected (no positive signal or matched exclusion)
entity_matcher_rejected,"SBI Releases Admit Cards For Circle Based Officer Online Exam On Jan 21, 2024",https://www.freepressjournal.in/education/sbi-releases-admit-cards-for-circle-based-officer-online-exam-on-jan-21-2024,freepressjournal.in,20240117111500,Entity matcher rejected (no positive signal or matched exclusion)
entity_matcher_rejected,LIC Overtakes SBI To Become India's Most Valuable PSU,https://pragativadi.com/lic-overtakes-sbi-to-become-indias-most-valuable-psu/,pragativadi.com,20240117114500,Entity matcher rejected (no positive signal or matched exclusion)
entity_matcher_rejected,Ripple Partner SBI Holdings to Issue NFTs on the XRP Ledger (XRPL),https://biztoc.com/x/03a9f3ee401f258c,biztoc.com,20240117123000,Entity matcher rejected (no positive signal or matched exclusion)
entity_matcher_rejected,"शेयर मार्केट में कत्लेआम के बीच LIC का बड़ा उलटफेर, SBI के साथ हो गया बड़ा खेला",https://navbharattimes.indiatimes.com/business/share-market/share-news/lic-overtakes-sbi-to-become-the-most-valuable-public-sector-company/articleshow/106932835.cms,indiatimes.com,20240117141500,Entity matcher rejected (no positive signal or matched exclusion)
entity_matcher_rejected,SBI Releases Admit Cards For Circle Based Officers (CBO) Online Exam 2023,https://www.freepressjournal.in/education/sbi-releases-admit-cards-for-circle-based-officers-cbo-online-exam-2023,freepressjournal.in,20240117143000,Entity matcher rejected (no positive signal or matched exclusion)
entity_matcher_rejected,LIC surpasses SBI to become most valuable PSU firm in India,https://www.siasat.com/lic-surpasses-sbi-to-become-most-valuable-psu-firm-in-india-2958604/,siasat.com,20240117151500,Entity matcher rejected (no positive signal or matched exclusion)
entity_matcher_rejected,Ukraine detains top managers supplying military barriers to Russian forces in Zhytomyr Oblast — SBI,https://news.yahoo.com/ukraine-detains-top-managers-supplying-151100519.html,yahoo.com,20240117154500,Entity matcher rejected (no positive signal or matched exclusion)
entity_matcher_rejected,Ripple partner SBI Holdings plans NFT roll out on XRP Ledger,https://www.fxstreet.com/cryptocurrencies/news/ripple-partner-sbi-holdings-plans-nft-roll-out-on-xrp-ledger-202401171320,fxstreet.com,20240117163000,Entity matcher rejected (no positive signal or matched exclusion)
entity_matcher_rejected,SBIని దాటేసిన LIC.. ఆ జాబితాలో అగ్రస్థానంలోకి,https://www.eenadu.net/telugu-news/business/lic-becomes-most-valuable-psu-firm/0101/124010677,eenadu.net,20240117163000,Entity matcher rejected (no positive signal or matched exclusion)
entity_matcher_rejected,SBI Holdings To Launch XRP Ledger NFTs At EXPO 2025,https://biztoc.com/x/6216b345fd39cf26,biztoc.com,20240117193000,Entity matcher rejected (no positive signal or matched exclusion)
entity_matcher_rejected,SBI Card Share Price: SBI Card shares down 0.81% as Sensex falls,https://economictimes.indiatimes.com/markets/stocks/stock-watch/sbi-card-shares-down-0-81-as-sensex-falls/articleshow/106947020.cms,indiatimes.com,20240118060000,Entity matcher rejected (no positive signal or matched exclusion)
entity_matcher_rejected,"Indian brands make big strides in Global 500 Rankings: Jio, SBI among top rankers, Tata soars, HDFC rises after merge",https://www.livemint.com/companies/news/indian-brands-make-big-strides-in-global-500-rankings-jio-sbi-among-top-rankers-tata-soars-hdfc-rises-after-merge-11705545040735.html,livemint.com,20240118061500,Entity matcher rejected (no positive signal or matched exclusion)
entity_matcher_rejected,"Jio 2024 के लिए भारत का सबसे मजबूत ब्रांड, LIC और SBI को पीछे छोड़ा",https://hindi.webdunia.com/national-hindi-news/jio-is-india-s-strongest-brand-for-2024-124011800016_1.html,webdunia.com,20240118061500,Entity matcher rejected (no positive signal or matched exclusion)
entity_matcher_rejected,"क्लेम तर SBI पण देत नाही, पत्नीच्या मृत्यूनंतर नवरा १३ वर्षे केस लढला, जिंकला",https://www.lokmat.com/business/news/after-death-of-home-loan-borrower-husband-fights-for-13-years-for-life-insurance-claim-against-sbi-life-insurance-and-wins-a-a941/,lokmat.com,20240118073000,Entity matcher rejected (no positive signal or matched exclusion)
entity_matcher_rejected,"Solo Microwave Oven During Republic Day Sale,Solo Microwave Oven को सस्ते दाम पर खरीदें, Amazon Republic Day Sale में इन पर मिल रहा है ताबड़तोड़ ऑफर - solo microwave oven on amazon great republic day sale 2024 avail extra discount up to 10 percent off on sbi credit card",https://navbharattimes.indiatimes.com/apna-bazaar/electronics/microwave-ovens/solo-microwave-oven-on-amazon-great-republic-day-sale-2024-avail-extra-discount-up-to-10-percent-off-on-sbi-credit-card/articleshow/106952306.cms,indiatimes.com,20240118084500,Entity matcher rejected (no positive signal or matched exclusion)
entity_matcher_rejected,"7 Best IAS Coaching in Gurgaon - Rank Wise (With Fees, Reviews, Teachers and Contact Details)",https://zeenews.india.com/india/7-best-ias-coaching-in-gurgaon-rank-wise-with-fees-reviews-teachers-and-contact-details-2710881.html,india.com,20240118163000,Entity matcher rejected (no positive signal or matched exclusion)
entity_matcher_rejected,"SBI CBO Exam on January 21: Check Last Minute Preparation Tips, Exam Day Guidelines, and Shift Timings",https://www.jagranjosh.com/articles/sbi-cbo-exam-on-january-21-check-last-minute-preparation-tips-exam-day-guidelines-shift-timings-1705565375-1,jagranjosh.com,20240118173000,Entity matcher rejected (no positive signal or matched exclusion)
entity_matcher_rejected,SBI Life Supports Youths to Get Training and Employment,https://www.dailypioneer.com/2024/state-editions/sbi-life-supports-youths-to-get-training-and-employment.html,dailypioneer.com,20240118194500,Entity matcher rejected (no positive signal or matched exclusion)
entity_matcher_rejected,SBI General Insurance and Pahile Majhe Kartavya Foundation join forces to provide reflective jackets to Traffic Control Branch Mumbai Police,https://orissadiary.com/sbi-general-insurance-and-pahile-majhe-kartavya-foundation-join-forces-to-provide-reflective-jackets-to-traffic-control-branch-mumbai-police/,orissadiary.com,20240119054500,Entity matcher rejected (no positive signal or matched exclusion)
entity_matcher_rejected,"여수신 긴축 들어간 저축은행 ""리스크 관리가 먼저""",https://www.newsway.co.kr/news/view?ud=2024011914551295775,newsway.co.kr,20240119073000,Entity matcher rejected (no positive signal or matched exclusion)
entity_matcher_rejected,SBI生命、社内サービスデスク業務のAIオペレーター対応を開始 本人確認を声紋認証で行う仕組みも導入,https://japan.cnet.com/release/30935359/,cnet.com,20240119081500,Entity matcher rejected (no positive signal or matched exclusion)
entity_matcher_rejected,"여수신 긴축 들어간 저축은행 ""리스크 관리가 먼저""",https://newsway.co.kr/news/view?ud=2024011914551295775,newsway.co.kr,20240119100000,Entity matcher rejected (no positive signal or matched exclusion)
entity_matcher_rejected,ASCII.jp：LEVEL∞、「SBI e-Sports」APEX部門 大会応援キャンペーン,https://ascii.jp/elem/000/004/180/4180390/,ascii.jp,20240119110000,Entity matcher rejected (no positive signal or matched exclusion)
entity_matcher_rejected,"SBI CBO 2024 on January 21 know about admit card exam centre dress code shift documents - SBI CBO 2024: दो दिन बाद होगी परीक्षा, जानें- कैसा होना चाहिए ड्रेस कोड और किन बातों का रखना है ध्यान , Education News",https://www.livehindustan.com/career/story-sbi-cbo-2024-on-january-21-know-about-admit-card-exam-centre-dress-code-shift-documents-9221331.html,livehindustan.com,20240119110000,Entity matcher rejected (no positive signal or matched exclusion)
entity_matcher_rejected,SBI explains detention of businessman Ihor Mazepa for alleged attempt to appropriate Kyiv HPS lands,https://news.yahoo.com/sbi-explains-detention-businessman-ihor-095700333.html,yahoo.com,20240119111500,Entity matcher rejected (no positive signal or matched exclusion)
entity_matcher_rejected,"बाजार बढ़त पर बंद होने से पहले एक्सपर्ट्स ने इंडियन होटल्स, M&M, SBI लाइफ और जमना ऑटो में कराई खरीदारी",https://hindi.moneycontrol.com/news/markets/experts-buy-in-indian-hotels-m-and-m-sbi-life-jamna-auto-stocks-before-the-market-closed-on-rise-1729481.html,moneycontrol.com,20240119153000,Entity matcher rejected (no positive signal or matched exclusion)
entity_matcher_rejected,Ihor Mazepa addresses SBI accusations and alleged attempt to flee Ukraine,https://news.yahoo.com/ihor-mazepa-addresses-sbi-accusations-164600330.html,yahoo.com,20240119184500,Entity matcher rejected (no positive signal or matched exclusion)
entity_matcher_rejected,"SBI CBO Exam Analysis 2024: Difficulty Level, Good Attempts, and Questions Asked",https://www.jagranjosh.com/articles/sbi-cbo-exam-analysis-2024-difficulty-level-good-attempts-and-questions-asked-1705773579-1,jagranjosh.com,20240121051500,Entity matcher rejected (no positive signal or matched exclusion)
entity_matcher_rejected,"Spiritual travel could boost India's economy, finds SBI Research; UP to take lead with Ram Temple",https://www.livemint.com/economy/spiritual-travel-could-boost-indias-economy-finds-sbi-research-up-to-take-lead-with-ram-temple-11705811229900.html,livemint.com,20240121053000,Entity matcher rejected (no positive signal or matched exclusion)
entity_matcher_rejected,【ダイレクト型損保初】SBI損保、自動車保険の損害調査業務における「高精度3次元点群データ」の活用を開始,https://japan.cnet.com/release/30935662/,cnet.com,20240122050000,Entity matcher rejected (no positive signal or matched exclusion)
entity_matcher_rejected,"Lenoir County jail inmate dies, SBI assisting with investigation",https://wcti12.com/news/local/lenoir-county-jail-inmate-dies-sbi-assisting-with-investigation,wcti12.com,20240122091500,Entity matcher rejected (no positive signal or matched exclusion)
entity_matcher_rejected,SBI Research Points to UP's Spiritual Tourism & Ram Temple as Key Drivers of India's Economic Growth,https://travelbizmonitor.com/sbi-research-points-to-ups-spiritual-tourism-ram-temple-as-key-drivers-of-indias-economic-growth/,travelbizmonitor.com,20240122113000,Entity matcher rejected (no positive signal or matched exclusion)
entity_matcher_rejected,Video of Roman Hrynkevych arrest in Odesa for trying to flee capture was released by SBI,https://news.yahoo.com/video-roman-hrynkevych-arrest-odesa-130400602.html,yahoo.com,20240122153000,Entity matcher rejected (no positive signal or matched exclusion)
entity_matcher_rejected,SBIや楽天も出資の家計相談サービス AIで専門家とマッチング,https://business.nikkei.com/atcl/gen/19/00139/012200162/,nikkei.com,20240122230000,Entity matcher rejected (no positive signal or matched exclusion)
entity_matcher_rejected,"Bharti Group in talks with SBI Life, others to sell insurance business",https://economictimes.indiatimes.com/industry/banking/finance/insure/bharti-group-in-talks-with-sbi-life-others-to-sell-insurance-business/articleshow/107064594.cms,indiatimes.com,20240123020000,Entity matcher rejected (no positive signal or matched exclusion)
entity_matcher_rejected,SBI staff contribute ₹34.16 lakh to Armed Forces Flag Day Fund,https://www.thehindu.com/news/cities/Hyderabad/sbi-staff-contribute-3416-lakh-to-armed-forces-flag-day-fund/article67765808.ece,thehindu.com,20240123033000,Entity matcher rejected (no positive signal or matched exclusion)
entity_matcher_rejected,SBI Card Share Price: SBI Card shares down 1.78% as Nifty drops,https://economictimes.indiatimes.com/markets/stocks/stock-watch/sbi-card-shares-down-1-78-as-nifty-drops/articleshow/107074530.cms,indiatimes.com,20240123074500,Entity matcher rejected (no positive signal or matched exclusion)
entity_matcher_rejected,"SBI vs ICICI vs HDFC: ये तीन बैंक एफडी पर दे रहे हैं सबसे ज्यादा ब्याज, कहां मिल रहा है ज्यादा फायदा",https://hindi.moneycontrol.com/news/your-money/sbi-vs-icici-vs-hdfc-these-3-banks-offering-maximum-interest-check-latest-rates-1736001.html,moneycontrol.com,20240123130000,Entity matcher rejected (no positive signal or matched exclusion)
entity_matcher_rejected,MoD begins parleys on SBI Caps' defence PSUs merger suggestion,https://www.thehindubusinessline.com/news/mod-begins-parleys-on-sbi-caps-defence-psus-merger-suggestion/article67769193.ece,thehindubusinessline.com,20240123151500,Entity matcher rejected (no positive signal or matched exclusion)
entity_matcher_rejected,SBI Life Insurance Unveils Two Term Plans With Return Of Premiums,https://www.businessworld.in/article/SBI-Life-Insurance-Unveils-Two-Term-Plans-With-Return-Of-Premiums/23-01-2024-507375/,businessworld.in,20240123180000,Entity matcher rejected (no positive signal or matched exclusion)
entity_matcher_rejected,SBI Life Insurance in collaboration with Mirchi kicks starts its regional finale of the 13th edition of Spell Bee in Bhubaneshwar,https://orissadiary.com/sbi-life-insurance-in-collaboration-with-mirchi-kicks-starts-its-regional-finale-of-the-13th-edition-of-spell-bee-in-bhubaneshwar/,orissadiary.com,20240123184500,Entity matcher rejected (no positive signal or matched exclusion)
entity_matcher_rejected,SBI Life Insurance launches two new term plans with return of premium,https://www.thehindubusinessline.com/economy/sbi-life-insurance-launches-two-new-term-plans-with-return-of-premium/article67769466.ece,thehindubusinessline.com,20240123191500,Entity matcher rejected (no positive signal or matched exclusion)
entity_matcher_rejected,"SBI रिपोर्ट का दावाः राम मंदिर से UP में टूरिज्म को मिलेगा बूस्ट, सालाना 25 हजार करोड़ की होगी कमाई - sbi report claims ram temple will boost tourism in up",https://www.punjabkesari.in/national/news/sbi-report-claims-ram-temple-will-boost-tourism-in-up-1932559,punjabkesari.in,20240123221500,Entity matcher rejected (no positive signal or matched exclusion)
entity_matcher_rejected,"Q3FY24 Preview: SBI Life Insurance Company: Total APE seen at Rs. 97.4 Billion, VNB at Rs. 17.1 Billion",https://www.indiainfoline.com/article/earnings-preview/q-fy-preview-sbi-life-insurance-company-total-ape-seen-at-rs-billion-vnb-at-rs-billion-1706046909228_1.html,indiainfoline.com,20240124001500,Entity matcher rejected (no positive signal or matched exclusion)
entity_matcher_rejected,Mumbai News: CBI Launches Probe In ₹8.2 Cr SBI Fraud Case,https://www.freepressjournal.in/mumbai/mumbai-news-cbi-launches-probe-in-82-cr-sbi-fraud-case,freepressjournal.in,20240124053000,Entity matcher rejected (no positive signal or matched exclusion)
entity_matcher_rejected,SBI Card Share Price: Share price of SBI Card jumps as Sensex gains 446.78 points,https://economictimes.indiatimes.com/markets/stocks/stock-watch/share-price-of-sbi-card-jumps-as-sensex-gains-446-78-points/articleshow/107102254.cms,indiatimes.com,20240124063000,Entity matcher rejected (no positive signal or matched exclusion)
entity_matcher_rejected,Temple Opening: Temple opening to make UP richer by ₹4L cr: SBI research | Lucknow News,https://timesofindia.indiatimes.com/city/lucknow/temple-opening-to-make-up-richer-by-4l-cr-sbi-research/articleshow/107098469.cms,indiatimes.com,20240124091500,Entity matcher rejected (no positive signal or matched exclusion)
entity_matcher_rejected,"SBI Life Insurance launches two new products: Features, other details here",https://www.livemint.com/insurance/news/sbi-life-insurance-launches-two-new-products-features-other-details-here-saral-swadhan-supreme-smart-swadhan-supreme-11706086159681.html,livemint.com,20240124100000,Entity matcher rejected (no positive signal or matched exclusion)
entity_matcher_rejected,Pemkab Sleman Pasok 30 Ton Bahan Bakar dari Sampah ke SBI Pabrik Cilacap,https://pressrelease.kontan.co.id/news/pemkab-sleman-pasok-30-ton-bahan-bakar-dari-sampah-ke-sbi-pabrik-cilacap,kontan.co.id,20240124100000,Entity matcher rejected (no positive signal or matched exclusion)
entity_matcher_rejected,SBI Life Insurance launches two new Term Plans with Return of Premiums; aims to provide comprehensive life protection along with fulfilling financial commitments,https://www.bignewsnetwork.com/news/274104922/sbi-life-insurance-launches-two-new-term-plans-with-return-of-premiums-aims-to-provide-comprehensive-life-protection-along-with-fulfilling-financial-commitments,bignewsnetwork.com,20240124124500,Entity matcher rejected (no positive signal or matched exclusion)
entity_matcher_rejected,SBI Life Insurance launches two new Term Plans with Return of Premiums; aims to provide comprehensive life protection along with fulfilling financial commitments,https://aninews.in/news/business/business/sbi-life-insurance-launches-two-new-term-plans-with-return-of-premiums-aims-to-provide-comprehensive-life-protection-along-with-fulfilling-financial-commitments20240124172112/,aninews.in,20240124134500,Entity matcher rejected (no positive signal or matched exclusion)
entity_matcher_rejected,"भक्त ही नहीं 4 लाख करोड़ रुपये भी लाएगा राम मंदिर, अयोध्या के रास्ते बहेगी समृद्धि की गंगा - uttar pradesh to get richer by 4 lakh crore as ram mandir set to boost tourism says sbi report state expected to collect 25000 crore in tax alone – News18 हिंदी",https://hindi.news18.com/states/news/uttar-pradesh/ayodhya-uttar-pradesh-to-get-richer-by-4-lakh-crore-as-ram-mandir-set-to-boost-tourism-says-sbi-report-state-expected-to-collect-25000-crore-in-tax-alone-8014703.html,news18.com,20240124143000,Entity matcher rejected (no positive signal or matched exclusion)
entity_matcher_rejected,"Ram Mandir: अयोध्या में 'राम मंदिर' से यूपी पर 'बरसेगा' पैसा, SBI रिसर्च रिपोर्ट में बड़ा दावा",https://hindi.oneindia.com/news/uttar-pradesh/sbi-research-report-expected-to-boost-up-economy-after-ayodhya-ram-mandir-inauguration-875769.html,oneindia.com,20240124143000,Entity matcher rejected (no positive signal or matched exclusion)
entity_matcher_rejected,Pemkab Sleman Pasok 30 Ton Bahan Bakar dari Sampah ke SBI Pabrik Cilacap,https://www.jpnn.com/news/pemkab-sleman-pasok-30-ton-bahan-bakar-dari-sampah-ke-sbi-pabrik-cilacap,jpnn.com,20240124144500,Entity matcher rejected (no positive signal or matched exclusion)
entity_matcher_rejected,SBI Life Insurance launches two new Term Plans with Return of Premiums; aims to provide comprehensive life protection along with fulfilling financial commitments,https://www.srilankasource.com/news/274104922/sbi-life-insurance-launches-two-new-term-plans-with-return-of-premiums-aims-to-provide-comprehensive-life-protection-along-with-fulfilling-financial-commitments,srilankasource.com,20240124151500,Entity matcher rejected (no positive signal or matched exclusion)
entity_matcher_rejected,UP s Tourism Expenditure Soars SBI Ecowrap Forecasts Rs 4 Tn By 2023 - BW Businessworld,https://www.businessworld.in/article/UP-s-Tourism-Expenditure-Soars-SBI-Ecowrap-Forecasts-Rs-4-Tn-By-2023-/24-01-2024-507498/,businessworld.in,20240124153000,Entity matcher rejected (no positive signal or matched exclusion)
entity_matcher_rejected,"Perdana, Pemkab Sleman Pasok 30 Ton Bahan Bakar dari Sampah ke SBI Pabrik Cilacap",https://news.republika.co.id/berita/s7rvi6349/perdana-pemkab-sleman-pasok-30-ton-bahan-bakar-dari-sampah-ke-sbi-pabrik-cilacap,republika.co.id,20240124160000,Entity matcher rejected (no positive signal or matched exclusion)
entity_matcher_rejected,Business News | SBI Life Insurance Launches Two New Term Plans with Return of Premiums; Aims to Provide Comprehensive Life Protection Along with Fulfilling Financial Commitments,https://www.latestly.com/agency-news/business-news-sbi-life-insurance-launches-two-new-term-plans-with-return-of-premiums-aims-to-provide-comprehensive-life-protection-along-with-fulfilling-financial-commitments-5715642.html,latestly.com,20240124174500,Entity matcher rejected (no positive signal or matched exclusion)
entity_matcher_rejected,SBI Card raises Rs 525 crore via issuance of non-convertible debentures,https://www.business-standard.com/companies/news/sbi-card-raises-rs-525-crore-via-issuance-of-non-convertible-debentures-124012400835_1.html,business-standard.com,20240124174500,Entity matcher rejected (no positive signal or matched exclusion)
entity_matcher_rejected,SBI Life Q3 preview: Premium income may rise 10% YoY led by annuity policies; margins to expand,https://www.moneycontrol.com/news/business/earnings/sbi-life-q3-preview-premium-income-may-rise-10-yoy-led-by-annuity-policies-margins-to-expand-12116241.html,moneycontrol.com,20240124174500,Entity matcher rejected (no positive signal or matched exclusion)
entity_matcher_rejected,"Senior Citizen 5-Year FDs Of SBI, HDFC, ICICI, PNB vs SCSS: Where Should You Park Your Savings?",https://zeenews.india.com/personal-finance/senior-citizen-5-year-fds-of-sbi-hdfc-icici-pnb-vs-scss-where-should-you-park-your-savings-2713580.html,india.com,20240124180000,Entity matcher rejected (no positive signal or matched exclusion)
entity_matcher_rejected,"Gross Tax Collection Can Reach Peak Of 16 Years Sbi Report - Amar Ujala Hindi News Live - Sbi Report:16 साल के शीर्ष पर पहुंच सकता है सकल कर संग्रह, जीडीपी में 11.6 फीसदी हो सकती है हिस्सेदारी",https://www.amarujala.com/business/business-diary/gross-tax-collection-can-reach-peak-of-16-years-sbi-report-2024-01-25,amarujala.com,20240125001500,Entity matcher rejected (no positive signal or matched exclusion)
entity_matcher_rejected,"Substitusi Batu Bara, 30 Ton Olahan Sampah Dipasok ke Pabrik SBI",https://lestari.kompas.com/read/2024/01/25/071303186/substitusi-batu-bara-30-ton-olahan-sampah-dipasok-ke-pabrik-sbi,kompas.com,20240125010000,Entity matcher rejected (no positive signal or matched exclusion)
entity_matcher_rejected,Pabrik Semen SBI di Cilacap Manfaatkan 30 Ton Bahan Bakar dari Olahan Sampah,https://www.beritasatu.com/ekonomi/2795995/pabrik-semen-sbi-di-cilacap-manfaatkan-30-ton-bahan-bakar-dari-olahan-sampah,beritasatu.com,20240125010000,Entity matcher rejected (no positive signal or matched exclusion)
entity_matcher_rejected,"Big movers on D-Street: What should investors do with SBI Life, Karnataka Bank and Tata Elxsi?",https://economictimes.indiatimes.com/markets/stocks/news/big-movers-on-d-street-what-should-investors-do-with-sbi-life-karnataka-bank-and-tata-elxsi/articleshow/107128027.cms,indiatimes.com,20240125024500,Entity matcher rejected (no positive signal or matched exclusion)
entity_matcher_rejected,"Stocks in news: Stocks in news: Tata Steel, Tata Technologies, SBI Life, Bajaj Auto, Zee",https://economictimes.indiatimes.com/markets/stocks/news/stocks-in-news-tata-steel-tata-technologies-sbi-life-bajaj-auto-zee/articleshow/107122248.cms,indiatimes.com,20240125024500,Entity matcher rejected (no positive signal or matched exclusion)
entity_matcher_rejected,"provident fund loan interest rate emi of personal loan calculator sbi pnb icici hdfc mdn | Loan: पर्सनल लोन पर ज्यादा ब्याज देने की नहीं है जरूरत, केवल 1% ब्‍याज पर मिलेगा कर्ज! जानें कैसे करें आवेदन",https://www.prabhatkhabar.com/business/provident-fund-loan-interest-rate-emi-of-personal-loan-calculator-sbi-pnb-icici-hdfc-mdn,prabhatkhabar.com,20240125024500,Entity matcher rejected (no positive signal or matched exclusion)
entity_matcher_rejected,"Earnings Q3 Results LIVE Updates: JSW Steel to post 45% sequential drop in net, SBI Life premium income may rise 10%",https://www.moneycontrol.com/news/business/earnings-q3-results-live-updates-adani-power-jsw-steel-au-bank-db-corp-ey-kfintech-liveblog-12121061.html,moneycontrol.com,20240125033000,Entity matcher rejected (no positive signal or matched exclusion)
entity_matcher_rejected,"Q3 Results Today: SBI Life, JSW Steel, Vedanta, Adani Power among 84 companies to announce earnings",https://economictimes.indiatimes.com/markets/stocks/earnings/q3-results-today-sbi-life-jsw-steel-vedanta-adani-power-among-84-companies-to-announce-earnings/articleshow/107128078.cms,indiatimes.com,20240125041500,Entity matcher rejected (no positive signal or matched exclusion)
entity_matcher_rejected,"Gantikan Batu Bara, 30 Ton Olahan Sampah Dipasok ke Pabrik SBI untuk Jadi Bahan Bakar",https://www.merdeka.com/uang/gantikan-batu-bara-30-ton-olahan-sampah-dipasok-ke-pabrik-sbi-untuk-jadi-bahan-bakar-80142-mvk.html,merdeka.com,20240125051500,Entity matcher rejected (no positive signal or matched exclusion)
entity_matcher_rejected,"SBI Life Q3 results today: What to expect, key things for investors to watch out",https://economictimes.indiatimes.com/markets/stocks/earnings/sbi-life-q3-results-today-what-to-expect-key-things-for-investors-to-watch-out/articleshow/107131786.cms,indiatimes.com,20240125060000,Entity matcher rejected (no positive signal or matched exclusion)
entity_matcher_rejected,SBI Life Insurance Company Q3 Results 2023 - Find SBI Life Insurance Company Q3 Earnings Result,https://www.livemint.com/market/market-stats/sbi-life-insurance-company-q3-results-s0003216,livemint.com,20240125071500,Entity matcher rejected (no positive signal or matched exclusion)
entity_matcher_rejected,SBI Card Share Price: SBI Card shares drop 0.34% as Sensex falls,https://economictimes.indiatimes.com/markets/stocks/stock-watch/sbi-card-shares-drop-0-34-as-sensex-falls/articleshow/107139311.cms,indiatimes.com,20240125084500,Entity matcher rejected (no positive signal or matched exclusion)
entity_matcher_rejected,満足度の高いネット証券、SBI証券、楽天証券が同点1位に｜ORICON NEWS｜Web東奥,https://www.toonippo.co.jp/articles/-/1713611,toonippo.co.jp,20240125093000,Entity matcher rejected (no positive signal or matched exclusion)
entity_matcher_rejected,SBI Life Q3 results: Net profit jumps 6% YoY to ₹322 crore,https://www.livemint.com/market/stock-market-news/sbi-life-q3-results-net-profit-jumps-6-yoy-to-rs-322-crore-11706174429460.html,livemint.com,20240125101500,Entity matcher rejected (no positive signal or matched exclusion)
entity_matcher_rejected,India's SBI Life Insurance posts weaker new business margin for April-Dec,https://www.marketscreener.com/quote/stock/SBI-LIFE-INSURANCE-COMPAN-105516292/news/India-s-SBI-Life-Insurance-posts-weaker-new-business-margin-for-April-Dec-45810727/,marketscreener.com,20240125101500,Entity matcher rejected (no positive signal or matched exclusion)
entity_matcher_rejected,L'assureur-vie indien SBI Life Insurance affiche une marge sur les affaires nouvelles plus faible pour la période avril-déc.,https://www.zonebourse.com/cours/action/SBI-LIFE-INSURANCE-COMPAN-105516292/actualite/L-assureur-vie-indien-SBI-Life-Insurance-affiche-une-marge-sur-les-affaires-nouvelles-plus-faible-po-45810727/,zonebourse.com,20240125101500,Entity matcher rejected (no positive signal or matched exclusion)
entity_matcher_rejected,"Naikkan produksi semen, Pemkab Sleman kirim 30 ton RFD ke pabrik PT SBI di Cilacap",https://www.lensaindonesia.com/naikkan-produksi-semen-pemkab-sleman-kirim-30-ton-rfd-ke-pabrik-pt-sbi-di-cilacap/,lensaindonesia.com,20240125103000,Entity matcher rejected (no positive signal or matched exclusion)
entity_matcher_rejected,"MC Pro Quick Take | SBI Life fares better than peers, but not compared to its past performance",https://www.moneycontrol.com/news/opinion/sbi-life-fares-better-than-peers-but-not-compared-to-its-past-performance-12126351.html,moneycontrol.com,20240125130000,Entity matcher rejected (no positive signal or matched exclusion)
entity_matcher_rejected,SBI Card Q3 results: PAT rises 8% to Rs 549 crore,https://www.moneycontrol.com/news/business/sbi-cards-q3-results-pat-rises-8-to-rs-549-crore-12126761.html,moneycontrol.com,20240125133000,Entity matcher rejected (no positive signal or matched exclusion)
entity_matcher_rejected,SBI Life Insurance posts weaker new business margin for April-Dec,https://www.financialexpress.com/business/industry-sbi-life-insurance-posts-weaker-new-business-margin-for-april-dec-3375369/,financialexpress.com,20240125133000,Entity matcher rejected (no positive signal or matched exclusion)
entity_matcher_rejected,SBI Card Q3 results: Net profit rises 8% at ₹549 crore,https://www.livemint.com/companies/company-results/sbi-card-q3-results-net-profit-rises-8-at-rs-549-crore-11706188673414.html,livemint.com,20240125140000,Entity matcher rejected (no positive signal or matched exclusion)
entity_matcher_rejected,India's SBI Card misses Q3 profit view as finance costs weigh,https://www.marketscreener.com/quote/stock/STATE-BANK-OF-INDIA-18603402/news/India-s-SBI-Card-misses-Q3-profit-view-as-finance-costs-weigh-45813106/,marketscreener.com,20240125140000,Entity matcher rejected (no positive signal or matched exclusion)
entity_matcher_rejected,"La société indienne SBI Card n'atteint pas son objectif de bénéfice pour le troisième trimestre, en raison de la hausse des coûts financiers",https://www.zonebourse.com/cours/action/STATE-BANK-OF-INDIA-18603402/actualite/La-societe-indienne-SBI-Card-n-atteint-pas-son-objectif-de-benefice-pour-le-troisieme-trimestre-45813106/,zonebourse.com,20240125140000,Entity matcher rejected (no positive signal or matched exclusion)
entity_matcher_rejected,SBI Card raises Rs 525 crore through issuance of non-convertible debentures | India Business News,https://timesofindia.indiatimes.com/business/india-business/sbi-card-raises-rs-525-crore-through-issuance-of-non-convertible-debentures/articleshow/107150840.cms,indiatimes.com,20240125143000,Entity matcher rejected (no positive signal or matched exclusion)
entity_matcher_rejected,SBI Life Insurance posts weaker new business margin for April-Dec,https://article.wn.com/view/2024/01/25/SBI_Life_Insurance_posts_weaker_new_business_margin_for_Apri/,wn.com,20240125143000,Entity matcher rejected (no positive signal or matched exclusion)
entity_matcher_rejected,SBI Card Q3 net up 8% at ₹549 crore - The Hindu BusinessLine,https://www.thehindubusinessline.com/money-and-banking/sbi-card-q3-net-up-8-at-549-crore/article67777249.ece,thehindubusinessline.com,20240125160000,Entity matcher rejected (no positive signal or matched exclusion)
entity_matcher_rejected,"According to the new report of SBI UP economy will overtake Norway in four years - चार साल में नार्वे से आगे निकल जाएगी यूपी की अर्थव्यवस्था, SBI की नई रिपोर्ट में खुलासा, उत्तर प्रदेश न्यूज",https://www.livehindustan.com/uttar-pradesh/story-according-to-the-new-report-of-sbi-up-economy-will-overtake-norway-in-four-years-9247942.html,livehindustan.com,20240125161500,Entity matcher rejected (no positive signal or matched exclusion)
entity_matcher_rejected,"SBI Life Insurance registers Q3FY24 New Business Premium of Rs 26,000 cr, net profit stands at Rs 1,083 cr | Indiablooms",https://www.indiablooms.com/finance-details/19840/sbi-life-insurance-registers-q3fy24-new-business-premium-of-rs-26-000-cr-net-profit-stands-at-rs-1-083-cr.html,indiablooms.com,20240125173000,Entity matcher rejected (no positive signal or matched exclusion)
entity_matcher_rejected,Las ganancias del tercer trimestre del SBI aumentaron un 8 por ciento a 549 millones de rupias,https://arrobajuarez.com/2024/01/25/las-ganancias-del-tercer-trimestre-del-sbi-aumentaron-un-8-por-ciento-a-549-millones-de-rupias/,arrobajuarez.com,20240125173000,Entity matcher rejected (no positive signal or matched exclusion)
entity_matcher_rejected,"SBI ने अपने एंप्लॉयीज से कहा, सहमति लेने के बाद ही ग्राहकों को बीमा योजनाओं से जोड़ें",https://hindi.moneycontrol.com/news/business/sbi-warns-staff-against-enrolling-customers-in-insurance-schemes-without-consent-1742251.html,moneycontrol.com,20240125173000,Entity matcher rejected (no positive signal or matched exclusion)
entity_matcher_rejected,"SBI Card Q3 results : दिसंबर तिमाही में 8% बढ़ा मुनाफा, रेवेन्यू में 30% का उछाल",https://hindi.moneycontrol.com/news/business/sbi-card-q3-results-pat-rises-8-percent-to-rs-549-crore-revenue-up-30-percent-1742261.html,moneycontrol.com,20240125173000,Entity matcher rejected (no positive signal or matched exclusion)
entity_matcher_rejected,"SBI Life Insurance registers New Business Premium of ₹26,000 crores for the period ended on 31st December, 2023",https://orissadiary.com/sbi-life-insurance-registers-new-business-premium-of-%E2%82%B926000-crores-for-the-period-ended-on-31st-december-2023/,orissadiary.com,20240125184500,Entity matcher rejected (no positive signal or matched exclusion)
entity_matcher_rejected,sbi card q3fy24 earnings: SBI Card Q3 Results: Net profit rises 8% YoY to Rs 549 crore,https://economictimes.indiatimes.com/markets/stocks/news/sbi-card-q3-results-net-profit-rises-8-yoy-to-rs-549-crore/articleshow/107154531.cms,indiatimes.com,20240125191500,Entity matcher rejected (no positive signal or matched exclusion)
entity_matcher_rejected,SBI Card Misses Q3 Profit View As Finance Costs Weigh,https://www.businessworld.in/article/SBI-Card-Misses-Q3-Profit-View-As-Finance-Costs-Weigh/25-01-2024-507699/,businessworld.in,20240125200000,Entity matcher rejected (no positive signal or matched exclusion)
entity_matcher_rejected,"Noida: Traveling From Greno To Delhi Soon From One Card - Amar Ujala Hindi News Live - Noida :ग्रेनो से दिल्ली तक का सफर एक कार्ड से जल्द, Nmrc और Sbi का को-ब्रांडेड मेट्रो कार्ड लांच",https://www.amarujala.com/delhi-ncr/noida-traveling-from-greno-to-delhi-soon-from-one-card-2024-01-26,amarujala.com,20240126043000,Entity matcher rejected (no positive signal or matched exclusion)
entity_matcher_rejected,Indian Resident Applications Of Patents Per 100 Bn GDP Rising At Fast Pace SBI - BW Businessworld,https://www.businessworld.in/article/Indian-Resident-Applications-Of-Patents-Per-100-Bn-GDP-Rising-At-Fast-Pace-SBI/26-01-2024-507720/,businessworld.in,20240126044500,Entity matcher rejected (no positive signal or matched exclusion)
entity_matcher_rejected,SBI Life Profit Jumps By 6 YoY To Rs 322 Cr In Q3 FY24 - BW Businessworld,https://www.businessworld.in/article/SBI-Life-Profit-Jumps-By-6-YoY-To-Rs-322-Cr-In-Q3-FY24/26-01-2024-507688/,businessworld.in,20240126044500,Entity matcher rejected (no positive signal or matched exclusion)
entity_matcher_rejected,SBI Card Q3 Results: Profit rises 8% to Rs 549 crore,https://economictimes.indiatimes.com/markets/stocks/earnings/sbi-card-q3-results-profit-rises-8-to-rs-549-crore/articleshow/107164260.cms,indiatimes.com,20240126080000,Entity matcher rejected (no positive signal or matched exclusion)
entity_matcher_rejected,"Now you can travel in Noida Metro with SBI card, the card is based on the Safal Chandrayaan theme. – News18 हिंदी",https://hindi.news18.com/states/news/uttar-pradesh/noida-now-you-can-travel-in-noida-metro-with-sbi-card-the-card-is-based-on-the-safal-chandrayaan-theme-8017060.html,news18.com,20240126143000,Entity matcher rejected (no positive signal or matched exclusion)
entity_matcher_rejected,"SBI के खास ऑफर का फायदा उठाने के लिए बचे हैं बस 5 दिन, यहां उठा सकते हैं फायदा",https://hindi.moneycontrol.com/news/your-money/sbi-home-loan-offer-ends-on-31st-january-2024-only-5-days-what-is-cibil-score-1743811.html,moneycontrol.com,20240126210000,Entity matcher rejected (no positive signal or matched exclusion)
entity_matcher_rejected,SBI Cards & Payment Services Q3 FY24 Results Live: Profit Rises by 7.78% YoY,https://www.livemint.com/companies/company-results/sbi-cards-payment-services-q3-fy24-results-live-profit-rises-by-7-78-yoy-11706304560598.html,livemint.com,20240127000000,Entity matcher rejected (no positive signal or matched exclusion)
entity_matcher_rejected,SBI Life Insurance Company Q3 FY24 Results Live : profit rise by 5.79% YOY,https://www.livemint.com/companies/company-results/sbi-life-insurance-company-q3-fy24-results-live-profit-rise-by-5-79-yoy-11706304552274.html,livemint.com,20240127000000,Entity matcher rejected (no positive signal or matched exclusion)
entity_matcher_rejected,SBI Cards Q3 FY24 PAT grows 8% YoY to Rs 549 cr | Indiablooms - First Portal on Digital News Management,https://www.indiablooms.com/finance-details/19848/sbi-cards-q3-fy24-pat-grows-8-yoy-to-rs-549-cr.html,indiablooms.com,20240127023000,Entity matcher rejected (no positive signal or matched exclusion)
entity_matcher_rejected,Download SBI SCO Admit Card 2024 at ibpsonline.ibps.in |,https://timesofindia.indiatimes.com/education/news/download-sbi-sco-admit-card-2024-at-ibpsonlineibpsin/articleshow/107178480.cms,indiatimes.com,20240127053000,Entity matcher rejected (no positive signal or matched exclusion)
entity_matcher_rejected,What Budget 2024 can do to strengthen the cybersecurity sector in India,https://economictimes.indiatimes.com/small-biz/security-tech/security/what-budget-2024-can-do-to-strengthen-the-cybersecurity-sector-in-india/articleshow/107179820.cms,indiatimes.com,20240127054500,Entity matcher rejected (no positive signal or matched exclusion)
entity_matcher_rejected,IBM Leaders Code - SBI Roundtable,https://www.moneycontrol.com/msite/ibm-leaders-code-sbi/,moneycontrol.com,20240127090000,Entity matcher rejected (no positive signal or matched exclusion)
entity_matcher_rejected,"rules changing in february nps sovereign gold bond imps fastag ekyc sbi home loan offers mdn | Rules Changing in February: NPS से लेकर फास्टैग तक के बदल जाएंगे नियम, अभी जान लें नहीं तो होगी परेशानी",https://www.prabhatkhabar.com/business/rules-changing-in-february-nps-sovereign-gold-bond-imps-fastag-ekyc-sbi-home-loan-offers-mdn,prabhatkhabar.com,20240127101500,Entity matcher rejected (no positive signal or matched exclusion)
entity_matcher_rejected,"UP's economy to cross $500-bn mark by FY 2028 due to boost in religious tourism, exports & investment: SBI report",https://timesofindia.indiatimes.com/business/india-business/ups-economy-to-cross-500-bn-mark-by-fy-2028-due-to-boost-in-religious-tourism-export-investment-sbi-report/articleshow/107185024.cms,indiatimes.com,20240127114500,Entity matcher rejected (no positive signal or matched exclusion)
entity_matcher_rejected,SBI SCO Admit Cards Out: Download Now For 439 Vacancies,https://www.freepressjournal.in/education/sbi-sco-admit-cards-out-download-now-for-439-vacancies,freepressjournal.in,20240127120000,Entity matcher rejected (no positive signal or matched exclusion)
entity_matcher_rejected,"pension plans available on your small savings with highest returns in nps lic sbi maxlife insurance mdn | Pension plans: आपकी छोटी बचत पर मिलेगा 10 हजार तक पेंशन, जानें सबसे ज्यादा रिटर्न देने वाले बेस्ट प्लान",https://www.prabhatkhabar.com/business/pension-plans-available-on-your-small-savings-with-highest-returns-in-nps-lic-sbi-maxlife-insurance-mdn,prabhatkhabar.com,20240128000000,Entity matcher rejected (no positive signal or matched exclusion)
entity_matcher_rejected,तीसरी तिमाही में SBI कार्ड्स ऐंड पेमेंट्स का मुनाफा 7.75% बढ़ा,https://www.sharemanthan.in/61-news/corporate-update/73899-sbi-cards-payments-profit-q3-nii-28012024,sharemanthan.in,20240128160000,Entity matcher rejected (no positive signal or matched exclusion)
entity_matcher_rejected,"Stocks to Monitor: Adani Power, Tata Technologies, HDFC Bank, SBI Card, Vedanta",https://www.siliconindia.com/news/general/stocks-to-monitor-adani-power-tata-technologies-hdfc-bank-sbi-card-vedanta-nid-227596-cid-1.html,siliconindia.com,20240129033000,Entity matcher rejected (no positive signal or matched exclusion)
entity_matcher_rejected,"Share Market Live Updates 29 January sensex today bse nse nifty adani power vedanta sbi cards - Share Market Live today 29 January: शेयर मार्केट की आज कैसी रहेगी चाल, फोकस में रहेंगे ये स्टॉक्स, Business News",https://www.livehindustan.com/business/story-share-market-live-updates-29-january-sensex-today-bse-nse-nifty-adani-power-vedanta-sbi-cards-9258354.html,livehindustan.com,20240129033000,Entity matcher rejected (no positive signal or matched exclusion)
entity_matcher_rejected,"SBI Life stocks: Buy SBI Life Insurance Company, target price Rs 1700: Motilal Oswal",https://economictimes.indiatimes.com/markets/stocks/recos/buy-sbi-life-insurance-company-target-price-rs-1700-motilal-oswalbr/articleshow/107217167.cms,indiatimes.com,20240129050000,Entity matcher rejected (no positive signal or matched exclusion)
entity_matcher_rejected,"Hot Stocks: Brokerage firms on HDFC Bank, Dalmia Bharat, SBI Life and IOC",https://economictimes.indiatimes.com/markets/stocks/news/hot-stocks-brokerage-firms-on-hdfc-bank-dalmia-bharat-sbi-life-and-ioc/articleshow/107217809.cms,indiatimes.com,20240129050000,Entity matcher rejected (no positive signal or matched exclusion)
entity_matcher_rejected,sbi life share price: SBI Life shares jump 3% post Q3 results. Should you buy?,https://economictimes.indiatimes.com/markets/stocks/news/sbi-life-shares-jump-3-post-q3-results-should-you-buy/articleshow/107217867.cms,indiatimes.com,20240129051500,Entity matcher rejected (no positive signal or matched exclusion)
entity_matcher_rejected,"SBI Card slumps as asset quality deteriorates, brokerages cut target price",https://www.moneycontrol.com/news/business/stocks/sbi-card-slumps-as-asset-quality-deteriorates-brokerages-cut-target-price-12139821.html,moneycontrol.com,20240129051500,Entity matcher rejected (no positive signal or matched exclusion)
entity_matcher_rejected,"stocks to watch today hdfc sbi cards adani power coal india share market sensex nifty update mdn | Stocks to Watch: HDFC Bank, SBI Cards, Adani Power, Coal India समेत इन शेयर पर होगी बाजार की नजर, देखें लिस्ट",https://www.prabhatkhabar.com/business/stocks-to-watch-today-hdfc-sbi-cards-adani-power-coal-india-share-market-sensex-nifty-update-mdn,prabhatkhabar.com,20240129054500,Entity matcher rejected (no positive signal or matched exclusion)
entity_matcher_rejected,メタデータ、SBIデジタルハブのAPI Hubに性格診断APIを提供 ～GPTs市場の対話アプリ差別化に好適,https://japan.cnet.com/release/30938015/,cnet.com,20240129070000,Entity matcher rejected (no positive signal or matched exclusion)
entity_matcher_rejected,"India Movers: Adani Power, HDFC Bank, ONGC, SBI Cards, SJVN, Shriram Finance","https://ticker.com/Asia-Stock-Movers-News-Today/India-Movers:-Adani-Power,-HDFC-Bank,-ONGC,-SBI-Cards,-SJVN,-Shriram-Finance/Jan%2029-2024/T-27282",ticker.com,20240129071500,Entity matcher rejected (no positive signal or matched exclusion)
entity_matcher_rejected,sbi cards shares: SBI Cards shares plunge over 6% post Q3 earnings. Here's what brokerages recommend,https://economictimes.indiatimes.com/markets/stocks/news/sbi-cards-shares-plunge-over-6-post-q3-earnings-heres-what-brokerages-recommend/articleshow/107222354.cms,indiatimes.com,20240129071500,Entity matcher rejected (no positive signal or matched exclusion)
entity_matcher_rejected,SBI Life Insurance: Competitive advantages increasing by the day!,https://www.indiainfoline.com/article/news-top-story/sbi-life-insurance-competitive-advantages-increasing-by-the-day--1706504916155_1.html,indiainfoline.com,20240129081500,Entity matcher rejected (no positive signal or matched exclusion)
entity_matcher_rejected,SBI Card shares down more than 5% after stock downgraded,https://www.prokerala.com/news/articles/a1501323.html,prokerala.com,20240129084500,Entity matcher rejected (no positive signal or matched exclusion)
entity_matcher_rejected,SBI Card Share Price: SBI Card shares drop 5.56% as Sensex rises,https://economictimes.indiatimes.com/markets/stocks/stock-watch/sbi-card-shares-drop-5-56-as-sensex-rises/articleshow/107226448.cms,indiatimes.com,20240129090000,Entity matcher rejected (no positive signal or matched exclusion)
entity_matcher_rejected,"Hot stocks on January 29: IREDA, SBI Cards, IRB Infra, IRFC and more",https://www.businesstoday.in/visualstories/stock/hot-stocks-on-january-29-ireda-sbi-cards-irb-infra-irfc-and-more-94351-29-01-2024,businesstoday.in,20240129103000,Entity matcher rejected (no positive signal or matched exclusion)
entity_matcher_rejected,FastLabel、SBIデジタルハブ提供の「API Hub」上で人物の顔を自動マスキングするAPIを公開,https://japan.cnet.com/release/30938090/,cnet.com,20240129110000,Entity matcher rejected (no positive signal or matched exclusion)
entity_matcher_rejected,"Gainers & Losers: RIL, SBI Cards among top 5 stocks in spotlight on Monday",https://economictimes.indiatimes.com/markets/web-stories/gainers-amp-losers-ril-sbi-cards-among-top-5-stocks-in-spotlight-on-monday/slideshow/107233234.cms,indiatimes.com,20240129123000,Entity matcher rejected (no positive signal or matched exclusion)
entity_matcher_rejected,Buy SBI Life Insurance; target of Rs 1700: Motilal Oswal,https://www.moneycontrol.com/news/business/stocks/buy-sbi-life-insurance-target-of-rs-1700-motilal-oswal-12142141.html,moneycontrol.com,20240129143000,Entity matcher rejected (no positive signal or matched exclusion)
entity_matcher_rejected,SBI Card shares down more than 5% after stock downgraded,http://www.smetimes.in/smetimes/news/industry/2024/Jan/29/sbi-card8694964.html,smetimes.in,20240129154500,Entity matcher rejected (no positive signal or matched exclusion)
entity_matcher_rejected,SBI Card shares down more than 5% after stock downgraded,https://nagalandpost.com/index.php/sbi-card-shares-down-more-than-5-after-stock-downgraded/,nagalandpost.com,20240129223000,Entity matcher rejected (no positive signal or matched exclusion)
entity_matcher_rejected,"Short Call | Switch to large caps may boost Nifty; SBI Cards, Balkrishna, HPCL, Nippon AMC in focus",https://www.moneycontrol.com/news/business/markets/short-call-switch-to-large-caps-may-boost-nifty-sbi-cards-balkrishna-hpcl-nippon-amc-in-focus-12147971.html,moneycontrol.com,20240130024500,Entity matcher rejected (no positive signal or matched exclusion)
entity_matcher_rejected,SBI General Insurance associates with IIT Madras to develop an affordable Breast Cancer Treatment device in India,https://indiaeducationdiary.in/sbi-general-insurance-associates-with-iit-madras-to-develop-an-affordable-breast-cancer-treatment-device-in-india/,indiaeducationdiary.in,20240130041500,Entity matcher rejected (no positive signal or matched exclusion)
entity_matcher_rejected,SBI Card Share Price: SBI Card shares down 0.08% as Nifty falls,https://economictimes.indiatimes.com/markets/stocks/stock-watch/sbi-card-shares-down-0-08-as-nifty-falls/articleshow/107253389.cms,indiatimes.com,20240130073000,Entity matcher rejected (no positive signal or matched exclusion)
entity_matcher_rejected,House Damaged due to Water Leakage from Sewerage: SBI General Insurance and Bhawanigarh Municipal Council Asked To Pay Rs4.75 Lakh,https://www.moneylife.in/article/house-damaged-due-to-water-leakage-from-sewerage-sbi-general-insurance-and-bhawanigarh-municipal-council-asked-to-pay-rs475-lakh/73257.html,moneylife.in,20240130141500,Entity matcher rejected (no positive signal or matched exclusion)
entity_matcher_rejected,"SBI extends helping hand to school, PHC",https://www.thehindu.com/news/national/kerala/sbi-extends-helping-hand-to-school-phc/article67793353.ece,thehindu.com,20240130153000,Entity matcher rejected (no positive signal or matched exclusion)
entity_matcher_rejected,SBI Life Insurance launches two new Term Plans with Return of Premiums; aims to provide comprehensive life protection along with fulfilling financial commitments,https://orissadiary.com/sbi-life-insurance-launches-two-new-term-plans-with-return-of-premiums-aims-to-provide-comprehensive-life-protection-along-with-fulfilling-financial-commitments/,orissadiary.com,20240130163000,Entity matcher rejected (no positive signal or matched exclusion)
entity_matcher_rejected,Neutral SBI Cards; target of Rs 850: Motilal Oswal,https://www.moneycontrol.com/news/business/stocks/neutral-sbi-cards-target-of-rs-850-motilal-oswal-12154231.html,moneycontrol.com,20240130171500,Entity matcher rejected (no positive signal or matched exclusion)
entity_matcher_rejected,"Former NHC chair Julia Olson-Boseman disbarred, SBI investigation still ongoing",https://portcitydaily.com/local-news/2024/01/30/former-nhc-chair-julia-olson-boseman-disbarred-sbi-investigation-still-ongoing/,portcitydaily.com,20240131023000,Entity matcher rejected (no positive signal or matched exclusion)
entity_matcher_rejected,Ad insights: Best mediums to consider this Union Budget Day: Best Media Info,https://bestmediainfo.com/2024/01/ad-insights-best-mediums-to-consider-this-union-budget-day,bestmediainfo.com,20240131051500,Entity matcher rejected (no positive signal or matched exclusion)
entity_matcher_rejected,SBI Leasing Services mit Zahlen zum abgelaufenen Quartal,https://www.finanzen.net/nachricht/aktien/sbi-leasing-services-mit-zahlen-zum-abgelaufenen-quartal-13216597,finanzen.net,20240131060000,Entity matcher rejected (no positive signal or matched exclusion)
entity_matcher_rejected,Buy SBI Life; target of Rs 1750: Emkay Global Financial,https://www.moneycontrol.com/news/business/stocks/buy-sbi-life-target-of-rs-1750-emkay-global-financial-12151311.html,moneycontrol.com,20240131070000,Entity matcher rejected (no positive signal or matched exclusion)
entity_matcher_rejected,"SBI FD Schemes: Features, Type, Terms & Condition | How to open a FD account in SBI?",https://eyesonnews.com/sbi-fd-schemes-features-type-terms-condition-how-to-open-a-fd-account-in-sbi/,eyesonnews.com,20240131073000,Entity matcher rejected (no positive signal or matched exclusion)
entity_matcher_rejected,What is SBI Cards? Check Eligibility & Features,https://eyesonnews.com/what-is-sbi-cards-check-eligibility-features/,eyesonnews.com,20240131073000,Entity matcher rejected (no positive signal or matched exclusion)
entity_matcher_rejected,SBI Card Share Price: SBI Card shares decline 0.29% as Sensex climbs,https://economictimes.indiatimes.com/markets/stocks/stock-watch/sbi-card-shares-decline-0-29-as-sensex-climbs/articleshow/107285873.cms,indiatimes.com,20240131080000,Entity matcher rejected (no positive signal or matched exclusion)
entity_matcher_rejected,Wiz Freight grabs Rs 125 Cr in Series B funding led by SBI Investment,https://her.yourstory.com:443/2024/01/wiz-freight-secures-rs-125-crore-in-series-b-funding-led-by-sbi-investment,yourstory.com,20240131134500,Entity matcher rejected (no positive signal or matched exclusion)
entity_matcher_rejected,"Get ready for the Budget Ballot: Vote for Growth"" with CNBC-TV18 | 1 Indian Television Dot Com",https://indiantelevision.com/television/tv-channels/news-broadcasting/get-ready-for-the-budget-ballot:-vote-for-growth%E2%80%9D-with-cnbc-tv18-240131,indiantelevision.com,20240131141500,Entity matcher rejected (no positive signal or matched exclusion)
entity_matcher_rejected,"बजट के एक दिन पहले बढ़त पर बंद हुआ बाजार, एक्सपर्ट्स ने चंबल फर्टिलाइजर, बिड़लासॉफ्ट, SBI और RBL बैंक में कराई खरीदारी",https://hindi.moneycontrol.com/news/business/budget/experts-buy-in-chambal-fertilisers-birlasoft-sbi-rbl-bank-stocks-before-the-market-closed-on-rise-before-budget-1752451.html,moneycontrol.com,20240131164500,Entity matcher rejected (no positive signal or matched exclusion)
entity_matcher_rejected,Relief to SBI Life: CESTAT dismisses revenue dept's ₹387 cr demand,https://economictimes.indiatimes.com/news/economy/finance/relief-to-sbi-life-cestat-dismisses-revenue-depts-387-cr-demand/articleshow/107302785.cms,indiatimes.com,20240131193000,Entity matcher rejected (no positive signal or matched exclusion)
