article_id,ticker,headline,url,canonical_url,source,published_at,trading_date,timestamp_basis
20240401094500-609,TCS.NS,"TCS, Infosys, Wipro Q4 Results: IT Firms Likely To Post Weak Earnings",https://www.news18.com/business/tcs-infosys-wipro-q4-results-it-firms-likely-to-post-weak-earnings-8835471.html,https://www.news18.com/business/tcs-infosys-wipro-q4-results-it-firms-likely-to-post-weak-earnings-8835471.html,news18.com,2024-04-01T15:15:00+05:30,2024-04-01,gdelt_gkg_observation
20240401133000-82,TCS.NS,TCS Ranks number one in Customer Satisfaction in Nordics for 15th Year,http://www.uniindia.com/~/tcs-ranks-number-one-in-customer-satisfaction-in-nordics-for-15th-year/States/news/3171671.html,http://www.uniindia.com/~/tcs-ranks-number-one-in-customer-satisfaction-in-nordics-for-15th-year/States/news/3171671.html,uniindia.com,2024-04-01T19:00:00+05:30,2024-04-02,gdelt_gkg_observation
20240401163000-1446,TCS.NS,TCS ranks #1 in Customer Satisfaction in Nordics for 15th year,https://www.business-standard.com/markets/capital-market-news/tcs-ranks-1-in-customer-satisfaction-in-nordics-for-15th-year-124040101021_1.html,https://www.business-standard.com/markets/capital-market-news/tcs-ranks-1-in-customer-satisfaction-in-nordics-for-15th-year-124040101021_1.html,business-standard.com,2024-04-01T22:00:00+05:30,2024-04-02,gdelt_gkg_observation
20240401173000-1125,TCS.NS,Indian Army Issues Project Sanction Order for Tactical Communication System (TCS) – Indian Defence Research Wing,https://idrw.org/indian-army-issues-project-sanction-order-for-tactical-communication-system-tcs/,https://idrw.org/indian-army-issues-project-sanction-order-for-tactical-communication-system-tcs/,idrw.org,2024-04-01T23:00:00+05:30,2024-04-02,gdelt_gkg_observation
20240402044500-784,TCS.NS,"TCS Creates World's One Of The Largest AI Workforce With 3.5 Lakh Strength - Trak.in - Indian Business of Tech, Mobile & Startups",https://trak.in/stories/tcs-creates-worlds-one-of-the-largest-ai-workforce-with-3-5-lakh-strength/,https://trak.in/stories/tcs-creates-worlds-one-of-the-largest-ai-workforce-with-3-5-lakh-strength/,trak.in,2024-04-02T10:15:00+05:30,2024-04-02,gdelt_gkg_observation
20240402064500-632,TCS.NS,"Tata Consultancy Services Ltd vs Jaygrih Nirman Pvt. Ltd on 1 April, 2024",https://indiankanoon.org/doc/31829184/,https://indiankanoon.org/doc/31829184/,indiankanoon.org,2024-04-02T12:15:00+05:30,2024-04-02,gdelt_gkg_observation
20240402140000-1785,TCS.NS,TCS Announces Plans to Forge One of the World's Largest AI-Ready Workforces,https://eyesonnews.com/tcs-announces-plans-to-forge-one-of-the-worlds-largest-ai-ready-workforces/,https://eyesonnews.com/tcs-announces-plans-to-forge-one-of-the-worlds-largest-ai-ready-workforces/,eyesonnews.com,2024-04-02T19:30:00+05:30,2024-04-03,gdelt_gkg_observation
20240403053000-1061,TCS.NS,"Hot Stocks: Brokerage view on M&M Finance, Jubilant FoodWorks, Tata Technologies, TCS and HCL Tech",https://economictimes.indiatimes.com/markets/stocks/news/hot-stocks-brokerage-view-on-mm-finance-jubilant-foodworks-tata-technologies-tcs-and-hcl-tech/articleshow/108992658.cms,https://economictimes.indiatimes.com/markets/stocks/news/hot-stocks-brokerage-view-on-mm-finance-jubilant-foodworks-tata-technologies-tcs-and-hcl-tech/articleshow/108992658.cms,indiatimes.com,2024-04-03T11:00:00+05:30,2024-04-03,gdelt_gkg_observation
20240403064500-320,TCS.NS,"TCS, HCL Tech, Wipro rises up to 2% after CLSA hikes stock target prices",https://www.moneycontrol.com/news/business/markets/tcs-hcl-tech-wipro-rises-up-to-2-after-clsa-hikes-stock-target-prices-12565091.html,https://www.moneycontrol.com/news/business/markets/tcs-hcl-tech-wipro-rises-up-to-2-after-clsa-hikes-stock-target-prices-12565091.html,moneycontrol.com,2024-04-03T12:15:00+05:30,2024-04-03,gdelt_gkg_observation
20240403073000-777,TCS.NS,What Is TDS In Income Tax? Here's How It Is Different From TCS,https://business.outlookindia.com/personal-finance/tax/what-is-tds-in-income-tax-heres-how-it-is-different-from-tcs,https://business.outlookindia.com/personal-finance/tax/what-is-tds-in-income-tax-heres-how-it-is-different-from-tcs,outlookindia.com,2024-04-03T13:00:00+05:30,2024-04-03,gdelt_gkg_observation
20240403101500-674,TCS.NS,"Analyst Tracker: TCS, Infosys see maximum rating upgrades among Nifty stocks in last 3 months despite weak IT outlook",https://www.moneycontrol.com/news/business/markets/analyst-tracker-tcs-infosys-see-maximum-rating-upgrades-among-nifty-stocks-in-last-3-months-despite-weak-it-outlook-12567461.html,https://www.moneycontrol.com/news/business/markets/analyst-tracker-tcs-infosys-see-maximum-rating-upgrades-among-nifty-stocks-in-last-3-months-despite-weak-it-outlook-12567461.html,moneycontrol.com,2024-04-03T15:45:00+05:30,2024-04-04,gdelt_gkg_observation
20240403104500-875,TCS.NS,"CLSA upgrades TCS, two other IT majors, despite conservative outlook",https://economictimes.indiatimes.com/markets/stocks/news/clsa-upgrades-tcs-two-other-it-majors-despite-conservative-outlook/articleshow/109003181.cms,https://economictimes.indiatimes.com/markets/stocks/news/clsa-upgrades-tcs-two-other-it-majors-despite-conservative-outlook/articleshow/109003181.cms,indiatimes.com,2024-04-03T16:15:00+05:30,2024-04-04,gdelt_gkg_observation
20240403131500-32,TCS.NS,"IT sector hiring outlook: What analysis of data on Infosys, TCS, Wipro, HCL suggests",https://timesofindia.indiatimes.com/business/india-business/it-sector-hiring-outlook-what-analysis-of-data-on-infosys-tcs-wipro-hcl-suggests/articleshow/109002989.cms,https://timesofindia.indiatimes.com/business/india-business/it-sector-hiring-outlook-what-analysis-of-data-on-infosys-tcs-wipro-hcl-suggests/articleshow/109002989.cms,indiatimes.com,2024-04-03T18:45:00+05:30,2024-04-04,gdelt_gkg_observation
20240403194500-2335,TCS.NS,TCS Claims Over Half Its Workforce is GenAI-Ready,https://nearshoreamericas.com/tcs-claims-over-half-its-workforce-is-genai-ready/,https://nearshoreamericas.com/tcs-claims-over-half-its-workforce-is-genai-ready/,nearshoreamericas.com,2024-04-04T01:15:00+05:30,2024-04-04,gdelt_gkg_observation
20240404044500-715,TCS.NS,infosys: Infosys vs TCS: Who is poised to win in this Q4 IT battle?,https://economictimes.indiatimes.com/markets/stocks/earnings/infosys-vs-tcs-who-is-poised-to-win-in-this-q4-it-battle/articleshow/109021910.cms,https://economictimes.indiatimes.com/markets/stocks/earnings/infosys-vs-tcs-who-is-poised-to-win-in-this-q4-it-battle/articleshow/109021910.cms,indiatimes.com,2024-04-04T10:15:00+05:30,2024-04-04,gdelt_gkg_observation
20240404051500-1275,TCS.NS,"LS elections 2024: Rahul Gandhi declares total assets worth Rs 20 crore; Infosys, TCS, LTI Mindtree among shares bought",https://www.businesstoday.in/india/story/ls-elections-2024-rahul-gandhi-declares-total-assets-worth-rs-20-crore-infosys-tcs-lti-mindtree-among-shares-bought-424239-2024-04-04,https://www.businesstoday.in/india/story/ls-elections-2024-rahul-gandhi-declares-total-assets-worth-rs-20-crore-infosys-tcs-lti-mindtree-among-shares-bought-424239-2024-04-04,businesstoday.in,2024-04-04T10:45:00+05:30,2024-04-04,gdelt_gkg_observation
20240404051500-634,TCS.NS,"TCS, Infosys, HCL Technologies: Here's what to expect from IT majors' Q4 results",https://www.businesstoday.in/markets/trending-stocks/story/tcs-infosys-hcl-technologies-heres-what-to-expect-from-it-majors-q4-results-424245-2024-04-04,https://www.businesstoday.in/markets/trending-stocks/story/tcs-infosys-hcl-technologies-heres-what-to-expect-from-it-majors-q4-results-424245-2024-04-04,businesstoday.in,2024-04-04T10:45:00+05:30,2024-04-04,gdelt_gkg_observation
20240404051500-409,TCS.NS,"Nifty IT rises 1.5% in a weak market; TCS, HCL Tech, Infosys among top gainers",https://www.livemint.com/market/stock-market-news/nifty-it-rises-1-5-in-a-weak-market-tcs-hcl-tech-infosys-among-top-gainers-11710216242350.html,https://www.livemint.com/market/stock-market-news/nifty-it-rises-1-5-in-a-weak-market-tcs-hcl-tech-infosys-among-top-gainers-11710216242350.html,livemint.com,2024-04-04T10:45:00+05:30,2024-04-04,gdelt_gkg_observation
20240404080000-771,TCS.NS,"Axis Bank, TCS, L&T, Vodafone Idea, Federal Bank, Motilal Oswal, Hindalco; Know Share Price Target",https://www.india.com/business/axis-bank-tcs-l-know-share-price-target-6834636/,https://www.india.com/business/axis-bank-tcs-l-know-share-price-target-6834636/,india.com,2024-04-04T13:30:00+05:30,2024-04-04,gdelt_gkg_observation
20240404081500-1237,TCS.NS,"Infosys vs TCS: Who is poised to win in this Q4 IT battle?, Telecom News, ET Telecom",https://telecom.economictimes.indiatimes.com/news/enterprise-services/infosys-vs-tcs-who-is-poised-to-win-in-this-q4-it-battle/109024202,https://telecom.economictimes.indiatimes.com/news/enterprise-services/infosys-vs-tcs-who-is-poised-to-win-in-this-q4-it-battle/109024202,indiatimes.com,2024-04-04T13:45:00+05:30,2024-04-04,gdelt_gkg_observation
20240404111500-1337,TCS.NS,"Q4 earnings: Between TCS and Infosys, who will win the IT battle? Here's what analysts expect | India Business News",https://timesofindia.indiatimes.com/business/india-business/q4-earnings-between-tcs-and-infosys-who-will-win-the-it-battle-heres-what-analysts-expect/articleshow/109035560.cms,https://timesofindia.indiatimes.com/business/india-business/q4-earnings-between-tcs-and-infosys-who-will-win-the-it-battle-heres-what-analysts-expect/articleshow/109035560.cms,indiatimes.com,2024-04-04T16:45:00+05:30,2024-04-05,gdelt_gkg_observation
20240404121500-1187,TCS.NS,"Sensex, Nifty hit record highs as HDFC, TCS rise",https://www.theweek.in/news/biz-tech/2024/04/04/sensex-nifty-hit-record-highs-as-hdfc-tcs-rise.html,https://www.theweek.in/news/biz-tech/2024/04/04/sensex-nifty-hit-record-highs-as-hdfc-tcs-rise.html,theweek.in,2024-04-04T17:45:00+05:30,2024-04-05,gdelt_gkg_observation
20240404124500-12,TCS.NS,"Sensex, Nifty hit record highs as HDFC, TCS rise",https://www.thehindu.com/business/markets/sensex-nifty-hit-record-highs-as-hdfc-tcs-rise/article68028117.ece,https://www.thehindu.com/business/markets/sensex-nifty-hit-record-highs-as-hdfc-tcs-rise/article68028117.ece,thehindu.com,2024-04-04T18:15:00+05:30,2024-04-05,gdelt_gkg_observation
20240404131500-250,TCS.NS,"Sensex At Lifetime High, Nifty Hits Record High As HDFC, TCS Stocks Surge",https://www.ndtv.com/business-news/sensex-at-lifetime-high-nifty-hits-record-high-as-hdfc-tcs-stocks-surge-5373772,https://www.ndtv.com/business-news/sensex-at-lifetime-high-nifty-hits-record-high-as-hdfc-tcs-stocks-surge-5373772,ndtv.com,2024-04-04T18:45:00+05:30,2024-04-05,gdelt_gkg_observation
20240404133000-2047,TCS.NS,"Sensex, Nifty Hit Record Highs As HDFC, TCS Rise",https://zeenews.india.com/markets/sensex-nifty-hit-record-highs-as-hdfc-tcs-rise-2737154.html,https://zeenews.india.com/markets/sensex-nifty-hit-record-highs-as-hdfc-tcs-rise-2737154.html,india.com,2024-04-04T19:00:00+05:30,2024-04-05,gdelt_gkg_observation
20240404143000-993,TCS.NS,"Sensex, Nifty rebound sharply; hit record highs as HDFC, TCS rise",https://www.tribuneindia.com/news/business/sensex-nifty-rebounded-sharply-hit-record-highs-as-hdfc-tcs-rise-607379,https://www.tribuneindia.com/news/business/sensex-nifty-rebounded-sharply-hit-record-highs-as-hdfc-tcs-rise-607379,tribuneindia.com,2024-04-04T20:00:00+05:30,2024-04-05,gdelt_gkg_observation
20240404151500-265,TCS.NS,"Sensex, Nifty hit record highs as HDFC, TCS rise - Rediff.com Business",https://www.rediff.com/business/report/sensex-nifty-hit-record-highs-as-hdfc-tcs--rise/20240404.htm,https://www.rediff.com/business/report/sensex-nifty-hit-record-highs-as-hdfc-tcs--rise/20240404.htm,rediff.com,2024-04-04T20:45:00+05:30,2024-04-05,gdelt_gkg_observation
20240406044500-980,TCS.NS,Rajesh Gopinathan completes five years as TCS' CEO & MD,https://www.rashtranews.com/rajesh-gopinathan-completes-five-years-as-tcs-ceo-md/,https://www.rashtranews.com/rajesh-gopinathan-completes-five-years-as-tcs-ceo-md/,rashtranews.com,2024-04-06T10:15:00+05:30,2024-04-08,gdelt_gkg_observation
20240406181500-201,TCS.NS,TCS tops in customer satisfaction in Nordic region; 5 domains it got highest ranking in,https://timesofindia.indiatimes.com/technology/tech-news/tcs-tops-in-customer-satisfaction-in-nordic-region-5-domains-it-got-highest-ranking-in/articleshow/109094331.cms,https://timesofindia.indiatimes.com/technology/tech-news/tcs-tops-in-customer-satisfaction-in-nordic-region-5-domains-it-got-highest-ranking-in/articleshow/109094331.cms,indiatimes.com,2024-04-06T23:45:00+05:30,2024-04-08,gdelt_gkg_observation
20240407071500-407,TCS.NS,"Latest News | Stock Markets to Track Global Events, Macro Data, TCS Results in Holiday-shortened Week: Analysts",https://www.latestly.com/agency-news/latest-news-stock-markets-to-track-global-events-macro-data-tcs-results-in-holiday-shortened-week-analysts-5875637.html,https://www.latestly.com/agency-news/latest-news-stock-markets-to-track-global-events-macro-data-tcs-results-in-holiday-shortened-week-analysts-5875637.html,latestly.com,2024-04-07T12:45:00+05:30,2024-04-08,gdelt_gkg_observation
20240407071500-494,TCS.NS,"Stock Markets To Track Global Events, Macro Data, TCS Results In Holiday-Shortened Week: Analysts",https://www.freepressjournal.in/business/stock-markets-to-track-global-events-macro-data-tcs-results-in-holiday-shortened-week-analysts,https://www.freepressjournal.in/business/stock-markets-to-track-global-events-macro-data-tcs-results-in-holiday-shortened-week-analysts,freepressjournal.in,2024-04-07T12:45:00+05:30,2024-04-08,gdelt_gkg_observation
20240407071500-777,TCS.NS,"Stock market this week: TCS results, global events and macro data to guide trends",https://www.theweek.in/news/biz-tech/2024/04/07/stock-market-this-week-tcs-results-global-events-and-macro-data-major-drivers.html,https://www.theweek.in/news/biz-tech/2024/04/07/stock-market-this-week-tcs-results-global-events-and-macro-data-major-drivers.html,theweek.in,2024-04-07T12:45:00+05:30,2024-04-08,gdelt_gkg_observation
20240407073000-159,TCS.NS,"Stock markets to track global events, macro data, TCS results in holiday-shortened week: Analysts",https://www.financialexpress.com/market/stock-markets-to-track-global-events-macro-data-tcs-results-in-holiday-shortened-week-analysts-3449016/,https://www.financialexpress.com/market/stock-markets-to-track-global-events-macro-data-tcs-results-in-holiday-shortened-week-analysts-3449016/,financialexpress.com,2024-04-07T13:00:00+05:30,2024-04-08,gdelt_gkg_observation
20240408021500-834,TCS.NS,"Stock markets to track global events, macro data, TCS results in holiday-shortened week: Analysts",https://www.orissapost.com/stock-markets-to-track-global-events-macro-data-tcs-results-in-holiday-shortened-week-analysts/,https://www.orissapost.com/stock-markets-to-track-global-events-macro-data-tcs-results-in-holiday-shortened-week-analysts/,orissapost.com,2024-04-08T07:45:00+05:30,2024-04-08,gdelt_gkg_observation
20240408060000-1222,TCS.NS,"Nifty stocks: HDFC Bank, ONGC, ICICI Bank, TCS to drive Q4 results; Tata Steel, RIL likely underperformers",https://www.businesstoday.in/markets/trending-stocks/story/nifty-stocks-hdfc-bank-ongc-icici-bank-tcs-to-drive-q4-results-tata-steel-ril-likely-underperformers-424663-2024-04-08,https://www.businesstoday.in/markets/trending-stocks/story/nifty-stocks-hdfc-bank-ongc-icici-bank-tcs-to-drive-q4-results-tata-steel-ril-likely-underperformers-424663-2024-04-08,businesstoday.in,2024-04-08T11:30:00+05:30,2024-04-08,gdelt_gkg_observation
20240408061500-T900,TCS.NS,"Stock Market Updates | HDFC बँकेच्या गुंतवणूकदारांना लागली लॉटरी, केली छप्परफाड कमाई; रिलायन्सला जबर फटका | HDFC Bank Share Investors Earn 78,000 Crore in Just 5 Days, LIC, SBI and TCS Among Emerge Big Gainers Last Week",https://marathi.indiatimes.com/business/share-bazaar/hdfc-bank-lic-emerge-big-gainers-as-four-of-the-top-10-firms-add-rs-1-71-lakh-crore-to-m-cap/articleshow/109118291.cms,https://marathi.indiatimes.com/business/share-bazaar/hdfc-bank-lic-emerge-big-gainers-as-four-of-the-top-10-firms-add-rs-1-71-lakh-crore-to-m-cap/articleshow/109118291.cms,indiatimes.com,2024-04-08T11:45:00+05:30,2024-04-08,gdelt_gkg_observation
20240408110000-92,TCS.NS,"Nifty Tata Group index: TCS, Titan and 8 other stocks are part of Nifty's Tata Group index. Take a look",https://economictimes.indiatimes.com/markets/web-stories/tcs-titan-and-8-other-stocks-are-part-of-niftys-tata-group-index-take-a-look/slideshow/109132292.cms,https://economictimes.indiatimes.com/markets/web-stories/tcs-titan-and-8-other-stocks-are-part-of-niftys-tata-group-index-take-a-look/slideshow/109132292.cms,indiatimes.com,2024-04-08T16:30:00+05:30,2024-04-09,gdelt_gkg_observation
20240408113000-881,TCS.NS,BOARDWALKTECH SIGNS AGREEMENT WITH TATA CONSULTANCY SERVICES LIMITED,https://www.marketscreener.com/quote/stock/BOARDWALKTECH-SOFTWARE-CO-120797417/news/BOARDWALKTECH-SIGNS-AGREEMENT-WITH-TATA-CONSULTANCY-SERVICES-LIMITED-46386018/,https://www.marketscreener.com/quote/stock/BOARDWALKTECH-SOFTWARE-CO-120797417/news/BOARDWALKTECH-SIGNS-AGREEMENT-WITH-TATA-CONSULTANCY-SERVICES-LIMITED-46386018/,marketscreener.com,2024-04-08T17:00:00+05:30,2024-04-09,gdelt_gkg_observation
20240408124500-923,TCS.NS,"Q4 results this month: From TCS, Infosys, Wipro, HCL Tech to Tech Mahindra, here are key earnings to watch out for",https://www.financialexpress.com/business/industry-q4-results-this-month-from-tcs-infosys-wipro-hcl-tech-to-tech-mahindra-here-are-key-earnings-to-watch-out-for-3450287/,https://www.financialexpress.com/business/industry-q4-results-this-month-from-tcs-infosys-wipro-hcl-tech-to-tech-mahindra-here-are-key-earnings-to-watch-out-for-3450287/,financialexpress.com,2024-04-08T18:15:00+05:30,2024-04-09,gdelt_gkg_observation
20240408134500-1669,TCS.NS,BOARDWALKTECH SIGNS AGREEMENT WITH TATA CONSULTANCY SERVICES LIMITED,https://menafn.com/1108070878/BOARDWALKTECH-SIGNS-AGREEMENT-WITH-TATA-CONSULTANCY-SERVICES-LIMITED,https://menafn.com/1108070878/BOARDWALKTECH-SIGNS-AGREEMENT-WITH-TATA-CONSULTANCY-SERVICES-LIMITED,menafn.com,2024-04-08T19:15:00+05:30,2024-04-09,gdelt_gkg_observation
20240409110000-583,TCS.NS,"TCS Q4 results, dividend date, concall timing, analyst earnings preview & more",https://www.businesstoday.in/markets/company-stock/story/tcs-q4-results-dividend-date-concall-timing-analyst-earnings-preview-more-424876-2024-04-09,https://www.businesstoday.in/markets/company-stock/story/tcs-q4-results-dividend-date-concall-timing-analyst-earnings-preview-more-424876-2024-04-09,businesstoday.in,2024-04-09T16:30:00+05:30,2024-04-10,gdelt_gkg_observation
20240409130000-1239,TCS.NS,"tcs pay package: Momo seller offers Rs 25,000 salary for helper, social media users say it's paying better than TCS",https://economictimes.indiatimes.com/news/india/momo-seller-offers-rs-25000-salary-for-helper-social-media-users-say-its-paying-better-than-tcs/articleshow/109166308.cms,https://economictimes.indiatimes.com/news/india/momo-seller-offers-rs-25000-salary-for-helper-social-media-users-say-its-paying-better-than-tcs/articleshow/109166308.cms,indiatimes.com,2024-04-09T18:30:00+05:30,2024-04-10,gdelt_gkg_observation
20240409161500-T197,TCS.NS,"TCS Q4 Result: 12 तारीख को आएंगे नतीजे, निवेशकों को है कई उम्मीदें, कितना बढ़ सकता है मुनाफा?",https://hindi.moneycontrol.com/news/markets/tcs-q4-result-date-and-final-dividend-know-analyst-earnings-preview-1893599.html,https://hindi.moneycontrol.com/news/markets/tcs-q4-result-date-and-final-dividend-know-analyst-earnings-preview-1893599.html,moneycontrol.com,2024-04-09T21:45:00+05:30,2024-04-10,gdelt_gkg_observation
20240410021500-282,TCS.NS,"Top Events of The Day: PM Modi in Nagpur, Eid celebrations in J&K & Kerala, Russia's Angara rocket, TCS hiring and more",https://www.livemint.com/news/india/top-events-of-the-day-pm-modi-in-nagpur-eid-celebrations-in-j-k-kerala-russias-angara-rocket-tcs-hiring-and-more-11712711606857.html,https://www.livemint.com/news/india/top-events-of-the-day-pm-modi-in-nagpur-eid-celebrations-in-j-k-kerala-russias-angara-rocket-tcs-hiring-and-more-11712711606857.html,livemint.com,2024-04-10T07:45:00+05:30,2024-04-10,gdelt_gkg_observation
20240410063000-135,TCS.NS,"'Paying better than TCS': Rs 25,000 salary | Momo eatery job post goes viral | Delhi News",https://timesofindia.indiatimes.com/city/delhi/paying-better-than-tcs-rs-25000-salary-momo-eatery-job-post-goes-viral/articleshow/109182581.cms,https://timesofindia.indiatimes.com/city/delhi/paying-better-than-tcs-rs-25000-salary-momo-eatery-job-post-goes-viral/articleshow/109182581.cms,indiatimes.com,2024-04-10T12:00:00+05:30,2024-04-10,gdelt_gkg_observation
20240410074500-864,TCS.NS,"Q4 results preview: Will TCS beat Infosys, HCL, Wipro, LTIMindtree in key growth parameters?",https://www.businesstoday.in/markets/trending-stocks/story/q4-results-preview-will-tcs-beat-infosys-hcl-wipro-ltimindtree-in-terms-of-sales-profit-and-margins-424992-2024-04-10,https://www.businesstoday.in/markets/trending-stocks/story/q4-results-preview-will-tcs-beat-infosys-hcl-wipro-ltimindtree-in-terms-of-sales-profit-and-margins-424992-2024-04-10,businesstoday.in,2024-04-10T13:15:00+05:30,2024-04-10,gdelt_gkg_observation
20240410074500-388,TCS.NS,"Q4FY24 Preview: Tata Consultancy Services: Revenues seen at ₹623,248 Million, PAT at ₹121,952 Million",https://www.indiainfoline.com/news/earnings/q4fy24-preview-tata-consultancy-services-revenues-seen-at-623248-million-pat-at-121952-million,https://www.indiainfoline.com/news/earnings/q4fy24-preview-tata-consultancy-services-revenues-seen-at-623248-million-pat-at-121952-million,indiainfoline.com,2024-04-10T13:15:00+05:30,2024-04-10,gdelt_gkg_observation
20240410080000-502,TCS.NS,TCS Q4 Preview: Reversal of furloughs to aid sales growth; FY25 outlook on radar,https://economictimes.indiatimes.com/markets/stocks/earnings/tcs-q4-preview-reversal-of-furloughs-to-aid-sales-growth-fy25-outlook-on-radar/articleshow/109187757.cms,https://economictimes.indiatimes.com/markets/stocks/earnings/tcs-q4-preview-reversal-of-furloughs-to-aid-sales-growth-fy25-outlook-on-radar/articleshow/109187757.cms,indiatimes.com,2024-04-10T13:30:00+05:30,2024-04-10,gdelt_gkg_observation
20240410103000-652,TCS.NS,TCS Q4FY24 earnings preview: Top five factors at play,https://www.moneycontrol.com/news/technology/tcs-q4fy24-earnings-preview-top-five-factors-at-play-12614931.html,https://www.moneycontrol.com/news/technology/tcs-q4fy24-earnings-preview-top-five-factors-at-play-12614931.html,moneycontrol.com,2024-04-10T16:00:00+05:30,2024-04-12,gdelt_gkg_observation
20240410231500-702,TCS.NS,Unpacking gen AI trends and industry signals with TCS,https://siliconangle.com/2024/04/10/gen-ai-trends-tcs-googlecloudnext/,https://siliconangle.com/2024/04/10/gen-ai-trends-tcs-googlecloudnext/,siliconangle.com,2024-04-11T04:45:00+05:30,2024-04-12,gdelt_gkg_observation
20240411033000-449,TCS.NS,"tcs: TCS becomes the world's second-most valuable IT services brand, here's what helped the company 'beat' IBM – Rashtra News : Tech News",https://www.rashtranews.com/tcs-tcs-becomes-the-worlds-second-most-valuable-it-services-brand-heres-what-helped-the-company-beat-ibm-rashtra-news-tech-news/,https://www.rashtranews.com/tcs-tcs-becomes-the-worlds-second-most-valuable-it-services-brand-heres-what-helped-the-company-beat-ibm-rashtra-news-tech-news/,rashtranews.com,2024-04-11T09:00:00+05:30,2024-04-12,gdelt_gkg_observation
20240411054500-T981,TCS.NS,"TCS Q4 Earnings preview : शुक्रवार को आएंगे TCS के नतीजे, 1.5% बढ़ सकती है डॉलर रेवेन्यू, मार्जिन में भी सुधार की उम्मीद",https://hindi.moneycontrol.com/news/markets/tcs-q4-earnings-preview-tcs-results-on-friday-dollar-revenue-may-increase-1-5-percent-tcs-share-price-1893951.html,https://hindi.moneycontrol.com/news/markets/tcs-q4-earnings-preview-tcs-results-on-friday-dollar-revenue-may-increase-1-5-percent-tcs-share-price-1893951.html,moneycontrol.com,2024-04-11T11:15:00+05:30,2024-04-12,gdelt_gkg_observation
20240411061500-579,TCS.NS,TCS Q4 results on Friday: Recap of how IT bellwether fared in FY24; key things D-Street needs to watch out for,https://economictimes.indiatimes.com/markets/stocks/earnings/tcs-q4-results-on-friday-recap-of-how-it-bellwether-fared-in-fy24-key-things-d-street-needs-to-watch-out-for/articleshow/109212340.cms,https://economictimes.indiatimes.com/markets/stocks/earnings/tcs-q4-results-on-friday-recap-of-how-it-bellwether-fared-in-fy24-key-things-d-street-needs-to-watch-out-for/articleshow/109212340.cms,indiatimes.com,2024-04-11T11:45:00+05:30,2024-04-12,gdelt_gkg_observation
20240411083000-622,TCS.NS,TCS promotes Ashish Babu to Global Chief Marketing Officer,https://www.adgully.com/tcs-promotes-ashish-babu-to-global-chief-marketing-officer-144347.html,https://www.adgully.com/tcs-promotes-ashish-babu-to-global-chief-marketing-officer-144347.html,adgully.com,2024-04-11T14:00:00+05:30,2024-04-12,gdelt_gkg_observation
20240411083000-7,TCS.NS,"TCS Earnings Preview: Q4 revenue to ride on deal wins; margin, profitability to improve",https://www.moneycontrol.com/news/business/markets/tcs-q4-earnings-preview-revenue-net-profit-margin-growth-estimate-deals-outlook-guidance-watch-12620791.html,https://www.moneycontrol.com/news/business/markets/tcs-q4-earnings-preview-revenue-net-profit-margin-growth-estimate-deals-outlook-guidance-watch-12620791.html,moneycontrol.com,2024-04-11T14:00:00+05:30,2024-04-12,gdelt_gkg_observation
20240411084500-220,TCS.NS,"TCS Q4 results preview: 5 key things to watch as IT firm shares earnings on Friday, April 12",https://www.businesstoday.in/markets/company-stock/story/tcs-q4-results-preview-5-key-things-to-watch-as-it-firm-shares-earnings-on-friday-april-12-425112-2024-04-11,https://www.businesstoday.in/markets/company-stock/story/tcs-q4-results-preview-5-key-things-to-watch-as-it-firm-shares-earnings-on-friday-april-12-425112-2024-04-11,businesstoday.in,2024-04-11T14:15:00+05:30,2024-04-12,gdelt_gkg_observation
20240411100000-1121,TCS.NS,"TCS Q4 Results Preview: Revenue, PAT may see modest growth",https://www.livemint.com/companies/company-results/tcs-q4-results-preview-revenue-pat-may-see-modest-growth-commentary-on-near-term-demand-key-monitorable-11712826448962.html,https://www.livemint.com/companies/company-results/tcs-q4-results-preview-revenue-pat-may-see-modest-growth-commentary-on-near-term-demand-key-monitorable-11712826448962.html,livemint.com,2024-04-11T15:30:00+05:30,2024-04-12,gdelt_gkg_observation
20240411113000-2057,TCS.NS,Deal ramp ups may support TCS performance in Q4,https://economictimes.indiatimes.com/markets/stocks/news/deal-ramp-ups-may-support-tcs-performance-in-q4/articleshow/109219430.cms,https://economictimes.indiatimes.com/markets/stocks/news/deal-ramp-ups-may-support-tcs-performance-in-q4/articleshow/109219430.cms,indiatimes.com,2024-04-11T17:00:00+05:30,2024-04-12,gdelt_gkg_observation
20240411210000-772,TCS.NS,"TCS Q4 earnings seen muted, but will outperform peers",https://www.financialexpress.com/business/industry-tcs-q4-earnings-seen-muted-but-will-outperform-peers-3454194/,https://www.financialexpress.com/business/industry-tcs-q4-earnings-seen-muted-but-will-outperform-peers-3454194/,financialexpress.com,2024-04-12T02:30:00+05:30,2024-04-12,gdelt_gkg_observation
20240412010000-560,TCS.NS,Options Trade | An earnings-based non-directional options strategy in TCS,https://www.moneycontrol.com/news/business/markets/options-trade-an-earnings-based-non-directional-options-strategy-in-tcs-6-12617861.html,https://www.moneycontrol.com/news/business/markets/options-trade-an-earnings-based-non-directional-options-strategy-in-tcs-6-12617861.html,moneycontrol.com,2024-04-12T06:30:00+05:30,2024-04-12,gdelt_gkg_observation
20240412011500-1179,TCS.NS,"Stocks in news: Stocks in news: Bharti Hexacom, NTPC, TCS, Dr Reddy's, Trident",https://economictimes.indiatimes.com/markets/stocks/news/stocks-in-news-bharti-hexacom-ntpc-tcs-dr-reddys-trident/articleshow/109222467.cms,https://economictimes.indiatimes.com/markets/stocks/news/stocks-in-news-bharti-hexacom-ntpc-tcs-dr-reddys-trident/articleshow/109222467.cms,indiatimes.com,2024-04-12T06:45:00+05:30,2024-04-12,gdelt_gkg_observation
20240412011500-1442,TCS.NS,tcs: TCS likely to outdo peers with ramp-up in big deals,https://economictimes.indiatimes.com/markets/stocks/earnings/deal-ramp-ups-may-support-tcs-performance-in-q4/articleshow/109219430.cms,https://economictimes.indiatimes.com/markets/stocks/earnings/deal-ramp-ups-may-support-tcs-performance-in-q4/articleshow/109219430.cms,indiatimes.com,2024-04-12T06:45:00+05:30,2024-04-12,gdelt_gkg_observation
20240412023000-778,TCS.NS,"Top Events of the Day: PM Modi in Udhampur, INDIA bloc rally in Coimbatore; TCS, Bajaj Auto, Infosys Q4 results and more",https://www.livemint.com/news/india/top-events-of-the-day-pm-modi-in-udhampur-india-bloc-rally-in-coimbatore-tcs-bajaj-auto-infosys-q4-results-and-more-11712883172191.html,https://www.livemint.com/news/india/top-events-of-the-day-pm-modi-in-udhampur-india-bloc-rally-in-coimbatore-tcs-bajaj-auto-infosys-q4-results-and-more-11712883172191.html,livemint.com,2024-04-12T08:00:00+05:30,2024-04-12,gdelt_gkg_observation
20240412024500-508,TCS.NS,"TCS likely to report profit growth, margin improvement in Q4FY24, shares in focus",https://www.moneycontrol.com/news/business/markets/tcs-likely-to-report-profit-growth-margin-improvement-in-q4fy24-shares-in-focus-12624471.html,https://www.moneycontrol.com/news/business/markets/tcs-likely-to-report-profit-growth-margin-improvement-in-q4fy24-shares-in-focus-12624471.html,moneycontrol.com,2024-04-12T08:15:00+05:30,2024-04-12,gdelt_gkg_observation
20240412034500-608,TCS.NS,"Stocks To Watch: Maharashtra Seamless, Mahindra & Mahindra, TCS, Phoenix Mills, Wipro, Dr. Reddy's Lab, CAMS, Bharti Hexacom - Market News",https://www.financialexpress.com/market/stocks-to-watch-maharashtra-seamless-mahindra-amp-mahindra-tcs-phoenix-mills-wipro-dr-reddys-lab-cams-bharti-hexacom-3454387/,https://www.financialexpress.com/market/stocks-to-watch-maharashtra-seamless-mahindra-amp-mahindra-tcs-phoenix-mills-wipro-dr-reddys-lab-cams-bharti-hexacom-3454387/,financialexpress.com,2024-04-12T09:15:00+05:30,2024-04-12,gdelt_gkg_observation
20240412040000-1041,TCS.NS,"Top Events Of The Day: PM Modi In Udhampur, INDIA Bloc Rally In Coimbatore TCS, Bajaj Auto, Infosys Q4 Results And More",https://menafn.com/1108086321/Top-Events-Of-The-Day-PM-Modi-In-Udhampur-INDIA-Bloc-Rally-In-Coimbatore-TCS-Bajaj-Auto-Infosys-Q4-Results-And-More,https://menafn.com/1108086321/Top-Events-Of-The-Day-PM-Modi-In-Udhampur-INDIA-Bloc-Rally-In-Coimbatore-TCS-Bajaj-Auto-Infosys-Q4-Results-And-More,menafn.com,2024-04-12T09:30:00+05:30,2024-04-12,gdelt_gkg_observation
20240412043000-1395,TCS.NS,"Key Stocks in Focus: TCS, Wipro, Vi, TaMo, HUL, CAMS, Dr Reddy's, Adani Total Gas",https://www.siliconindia.com/news/general/key-stocks-in-focus-tcs-wipro-vi-tamo-hul-cams-dr-reddys-adani-total-gas-nid-228948-cid-1.html,https://www.siliconindia.com/news/general/key-stocks-in-focus-tcs-wipro-vi-tamo-hul-cams-dr-reddys-adani-total-gas-nid-228948-cid-1.html,siliconindia.com,2024-04-12T10:00:00+05:30,2024-04-12,gdelt_gkg_observation
20240412043000-1006,TCS.NS,"IT majors TCS, Infosys, Wipro brace for muted show amid weak global macros, tight spends",https://www.thehindubusinessline.com/info-tech/tcs-infosys-wipro-brace-for-muted-show-amid-weak-global-macros-tight-spends/article68056758.ece,https://www.thehindubusinessline.com/info-tech/tcs-infosys-wipro-brace-for-muted-show-amid-weak-global-macros-tight-spends/article68056758.ece,thehindubusinessline.com,2024-04-12T10:00:00+05:30,2024-04-12,gdelt_gkg_observation
20240412044500-700,TCS.NS,"Top 10 Stocks To Buy For Today (12-04-24); TCS, Wipro, L&T, Mahindra, Vodafone, TATA Motors; Know Best Shares Bets By Market Experts",https://www.india.com/business/top-10-stocks-to-buy-for-today-12-04-24-tcs-wipro-l-know-best-shares-bets-by-market-experts-6853621/,https://www.india.com/business/top-10-stocks-to-buy-for-today-12-04-24-tcs-wipro-l-know-best-shares-bets-by-market-experts-6853621/,india.com,2024-04-12T10:15:00+05:30,2024-04-12,gdelt_gkg_observation
20240412050000-142,TCS.NS,"Q4 results today: TCS, Anand Rathi and 2 other companies to post earnings",https://www.hindustantimes.com/business/q4-results-today-tcs-anand-rathi-and-2-other-companies-to-post-earnings-101712894868245.html,https://www.hindustantimes.com/business/q4-results-today-tcs-anand-rathi-and-2-other-companies-to-post-earnings-101712894868245.html,hindustantimes.com,2024-04-12T10:30:00+05:30,2024-04-12,gdelt_gkg_observation
20240412051500-795,TCS.NS,"Stocks to Watch: TCS, Bharti Hexacom, Wipro, Voda Idea, PVR Inox, BoB, and Others",https://www.news18.com/business/stocks-to-watch-tcs-bharti-hexacom-wipro-voda-idea-pvr-inox-bob-and-others-8848592.html,https://www.news18.com/business/stocks-to-watch-tcs-bharti-hexacom-wipro-voda-idea-pvr-inox-bob-and-others-8848592.html,news18.com,2024-04-12T10:45:00+05:30,2024-04-12,gdelt_gkg_observation
20240412051500-419,TCS.NS,"TCS Hiring 2024: IT Major Picks 10,000 Freshers From Top Engineering Colleges, Says Report",https://www.news18.com/business/tcs-hiring-freshers-2024-batch-tata-consultancy-services-news-today-8848687.html,https://www.news18.com/business/tcs-hiring-freshers-2024-batch-tata-consultancy-services-news-today-8848687.html,news18.com,2024-04-12T10:45:00+05:30,2024-04-12,gdelt_gkg_observation
20240412053000-T1604,TCS.NS,"Buzzing Stocks: टीसीएस से लेकर फोनिक्स मिल्स तक, आज इंट्राडे में इन 10 शेयरों में दिखेगा जोरदार एक्शन",https://hindi.moneycontrol.com/news/markets/buzzing-stocks-in-news-from-tcs-to-lnt-phoenix-mills-these-10-shares-are-making-headlines-1894182.html,https://hindi.moneycontrol.com/news/markets/buzzing-stocks-in-news-from-tcs-to-lnt-phoenix-mills-these-10-shares-are-making-headlines-1894182.html,moneycontrol.com,2024-04-12T11:00:00+05:30,2024-04-12,gdelt_gkg_observation
20240412061500-10,TCS.NS,Q4 Results Today: What to expect from TCS earnings?,https://economictimes.indiatimes.com/markets/stocks/earnings/q4-results-today-what-to-expect-from-tcs-earnings/articleshow/109236057.cms,https://economictimes.indiatimes.com/markets/stocks/earnings/q4-results-today-what-to-expect-from-tcs-earnings/articleshow/109236057.cms,indiatimes.com,2024-04-12T11:45:00+05:30,2024-04-12,gdelt_gkg_observation
20240412061500-765,TCS.NS,it earnings: IT earnings may show worst is over for showpiece sector; all eyes on TCS today,https://economictimes.indiatimes.com/markets/stocks/earnings/it-earnings-may-show-worst-is-over-for-showpiece-sector-all-eyes-on-tcs-today/articleshow/109235831.cms,https://economictimes.indiatimes.com/markets/stocks/earnings/it-earnings-may-show-worst-is-over-for-showpiece-sector-all-eyes-on-tcs-today/articleshow/109235831.cms,indiatimes.com,2024-04-12T11:45:00+05:30,2024-04-12,gdelt_gkg_observation
20240412061500-100,TCS.NS,"TCS final dividend for FY24 today. Dividend history, results preview & more",https://www.businesstoday.in/markets/company-stock/story/tcs-final-dividend-for-fy24-today-dividend-history-results-preview-more-425200-2024-04-12,https://www.businesstoday.in/markets/company-stock/story/tcs-final-dividend-for-fy24-today-dividend-history-results-preview-more-425200-2024-04-12,businesstoday.in,2024-04-12T11:45:00+05:30,2024-04-12,gdelt_gkg_observation
20240412061500-389,TCS.NS,"TCS, Infosys, Wipro: Good or bad? How analysts see ISG Q1 deal flows, commentary",https://www.businesstoday.in/markets/stocks/story/tcs-infosys-wipro-good-or-bad-how-analysts-see-isg-q1-deal-flows-commentary-425205-2024-04-12,https://www.businesstoday.in/markets/stocks/story/tcs-infosys-wipro-good-or-bad-how-analysts-see-isg-q1-deal-flows-commentary-425205-2024-04-12,businesstoday.in,2024-04-12T11:45:00+05:30,2024-04-12,gdelt_gkg_observation
20240412061500-482,TCS.NS,"TCS Q4 results, dividend today after 3.30 pm: Analyst views, share price targets & more",https://www.businesstoday.in/markets/company-stock/story/tcs-q4-results-dividend-today-after-330-pm-analyst-views-share-price-targets-more-425195-2024-04-12,https://www.businesstoday.in/markets/company-stock/story/tcs-q4-results-dividend-today-after-330-pm-analyst-views-share-price-targets-more-425195-2024-04-12,businesstoday.in,2024-04-12T11:45:00+05:30,2024-04-12,gdelt_gkg_observation
20240412063000-707,TCS.NS,TCS Q4 FY24 results: Experts expect revenue growth to be in low single digits,https://www.thehindubusinessline.com/companies/tcs-q4-fy24-results-experts-expect-revenue-growth-to-be-in-low-single-digits/article68056898.ece,https://www.thehindubusinessline.com/companies/tcs-q4-fy24-results-experts-expect-revenue-growth-to-be-in-low-single-digits/article68056898.ece,thehindubusinessline.com,2024-04-12T12:00:00+05:30,2024-04-12,gdelt_gkg_observation
20240412070000-53,TCS.NS,TCS | TCS Q4 earnings: What to expect from TCS Q4 earnings? Sandip Sabharwal answers,https://economictimes.indiatimes.com/markets/expert-view/what-to-expect-from-tcs-q4-earnings-sandip-sabharwal-answers/articleshow/109237376.cms,https://economictimes.indiatimes.com/markets/expert-view/what-to-expect-from-tcs-q4-earnings-sandip-sabharwal-answers/articleshow/109237376.cms,indiatimes.com,2024-04-12T12:30:00+05:30,2024-04-12,gdelt_gkg_observation
20240412070000-863,TCS.NS,"TCS Q4 Results Live Update: Profit, revenue likely to grow in low single digits; FY25 outlook eyed",https://economictimes.indiatimes.com/markets/stocks/live-blog/tcs-q4-results-live-updates-tcs-q4-earnings-revenue-profit-loss-fy24-latest-news-12-april-2024/liveblog/109233363.cms,https://economictimes.indiatimes.com/markets/stocks/live-blog/tcs-q4-results-live-updates-tcs-q4-earnings-revenue-profit-loss-fy24-latest-news-12-april-2024/liveblog/109233363.cms,indiatimes.com,2024-04-12T12:30:00+05:30,2024-04-12,gdelt_gkg_observation
20240412073000-310,TCS.NS,TCS Q4 results today: Strong order pipeline may help TCS outpace IT peers,https://www.financialexpress.com/business/industry-tcs-q4-results-today-strong-order-pipeline-may-help-tcs-outpace-it-peers-3454730/,https://www.financialexpress.com/business/industry-tcs-q4-results-today-strong-order-pipeline-may-help-tcs-outpace-it-peers-3454730/,financialexpress.com,2024-04-12T13:00:00+05:30,2024-04-12,gdelt_gkg_observation
20240412074500-613,TCS.NS,TCS Q4 Results LIVE: TCS stock trades flat as company set to post Q4 earnings,https://www.hindustantimes.com/business/tcs-q4-results-live-tata-consultancy-service-result-profit-revenue-share-price-latest-updates-today-12-april-2024-101712905901638.html,https://www.hindustantimes.com/business/tcs-q4-results-live-tata-consultancy-service-result-profit-revenue-share-price-latest-updates-today-12-april-2024-101712905901638.html,hindustantimes.com,2024-04-12T13:15:00+05:30,2024-04-12,gdelt_gkg_observation
20240412091500-651,TCS.NS,TCS Q4 results today: Here are 5 crucial things to watch out for,https://www.livemint.com/market/stock-market-news/tcs-share-price-in-focus-ahead-of-q4-result-deal-wins-demand-outlook-key-monitorable-11712891704745.html,https://www.livemint.com/market/stock-market-news/tcs-share-price-in-focus-ahead-of-q4-result-deal-wins-demand-outlook-key-monitorable-11712891704745.html,livemint.com,2024-04-12T14:45:00+05:30,2024-04-12,gdelt_gkg_observation
20240412093000-1284,TCS.NS,"IT earnings may show worst is over for showpiece sector; all eyes on TCS today, ET Telecom",https://telecom.economictimes.indiatimes.com/news/enterprise-services/it-earnings-may-show-worst-is-over-for-showpiece-sector-all-eyes-on-tcs-today/109236923,https://telecom.economictimes.indiatimes.com/news/enterprise-services/it-earnings-may-show-worst-is-over-for-showpiece-sector-all-eyes-on-tcs-today/109236923,indiatimes.com,2024-04-12T15:00:00+05:30,2024-04-12,gdelt_gkg_observation
20240412103000-1131,TCS.NS,"TCS Q4 results: Net profit rises 9% to Rs 12,434 cr, declares final dividend of Rs 28 per share",https://www.moneycontrol.com/news/technology/tcs-q4-results-it-firm-reports-net-profit-of-rs-12434-cr-12623531.html,https://www.moneycontrol.com/news/technology/tcs-q4-results-it-firm-reports-net-profit-of-rs-12434-cr-12623531.html,moneycontrol.com,2024-04-12T16:00:00+05:30,2024-04-15,gdelt_gkg_observation
20240412104500-566,TCS.NS,"TCS Q4 Results: Profit rises 9% YoY to Rs 12,434 crore, beats estimates",https://economictimes.indiatimes.com/markets/stocks/earnings/tcs-q4-results-profit-rises-9-yoy-to-rs-12434-crore-beats-estimates/articleshow/109244243.cms,https://economictimes.indiatimes.com/markets/stocks/earnings/tcs-q4-results-profit-rises-9-yoy-to-rs-12434-crore-beats-estimates/articleshow/109244243.cms,indiatimes.com,2024-04-12T16:15:00+05:30,2024-04-15,gdelt_gkg_observation
20240412104500-244,TCS.NS,tcs q4 dividend: TCS announces final dividend of Rs 28 per share,https://economictimes.indiatimes.com/markets/stocks/earnings/tcs-announces-final-dividend-of-rs-28-per-share/articleshow/109245558.cms,https://economictimes.indiatimes.com/markets/stocks/earnings/tcs-announces-final-dividend-of-rs-28-per-share/articleshow/109245558.cms,indiatimes.com,2024-04-12T16:15:00+05:30,2024-04-15,gdelt_gkg_observation
20240412104500-547,TCS.NS,"TCS Profit Rises on Contract Wins for Cloud, IT Projects",https://www.bloomberg.com/news/articles/2024-04-12/tcs-profit-rises-on-contract-wins-for-cloud-it-projects,https://www.bloomberg.com/news/articles/2024-04-12/tcs-profit-rises-on-contract-wins-for-cloud-it-projects,bloomberg.com,2024-04-12T16:15:00+05:30,2024-04-15,gdelt_gkg_observation
20240412111500-1320,TCS.NS,"TCS full year net headcount declines for first time in 19 years; ends FY24 with 601,546 employees",https://www.moneycontrol.com/news/technology/tcs-full-year-net-headcount-declines-for-first-time-in-19-years-ends-fy24-with-601546-employees-12625311.html,https://www.moneycontrol.com/news/technology/tcs-full-year-net-headcount-declines-for-first-time-in-19-years-ends-fy24-with-601546-employees-12625311.html,moneycontrol.com,2024-04-12T16:45:00+05:30,2024-04-15,gdelt_gkg_observation
20240412113000-1318,TCS.NS,"TCS Q4 results: Tata Consultancy Services reports PAT of Rs 12,434 crore; beats estimates - check key highlights",https://timesofindia.indiatimes.com/business/india-business/tcs-q4-results-tata-consultancy-services-earnings-fourth-quarter-fy24-profit-after-tax-revenue-attrition-deals-top-10-points/articleshow/109245698.cms,https://timesofindia.indiatimes.com/business/india-business/tcs-q4-results-tata-consultancy-services-earnings-fourth-quarter-fy24-profit-after-tax-revenue-attrition-deals-top-10-points/articleshow/109245698.cms,indiatimes.com,2024-04-12T17:00:00+05:30,2024-04-15,gdelt_gkg_observation
20240412113000-53,TCS.NS,"TCS net profit rises 9% to Rs 12,434 crore in Q4",https://www.orissapost.com/tcs-net-profit-rises-9-to-rs-12434-crore-in-q4/,https://www.orissapost.com/tcs-net-profit-rises-9-to-rs-12434-crore-in-q4/,orissapost.com,2024-04-12T17:00:00+05:30,2024-04-15,gdelt_gkg_observation
20240412113000-1310,TCS.NS,"tcs hiring: TCS reports dip in Q4 hiring, full-year attrition cools to 12.5%",https://economictimes.indiatimes.com/tech/information-tech/tcs-reports-dip-in-q4-hiring-attrition-cools-to-12-5/articleshow/109245708.cms,https://economictimes.indiatimes.com/tech/information-tech/tcs-reports-dip-in-q4-hiring-attrition-cools-to-12-5/articleshow/109245708.cms,indiatimes.com,2024-04-12T17:00:00+05:30,2024-04-15,gdelt_gkg_observation
20240412113000-1617,TCS.NS,TCS earnings: TCS performance strong but keep eye on verticals and outlook: Omkar Tanksale,https://economictimes.indiatimes.com/markets/expert-view/tcs-performance-strong-but-keep-eye-on-verticals-and-outlook-omkar-tanksale/articleshow/109247613.cms,https://economictimes.indiatimes.com/markets/expert-view/tcs-performance-strong-but-keep-eye-on-verticals-and-outlook-omkar-tanksale/articleshow/109247613.cms,indiatimes.com,2024-04-12T17:00:00+05:30,2024-04-15,gdelt_gkg_observation
20240412113000-1381,TCS.NS,TCS share price | TCS Q4 earnings: Mayuresh Joshi on why TCS stock deserves to be rerated,https://economictimes.indiatimes.com/markets/expert-view/mayuresh-joshi-on-why-tcs-stock-deserves-to-be-rerated/articleshow/109247261.cms,https://economictimes.indiatimes.com/markets/expert-view/mayuresh-joshi-on-why-tcs-stock-deserves-to-be-rerated/articleshow/109247261.cms,indiatimes.com,2024-04-12T17:00:00+05:30,2024-04-15,gdelt_gkg_observation
20240412113000-1121,TCS.NS,Tata Consultancy Services Posts Higher Quarterly Net Profit,https://www.marketscreener.com/quote/stock/TATA-CONSULTANCY-SERVICES-9743454/news/Tata-Consultancy-Services-Posts-Higher-Quarterly-Net-Profit-46422819/,https://www.marketscreener.com/quote/stock/TATA-CONSULTANCY-SERVICES-9743454/news/Tata-Consultancy-Services-Posts-Higher-Quarterly-Net-Profit-46422819/,marketscreener.com,2024-04-12T17:00:00+05:30,2024-04-15,gdelt_gkg_observation
20240412113000-919,TCS.NS,"TCS net profit rises 9% to Rs 12,400 crore in Q4",https://indianexpress.com/article/business/companies/tcs-q4-results-revenue-net-profit-rises-pat-9266197/,https://indianexpress.com/article/business/companies/tcs-q4-results-revenue-net-profit-rises-pat-9266197/,indianexpress.com,2024-04-12T17:00:00+05:30,2024-04-15,gdelt_gkg_observation
20240412113000-176,TCS.NS,"tcs fresher jobs: TCS starts hiring with 10,000 jobs to freshers: Here are recruitment test details, hiring dates, roles, salary package",https://economictimes.indiatimes.com/jobs/fresher/tcs-starts-hiring-with-10000-jobs-to-freshers-here-are-recruitment-test-details-hiring-dates-roles-salary-package/articleshow/109247352.cms,https://economictimes.indiatimes.com/jobs/fresher/tcs-starts-hiring-with-10000-jobs-to-freshers-here-are-recruitment-test-details-hiring-dates-roles-salary-package/articleshow/109247352.cms,indiatimes.com,2024-04-12T17:00:00+05:30,2024-04-15,gdelt_gkg_observation
20240412114500-1358,TCS.NS,"TCS Profit Rises on Contract Wins for Cloud, IT Projects",https://www.bnnbloomberg.ca/tcs-profit-rises-on-contract-wins-for-cloud-it-projects-1.2058368,https://www.bnnbloomberg.ca/tcs-profit-rises-on-contract-wins-for-cloud-it-projects-1.2058368,bnnbloomberg.ca,2024-04-12T17:15:00+05:30,2024-04-15,gdelt_gkg_observation
20240412114500-1052,TCS.NS,Market at close: Sensex tumbles nearly 800 points amid broader sell-off; TCS declares dividend,https://www.cnbctv18.com/market/market-at-close-sensex-tumbles-nearly-800-points-amid-broader-sell-off-tcs-declares-dividend-19395955.htm,https://www.cnbctv18.com/market/market-at-close-sensex-tumbles-nearly-800-points-amid-broader-sell-off-tcs-declares-dividend-19395955.htm,cnbctv18.com,2024-04-12T17:15:00+05:30,2024-04-15,gdelt_gkg_observation
20240412114500-1081,TCS.NS,TCS reports all-time high order book $13.2 billion in Q4,https://www.moneycontrol.com/news/technology/tcs-reports-all-time-high-order-book-13-2-billion-in-q4-12625251.html,https://www.moneycontrol.com/news/technology/tcs-reports-all-time-high-order-book-13-2-billion-in-q4-12625251.html,moneycontrol.com,2024-04-12T17:15:00+05:30,2024-04-15,gdelt_gkg_observation
20240412120000-1175,TCS.NS,"TCS Q4 results: Profit rises 9% to Rs 12,434 crore, revenue up 3.5%",https://www.business-standard.com/companies/news/tcs-q4-results-profit-rises-9-to-rs-12-434-crore-revenue-up-3-5-124041200627_1.html,https://www.business-standard.com/companies/news/tcs-q4-results-profit-rises-9-to-rs-12-434-crore-revenue-up-3-5-124041200627_1.html,business-standard.com,2024-04-12T17:30:00+05:30,2024-04-15,gdelt_gkg_observation
20240412120000-350,TCS.NS,TCS Q4 results: Here are key details of the March quarter earnings,https://www.businesstoday.in/markets/company-stock/story/tcs-q4-results-here-are-key-details-of-the-march-quarter-earnings-425294-2024-04-12,https://www.businesstoday.in/markets/company-stock/story/tcs-q4-results-here-are-key-details-of-the-march-quarter-earnings-425294-2024-04-12,businesstoday.in,2024-04-12T17:30:00+05:30,2024-04-15,gdelt_gkg_observation
20240412120000-999,TCS.NS,"TCS Hiring Phase 2 Begins, Engineering Graduates Can Apply : Education News",https://www.rashtranews.com/tcs-hiring-phase-2-begins-engineering-graduates-can-apply-education-news/,https://www.rashtranews.com/tcs-hiring-phase-2-begins-engineering-graduates-can-apply-education-news/,rashtranews.com,2024-04-12T17:30:00+05:30,2024-04-15,gdelt_gkg_observation
20240412120000-1019,TCS.NS,"TCS Q4 results: Rs 28 dividend per share announced; record date, dividend history & more",https://www.businesstoday.in/markets/company-stock/story/tcs-q4-results-rs-28-dividend-per-share-announced-record-date-dividend-history-more-425279-2024-04-12,https://www.businesstoday.in/markets/company-stock/story/tcs-q4-results-rs-28-dividend-per-share-announced-record-date-dividend-history-more-425279-2024-04-12,businesstoday.in,2024-04-12T17:30:00+05:30,2024-04-15,gdelt_gkg_observation
20240412120000-1617,TCS.NS,"Rs 46,223 crore bounty! Dividends, buyback lift TCS FY24 shareholder payout",https://www.businesstoday.in/markets/company-stock/story/rs-46223-crore-bounty-dividends-buyback-lift-tcs-fy24-shareholder-payout-425292-2024-04-12,https://www.businesstoday.in/markets/company-stock/story/rs-46223-crore-bounty-dividends-buyback-lift-tcs-fy24-shareholder-payout-425292-2024-04-12,businesstoday.in,2024-04-12T17:30:00+05:30,2024-04-15,gdelt_gkg_observation
20240412120000-772,TCS.NS,"TCS Results Q4 2024: Net Profit Rises 9% YoY, Revenue Up By 3.5% In Q4",https://www.news18.com/business/tcs-results-q4-2024-tata-consultancy-services-net-profit-dividend-per-share-8849066.html,https://www.news18.com/business/tcs-results-q4-2024-tata-consultancy-services-net-profit-dividend-per-share-8849066.html,news18.com,2024-04-12T17:30:00+05:30,2024-04-15,gdelt_gkg_observation
20240412120000-T2384,TCS.NS,"Tcs Net Profit Rises 9 Pc To Rs 12,434 Crore In Q4 - Amar Ujala Hindi News Live - Tcs Results:चौथी तिमाही में Tcs का मुनाफा 9% बढ़कर ₹12,434 करोड़ हुआ, Fy23-24 में हुई इतने रुपये की कमाई",https://www.amarujala.com/business/business-diary/tcs-net-profit-rises-9-pc-to-rs-12-434-crore-in-q4-2024-04-12,https://www.amarujala.com/business/business-diary/tcs-net-profit-rises-9-pc-to-rs-12-434-crore-in-q4-2024-04-12,amarujala.com,2024-04-12T17:30:00+05:30,2024-04-15,gdelt_gkg_observation
20240412121500-320,TCS.NS,"TCS Q4 result: Revenue up 4%, profit rises 9% YoY; top 5 highlights from March quarter scorecard",https://www.livemint.com/companies/company-results/tcs-q4-result-revenue-up-4-profit-rises-9-yoy-top-5-highlights-from-march-quarter-scorecard-11712919524697.html,https://www.livemint.com/companies/company-results/tcs-q4-result-revenue-up-4-profit-rises-9-yoy-top-5-highlights-from-march-quarter-scorecard-11712919524697.html,livemint.com,2024-04-12T17:45:00+05:30,2024-04-15,gdelt_gkg_observation
20240412121500-1146,TCS.NS,"TCS employee attrition: IT firm's top performers receive double-digit hike, attrition cools to 12.5% from 13.1%",https://www.livemint.com/companies/company-results/tcs-employee-attrition-it-firms-attrition-drops-to-12-5-top-performers-receive-double-digit-hikes-11712918526244.html,https://www.livemint.com/companies/company-results/tcs-employee-attrition-it-firms-attrition-drops-to-12-5-top-performers-receive-double-digit-hikes-11712918526244.html,livemint.com,2024-04-12T17:45:00+05:30,2024-04-15,gdelt_gkg_observation
20240412123000-288,TCS.NS,"Tata Consultancy Services : Capital Structure as on Mar 31, 2024 -April 12, 2024 at 08:12 am EDT",https://www.marketscreener.com/quote/stock/TATA-CONSULTANCY-SERVICES-9743454/news/Tata-Consultancy-Services-Capital-Structure-as-on-Mar-31-2024-46423455/,https://www.marketscreener.com/quote/stock/TATA-CONSULTANCY-SERVICES-9743454/news/Tata-Consultancy-Services-Capital-Structure-as-on-Mar-31-2024-46423455/,marketscreener.com,2024-04-12T18:00:00+05:30,2024-04-15,gdelt_gkg_observation
20240412123000-10,TCS.NS,"Tata Consultancy Services : Consolidated, Audited - USD -April 12, 2024 at 08:12 am EDT",https://www.marketscreener.com/quote/stock/TATA-CONSULTANCY-SERVICES-9743454/news/Tata-Consultancy-Services-Consolidated-Audited-USD-46423457/,https://www.marketscreener.com/quote/stock/TATA-CONSULTANCY-SERVICES-9743454/news/Tata-Consultancy-Services-Consolidated-Audited-USD-46423457/,marketscreener.com,2024-04-12T18:00:00+05:30,2024-04-15,gdelt_gkg_observation
20240412123000-763,TCS.NS,"Tata Consultancy Services : Q4 2023-24 Fact Sheet -April 12, 2024 at 08:12 am EDT",https://www.marketscreener.com/quote/stock/TATA-CONSULTANCY-SERVICES-9743454/news/Tata-Consultancy-Services-Q4-2023-24-Fact-Sheet-46423456/,https://www.marketscreener.com/quote/stock/TATA-CONSULTANCY-SERVICES-9743454/news/Tata-Consultancy-Services-Q4-2023-24-Fact-Sheet-46423456/,marketscreener.com,2024-04-12T18:00:00+05:30,2024-04-15,gdelt_gkg_observation
20240412123000-T1461,TCS.NS,"Tata company tcs q4 result profit rises 9 percent YoY 12434 crore rs dividend announced हर शेयर पर ₹73 डिविडेंड, प्रॉफिट में 9% उछाल, टाटा की इस कंपनी में रौनक",https://www.livehindustan.com/business/tata-company-tcs-q4-result-profit-rises-9-percent-yoy-12434-crore-rs-dividend-announced-201712921143919.html,https://www.livehindustan.com/business/tata-company-tcs-q4-result-profit-rises-9-percent-yoy-12434-crore-rs-dividend-announced-201712921143919.html,livehindustan.com,2024-04-12T18:00:00+05:30,2024-04-15,gdelt_gkg_observation
20240412124500-1761,TCS.NS,"TCS Profit Rises on Contract Wins for Cloud, IT Projects",https://finance.yahoo.com/news/tcs-profit-rises-contract-wins-101650834.html,https://finance.yahoo.com/news/tcs-profit-rises-contract-wins-101650834.html,yahoo.com,2024-04-12T18:15:00+05:30,2024-04-15,gdelt_gkg_observation
20240412124500-1623,TCS.NS,"TCS Q4 result: Net profit up 9 per cent, declares dividend of Rs 28 per share",https://www.bignewsnetwork.com/news/274261356/tcs-q4-result-net-profit-up-9-per-cent-declares-dividend-of-rs-28-per-share,https://www.bignewsnetwork.com/news/274261356/tcs-q4-result-net-profit-up-9-per-cent-declares-dividend-of-rs-28-per-share,bignewsnetwork.com,2024-04-12T18:15:00+05:30,2024-04-15,gdelt_gkg_observation
20240412124500-T363,TCS.NS,"TCS Hiring: कॉलेज से निकलते ही 10 हजार फ्रेशर्स को मिली नौकरी, देश की सबसे बड़ी IT कंपनी ने खोली युवाओं की किस्मत",https://www.haribhoomi.com/business/news/tcs-big-hiring-thousands-of-fresher-s-from-top-engineering-colleges-get-jobs-19750,https://www.haribhoomi.com/business/news/tcs-big-hiring-thousands-of-fresher-s-from-top-engineering-colleges-get-jobs-19750,haribhoomi.com,2024-04-12T18:15:00+05:30,2024-04-15,gdelt_gkg_observation
20240412131500-583,TCS.NS,"TCS posts 9 pc jump in Q4 net profit at Rs 12,434 crore, declares dividend of Rs 28 per share",https://www.prokerala.com/news/articles/a1522407.html,https://www.prokerala.com/news/articles/a1522407.html,prokerala.com,2024-04-12T18:45:00+05:30,2024-04-15,gdelt_gkg_observation
20240412131500-391,TCS.NS,TCS sees net headcount drop for first time in 2 decades,https://www.prokerala.com/news/articles/a1522423.html,https://www.prokerala.com/news/articles/a1522423.html,prokerala.com,2024-04-12T18:45:00+05:30,2024-04-15,gdelt_gkg_observation
20240412131500-260,TCS.NS,"TCS Q4 results: Net profit rises 9.1% to ₹12,434 crore, revenue grows 3.5%",https://www.thehindubusinessline.com/info-tech/tcs-q4-results-net-profit-rises-91-to-12434-crore-revenue-grows-35/article68057740.ece,https://www.thehindubusinessline.com/info-tech/tcs-q4-results-net-profit-rises-91-to-12434-crore-revenue-grows-35/article68057740.ece,thehindubusinessline.com,2024-04-12T18:45:00+05:30,2024-04-15,gdelt_gkg_observation
20240412133000-225,TCS.NS,"TCS Q4 profit up over 9%, revenue up 3.5%, net margins expand by 100 basis points - Industry News",https://www.financialexpress.com/business/industry/tcs-q4-profit-up-over-9-revenue-up-3-5-net-margins-expand-by-100-basis-points/3455157/,https://www.financialexpress.com/business/industry/tcs-q4-profit-up-over-9-revenue-up-3-5-net-margins-expand-by-100-basis-points/3455157/,financialexpress.com,2024-04-12T19:00:00+05:30,2024-04-15,gdelt_gkg_observation
20240412134500-T1300,TCS.NS,"TCS Q4 Results: ટીસીએસનો નફો 9 ટકા વધી 12434 કરોડ, શેરદીઠ રૂ. 28 ડિવિડન્ડ",https://www.gujaratsamachar.com/news/business/q4-results-tcs-net-profit-raised-9-in-q4-annouce-28-rupees-dividend-per-share,https://www.gujaratsamachar.com/news/business/q4-results-tcs-net-profit-raised-9-in-q4-annouce-28-rupees-dividend-per-share,gujaratsamachar.com,2024-04-12T19:15:00+05:30,2024-04-15,gdelt_gkg_observation
20240412140000-381,TCS.NS,"India's TCS misses Q4 revenue estimates on weak client spending, ET Telecom",https://telecom.economictimes.indiatimes.com/news/enterprise-services/indias-tcs-misses-q4-revenue-estimates-on-weak-client-spending/109250524,https://telecom.economictimes.indiatimes.com/news/enterprise-services/indias-tcs-misses-q4-revenue-estimates-on-weak-client-spending/109250524,indiatimes.com,2024-04-12T19:30:00+05:30,2024-04-15,gdelt_gkg_observation
20240412140000-1670,TCS.NS,TCS CEO says won't appoint a COO after NG Subramaniam retires in May,https://www.moneycontrol.com/news/technology/tcs-coo-ng-subramaniam-to-retire-in-may-12629761.html,https://www.moneycontrol.com/news/technology/tcs-coo-ng-subramaniam-to-retire-in-may-12629761.html,moneycontrol.com,2024-04-12T19:30:00+05:30,2024-04-15,gdelt_gkg_observation
20240412140000-363,TCS.NS,"TCS Q4 results: Net profit rises 9 pc to Rs 12,434 crore; board approves final dividend of Rs 28",https://www.theweek.in/news/biz-tech/2024/04/12/tcs-q4-results-net-profit-rises-9-pc-to-rs-12434-crore-board-approves-final-dividend-of-rs-28.html,https://www.theweek.in/news/biz-tech/2024/04/12/tcs-q4-results-net-profit-rises-9-pc-to-rs-12434-crore-board-approves-final-dividend-of-rs-28.html,theweek.in,2024-04-12T19:30:00+05:30,2024-04-15,gdelt_gkg_observation
20240412140000-1591,TCS.NS,"TCS Q4 result: Net profit up 9 per cent, declares dividend of Rs 28 per share",https://news.webindia123.com/news/Articles/Business/20240412/4187298.html,https://news.webindia123.com/news/Articles/Business/20240412/4187298.html,webindia123.com,2024-04-12T19:30:00+05:30,2024-04-15,gdelt_gkg_observation
20240412141500-T434,TCS.NS,"चौथी तिमाही में TCS ने कमाए 61,237 करोड़ रुपए, नेट प्रॉफिट 9.1% बढ़ा - tcs earned rs 61 237 crore in the fourth quarter net profit increased by 9 1",https://www.punjabkesari.in/business/news/tcs-earned-rs-61-237-crore-in-the-fourth-quarter-net-profit-increased-by-9-1-1966222,https://www.punjabkesari.in/business/news/tcs-earned-rs-61-237-crore-in-the-fourth-quarter-net-profit-increased-by-9-1-1966222,punjabkesari.in,2024-04-12T19:45:00+05:30,2024-04-15,gdelt_gkg_observation
20240412141500-2372,TCS.NS,TCS Q4 revenue up but faces discrimination lawsuit,https://www2.staffingindustry.com/row/Editorial/Daily-News/TCS-Q4-revenue-up-but-faces-discrimination-lawsuit-69001,https://www2.staffingindustry.com/row/Editorial/Daily-News/TCS-Q4-revenue-up-but-faces-discrimination-lawsuit-69001,staffingindustry.com,2024-04-12T19:45:00+05:30,2024-04-15,gdelt_gkg_observation
20240412141500-1496,TCS.NS,TCS Q4 Results: Board recommends final dividend of Rs 28 for FY24,https://www.indiatoday.in/business/story/tcs-q4-result-announced-final-dividend-of-rs-28-proposed-for-fy24-2526460-2024-04-12,https://www.indiatoday.in/business/story/tcs-q4-result-announced-final-dividend-of-rs-28-proposed-for-fy24-2526460-2024-04-12,indiatoday.in,2024-04-12T19:45:00+05:30,2024-04-15,gdelt_gkg_observation
20240412143000-205,TCS.NS,"TCS Q4 result: Net profit up 9 per cent, declares dividend of Rs 28 per share",https://aninews.in/news/business/tcs-q4-result-net-profit-up-9-per-cent-declares-dividend-of-rs-28-per-share20240412170811/,https://aninews.in/news/business/tcs-q4-result-net-profit-up-9-per-cent-declares-dividend-of-rs-28-per-share20240412170811/,aninews.in,2024-04-12T20:00:00+05:30,2024-04-15,gdelt_gkg_observation
20240412143000-1171,TCS.NS,TCS Q4 net profit up 9%; two partners leave Lightspeed,https://economictimes.indiatimes.com/tech/newsletters/tech-top-5/tcs-q4-net-profit-up-9-two-partners-leave-lightspeed/articleshow/109250958.cms,https://economictimes.indiatimes.com/tech/newsletters/tech-top-5/tcs-q4-net-profit-up-9-two-partners-leave-lightspeed/articleshow/109250958.cms,indiatimes.com,2024-04-12T20:00:00+05:30,2024-04-15,gdelt_gkg_observation
20240412143000-2366,TCS.NS,TCS Q4 show trumps D-Street expectations: 5 takeaways from the earnings,https://economictimes.indiatimes.com/markets/stocks/earnings/tcs-q4-show-trumps-d-street-expectations-5-takeaways-from-the-earnings/articleshow/109251146.cms,https://economictimes.indiatimes.com/markets/stocks/earnings/tcs-q4-show-trumps-d-street-expectations-5-takeaways-from-the-earnings/articleshow/109251146.cms,indiatimes.com,2024-04-12T20:00:00+05:30,2024-04-15,gdelt_gkg_observation
20240412143000-2039,TCS.NS,TCS Sees Net Headcount Drop For First Time In 2 Decades,https://menafn.com/1108087705/TCS-Sees-Net-Headcount-Drop-For-First-Time-In-2-Decades,https://menafn.com/1108087705/TCS-Sees-Net-Headcount-Drop-For-First-Time-In-2-Decades,menafn.com,2024-04-12T20:00:00+05:30,2024-04-15,gdelt_gkg_observation
20240412144500-1563,TCS.NS,TCS Sees Net Headcount Drop For First Time In 2 Decades,https://zeenews.india.com/companies/tcs-sees-net-headcount-drop-for-first-time-in-2-decades-2739795.html,https://zeenews.india.com/companies/tcs-sees-net-headcount-drop-for-first-time-in-2-decades-2739795.html,india.com,2024-04-12T20:15:00+05:30,2024-04-15,gdelt_gkg_observation
20240412144500-499,TCS.NS,Tata Consultancy Services Posts Higher Quarterly Net Profit,https://www.morningstar.com/news/dow-jones/202404123459/tata-consultancy-services-posts-higher-quarterly-net-profit,https://www.morningstar.com/news/dow-jones/202404123459/tata-consultancy-services-posts-higher-quarterly-net-profit,morningstar.com,2024-04-12T20:15:00+05:30,2024-04-15,gdelt_gkg_observation
20240412150000-1124,TCS.NS,"TCS reports net profit of 9% in Q4FY24 to Rs 12,434 crore",https://www.thestatesman.com/business/tcs-reports-net-profit-of-9-in-q4fy24-to-rs-12434-crore-1503289728.html,https://www.thestatesman.com/business/tcs-reports-net-profit-of-9-in-q4fy24-to-rs-12434-crore-1503289728.html,thestatesman.com,2024-04-12T20:30:00+05:30,2024-04-15,gdelt_gkg_observation
20240412151500-1460,TCS.NS,"TCS Q4 net profit rises 9% to ₹12,434 crore",https://www.thehindu.com/business/tcs-q4-net-profit-rises-9-to-12434-crore/article68058541.ece,https://www.thehindu.com/business/tcs-q4-net-profit-rises-9-to-12434-crore/article68058541.ece,thehindu.com,2024-04-12T20:45:00+05:30,2024-04-15,gdelt_gkg_observation
20240412154500-T1056,TCS.NS,"TCS Q4 results: TCS Net profit rises 9% to Rs 12,434 crore, firm declares final dividend of Rs 28 per share | TCS के चौथी तिमाही के नतीजे घोषित: Q4FY24 में नेट प्रॉफिट 9% बढ़कर ₹12,434 करोड़ रहा, प्रति शेयर ₹28 का फाइनल डिविडेंड देगी कंपनी",https://www.bhaskar.com/business/news/tcs-q4-results-tcsnet-profit-rises-9-to-rs-12434-crore-firm-declares-final-dividend-of-rs-28-per-share-132864667.html,https://www.bhaskar.com/business/news/tcs-q4-results-tcsnet-profit-rises-9-to-rs-12434-crore-firm-declares-final-dividend-of-rs-28-per-share-132864667.html,bhaskar.com,2024-04-12T21:15:00+05:30,2024-04-15,gdelt_gkg_observation
20240412154500-930,TCS.NS,"TCS Q4 results, record order book gives revenue visibility for near term: Experts",https://www.moneycontrol.com/news/business/markets/tcs-q4-results-record-order-book-gives-revenue-visibility-for-near-term-experts-12630451.html,https://www.moneycontrol.com/news/business/markets/tcs-q4-results-record-order-book-gives-revenue-visibility-for-near-term-experts-12630451.html,moneycontrol.com,2024-04-12T21:15:00+05:30,2024-04-15,gdelt_gkg_observation
20240412154500-389,TCS.NS,TCS Q4 FY24 results: Experts expect revenue growth to be in low single digits,https://www.thehindubusinessline.com/info-tech/tcs-q4-fy24-results-experts-expect-revenue-growth-to-be-in-low-single-digits/article68056898.ece,https://www.thehindubusinessline.com/info-tech/tcs-q4-fy24-results-experts-expect-revenue-growth-to-be-in-low-single-digits/article68056898.ece,thehindubusinessline.com,2024-04-12T21:15:00+05:30,2024-04-15,gdelt_gkg_observation
20240412161500-1711,TCS.NS,"Business News | TCS Q4 Result: Net Profit Up 9 Per Cent, Declares Dividend of Rs 28 Per Share",https://www.latestly.com/agency-news/business-news-tcs-q4-result-net-profit-up-9-per-cent-declares-dividend-of-rs-28-per-share-5889371.html,https://www.latestly.com/agency-news/business-news-tcs-q4-result-net-profit-up-9-per-cent-declares-dividend-of-rs-28-per-share-5889371.html,latestly.com,2024-04-12T21:45:00+05:30,2024-04-15,gdelt_gkg_observation
20240412164500-75,TCS.NS,"""Very pleased to close Q4, FY24 on strong note, says TCS CEO on reporting 9% rise in net profit",https://www.theusnews.com/news/274261775/very-pleased-to-close-q4-fy24-on-strong-note-says-tcs-ceo-on-reporting-9-rise-in-net-profit,https://www.theusnews.com/news/274261775/very-pleased-to-close-q4-fy24-on-strong-note-says-tcs-ceo-on-reporting-9-rise-in-net-profit,theusnews.com,2024-04-12T22:15:00+05:30,2024-04-15,gdelt_gkg_observation
20240412164500-2010,TCS.NS,"TCS Q4FY24 consolidated profit grows 9% YoY to Rs 11,392 cr; company declares Rs 28 dividend per share | Indiablooms",https://www.indiablooms.com/finance-details/20234/tcs-q4fy24-consolidated-profit-grows-9-yoy-to-rs-11-392-cr-company-declares-rs-28-dividend-per-share.html,https://www.indiablooms.com/finance-details/20234/tcs-q4fy24-consolidated-profit-grows-9-yoy-to-rs-11-392-cr-company-declares-rs-28-dividend-per-share.html,indiablooms.com,2024-04-12T22:15:00+05:30,2024-04-15,gdelt_gkg_observation
20240412164500-1252,TCS.NS,TCS raises recovery hopes driven by strong deal momentum,https://economictimes.indiatimes.com/markets/stocks/earnings/tcs-raises-recovery-hopes-driven-by-strong-deal-momentum/articleshow/109253207.cms,https://economictimes.indiatimes.com/markets/stocks/earnings/tcs-raises-recovery-hopes-driven-by-strong-deal-momentum/articleshow/109253207.cms,indiatimes.com,2024-04-12T22:15:00+05:30,2024-04-15,gdelt_gkg_observation
20240412164500-1050,TCS.NS,"tcs q4 earnings: TCS beats the estimates. Will other 5 IT majors be able to do it? If yes, this 13.05% will change the Nifty's behaviour for good",https://economictimes.indiatimes.com/markets/stocks/news/tcs-beats-the-estimates-will-other-5-it-majors-be-able-to-do-it-if-yes-this-13-05-will-change-the-niftys-behaviour-for-good/articleshow/109253516.cms,https://economictimes.indiatimes.com/markets/stocks/news/tcs-beats-the-estimates-will-other-5-it-majors-be-able-to-do-it-if-yes-this-13-05-will-change-the-niftys-behaviour-for-good/articleshow/109253516.cms,indiatimes.com,2024-04-12T22:15:00+05:30,2024-04-15,gdelt_gkg_observation
20240412164500-2158,TCS.NS,"India's TCS profits rise on AI, cloud contracts",https://www.businesstimes.com.sg/companies-markets/india-s-tcs-profits-rise-ai-cloud-contracts,https://www.businesstimes.com.sg/companies-markets/india-s-tcs-profits-rise-ai-cloud-contracts,businesstimes.com.sg,2024-04-12T22:15:00+05:30,2024-04-15,gdelt_gkg_observation
20240412170000-1583,TCS.NS,"""Very pleased to close Q4, FY24 on strong note, says TCS CEO on reporting 9% rise in net profit",https://www.nigeriasun.com/news/274261775/very-pleased-to-close-q4-fy24-on-strong-note-says-tcs-ceo-on-reporting-9-rise-in-net-profit,https://www.nigeriasun.com/news/274261775/very-pleased-to-close-q4-fy24-on-strong-note-says-tcs-ceo-on-reporting-9-rise-in-net-profit,nigeriasun.com,2024-04-12T22:30:00+05:30,2024-04-15,gdelt_gkg_observation
20240412171500-T2695,TCS.NS,चौथी तिमाही में टीसीएस का मुनाफा 12.4% बढ़ा,https://www.sharemanthan.in/61-news/corporate-update/74708-tcs-q4-profit-ebit-revenue-dividend-12042024,https://www.sharemanthan.in/61-news/corporate-update/74708-tcs-q4-profit-ebit-revenue-dividend-12042024,sharemanthan.in,2024-04-12T22:45:00+05:30,2024-04-15,gdelt_gkg_observation
20240412174500-1569,TCS.NS,"""Very pleased to close Q4, FY24 on strong note, says TCS CEO on reporting 9% rise in net profit",https://www.aninews.in/news/business/very-pleased-to-close-q4-fy24-on-strong-note-says-tcs-ceo-on-reporting-9-rise-in-net-profit20240412185139/,https://www.aninews.in/news/business/very-pleased-to-close-q4-fy24-on-strong-note-says-tcs-ceo-on-reporting-9-rise-in-net-profit20240412185139/,aninews.in,2024-04-12T23:15:00+05:30,2024-04-15,gdelt_gkg_observation
20240412174500-1016,TCS.NS,TCS starts earning season for Q4 for IT sector on high; report 9.1 pc jump in net income at Rs 12434 cr,http://www.uniindia.com/tcs-starts-earning-season-for-q4-for-it-sector-on-high-report-9-1-pc-jump-in-net-income-at-rs-12434-cr/business-economy/news/3178504.html,http://www.uniindia.com/tcs-starts-earning-season-for-q4-for-it-sector-on-high-report-9-1-pc-jump-in-net-income-at-rs-12434-cr/business-economy/news/3178504.html,uniindia.com,2024-04-12T23:15:00+05:30,2024-04-15,gdelt_gkg_observation
20240412180000-254,TCS.NS,"TCS Q4 profit rises 9.1% Y-o-Y on strong domestic revenue, revival in UK business",https://www.thehindubusinessline.com/info-tech/tcs-q4-profit-rises-91-year-on-year-on-strong-domestic-revenue-revival-in-uk-business/article68058335.ece,https://www.thehindubusinessline.com/info-tech/tcs-q4-profit-rises-91-year-on-year-on-strong-domestic-revenue-revival-in-uk-business/article68058335.ece,thehindubusinessline.com,2024-04-12T23:30:00+05:30,2024-04-15,gdelt_gkg_observation
20240412180000-364,TCS.NS,"""Very pleased to close Q4, FY24 on strong note, says TCS CEO on reporting 9% rise in net profit",https://www.newzealandstar.com/news/274261775/very-pleased-to-close-q4-fy24-on-strong-note-says-tcs-ceo-on-reporting-9-rise-in-net-profit,https://www.newzealandstar.com/news/274261775/very-pleased-to-close-q4-fy24-on-strong-note-says-tcs-ceo-on-reporting-9-rise-in-net-profit,newzealandstar.com,2024-04-12T23:30:00+05:30,2024-04-15,gdelt_gkg_observation
20240412180000-1991,TCS.NS,"Difficult to call when growth will return, says TCS CEO Krithivasan",https://www.moneycontrol.com/news/technology/difficult-to-call-when-growth-will-return-says-tcs-ceo-krithivasan-12630651.html,https://www.moneycontrol.com/news/technology/difficult-to-call-when-growth-will-return-says-tcs-ceo-krithivasan-12630651.html,moneycontrol.com,2024-04-12T23:30:00+05:30,2024-04-15,gdelt_gkg_observation
20240412180000-1001,TCS.NS,TCS' AI and generative AI pipeline doubles in Q4 to $900 million,https://www.moneycontrol.com/news/technology/tcs-ai-and-generative-ai-pipeline-doubles-in-q4-to-900-million-12630631.html,https://www.moneycontrol.com/news/technology/tcs-ai-and-generative-ai-pipeline-doubles-in-q4-to-900-million-12630631.html,moneycontrol.com,2024-04-12T23:30:00+05:30,2024-04-15,gdelt_gkg_observation
20240412183000-1535,TCS.NS,"""Very pleased to close Q4, FY24 on strong note, says TCS CEO on reporting 9% rise in net profit",https://www.oklahomacitysun.com/news/274261775/very-pleased-to-close-q4-fy24-on-strong-note-says-tcs-ceo-on-reporting-9-rise-in-net-profit,https://www.oklahomacitysun.com/news/274261775/very-pleased-to-close-q4-fy24-on-strong-note-says-tcs-ceo-on-reporting-9-rise-in-net-profit,oklahomacitysun.com,2024-04-13T00:00:00+05:30,2024-04-15,gdelt_gkg_observation
20240412184500-1300,TCS.NS,"TCS Q4 net profit rises 9% to Rs 12,434 crore",https://www.rediff.com/business/report/tech-tcs-q4-net-profit-rises-9-to-rs-12434-crore/20240412.htm,https://www.rediff.com/business/report/tech-tcs-q4-net-profit-rises-9-to-rs-12434-crore/20240412.htm,rediff.com,2024-04-13T00:15:00+05:30,2024-04-15,gdelt_gkg_observation
20240412191500-1802,TCS.NS,"TCS revenue growth picks up to 2.2% in Q4, worker files suit",https://www2.staffingindustry.com/Editorial/Daily-News/TCS-revenue-growth-picks-up-to-2.2-in-Q4-worker-files-suit-69011,https://www2.staffingindustry.com/Editorial/Daily-News/TCS-revenue-growth-picks-up-to-2.2-in-Q4-worker-files-suit-69011,staffingindustry.com,2024-04-13T00:45:00+05:30,2024-04-15,gdelt_gkg_observation
20240412191500-1984,TCS.NS,TCS salary hike 2024: How high were the increments? Find out now,https://www.hindustantimes.com/business/tcs-salary-hike-2024-latest-news-how-high-were-the-increments-know-the-tcs-pay-hike-101712939561432.html,https://www.hindustantimes.com/business/tcs-salary-hike-2024-latest-news-how-high-were-the-increments-know-the-tcs-pay-hike-101712939561432.html,hindustantimes.com,2024-04-13T00:45:00+05:30,2024-04-15,gdelt_gkg_observation
20240412193000-93,TCS.NS,India biz helps TCS post 9 pc jump in Q4 net profit; company says FY25 to be better,https://www.hindustantimes.com/business/india-biz-helps-tcs-post-9-pc-jump-in-q4-net-profit-company-says-fy25-to-be-better-101712939386793.html,https://www.hindustantimes.com/business/india-biz-helps-tcs-post-9-pc-jump-in-q4-net-profit-company-says-fy25-to-be-better-101712939386793.html,hindustantimes.com,2024-04-13T01:00:00+05:30,2024-04-15,gdelt_gkg_observation
20240412193000-306,TCS.NS,"TCS Q4 Profit Up 9%, Books Record Orders; Revenue Growth Muted",https://www.indiainfoline.com/news/companies/tcs-q4-profit-up-9-books-record-orders-revenue-growth-muted,https://www.indiainfoline.com/news/companies/tcs-q4-profit-up-9-books-record-orders-revenue-growth-muted,indiainfoline.com,2024-04-13T01:00:00+05:30,2024-04-15,gdelt_gkg_observation
20240412200000-1329,TCS.NS,"""Very pleased to close Q4, FY24 on strong note, says TCS CEO on reporting 9% rise in net profit",https://www.torontotelegraph.com/news/274261775/very-pleased-to-close-q4-fy24-on-strong-note-says-tcs-ceo-on-reporting-9-rise-in-net-profit,https://www.torontotelegraph.com/news/274261775/very-pleased-to-close-q4-fy24-on-strong-note-says-tcs-ceo-on-reporting-9-rise-in-net-profit,torontotelegraph.com,2024-04-13T01:30:00+05:30,2024-04-15,gdelt_gkg_observation
20240412203000-T2,TCS.NS,"TCS के COO एनजी सुब्रमण्यम मई में होंगे रिटायर, CEO बोले- नहीं आएगा नया चेहरा",https://hindi.moneycontrol.com/news/business/tcs-does-not-plan-to-appoint-coo-n-ganapathy-subramaniam-replacement-after-his-retirement-in-may-2024-1894383.html,https://hindi.moneycontrol.com/news/business/tcs-does-not-plan-to-appoint-coo-n-ganapathy-subramaniam-replacement-after-his-retirement-in-may-2024-1894383.html,moneycontrol.com,2024-04-13T02:00:00+05:30,2024-04-15,gdelt_gkg_observation
20240412213000-1634,TCS.NS,TCS sees net headcount drop for first time in 2 decades - INDIA New England News,https://indianewengland.com/tcs-sees-net-headcount-drop-for-first-time-in-2-decades/,https://indianewengland.com/tcs-sees-net-headcount-drop-for-first-time-in-2-decades/,indianewengland.com,2024-04-13T03:00:00+05:30,2024-04-15,gdelt_gkg_observation
20240412224500-406,TCS.NS,"TCS Q4 revenue increases by 3.5%, net profit soars to INR 12,434 crore",https://techstory.in/tcs-q4-revenue-increases-by-3-5-net-profit-soars-to-inr-12434-crore/,https://techstory.in/tcs-q4-revenue-increases-by-3-5-net-profit-soars-to-inr-12434-crore/,techstory.in,2024-04-13T04:15:00+05:30,2024-04-15,gdelt_gkg_observation
20240413000000-1367,TCS.NS,TCS revenue growth crawls at 3.4% in financial year 2024,https://timesofindia.indiatimes.com/business/india-business/tcs-revenue-growth-crawls-at-3-4-in-financial-year-2024/articleshow/109259469.cms,https://timesofindia.indiatimes.com/business/india-business/tcs-revenue-growth-crawls-at-3-4-in-financial-year-2024/articleshow/109259469.cms,indiatimes.com,2024-04-13T05:30:00+05:30,2024-04-15,gdelt_gkg_observation
20240413010000-825,TCS.NS,TCS Sees Net Headcount Drop For First Time In 2 Decades,https://glamsham.com/world/technology/tcs-sees-net-headcount-drop-for-first-time-in-2-decades,https://glamsham.com/world/technology/tcs-sees-net-headcount-drop-for-first-time-in-2-decades,glamsham.com,2024-04-13T06:30:00+05:30,2024-04-15,gdelt_gkg_observation
20240413011500-131,TCS.NS,"TCS Posts 9.1% Rise in Q4 Net Profit, Signals End to IT Pain",https://economictimes.indiatimes.com/epaper/delhicapital/2024/apr/13/satet-front/tcs-posts-9-1-rise-in-q4-net-profit-signals-end-to-it-pain/articleshow/109256913.cms,https://economictimes.indiatimes.com/epaper/delhicapital/2024/apr/13/satet-front/tcs-posts-9-1-rise-in-q4-net-profit-signals-end-to-it-pain/articleshow/109256913.cms,indiatimes.com,2024-04-13T06:45:00+05:30,2024-04-15,gdelt_gkg_observation
20240413034500-249,TCS.NS,TCS announces salary hikes from April! High performers to get double-digit increments; here's the average range,https://timesofindia.indiatimes.com/business/india-business/tcs-announces-salary-hikes-from-april-high-performers-to-get-double-digit-increments-heres-the-average-range/articleshow/109251278.cms,https://timesofindia.indiatimes.com/business/india-business/tcs-announces-salary-hikes-from-april-high-performers-to-get-double-digit-increments-heres-the-average-range/articleshow/109251278.cms,indiatimes.com,2024-04-13T09:15:00+05:30,2024-04-15,gdelt_gkg_observation
20240413043000-748,TCS.NS,"Tata Consultancy Services: TCS reports dip in Q4 hiring, full-year attrition cools to 12.5%, ET Telecom",https://telecom.economictimes.indiatimes.com/news/enterprise-services/tcs-reports-dip-in-q4-hiring-full-year-attrition-cools-to-12-5/109260607,https://telecom.economictimes.indiatimes.com/news/enterprise-services/tcs-reports-dip-in-q4-hiring-full-year-attrition-cools-to-12-5/109260607,indiatimes.com,2024-04-13T10:00:00+05:30,2024-04-15,gdelt_gkg_observation
20240413044500-T1516,TCS.NS,टीसीएस का मुनाफा 9.1 प्रतिशत बढ़ा,https://navabharat.com/?p=12106,https://navabharat.com/?p=12106,navabharat.com,2024-04-13T10:15:00+05:30,2024-04-15,gdelt_gkg_observation
20240413044500-915,TCS.NS,TCS reports a decline in headcount for the first time in 19 years,https://www.businesstoday.in/latest/corporate/story/tcs-reports-a-decline-in-headcount-for-the-first-time-in-19-years-425381-2024-04-13,https://www.businesstoday.in/latest/corporate/story/tcs-reports-a-decline-in-headcount-for-the-first-time-in-19-years-425381-2024-04-13,businesstoday.in,2024-04-13T10:15:00+05:30,2024-04-15,gdelt_gkg_observation
20240413051500-T652,TCS.NS,"TCS Q4 Results 2024 Highlights | टाटांच्या दिग्गज कंपनीचा धमाका, गुंतवणूकदारांना डिव्हिडंडचे गिफ्ट; वेळीच फायदा घ्या | Tata Consultancy Services Fixes Final Dividend for FY24 After Profit Rose by 9% in Q4",https://marathi.indiatimes.com/business/business-news/tcs-q4-results-2024-highlights-it-giant-declares-final-dividend-of-rs-28-per-share/articleshow/109246059.cms,https://marathi.indiatimes.com/business/business-news/tcs-q4-results-2024-highlights-it-giant-declares-final-dividend-of-rs-28-per-share/articleshow/109246059.cms,indiatimes.com,2024-04-13T10:45:00+05:30,2024-04-15,gdelt_gkg_observation
20240413054500-721,TCS.NS,tcs salary hike: TCS announces double-digit salary hike this year: Here is what you can expect in this appraisal cycle,https://economictimes.indiatimes.com/jobs/mid-career/tcs-announces-double-digit-salary-hike-this-year-here-is-what-you-can-expect-in-this-appraisal-cycle/articleshow/109262567.cms,https://economictimes.indiatimes.com/jobs/mid-career/tcs-announces-double-digit-salary-hike-this-year-here-is-what-you-can-expect-in-this-appraisal-cycle/articleshow/109262567.cms,indiatimes.com,2024-04-13T11:15:00+05:30,2024-04-15,gdelt_gkg_observation
20240413054500-544,TCS.NS,"TCS Q4 result: Net profit up 9 per cent, declares dividend of Rs 28 per share",https://timesofoman.com/article/144308-tcs-q4-result-net-profit-up-9-per-cent-declares-dividend-of-rs-28-per-share,https://timesofoman.com/article/144308-tcs-q4-result-net-profit-up-9-per-cent-declares-dividend-of-rs-28-per-share,timesofoman.com,2024-04-13T11:15:00+05:30,2024-04-15,gdelt_gkg_observation
20240413064500-84,TCS.NS,"TCS Income Surge To Rs 12,000 Crore But Salary Hike Reduced By Upto 62% - Trak.in - Indian Business of Tech, Mobile & Startups",https://trak.in/stories/tcs-income-surge-to-rs-12000-crore-but-salary-hike-reduced-by-upto-62/,https://trak.in/stories/tcs-income-surge-to-rs-12000-crore-but-salary-hike-reduced-by-upto-62/,trak.in,2024-04-13T12:15:00+05:30,2024-04-15,gdelt_gkg_observation
20240413064500-298,TCS.NS,"TCS Hires 10,000 Freshers With Salary Upto Rs 95,000/Month - Trak.in - Indian Business of Tech, Mobile & Startups",https://trak.in/stories/tcs-hires-10000-freshers-with-salary-upto-rs-95000-month/,https://trak.in/stories/tcs-hires-10000-freshers-with-salary-upto-rs-95000-month/,trak.in,2024-04-13T12:15:00+05:30,2024-04-15,gdelt_gkg_observation
20240413070000-606,TCS.NS,"Net profit | Tata Consultancy Services profits up 9 per cent in fourth quarter, beats analyst estimates",https://www.telegraphindia.com/feeds/business/tata-consultancy-services-profits-up-9-per-cent-in-fourth-quarter-beats-analyst-estimates/cid/2013047,https://www.telegraphindia.com/feeds/business/tata-consultancy-services-profits-up-9-per-cent-in-fourth-quarter-beats-analyst-estimates/cid/2013047,telegraphindia.com,2024-04-13T12:30:00+05:30,2024-04-15,gdelt_gkg_observation
20240413080000-224,TCS.NS,"TCS Headcount Declines By 1,759 To 2-Year Low of 6,01,546 Employees; Check Details",https://www.news18.com/business/tcs-headcount-declines-by-1759-to-2-year-low-of-601546-employees-check-details-8850001.html,https://www.news18.com/business/tcs-headcount-declines-by-1759-to-2-year-low-of-601546-employees-check-details-8850001.html,news18.com,2024-04-13T13:30:00+05:30,2024-04-15,gdelt_gkg_observation
20240413080000-406,TCS.NS,"TCS Announces Salary Hikes For Employees, Top Performers To Get Double-Digit Increments",https://www.news18.com/business/tcs-announces-salary-hikes-for-employees-top-performers-to-get-double-digit-increments-8850020.html,https://www.news18.com/business/tcs-announces-salary-hikes-for-employees-top-performers-to-get-double-digit-increments-8850020.html,news18.com,2024-04-13T13:30:00+05:30,2024-04-15,gdelt_gkg_observation
20240413080000-346,TCS.NS,"""Very pleased to close Q4, FY24 on strong note, says TCS CEO on reporting 9% rise in net profit",https://aninews.in/news/business/very-pleased-to-close-q4-fy24-on-strong-note-says-tcs-ceo-on-reporting-9-rise-in-net-profit20240412185139/,https://aninews.in/news/business/very-pleased-to-close-q4-fy24-on-strong-note-says-tcs-ceo-on-reporting-9-rise-in-net-profit20240412185139/,aninews.in,2024-04-13T13:30:00+05:30,2024-04-15,gdelt_gkg_observation
20240413081500-543,TCS.NS,"Net profit | Tata Consultancy Services profits up 9 per cent in fourth quarter, beats analyst estimates",https://www.telegraphindia.com/business/tata-consultancy-services-profits-up-9-per-cent-in-fourth-quarter-beats-analyst-estimates/cid/2013047,https://www.telegraphindia.com/business/tata-consultancy-services-profits-up-9-per-cent-in-fourth-quarter-beats-analyst-estimates/cid/2013047,telegraphindia.com,2024-04-13T13:45:00+05:30,2024-04-15,gdelt_gkg_observation
20240413081500-382,TCS.NS,First in two decades: TCS on-year headcount falls in FY24,https://www.financialexpress.com/jobs-career/first-in-two-decades-tcs-on-year-headcount-falls-in-fy24-3455720/,https://www.financialexpress.com/jobs-career/first-in-two-decades-tcs-on-year-headcount-falls-in-fy24-3455720/,financialexpress.com,2024-04-13T13:45:00+05:30,2024-04-15,gdelt_gkg_observation
20240413084500-46,TCS.NS,"TCS hires 10,000-plus students from engineering colleges, next 'hiring phase' starts soon",https://timesofindia.indiatimes.com/technology/tech-news/tcs-hires-10000-plus-students-from-engineering-colleges-next-hiring-phase-starts-soon/articleshow/109245912.cms,https://timesofindia.indiatimes.com/technology/tech-news/tcs-hires-10000-plus-students-from-engineering-colleges-next-hiring-phase-starts-soon/articleshow/109245912.cms,indiatimes.com,2024-04-13T14:15:00+05:30,2024-04-15,gdelt_gkg_observation
20240413084500-24,TCS.NS,"TCS Announces Salary Hikes For Employees, Top Performers To Get Double-Digit Increments",https://article.wn.com/view/2024/04/13/TCS_Announces_Salary_Hikes_For_Employees_Top_Performers_To_G/,https://article.wn.com/view/2024/04/13/TCS_Announces_Salary_Hikes_For_Employees_Top_Performers_To_G/,wn.com,2024-04-13T14:15:00+05:30,2024-04-15,gdelt_gkg_observation
20240413120000-723,TCS.NS,TCS sees net headcount drop for first time in 2 decades,https://www.siasat.com/tcs-sees-net-headcount-drop-for-first-time-in-2-decades-3008105/,https://www.siasat.com/tcs-sees-net-headcount-drop-for-first-time-in-2-decades-3008105/,siasat.com,2024-04-13T17:30:00+05:30,2024-04-15,gdelt_gkg_observation
20240413121500-88,TCS.NS,India biz helps TCS post 9 pc jump in Q4 net profit; company says FY25 to be better,https://www.dailyexcelsior.com/india-biz-helps-tcs-post-9-pc-jump-in-q4-net-profit-company-says-fy25-to-be-better/,https://www.dailyexcelsior.com/india-biz-helps-tcs-post-9-pc-jump-in-q4-net-profit-company-says-fy25-to-be-better/,dailyexcelsior.com,2024-04-13T17:45:00+05:30,2024-04-15,gdelt_gkg_observation
20240413121500-307,TCS.NS,"From Amazon to TCS, 10 tech giants revoking WFH policies",https://indianexpress.com/article/technology/tech-news-technology/tech-giants-revoking-wfh-policies-9267924/,https://indianexpress.com/article/technology/tech-news-technology/tech-giants-revoking-wfh-policies-9267924/,indianexpress.com,2024-04-13T17:45:00+05:30,2024-04-15,gdelt_gkg_observation
20240413123000-667,TCS.NS,"India's TCS profits rise on AI, cloud contracts – The Frontier Post",https://thefrontierpost.com/indias-tcs-profits-rise-on-ai-cloud-contracts/,https://thefrontierpost.com/indias-tcs-profits-rise-on-ai-cloud-contracts/,thefrontierpost.com,2024-04-13T18:00:00+05:30,2024-04-15,gdelt_gkg_observation
20240413130000-T914,TCS.NS,TCS: శాలరీ హైక్ ప్రకటించిన టీసీఎస్.. టాప్ పెర్ఫార్మర్‌కు ఎంతంటే..? | TCS Announces Salary Hikes For Employees Sdr,https://www.andhrajyothy.com/2024/business/tcs-announces-salary-hikes-for-employees-sdr-1239190.html,https://www.andhrajyothy.com/2024/business/tcs-announces-salary-hikes-for-employees-sdr-1239190.html,andhrajyothy.com,2024-04-13T18:30:00+05:30,2024-04-15,gdelt_gkg_observation
20240413141500-1011,TCS.NS,"Double-digit Salary Hike At TCS, Average Range And More Details Inside",https://www.india.com/business/double-digit-salary-hike-at-tcs-average-range-and-more-details-inside-6857111/,https://www.india.com/business/double-digit-salary-hike-at-tcs-average-range-and-more-details-inside-6857111/,india.com,2024-04-13T19:45:00+05:30,2024-04-15,gdelt_gkg_observation
20240413194500-148,TCS.NS,Tata Consultancy Services (TCS) Shares Gain After Impressive Q4 Results,https://www.pc-tablet.co.in/tata-consultancy-services-tcs-shares-gain-after-impressive-q4-results/16416/,https://www.pc-tablet.co.in/tata-consultancy-services-tcs-shares-gain-after-impressive-q4-results/16416/,pc-tablet.co.in,2024-04-14T01:15:00+05:30,2024-04-15,gdelt_gkg_observation
20240413224500-428,TCS.NS,"From Amazon to TCS, 10 tech giants revoking WFH policies",https://indianexpress.com/shorts/technology/tech-giants-revoking-wfh-policies-9267924/,https://indianexpress.com/shorts/technology/tech-giants-revoking-wfh-policies-9267924/,indianexpress.com,2024-04-14T04:15:00+05:30,2024-04-15,gdelt_gkg_observation
20240413224500-662,TCS.NS,Tata Consultancy Services Q4 FY24 Results Live : profit rise by 9.15% YOY,https://www.livemint.com/companies/company-results/tata-consultancy-services-q4-fy24-results-live-profit-rise-by-9-15-yoy-11713042862901.html,https://www.livemint.com/companies/company-results/tata-consultancy-services-q4-fy24-results-live-profit-rise-by-9-15-yoy-11713042862901.html,livemint.com,2024-04-14T04:15:00+05:30,2024-04-15,gdelt_gkg_observation
20240414044500-582,TCS.NS,Good News For TCS Employees! Company Announces Annual Salary Hikes,https://zeenews.india.com/technology/good-news-for-tcs-employees-company-announces-annual-salary-hikes-2740133.html,https://zeenews.india.com/technology/good-news-for-tcs-employees-company-announces-annual-salary-hikes-2740133.html,india.com,2024-04-14T10:15:00+05:30,2024-04-15,gdelt_gkg_observation
20240414101500-571,TCS.NS,"Tech Earnings: After TCS, Infosys And Wipro To Release Results",https://www.freepressjournal.in/business/tech-earnings-after-tcs-infosys-and-wipro-to-release-results,https://www.freepressjournal.in/business/tech-earnings-after-tcs-infosys-and-wipro-to-release-results,freepressjournal.in,2024-04-14T15:45:00+05:30,2024-04-15,gdelt_gkg_observation
20240414113000-107,TCS.NS,TCS Q4 Results: IT major stock to open in green tomorrow over robust earnings,https://www.livemint.com/market/stock-market-news/tcs-q4-results-it-major-stock-to-open-in-green-tomorrow-over-robust-earnings-11713010353379.html,https://www.livemint.com/market/stock-market-news/tcs-q4-results-it-major-stock-to-open-in-green-tomorrow-over-robust-earnings-11713010353379.html,livemint.com,2024-04-14T17:00:00+05:30,2024-04-15,gdelt_gkg_observation
20240414163000-65,TCS.NS,"TCS workforce drops by nearly 13,000 to 6,01,546 in FY24 | Indiablooms - First Portal on Digital News Management",https://www.indiablooms.com/finance-details/20244/tcs-workforce-drops-by-nearly-13-000-to-6-01-546-in-fy24.html,https://www.indiablooms.com/finance-details/20244/tcs-workforce-drops-by-nearly-13-000-to-6-01-546-in-fy24.html,indiablooms.com,2024-04-14T22:00:00+05:30,2024-04-15,gdelt_gkg_observation
20240414181500-T1344,TCS.NS,"TCS Salary Hike: TCS कर्मचारियों का कितना बढ़ेगा वेतन? क्या हैं उम्मीदें, जानिए",https://hindi.oneindia.com/jobs/tcs-salary-hike-how-much-will-the-salary-of-tcs-employees-increase-know-about-expectations-913221.html,https://hindi.oneindia.com/jobs/tcs-salary-hike-how-much-will-the-salary-of-tcs-employees-increase-know-about-expectations-913221.html,oneindia.com,2024-04-14T23:45:00+05:30,2024-04-15,gdelt_gkg_observation
20240415010000-783,TCS.NS,India's TCS counts on pricing increases to boost margins,https://www.marketscreener.com/quote/stock/TATA-CONSULTANCY-SERVICES-9743454/news/India-s-TCS-counts-on-pricing-increases-to-boost-margins-46431428/,https://www.marketscreener.com/quote/stock/TATA-CONSULTANCY-SERVICES-9743454/news/India-s-TCS-counts-on-pricing-increases-to-boost-margins-46431428/,marketscreener.com,2024-04-15T06:30:00+05:30,2024-04-15,gdelt_gkg_observation
20240415010000-200,TCS.NS,"Stocks in news: Stocks in news: TCS, Anand Rathi, Aster DM, Bharti Hexacom, Varun Beverages",https://economictimes.indiatimes.com/markets/stocks/news/stocks-in-news-tcs-anand-rathi-aster-dm-bharti-hexacom-varun-beverages/articleshow/109289001.cms,https://economictimes.indiatimes.com/markets/stocks/news/stocks-in-news-tcs-anand-rathi-aster-dm-bharti-hexacom-varun-beverages/articleshow/109289001.cms,indiatimes.com,2024-04-15T06:30:00+05:30,2024-04-15,gdelt_gkg_observation
20240415010000-254,TCS.NS,TCS share price: TCS in for some bounce after a good Q4 show,https://economictimes.indiatimes.com/markets/stocks/news/tcs-in-for-some-bounce-after-a-good-q4-show/articleshow/109297445.cms,https://economictimes.indiatimes.com/markets/stocks/news/tcs-in-for-some-bounce-after-a-good-q4-show/articleshow/109297445.cms,indiatimes.com,2024-04-15T06:30:00+05:30,2024-04-15,gdelt_gkg_observation
20240415013000-913,TCS.NS,TCS CEO: Fy25 Will Be Better Than Fy24: Tcs Ceo | Bengaluru News,https://timesofindia.indiatimes.com/business/india-business/fy25-will-be-better-than-fy24-tcs-ceo/articleshow/109296013.cms,https://timesofindia.indiatimes.com/business/india-business/fy25-will-be-better-than-fy24-tcs-ceo/articleshow/109296013.cms,indiatimes.com,2024-04-15T07:00:00+05:30,2024-04-15,gdelt_gkg_observation
20240415013000-842,TCS.NS,TCS to drive digital transformation of Dutch chipmaker NXP Semiconductors : Tech News,https://www.rashtranews.com/tcs-to-drive-digital-transformation-of-dutch-chipmaker-nxp-semiconductors-tech-news/,https://www.rashtranews.com/tcs-to-drive-digital-transformation-of-dutch-chipmaker-nxp-semiconductors-tech-news/,rashtranews.com,2024-04-15T07:00:00+05:30,2024-04-15,gdelt_gkg_observation
20240415020000-83,TCS.NS,"Short Call | More market spoilers join the list; Exide, Navin Fluorine, TCS, Adani Ports in focus",https://www.moneycontrol.com/news/business/markets/short-call-more-market-spoilers-join-the-list-exide-navin-fluorine-tcs-adani-ports-in-focus-12638551.html,https://www.moneycontrol.com/news/business/markets/short-call-more-market-spoilers-join-the-list-exide-navin-fluorine-tcs-adani-ports-in-focus-12638551.html,moneycontrol.com,2024-04-15T07:30:00+05:30,2024-04-15,gdelt_gkg_observation
20240415021500-T169,TCS.NS,"ईरान-इजरायल तनाव के साये में आज TCS और Mphasis के शेयरों पर रखें नजर, जानिए क्यों आ सकती है तेजी",https://navbharattimes.indiatimes.com/business/share-market/share-news/share-market-prediction-for-15th-april-2024-watch-tcs-and-mphasis/articleshow/109293354.cms,https://navbharattimes.indiatimes.com/business/share-market/share-news/share-market-prediction-for-15th-april-2024-watch-tcs-and-mphasis/articleshow/109293354.cms,indiatimes.com,2024-04-15T07:45:00+05:30,2024-04-15,gdelt_gkg_observation
20240415023000-424,TCS.NS,K Krithivasan interview: Not participating in India would be a big miss: TCS CEO K Krithivasan,https://economictimes.indiatimes.com/tech/information-tech/not-participating-in-india-would-be-a-big-miss-tcs-ceo-k-krithivasan/articleshow/109293774.cms,https://economictimes.indiatimes.com/tech/information-tech/not-participating-in-india-would-be-a-big-miss-tcs-ceo-k-krithivasan/articleshow/109293774.cms,indiatimes.com,2024-04-15T08:00:00+05:30,2024-04-15,gdelt_gkg_observation
20240415023000-71,TCS.NS,"Stocks To Watch: TCS, Dixon Technologies, Varun Beverages, Hindustan Unilever, Vodafone Idea",https://www.financialexpress.com/market/stocks-to-watch-tata-consultancy-services-vodafone-idea-dixon-technologies-varun-beverages-hindustan-unilever-bharti-hexacom-sbi-rail-vikas-nigam-3456927/,https://www.financialexpress.com/market/stocks-to-watch-tata-consultancy-services-vodafone-idea-dixon-technologies-varun-beverages-hindustan-unilever-bharti-hexacom-sbi-rail-vikas-nigam-3456927/,financialexpress.com,2024-04-15T08:00:00+05:30,2024-04-15,gdelt_gkg_observation
20240415024500-195,TCS.NS,We still need an economic trigger for a turnaround in business sentiments: TCS CFO Samir Sheksaria,https://www.thehindubusinessline.com/info-tech/we-still-need-an-economic-trigger-for-a-turnaround-in-business-sentiments-tcs-cfo-samir-sheksaria/article68062891.ece,https://www.thehindubusinessline.com/info-tech/we-still-need-an-economic-trigger-for-a-turnaround-in-business-sentiments-tcs-cfo-samir-sheksaria/article68062891.ece,thehindubusinessline.com,2024-04-15T08:15:00+05:30,2024-04-15,gdelt_gkg_observation
20240415030000-248,TCS.NS,There is a greater opportunity to increase pricing: TCS CEO K Krithivasan,https://www.moneycontrol.com/news/technology/there-is-a-greater-opportunity-to-increase-pricing-tcs-ceo-k-krithivasan-12638611.html,https://www.moneycontrol.com/news/technology/there-is-a-greater-opportunity-to-increase-pricing-tcs-ceo-k-krithivasan-12638611.html,moneycontrol.com,2024-04-15T08:30:00+05:30,2024-04-15,gdelt_gkg_observation
20240415040000-805,TCS.NS,"Not participating in India would be a big miss: TCS CEO K Krithivasan, ET Telecom",https://telecom.economictimes.indiatimes.com/news/enterprise-services/not-participating-in-india-would-be-a-big-miss-tcs-ceo-k-krithivasan/109297970,https://telecom.economictimes.indiatimes.com/news/enterprise-services/not-participating-in-india-would-be-a-big-miss-tcs-ceo-k-krithivasan/109297970,indiatimes.com,2024-04-15T09:30:00+05:30,2024-04-15,gdelt_gkg_observation
20240415040000-654,TCS.NS,"TCS pleases Street with record deal wins, analysts see double-digit growth: Should you buy?",https://www.moneycontrol.com/news/business/markets/tcs-pleases-street-with-record-deal-wins-analysts-see-double-digit-growth-should-you-buy-12639251.html,https://www.moneycontrol.com/news/business/markets/tcs-pleases-street-with-record-deal-wins-analysts-see-double-digit-growth-should-you-buy-12639251.html,moneycontrol.com,2024-04-15T09:30:00+05:30,2024-04-15,gdelt_gkg_observation
20240415040000-658,TCS.NS,Two red flags for Indian IT from TCS' Q4 results,https://www.moneycontrol.com/news/opinion/two-red-flags-for-indian-it-from-tcs-q4-results-12638861.html,https://www.moneycontrol.com/news/opinion/two-red-flags-for-indian-it-from-tcs-q4-results-12638861.html,moneycontrol.com,2024-04-15T09:30:00+05:30,2024-04-15,gdelt_gkg_observation
20240415040000-668,TCS.NS,TCS Q4 FY24 – Who should look to add TCS now?,https://www.moneycontrol.com/news/trends/it/tcs-q4-fy24-who-should-look-to-add-tcs-now-12639241.html,https://www.moneycontrol.com/news/trends/it/tcs-q4-fy24-who-should-look-to-add-tcs-now-12639241.html,moneycontrol.com,2024-04-15T09:30:00+05:30,2024-04-15,gdelt_gkg_observation
20240415044500-340,TCS.NS,"TCS | Vedanta | REC: What to do with TCS, Vedanta, REC and 3 other stocks? Aamar Deo Singh of Angel One decodes",https://economictimes.indiatimes.com/markets/expert-view/what-to-do-with-tcs-vedanta-rec-and-3-other-stocks-aamar-deo-singh-of-angel-one-decodes/articleshow/109300204.cms,https://economictimes.indiatimes.com/markets/expert-view/what-to-do-with-tcs-vedanta-rec-and-3-other-stocks-aamar-deo-singh-of-angel-one-decodes/articleshow/109300204.cms,indiatimes.com,2024-04-15T10:15:00+05:30,2024-04-15,gdelt_gkg_observation
20240415044500-739,TCS.NS,"Tata Consultancy Services stocks: Buy Tata Consultancy Services, target price Rs 4600: Motilal Oswal",https://economictimes.indiatimes.com/markets/stocks/recos/buy-tata-consultancy-services-target-price-rs-4600-motilal-oswal/articleshow/109299990.cms,https://economictimes.indiatimes.com/markets/stocks/recos/buy-tata-consultancy-services-target-price-rs-4600-motilal-oswal/articleshow/109299990.cms,indiatimes.com,2024-04-15T10:15:00+05:30,2024-04-15,gdelt_gkg_observation
20240415050000-239,TCS.NS,Hot Stocks: Brokerage view on Zomato & TCS; Exide could double in next 1 year,https://economictimes.indiatimes.com/markets/stocks/news/hot-stocks-brokerage-view-on-zomato-tcs-exide-could-double-in-next-1-year/articleshow/109301227.cms,https://economictimes.indiatimes.com/markets/stocks/news/hot-stocks-brokerage-view-on-zomato-tcs-exide-could-double-in-next-1-year/articleshow/109301227.cms,indiatimes.com,2024-04-15T10:30:00+05:30,2024-04-15,gdelt_gkg_observation
20240415050000-T800,TCS.NS,"TCS का शेयर खरीदें या नहीं? बाजार अनुमानों से अच्छे रहे नतीजे, एनालिस्ट्स को आगे डबल-डिजिट ग्रोथ की उम्मीद",https://hindi.moneycontrol.com/news/markets/tcs-share-price-rose-as-company-reports-profit-in-march-quarter-beating-estimates-should-you-buy-1894653.html,https://hindi.moneycontrol.com/news/markets/tcs-share-price-rose-as-company-reports-profit-in-march-quarter-beating-estimates-should-you-buy-1894653.html,moneycontrol.com,2024-04-15T10:30:00+05:30,2024-04-15,gdelt_gkg_observation
20240415051500-650,TCS.NS,"Digital twins, chip design, AI solutions: Inside TCS' big semiconductor bet",https://www.moneycontrol.com/news/technology/digital-twins-chip-design-ai-solutions-how-tcs-is-powering-tatas-semiconductor-business-12567121.html,https://www.moneycontrol.com/news/technology/digital-twins-chip-design-ai-solutions-how-tcs-is-powering-tatas-semiconductor-business-12567121.html,moneycontrol.com,2024-04-15T10:45:00+05:30,2024-04-15,gdelt_gkg_observation
20240415051500-372,TCS.NS,"Stocks to Watch: TCS, Bharti Hexacom, LIC, HAL, Varun Beverages, Aster DM, and Others",https://www.news18.com/business/stocks-to-watch-tcs-bharti-hexacom-lic-hal-varun-beverages-aster-dm-and-others-8851703.html,https://www.news18.com/business/stocks-to-watch-tcs-bharti-hexacom-lic-hal-varun-beverages-aster-dm-and-others-8851703.html,news18.com,2024-04-15T10:45:00+05:30,2024-04-15,gdelt_gkg_observation
20240415053000-789,TCS.NS,tcs q4 results: Current quarter trajectory better than in last three quarters; we are hopeful FY25 will be better than FY24: TCS CFO,https://economictimes.indiatimes.com/markets/expert-view/current-quarter-trajectory-better-than-in-last-three-quarters-we-are-hopeful-fy25-will-be-better-than-fy24-tcs-cfo/articleshow/109301983.cms,https://economictimes.indiatimes.com/markets/expert-view/current-quarter-trajectory-better-than-in-last-three-quarters-we-are-hopeful-fy25-will-be-better-than-fy24-tcs-cfo/articleshow/109301983.cms,indiatimes.com,2024-04-15T11:00:00+05:30,2024-04-15,gdelt_gkg_observation
20240415054500-471,TCS.NS,"TCS share price rises after Q4 results, brokerages positive on stock: Should you buy?",https://www.hindustantimes.com/business/tcs-share-price-rises-after-q4-results-brokerages-positive-on-stock-should-you-buy-101713153711695.html,https://www.hindustantimes.com/business/tcs-share-price-rises-after-q4-results-brokerages-positive-on-stock-should-you-buy-101713153711695.html,hindustantimes.com,2024-04-15T11:15:00+05:30,2024-04-15,gdelt_gkg_observation
20240415061500-895,TCS.NS,Tata Consultancy Servicessurges on reporting 9% rise in Q4 consolidated net profit,https://udaipurkiran.com/tata-consultancy-servicessurges-on-reporting-9-rise-in-q4-consolidated-net-profit/,https://udaipurkiran.com/tata-consultancy-servicessurges-on-reporting-9-rise-in-q4-consolidated-net-profit/,udaipurkiran.com,2024-04-15T11:45:00+05:30,2024-04-15,gdelt_gkg_observation
20240415061500-178,TCS.NS,TCS shares defy market sell-off as target prices rise after Q4 beat. Should you buy?,https://economictimes.indiatimes.com/markets/stocks/news/tcs-shares-defy-market-sell-off-as-target-prices-rise-after-q4-beat-should-you-buy/articleshow/109303342.cms,https://economictimes.indiatimes.com/markets/stocks/news/tcs-shares-defy-market-sell-off-as-target-prices-rise-after-q4-beat-should-you-buy/articleshow/109303342.cms,indiatimes.com,2024-04-15T11:45:00+05:30,2024-04-15,gdelt_gkg_observation
20240415061500-434,TCS.NS,tcs: Bottoming out on revenue side; running a marathon and a sprint at the same time: TCS Management,https://economictimes.indiatimes.com/markets/expert-view/bottoming-out-on-revenue-side-running-a-marathon-and-a-sprint-at-the-same-time-tcs-management/articleshow/109303427.cms,https://economictimes.indiatimes.com/markets/expert-view/bottoming-out-on-revenue-side-running-a-marathon-and-a-sprint-at-the-same-time-tcs-management/articleshow/109303427.cms,indiatimes.com,2024-04-15T11:45:00+05:30,2024-04-15,gdelt_gkg_observation
20240415063000-396,TCS.NS,TCS shares slip after advancing over 1% on March quarter results,https://indianexpress.com/article/business/companies/tcs-share-price-march-quarter-result-q4-result-9270880/,https://indianexpress.com/article/business/companies/tcs-share-price-march-quarter-result-q4-result-9270880/,indianexpress.com,2024-04-15T12:00:00+05:30,2024-04-15,gdelt_gkg_observation
20240415064500-401,TCS.NS,"India Movers: Bank of Baroda, Bharti Hexacom, Maharashtra Seamless, TCS, Vodafone Idea","https://ticker.com/Asia-Stock-Movers-News-Today/India-Movers:-Bank-of-Baroda,-Bharti-Hexacom,-Maharashtra-Seamless,-TCS,-Vodafone-Idea-/Apr%2012-2024/T-28187","https://ticker.com/Asia-Stock-Movers-News-Today/India-Movers:-Bank-of-Baroda,-Bharti-Hexacom,-Maharashtra-Seamless,-TCS,-Vodafone-Idea-/Apr%2012-2024/T-28187",ticker.com,2024-04-15T12:15:00+05:30,2024-04-15,gdelt_gkg_observation
20240415064500-498,TCS.NS,TCS' Q4 keeps IT investors in anguish,https://www.livemint.com/market/mark-to-market/tcs-q4-keeps-it-investors-in-anguish-11713076008221.html,https://www.livemint.com/market/mark-to-market/tcs-q4-keeps-it-investors-in-anguish-11713076008221.html,livemint.com,2024-04-15T12:15:00+05:30,2024-04-15,gdelt_gkg_observation
20240415070000-173,TCS.NS,Can Q4 results lift TCS stock? Share price targets see uptick,https://www.businesstoday.in/markets/company-stock/story/can-q4-results-lift-tcs-stock-share-price-targets-see-uptick-425499-2024-04-15,https://www.businesstoday.in/markets/company-stock/story/can-q4-results-lift-tcs-stock-share-price-targets-see-uptick-425499-2024-04-15,businesstoday.in,2024-04-15T12:30:00+05:30,2024-04-15,gdelt_gkg_observation
20240415073000-303,TCS.NS,TCS shares climb over 1.50% after March quarter earnings - The Hindu BusinessLine,https://www.thehindubusinessline.com/markets/tcs-shares-climb-over-150-after-march-quarter-earnings/article68067019.ece,https://www.thehindubusinessline.com/markets/tcs-shares-climb-over-150-after-march-quarter-earnings/article68067019.ece,thehindubusinessline.com,2024-04-15T13:00:00+05:30,2024-04-15,gdelt_gkg_observation
20240415073000-570,TCS.NS,"Markets dip amid global tensions and mixed performance; TCS, Senco in focus",https://www.thehindubusinessline.com/markets/markets-dip-amid-global-tensions-and-mixed-performance-tcs-senco-in-focus/article68066948.ece,https://www.thehindubusinessline.com/markets/markets-dip-amid-global-tensions-and-mixed-performance-tcs-senco-in-focus/article68066948.ece,thehindubusinessline.com,2024-04-15T13:00:00+05:30,2024-04-15,gdelt_gkg_observation
20240415080000-691,TCS.NS,"Stocks to Watch: TCS, Vedanta, Ambuja Cements, ACC, Yes Bank, DLF",https://www.siliconindia.com/news/general/stocks-to-watch-tcs-vedanta-ambuja-cements-acc-yes-bank-dlf-nid-228972-cid-1.html,https://www.siliconindia.com/news/general/stocks-to-watch-tcs-vedanta-ambuja-cements-acc-yes-bank-dlf-nid-228972-cid-1.html,siliconindia.com,2024-04-15T13:30:00+05:30,2024-04-15,gdelt_gkg_observation
20240415080000-330,TCS.NS,Indian IT Firms' Outlook Seen Brighter After TCS Earnings Beat,https://finance.yahoo.com/news/indian-firms-outlook-seen-brighter-045612132.html,https://finance.yahoo.com/news/indian-firms-outlook-seen-brighter-045612132.html,yahoo.com,2024-04-15T13:30:00+05:30,2024-04-15,gdelt_gkg_observation
20240415080000-430,TCS.NS,Buy Tata Consultancy Services; target of Rs 4750: Sharekhan,https://www.moneycontrol.com/news/business/stocks/buy-tata-consultancy-services-target-of-rs-4750-sharekhan-2-12641551.html,https://www.moneycontrol.com/news/business/stocks/buy-tata-consultancy-services-target-of-rs-4750-sharekhan-2-12641551.html,moneycontrol.com,2024-04-15T13:30:00+05:30,2024-04-15,gdelt_gkg_observation
20240415081500-1012,TCS.NS,"Stock Market Falls Amid Iran Israel War: Sensex Declines By Around 800 PTS, Nifty Below 22300; TCS Stock Rises",https://www.india.com/business/stock-market-falls-amid-iran-israel-war-sensex-declines-by-around-800-pts-nifty-below-22300-tcs-stock-rises-6859965/,https://www.india.com/business/stock-market-falls-amid-iran-israel-war-sensex-declines-by-around-800-pts-nifty-below-22300-tcs-stock-rises-6859965/,india.com,2024-04-15T13:45:00+05:30,2024-04-15,gdelt_gkg_observation
20240415081500-965,TCS.NS,"Stock Market: Israel Iran War, TCS Q4 Results What Will Impact?; Know Here What Experts Say",https://www.india.com/business/stock-market-israel-iran-war-tcs-q4-results-what-will-impact-know-here-what-experts-say-6859852/,https://www.india.com/business/stock-market-israel-iran-war-tcs-q4-results-what-will-impact-know-here-what-experts-say-6859852/,india.com,2024-04-15T13:45:00+05:30,2024-04-15,gdelt_gkg_observation
20240415083000-312,TCS.NS,Boardwalktech Signs Agreement With Tata Consultancy Services Limited,https://www.finanznachrichten.de/nachrichten-2024-04/61890432-boardwalktech-signs-agreement-with-tata-consultancy-services-limited-008.htm,https://www.finanznachrichten.de/nachrichten-2024-04/61890432-boardwalktech-signs-agreement-with-tata-consultancy-services-limited-008.htm,finanznachrichten.de,2024-04-15T14:00:00+05:30,2024-04-15,gdelt_gkg_observation
20240415083000-347,TCS.NS,Buy TCS; target of Rs 4600: Motilal Oswal,https://www.moneycontrol.com/news/business/stocks/buy-tcs-target-of-rs-4600-motilal-oswal-12642011.html,https://www.moneycontrol.com/news/business/stocks/buy-tcs-target-of-rs-4600-motilal-oswal-12642011.html,moneycontrol.com,2024-04-15T14:00:00+05:30,2024-04-15,gdelt_gkg_observation
20240415090000-695,TCS.NS,TCS shares climb over 1.50 pc after March quarter earnings,https://www.dailypioneer.com/2024/trending-news/tcs-shares-climb-over-1-50-pc-after-march-quarter-earnings.html,https://www.dailypioneer.com/2024/trending-news/tcs-shares-climb-over-1-50-pc-after-march-quarter-earnings.html,dailypioneer.com,2024-04-15T14:30:00+05:30,2024-04-15,gdelt_gkg_observation
20240415093000-6,TCS.NS,Accumulate Tata Consultancy Services; target of Rs 4360: Prabhudas Lilladher,https://www.moneycontrol.com/news/business/stocks/accumulate-tata-consultancy-services-target-of-rs-4360-prabhudas-lilladher-12642541.html,https://www.moneycontrol.com/news/business/stocks/accumulate-tata-consultancy-services-target-of-rs-4360-prabhudas-lilladher-12642541.html,moneycontrol.com,2024-04-15T15:00:00+05:30,2024-04-15,gdelt_gkg_observation
20240415101500-667,TCS.NS,Tata Consultancy Services (TCS) | Tata Consultancy Services shares climb over 1.50 per cent after March quarter earnings,https://www.telegraphindia.com/feeds/business/tata-consultancy-services-shares-climb-over-1-50-per-cent-after-march-quarter-earnings/cid/2013403,https://www.telegraphindia.com/feeds/business/tata-consultancy-services-shares-climb-over-1-50-per-cent-after-march-quarter-earnings/cid/2013403,telegraphindia.com,2024-04-15T15:45:00+05:30,2024-04-16,gdelt_gkg_observation
20240415101500-959,TCS.NS,"Should You Buy, Sell Or Hold TCS Shares Post Upbeat Q4 Earnings? Here's What Analysts Say",https://www.news18.com/business/tcs-share-price-should-you-buy-sell-or-hold-tcs-shares-post-upbeat-q4-earnings-heres-what-analysts-say-8852103.html,https://www.news18.com/business/tcs-share-price-should-you-buy-sell-or-hold-tcs-shares-post-upbeat-q4-earnings-heres-what-analysts-say-8852103.html,news18.com,2024-04-15T15:45:00+05:30,2024-04-16,gdelt_gkg_observation
20240415101500-1383,TCS.NS,"TCS Management Discusses Revenue Challenges, Growth Strategies",https://www.pc-tablet.co.in/tcs-management-discusses-revenue-challenges-growth-strategies/16599/,https://www.pc-tablet.co.in/tcs-management-discusses-revenue-challenges-growth-strategies/16599/,pc-tablet.co.in,2024-04-15T15:45:00+05:30,2024-04-16,gdelt_gkg_observation
20240415101500-130,TCS.NS,TCS shares climb over 1.50% after March quarter earnings,https://article.wn.com/view/2024/04/15/TCS_shares_climb_over_150_after_March_quarter_earnings/,https://article.wn.com/view/2024/04/15/TCS_shares_climb_over_150_after_March_quarter_earnings/,wn.com,2024-04-15T15:45:00+05:30,2024-04-16,gdelt_gkg_observation
20240415103000-661,TCS.NS,Tata Consultancy Services (TCS) | Tata Consultancy Services shares climb over 1.50 per cent after March quarter earnings,https://www.telegraphindia.com/business/tata-consultancy-services-shares-climb-over-1-50-per-cent-after-march-quarter-earnings/cid/2013403,https://www.telegraphindia.com/business/tata-consultancy-services-shares-climb-over-1-50-per-cent-after-march-quarter-earnings/cid/2013403,telegraphindia.com,2024-04-15T16:00:00+05:30,2024-04-16,gdelt_gkg_observation
20240415103000-283,TCS.NS,"TCS targets to hire around 40,000 freshers in FY25; will honour all offers made",https://www.moneycontrol.com/news/technology/tcs-targets-to-hire-around-40000-freshers-in-fy25-will-honour-all-offers-made-12642951.html,https://www.moneycontrol.com/news/technology/tcs-targets-to-hire-around-40000-freshers-in-fy25-will-honour-all-offers-made-12642951.html,moneycontrol.com,2024-04-15T16:00:00+05:30,2024-04-16,gdelt_gkg_observation
20240415103000-T169,TCS.NS,Rekordzahl neuer Aufträge und robuste Margen für IT-Konzern TCS,https://www.finanznachrichten.de/nachrichten-2024-04/61945768-rekordzahl-neuer-auftraege-und-robuste-margen-fuer-it-konzern-tcs-095.htm,https://www.finanznachrichten.de/nachrichten-2024-04/61945768-rekordzahl-neuer-auftraege-und-robuste-margen-fuer-it-konzern-tcs-095.htm,finanznachrichten.de,2024-04-15T16:00:00+05:30,2024-04-16,gdelt_gkg_observation
20240415113000-1209,TCS.NS,TCS headcount declines for first time in 19 yrs; hits campus route,https://www.rediff.com/business/report/tcs-headcount-declines-for-first-time-in-19-yrs-hits-campus-route/20240415.htm,https://www.rediff.com/business/report/tcs-headcount-declines-for-first-time-in-19-yrs-hits-campus-route/20240415.htm,rediff.com,2024-04-15T17:00:00+05:30,2024-04-16,gdelt_gkg_observation
20240415114500-214,TCS.NS,"Q4 results: TCS reports profit, but what of Infosys and Wipro?",https://www.hindustantimes.com/business/q4-results-tcs-reports-profit-but-what-of-infosys-and-wipro-101713178990453.html,https://www.hindustantimes.com/business/q4-results-tcs-reports-profit-but-what-of-infosys-and-wipro-101713178990453.html,hindustantimes.com,2024-04-15T17:15:00+05:30,2024-04-16,gdelt_gkg_observation
20240415120000-1064,TCS.NS,TCS: Brokerages give thumbs up as earnings beat estimates,https://www.financialexpress.com/market/tcs-brokerages-give-thumbs-up-as-earnings-beat-estimates-3457455/,https://www.financialexpress.com/market/tcs-brokerages-give-thumbs-up-as-earnings-beat-estimates-3457455/,financialexpress.com,2024-04-15T17:30:00+05:30,2024-04-16,gdelt_gkg_observation
20240415141500-1281,TCS.NS,Q4FY24 Review: TCS: Strong deals but no uptick in near term growth,https://www.indiainfoline.com/news/earnings/q4fy24-review-tcs-strong-deals-but-no-uptick-in-near-term-growth,https://www.indiainfoline.com/news/earnings/q4fy24-review-tcs-strong-deals-but-no-uptick-in-near-term-growth,indiainfoline.com,2024-04-15T19:45:00+05:30,2024-04-16,gdelt_gkg_observation
20240415173000-1107,TCS.NS,"More copper smelting reductions likely amid current TCs, Antofagasta CEO says | Hotter Commodities",https://www.fastmarkets.com/insights/copper-smelting-reductions-likely-andrea-hotter/,https://www.fastmarkets.com/insights/copper-smelting-reductions-likely-andrea-hotter/,fastmarkets.com,2024-04-15T23:00:00+05:30,2024-04-16,gdelt_gkg_observation
20240415173000-T450,TCS.NS,"TCS Share News & Result Analysis: TCS के कैसे रहे चौथी तिमाही नतीजे, भाव में होगी तेजी या मंदी",https://www.sharemanthan.in/462-advice/74726-market-outlook-tcs-share-news-and-result-analysis-shomesh-kumar-views-20240415,https://www.sharemanthan.in/462-advice/74726-market-outlook-tcs-share-news-and-result-analysis-shomesh-kumar-views-20240415,sharemanthan.in,2024-04-15T23:00:00+05:30,2024-04-16,gdelt_gkg_observation
20240415183000-844,TCS.NS,"Technology News | Tata Consultancy Services Announces New Delivery Centre in Brazil, To Create 1,600 New Jobs",https://www.latestly.com/quickly/technology/tata-consultancy-services-announces-new-delivery-centre-in-brazil-to-create-1-600-new-jobs-5895948.html,https://www.latestly.com/quickly/technology/tata-consultancy-services-announces-new-delivery-centre-in-brazil-to-create-1-600-new-jobs-5895948.html,latestly.com,2024-04-16T00:00:00+05:30,2024-04-16,gdelt_gkg_observation
20240416004500-499,TCS.NS,"TCS Q4: Weak discretionary demand remains a concern, say analysts",https://www.financialexpress.com/business/express-mobility/industry-express-mobility/tcs-q4-weak-discretionary-demand-remains-a-concern-say-analysts/3457938/,https://www.financialexpress.com/business/express-mobility/industry-express-mobility/tcs-q4-weak-discretionary-demand-remains-a-concern-say-analysts/3457938/,financialexpress.com,2024-04-16T06:15:00+05:30,2024-04-16,gdelt_gkg_observation
20240416030000-733,TCS.NS,TCS has set this record for new orders first time in the company's history,https://timesofindia.indiatimes.com/technology/tech-news/tcs-has-set-this-record-for-new-orders-first-time-in-the-companys-history/articleshow/109329337.cms,https://timesofindia.indiatimes.com/technology/tech-news/tcs-has-set-this-record-for-new-orders-first-time-in-the-companys-history/articleshow/109329337.cms,indiatimes.com,2024-04-16T08:30:00+05:30,2024-04-16,gdelt_gkg_observation
20240416043000-706,TCS.NS,"Top 10 Stocks To Buy For Today (16-04-24): Reliance, TCS, Aditya Birla, Vedanta, Jio Financial Services; Know Best Shares Bets By Market Experts",https://www.india.com/business/top-10-stocks-to-buy-for-today-16-04-24-reliance-tcs-aditya-birla-vedanta-spicejet-jio-financial-services-know-best-shares-bets-by-market-experts-6862400/,https://www.india.com/business/top-10-stocks-to-buy-for-today-16-04-24-reliance-tcs-aditya-birla-vedanta-spicejet-jio-financial-services-know-best-shares-bets-by-market-experts-6862400/,india.com,2024-04-16T10:00:00+05:30,2024-04-16,gdelt_gkg_observation
20240416043000-251,TCS.NS,"Stock Market Updates: Sensex Sinks 550 Points, Nifty Below 22,150; TCS Down 2%",https://www.news18.com/business/stock-market-updates-sensex-sinks-550-points-nifty-below-22150-tcs-down-2-8853084.html,https://www.news18.com/business/stock-market-updates-sensex-sinks-550-points-nifty-below-22150-tcs-down-2-8853084.html,news18.com,2024-04-16T10:00:00+05:30,2024-04-16,gdelt_gkg_observation
20240416044500-332,TCS.NS,"Sensex Today | Stock Market LIVE Updates: Sensex tumbles 550 points, Nifty below 22,150; Voda Idea falls 3%, TCS 2%",https://economictimes.indiatimes.com/markets/stocks/live-blog/bse-sensex-today-live-nifty-stock-market-updates-16-april-2024/liveblog/109329095.cms,https://economictimes.indiatimes.com/markets/stocks/live-blog/bse-sensex-today-live-nifty-stock-market-updates-16-april-2024/liveblog/109329095.cms,indiatimes.com,2024-04-16T10:15:00+05:30,2024-04-16,gdelt_gkg_observation
20240416053000-994,TCS.NS,"Stocks To Watch: SBI, TCS, JSW Infra, Jio Financial, Cipla",https://www.financialexpress.com/market/stocks-to-watch-sbi-tcs-jsw-infra-jio-financial-cipla-3458015/,https://www.financialexpress.com/market/stocks-to-watch-sbi-tcs-jsw-infra-jio-financial-cipla-3458015/,financialexpress.com,2024-04-16T11:00:00+05:30,2024-04-16,gdelt_gkg_observation
20240416054500-895,TCS.NS,"IT companies: Tech firms TCS, Accenture, Cognizant lead LinkedIn's top large companies list",https://economictimes.indiatimes.com/tech/information-tech/tech-firms-tcs-accenture-cognizant-lead-linkedins-top-large-companies-list/articleshow/109333555.cms,https://economictimes.indiatimes.com/tech/information-tech/tech-firms-tcs-accenture-cognizant-lead-linkedins-top-large-companies-list/articleshow/109333555.cms,indiatimes.com,2024-04-16T11:15:00+05:30,2024-04-16,gdelt_gkg_observation
20240416054500-227,TCS.NS,"Tech firms TCS, Accenture, Cognizant lead LinkedIn's top large companies list",https://www.moneycontrol.com/news/business/tech-firms-tcs-accenture-cognizant-lead-linkedins-top-large-companies-list-12648271.html,https://www.moneycontrol.com/news/business/tech-firms-tcs-accenture-cognizant-lead-linkedins-top-large-companies-list-12648271.html,moneycontrol.com,2024-04-16T11:15:00+05:30,2024-04-16,gdelt_gkg_observation
20240416060000-760,TCS.NS,"1st Time In 19 Years, TCS Employee Count Declines: How This Happened? - Trak.in - Indian Business of Tech, Mobile & Startups",https://trak.in/stories/1st-time-in-19-years-tcs-employee-count-declines-how-this-happened/,https://trak.in/stories/1st-time-in-19-years-tcs-employee-count-declines-how-this-happened/,trak.in,2024-04-16T11:30:00+05:30,2024-04-16,gdelt_gkg_observation
20240416060000-849,TCS.NS,"TCS Will Hire 40,000 Freshers In Next 12 Months - Trak.in - Indian Business of Tech, Mobile & Startups",https://trak.in/stories/tcs-will-hire-40000-freshers-in-next-12-months/,https://trak.in/stories/tcs-will-hire-40000-freshers-in-next-12-months/,trak.in,2024-04-16T11:30:00+05:30,2024-04-16,gdelt_gkg_observation
20240416063000-732,TCS.NS,TCS Achieves Historic Milestone With Record Number Of New Orders,https://www.newsx.com/science-and-technology/technology/tcs-achieves-historic-milestone-with-record-number-of-new-orders/,https://www.newsx.com/science-and-technology/technology/tcs-achieves-historic-milestone-with-record-number-of-new-orders/,newsx.com,2024-04-16T12:00:00+05:30,2024-04-16,gdelt_gkg_observation
20240416064500-1089,TCS.NS,"Tech firms TCS, Accenture, Cognizant lead LinkedIn's top large companies list",https://www.businessinsider.in/careers/news/tech-firms-tcs-accenture-cognizant-lead-linkedins-top-large-companies-list/articleshow/109333478.cms,https://www.businessinsider.in/careers/news/tech-firms-tcs-accenture-cognizant-lead-linkedins-top-large-companies-list/articleshow/109333478.cms,businessinsider.in,2024-04-16T12:15:00+05:30,2024-04-16,gdelt_gkg_observation
20240416071500-291,TCS.NS,TCS Achieves Record New Orders for the First Time in Company's History,https://www.siliconindia.com/news/general/tcs-achieves-record-new-orders-for-the-first-time-in-companys-history-nid-228990-cid-1.html,https://www.siliconindia.com/news/general/tcs-achieves-record-new-orders-for-the-first-time-in-companys-history-nid-228990-cid-1.html,siliconindia.com,2024-04-16T12:45:00+05:30,2024-04-16,gdelt_gkg_observation
20240416073000-T2099,TCS.NS,"Stock market today: भू-राजनीतिक तनाव के बीच सेंसेक्स 500 अंक से अधिक फिसला, निफ्टी 22,150 से नीचे - first trade stock market slips nifty tcs info down",https://www.punjabkesari.in/national/news/first-trade-stock-market-slips-nifty-tcs-info-down-1967720,https://www.punjabkesari.in/national/news/first-trade-stock-market-slips-nifty-tcs-info-down-1967720,punjabkesari.in,2024-04-16T13:00:00+05:30,2024-04-16,gdelt_gkg_observation
20240416083000-830,TCS.NS,"Top companies to work for in India: From TCS, Accenture to Amazon, ICICI Bank, check LinkedIn's Top 25 list",https://www.businesstoday.in/technology/news/story/top-companies-to-work-for-in-india-from-tcs-accenture-to-amazon-icici-bank-check-linkedins-top-25-list-425685-2024-04-16,https://www.businesstoday.in/technology/news/story/top-companies-to-work-for-in-india-from-tcs-accenture-to-amazon-icici-bank-check-linkedins-top-25-list-425685-2024-04-16,businesstoday.in,2024-04-16T14:00:00+05:30,2024-04-16,gdelt_gkg_observation
20240416104500-T2222,TCS.NS,"LinkedIn पर टॉप कंपनियों में शामिल है ये बड़े नाम, यहां चेक करें लिस्ट - Tech firms TCS, Accenture, Cognizant lead LinkedIn's top large companies list",https://www.jagran.com/business/biz-tech-firms-tcs-accenture-cognizant-lead-linkedin-top-large-companies-list-23698116.html,https://www.jagran.com/business/biz-tech-firms-tcs-accenture-cognizant-lead-linkedin-top-large-companies-list-23698116.html,jagran.com,2024-04-16T16:15:00+05:30,2024-04-18,gdelt_gkg_observation
20240416104500-T51,TCS.NS,Tata Consultancy Services wächst deutlich,https://www.netzwoche.ch/news/2024-04-16/tata-consultancy-services-waechst-deutlich,https://www.netzwoche.ch/news/2024-04-16/tata-consultancy-services-waechst-deutlich,netzwoche.ch,2024-04-16T16:15:00+05:30,2024-04-18,gdelt_gkg_observation
20240416120000-2051,TCS.NS,"Infosys, TCS shares: Here are stock price targets post recent correction",https://www.businesstoday.in/markets/stocks/story/infosys-tcs-shares-here-are-stock-price-targets-post-recent-correction-425735-2024-04-16,https://www.businesstoday.in/markets/stocks/story/infosys-tcs-shares-here-are-stock-price-targets-post-recent-correction-425735-2024-04-16,businesstoday.in,2024-04-16T17:30:00+05:30,2024-04-18,gdelt_gkg_observation
20240416120000-1170,TCS.NS,"Top Tech Firms TCS, Accenture, and Cognizant Dominate LinkedIn's List of Leading Large Companies",https://www.devdiscourse.com/article/technology/2888795-top-tech-firms-tcs-accenture-and-cognizant-dominate-linkedins-list-of-leading-large-companies,https://www.devdiscourse.com/article/technology/2888795-top-tech-firms-tcs-accenture-and-cognizant-dominate-linkedins-list-of-leading-large-companies,devdiscourse.com,2024-04-16T17:30:00+05:30,2024-04-18,gdelt_gkg_observation
20240416134500-1044,TCS.NS,"More than half of TCS' 6 lakh employees are now AI skilled, CEO calls it one of the largest AI-ready workforces",https://www.moneycontrol.com/news/technology/more-than-half-of-tcs-6-lakh-employees-are-now-ai-skilled-ceo-calls-it-one-of-the-largest-ai-ready-workforces-12653811.html,https://www.moneycontrol.com/news/technology/more-than-half-of-tcs-6-lakh-employees-are-now-ai-skilled-ceo-calls-it-one-of-the-largest-ai-ready-workforces-12653811.html,moneycontrol.com,2024-04-16T19:15:00+05:30,2024-04-18,gdelt_gkg_observation
20240416144500-1158,TCS.NS,"Why Tata Consultancy Services' long-term sponsorship strategy is a marathon, not a sprint",https://www.thedrum.com/news/2024/04/16/why-tata-consultancy-services-long-term-sponsorship-strategy-marathon-not-sprint,https://www.thedrum.com/news/2024/04/16/why-tata-consultancy-services-long-term-sponsorship-strategy-marathon-not-sprint,thedrum.com,2024-04-16T20:15:00+05:30,2024-04-18,gdelt_gkg_observation
20240416153000-2008,TCS.NS,TCS gets thumbs up from brokerages over robust earnings - The Hindu BusinessLine,https://www.thehindubusinessline.com/markets/stock-markets/tcs-gets-thumbs-up-from-brokerages-over-robust-earnings/article68071337.ece,https://www.thehindubusinessline.com/markets/stock-markets/tcs-gets-thumbs-up-from-brokerages-over-robust-earnings/article68071337.ece,thehindubusinessline.com,2024-04-16T21:00:00+05:30,2024-04-18,gdelt_gkg_observation
20240416164500-538,TCS.NS,"TCS reports all-time high order book; Would Infy, Wipro and other IT peers follow trend? Find out",https://www.financialexpress.com/business/industry-tcs-reports-all-time-high-order-book-would-infy-wipro-and-other-it-peers-follow-trend-find-out-3458724/,https://www.financialexpress.com/business/industry-tcs-reports-all-time-high-order-book-would-infy-wipro-and-other-it-peers-follow-trend-find-out-3458724/,financialexpress.com,2024-04-16T22:15:00+05:30,2024-04-18,gdelt_gkg_observation
20240416223000-1782,TCS.NS,"TCS' AI workforce among world's largest, anticipates growth in AI projects: CEO - Digital Transformation News",https://www.financialexpress.com/business/digital-transformation/tcs-ai-workforce-among-worlds-largest-anticipates-growth-in-ai-projects-ceo/3458973/,https://www.financialexpress.com/business/digital-transformation/tcs-ai-workforce-among-worlds-largest-anticipates-growth-in-ai-projects-ceo/3458973/,financialexpress.com,2024-04-17T04:00:00+05:30,2024-04-18,gdelt_gkg_observation
20240416230000-1643,TCS.NS,"""Very pleased to close Q4, FY24 on strong note, says TCS CEO on reporting 9% rise in net profit",https://www.sierraleonetimes.com/news/274261775/very-pleased-to-close-q4-fy24-on-strong-note-says-tcs-ceo-on-reporting-9-rise-in-net-profit,https://www.sierraleonetimes.com/news/274261775/very-pleased-to-close-q4-fy24-on-strong-note-says-tcs-ceo-on-reporting-9-rise-in-net-profit,sierraleonetimes.com,2024-04-17T04:30:00+05:30,2024-04-18,gdelt_gkg_observation
20240417011500-385,TCS.NS,"k krithivasan: TCS has one of world's largest AI-ready workforces, says CEO K Krithivasan",https://economictimes.indiatimes.com/tech/information-tech/tcs-has-one-of-worlds-largest-ai-ready-workforces-says-ceo-k-krithivasan/articleshow/109354362.cms,https://economictimes.indiatimes.com/tech/information-tech/tcs-has-one-of-worlds-largest-ai-ready-workforces-says-ceo-k-krithivasan/articleshow/109354362.cms,indiatimes.com,2024-04-17T06:45:00+05:30,2024-04-18,gdelt_gkg_observation
20240417024500-702,TCS.NS,"TCS has one of world's largest AI-ready workforces, says CEO K Krithivasan, ET Telecom",https://telecom.economictimes.indiatimes.com/news/enterprise-services/tcs-has-one-of-worlds-largest-ai-ready-workforces-says-ceo-k-krithivasan/109360532,https://telecom.economictimes.indiatimes.com/news/enterprise-services/tcs-has-one-of-worlds-largest-ai-ready-workforces-says-ceo-k-krithivasan/109360532,indiatimes.com,2024-04-17T08:15:00+05:30,2024-04-18,gdelt_gkg_observation
20240417051500-874,TCS.NS,"LinkedIn Top Companies 2024: TCS, Accenture top list, here are the top 25 companies in India for career growth",https://www.livemint.com/companies/news/linkedin-top-companies-2024-tcs-accenture-top-list-here-are-the-leading-workplaces-in-india-for-career-growth-11713323776822.html,https://www.livemint.com/companies/news/linkedin-top-companies-2024-tcs-accenture-top-list-here-are-the-leading-workplaces-in-india-for-career-growth-11713323776822.html,livemint.com,2024-04-17T10:45:00+05:30,2024-04-18,gdelt_gkg_observation
20240417060000-1157,TCS.NS,"LinkedIn Top Companies 2024: TCS, Accenture top list, here are the leading workplaces in India for career growth",https://www.justdial.com/JdSocial/news/Business-generic/LinkedIn-Top-Companies-2024-TCS-Accenture-top-list-here-are-the-leading-workplaces-in-India-for-career-growth/1713326075801472,https://www.justdial.com/JdSocial/news/Business-generic/LinkedIn-Top-Companies-2024-TCS-Accenture-top-list-here-are-the-leading-workplaces-in-India-for-career-growth/1713326075801472,justdial.com,2024-04-17T11:30:00+05:30,2024-04-18,gdelt_gkg_observation
20240417074500-23,TCS.NS,Accumulate Tata Consultancy Services; target of Rs 4194: KR Choksey,https://www.moneycontrol.com/news/business/stocks/accumulate-tata-consultancy-services-target-of-rs-4194-kr-choksey-12657641.html,https://www.moneycontrol.com/news/business/stocks/accumulate-tata-consultancy-services-target-of-rs-4194-kr-choksey-12657641.html,moneycontrol.com,2024-04-17T13:15:00+05:30,2024-04-18,gdelt_gkg_observation
20240417101500-387,TCS.NS,Tata Consultancy Services: LinkedIn Top Companies 2024 List: Here are the top companies in India according to LinkedIn,https://economictimes.indiatimes.com/news/india/linkedin-top-companies-2024-list-here-are-the-top-companies-in-india-according-to-linkedin/articleshow/109369623.cms,https://economictimes.indiatimes.com/news/india/linkedin-top-companies-2024-list-here-are-the-top-companies-in-india-according-to-linkedin/articleshow/109369623.cms,indiatimes.com,2024-04-17T15:45:00+05:30,2024-04-18,gdelt_gkg_observation
20240417110000-1044,TCS.NS,Why Is China's Growth Story Different From India? Ex-TCS Boss Explains,https://www.ndtv.com/business-news/why-is-chinas-growth-story-different-from-india-ex-tcs-boss-explains-5461389,https://www.ndtv.com/business-news/why-is-chinas-growth-story-different-from-india-ex-tcs-boss-explains-5461389,ndtv.com,2024-04-17T16:30:00+05:30,2024-04-18,gdelt_gkg_observation
20240417113000-T29,TCS.NS,"HCL, Infosys, TCS, Cognizant.. भारत की दिग्गज IT कंपनियों के CEO कितना कमाते हैं?",https://hindi.oneindia.com/news/international/hcl-infosys-tcs-cognizant-how-much-do-ceos-of-indias-leading-it-companies-earn-914497.html,https://hindi.oneindia.com/news/international/hcl-infosys-tcs-cognizant-how-much-do-ceos-of-indias-leading-it-companies-earn-914497.html,oneindia.com,2024-04-17T17:00:00+05:30,2024-04-18,gdelt_gkg_observation
20240417130000-345,TCS.NS,Reduce TCS; target of Rs 3950: Emkay Global Financial,https://www.moneycontrol.com/news/business/stocks/reduce-tcs-target-of-rs-3950-emkay-global-financial-12643321.html,https://www.moneycontrol.com/news/business/stocks/reduce-tcs-target-of-rs-3950-emkay-global-financial-12643321.html,moneycontrol.com,2024-04-17T18:30:00+05:30,2024-04-18,gdelt_gkg_observation
20240417171500-233,TCS.NS,TCS Boosts Employee Share Plan with New Purchase,https://biztoc.com/x/9c7356f03528f59d,https://biztoc.com/x/9c7356f03528f59d,biztoc.com,2024-04-17T22:45:00+05:30,2024-04-18,gdelt_gkg_observation
20240418061500-1099,TCS.NS,"TCS | TCS share price: If you have to go for IT at all, TCS a better bet: Hemang Jani",https://economictimes.indiatimes.com/markets/expert-view/if-you-have-to-go-for-it-at-all-tcs-a-better-bet-hemang-jani/articleshow/109391857.cms,https://economictimes.indiatimes.com/markets/expert-view/if-you-have-to-go-for-it-at-all-tcs-a-better-bet-hemang-jani/articleshow/109391857.cms,indiatimes.com,2024-04-18T11:45:00+05:30,2024-04-18,gdelt_gkg_observation
20240418113000-464,TCS.NS,"Infosys, not TCS, has highest weightage in IT pack. Here's the full breakup",https://economictimes.indiatimes.com/markets/web-stories/infosys-not-tcs-has-highest-weightage-in-it-pack-heres-the-full-breakup/slideshow/109402944.cms,https://economictimes.indiatimes.com/markets/web-stories/infosys-not-tcs-has-highest-weightage-in-it-pack-heres-the-full-breakup/slideshow/109402944.cms,indiatimes.com,2024-04-18T17:00:00+05:30,2024-04-19,gdelt_gkg_observation
20240418151500-1066,TCS.NS,"Aurubis not considering cuts amid low copper TCs, CEO says | Hotter Commodities",https://www.fastmarkets.com/insights/aurubis-not-considering-cuts-andrea-hotter/,https://www.fastmarkets.com/insights/aurubis-not-considering-cuts-andrea-hotter/,fastmarkets.com,2024-04-18T20:45:00+05:30,2024-04-19,gdelt_gkg_observation
20240418171500-121,TCS.NS,TCS wasn't kidding when it ordered staff back to office,https://www.livemint.com/companies/news/tcs-wasnt-kidding-when-it-ordered-staff-back-to-office-11713353362032.html,https://www.livemint.com/companies/news/tcs-wasnt-kidding-when-it-ordered-staff-back-to-office-11713353362032.html,livemint.com,2024-04-18T22:45:00+05:30,2024-04-19,gdelt_gkg_observation
20240419030000-585,TCS.NS,"Data recap: Monsoon bet, TCS headcount, health drinks",https://www.livemint.com/economy/data-recap-monsoon-bet-tcs-headcount-health-drinks-11713416501291.html,https://www.livemint.com/economy/data-recap-monsoon-bet-tcs-headcount-health-drinks-11713416501291.html,livemint.com,2024-04-19T08:30:00+05:30,2024-04-19,gdelt_gkg_observation
20240419041500-1000,TCS.NS,Read TCS CEO K Krithivasan's 'thanks letter' to employees and COO NG Subramaniam,https://timesofindia.indiatimes.com/technology/tech-news/read-tcs-ceo-k-krithivasans-thanks-letter-to-employees-and-coo-ng-subramaniam/articleshow/109386819.cms,https://timesofindia.indiatimes.com/technology/tech-news/read-tcs-ceo-k-krithivasans-thanks-letter-to-employees-and-coo-ng-subramaniam/articleshow/109386819.cms,indiatimes.com,2024-04-19T09:45:00+05:30,2024-04-19,gdelt_gkg_observation
20240419054500-1048,TCS.NS,"TCS Consolidated March 2024 Net Sales at Rs 61,237.00 crore, up 3.51% Y-o-Y",https://www.moneycontrol.com/news/business/earnings/tcs-consolidated-march-2024-net-sales-at-rs-61237-00-crore-up-3-51-y-o-y-12674401.html,https://www.moneycontrol.com/news/business/earnings/tcs-consolidated-march-2024-net-sales-at-rs-61237-00-crore-up-3-51-y-o-y-12674401.html,moneycontrol.com,2024-04-19T11:15:00+05:30,2024-04-19,gdelt_gkg_observation
20240419071500-1168,TCS.NS,TCS vs Infosys Q4 results: Who fared better on all key metrics?,https://www.moneycontrol.com/news/technology/tcs-vs-infosys-q4-results-who-fared-better-on-all-key-metrics-12674661.html,https://www.moneycontrol.com/news/technology/tcs-vs-infosys-q4-results-who-fared-better-on-all-key-metrics-12674661.html,moneycontrol.com,2024-04-19T12:45:00+05:30,2024-04-19,gdelt_gkg_observation
20240419074500-1037,TCS.NS,TCS outperforms Infosys in revenue growth for the first time in five years,https://www.moneycontrol.com/news/technology/tcs-outperforms-infosys-in-revenue-growth-for-the-first-time-in-five-years-12674661.html,https://www.moneycontrol.com/news/technology/tcs-outperforms-infosys-in-revenue-growth-for-the-first-time-in-five-years-12674661.html,moneycontrol.com,2024-04-19T13:15:00+05:30,2024-04-19,gdelt_gkg_observation
20240419120000-1979,TCS.NS,"TCS, Infosys, Wipro together lost 63,759 employees in FY24",https://www.moneycontrol.com/news/technology/tcs-infosys-wipro-together-lost-63759-employees-in-fy24-12678051.html,https://www.moneycontrol.com/news/technology/tcs-infosys-wipro-together-lost-63759-employees-in-fy24-12678051.html,moneycontrol.com,2024-04-19T17:30:00+05:30,2024-04-22,gdelt_gkg_observation
20240419143000-1299,TCS.NS,TCS Vs Infosys Vs Wipro Q4 Results: Who Performed Better And Why?,https://www.news18.com/business/tcs-vs-infosys-vs-wipro-q4-results-who-performed-better-and-why-8858622.html,https://www.news18.com/business/tcs-vs-infosys-vs-wipro-q4-results-who-performed-better-and-why-8858622.html,news18.com,2024-04-19T20:00:00+05:30,2024-04-22,gdelt_gkg_observation
20240419144500-1377,TCS.NS,"TCS Beats Accenture, Cognizant To Become #1 Place To Work In India - Trak.in - Indian Business of Tech, Mobile & Startups",https://trak.in/stories/tcs-beats-accenture-cognizant-to-become-1-place-to-work-in-india/,https://trak.in/stories/tcs-beats-accenture-cognizant-to-become-1-place-to-work-in-india/,trak.in,2024-04-19T20:15:00+05:30,2024-04-22,gdelt_gkg_observation
20240419163000-T497,TCS.NS,"IT कंपनियों में घट रही नौकरियां! TCS-इंफोसिस के बाद अब Wipro में 6,180 कर्मचारी हुए कम, लगातार छठवीं तिमाही गिरावट",https://hindi.moneycontrol.com/news/company/company-results/wipro-results-copmany-headcount-declins-by-6180-employees-in-march-quarter-second-consecutive-quarter-1895827.html,https://hindi.moneycontrol.com/news/company/company-results/wipro-results-copmany-headcount-declins-by-6180-employees-in-march-quarter-second-consecutive-quarter-1895827.html,moneycontrol.com,2024-04-19T22:00:00+05:30,2024-04-22,gdelt_gkg_observation
20240420064500-T1656,TCS.NS,"IT सेक्टर में कम हो रही नौकरियां! TCS, Infosys और Wipro में एक साल में कुल 64,000 कर्मचारी घटे - a total of 64 000 employees decreased in it sector",https://www.punjabkesari.in/business/news/a-total-of-64-000-employees-decreased-in-it-sector-1969605,https://www.punjabkesari.in/business/news/a-total-of-64-000-employees-decreased-in-it-sector-1969605,punjabkesari.in,2024-04-20T12:15:00+05:30,2024-04-22,gdelt_gkg_observation
20240420070000-430,TCS.NS,TCS wins multi-year deal with Australian govt's Western Power,https://www.rashtranews.com/tcs-wins-multi-year-deal-with-australian-govts-western-power/,https://www.rashtranews.com/tcs-wins-multi-year-deal-with-australian-govts-western-power/,rashtranews.com,2024-04-20T12:30:00+05:30,2024-04-22,gdelt_gkg_observation
20240420071500-T1676,TCS.NS,"TCS, Infosys, Wipro: देश की 3 सबसे बड़ी IT कंपनियों में FY24 में घटे 64000 कर्मचारी",https://hindi.moneycontrol.com/news/business/india-largest-it-services-companies-tcs-infosys-and-wipro-saw-a-staggering-64000-employees-exiting-in-fy24-1895910.html,https://hindi.moneycontrol.com/news/business/india-largest-it-services-companies-tcs-infosys-and-wipro-saw-a-staggering-64000-employees-exiting-in-fy24-1895910.html,moneycontrol.com,2024-04-20T12:45:00+05:30,2024-04-22,gdelt_gkg_observation
20240420134500-203,TCS.NS,"In a first in 20 years, TCS, Infosys, Wipro together report huge loss in employee strength in FY24 – 63,759 – vision mp",http://www.visionmp.com/business-2/in-a-first-in-20-years-tcs-infosys-wipro-together-report-huge-loss-in-employee-strength-in-fy24-63759/,http://www.visionmp.com/business-2/in-a-first-in-20-years-tcs-infosys-wipro-together-report-huge-loss-in-employee-strength-in-fy24-63759/,visionmp.com,2024-04-20T19:15:00+05:30,2024-04-22,gdelt_gkg_observation
20240420153000-T1888,TCS.NS,"Tata Consultancy Services Ltd Share Latest News: शॉर्ट कवरिंग के आसार, अभी इंतजार करें और देखें निवेशक",https://www.sharemanthan.in/462-advice/74785-market-outlook-tata-consultancy-services-shares-shomesh-kumar-views-20240420,https://www.sharemanthan.in/462-advice/74785-market-outlook-tata-consultancy-services-shares-shomesh-kumar-views-20240420,sharemanthan.in,2024-04-20T21:00:00+05:30,2024-04-22,gdelt_gkg_observation
20240420183000-933,TCS.NS,"Tech Giants TCS, Infosys And Wipro See Combined Headcount Drop Of 64,000 In FY24",https://menafn.com/1108118094/Tech-Giants-TCS-Infosys-And-Wipro-See-Combined-Headcount-Drop-Of-64000-In-FY24,https://menafn.com/1108118094/Tech-Giants-TCS-Infosys-And-Wipro-See-Combined-Headcount-Drop-Of-64000-In-FY24,menafn.com,2024-04-21T00:00:00+05:30,2024-04-22,gdelt_gkg_observation
20240421000000-T947,TCS.NS,Dutch IT Channel - Infosys en TCS melden groeicijfers met AI en meer,https://www.dutchitchannel.nl/news/431394/infosys-en-tcs-melden-groeicijfers-met-ai-en-meer,https://www.dutchitchannel.nl/news/431394/infosys-en-tcs-melden-groeicijfers-met-ai-en-meer,dutchitchannel.nl,2024-04-21T05:30:00+05:30,2024-04-22,gdelt_gkg_observation
20240421054500-182,TCS.NS,"Six of top 10 valued firms take Rs 1.40 lakh cr hit in mcap;TCS, Infosys biggest laggards",https://economictimes.indiatimes.com/markets/stocks/news/six-of-top-10-valued-firms-take-rs-1-40-lakh-cr-hit-in-mcaptcs-infosys-biggest-laggards/articleshow/109471095.cms,https://economictimes.indiatimes.com/markets/stocks/news/six-of-top-10-valued-firms-take-rs-1-40-lakh-cr-hit-in-mcaptcs-infosys-biggest-laggards/articleshow/109471095.cms,indiatimes.com,2024-04-21T11:15:00+05:30,2024-04-22,gdelt_gkg_observation
20240421054500-10,TCS.NS,"Six of top 10 valued firms take Rs 1.40 lakh cr hit in mcap; TCS, Infosys biggest laggards",https://timesofindia.indiatimes.com/business/india-business/six-of-top-10-valued-firms-take-rs-1-40-lakh-cr-hit-in-mcaptcs-infosys-biggest-laggards/articleshow/109471073.cms,https://timesofindia.indiatimes.com/business/india-business/six-of-top-10-valued-firms-take-rs-1-40-lakh-cr-hit-in-mcaptcs-infosys-biggest-laggards/articleshow/109471073.cms,indiatimes.com,2024-04-21T11:15:00+05:30,2024-04-22,gdelt_gkg_observation
20240421060000-203,TCS.NS,"Six of top 10 valued firms take Rs 1.40 lakh crore hit in mcap; TCS, Infosys biggest laggards",https://www.moneycontrol.com/news/business/six-of-top-10-valued-firms-take-rs-1-40-lakh-crore-hit-in-mcap-tcs-infosys-biggest-laggards-12685031.html,https://www.moneycontrol.com/news/business/six-of-top-10-valued-firms-take-rs-1-40-lakh-crore-hit-in-mcap-tcs-infosys-biggest-laggards-12685031.html,moneycontrol.com,2024-04-21T11:30:00+05:30,2024-04-22,gdelt_gkg_observation
20240421060000-T1323,TCS.NS,"Seis de las 10 empresas con mayor valor sufrieron un golpe de 1,40 rupias lakh cr en mcap; TCS, Infosys es el más lento",https://arrobajuarez.com/2024/04/21/seis-de-las-10-empresas-con-mayor-valor-sufrieron-un-golpe-de-140-rupias-lakh-cr-en-mcap-tcs-infosys-es-el-mas-lento/,https://arrobajuarez.com/2024/04/21/seis-de-las-10-empresas-con-mayor-valor-sufrieron-un-golpe-de-140-rupias-lakh-cr-en-mcap-tcs-infosys-es-el-mas-lento/,arrobajuarez.com,2024-04-21T11:30:00+05:30,2024-04-22,gdelt_gkg_observation
20240421061500-516,TCS.NS,"Six of top 10 valued firms take Rs 1.40 lakh cr hit in mcap; TCS, Infosys biggest laggards",https://www.dailyexcelsior.com/six-of-top-10-valued-firms-take-rs-1-40-lakh-cr-hit-in-mcap-tcs-infosys-biggest-laggards/,https://www.dailyexcelsior.com/six-of-top-10-valued-firms-take-rs-1-40-lakh-cr-hit-in-mcap-tcs-infosys-biggest-laggards/,dailyexcelsior.com,2024-04-21T11:45:00+05:30,2024-04-22,gdelt_gkg_observation
20240421063000-9,TCS.NS,"Six of top 10 valued firms take Rs 1.40 lakh cr hit in mcap; TCS, Infosys biggest losers",https://www.businesstoday.in/latest/corporate/story/six-of-top-10-valued-firms-take-rs-140-lakh-cr-hit-in-mcap-tcs-infosys-biggest-losers-426276-2024-04-21,https://www.businesstoday.in/latest/corporate/story/six-of-top-10-valued-firms-take-rs-140-lakh-cr-hit-in-mcap-tcs-infosys-biggest-losers-426276-2024-04-21,businesstoday.in,2024-04-21T12:00:00+05:30,2024-04-22,gdelt_gkg_observation
20240421064500-163,TCS.NS,"Top Indian firms lose ₹1.40 lakh crore in mcap; IT majors TCS, Infosys among hardest hit, HDFC Bank, RIL top gainers",https://www.livemint.com/market/stock-market-news/top-indian-firms-lose-rs-1-40-lakh-crore-in-mcap-it-majors-tcs-infosys-among-hardest-hit-hdfc-bank-ril-top-gainers-11713675832512.html,https://www.livemint.com/market/stock-market-news/top-indian-firms-lose-rs-1-40-lakh-crore-in-mcap-it-majors-tcs-infosys-among-hardest-hit-hdfc-bank-ril-top-gainers-11713675832512.html,livemint.com,2024-04-21T12:15:00+05:30,2024-04-22,gdelt_gkg_observation
20240421070000-413,TCS.NS,"Mcap tracker: Bharti Airtel, HDFC Bank gain most in Top 10; TCS, Infosys major laggards",https://www.theweek.in/news/biz-tech/2024/04/21/mcap-tracker-reliance-hdfc-gain-most-in-top-10-tcs-infosys-major-laggards.html,https://www.theweek.in/news/biz-tech/2024/04/21/mcap-tracker-reliance-hdfc-gain-most-in-top-10-tcs-infosys-major-laggards.html,theweek.in,2024-04-21T12:30:00+05:30,2024-04-22,gdelt_gkg_observation
20240421071500-220,TCS.NS,"TCS, Infosys, SBI, ITC, HUL, ICICI Bank biggest losers, suffer ₹1.4 lakh crore loss in market capitalisation",https://www.hindustantimes.com/business/tcs-infosys-sbi-itc-hul-icici-bank-market-capitalisation-loss-reliance-industries-bharti-airtel-market-cap-101713680428941.html,https://www.hindustantimes.com/business/tcs-infosys-sbi-itc-hul-icici-bank-market-capitalisation-loss-reliance-industries-bharti-airtel-market-cap-101713680428941.html,hindustantimes.com,2024-04-21T12:45:00+05:30,2024-04-22,gdelt_gkg_observation
20240421073000-T893,TCS.NS,"Airtel TCS; Market Capitalization 2024 Top 10 List Update | Infosys ICICI Bank - Reliance | TCS की मार्केट-वैल्यू एक हफ्ते में ₹62,538 करोड़ कम हुई: टॉप-10 कंपनियों में से 6 की वैल्यू ₹1.40 लाख करोड़ गिरी, एयरटेल टॉप गेनर",https://www.bhaskar.com/business/news/market-capitalization-2024-top-10-list-update-airtel-tcs-infosys-reliance-132907639.html,https://www.bhaskar.com/business/news/market-capitalization-2024-top-10-list-update-airtel-tcs-infosys-reliance-132907639.html,bhaskar.com,2024-04-21T13:00:00+05:30,2024-04-22,gdelt_gkg_observation
20240421081500-507,TCS.NS,"Six of top-10 valued firms take Rs 1.40 lakh crore hit in mcap; TCS, Infosys biggest laggards",https://www.tribuneindia.com/news/business/six-of-top-10-valued-firms-take-rs-1-40-lakh-crore-hit-in-mcap-tcs-infosys-biggest-laggards-613092,https://www.tribuneindia.com/news/business/six-of-top-10-valued-firms-take-rs-1-40-lakh-crore-hit-in-mcap-tcs-infosys-biggest-laggards-613092,tribuneindia.com,2024-04-21T13:45:00+05:30,2024-04-22,gdelt_gkg_observation
20240421103000-619,TCS.NS,"Mcap: 6 of top 10 valued firms take ₹1.40 lakh crore hit; TCS, Infosys biggest laggards",https://www.thehindubusinessline.com/markets/mcap-6-of-top-10-valued-firms-take-140-lakh-crore-hit-tcs-infosys-biggest-laggards/article68090236.ece,https://www.thehindubusinessline.com/markets/mcap-6-of-top-10-valued-firms-take-140-lakh-crore-hit-tcs-infosys-biggest-laggards/article68090236.ece,thehindubusinessline.com,2024-04-21T16:00:00+05:30,2024-04-22,gdelt_gkg_observation
20240421114500-679,TCS.NS,"Mcap of six of top 10 valued firms at Rs 1.40 trillion; TCS, Infosys lag",https://www.orissapost.com/mcap-of-six-of-top-10-valued-firms-at-rs-1-40-trillion-tcs-infosys-lag/,https://www.orissapost.com/mcap-of-six-of-top-10-valued-firms-at-rs-1-40-trillion-tcs-infosys-lag/,orissapost.com,2024-04-21T17:15:00+05:30,2024-04-22,gdelt_gkg_observation
20240422064500-1126,TCS.NS,TCS won't give variable pay to employees with less than 60% attendance in office: Report,https://www.moneycontrol.com/news/technology/tcs-wont-give-variable-pay-to-employees-with-less-than-60-attendance-in-office-report-12691461.html,https://www.moneycontrol.com/news/technology/tcs-wont-give-variable-pay-to-employees-with-less-than-60-attendance-in-office-report-12691461.html,moneycontrol.com,2024-04-22T12:15:00+05:30,2024-04-22,gdelt_gkg_observation
20240422070000-856,TCS.NS,"FIIs raise bet on TCS, Infosys, 4 other IT stocks in Q4. Time for a U-turn?",https://economictimes.indiatimes.com/markets/stocks/news/fiis-raise-bet-on-tcs-infosys-4-other-it-stocks-in-q4-time-for-a-u-turn/articleshow/109490036.cms,https://economictimes.indiatimes.com/markets/stocks/news/fiis-raise-bet-on-tcs-infosys-4-other-it-stocks-in-q4-time-for-a-u-turn/articleshow/109490036.cms,indiatimes.com,2024-04-22T12:30:00+05:30,2024-04-22,gdelt_gkg_observation
20240422081500-483,TCS.NS,Demand for insight-led financial planning solutions has gone up since the pandemic: TCS : Tech News,https://www.rashtranews.com/demand-for-insight-led-financial-planning-solutions-has-gone-up-since-the-pandemic-tcs-tech-news/,https://www.rashtranews.com/demand-for-insight-led-financial-planning-solutions-has-gone-up-since-the-pandemic-tcs-tech-news/,rashtranews.com,2024-04-22T13:45:00+05:30,2024-04-22,gdelt_gkg_observation
20240422094500-1005,TCS.NS,TCS vs Infosys vs Wipro: Which stock should you buy after Q4 results?,https://www.livemint.com/market/stock-market-news/tcs-vs-infosys-vs-wipro-which-stock-should-you-buy-after-q4-results-heres-what-experts-say-11713776304933.html,https://www.livemint.com/market/stock-market-news/tcs-vs-infosys-vs-wipro-which-stock-should-you-buy-after-q4-results-heres-what-experts-say-11713776304933.html,livemint.com,2024-04-22T15:15:00+05:30,2024-04-22,gdelt_gkg_observation
20240422113000-125,TCS.NS,"How generative AI deals stack up for Accenture, TCS, Infosys, Wipro",https://www.moneycontrol.com/news/technology/generative-ai-deals-accenture-tcs-infosys-wipro-12694221.html,https://www.moneycontrol.com/news/technology/generative-ai-deals-accenture-tcs-infosys-wipro-12694221.html,moneycontrol.com,2024-04-22T17:00:00+05:30,2024-04-23,gdelt_gkg_observation
20240422114500-T818,TCS.NS,"TCS Employees: ऑफिसमध्ये न येणाऱ्या TCS च्या कर्मचाऱ्यांना मोठा झटका, कंपनीनं घेतला मोठा निर्णय",https://www.lokmat.com/business/news/tcs-displeased-with-not-coming-to-office-employees-will-not-get-variable-pay-know-details-a-a720/,https://www.lokmat.com/business/news/tcs-displeased-with-not-coming-to-office-employees-will-not-get-variable-pay-know-details-a-a720/,lokmat.com,2024-04-22T17:15:00+05:30,2024-04-23,gdelt_gkg_observation
20240422124500-329,TCS.NS,LinkedIn names TCS as top tech company to work for in India: Here's the complete list,https://timesofindia.indiatimes.com/technology/tech-news/linkedin-names-tcs-as-top-tech-company-to-work-for-in-india-heres-the-complete-list/articleshow/109503893.cms,https://timesofindia.indiatimes.com/technology/tech-news/linkedin-names-tcs-as-top-tech-company-to-work-for-in-india-heres-the-complete-list/articleshow/109503893.cms,indiatimes.com,2024-04-22T18:15:00+05:30,2024-04-23,gdelt_gkg_observation
20240422131500-1007,TCS.NS,Tata Consultancy Services: TCS introduces 60% work from office attendance policy for variable pay allocation; Here's how it works,https://economictimes.indiatimes.com/jobs/mid-career/tcs-introduces-60-work-from-office-attendance-policy-for-variable-pay-allocation-heres-how-it-works/articleshow/109504251.cms,https://economictimes.indiatimes.com/jobs/mid-career/tcs-introduces-60-work-from-office-attendance-policy-for-variable-pay-allocation-heres-how-it-works/articleshow/109504251.cms,indiatimes.com,2024-04-22T18:45:00+05:30,2024-04-23,gdelt_gkg_observation
20240422153000-912,TCS.NS,Tata Consultancy Services cuts bonuses for employees who aren't in the office 5 days a week,https://fortune.com/europe/2024/04/22/tatas-consultancy-arm-cuts-bonuses-employees-office-5-days-week-hybrid/,https://fortune.com/europe/2024/04/22/tatas-consultancy-arm-cuts-bonuses-employees-office-5-days-week-hybrid/,fortune.com,2024-04-22T21:00:00+05:30,2024-04-23,gdelt_gkg_observation
20240422153000-2173,TCS.NS,Tata Consultancy Services cuts bonuses for employees who aren't in the office 5 days a week,https://biztoc.com/x/e0eab1656f93f8db,https://biztoc.com/x/e0eab1656f93f8db,biztoc.com,2024-04-22T21:00:00+05:30,2024-04-23,gdelt_gkg_observation
20240422191500-T478,TCS.NS,"Expansão da TCS em Londrina será gradual, diz CEO",https://www.folhadelondrina.com.br/economia/expansao-da-tcs-em-londrina-sera-gradual-diz-ceo-3249974e.html,https://www.folhadelondrina.com.br/economia/expansao-da-tcs-em-londrina-sera-gradual-diz-ceo-3249974e.html,folhadelondrina.com.br,2024-04-23T00:45:00+05:30,2024-04-23,gdelt_gkg_observation
20240423064500-0,TCS.NS,No Variable Pay For TCS Employees Below 60% Office Attendance: Report,https://www.news18.com/business/tcs-variable-pay-work-from-office-attendance-bonus-policy-8862605.html,https://www.news18.com/business/tcs-variable-pay-work-from-office-attendance-bonus-policy-8862605.html,news18.com,2024-04-23T12:15:00+05:30,2024-04-23,gdelt_gkg_observation
20240423100000-460,TCS.NS,"TCS Ties Bonus To Attendance, No Variable Pay For Employees Below 60% Office Presence: Report",https://article.wn.com/view/2024/04/23/TCS_Ties_Bonus_To_Attendance_No_Variable_Pay_For_Employees_B/,https://article.wn.com/view/2024/04/23/TCS_Ties_Bonus_To_Attendance_No_Variable_Pay_For_Employees_B/,wn.com,2024-04-23T15:30:00+05:30,2024-04-24,gdelt_gkg_observation
20240423124500-T1077,TCS.NS,"Expansão da TCS em Londrina vai ser gradual, afirma CEO do grupo",https://www.bonde.com.br/bondenews/economia/expansao-da-tcs-em-londrina-sera-gradual-diz-ceo,https://www.bonde.com.br/bondenews/economia/expansao-da-tcs-em-londrina-sera-gradual-diz-ceo,bonde.com.br,2024-04-23T18:15:00+05:30,2024-04-24,gdelt_gkg_observation
20240423133000-T954,TCS.NS,"TCS के वर्क फ्रॉम होम कर्मचारियों को बड़ा झटका, ऑफिस नहीं गए तो नहीं मिलेगा.... - big blow to tcs work from home employees if they don t go to office",https://www.punjabkesari.in/business/news/big-blow-to-tcs-work-from-home-employees-if-they-don-t-go-to-office-1971004,https://www.punjabkesari.in/business/news/big-blow-to-tcs-work-from-home-employees-if-they-don-t-go-to-office-1971004,punjabkesari.in,2024-04-23T19:00:00+05:30,2024-04-24,gdelt_gkg_observation
20240423220000-2358,TCS.NS,TCS links variable pay to office attendance | Indiablooms - First Portal on Digital News Management,https://www.indiablooms.com/finance-details/20310/tcs-links-variable-pay-to-office-attendance.html,https://www.indiablooms.com/finance-details/20310/tcs-links-variable-pay-to-office-attendance.html,indiablooms.com,2024-04-24T03:30:00+05:30,2024-04-24,gdelt_gkg_observation
20240424011500-982,TCS.NS,"TCS: TCS setting up four large BSNL data centres in Rs 15,000 crore 4G deal",https://economictimes.indiatimes.com/tech/information-tech/tcs-setting-up-four-large-bsnl-data-centres-in-rs-15000-crore-4g-deal/articleshow/109541152.cms,https://economictimes.indiatimes.com/tech/information-tech/tcs-setting-up-four-large-bsnl-data-centres-in-rs-15000-crore-4g-deal/articleshow/109541152.cms,indiatimes.com,2024-04-24T06:45:00+05:30,2024-04-24,gdelt_gkg_observation
20240424024500-368,TCS.NS,"TCS setting up four large BSNL data centres in Rs 15,000 crore 4G deal, ET Telecom",https://telecom.economictimes.indiatimes.com/news/enterprise-services/tcs-setting-up-four-large-bsnl-data-centres-in-rs-15000-crore-4g-deal/109546451,https://telecom.economictimes.indiatimes.com/news/enterprise-services/tcs-setting-up-four-large-bsnl-data-centres-in-rs-15000-crore-4g-deal/109546451,indiatimes.com,2024-04-24T08:15:00+05:30,2024-04-24,gdelt_gkg_observation
20240424083000-98,TCS.NS,Buy Tata Consultancy Services; target of Rs 4344: Geojit Financial Services,https://www.moneycontrol.com/news/business/stocks/buy-tata-consultancy-services-target-of-rs-4344-geojit-financial-services-12707098.html,https://www.moneycontrol.com/news/business/stocks/buy-tata-consultancy-services-target-of-rs-4344-geojit-financial-services-12707098.html,moneycontrol.com,2024-04-24T14:00:00+05:30,2024-04-24,gdelt_gkg_observation
20240424094500-452,TCS.NS,"Rs 15,000 crore 4G deal: TCS setting up four large BSNL data centres in 'most complex deployment'",https://timesofindia.indiatimes.com/business/india-business/rs-15000-crore-4g-deal-tcs-setting-up-four-large-bsnl-data-centres-in-most-complex-deployment/articleshow/109559025.cms,https://timesofindia.indiatimes.com/business/india-business/rs-15000-crore-4g-deal-tcs-setting-up-four-large-bsnl-data-centres-in-most-complex-deployment/articleshow/109559025.cms,indiatimes.com,2024-04-24T15:15:00+05:30,2024-04-24,gdelt_gkg_observation
20240424134500-786,TCS.NS,"TCS inks multi-year partnership with AWS to offer Cloud transformation, Gen AI solutions",https://www.moneycontrol.com/news/technology/tcs-inks-multi-year-partnership-with-aws-to-offer-cloud-transformation-gen-ai-solutions-12707350.html,https://www.moneycontrol.com/news/technology/tcs-inks-multi-year-partnership-with-aws-to-offer-cloud-transformation-gen-ai-solutions-12707350.html,moneycontrol.com,2024-04-24T19:15:00+05:30,2024-04-25,gdelt_gkg_observation
20240424140000-826,TCS.NS,"Tata Consultancy Services : TCS and AWS Sign Strategic Agreement to Accelerate Cloud Transformations, Offer Access to GenAI Solutions to Customers",https://www.marketscreener.com/quote/stock/TATA-CONSULTANCY-SERVICES-9743454/news/Tata-Consultancy-Services-TCS-and-AWS-Sign-Strategic-Agreement-to-Accelerate-Cloud-Transformations-46516995/,https://www.marketscreener.com/quote/stock/TATA-CONSULTANCY-SERVICES-9743454/news/Tata-Consultancy-Services-TCS-and-AWS-Sign-Strategic-Agreement-to-Accelerate-Cloud-Transformations-46516995/,marketscreener.com,2024-04-24T19:30:00+05:30,2024-04-25,gdelt_gkg_observation
20240424151500-661,TCS.NS,"As part of ₹15000 cr BSNL deal, TCS to set up large data centres: Report",https://www.hindustantimes.com/business/as-part-of-rs-15000-cr-bsnl-deal-tcs-to-set-up-large-data-centres-report-101713968879710.html,https://www.hindustantimes.com/business/as-part-of-rs-15000-cr-bsnl-deal-tcs-to-set-up-large-data-centres-report-101713968879710.html,hindustantimes.com,2024-04-24T20:45:00+05:30,2024-04-25,gdelt_gkg_observation
20240424161500-1337,TCS.NS,TCS ties up with AWS to provide gen AI customer solutions,https://www.thehindu.com/business/tcs-ties-up-with-aws-to-provide-gen-ai-customer-solutions/article68102605.ece,https://www.thehindu.com/business/tcs-ties-up-with-aws-to-provide-gen-ai-customer-solutions/article68102605.ece,thehindu.com,2024-04-24T21:45:00+05:30,2024-04-25,gdelt_gkg_observation
20240424173000-963,TCS.NS,TCS and AWS Sign Strategic Agreement to Accelerate Cloud Transformations,https://technuter.com/storage/cloud/tcs-and-aws-sign-strategic-agreement-to-accelerate-cloud-transformations.html,https://technuter.com/storage/cloud/tcs-and-aws-sign-strategic-agreement-to-accelerate-cloud-transformations.html,technuter.com,2024-04-24T23:00:00+05:30,2024-04-25,gdelt_gkg_observation
20240424180000-204,TCS.NS,"TCS signs multi-year GenAI and Cloud partnership with Amazon Web Services; deal includes upskilling 25,000 employees in these skills",https://timesofindia.indiatimes.com/technology/tech-news/tcs-signs-multi-year-genai-and-cloud-partnership-with-amazon-web-services-deal-includes-upskilling-25000-employees-in-these-skills/articleshow/109571432.cms,https://timesofindia.indiatimes.com/technology/tech-news/tcs-signs-multi-year-genai-and-cloud-partnership-with-amazon-web-services-deal-includes-upskilling-25000-employees-in-these-skills/articleshow/109571432.cms,indiatimes.com,2024-04-24T23:30:00+05:30,2024-04-25,gdelt_gkg_observation
20240424231500-1083,TCS.NS,Former BMS principal resigns from TCS,https://www.transylvaniatimes.com/education/former-bms-principal-resigns-from-tcs/article_c9872bd2-fda4-11ee-825f-5b2016aa9c11.html,https://www.transylvaniatimes.com/education/former-bms-principal-resigns-from-tcs/article_c9872bd2-fda4-11ee-825f-5b2016aa9c11.html,transylvaniatimes.com,2024-04-25T04:45:00+05:30,2024-04-25,gdelt_gkg_observation
20240425010000-794,TCS.NS,"Stocks To Watch: Kotak Mahindra Bank, Hindustan Unilever, Axis Bank, Reliance Industries, TCS, Bajaj Finance, Tech Mahindra",https://www.financialexpress.com/market/stocks-to-watch-kotak-mahindra-bank-hindustan-unilever-axis-bank-reliance-industries-tcs-bajaj-finance-tech-mahindra-3467673/,https://www.financialexpress.com/market/stocks-to-watch-kotak-mahindra-bank-hindustan-unilever-axis-bank-reliance-industries-tcs-bajaj-finance-tech-mahindra-3467673/,financialexpress.com,2024-04-25T06:30:00+05:30,2024-04-25,gdelt_gkg_observation
20240425033000-995,TCS.NS,"TCS Offering Rs 9 Lakh Salary In IIT; And Freshers Are Accepting - Trak.in - Indian Business of Tech, Mobile & Startups",https://trak.in/stories/tcs-offering-rs-9-lakh-salary-in-iit-and-freshers-are-accepting/,https://trak.in/stories/tcs-offering-rs-9-lakh-salary-in-iit-and-freshers-are-accepting/,trak.in,2024-04-25T09:00:00+05:30,2024-04-25,gdelt_gkg_observation
20240425033000-980,TCS.NS,"TCS Bans Incentives, Bonus For These Work From Home Employees: Gross Discrimination? - Trak.in - Indian Business of Tech, Mobile & Startups",https://trak.in/stories/tcs-bans-incentives-bonus-for-these-work-from-home-employees-gross-discrimination/,https://trak.in/stories/tcs-bans-incentives-bonus-for-these-work-from-home-employees-gross-discrimination/,trak.in,2024-04-25T09:00:00+05:30,2024-04-25,gdelt_gkg_observation
20240425044500-511,TCS.NS,TCS wins contract from Spain's Royal Academy of Engineering : Tech News,https://www.rashtranews.com/tcs-wins-contract-from-spains-royal-academy-of-engineering-tech-news/,https://www.rashtranews.com/tcs-wins-contract-from-spains-royal-academy-of-engineering-tech-news/,rashtranews.com,2024-04-25T10:15:00+05:30,2024-04-25,gdelt_gkg_observation
20240425051500-765,TCS.NS,"AI could kill call centres, says Tata Consultancy Services boss",https://biztoc.com/x/1423282838d4853f,https://biztoc.com/x/1423282838d4853f,biztoc.com,2024-04-25T10:45:00+05:30,2024-04-25,gdelt_gkg_observation
20240425070000-529,TCS.NS,"TCS and AWS Forge Cloud and AI Partnership, Upskill 25,000 Employees",https://www.indiainfoline.com/news/business/tcs-and-aws-forge-cloud-and-ai-partnership-upskill-25000-employees,https://www.indiainfoline.com/news/business/tcs-and-aws-forge-cloud-and-ai-partnership-upskill-25000-employees,indiainfoline.com,2024-04-25T12:30:00+05:30,2024-04-25,gdelt_gkg_observation
20240425074500-1304,TCS.NS,Tata Consultancy Services head's warning on AI: It could kill call centres in a year,https://www.hindustantimes.com/business/tata-consultancy-services-head-s-warning-on-ai-it-could-kill-call-centres-in-a-year-101714028680871.html,https://www.hindustantimes.com/business/tata-consultancy-services-head-s-warning-on-ai-it-could-kill-call-centres-in-a-year-101714028680871.html,hindustantimes.com,2024-04-25T13:15:00+05:30,2024-04-25,gdelt_gkg_observation
20240425083000-1118,TCS.NS,"Another job AI could take over and replace? THIS industry will be revolutionalised, believes TCS CEO K Krithivasan",https://www.livemint.com/companies/news/artificial-intelligence-job-ai-could-take-over-and-replace-call-centres-will-be-revolutionised-tcs-chief-k-krithivasan-11714028735800.html,https://www.livemint.com/companies/news/artificial-intelligence-job-ai-could-take-over-and-replace-call-centres-will-be-revolutionised-tcs-chief-k-krithivasan-11714028735800.html,livemint.com,2024-04-25T14:00:00+05:30,2024-04-25,gdelt_gkg_observation
20240425084500-701,TCS.NS,How this TCS executive who moonlights as a food influencer uses Gen AI to manage close to a million followers,https://www.moneycontrol.com/news/technology/how-this-tcs-executive-who-moonlights-as-a-food-influencer-uses-gen-ai-to-manage-close-to-a-million-followers-12707745.html,https://www.moneycontrol.com/news/technology/how-this-tcs-executive-who-moonlights-as-a-food-influencer-uses-gen-ai-to-manage-close-to-a-million-followers-12707745.html,moneycontrol.com,2024-04-25T14:15:00+05:30,2024-04-25,gdelt_gkg_observation
20240425091500-723,TCS.NS,Tata Consultancy Services head's warning on AI: It could kill call centres in a year,https://article.wn.com/view/2024/04/25/Tata_Consultancy_Services_head_s_warning_on_AI_It_could_kill/,https://article.wn.com/view/2024/04/25/Tata_Consultancy_Services_head_s_warning_on_AI_It_could_kill/,wn.com,2024-04-25T14:45:00+05:30,2024-04-25,gdelt_gkg_observation
20240425093000-889,TCS.NS,"Share Price Target Today (25-04-2024) Buy Call For Top Stocks; TCS, Axis Bank, Britannia, LTIMindtree LIC",https://www.india.com/business/share-price-target-today-25-04-2024-buy-call-for-top-stocks-tcs-axis-bank-britannia-ltimindtree-lic-6884155/,https://www.india.com/business/share-price-target-today-25-04-2024-buy-call-for-top-stocks-tcs-axis-bank-britannia-ltimindtree-lic-6884155/,india.com,2024-04-25T15:00:00+05:30,2024-04-25,gdelt_gkg_observation
20240425180000-1276,TCS.NS,TCS CEO K Krithivasan says AI can kill most call centres: Report,https://www.moneycontrol.com/news/business/companies/tcs-ceo-k-krithivasan-says-ai-can-kill-most-call-centres-report-12708456.html,https://www.moneycontrol.com/news/business/companies/tcs-ceo-k-krithivasan-says-ai-can-kill-most-call-centres-report-12708456.html,moneycontrol.com,2024-04-25T23:30:00+05:30,2024-04-26,gdelt_gkg_observation
20240426021500-182,TCS.NS,AI threat to call centre jobs: TCS CEO K Krithivasan,https://timesofindia.indiatimes.com/business/india-business/ai-threat-to-call-centre-jobs-tcs-ceo-k-krithivasan/articleshow/109607866.cms,https://timesofindia.indiatimes.com/business/india-business/ai-threat-to-call-centre-jobs-tcs-ceo-k-krithivasan/articleshow/109607866.cms,indiatimes.com,2024-04-26T07:45:00+05:30,2024-04-26,gdelt_gkg_observation
20240426051500-372,TCS.NS,"End Of Call Centre Jobs? AI Will Replace People By 2025, Says TCS Chief",https://www.news18.com/tech/end-of-call-centre-jobs-ai-will-replace-people-by-2025-says-tcs-chief-8866427.html,https://www.news18.com/tech/end-of-call-centre-jobs-ai-will-replace-people-by-2025-says-tcs-chief-8866427.html,news18.com,2024-04-26T10:45:00+05:30,2024-04-26,gdelt_gkg_observation
20240426064500-526,TCS.NS,"AI threat to call centre jobs: TCS CEO K Krithivasan, Telecom News, ET Telecom",https://telecom.economictimes.indiatimes.com/news/enterprise-services/ai-threat-to-call-centre-jobs-tcs-ceo-k-krithivasan/109610395,https://telecom.economictimes.indiatimes.com/news/enterprise-services/ai-threat-to-call-centre-jobs-tcs-ceo-k-krithivasan/109610395,indiatimes.com,2024-04-26T12:15:00+05:30,2024-04-26,gdelt_gkg_observation
20240426071500-T1291,TCS.NS,"AI: కాల్ సెంటర్‌లో పని చేస్తున్నారా.. మీ జాబులు ఊడినట్టే | End Of Call Centre Jobs? AI Will Replace People By 2025, Says TCS Chief vsl",https://www.andhrajyothy.com/2024/technology/end-of-call-centre-jobs-ai-will-replace-people-by-2025-says-tcs-chief-vsl-1245359.html,https://www.andhrajyothy.com/2024/technology/end-of-call-centre-jobs-ai-will-replace-people-by-2025-says-tcs-chief-vsl-1245359.html,andhrajyothy.com,2024-04-26T12:45:00+05:30,2024-04-26,gdelt_gkg_observation
20240426184500-273,TCS.NS,TCS deploys large data centers in India as part of BSNL's contract,https://www.rcrwireless.com/20240426/network-infrastructure/tcs-deploys-large-data-centers-india-part-bsnl-contract,https://www.rcrwireless.com/20240426/network-infrastructure/tcs-deploys-large-data-centers-india-part-bsnl-contract,rcrwireless.com,2024-04-27T00:15:00+05:30,2024-04-29,gdelt_gkg_observation
20240427164500-644,TCS.NS,"TCS sets sights on B2B ecommerce, D2C for retail clients : Tech News",https://www.rashtranews.com/tcs-sets-sights-on-b2b-ecommerce-d2c-for-retail-clients-tech-news/,https://www.rashtranews.com/tcs-sets-sights-on-b2b-ecommerce-d2c-for-retail-clients-tech-news/,rashtranews.com,2024-04-27T22:15:00+05:30,2024-04-29,gdelt_gkg_observation
20240427171500-831,TCS.NS,"TCS, Infosys, Wipro and HCLTech: Why their stock performance will be determined by Accenture",https://www.thehindubusinessline.com/portfolio/tcs-infosys-wipro-and-hcltech-why-their-stock-performance-will-be-determined-by-accenture/article68115400.ece,https://www.thehindubusinessline.com/portfolio/tcs-infosys-wipro-and-hcltech-why-their-stock-performance-will-be-determined-by-accenture/article68115400.ece,thehindubusinessline.com,2024-04-27T22:45:00+05:30,2024-04-29,gdelt_gkg_observation
20240427210000-34,TCS.NS,"TCS, Infosys, Wipro and HCLTech: Why Accenture sets the tone for IT stocks from here",https://www.thehindubusinessline.com/portfolio/tcs-infosys-wipro-and-hcltech-why-accenture-sets-the-tone-for-it-stocks-from-here/article68115400.ece,https://www.thehindubusinessline.com/portfolio/tcs-infosys-wipro-and-hcltech-why-accenture-sets-the-tone-for-it-stocks-from-here/article68115400.ece,thehindubusinessline.com,2024-04-28T02:30:00+05:30,2024-04-29,gdelt_gkg_observation
20240428021500-748,TCS.NS,"AI Can Kill All Call Centres In Next 12 Months: TCS CEO's Warning For ITeS Industry - Trak.in - Indian Business of Tech, Mobile & Startups",https://trak.in/stories/ai-can-kill-all-call-centres-in-next-12-months-tcs-ceos-warning-for-ites-industry/,https://trak.in/stories/ai-can-kill-all-call-centres-in-next-12-months-tcs-ceos-warning-for-ites-industry/,trak.in,2024-04-28T07:45:00+05:30,2024-04-29,gdelt_gkg_observation
20240428103000-168,TCS.NS,"TCS signs multi-year GenAI and Cloud partnership with Amazon Web Services; deal includes upskilling 25,000 employees in these skills, ET Telecom",https://telecom.economictimes.indiatimes.com/news/enterprise-services/tcs-signs-multi-year-genai-and-cloud-partnership-with-amazon-web-services-deal-includes-upskilling-25000-employees-in-these-skills/109664624,https://telecom.economictimes.indiatimes.com/news/enterprise-services/tcs-signs-multi-year-genai-and-cloud-partnership-with-amazon-web-services-deal-includes-upskilling-25000-employees-in-these-skills/109664624,indiatimes.com,2024-04-28T16:00:00+05:30,2024-04-29,gdelt_gkg_observation
20240429040000-259,TCS.NS,"TCS and AWS Forge Partnership, Aiming to Upskill 25,000 in GenAI and Cloud",https://www.siliconindia.com/news/general/tcs-and-aws-forge-partnership-aiming-to-upskill-25000-in-genai-and-cloud-nid-229220-cid-1.html,https://www.siliconindia.com/news/general/tcs-and-aws-forge-partnership-aiming-to-upskill-25000-in-genai-and-cloud-nid-229220-cid-1.html,siliconindia.com,2024-04-29T09:30:00+05:30,2024-04-29,gdelt_gkg_observation
20240429061500-843,TCS.NS,"64,000 IT Employees Quit TCS, Infosys, Wipro In Last 12 Months: A New Record In Indian IT Industry - Trak.in",https://trak.in/stories/64000-it-employees-quit-tcs-infosys-wipro-in-last-12-months-a-new-record-in-indian-it-industry/,https://trak.in/stories/64000-it-employees-quit-tcs-infosys-wipro-in-last-12-months-a-new-record-in-indian-it-industry/,trak.in,2024-04-29T11:45:00+05:30,2024-04-29,gdelt_gkg_observation
20240429061500-T892,TCS.NS,"टाटा कंसल्टेंसी सर्विसेज और डाबर इंडिया खरीदें, टाटा स्टील बेचें : रिलायंस सिक्योरिटीज",https://www.sharemanthan.in/technical-tips/intraday-tips/74864-reliance-secrities-market-lens-intraday-calls-20240429,https://www.sharemanthan.in/technical-tips/intraday-tips/74864-reliance-secrities-market-lens-intraday-calls-20240429,sharemanthan.in,2024-04-29T11:45:00+05:30,2024-04-29,gdelt_gkg_observation
20240429100000-988,TCS.NS,From Wipro to TCS: Here's How Much Money Did Ex-CEOs Receive As Severance Pay?,https://www.indiatimes.com/worth/news/from-wipro-to-tcs-how-much-money-did-ex-ceos-receive-as-severance-pay-633287.html,https://www.indiatimes.com/worth/news/from-wipro-to-tcs-how-much-money-did-ex-ceos-receive-as-severance-pay-633287.html,indiatimes.com,2024-04-29T15:30:00+05:30,2024-04-30,gdelt_gkg_observation
20240430021500-1396,TCS.NS,Tata Consultancy CEO: Chatbots 'a year or two' away from replacing almost all call center agents,https://www.philstar.com/business/stock-commentary/2024/04/30/2351526/tata-consultancy-ceo-chatbots-a-year-or-two-away-replacing-almost-all-call-center-agents,https://www.philstar.com/business/stock-commentary/2024/04/30/2351526/tata-consultancy-ceo-chatbots-a-year-or-two-away-replacing-almost-all-call-center-agents,philstar.com,2024-04-30T07:45:00+05:30,2024-04-30,gdelt_gkg_observation
20240430074500-814,TCS.NS,"Tata Motors, TCS, Tata Consumer Products, Tata Communications, Tata Elxsi Share Price Target & Dividend Amount; Check TATA Chemicals Q4 Results",https://www.india.com/business/tata-motors-tcs-tata-consumer-products-tata-communications-tata-elxsi-share-price-target-check-tata-chemicals-q4-results-6893739/,https://www.india.com/business/tata-motors-tcs-tata-consumer-products-tata-communications-tata-elxsi-share-price-target-check-tata-chemicals-q4-results-6893739/,india.com,2024-04-30T13:15:00+05:30,2024-04-30,gdelt_gkg_observation
20240430190000-T360,TCS.NS,TCS y AWS firman un acuerdo para acelerar la transformación en la nube y ofrecer acceso a soluciones GenAI,https://isopixel.net/2024/04/30/tcs-y-aws-firman-un-acuerdo-para-acelerar-la-transformacion-en-la-nube-y-ofrecer-acceso-a-soluciones-genai/,https://isopixel.net/2024/04/30/tcs-y-aws-firman-un-acuerdo-para-acelerar-la-transformacion-en-la-nube-y-ofrecer-acceso-a-soluciones-genai/,isopixel.net,2024-05-01T00:30:00+05:30,2024-05-02,gdelt_gkg_observation
20240430200000-1000,TCS.NS,TCS CEO is against this notion of AI impact on jobs in India and worldwide,https://timesofindia.indiatimes.com/technology/tech-news/tcs-ceo-is-against-this-notion-of-ai-impact-on-jobs-in-india-and-worldwide/articleshow/109738179.cms,https://timesofindia.indiatimes.com/technology/tech-news/tcs-ceo-is-against-this-notion-of-ai-impact-on-jobs-in-india-and-worldwide/articleshow/109738179.cms,indiatimes.com,2024-05-01T01:30:00+05:30,2024-05-02,gdelt_gkg_observation
20240430231500-1341,TCS.NS,TCS launches 10 cyber threat management centres,https://yourstory.com:443/2020/10/tcs-launches-10-cyber-security-threat-management-centres,https://yourstory.com:443/2020/10/tcs-launches-10-cyber-security-threat-management-centres,yourstory.com,2024-05-01T04:45:00+05:30,2024-05-02,gdelt_gkg_observation
