record_id,stage,page_title,url,source,DATE,reason
20250101000000-T485,entity_matcher_rejected,Mónica Casamiquela fue despedida con gratitud en su último día en TCS,https://www.elsalvador.com/entretenimiento/espectaculos/monica-casamiquela-despedida-gratitud-ultimo-dia-tcs-liberadas/1190894/2024/,elsalvador.com,20250101000000,Entity matcher rejected (no positive signal or matched exclusion)
20250101004500-272,entity_matcher_rejected,Companies expected to increase Gen AI investments by half this year,https://www.livemint.com/technology/companies-expected-to-increase-gen-ai-investments-by-half-this-year-11735644447856.html,livemint.com,20250101004500,Entity matcher rejected (no positive signal or matched exclusion)
20250101020000-T310,entity_matcher_rejected,"Stocks to Watch: नए साल के पहले दिन Crisil और Rites समेत ये शेयर कराएंगे फायदा, तेजी के संकेत",https://navbharattimes.indiatimes.com/business/share-market/share-news/stock-market-prediction-today-these-shares-including-crisil-and-rites-showing-bullish-bias/articleshow/116838976.cms,indiatimes.com,20250101020000,Entity matcher rejected (no positive signal or matched exclusion)
20250101023000-772,entity_matcher_rejected,Indian IT services firms must redefine their playbook to crack the European code,https://economictimes.indiatimes.com/prime/technology-and-startups/indian-it-services-firms-must-redefine-their-playbook-to-crack-the-european-code/primearticleshow/116839169.cms,indiatimes.com,20250101023000,Entity matcher rejected (no positive signal or matched exclusion)
20250101023000-417,entity_matcher_rejected,Republicans and Trump's team diverge on immigration,https://www.thehindu.com/data/republicans-donald-trump-team-diverge-on-immigration/article69045518.ece,thehindu.com,20250101023000,Entity matcher rejected (no positive signal or matched exclusion)
20250101030000-304,entity_matcher_rejected,"Stock Market Live Updates January 1, 2025: Stock to buy today: Petronet LNG (₹346) BUY",https://www.thehindubusinessline.com/markets/share-market-nifty-sensex-live-updates-january-1-2025/article69047392.ece,thehindubusinessline.com,20250101030000,Entity matcher rejected (no positive signal or matched exclusion)
20250101034500-T67,entity_matcher_rejected,Sensex falls in final session of 2024,https://www.tarunbharat.com/sensex-falls-in-final-session-of-2024/,tarunbharat.com,20250101034500,Entity matcher rejected (no positive signal or matched exclusion)
20250101053000-99,entity_matcher_rejected,Indices: Stock market update: Nifty IT index 0.03% in an upbeat market,https://economictimes.indiatimes.com/markets/stocks/stock-watch/stock-market-update-nifty-it-index-0-03-in-an-upbeat-market/articleshow/116846952.cms,indiatimes.com,20250101053000,Entity matcher rejected (no positive signal or matched exclusion)
20250101113000-399,entity_matcher_rejected,Indices: Stock market update: Nifty IT index 0.08%,https://economictimes.indiatimes.com/markets/stocks/stock-watch/stock-market-update-nifty-it-index-0-08/articleshow/116855852.cms,indiatimes.com,20250101113000,Entity matcher rejected (no positive signal or matched exclusion)
20250101113000-T2609,entity_matcher_rejected,"यूपी के युवाओं के लिए बड़ी खुशखबरी, योगी सरकार ने रोजगार मिशन का किया गठन... विदेशों में भी नौकरी के अवसर - uttar pradesh Rojgar Mission to Provide Employment Opportunities for Youth by yogi government",https://www.jagran.com/uttar-pradesh/lucknow-city-uttar-pradesh-rojgar-mission-to-provide-employment-opportunities-for-youth-by-yogi-government-23859308.html,jagran.com,20250101113000,Entity matcher rejected (no positive signal or matched exclusion)
20250101120000-639,entity_matcher_rejected,"IT Cos: Will AI, Like Y2K, Be Gamechanger? - Rediff.com Business",https://www.rediff.com/business/special/it-cos-will-ai-like-y2k-be-gamechanger/20250101.htm,rediff.com,20250101120000,Entity matcher rejected (no positive signal or matched exclusion)
20250101120000-547,entity_matcher_rejected,The visas dividing MAGA world help power the US tech industry,https://www.livemint.com/industry/the-visas-dividing-maga-world-help-power-the-us-tech-industry-11735729071586.html,livemint.com,20250101120000,Entity matcher rejected (no positive signal or matched exclusion)
20250101131500-685,entity_matcher_rejected,"Sensex declines 109 pts in final session, ends 2024 with over 8 pc gains",https://www.dailypioneer.com/2025/business/sensex-declines-109-pts-in-final--session--ends-2024-with-over-8-pc-gains.html,dailypioneer.com,20250101131500,Entity matcher rejected (no positive signal or matched exclusion)
20250101143000-2,entity_matcher_rejected,From Bengal's Silicon Valley to the Kalighat skywalk: 5 expected gains for West Bengal this year | Kolkata News,https://indianexpress.com/article/cities/kolkata/west-bengal-silicon-valley-kalighat-skywalk-west-bengal-expected-gains-9755035/,indianexpress.com,20250101143000,Entity matcher rejected (no positive signal or matched exclusion)
20250101193000-204,entity_matcher_rejected,"India intensifies lobbying against H-1B curbs, in touch with US govt 'at every level'",https://www.sott.net/article/496966-India-intensifies-lobbying-against-H-1B-curbs-in-touch-with-US-govt-at-every-level,sott.net,20250101193000,Entity matcher rejected (no positive signal or matched exclusion)
20250102001500-T1091,entity_matcher_rejected,TCS-Patrouilleur über die Tücken des Abschleppseils,https://www.oltnertagblatt.ch/solothurn/kanton-solothurn/stuetzpunkt-oensingen-fuer-sorglose-und-sichere-fahrt-unterwegs-mit-dem-tcs-pannendienst-auf-den-solothurner-strassen-ld.2715257,oltnertagblatt.ch,20250102001500,Entity matcher rejected (no positive signal or matched exclusion)
20250102011500-262,entity_matcher_rejected,I'd buy these 2 ASX ETFs for income and diversification in 2025,https://www.fool.com.au/2025/01/02/id-buy-these-2-asx-etfs-for-income-and-diversification-in-2025/,fool.com.au,20250102011500,Entity matcher rejected (no positive signal or matched exclusion)
20250102051500-2,entity_matcher_rejected,Markets climb in early trade on buying in IT bank stocks,https://www.theweek.in/wire-updates/business/2025/01/02/del5-biz-stocks-open.html,theweek.in,20250102051500,Entity matcher rejected (no positive signal or matched exclusion)
20250102053000-457,entity_matcher_rejected,"Markets climb in early trade on buying in IT, bank stocks",https://indianexpress.com/article/cities/mumbai/markets-climb-in-early-trade-on-buying-in-it-bank-stocks-9755831/,indianexpress.com,20250102053000,Entity matcher rejected (no positive signal or matched exclusion)
20250102060000-197,entity_matcher_rejected,"Sensex, Nifty climb in early trade on buying in IT, bank stocks",https://www.thehindu.com/business/markets/sensex-nifty-updates-on-january-2-2025/article69052607.ece,thehindu.com,20250102060000,Entity matcher rejected (no positive signal or matched exclusion)
20250102070000-591,entity_matcher_rejected,"Markets climb in early trade on buying in IT, bank stocks",https://www.tribuneindia.com/news/business/markets-climb-in-early-trade-on-buying-in-it-bank-stocks/,tribuneindia.com,20250102070000,Entity matcher rejected (no positive signal or matched exclusion)
20250102073000-337,entity_matcher_rejected,"Markets climb in early trade on buying in IT, bank stocks",https://indianexpress.com/article/business/market/markets-climb-in-early-trade-on-buying-in-it-bank-stocks-9755831/,indianexpress.com,20250102073000,Entity matcher rejected (no positive signal or matched exclusion)
20250102081500-T2343,entity_matcher_rejected,"Stock Market News: शेयर बाजार में छाई हरियाली, शुरुआती कारोबार में सेंसेक्स 242 अंक उछला",https://www.dainiktribuneonline.com/news/nation/stock-market-news-greenery-prevails-in-the-stock-market-sensex-jumps-242-points-in-early-trade/,dainiktribuneonline.com,20250102081500,Entity matcher rejected (no positive signal or matched exclusion)
20250102083000-666,entity_matcher_rejected,"Share Market UP Today: Sensex soars 1,000 pts, Nifty rallies past 24,000 on earnings optimism and consumption revival: Top factors at play",https://www.moneycontrol.com/news/business/markets/sensex-higher-nifty-rallies-past-200-dma-on-earnings-optimism-and-consumption-revival-top-factors-at-play-12901908.html,moneycontrol.com,20250102083000,Entity matcher rejected (no positive signal or matched exclusion)
20250102100000-1109,entity_matcher_rejected,What does 2025 hold for India's IT services sector?,https://economictimes.indiatimes.com/news/company/corporate-trends/2025-forecast-what-does-2025-hold-for-indias-it-services-sector-tech-jobs-it-hiring-it-sector/articleshow/116880465.cms,indiatimes.com,20250102100000,Entity matcher rejected (no positive signal or matched exclusion)
20250102114500-160,entity_matcher_rejected,"Markets climb in early trade on buying in IT, bank stocks",https://www.dailypioneer.com/2025/business/markets-climb-in-early-trade-on-buying-in-it--bank-stocks.html,dailypioneer.com,20250102114500,Entity matcher rejected (no positive signal or matched exclusion)
20250102164500-790,entity_matcher_rejected,"BSNL nears milestone of 100,000 made-in-India 4G towers",https://www.rcrwireless.com/20250102/featured/bsnl-4g-towers,rcrwireless.com,20250102164500,Entity matcher rejected (no positive signal or matched exclusion)
20250102191500-973,entity_matcher_rejected,Indian IT companies may have little to worry about H-1B visa says report; suggests these 'changes' in the visa programme,https://timesofindia.indiatimes.com/technology/tech-news/indian-it-companies-may-have-little-to-worry-about-h-1b-visa-says-report-suggests-these-changes-in-the-visa-programme/articleshow/116893698.cms,indiatimes.com,20250102191500,Entity matcher rejected (no positive signal or matched exclusion)
20250102203000-T428,entity_matcher_rejected,మిలీనియం టవర్స్‌లో టీసీఎస్‌ | TCS at Millennium Towers,https://www.andhrajyothy.com/2025/andhra-pradesh/visakhapatnam/tcs-at-millennium-towers-1355164.html,andhrajyothy.com,20250102203000,Entity matcher rejected (no positive signal or matched exclusion)
20250102234500-T228,entity_matcher_rejected,TCS: ఐటీ ఫలితాలు మురిపిస్తాయ్‌,https://www.eenadu.net/telugu-news/business/tcs-third-quarter-figures-on-9th-of-this-month/0101/125001337,eenadu.net,20250102234500,Entity matcher rejected (no positive signal or matched exclusion)
20250103001500-1340,entity_matcher_rejected,"Third-Party Banking Software Market to Grow by USD 10.56 Billion (2025-2029), Digital Payment Solutions Boost Growth, AI Impact on Market Trends",https://www.prnewswire.com/news-releases/third-party-banking-software-market-to-grow-by-usd-10-56-billion-2025-2029-digital-payment-solutions-boost-growth-ai-impact-on-market-trends---technavio-302340472.html,prnewswire.com,20250103001500,Entity matcher rejected (no positive signal or matched exclusion)
20250103001500-1509,entity_matcher_rejected,"Third-Party Banking Software Market to Grow by USD 10.56 Billion (2025-2029), Digital Payment Solutions Boost Growth, AI Impact on Market Trends",https://www.tmcnet.com/usubmit/2025/01/02/10125630.htm,tmcnet.com,20250103001500,Entity matcher rejected (no positive signal or matched exclusion)
20250103001500-T16,entity_matcher_rejected,"Investments: భారీ పెట్టుబడులు సాకారం! | State Cabinet Approves BPC, TCS Projects, Attracting Major Investments",https://www.andhrajyothy.com/2025/andhra-pradesh/state-cabinet-approves-bpc-tcs-projects-attracting-major-investments-1355208.html,andhrajyothy.com,20250103001500,Entity matcher rejected (no positive signal or matched exclusion)
20250103004500-385,entity_matcher_rejected,"Third-Party Banking Software Market to Grow by USD 10.56 Billion (2025-2029), Digital Payment Solutions Boost Growth, AI Impact on Market Trends",https://www.lelezard.com/en/news-21654637.html,lelezard.com,20250103004500,Entity matcher rejected (no positive signal or matched exclusion)
20250103010000-391,entity_matcher_rejected,TCS World Travel announces 2017 trip schedule,https://eturbonews.com/tcs-world-travel-announces-2017-trip-schedule/,eturbonews.com,20250103010000,Entity matcher rejected (no positive signal or matched exclusion)
20250103060000-779,entity_matcher_rejected,"India News | Markets Decline in Initial Trade Dragged by Bank, IT Stocks",https://www.latestly.com/agency-news/india-news-markets-decline-in-initial-trade-dragged-by-bank-it-stocks-6537230.html,latestly.com,20250103060000,Entity matcher rejected (no positive signal or matched exclusion)
20250103060000-796,entity_matcher_rejected,"Markets decline in initial trade dragged by bank, IT stocks",https://indianexpress.com/article/business/market/markets-decline-in-initial-trade-dragged-by-bank-it-stocks-9757735/,indianexpress.com,20250103060000,Entity matcher rejected (no positive signal or matched exclusion)
20250103060000-213,entity_matcher_rejected,"Markets decline in initial trade dragged by bank, IT stocks",https://www.thehindu.com/business/markets/sensex-and-nifty-updates-on-january-3-2024/article69056443.ece,thehindu.com,20250103060000,Entity matcher rejected (no positive signal or matched exclusion)
20250103064500-282,entity_matcher_rejected,"Markets decline in initial trade dragged by bank, IT stocks",https://www.tribuneindia.com/news/business/markets-decline-in-initial-trade-dragged-by-bank-it-stocks/,tribuneindia.com,20250103064500,Entity matcher rejected (no positive signal or matched exclusion)
20250103074500-250,entity_matcher_rejected,"Infosys, TCS make global top 5 beneficiaries of H-1B visa, beat Meta, Apple: Report",https://www.moneycontrol.com/technology/infosys-tcs-among-top-5-global-beneficiaries-of-h-1b-visa-ahead-of-meta-apple-report-article-12902696.html,moneycontrol.com,20250103074500,Entity matcher rejected (no positive signal or matched exclusion)
20250103084500-69,entity_matcher_rejected,This is how you should invest in Indian tech stocks in 2025,https://timesofindia.indiatimes.com/this-is-how-you-should-invest-in-indian-tech-stocks-in-2025/articleshow/116908962.cms,indiatimes.com,20250103084500,Entity matcher rejected (no positive signal or matched exclusion)
20250103094500-T199,entity_matcher_rejected,"Indian Stock Market में बढ़ा चीनी निवेश, चीन के केंद्रीय बैंक ने चुपके से बना लिया 40,000 करोड़ का पोर्टफोलियो - growing interest of chinese investors in indian stock market",https://www.punjabkesari.in/business/news/growing-interest-of-chinese-investors-in-indian-stock-market-2084027,punjabkesari.in,20250103094500,Entity matcher rejected (no positive signal or matched exclusion)
20250103113000-324,entity_matcher_rejected,"Sensex, Nifty tank nearly 1% on selloff in banking, IT stocks",https://www.thehindu.com/business/markets/sensex-nifty-tank-nearly-1-on-selloff-in-banking-it-stocks/article69057252.ece,thehindu.com,20250103113000,Entity matcher rejected (no positive signal or matched exclusion)
20250103113000-T2309,entity_matcher_rejected,"Share Market Today: शेयर बाजार में निवेशकों के ₹80,000 करोड़ डूबे, सेंसेक्स में 720 अंकों की तेज गिरावट",https://hindi.moneycontrol.com/news/markets/share-market-today-sensex-falls-720-points-nifty-downs-at-24000-investors-wealth-drops-rs-80000-crore-1948264.html,moneycontrol.com,20250103113000,Entity matcher rejected (no positive signal or matched exclusion)
20250103114500-44,entity_matcher_rejected,Stock Market Sectors: Stock market update: Fertilisers stocks up as market falls,https://economictimes.indiatimes.com/markets/stocks/stock-watch/stock-market-update-fertilisers-stocks-up-as-market-falls/articleshow/116915916.cms,indiatimes.com,20250103114500,Entity matcher rejected (no positive signal or matched exclusion)
20250103114500-676,entity_matcher_rejected,Indices: Stock market update: Nifty IT index 1.41%,https://economictimes.indiatimes.com/markets/stocks/stock-watch/stock-market-update-nifty-it-index-1-41/articleshow/116915566.cms,indiatimes.com,20250103114500,Entity matcher rejected (no positive signal or matched exclusion)
20250103120000-1016,entity_matcher_rejected,Sensex Nifty tank nearly 1 pc on selloff in banking IT stocks,https://www.theweek.in/wire-updates/business/2025/01/03/del40-biz-stocks-close.html,theweek.in,20250103120000,Entity matcher rejected (no positive signal or matched exclusion)
20250103121500-522,entity_matcher_rejected,"Sensex Tanks 720.60 Points To Settle At 79,223",https://zeenews.india.com/economy/sensex-tanks-720-60-points-to-settle-at-79223-2839156.html,india.com,20250103121500,Entity matcher rejected (no positive signal or matched exclusion)
20250103134500-707,entity_matcher_rejected,"Sensex, Nifty tank nearly 1 pc on selloff in banking, IT stocks",https://www.dailyexcelsior.com/sensex-nifty-tank-nearly-1-pc-on-selloff-in-banking-it-stocks/,dailyexcelsior.com,20250103134500,Entity matcher rejected (no positive signal or matched exclusion)
20250103140000-T407,entity_matcher_rejected,ब्रेकिंग - Daily Kesari,https://www.dailykesari.com/%5C%E0%A4%AC%E0%A5%8D%E0%A4%B0%E0%A5%87%E0%A4%95%E0%A4%BF%E0%A4%82%E0%A4%97%5C20816%5C%E0%A4%B6%E0%A5%87%E0%A4%85%E0%A4%B0-%E0%A4%AC%E0%A4%BE%E0%A4%9C%E0%A4%BE%E0%A4%B0%E0%A4%BE%E0%A4%A4-%E0%A4%98%E0%A4%B8%E0%A4%B0%E0%A4%A3,dailykesari.com,20250103140000,Entity matcher rejected (no positive signal or matched exclusion)
20250103140000-T410,entity_matcher_rejected,News - Daily Kesari,https://www.dailykesari.com/News/20816/%E0%A4%B6%E0%A5%87%E0%A4%85%E0%A4%B0-%E0%A4%AC%E0%A4%BE%E0%A4%9C%E0%A4%BE%E0%A4%B0%E0%A4%BE%E0%A4%A4-%E0%A4%98%E0%A4%B8%E0%A4%B0%E0%A4%A3,dailykesari.com,20250103140000,Entity matcher rejected (no positive signal or matched exclusion)
20250103181500-T2230,entity_matcher_rejected,"बैंकों, आईटी शेयरों में बिकवाली से बाजार गिरा, सेंसेक्स 720 अंक लुढ़का",https://www.loktej.com/article/117444/market-fell-due-to-selling-in-banks--it-shares--sensex-fell-720-points,loktej.com,20250103181500,Entity matcher rejected (no positive signal or matched exclusion)
20250103184500-1050,entity_matcher_rejected,Top companies that have been major sponsors of H-1B visas,https://americanbazaaronline.com/2025/01/03/top-companies-that-have-historically-been-major-sponsors-of-h-1b-visas/,americanbazaaronline.com,20250103184500,Entity matcher rejected (no positive signal or matched exclusion)
20250103190000-1798,entity_matcher_rejected,Furor over worker visas is all about Musk and his money | Editorial,https://www.sun-sentinel.com/2025/01/03/furor-over-worker-visas-is-all-about-musk-and-his-money-editorial/,sun-sentinel.com,20250103190000,Entity matcher rejected (no positive signal or matched exclusion)
20250103231500-31,entity_matcher_rejected,Uniqlo and 7-Eleven Earnings Expected to Describe Challenges,https://www.pymnts.com/earnings/2025/report-uniqlo-and-7-eleven-earnings-reports-expected-to-describe-challenges/,pymnts.com,20250103231500,Entity matcher rejected (no positive signal or matched exclusion)
20250103231500-T413,entity_matcher_rejected,TCS presenta las tendencias que transformarán las industrias en 2025,https://ebizlatam.com/tcs-presenta-las-tendencias-que-transformaran-las-industrias-en-2025/,ebizlatam.com,20250103231500,Entity matcher rejected (no positive signal or matched exclusion)
20250103233000-T7,entity_matcher_rejected,stock market updates sensex fall by 720 points नफावसुलीने सेन्सेक्सची ७२० अंश माघार,https://www.loksatta.com/business/finance/stock-market-updates-sensex-fall-by-720-points-print-eco-news-css-98-4806430/,loksatta.com,20250103233000,Entity matcher rejected (no positive signal or matched exclusion)
20250104071500-257,entity_matcher_rejected,This is how you should invest in Indian tech stocks in 2025,https://timesofindia.indiatimes.com/toi-plus/technology/this-is-how-you-should-invest-in-indian-tech-stocks-in-2025/articleshow/116908962.cms,indiatimes.com,20250104071500,Entity matcher rejected (no positive signal or matched exclusion)
20250104123000-771,entity_matcher_rejected,"Crorepati goal through SIPs: Rs 2,600 a month in this fund for 24 years gave more than Rs 1 crore; check details",https://www.businesstoday.in/personal-finance/investment/story/crorepati-goal-through-sips-rs-2600-a-month-in-this-fund-for-24-years-gave-more-than-rs-1-crore-check-details-459594-2025-01-04,businesstoday.in,20250104123000,Entity matcher rejected (no positive signal or matched exclusion)
20250105041500-70,entity_matcher_rejected,Many sides to the H1B visa debate - The Statesman,https://www.thestatesman.com/opinion/many-sides-to-the-h1b-visa-debate-1503383056.html,thestatesman.com,20250105041500,Entity matcher rejected (no positive signal or matched exclusion)
20250105064500-58,entity_matcher_rejected,Indian-origin tech firms corner 1/5th of H-1B visas issued by US,https://indianexpress.com/article/news-today/indian-origin-tech-firms-corner-1-5th-of-h-1b-visas-issued-by-us-9760843/,indianexpress.com,20250105064500,Entity matcher rejected (no positive signal or matched exclusion)
20250105070000-112,entity_matcher_rejected,"Market Capitalisation of four of top-10 most valued firms erode by ₹96,605.66 crore; HDFC Bank hit hard",https://www.thehindu.com/business/markets/market-capitalisation-of-four-of-top-10-most-valued-firms-erode-by-9660566-crore-hdfc-bank-hit-hard/article69064106.ece,thehindu.com,20250105070000,Entity matcher rejected (no positive signal or matched exclusion)
20250105071500-322,entity_matcher_rejected,Indian-origin tech firms corner 1/5th of H1B visas issued by US,https://www.thehindubusinessline.com/info-tech/indian-origin-tech-firms-corner-15th-of-h1b-visas-issued-by-us/article69064056.ece,thehindubusinessline.com,20250105071500,Entity matcher rejected (no positive signal or matched exclusion)
20250105071500-571,entity_matcher_rejected,"Global Cues, FII Activity, Quarterly Earnings Major Drivers For Markets This Week: Analysts",https://www.news18.com/business/markets/global-trends-earnings-fii-trading-activity-major-drivers-for-markets-this-week-analysts-9177543.html,news18.com,20250105071500,Entity matcher rejected (no positive signal or matched exclusion)
20250105071500-402,entity_matcher_rejected,"Mcap of four of top-10 most valued firms erode by ₹96,605.66 cr; HDFC Bank hit hard",https://www.thehindubusinessline.com/markets/mcap-of-four-of-top-10-most-valued-firms-erode-by-9660566-cr-hdfc-bank-hit-hard/article69064051.ece,thehindubusinessline.com,20250105071500,Entity matcher rejected (no positive signal or matched exclusion)
20250105083000-60,entity_matcher_rejected,"Market valuation of four of top 10 most valued firms erode by Rs 96,605.66 crore",https://www.thestatesman.com/business/market-valuation-of-four-of-top-10-most-valued-firms-erode-by-rs-96605-66-crore-1503383064.html,thestatesman.com,20250105083000,Entity matcher rejected (no positive signal or matched exclusion)
20250105084500-220,entity_matcher_rejected,"Dalal Street Week Ahead: Q3 earnings, FOMC minutes, US unemployment rate among 10 key factors to watch",https://www.moneycontrol.com/news/business/markets/dalal-street-week-ahead-q3-earnings-fomc-minutes-us-unemployment-rate-among-10-key-factors-to-watch-12903567.html,moneycontrol.com,20250105084500,Entity matcher rejected (no positive signal or matched exclusion)
20250105103000-308,entity_matcher_rejected,Indian-origin tech firms corner 1/5th of H1B visas issued by US,https://www.tribuneindia.com/news/business/indian-origin-tech-firms-corner-1-5th-of-h1b-visas-issued-by-us/,tribuneindia.com,20250105103000,Entity matcher rejected (no positive signal or matched exclusion)
20250105111500-T182,entity_matcher_rejected,"Market This Week: इस हफ्ते किस ओर बढ़ेगा शेयर बाजार; Q3 नतीजे, US बेरोजगारी दर समेत ये फैक्टर करेंगे तय",https://hindi.moneycontrol.com/news/markets/dalal-street-week-ahead-key-factors-that-determine-market-dynamics-next-week-q3-earnings-fomc-minutes-us-unemployment-rate-1948575.html,moneycontrol.com,20250105111500,Entity matcher rejected (no positive signal or matched exclusion)
20250105113000-682,entity_matcher_rejected,"Mcap of four of top-10 most valued firms erode by Rs 96,605.66 cr; HDFC Bank hit hard",https://www.orissapost.com/mcap-of-four-of-top-10-most-valued-firms-erode-by-rs-96605-66-cr-hdfc-bank-hit-hard/,orissapost.com,20250105113000,Entity matcher rejected (no positive signal or matched exclusion)
20250105113000-88,entity_matcher_rejected,Indian-origin tech firms corner 1/5th of H1B visas issued by U.S.,https://www.thehindu.com/news/national/indian-origin-tech-firms-corner-15th-of-h1b-visas-issued-by-us/article69064437.ece,thehindu.com,20250105113000,Entity matcher rejected (no positive signal or matched exclusion)
20250105144500-92,entity_matcher_rejected,"Top News Of Jan 5: Chopper Crash, Ramesh Bidhuri's Sexist Remark, Golden Globes, OYO Says NO To Unmarried Couples, More",https://menafn.com/1109056382/Top-News-Of-Jan-5-Chopper-Crash-Ramesh-Bidhuris-Sexist-Remark-Golden-Globes-OYO-Says-NO-To-Unmarried-Couples-More,menafn.com,20250105144500,Entity matcher rejected (no positive signal or matched exclusion)
20250105151500-653,entity_matcher_rejected,Blockchain in Banking & Finance Market to See Huge Demand by 2030:,https://www.openpr.com/news/3803596/blockchain-in-banking-finance-market-to-see-huge-demand-by-2030,openpr.com,20250105151500,Entity matcher rejected (no positive signal or matched exclusion)
20250105164500-643,entity_matcher_rejected,Indian-origin tech firms corner 1/5th of H-1B visas,https://www.rediff.com/business/report/indian-origin-tech-firms-corner-15th-of-h-1b-visas/20250105.htm,rediff.com,20250105164500,Entity matcher rejected (no positive signal or matched exclusion)
20250105201500-T970,entity_matcher_rejected,"भारतीय टेक कंपनियों ने 2024 में 20 प्रतिशत अमेरिकी H1B वीजा हासिल किए, जानिए कौनसी कंपनी रही अव्वल",https://hindi.oneindia.com/news/international/indian-tech-companies-achieved-20-percent-american-h1b-visas-in-2024-1194187.html,oneindia.com,20250105201500,Entity matcher rejected (no positive signal or matched exclusion)
20250106011500-185,entity_matcher_rejected,"Tata Sons ends debt support for new businesses, focus on independent financing",https://economictimes.indiatimes.com/news/company/corporate-trends/tata-sons-ends-debt-support-for-new-businesses-focus-on-independent-financing/articleshow/116971235.cms,indiatimes.com,20250106011500,Entity matcher rejected (no positive signal or matched exclusion)
20250106011500-297,entity_matcher_rejected,Tata Cos Told to Stand on Own Feet Debt-wise,https://economictimes.indiatimes.com/epaper/delhicapital/2025/jan/06/et-front/tata-cos-told-to-stand-on-own-feet-debt-wise/articleshow/116973752.cms,indiatimes.com,20250106011500,Entity matcher rejected (no positive signal or matched exclusion)
20250106011500-720,entity_matcher_rejected,technology outsourcing industry: Currency tailwinds may help IT companies shake off seasonal December blues,https://economictimes.indiatimes.com/tech/information-tech/currency-tailwinds-may-help-it-companies-shake-off-seasonal-december-blues/articleshow/116971463.cms,indiatimes.com,20250106011500,Entity matcher rejected (no positive signal or matched exclusion)
20250106020000-T1126,entity_matcher_rejected,"Stocks to Watch: आज ITI Ltd और Saregama India समेत इन शेयरों से होगा प्रॉफिट, तेजी के संकेत",https://navbharattimes.indiatimes.com/business/share-market/share-news/stock-market-prediction-today-these-shares-including-iti-ltd-and-saregama-india-showing-bullish-bias/articleshow/116971165.cms,indiatimes.com,20250106020000,Entity matcher rejected (no positive signal or matched exclusion)
20250106020000-795,entity_matcher_rejected,Indian IT services companies shed reliance on H-1B visas,https://www.livemint.com/companies/indian-it-services-companies-shed-reliance-on-h-1b-visas-11735904527809.html,livemint.com,20250106020000,Entity matcher rejected (no positive signal or matched exclusion)
20250106040000-674,entity_matcher_rejected,"Tata Group Companies: Tata Sons ends debt support for new businesses, focus on independent financing, ET Retail",https://retail.economictimes.indiatimes.com/news/industry/tata-sons-ends-debt-support-for-new-businesses-focus-on-independent-financing/116979579,indiatimes.com,20250106040000,Entity matcher rejected (no positive signal or matched exclusion)
20250106043000-445,entity_matcher_rejected,Indian-origin tech firms corner 1/5th of H1B visas issued by US,https://www.tribuneindia.com/news/india/indian-origin-tech-firms-corner-1-5th-of-h1b-visas-issued-by-us-2/,tribuneindia.com,20250106043000,Entity matcher rejected (no positive signal or matched exclusion)
20250106044500-T657,entity_matcher_rejected,"Tata Group News,अपना इंतजाम खुद करो... नए साल में टाटा ग्रुप में बड़ा बदलाव, बंद कर दी कई साल पुरानी परंपरा - tata sons has directed the management of all group companies to independently manage their debts and liabilities",https://navbharattimes.indiatimes.com/business/business-news/tata-sons-has-directed-the-management-of-all-group-companies-to-independently-manage-their-debts-and-liabilities/articleshow/116980205.cms,indiatimes.com,20250106044500,Entity matcher rejected (no positive signal or matched exclusion)
20250106050000-770,entity_matcher_rejected,Markets pare early gains amid foreign fund outflows caution ahead of earnings season,https://www.theweek.in/wire-updates/business/2025/01/06/del5-biz-stocks-open.html,theweek.in,20250106050000,Entity matcher rejected (no positive signal or matched exclusion)
20250106053000-759,entity_matcher_rejected,Stock Market Sectors: Stock market update: Mining stocks down as market rises,https://economictimes.indiatimes.com/markets/stocks/stock-watch/stock-market-update-mining-stocks-down-as-market-rises/articleshow/116981530.cms,indiatimes.com,20250106053000,Entity matcher rejected (no positive signal or matched exclusion)
20250106054500-1048,entity_matcher_rejected,Stock Market Sectors: Stock market update: Fertilisers stocks down as market falls,https://economictimes.indiatimes.com/markets/stocks/stock-watch/stock-market-update-fertilisers-stocks-down-as-market-falls/articleshow/116982314.cms,indiatimes.com,20250106054500,Entity matcher rejected (no positive signal or matched exclusion)
20250106054500-695,entity_matcher_rejected,"Markets pare early gains amid foreign fund outflows, caution ahead of earnings season",https://www.thehindu.com/business/markets/markets-pare-early-gains-amid-foreign-fund-outflows-caution-ahead-of-earnings-season/article69066994.ece,thehindu.com,20250106054500,Entity matcher rejected (no positive signal or matched exclusion)
20250106061500-1092,entity_matcher_rejected,Stock Market Sectors: Stock market update: Sugar stocks down as market falls,https://economictimes.indiatimes.com/markets/stocks/stock-watch/stock-market-update-sugar-stocks-down-as-market-falls/articleshow/116982783.cms,indiatimes.com,20250106061500,Entity matcher rejected (no positive signal or matched exclusion)
20250106061500-934,entity_matcher_rejected,Stock Market Sectors: Stock market update: Power stocks down as market falls,https://economictimes.indiatimes.com/markets/stocks/stock-watch/stock-market-update-power-stocks-down-as-market-falls/articleshow/116982519.cms,indiatimes.com,20250106061500,Entity matcher rejected (no positive signal or matched exclusion)
20250106070000-133,entity_matcher_rejected,"Sensex Slides Over 1,100 Points, Nifty Loses 1.5 %",https://www.ndtv.com/business-news/sensex-slides-over-1-100-points-nifty-loses-1-5-in-stock-market-7409813,ndtv.com,20250106070000,Entity matcher rejected (no positive signal or matched exclusion)
20250106073000-346,entity_matcher_rejected,"Markets pare early gains amid foreign fund outflows, caution ahead of earnings season",https://www.tribuneindia.com/news/business/markets-pare-early-gains-amid-foreign-fund-outflows-caution-ahead-of-earnings-season/,tribuneindia.com,20250106073000,Entity matcher rejected (no positive signal or matched exclusion)
20250106074500-T411,entity_matcher_rejected,"भारत में HMPV Virus Entry से Stock Market Crash, सेंसेक्स-निफ्टी में बड़ी बिकवाली",https://hindi.pardaphash.com/stock-market-crash-in-india-due-to-hmpv-virus-entry-big-selling-in-sensex-nifty/,pardaphash.com,20250106074500,Entity matcher rejected (no positive signal or matched exclusion)
20250106080000-949,entity_matcher_rejected,"Sensex nosedives 1,000 pts, Nifty below 23,700: HMPV scare among key factors to get D-Street spooked today",https://www.moneycontrol.com/news/business/markets/sensex-nosedives-1-000-pts-nifty-below-23-700-hmpv-scare-among-key-factors-to-get-d-street-spooked-today-12904049.html,moneycontrol.com,20250106080000,Entity matcher rejected (no positive signal or matched exclusion)
20250106083000-674,entity_matcher_rejected,January effect favours IT stocks. These 5 factors can seal the fate of Nifty bulls,https://economictimes.indiatimes.com/markets/stocks/news/january-effect-favours-it-stocks-these-5-factors-can-seal-the-fate-of-nifty-bulls/articleshow/116987300.cms,indiatimes.com,20250106083000,Entity matcher rejected (no positive signal or matched exclusion)
20250106083000-T2269,entity_matcher_rejected,"'Kẻ hủy diệt Honda Air Blade' ra mắt giá 47,8 triệu đồng: Động cơ 150cc, có ABS và TCS xịn như SH",https://www.techz.vn/192-125-2-ke-huy-diet-honda-air-blade-ra-mat-gia-478-trieu-dong-dong-co-150cc-co-abs-va-tcs-xin-nhu-sh-ylt638932.html,techz.vn,20250106083000,Entity matcher rejected (no positive signal or matched exclusion)
20250106090000-T606,entity_matcher_rejected,"Big change in Tata Group: नए साल पर टाटा ग्रुप में बड़ा बदलाव, बंद कर दी कई साल पुरानी परंपरा! - big change in tata group on new year many years old tradition stopped",https://www.punjabkesari.in/business/news/big-change-in-tata-group-on-new-year-many-years-old-tradition-stopped-2085378,punjabkesari.in,20250106090000,Entity matcher rejected (no positive signal or matched exclusion)
20250106110000-547,entity_matcher_rejected,Indices: Stock market update: Nifty IT index 0.12%,https://economictimes.indiatimes.com/markets/stocks/stock-watch/stock-market-update-nifty-it-index-0-12/articleshow/116993029.cms,indiatimes.com,20250106110000,Entity matcher rejected (no positive signal or matched exclusion)
20250106111500-630,entity_matcher_rejected,"Sensex tanks over 1,400 points, Nifty falls below 23,600 as HMPV scare spreads to Indian stock markets",https://www.firstpost.com/business/sensex-tanks-over-1400-points-nifty-falls-below-23600-as-hmpv-scare-spreads-to-indian-stock-markets-13850308.html,firstpost.com,20250106111500,Entity matcher rejected (no positive signal or matched exclusion)
20250106113000-T1726,entity_matcher_rejected,"Tata Group News,अपना इंतजाम खुद करो... नए साल में टाटा ग्रुप में बड़ा बदलाव, बंद कर दी कई साल पुरानी परंपरा - tata sons has directed the management of all group companies to independently manage their debts and liabilities",https://navbharattimes.indiatimes.com/business/business-news/tata-sons-has-directed-the-management-of-all-group-companies-to-independently-manage-their-debts-and-liabilities/amp_articleshow/116980205.cms,indiatimes.com,20250106113000,Entity matcher rejected (no positive signal or matched exclusion)
20250106121500-1057,entity_matcher_rejected,"Banks, consumer firms drag Nifty as Q3 updates underwhelm",https://www.vccircle.com:443/banksconsumer-firms-drag-equities-as-q3-updates-underwhelm,vccircle.com,20250106121500,Entity matcher rejected (no positive signal or matched exclusion)
20250106124500-1558,entity_matcher_rejected,What's the future of digital twins?,https://www.creativebloq.com/3d/whats-the-future-of-digital-twins,creativebloq.com,20250106124500,Entity matcher rejected (no positive signal or matched exclusion)
20250106133000-T1591,entity_matcher_rejected,"Tin xe hot 6/1: 'Vua xe ga' 244cc xịn hơn Honda SH ra mắt giá 95 triệu đồng, có đủ ABS 2 kênh và TCS",https://www.techz.vn/192-125-5-tin-xe-hot-6-1-vua-xe-ga-244cc-xin-hon-honda-sh-ra-mat-gia-95-trieu-dong-co-du-abs-2-kenh-va-tcs-ylt638995.html,techz.vn,20250106133000,Entity matcher rejected (no positive signal or matched exclusion)
20250106190000-1142,entity_matcher_rejected,Trump faces twin challenge of immigration and H-1B visa,https://www.siasat.com/trump-faces-twin-challenge-of-immigration-and-h-1b-visa-3160719/,siasat.com,20250106190000,Entity matcher rejected (no positive signal or matched exclusion)
20250106200000-816,entity_matcher_rejected,The H-1B system is undercutting American workers: Just how bad is it?,https://www.sott.net/article/497062-The-H-1B-system-is-undercutting-American-workers-Just-how-bad-is-it,sott.net,20250106200000,Entity matcher rejected (no positive signal or matched exclusion)
20250106200000-T1327,entity_matcher_rejected,"Koniec 73. TCS. Wygrał Tschofenig, Wąsek ósmy w Bischofshofen i klasyfikacji końcowej","https://www.radiopik.pl/4,126169,koniec-73-tcs-wygral-tschofenig-wasek-osmy-w-bischofshofen-i-klasyfikacji-koncowej",radiopik.pl,20250106200000,Entity matcher rejected (no positive signal or matched exclusion)
20250106220000-1638,entity_matcher_rejected,Real time mainframe data in the AWS Cloud,https://bitpipe.computerweekly.com:443/detail/RES/1736177655_408.html,computerweekly.com,20250106220000,Entity matcher rejected (no positive signal or matched exclusion)
20250107031500-343,entity_matcher_rejected,Why the MAGA Fight Over H-1B Visas Is Crossing Party Lines,https://www.newyorker.com/news/the-financial-page/why-the-maga-fight-over-h-1b-visas-is-crossing-party-lines,newyorker.com,20250107031500,Entity matcher rejected (no positive signal or matched exclusion)
20250107041500-23,entity_matcher_rejected,FIIs bet $1 billion on IT stocks before Q3 results. Does it signal a happy new year?,https://economictimes.indiatimes.com/markets/stocks/news/fiis-bet-1-billion-on-it-stocks-before-q3-results-does-it-signal-a-happy-new-year/articleshow/117009315.cms,indiatimes.com,20250107041500,Entity matcher rejected (no positive signal or matched exclusion)
20250107051500-43,entity_matcher_rejected,Stock Market Sectors: Stock market update: Power stocks up as market rises,https://economictimes.indiatimes.com/markets/stocks/stock-watch/stock-market-update-power-stocks-up-as-market-rises/articleshow/117011182.cms,indiatimes.com,20250107051500,Entity matcher rejected (no positive signal or matched exclusion)
20250107051500-251,entity_matcher_rejected,Stock Market Sectors: Stock market update: Sugar stocks up as market rises,https://economictimes.indiatimes.com/markets/stocks/stock-watch/stock-market-update-sugar-stocks-up-as-market-rises/articleshow/117011008.cms,indiatimes.com,20250107051500,Entity matcher rejected (no positive signal or matched exclusion)
20250107054500-63,entity_matcher_rejected,"HCLTech rolls out salary hikes for junior employees, senior staff await increments",https://www.moneycontrol.com/technology/hcltech-rolls-out-salary-hikes-for-junior-employees-senior-staff-await-increments-article-12904643.html,moneycontrol.com,20250107054500,Entity matcher rejected (no positive signal or matched exclusion)
20250107061500-614,entity_matcher_rejected,Stock Market Sectors: Stock market update: FMCG stocks up as market rises,https://economictimes.indiatimes.com/markets/stocks/stock-watch/stock-market-update-fmcg-stocks-up-as-market-rises/articleshow/117012805.cms,indiatimes.com,20250107061500,Entity matcher rejected (no positive signal or matched exclusion)
20250107061500-833,entity_matcher_rejected,Indices: Stock market update: Nifty IT index 0.38% in an upbeat market,https://economictimes.indiatimes.com/markets/stocks/stock-watch/stock-market-update-nifty-it-index-0-38-in-an-upbeat-market/articleshow/117012640.cms,indiatimes.com,20250107061500,Entity matcher rejected (no positive signal or matched exclusion)
20250107063000-286,entity_matcher_rejected,active stocks: Share market update: Most active stocks of the day in terms of total traded value,https://economictimes.indiatimes.com/markets/stocks/stock-watch/share-market-update-most-active-stocks-of-the-day-in-terms-of-total-traded-value/articleshow/117013142.cms,indiatimes.com,20250107063000,Entity matcher rejected (no positive signal or matched exclusion)
20250107063000-683,entity_matcher_rejected,Stock Market Sectors: Stock market update: Mining stocks up as market rises,https://economictimes.indiatimes.com/markets/stocks/stock-watch/stock-market-update-mining-stocks-up-as-market-rises/articleshow/117013002.cms,indiatimes.com,20250107063000,Entity matcher rejected (no positive signal or matched exclusion)
20250107063000-175,entity_matcher_rejected,"HCLTech Delays Senior Staff Salary Increments, Rolls Out Hikes For Juniors: Report",https://www.news18.com/business/hcl-technologies-salary-hike-junior-employees-senior-staff-increments-9180320.html,news18.com,20250107063000,Entity matcher rejected (no positive signal or matched exclusion)
20250107074500-648,entity_matcher_rejected,HCLTech salary hike: HCLTech announces 1-4% wage hikes for junior employees,https://economictimes.indiatimes.com/tech/information-tech/hcltech-announces-wage-hikes-from-1-4-for-junior-employees/articleshow/117016153.cms,indiatimes.com,20250107074500,Entity matcher rejected (no positive signal or matched exclusion)
20250107104500-717,entity_matcher_rejected,Moneycontrol Pro Panorama | Belt tightening at Indian IT to pinch consumption,https://www.moneycontrol.com/news/business/economy/moneycontrol-pro-panorama-belt-tightening-at-indian-it-to-pinch-consumption-12904935.html,moneycontrol.com,20250107104500,Entity matcher rejected (no positive signal or matched exclusion)
20250107110000-1154,entity_matcher_rejected,active stocks: Share market update: Most active stocks of the day in terms of traded value,https://economictimes.indiatimes.com/markets/stocks/stock-watch/share-market-update-most-active-stocks-of-the-day-in-terms-of-traded-value/articleshow/117022956.cms,indiatimes.com,20250107110000,Entity matcher rejected (no positive signal or matched exclusion)
20250107110000-34,entity_matcher_rejected,Stock Market Sectors: Stock market update: Power stocks up as market rises,https://economictimes.indiatimes.com/markets/stocks/stock-watch/stock-market-update-power-stocks-up-as-market-rises/articleshow/117022705.cms,indiatimes.com,20250107110000,Entity matcher rejected (no positive signal or matched exclusion)
20250107113000-389,entity_matcher_rejected,Stock Market Sectors: Stock market update: FMCG stocks up as market rises,https://economictimes.indiatimes.com/markets/stocks/stock-watch/stock-market-update-fmcg-stocks-up-as-market-rises/articleshow/117023448.cms,indiatimes.com,20250107113000,Entity matcher rejected (no positive signal or matched exclusion)
20250107114500-891,entity_matcher_rejected,"Market benchmarks rebound after two-day decline as Reliance, ICICI Bank rally",https://www.thehindu.com/business/markets/market-benchmarks-rebound-after-two-day-decline-as-reliance-icici-bank-rally/article69072061.ece,thehindu.com,20250107114500,Entity matcher rejected (no positive signal or matched exclusion)
20250107120000-441,entity_matcher_rejected,"Microsoft to invest $3 billion in AI, cloud expansion in India",https://www.orissapost.com/microsoft-to-invest-3-billion-in-ai-cloud-expansion-in-india/,orissapost.com,20250107120000,Entity matcher rejected (no positive signal or matched exclusion)
20250107120000-511,entity_matcher_rejected,share market: Share market update: Most active stocks in today's market in terms of volume,https://economictimes.indiatimes.com/markets/stocks/stock-watch/share-market-update-most-active-stocks-in-todays-market-in-terms-of-volume/articleshow/117024609.cms,indiatimes.com,20250107120000,Entity matcher rejected (no positive signal or matched exclusion)
20250107121500-510,entity_matcher_rejected,Indices: Stock market update: Nifty IT index 0.68%,https://economictimes.indiatimes.com/markets/stocks/stock-watch/stock-market-update-nifty-it-index-0-68/articleshow/117025353.cms,indiatimes.com,20250107121500,Entity matcher rejected (no positive signal or matched exclusion)
20250107143000-557,entity_matcher_rejected,Microsoft's $3 billion India AI bet; Mobikwik earnings,https://economictimes.indiatimes.com/tech/newsletters/tech-top-5/microsofts-3-billion-india-investment-mobikwik-q2-report/articleshow/117027245.cms,indiatimes.com,20250107143000,Entity matcher rejected (no positive signal or matched exclusion)
20250107143000-T2798,entity_matcher_rejected,"शेयर बाजार में गिरावट का सिलसिला थमा, सेंसेक्स 234 अंक चढ़ा",https://www.loktej.com/article/118757/the-trend-of-decline-in-the-stock-market-stopped--sensex-rose-by-234-points,loktej.com,20250107143000,Entity matcher rejected (no positive signal or matched exclusion)
20250107150000-1671,entity_matcher_rejected,"Market recovers previous losses; Nifty inches towards 23,800",https://www.thestatesman.com/business/market-recovers-previous-losses-nifty-inches-towards-23800-1503383905.html,thestatesman.com,20250107150000,Entity matcher rejected (no positive signal or matched exclusion)
20250107150000-T504,entity_matcher_rejected,"HCLTech के जूनियर एंप्लॉयीज की सैलरी में मामूली बढ़ोतरी, सीनियर स्टाफ को करना होगा इंतजार",https://hindi.moneycontrol.com/news/india/jobs/hcltech-delays-senior-staff-salary-increments-rolls-out-hikes-for-juniors-1949110.html,moneycontrol.com,20250107150000,Entity matcher rejected (no positive signal or matched exclusion)
20250107153000-1256,entity_matcher_rejected,"Microsoft to invest $3 bn in AI, cloud expansion in India",https://www.dailyexcelsior.com/microsoft-to-invest-usd-3-bn-in-india-for-cloud-and-ai-expansion-nadella/,dailyexcelsior.com,20250107153000,Entity matcher rejected (no positive signal or matched exclusion)
20250107154500-2009,entity_matcher_rejected,"RIL, ICICI Bank rally helps Sensex gain 234 points",https://www.rediff.com/business/report/ril-icici-bank-rally-helps-sensex-gain-234-points/20250107.htm,rediff.com,20250107154500,Entity matcher rejected (no positive signal or matched exclusion)
20250107160000-909,entity_matcher_rejected,Application Management: Enhancing Efficiency and Strategy -,https://newswire.net/business/top-10-application-management-services-companies-shaping-the-future-in-2025.html,newswire.net,20250107160000,Entity matcher rejected (no positive signal or matched exclusion)
20250107210000-113,entity_matcher_rejected,Microsoft's Nadella pledges $3 billion India AI investment,https://newsindiatimes.com/microsofts-nadella-pledges-3-billion-india-ai-investment/,newsindiatimes.com,20250107210000,Entity matcher rejected (no positive signal or matched exclusion)
20250107211500-143,entity_matcher_rejected,Market benchmarks rebound after a two-day decline,https://www.dailypioneer.com/2025/business/market-benchmarks-rebound-after-a-two-day-decline.html,dailypioneer.com,20250107211500,Entity matcher rejected (no positive signal or matched exclusion)
20250107211500-1529,entity_matcher_rejected,What's the importance of H-1B visas in Mississippi?,https://www.yahoo.com/news/importance-h-1b-visas-mississippi-184920698.html,yahoo.com,20250107211500,Entity matcher rejected (no positive signal or matched exclusion)
20250107211500-111,entity_matcher_rejected,AI agent 生态系统公司Stock Ticker - 博客,https://blog.wenxuecity.com/myblog/80341/202501/5329.html,wenxuecity.com,20250107211500,Entity matcher rejected (no positive signal or matched exclusion)
20250107220000-1644,entity_matcher_rejected,Indian tech companies secured one fifth of H-1B visas in 2024,https://americanbazaaronline.com/2025/01/07/indian-tech-companies-secured-one-fifth-of-h-1b-visas-in-2024458150/,americanbazaaronline.com,20250107220000,Entity matcher rejected (no positive signal or matched exclusion)
20250108013000-T1097,entity_matcher_rejected,"Stocks to Watch: आज Intellect Design और PTC Industries समेत इन शेयरों में दिखेगा ऐक्‍शन, लगाएंगे दांव?",https://navbharattimes.indiatimes.com/business/share-market/share-news/stock-market-prediction-today-these-shares-including-intellect-design-and-ptc-industries-showing-bullish-bias/articleshow/117033233.cms,indiatimes.com,20250108013000,Entity matcher rejected (no positive signal or matched exclusion)
20250108020000-323,entity_matcher_rejected,H-1B visa backlash shows Indians they're not so special anymore,https://economictimes.indiatimes.com/nri/work/h-1b-visa-backlash-shows-indians-theyre-not-so-special-anymore/articleshow/117037972.cms,indiatimes.com,20250108020000,Entity matcher rejected (no positive signal or matched exclusion)
20250108074500-157,entity_matcher_rejected,"Sensex falls 600 pts, Nifty below 23,550: Global cues, Q3 earnings jitters among key factors behind market decline today",https://www.moneycontrol.com/news/business/markets/sensex-falls-550-pts-nifty-below-23-550-global-cues-q3-earnings-jitters-among-key-factors-behind-market-decline-today-12905527.html,moneycontrol.com,20250108074500,Entity matcher rejected (no positive signal or matched exclusion)
20250108084500-134,entity_matcher_rejected,BSNL and Echelon Edge deploy private 5G for coal mine operator,https://developingtelecoms.com/telecom-technology/enterprise-ecosystems/17822-bsnl-and-echelon-edge-deploy-private-5g-for-coal-mine-operator.html,developingtelecoms.com,20250108084500,Entity matcher rejected (no positive signal or matched exclusion)
20250108093000-759,entity_matcher_rejected,"Microsoft to invest $3 billion in AI, cloud expansion in India",https://www.thehitavada.com/Encyc/2025/1/8/Microsoft-to-invest-3-billion-in-AI-cloud-expansion-in-India.html,thehitavada.com,20250108093000,Entity matcher rejected (no positive signal or matched exclusion)
20250108093000-T343,entity_matcher_rejected,"Share Market: शेयर बाजार में इन 6 कारणों से भारी उठापटक, सेंसेक्स पहले 600 अंक टूटा, फिर हुआ पूरा रिकवर",https://hindi.moneycontrol.com/news/markets/share-market-down-today-on-6-main-reasons-sensex-tumbles-600-points-nifty-declines-below-23550-details-1949289.html,moneycontrol.com,20250108093000,Entity matcher rejected (no positive signal or matched exclusion)
20250108103000-942,entity_matcher_rejected,"IT sector Q3 results preview: Seasonal furloughs to weigh on growth, margin expansion expected, say analysts",https://www.financialexpress.com/business/industry-it-sector-q3-results-preview-seasonal-furloughs-to-weigh-on-growth-margin-expansion-expected-say-analysts-3710297/,financialexpress.com,20250108103000,Entity matcher rejected (no positive signal or matched exclusion)
20250108110000-498,entity_matcher_rejected,active stocks: Share market update: Most active stocks of the day in terms of traded value,https://economictimes.indiatimes.com/markets/stocks/stock-watch/share-market-update-most-active-stocks-of-the-day-in-terms-of-traded-value/articleshow/117052757.cms,indiatimes.com,20250108110000,Entity matcher rejected (no positive signal or matched exclusion)
20250108111500-244,entity_matcher_rejected,Markets settle marginally lower on muted GDP growth projection HDFC ICICI Bank major drag,https://www.theweek.in/wire-updates/business/2025/01/08/del24-biz-stocks-close.html,theweek.in,20250108111500,Entity matcher rejected (no positive signal or matched exclusion)
20250108113000-69,entity_matcher_rejected,Stock Market Sectors: Stock market update: Fertilisers stocks down as market falls,https://economictimes.indiatimes.com/markets/stocks/stock-watch/stock-market-update-fertilisers-stocks-down-as-market-falls/articleshow/117053673.cms,indiatimes.com,20250108113000,Entity matcher rejected (no positive signal or matched exclusion)
20250108113000-1244,entity_matcher_rejected,Stock Market Sectors: Stock market update: Sugar stocks down as market falls,https://economictimes.indiatimes.com/markets/stocks/stock-watch/stock-market-update-sugar-stocks-down-as-market-falls/articleshow/117053814.cms,indiatimes.com,20250108113000,Entity matcher rejected (no positive signal or matched exclusion)
20250108114500-347,entity_matcher_rejected,Stock Market Sectors: Stock market update: Mining stocks down as market falls,https://economictimes.indiatimes.com/markets/stocks/stock-watch/stock-market-update-mining-stocks-down-as-market-falls/articleshow/117054204.cms,indiatimes.com,20250108114500,Entity matcher rejected (no positive signal or matched exclusion)
20250108120000-620,entity_matcher_rejected,Stock Market Sectors: Stock market update: FMCG stocks down as market falls,https://economictimes.indiatimes.com/markets/stocks/stock-watch/stock-market-update-fmcg-stocks-down-as-market-falls/articleshow/117054646.cms,indiatimes.com,20250108120000,Entity matcher rejected (no positive signal or matched exclusion)
20250108120000-1021,entity_matcher_rejected,"Markets settle marginally lower on muted GDP growth projection; HDFC, ICICI Bank major drag",https://www.thehindu.com/business/markets/markets-settle-marginally-lower-on-muted-gdp-growth-projection-hdfc-icici-bank-major-drag/article69076150.ece,thehindu.com,20250108120000,Entity matcher rejected (no positive signal or matched exclusion)
20250108121500-1468,entity_matcher_rejected,Stock Market Sectors: Stock market update: Power stocks down as market falls,https://economictimes.indiatimes.com/markets/stocks/stock-watch/stock-market-update-power-stocks-down-as-market-falls/articleshow/117055268.cms,indiatimes.com,20250108121500,Entity matcher rejected (no positive signal or matched exclusion)
20250108130000-192,entity_matcher_rejected,"IT Q3FY25 earnings: From wage hike delays to discretionary spend, five factors to watch",https://www.moneycontrol.com/news/business/startup/it-q3fy25-earnings-from-wage-hike-delays-to-discretionary-spend-five-factors-to-watch-12905931.html,moneycontrol.com,20250108130000,Entity matcher rejected (no positive signal or matched exclusion)
20250108133000-1025,entity_matcher_rejected,"Markets settle marginally lower on muted GDP growth projection; HDFC, ICICI Bank major drag",https://www.tribuneindia.com/news/business/markets-settle-marginally-lower-on-muted-gdp-growth-projection-hdfc-icici-bank-major-drag/,tribuneindia.com,20250108133000,Entity matcher rejected (no positive signal or matched exclusion)
20250108154500-1284,entity_matcher_rejected,"Markets Settle Marginally Lower On Muted GDP Growth Projection; HDFC, ICICI Bank Major Drag",https://zeenews.india.com/economy/markets-settle-marginally-lower-on-muted-gdp-growth-projection-hdfc-icici-bank-major-drag-2841158.html,india.com,20250108154500,Entity matcher rejected (no positive signal or matched exclusion)
20250108154500-1702,entity_matcher_rejected,"Market witness sharp rebound; Sensex, Nifty end flat",https://www.thestatesman.com/business/market-witness-sharp-rebound-sensex-nifty-end-flat-1503384318.html,thestatesman.com,20250108154500,Entity matcher rejected (no positive signal or matched exclusion)
20250108160000-1228,entity_matcher_rejected,GDP growth projection spooks markets; Sensex down 51 points,https://www.rediff.com/business/report/gdp-growth-projection-spooks-markets-sensex-down-51-points/20250108.htm,rediff.com,20250108160000,Entity matcher rejected (no positive signal or matched exclusion)
20250108200000-1816,entity_matcher_rejected,Donald Trump's H-1B dilemma,https://www.dailypioneer.com/2025/columnists/donald-trump---s-h-1b-dilemma.html,dailypioneer.com,20250108200000,Entity matcher rejected (no positive signal or matched exclusion)
20250109013000-845,entity_matcher_rejected,"Meet woman who is leading Rs 9517 crore company, daughter of pharma billionaire, she is...",https://www.dnaindia.com/business/report-meet-woman-who-is-leading-rs-9517-crore-company-daughter-of-pharma-billionaire-she-is-3126115,dnaindia.com,20250109013000,Entity matcher rejected (no positive signal or matched exclusion)
20250109030000-951,entity_matcher_rejected,India's benchmark indexes set for muted start,https://www.marketscreener.com/quote/index/NIFTY-50-9743680/news/India-s-benchmark-indexes-set-for-muted-start-48710949/,marketscreener.com,20250109030000,Entity matcher rejected (no positive signal or matched exclusion)
20250109031500-661,entity_matcher_rejected,"Sensex, Nifty Likely To Open On Cautious Note",https://www.rttnews.com/3501632/sensex-nifty-likely-to-open-on-cautious-note.aspx,rttnews.com,20250109031500,Entity matcher rejected (no positive signal or matched exclusion)
20250109031500-896,entity_matcher_rejected,"Sensex, Nifty Likely To Open On Cautious Note",https://www.rttnews.com/story.aspx?Id=3501632,rttnews.com,20250109031500,Entity matcher rejected (no positive signal or matched exclusion)
20250109043000-T870,entity_matcher_rejected,Markets uneasy over concerns of GDP slowdown print eco news | 'जीडीपी' मंदावण्याच्या चिंतेने बाजारात अस्वस्थता,https://www.loksatta.com/business/finance/markets-uneasy-over-concerns-of-gdp-slowdown-print-eco-news-amy-95-4815430/,loksatta.com,20250109043000,Entity matcher rejected (no positive signal or matched exclusion)
20250109050000-678,entity_matcher_rejected,"Share Market: Sensex falls over 250 pts, Nifty tests 23,650; realty, bank stocks drag",https://economictimes.indiatimes.com/markets/stocks/news/sensex-falls-over-250-pts-nifty-tests-23650-realty-bank-stocks-drag/articleshow/117070943.cms,indiatimes.com,20250109050000,Entity matcher rejected (no positive signal or matched exclusion)
20250109050000-96,entity_matcher_rejected,Markets decline in early trade on unabated foreign fund outflows,https://www.thehindu.com/business/markets/markets-decline-in-early-trade-on-unabated-foreign-fund-outflows/article69079290.ece,thehindu.com,20250109050000,Entity matcher rejected (no positive signal or matched exclusion)
20250109051500-624,entity_matcher_rejected,Stock Market Sectors: Stock market update: Power stocks down as market falls,https://economictimes.indiatimes.com/markets/stocks/stock-watch/stock-market-update-power-stocks-down-as-market-falls/articleshow/117072398.cms,indiatimes.com,20250109051500,Entity matcher rejected (no positive signal or matched exclusion)
20250109051500-783,entity_matcher_rejected,Q3 Earnings Preview: Top line growth likely to remain subdued for seventh consecutive quarter,https://www.moneycontrol.com/news/business/earnings/q3-earnings-preview-top-line-growth-likely-to-remain-subdued-for-seventh-consecutive-quarter-12906269.html,moneycontrol.com,20250109051500,Entity matcher rejected (no positive signal or matched exclusion)
20250109060000-371,entity_matcher_rejected,Markets decline in early trade on unabated foreign fund outflows,https://www.tribuneindia.com/news/business/markets-decline-in-early-trade-on-unabated-foreign-fund-outflows/,tribuneindia.com,20250109060000,Entity matcher rejected (no positive signal or matched exclusion)
20250109061500-199,entity_matcher_rejected,Indices: Stock market update: Nifty IT index 0.47% in a weak market,https://economictimes.indiatimes.com/markets/stocks/stock-watch/stock-market-update-nifty-it-index-0-47-in-a-weak-market/articleshow/117074219.cms,indiatimes.com,20250109061500,Entity matcher rejected (no positive signal or matched exclusion)
20250109064500-563,entity_matcher_rejected,New H-1B ruling shows Indian talent is not 'special' anymore. What it means,https://www.hindustantimes.com/world-news/us-news/new-h-1b-ruling-shows-indian-talent-is-not-special-anymore-what-it-means-101736387721404.html,hindustantimes.com,20250109064500,Entity matcher rejected (no positive signal or matched exclusion)
20250109073000-625,entity_matcher_rejected,"Sensex falls nearly 500 pts, Nifty below 23,550: Pessimism over Fed rate cut, Q3 jitters among key factors behind market decline today",https://www.moneycontrol.com/news/business/markets/sensex-falls-nearly-500-pts-nifty-below-23-550-likely-trump-tariffs-q3-jitters-among-key-factors-behind-market-decline-today-12906379.html,moneycontrol.com,20250109073000,Entity matcher rejected (no positive signal or matched exclusion)
20250109081500-454,entity_matcher_rejected,Q3 Business Update: Q3 earnings season kickstarts today- Here are key business numbers by India Inc - Industry News,https://www.financialexpress.com/business/industry-q3-business-update-q3-earnings-season-kickstarts-today-here-are-key-business-numbers-by-india-inc-3710997/,financialexpress.com,20250109081500,Entity matcher rejected (no positive signal or matched exclusion)
20250109094500-272,entity_matcher_rejected,Top 10 companies sponsoring the most H-1B visas: Indian IT firms lead,https://indianexpress.com/article/trending/top-10-listing/top-10-american-companies-sponsoring-the-most-h-1b-visas-9768780/,indianexpress.com,20250109094500,Entity matcher rejected (no positive signal or matched exclusion)
20250109110000-48,entity_matcher_rejected,"sensex news today: Market Wrap: Banks, IT stocks weigh on D-Street; Sensex skids 528 points, Nifty below 23,600",https://economictimes.indiatimes.com/markets/stocks/news/banks-it-stocks-weigh-on-d-street-sensex-skids-528-points-nifty-below-23600/articleshow/117082982.cms,indiatimes.com,20250109110000,Entity matcher rejected (no positive signal or matched exclusion)
20250109113000-343,entity_matcher_rejected,Share market slumps as HDFC Bank leads decline; Q3 earnings concerns weigh on investor confidence,https://www.financialexpress.com/market/share-market-slumps-as-hdfc-bank-leads-decline-q3-earnings-concerns-weigh-on-investor-confidence-3711233/,financialexpress.com,20250109113000,Entity matcher rejected (no positive signal or matched exclusion)
20250109124500-110,entity_matcher_rejected,Corporate earnings season starts: Will Q3 reverse the trend?,https://economictimes.indiatimes.com/news/company/corporate-trends/corporate-earnings-season-starts-will-q3-reverse-the-trend/articleshow/117086757.cms,indiatimes.com,20250109124500,Entity matcher rejected (no positive signal or matched exclusion)
20250109131500-851,entity_matcher_rejected,RIL to announce Q3 earnings on January 16,https://economictimes.indiatimes.com/markets/stocks/news/ril-to-announce-q3-earnings-on-january-16/articleshow/117088048.cms,indiatimes.com,20250109131500,Entity matcher rejected (no positive signal or matched exclusion)
20250109140000-262,entity_matcher_rejected,"Restaurant body vs Zomato, Swiggy; Dunzo CEO joins Flipkart",https://economictimes.indiatimes.com/tech/newsletters/tech-top-5/nrai-vs-zomato-swiggy-dunzo-ceo-joins-flipkart/articleshow/117088647.cms,indiatimes.com,20250109140000,Entity matcher rejected (no positive signal or matched exclusion)
20250109141500-464,entity_matcher_rejected,"Maya, Leah Tata Join Sir Ratan Tata Industrial Institutes Board Of Trustees",https://www.ndtv.com/india-news/maya-leah-tata-join-sir-ratan-tata-industrial-institutes-board-of-trustees-7436509,ndtv.com,20250109141500,Entity matcher rejected (no positive signal or matched exclusion)
20250109141500-447,entity_matcher_rejected,Why is the stock market down today? 3 reasons why Nifty closed at 23500,https://www.financialexpress.com/market/why-is-the-stock-market-down-today-3-reasons-why-nifty-closed-at-23500-3711280/,financialexpress.com,20250109141500,Entity matcher rejected (no positive signal or matched exclusion)
20250109141500-626,entity_matcher_rejected,Markets tumble nearly 1 pc amid broad-based selloff; Sensex sinks below 78k,https://www.tribuneindia.com/news/business/markets-tumble-nearly-1-pc-amid-broad-based-selloff-sensex-sinks-below-78k/,tribuneindia.com,20250109141500,Entity matcher rejected (no positive signal or matched exclusion)
20250109143000-T570,entity_matcher_rejected,"Reason of market fall: क्यों आई बाजार में गिरावट? ये शेयर सबसे ज्यादा टूटे, निवेशकों के 4 लाख करोड़ स्वाहा - market fall this stock fell the most investors lost rs 3 85 lakh crore",https://www.punjabkesari.in/business/news/market-fall-this-stock-fell-the-most-investors-lost-rs-3-85-lakh-crore-2087252,punjabkesari.in,20250109143000,Entity matcher rejected (no positive signal or matched exclusion)
20250109153000-1235,entity_matcher_rejected,Treasury Rout Takes a Break in Run-Up to Jobs Data: Markets Wrap,https://www.swissinfo.ch/eng/treasury-rout-takes-a-break-in-run-up-to-jobs-data:-markets-wrap/88694334,swissinfo.ch,20250109153000,Entity matcher rejected (no positive signal or matched exclusion)
20250109160000-1004,entity_matcher_rejected,"Sensex, Nifty tumble nearly 1% on foreign fund outflows",https://www.rediff.com/business/report/sensex-nifty-tumble-nearly-1-on-foreign-fund-outflows/20250109.htm,rediff.com,20250109160000,Entity matcher rejected (no positive signal or matched exclusion)
20250109164500-T328,entity_matcher_rejected,"निफ्टी तोड़ देगा 22,000 का स्तर? डरा रही शेयर बाजार की ये गिरावट",https://hindi.moneycontrol.com/news/markets/stock-market-mall-will-nifty-break-the-22000-level-analysts-say-watch-thim-imprtant-level-1949688.html,moneycontrol.com,20250109164500,Entity matcher rejected (no positive signal or matched exclusion)
20250109173000-798,entity_matcher_rejected,"Meet actress who fell in love at 16, quit acting after marriage, started her career with Amitabh Bachchan, her husband is...",https://www.india.com/entertainment/meet-actress-genelia-dsouza-who-fell-in-love-at-16-quit-acting-after-marriage-started-her-career-with-amitabh-bachchan-her-husband-is-ritesh-deshmukh-7527150/,india.com,20250109173000,Entity matcher rejected (no positive signal or matched exclusion)
20250109180000-833,entity_matcher_rejected,Bond Traders See Jobs Testing Hawkish Fed Pricing: Markets Wrap,https://www.swissinfo.ch/eng/bond-traders-see-jobs-testing-hawkish-fed-pricing:-markets-wrap/88694334,swissinfo.ch,20250109180000,Entity matcher rejected (no positive signal or matched exclusion)
20250109181500-T2297,entity_matcher_rejected,"विदेशी पूंजी की निकासी जारी रहने से सेंसेक्स 528 अंक लुढ़का, निफ्टी भी नुकसान में",https://www.loktej.com/article/119560/sensex-fell-by-528-points-due-to-continued-withdrawal-of-foreign-capital--nifty-also-in-loss,loktej.com,20250109181500,Entity matcher rejected (no positive signal or matched exclusion)
20250109211500-T1222,entity_matcher_rejected,Sensex retreats below 78 thousand due to selling pressure | विक्रीच्या माऱ्याने सेन्सेक्सची ७८ हजारांखाली पीछेहाट,https://www.loksatta.com/business/finance/sensex-retreats-below-78-thousand-due-to-selling-pressure-print-eco-news-amy-95-4816922/,loksatta.com,20250109211500,Entity matcher rejected (no positive signal or matched exclusion)
20250109220000-T1207,entity_matcher_rejected,"TCS: టీసీఎస్‌ లాభం రూ.12,380 కోట్లు",https://www.eenadu.net/telugu-news/business/tcs-profit-was-rs-12380-crore/0101/125005843,eenadu.net,20250109220000,Entity matcher rejected (no positive signal or matched exclusion)
20250109231500-500,entity_matcher_rejected,Tata's Wide Moat Is Underpinned by Its Reputation and Expertise,https://www.morningstar.com/company-reports/1259056-tatas-wide-moat-is-underpinned-by-its-reputation-and-expertise,morningstar.com,20250109231500,Entity matcher rejected (no positive signal or matched exclusion)
20250110030000-176,entity_matcher_rejected,Business News Live: Quadrant Future Tek IPO allotment likely today; check latest GMP and other details,https://www.moneycontrol.com/news/business/laxmi-dental-ipo-live-quadrant-future-tek-capital-infra-trust-ipo-allotment-status-cesc-pcbl-just-dial-q3-results-business-news-january-10-liveblog-12907058.html,moneycontrol.com,20250110030000,Entity matcher rejected (no positive signal or matched exclusion)
20250110031500-T1520,entity_matcher_rejected,"Les actions indiennes devraient démarrer en douceur, avec une attention particulière pour TCS",https://www.zonebourse.com/cours/indice/NIFTY-50-9743680/actualite/Les-actions-indiennes-devraient-demarrer-en-douceur-avec-une-attention-particuliere-pour-TCS-48722515/,zonebourse.com,20250110031500,Entity matcher rejected (no positive signal or matched exclusion)
20250110033000-T1261,entity_matcher_rejected,Jaguar TCS defiende campeonato mundial con IA,https://www.eleconomista.com.mx/deportes/jaguar-tcs-defiende-campeonato-mundial-ia-20250109-741322.html,eleconomista.com.mx,20250110033000,Entity matcher rejected (no positive signal or matched exclusion)
20250110043000-T650,entity_matcher_rejected,"L'entreprise indienne TCS fait un bond de 4 % dans les échanges avant l'ouverture des marchés, en raison des signes de reprise de la demande",https://www.zonebourse.com/cours/action/TATA-CONSULTANCY-SERVICES-9743454/actualite/L-entreprise-indienne-TCS-fait-un-bond-de-4-dans-les-echanges-avant-l-ouverture-des-marches-en-48722732/,zonebourse.com,20250110043000,Entity matcher rejected (no positive signal or matched exclusion)
20250110044500-918,entity_matcher_rejected,"Sensex, Nifty open flat a day after diving, IT stocks in the green",https://www.hindustantimes.com/business/sensex-nifty-open-flat-a-day-after-diving-it-stocks-in-the-green-101736480797442.html,hindustantimes.com,20250110044500,Entity matcher rejected (no positive signal or matched exclusion)
20250110050000-619,entity_matcher_rejected,"Stock Market: Sensex slips over 500 points, Nifty below 23,400; financial and bank stocks drag",https://economictimes.indiatimes.com/markets/stocks/news/sensex-slips-over-200-points-nifty-below-24450-financial-and-bank-stocks-drag/articleshow/117104155.cms,indiatimes.com,20250110050000,Entity matcher rejected (no positive signal or matched exclusion)
20250110050000-464,entity_matcher_rejected,Stock Market Sectors: Stock market update: Power stocks down as market falls,https://economictimes.indiatimes.com/markets/stocks/stock-watch/stock-market-update-power-stocks-down-as-market-falls/articleshow/117105228.cms,indiatimes.com,20250110050000,Entity matcher rejected (no positive signal or matched exclusion)
20250110051500-T156,entity_matcher_rejected,"Stock Market Live Today 10 Jan 2025 check share market all updates here Stock Market Live Today: शेयर बाजार में तेज उछाल, सेंसेक्स और निफ्टी ने बनाई बढ़त, निवेशक खुश, Business Hindi News",https://www.livehindustan.com/business/stock-market-live-today-10-jan-2025-check-share-market-all-updates-here-201736479895320.html,livehindustan.com,20250110051500,Entity matcher rejected (no positive signal or matched exclusion)
20250110051500-T1188,entity_matcher_rejected,製品ベンダー中立の立場で真のDXに寄与していく--日本TCS・ティアガラジャン社長,https://japan.zdnet.com/article/35228055/,zdnet.com,20250110051500,Entity matcher rejected (no positive signal or matched exclusion)
20250110053000-867,entity_matcher_rejected,Markets Give Up Early Gains; Trade Lower On Foreign Fund Exodus,https://zeenews.india.com/economy/markets-give-up-early-gains-trade-lower-on-foreign-fund-exodus-2841821.html,india.com,20250110053000,Entity matcher rejected (no positive signal or matched exclusion)
20250110053000-480,entity_matcher_rejected,India's TCS jumps 4% in pre-open trade on signs of demand revival,https://www.marketscreener.com/quote/stock/TATA-CONSULTANCY-SERVICES-9743454/news/India-s-TCS-jumps-4-in-pre-open-trade-on-signs-of-demand-revival-48722732/,marketscreener.com,20250110053000,Entity matcher rejected (no positive signal or matched exclusion)
20250110054500-374,entity_matcher_rejected,Stock Market Sectors: Stock market update: Fertilisers stocks down as market falls,https://economictimes.indiatimes.com/markets/stocks/stock-watch/stock-market-update-fertilisers-stocks-down-as-market-falls/articleshow/117106465.cms,indiatimes.com,20250110054500,Entity matcher rejected (no positive signal or matched exclusion)
20250110061500-269,entity_matcher_rejected,share market: Share market update: Most active stocks on D-Street today in terms of volume,https://economictimes.indiatimes.com/markets/stocks/stock-watch/share-market-update-most-active-stocks-on-d-street-today-in-terms-of-volume/articleshow/117107009.cms,indiatimes.com,20250110061500,Entity matcher rejected (no positive signal or matched exclusion)
20250110061500-913,entity_matcher_rejected,active stocks: Share market update: Most active stocks of the day in terms of total traded value,https://economictimes.indiatimes.com/markets/stocks/stock-watch/share-market-update-most-active-stocks-of-the-day-in-terms-of-total-traded-value/articleshow/117107142.cms,indiatimes.com,20250110061500,Entity matcher rejected (no positive signal or matched exclusion)
20250110061500-649,entity_matcher_rejected,Stock Market Sectors: Stock market update: Sugar stocks down as market rises,https://economictimes.indiatimes.com/markets/stocks/stock-watch/stock-market-update-sugar-stocks-down-as-market-rises/articleshow/117107499.cms,indiatimes.com,20250110061500,Entity matcher rejected (no positive signal or matched exclusion)
20250110063000-744,entity_matcher_rejected,Markets give up early gains; trade lower on foreign fund exodus,https://www.thehindu.com/business/markets/markets-give-up-early-gains-trade-lower-on-foreign-fund-exodus/article69083629.ece,thehindu.com,20250110063000,Entity matcher rejected (no positive signal or matched exclusion)
20250110064500-831,entity_matcher_rejected,"TCS Rises 4% On Strong Commentary, Signs Of Demand Revival; Should You Buy, Sell Or Hold?",https://www.news18.com/business/markets/tcs-rises-4-on-strong-commentary-signs-of-demand-revival-should-you-buy-sell-or-hold-9183893.html,news18.com,20250110064500,Entity matcher rejected (no positive signal or matched exclusion)
20250110073000-144,entity_matcher_rejected,Markets give up early gains; trade lower on foreign fund exodus,https://indianexpress.com/article/business/markets-early-gains-trade-lower-foreign-fund-exodus-9771110/,indianexpress.com,20250110073000,Entity matcher rejected (no positive signal or matched exclusion)
20250110073000-961,entity_matcher_rejected,"Good news for Noel Tata, this Ratan Tata's company net profit jumps to Rs..., announces dividend of Rs…",https://www.india.com/business/good-news-for-noel-tata-this-ratan-tatas-company-tcs-net-profit-jumps-to-rs-12380-crore-in-q3-results-announces-dividend-of-rs-76-7527922/,india.com,20250110073000,Entity matcher rejected (no positive signal or matched exclusion)
20250110073000-885,entity_matcher_rejected,Markets give up early gains; trade lower on foreign fund exodus,https://www.financialexpress.com/market/markets-give-up-early-gains-trade-lower-on-foreign-fund-exodusnbsp-3711717/,financialexpress.com,20250110073000,Entity matcher rejected (no positive signal or matched exclusion)
20250110073000-T1486,entity_matcher_rejected,"Stock Market Update: सेंसेक्स, निफ्टी में शुरुआती बढ़त के बाद गिरावट",https://www.dainiktribuneonline.com/news/business/stock-market-update-sensex-nifty-fall-after-initial-gains/,dainiktribuneonline.com,20250110073000,Entity matcher rejected (no positive signal or matched exclusion)
20250110074500-762,entity_matcher_rejected,H-1B visa: TCS says not expecting any 'major disturbance' to its business due to potential changes in H-1B rules,https://economictimes.indiatimes.com/nri/work/tcs-says-not-expecting-any-major-disturbance-to-its-business-due-to-potential-changes-in-h-1b-rules/articleshow/117110087.cms,indiatimes.com,20250110074500,Entity matcher rejected (no positive signal or matched exclusion)
20250110094500-789,entity_matcher_rejected,Top 5 high return stocks to watch out for in 2025,https://www.livemint.com/market/stock-market-news/high-return-stocks-2025-trent-zara-tata-consultancy-services-nestle-procter-and-gamble-interglobe-aviation-11736491167005.html,livemint.com,20250110094500,Entity matcher rejected (no positive signal or matched exclusion)
20250110110000-T1172,entity_matcher_rejected,"शेयर बाजार में ₹5.7 लाख करोड़ स्वाहा! लगातार तीसरे दिन गिरावट, 2% तक क्रैश हुए मिडकैप और स्मॉलकैप इंडेक्स",https://hindi.moneycontrol.com/news/markets/share-market-today-rs-5-7-lakh-crore-gone-sensex-downs-241-points-nifty-below-23500-mid-smallcaps-crash-over-2-percent-1949867.html,moneycontrol.com,20250110110000,Entity matcher rejected (no positive signal or matched exclusion)
20250110111500-28,entity_matcher_rejected,"Sensex, Nifty extend losses into 3rd session on surging crude prices, FII outflows",https://www.orissapost.com/sensex-nifty-extend-losses-into-3rd-session-on-surging-crude-prices-fii-outflows/,orissapost.com,20250110111500,Entity matcher rejected (no positive signal or matched exclusion)
20250110111500-8,entity_matcher_rejected,Indian Stocks Slump: IT Sector Shines Amid Market Downturn,https://www.newkerala.com/news/o/indian-stock-indices-slump-third-day-sector-only-outlier-151,newkerala.com,20250110111500,Entity matcher rejected (no positive signal or matched exclusion)
20250110111500-988,entity_matcher_rejected,Indian stock indices slump third day with IT sector being only outlier,https://aninews.in/news/business/indian-stock-indices-slump-third-day-with-it-sector-being-only-outlier20250110155334/,aninews.in,20250110111500,Entity matcher rejected (no positive signal or matched exclusion)
20250110111500-256,entity_matcher_rejected,Indian stock indices slump third day with IT sector being only outlier,https://news.webindia123.com/news/Articles/Business/20250110/4275097.html,webindia123.com,20250110111500,Entity matcher rejected (no positive signal or matched exclusion)
20250110113000-134,entity_matcher_rejected,Ten Largest Investments | Company Announcement,https://www.investegate.co.uk:443/announcement/rns/jpmorgan-emerging-markets-inv-trust--jmg/ten-largest-investments-/8658616,investegate.co.uk,20250110113000,Entity matcher rejected (no positive signal or matched exclusion)
20250110113000-756,entity_matcher_rejected,Stock Market Sectors: Stock market update: Mining stocks down as market falls,https://economictimes.indiatimes.com/markets/stocks/stock-watch/stock-market-update-mining-stocks-down-as-market-falls/articleshow/117119256.cms,indiatimes.com,20250110113000,Entity matcher rejected (no positive signal or matched exclusion)
20250110113000-T606,entity_matcher_rejected,"'Ông hoàng xe ga' mới chính thức ra mắt: Mạnh hơn Honda SH 160i, có ABS và TCS, giá 72,6 triệu đồng",https://www.techz.vn/192-125-2-ong-hoang-xe-ga-moi-chinh-thuc-ra-mat-manh-hon-honda-sh-160i-co-abs-va-tcs-gia-726-trieu-dong-ylt639333.html,techz.vn,20250110113000,Entity matcher rejected (no positive signal or matched exclusion)
20250110114500-1270,entity_matcher_rejected,active stocks: Share market update: Most active stocks of the day in terms of traded value,https://economictimes.indiatimes.com/markets/stocks/stock-watch/share-market-update-most-active-stocks-of-the-day-in-terms-of-traded-value/articleshow/117119543.cms,indiatimes.com,20250110114500,Entity matcher rejected (no positive signal or matched exclusion)
20250110114500-178,entity_matcher_rejected,Stock Market Sectors: Stock market update: Fertilisers stocks down as market falls,https://economictimes.indiatimes.com/markets/stocks/stock-watch/stock-market-update-fertilisers-stocks-down-as-market-falls/articleshow/117119702.cms,indiatimes.com,20250110114500,Entity matcher rejected (no positive signal or matched exclusion)
20250110114500-460,entity_matcher_rejected,Stock Market Sectors: Stock market update: Power stocks down as market falls,https://economictimes.indiatimes.com/markets/stocks/stock-watch/stock-market-update-power-stocks-down-as-market-falls/articleshow/117119427.cms,indiatimes.com,20250110114500,Entity matcher rejected (no positive signal or matched exclusion)
20250110114500-1009,entity_matcher_rejected,"Business in the Week Ahead: January 13-17, 2025",https://www.moneycontrol.com/news/business/ipo/business-in-the-week-ahead-january-13-17-2025-12907647.html,moneycontrol.com,20250110114500,Entity matcher rejected (no positive signal or matched exclusion)
20250110114500-1210,entity_matcher_rejected,"Indian Stock Market Ends Lower, IT Sector Shines",https://menafn.com/1109076116/Indian-Stock-Market-Ends-Lower-IT-Sector-Shines,menafn.com,20250110114500,Entity matcher rejected (no positive signal or matched exclusion)
20250110114500-T2484,entity_matcher_rejected,"Indian stock market closed in red, IT sector saw growth",https://www.khaskhabar.com/news/india-news/news-indian-stock-market-closed-in-red-it-sector-saw-growth-news-hindi-1-695761-KKN.html,khaskhabar.com,20250110114500,Entity matcher rejected (no positive signal or matched exclusion)
20250110121500-1175,entity_matcher_rejected,Stock Market Sectors: Stock market update: Sugar stocks down as market falls,https://economictimes.indiatimes.com/markets/stocks/stock-watch/stock-market-update-sugar-stocks-down-as-market-falls/articleshow/117120662.cms,indiatimes.com,20250110121500,Entity matcher rejected (no positive signal or matched exclusion)
20250110123000-1574,entity_matcher_rejected,"Indian stock market ends lower, IT sector shines",https://www.prokerala.com/news/articles/a1597540.html,prokerala.com,20250110123000,Entity matcher rejected (no positive signal or matched exclusion)
20250110124500-1490,entity_matcher_rejected,"Sensex, Nifty extend losses into 3rd session on surging crude prices, FII outflows",https://www.dailyexcelsior.com/sensex-nifty-extend-losses-into-3rd-session-on-surging-crude-prices-fii-outflows/,dailyexcelsior.com,20250110124500,Entity matcher rejected (no positive signal or matched exclusion)
20250110124500-225,entity_matcher_rejected,"Sensex, Nifty extend losses into 3rd session on surging crude prices, FII outflows",https://www.thehindu.com/business/markets/sensex-nifty-extend-losses-into-3rd-session-on-surging-crude-prices-fii-outflows/article69084710.ece,thehindu.com,20250110124500,Entity matcher rejected (no positive signal or matched exclusion)
20250110130000-467,entity_matcher_rejected,Why has India stock market plunged for third day in a row? – Firstpost,https://www.firstpost.com/explainers/why-indian-stock-market-fallen-third-day-13851633.html,firstpost.com,20250110130000,Entity matcher rejected (no positive signal or matched exclusion)
20250110133000-1340,entity_matcher_rejected,Business News | Indian Stock Indices Slump Third Day with IT Sector Being Only Outlier,https://www.latestly.com/agency-news/business-news-indian-stock-indices-slump-third-day-with-it-sector-being-only-outlier-6554778.html,latestly.com,20250110133000,Entity matcher rejected (no positive signal or matched exclusion)
20250110140000-169,entity_matcher_rejected,SC stays GST on online gaming; L&T chairman sparks work-life balance debate,https://economictimes.indiatimes.com/tech/newsletters/tech-top-5/sc-stays-gst-on-online-gaming-lt-chairman-sparks-work-life-balance-debate/articleshow/117122884.cms,indiatimes.com,20250110140000,Entity matcher rejected (no positive signal or matched exclusion)
20250110143000-T2473,entity_matcher_rejected,शेयर मार्केट: सेंसेक्स 241 अंक तो निफ्टी भी 95 अंक गिरा,https://www.palpalindia.com/2025/01/10/karobar-Business-Stock-Market-Sensex-241-points-Nifty-BSE-Smallcap.html,palpalindia.com,20250110143000,Entity matcher rejected (no positive signal or matched exclusion)
20250110144500-180,entity_matcher_rejected,Indian stock indices slump third day with IT sector being only outlier,https://www.oklahomacitysun.com/news/274928777/indian-stock-indices-slump-third-day-with-it-sector-being-only-outlier,oklahomacitysun.com,20250110144500,Entity matcher rejected (no positive signal or matched exclusion)
20250110150000-T412,entity_matcher_rejected,"भारतीय शेयर बाजार लाल निशान में बंद, आईटी सेक्टर में दिखी तेजी",https://www.business.khaskhabar.com/business-news/indian-stock-market-closed-in-red-it-sector-saw-growth-695796-BKN.html,khaskhabar.com,20250110150000,Entity matcher rejected (no positive signal or matched exclusion)
20250110153000-1174,entity_matcher_rejected,"Sensex, Nifty Extend Losses Into 3rd Session On Surging Crude Prices, FII Outflows",https://zeenews.india.com/economy/sensex-nifty-extend-losses-into-3rd-session-on-surging-crude-prices-fii-outflows-2842118.html,india.com,20250110153000,Entity matcher rejected (no positive signal or matched exclusion)
20250110160000-T508,entity_matcher_rejected,"शेयर बाजार लगातार तीसरे दिन गिरा, सेंसेक्स 241 अंक फिसला",https://www.loktej.com/article/119935/stock-market-fell-for-the-third-consecutive-day--sensex-slipped-241-points,loktej.com,20250110160000,Entity matcher rejected (no positive signal or matched exclusion)
20250110164500-1622,entity_matcher_rejected,Indian stock indices slump third day with IT sector being only outlier,https://www.newzealandstar.com/news/274928777/indian-stock-indices-slump-third-day-with-it-sector-being-only-outlier,newzealandstar.com,20250110164500,Entity matcher rejected (no positive signal or matched exclusion)
20250110171500-858,entity_matcher_rejected,"Market ends lower amid volatility, Nifty below 23,350",https://www.thestatesman.com/business/market-ends-lower-amid-volatility-nifty-below-23350-1503385148.html,thestatesman.com,20250110171500,Entity matcher rejected (no positive signal or matched exclusion)
20250110181500-1115,entity_matcher_rejected,Indian stock indices slump third day with IT sector being only outlier,https://www.nigeriasun.com/news/274928777/indian-stock-indices-slump-third-day-with-it-sector-being-only-outlier,nigeriasun.com,20250110181500,Entity matcher rejected (no positive signal or matched exclusion)
20250110221500-1464,entity_matcher_rejected,"Indian stock market ends lower, IT sector shines - INDIA New England News",https://indianewengland.com/indian-stock-market-ends-lower-it-sector-shines/,indianewengland.com,20250110221500,Entity matcher rejected (no positive signal or matched exclusion)
20250111013000-1399,entity_matcher_rejected,Emirates spreads its wings in India,https://eturbonews.com/emirates-spreads-its-wings-india/,eturbonews.com,20250111013000,Entity matcher rejected (no positive signal or matched exclusion)
20250111043000-T5,entity_matcher_rejected,Third consecutive losing session for Sensex Nifty | 'आयटी' वगळता सारेच घसरणीला! सेन्सेक्स-निफ्टीसाठी सलग तिसरे नुकसानीचे सत्र,https://www.loksatta.com/business/market/third-consecutive-losing-session-for-sensex-nifty-print-eco-news-amy-95-4818827/,loksatta.com,20250111043000,Entity matcher rejected (no positive signal or matched exclusion)
20250111094500-367,entity_matcher_rejected,Stock Market Closure: Week's trading ends far lower despite IT sector shining,https://www.ibtimes.co.in/stock-market-closure-weeks-trading-ends-far-lower-despite-it-sector-shining-877858,ibtimes.co.in,20250111094500,Entity matcher rejected (no positive signal or matched exclusion)
20250111094500-275,entity_matcher_rejected,Mihir Sharma: H-1B backlash shows Indians they're not so special anymore | Business,https://thebrunswicknews.com/news/business/mihir-sharma-h-1b-backlash-shows-indians-they-re-not-so-special-anymore/article_b8cc812d-58b6-5794-875e-33c0df2a1ceb.html,thebrunswicknews.com,20250111094500,Entity matcher rejected (no positive signal or matched exclusion)
20250111120000-T1494,entity_matcher_rejected,TCS Camping Sempach gehört zu den hundert besten Campingplätzen Europas,https://www.soaktuell.ch/post/tcs-camping-sempach-gehoert-zu-den-hundert-besten-campingplaetzen-europas,soaktuell.ch,20250111120000,Entity matcher rejected (no positive signal or matched exclusion)
20250111151500-382,entity_matcher_rejected,"Second CSR Conclave at IIT Bhubaneswar delves into Technology, Innovation, and Circular Economy for Sustainable Development",https://indiaeducationdiary.in/second-csr-conclave-at-iit-bhubaneswar-delves-into-technology-innovation-and-circular-economy-for-sustainable-development/,indiaeducationdiary.in,20250111151500,Entity matcher rejected (no positive signal or matched exclusion)
20250111160000-68,entity_matcher_rejected,"Second CSR Conclave at IIT Bhubaneswar delves into Technology, Innovation, and Circular Economy for Sustainable Development",https://orissadiary.com/second-csr-conclave-at-iit-bhubaneswar-delves-into-technology-innovation-and-circular-economy-for-sustainable-development/,orissadiary.com,20250111160000,Entity matcher rejected (no positive signal or matched exclusion)
20250111200000-717,entity_matcher_rejected,The Shah of the corporate universe,https://www.dailypioneer.com/2025/sunday-edition/the-shah-of-the-corporate-universe.html,dailypioneer.com,20250111200000,Entity matcher rejected (no positive signal or matched exclusion)
20250112001500-257,entity_matcher_rejected,"Digital Transformation Market in Oil & Gas to Grow by USD 56.4 Billion from 2025-2029, Driven by Investments, Partnerships, and AI-Powered Market Evolution",https://www.tmcnet.com/usubmit/2025/01/11/10129815.htm,tmcnet.com,20250112001500,Entity matcher rejected (no positive signal or matched exclusion)
20250112020000-171,entity_matcher_rejected,"Digital Transformation Market In Oil & Gas To Grow By USD 56.4 Billion From 2025-2029, Driven By Investments, Partnerships, And AI-Powered Market Evol...",https://menafn.com/1109079778/Digital-Transformation-Market-In-Oil-Gas-To-Grow-By-USD-564-Billion-From-2025-2029-Driven-By-Investments-Partnerships-And-AI-Powered-Market-Evolution-Technavio,menafn.com,20250112020000,Entity matcher rejected (no positive signal or matched exclusion)
20250112020000-253,entity_matcher_rejected,"Digital Transformation Market in Oil & Gas to Grow by USD 56.4 Billion from 2025-2029, Driven by Investments, Partnerships, and AI-Powered Market Evolution",https://www.prnewswire.com/news-releases/digital-transformation-market-in-oil--gas-to-grow-by-usd-56-4-billion-from-2025-2029--driven-by-investments-partnerships-and-ai-powered-market-evolution---technavio-302347876.html,prnewswire.com,20250112020000,Entity matcher rejected (no positive signal or matched exclusion)
20250112034500-168,entity_matcher_rejected,"Digital Transformation Market in Oil & Gas to Grow by USD 56.4 Billion from 2025-2029, Driven by Investments, Partnerships, and AI-Powered Market Evolution",https://www.itnewsonline.com/PRNewswire/Digital-Transformation-Market-in-Oil--Gas-to-Grow-by-USD-56.4-Billion-from-2025-2029-Driven-by-Investments-Partnerships-and-AI-Powered-Market-Evolution---Technavio/1032298,itnewsonline.com,20250112034500,Entity matcher rejected (no positive signal or matched exclusion)
20250112060000-30,entity_matcher_rejected,Mcap of five of most-valued firms tumbles ₹1.85 lakh crore; HDFC Bank hit hard,https://www.hindustantimes.com/business/mcap-of-five-of-most-valued-firms-tumbles-rs-1-85-lakh-crore-hdfc-bank-hit-hard-101736658621614.html,hindustantimes.com,20250112060000,Entity matcher rejected (no positive signal or matched exclusion)
20250112060000-195,entity_matcher_rejected,Mcap of five of top-10 most-valued firms tumbles Rs 1.85 lakh cr; HDFC Bank hit hard,https://economictimes.indiatimes.com/markets/stocks/news/mcap-of-five-of-top-10-most-valued-firms-tumbles-rs-1-85-lakh-cr-hdfc-bank-hit-hard/articleshow/117166567.cms,indiatimes.com,20250112060000,Entity matcher rejected (no positive signal or matched exclusion)
20250112063000-T642,entity_matcher_rejected,"Market Valuation of Top Companies: टॉप 10 कंपनियों में से 5 का m-cap ₹1.85 लाख करोड़ घटा, HDFC Bank को सबसे ज्यादा नुकसान",https://hindi.moneycontrol.com/news/markets/combined-market-valuation-of-five-of-the-top-10-most-valued-firms-tumbled-rs-1-85-lakh-crore-last-week-hdfc-bank-taking-the-biggest-hit-1950137.html,moneycontrol.com,20250112063000,Entity matcher rejected (no positive signal or matched exclusion)
20250112064500-397,entity_matcher_rejected,Mcap of five of top-10 most-valued firms tumbles Rs 1.85 lakh cr; HDFC Bank hit hard,https://www.dailyexcelsior.com/mcap-of-five-of-top-10-most-valued-firms-tumbles-rs-1-85-lakh-cr-hdfc-bank-hit-hard/,dailyexcelsior.com,20250112064500,Entity matcher rejected (no positive signal or matched exclusion)
20250112073000-T679,entity_matcher_rejected,L'entreprise indienne TCS s'attend à une relance du commerce de détail et de l'industrie manufacturière après la reprise du secteur bancaire,https://www.zonebourse.com/cours/action/WALMART-INC-4841/actualite/L-entreprise-indienne-TCS-s-attend-a-une-relance-du-commerce-de-detail-et-de-l-industrie-manufactu-48738564/,zonebourse.com,20250112073000,Entity matcher rejected (no positive signal or matched exclusion)
20250112073000-271,entity_matcher_rejected,Market valuation of 5 of top 10 most-valued firms tumble over Rs 1.85 trillion,https://www.thestatesman.com/business/market-valuation-of-5-of-top-10-most-valued-firms-tumble-over-rs-1-85-trillion-1503385607.html,thestatesman.com,20250112073000,Entity matcher rejected (no positive signal or matched exclusion)
20250112081500-221,entity_matcher_rejected,Mcap of five of top-10 most-valued firms tumbles Rs 1.85 lakh crore; HDFC Bank hit hard,https://www.tribuneindia.com/news/business/mcap-of-five-of-top-10-most-valued-firms-tumbles-rs-1-85-lakh-crore-hdfc-bank-hit-hard/,tribuneindia.com,20250112081500,Entity matcher rejected (no positive signal or matched exclusion)
20250112091500-215,entity_matcher_rejected,Mcap of five of top-10 most-valued firms tumbles Rs 1.85 lakh cr; HDFC Bank hit hard,https://www.orissapost.com/mcap-of-five-of-top-10-most-valued-firms-tumbles-rs-1-85-lakh-cr-hdfc-bank-hit-hard/,orissapost.com,20250112091500,Entity matcher rejected (no positive signal or matched exclusion)
20250112100000-212,entity_matcher_rejected,Market cap of five of top 10 firms decline nearly by Rs 1.85 lakh crore this week; HDFC bank sees significant erosion - Market News,https://www.financialexpress.com/market/mcap-of-five-of-top-10-firms-decline-nearly-by-rs-1-85-lakh-crore-this-week-hdfc-bank-sees-significant-erosion-3712957/,financialexpress.com,20250112100000,Entity matcher rejected (no positive signal or matched exclusion)
20250112114500-T2541,entity_matcher_rejected,News - Daily Kesari,https://www.dailykesari.com/News/21308/%E0%A4%9A%E0%A5%80%E0%A4%A8%E0%A4%9A%E0%A5%80-%E0%A4%AD%E0%A4%BE%E0%A4%B0%E0%A4%A4%E0%A4%BE%E0%A4%A4-%E0%A4%AE%E0%A5%8B%E0%A4%A0%E0%A5%80-%E0%A4%97%E0%A5%81%E0%A4%82%E0%A4%A4%E0%A4%B5%E0%A4%A3%E0%A5%82%E0%A4%95-,dailykesari.com,20250112114500,Entity matcher rejected (no positive signal or matched exclusion)
20250112120000-437,entity_matcher_rejected,"Market Cap: Market cap of these 5 companies including HDFC Bank, Reliance Industries decreased by 1.85 lakh crore, who benefited?",https://morningexpress.in/market-cap-market-cap-of-these-5-companies-including-hdfc-bank-reliance-industries-decreased-by-1-85-lakh-crore-who-benefited/,morningexpress.in,20250112120000,Entity matcher rejected (no positive signal or matched exclusion)
20250112124500-T666,entity_matcher_rejected,"Market cap of five of top 10 most valued firms tumbles 1 lakh 85k crore hdfc bank hit hard stock market crash शेयर बाजार से झटका, सिर्फ 5 कंपनियों ने कराया ₹1.85 लाख करोड़ का नुकसान, Business Hindi News",https://www.livehindustan.com/business/market-cap-of-five-of-top-10-most-valued-firms-tumbles-1-lakh-85k-crore-hdfc-bank-hit-hard-stock-market-crash-201736679780262.html,livehindustan.com,20250112124500,Entity matcher rejected (no positive signal or matched exclusion)
20250112170000-565,non_article_url,H-1B backlash shows Indians they are not so special anymore,https://www.taipeitimes.com/News/editorials/archives/2025/01/13/2003830097,taipeitimes.com,20250112170000,Non-article URL (taxonomy/category/tag/search index)
20250112180000-T1089,entity_matcher_rejected,TCS очаква оживление в търговията на дребно в САЩ след възстановяването на банковия сектор,https://manager.bg/%D0%B8%D0%BA%D0%BE%D0%BD%D0%BE%D0%BC%D0%B8%D0%BA%D0%B0/tcs-ochakva-ozivlenie-v-targoviata-na-drebno-v-sast-sled-vazstanovavaneto-na-bankovia-sektor,manager.bg,20250112180000,Entity matcher rejected (no positive signal or matched exclusion)
20250112193000-705,entity_matcher_rejected,Our dependence on H-1B visa is limited: TCS chief,https://timesofindia.indiatimes.com/business/india-business/our-dependence-on-h-1b-visa-is-limited-tcs-chief/articleshow/117180527.cms,indiatimes.com,20250112193000,Entity matcher rejected (no positive signal or matched exclusion)
20250112204500-827,entity_matcher_rejected,"Top Stories On Jan 12: GRAP 3 Curbs In Delhi Revoked, IPL 2025 Date, Mcap Of Top Five Firms Drops ₹1.85 Lakh Crore, More",https://menafn.com/1109081647/Top-Stories-On-Jan-12-GRAP-3-Curbs-In-Delhi-Revoked-IPL-2025-Date-Mcap-Of-Top-Five-Firms-Drops-%E2%82%B9185-Lakh-Crore-More,menafn.com,20250112204500,Entity matcher rejected (no positive signal or matched exclusion)
20250113020000-659,entity_matcher_rejected,The Herald - Breaking news.,https://www.herald.co.zw/tata-expects-clients-to-step-up-tech-spending/,herald.co.zw,20250113020000,Entity matcher rejected (no positive signal or matched exclusion)
20250113030000-384,entity_matcher_rejected,"Top stock recommendations for the week starting January 13, 2025",https://timesofindia.indiatimes.com/business/india-business/top-stock-recommendations-for-january-13-2025-week-tcs-coal-india-best-stocks-to-buy-today/articleshow/117186375.cms,indiatimes.com,20250113030000,Entity matcher rejected (no positive signal or matched exclusion)
20250113031500-T589,entity_matcher_rejected,"bet on these 12 stocks suggested by 4 experts today see the target price 4 एक्सपर्ट्स के सुझाए इन 12 शेयरों पर आज लगा लें दांव, देखें टार्गेट प्राइस, Business Hindi News",https://www.livehindustan.com/business/bet-on-these-12-stocks-suggested-by-4-experts-today-see-the-target-price-201736736498035.html,livehindustan.com,20250113031500,Entity matcher rejected (no positive signal or matched exclusion)
20250113040000-853,entity_matcher_rejected,"Short Call: 2025 may not be the year everyone is hoping for; TCS, Tata Elxsi in focus",https://www.moneycontrol.com/news/business/markets/short-call-2025-may-not-be-the-year-everyone-is-hoping-for-tcs-tata-elxsi-in-focus-12908515.html,moneycontrol.com,20250113040000,Entity matcher rejected (no positive signal or matched exclusion)
20250113043000-139,entity_matcher_rejected,HCL Tech Q3 Results Live Updates: HCL Tech expected to post steady Q3 growth today on software biz expansion - Industry News,https://www.financialexpress.com/business/industry-hcl-tech-q3-results-live-updates-hcl-tech-expected-to-post-steady-q3-growth-today-on-software-biz-expansion-to-announce-dividend-3713473/,financialexpress.com,20250113043000,Entity matcher rejected (no positive signal or matched exclusion)
20250113044500-635,entity_matcher_rejected,"Early trade: Rupee hits life-time low, Sensex and Nifty tanks",https://www.hindustantimes.com/business/stock-market-crash-sensex-tanks-nearly-700-points-on-open-nifty-down-over-200-101736737599073.html,hindustantimes.com,20250113044500,Entity matcher rejected (no positive signal or matched exclusion)
20250113050000-658,entity_matcher_rejected,share market: Share market update: Most active stocks on D-Street today in terms of volume,https://economictimes.indiatimes.com/markets/stocks/stock-watch/share-market-update-most-active-stocks-on-d-street-today-in-terms-of-volume/articleshow/117189492.cms,indiatimes.com,20250113050000,Entity matcher rejected (no positive signal or matched exclusion)
20250113050000-701,entity_matcher_rejected,Stock Market Sectors: Stock market update: Sugar stocks down as market falls,https://economictimes.indiatimes.com/markets/stocks/stock-watch/stock-market-update-sugar-stocks-down-as-market-falls/articleshow/117189642.cms,indiatimes.com,20250113050000,Entity matcher rejected (no positive signal or matched exclusion)
20250113053000-422,entity_matcher_rejected,active stocks: Share market update: Most active stocks of the day in terms of total traded value,https://economictimes.indiatimes.com/markets/stocks/stock-watch/share-market-update-most-active-stocks-of-the-day-in-terms-of-total-traded-value/articleshow/117190118.cms,indiatimes.com,20250113053000,Entity matcher rejected (no positive signal or matched exclusion)
20250113053000-47,entity_matcher_rejected,Stock Market Sectors: Stock market update: Mining stocks down as market falls,https://economictimes.indiatimes.com/markets/stocks/stock-watch/stock-market-update-mining-stocks-down-as-market-falls/articleshow/117190443.cms,indiatimes.com,20250113053000,Entity matcher rejected (no positive signal or matched exclusion)
20250113054500-419,entity_matcher_rejected,Stock Market Sectors: Stock market update: FMCG stocks down as market falls,https://economictimes.indiatimes.com/markets/stocks/stock-watch/stock-market-update-fmcg-stocks-down-as-market-falls/articleshow/117191154.cms,indiatimes.com,20250113054500,Entity matcher rejected (no positive signal or matched exclusion)
20250113054500-817,entity_matcher_rejected,"Sensex, Nifty tumble amid weak global peers, foreign fund outflows",https://indianexpress.com/article/business/market/sensex-nifty-tumble-weak-global-peers-foreign-fund-outflows-9775844/,indianexpress.com,20250113054500,Entity matcher rejected (no positive signal or matched exclusion)
20250113054500-130,entity_matcher_rejected,"Sensex, Nifty tumble amid weak global peers, foreign fund outflows",https://www.thehindu.com/business/markets/sensex-nifty-tumble-amid-weak-global-peers-foreign-fund-outflows/article69094407.ece,thehindu.com,20250113054500,Entity matcher rejected (no positive signal or matched exclusion)
20250113060000-89,entity_matcher_rejected,Stock Market Sectors: Stock market update: Power stocks down as market falls,https://economictimes.indiatimes.com/markets/stocks/stock-watch/stock-market-update-power-stocks-down-as-market-falls/articleshow/117191748.cms,indiatimes.com,20250113060000,Entity matcher rejected (no positive signal or matched exclusion)
20250113061500-711,entity_matcher_rejected,Stock Market Sectors: Stock market update: Fertilisers stocks down as market falls,https://economictimes.indiatimes.com/markets/stocks/stock-watch/stock-market-update-fertilisers-stocks-down-as-market-falls/articleshow/117192268.cms,indiatimes.com,20250113061500,Entity matcher rejected (no positive signal or matched exclusion)
20250113061500-490,entity_matcher_rejected,Indices: Stock market update: Nifty IT index 0.43% in a weak market,https://economictimes.indiatimes.com/markets/stocks/stock-watch/stock-market-update-nifty-it-index-0-43-in-a-weak-market/articleshow/117191901.cms,indiatimes.com,20250113061500,Entity matcher rejected (no positive signal or matched exclusion)
20250113070000-804,entity_matcher_rejected,"Infosys, HCL Assess Business Outlook Under Trump",https://www.siliconindia.com/news/general/infosys-hcl-assess-business-outlook-under-trump-nid-233840-cid-1.html,siliconindia.com,20250113070000,Entity matcher rejected (no positive signal or matched exclusion)
20250113070000-898,entity_matcher_rejected,"Sensex, Nifty tumble amid weak global peers, foreign fund outflows",https://www.tribuneindia.com/news/business/sensex-nifty-tumble-amid-weak-global-peers-foreign-fund-outflows/,tribuneindia.com,20250113070000,Entity matcher rejected (no positive signal or matched exclusion)
20250113071500-593,entity_matcher_rejected,"HCL Tech Q3 results preview, dividend, earnings call timing & more",https://www.businesstoday.in/markets/stocks/story/hcl-tech-q3-results-preview-dividend-earnings-call-timing-more-460543-2025-01-13,businesstoday.in,20250113071500,Entity matcher rejected (no positive signal or matched exclusion)
20250113071500-T1524,entity_matcher_rejected,TCS Biel: Korruption bei Fahrzeugprüfungen,https://www.tagesanzeiger.ch/tcs-biel-korruption-bei-fahrzeugpruefungen-714021914403,tagesanzeiger.ch,20250113071500,Entity matcher rejected (no positive signal or matched exclusion)
20250113073000-T2799,entity_matcher_rejected,"Share Market Crash Today: Indian Stock Market Crash Today on 13 January 2025 Sensex Nifty Huge Drop, Why Share market is falling today? शेयर बाजार में सबुह-सुबह कोहराम, Sensex ने लगाया 843 पॉइन्ट का गोता, Nifty 258 अंक फिसला",https://www.jansatta.com/business/share-market-crash-today-13-january-2025-sensex-down-843-points-nifty-big-fall/3776069/,jansatta.com,20250113073000,Entity matcher rejected (no positive signal or matched exclusion)
20250113080000-93,entity_matcher_rejected,"Sensex, Nifty Extending Losses To 4th Straight Day",https://www.rttnews.com/story.aspx?Id=3502361,rttnews.com,20250113080000,Entity matcher rejected (no positive signal or matched exclusion)
20250113083000-T73,entity_matcher_rejected,TCS Biel: Korruption bei Fahrzeugprüfungen,https://www.bazonline.ch/tcs-biel-korruption-bei-fahrzeugpruefungen-714021914403,bazonline.ch,20250113083000,Entity matcher rejected (no positive signal or matched exclusion)
20250113083000-T2792,entity_matcher_rejected,"Stock Market Crash: फिर लाल निशान पर खुला सेंसेक्स व निफ्टी, Sensex 843 अंक गिरा",https://www.dainiktribuneonline.com/news/business/stock-market-crash-sensex-and-nifty-opened-in-red-again-sensex-fell-by-843-points/,dainiktribuneonline.com,20250113083000,Entity matcher rejected (no positive signal or matched exclusion)
20250113084500-205,entity_matcher_rejected,"Good news for Noel Tata as Ratan Tata's company profit rises to..., year-on-year jumps to Rs...",https://www.india.com/business/good-news-for-noel-tata-as-ratan-tatas-company-tcs-profit-rises-by-11-percent-year-on-year-jumps-to-rs-12380-7533732/,india.com,20250113084500,Entity matcher rejected (no positive signal or matched exclusion)
20250113093000-302,entity_matcher_rejected,"Sensex, Nifty Extending Losses To 4th Straight Day",https://forextv.com/sensex-nifty-extending-losses-to-4th-straight-day/,forextv.com,20250113093000,Entity matcher rejected (no positive signal or matched exclusion)
20250113101500-T1466,entity_matcher_rejected,ब्रेकिंग - Daily Kesari,https://www.dailykesari.com/%5C%E0%A4%AC%E0%A5%8D%E0%A4%B0%E0%A5%87%E0%A4%95%E0%A4%BF%E0%A4%82%E0%A4%97%5C21374%5C%E0%A4%86%E0%A4%A3%E0%A4%BF-%E0%A4%A8%E0%A4%BF%E0%A4%B6%E0%A4%BE%E0%A4%A3%E0%A4%BE-!,dailykesari.com,20250113101500,Entity matcher rejected (no positive signal or matched exclusion)
20250113101500-T1479,entity_matcher_rejected,News - Daily Kesari,https://www.dailykesari.com/News/21374/%E0%A4%86%E0%A4%A3%E0%A4%BF-%E0%A4%A8%E0%A4%BF%E0%A4%B6%E0%A4%BE%E0%A4%A3%E0%A4%BE-!,dailykesari.com,20250113101500,Entity matcher rejected (no positive signal or matched exclusion)
20250113101500-3,entity_matcher_rejected,H-1B visa row: US companies turning to remote hiring to bypass visa challenges and costs,https://www.businesstoday.in/nri/visa/story/h-1b-visa-row-us-companies-turning-to-remote-hiring-to-bypass-visa-challenges-and-costs-460578-2025-01-13,businesstoday.in,20250113101500,Entity matcher rejected (no positive signal or matched exclusion)
20250113103000-T1152,entity_matcher_rejected,"कई MF कंपनियों ने IT सेक्टर से नतीजों से पहले बनाई दूरी, जानें वजह",https://hindi.moneycontrol.com/news/markets/mutual-funds/many-mf-companies-distanced-themselves-from-it-sector-before-the-results-know-the-reason-1950386.html,moneycontrol.com,20250113103000,Entity matcher rejected (no positive signal or matched exclusion)
20250113104500-798,entity_matcher_rejected,"Sensex, Nifty Extending Losses To 4th Straight Day",https://www.rttnews.com/3502361/sensex-nifty-extending-losses-to-4th-straight-day.aspx,rttnews.com,20250113104500,Entity matcher rejected (no positive signal or matched exclusion)
20250113110000-552,entity_matcher_rejected,Stock Market Sectors: Stock market update: FMCG stocks down as market falls,https://economictimes.indiatimes.com/markets/stocks/stock-watch/stock-market-update-fmcg-stocks-down-as-market-falls/articleshow/117202651.cms,indiatimes.com,20250113110000,Entity matcher rejected (no positive signal or matched exclusion)
20250113110000-T1707,entity_matcher_rejected,Bschiss beim TCS: Korrupter Experte führte Scheinkontrollen durch,https://www.20min.ch/story/bschiss-beim-tcs-korrupter-experte-fuehrte-scheinkontrollen-durch-103257171,20min.ch,20250113110000,Entity matcher rejected (no positive signal or matched exclusion)
20250113111500-1138,entity_matcher_rejected,Stock Market Sectors: Stock market update: Power stocks down as market falls,https://economictimes.indiatimes.com/markets/stocks/stock-watch/stock-market-update-power-stocks-down-as-market-falls/articleshow/117203373.cms,indiatimes.com,20250113111500,Entity matcher rejected (no positive signal or matched exclusion)
20250113111500-717,entity_matcher_rejected,Stock Market Sectors: Stock market update: Sugar stocks down as market falls,https://economictimes.indiatimes.com/markets/stocks/stock-watch/stock-market-update-sugar-stocks-down-as-market-falls/articleshow/117203116.cms,indiatimes.com,20250113111500,Entity matcher rejected (no positive signal or matched exclusion)
20250113114500-502,entity_matcher_rejected,active stocks: Share market update: Most active stocks of the day in terms of traded value,https://economictimes.indiatimes.com/markets/stocks/stock-watch/share-market-update-most-active-stocks-of-the-day-in-terms-of-traded-value/articleshow/117204444.cms,indiatimes.com,20250113114500,Entity matcher rejected (no positive signal or matched exclusion)
20250113114500-1267,entity_matcher_rejected,Stock Market Sectors: Stock market update: Mining stocks down as market falls,https://economictimes.indiatimes.com/markets/stocks/stock-watch/stock-market-update-mining-stocks-down-as-market-falls/articleshow/117204146.cms,indiatimes.com,20250113114500,Entity matcher rejected (no positive signal or matched exclusion)
20250113114500-313,entity_matcher_rejected,"Sensex, Nifty join global selloff on spike in crude oil prices, FII outflows",https://www.dailypioneer.com/2025/top-stories/sensex--nifty-join-global-selloff-on-spike-in-crude-oil-prices--fii-outflows.html,dailypioneer.com,20250113114500,Entity matcher rejected (no positive signal or matched exclusion)
20250113114500-7,entity_matcher_rejected,"Sensex, Nifty tumble amid weak global peers, foreign fund outflows",https://www.dailypioneer.com/2025/business/sensex--nifty-tumble-amid-weak-global-peers--foreign-fund-outflows.html,dailypioneer.com,20250113114500,Entity matcher rejected (no positive signal or matched exclusion)
20250113120000-845,entity_matcher_rejected,Stock Market Sectors: Stock market update: Fertilisers stocks down as market falls,https://economictimes.indiatimes.com/markets/stocks/stock-watch/stock-market-update-fertilisers-stocks-down-as-market-falls/articleshow/117204723.cms,indiatimes.com,20250113120000,Entity matcher rejected (no positive signal or matched exclusion)
20250113120000-346,entity_matcher_rejected,"Sensex, Nifty Close Sharply Lower For 4th Straight Day",https://www.rttnews.com/story.aspx?Id=3502457,rttnews.com,20250113120000,Entity matcher rejected (no positive signal or matched exclusion)
20250113121500-914,entity_matcher_rejected,"Sensex crashes 1000 points, Nifty down nearly 250 points; rupee at all-time low",https://www.hindustantimes.com/business/sensex-crashes-1000-points-nifty-down-nearly-250-points-rupee-at-all-time-low-101736764251278.html,hindustantimes.com,20250113121500,Entity matcher rejected (no positive signal or matched exclusion)
20250113123000-T1176,entity_matcher_rejected,"Share Market Crash Today on 13 January 2025 Sensex 1000 points Nifty Huge Drop shocking news for investors disturbed बाप रे बाप! शेयर बाजार में आज हुई तबाही, सेंसेक्स 1000 अंक लुढ़का, निफ्टी भी धड़ाम, 12 लाख करोड़ स्वाहा",https://www.jansatta.com/business/share-market-crash-today-on-13-january-2025-sensex-1000-points-nifty-huge-drop-shocking-news-for-investors-disturbed/3776832/,jansatta.com,20250113123000,Entity matcher rejected (no positive signal or matched exclusion)
20250113130000-T936,entity_matcher_rejected,TCS-Prüfer vergibt für über tausend Fahrzeuge illegale Bestätigungen,https://www.watson.ch/schweiz/verbrechen/501514265-tcs-pruefer-vergibt-fuer-ueber-tausend-fahrzeuge-illegale-bestaetigungen,watson.ch,20250113130000,Entity matcher rejected (no positive signal or matched exclusion)
20250113131500-559,entity_matcher_rejected,Investors Lose Rs 24.69 Lakh Crore In Wealth After 4 Days Of Market Slump,https://www.ndtv.com/india-news/investors-lose-rs-24-69-lakh-crore-in-wealth-after-4-days-of-market-slump-7464620,ndtv.com,20250113131500,Entity matcher rejected (no positive signal or matched exclusion)
20250113133000-668,entity_matcher_rejected,"Sensex, Nifty join global selloff on spike in crude oil prices, FII outflows",https://www.dailyexcelsior.com/sensex-nifty-join-global-selloff-on-spike-in-crude-oil-prices-fii-outflows/,dailyexcelsior.com,20250113133000,Entity matcher rejected (no positive signal or matched exclusion)
20250113133000-T2228,entity_matcher_rejected,Korruptionsskandal beim TCS: Fahrzeugexperte soll 1332 Prüfungen gefälscht haben,https://www.bluewin.ch/de/news/schweiz/fahrzeugpruefer-soll-1332-pruefungen-gefaelscht-haben-2518105.html,bluewin.ch,20250113133000,Entity matcher rejected (no positive signal or matched exclusion)
20250113133000-T2790,entity_matcher_rejected,"शेयर बाजार में हाहाकार! चार दिन में निवेशकों के 24.69 लाख करोड़ रुपये डूबे, रुपया भी बेहाल - Share Market Crash: Investors Lose rs 24 Lakh Crore in 4 Days, Rupee Hits Record Low",https://www.jagran.com/business/biz-share-market-crash-investors-lose-rs-24-lakh-crore-in-4-days-rupee-hits-record-low-23866077.html,jagran.com,20250113133000,Entity matcher rejected (no positive signal or matched exclusion)
20250113134500-1329,entity_matcher_rejected,"Spike in crude oil price, FII outflows spook markets",https://www.rediff.com/business/report/spike-in-crude-oil-price-fii-outflows-spook-markets/20250113.htm,rediff.com,20250113134500,Entity matcher rejected (no positive signal or matched exclusion)
20250113141500-1636,entity_matcher_rejected,Market extends fall for 4th straight session amid selling,https://www.thestatesman.com/business/market-extends-fall-for-4th-straight-session-amid-selling-1503386062.html,thestatesman.com,20250113141500,Entity matcher rejected (no positive signal or matched exclusion)
20250113141500-1225,entity_matcher_rejected,"HCLTech adds 2,134 employees in Q3FY25, reversing previous quarter's decline",https://www.moneycontrol.com/technology/hcltech-adds-2-134-employees-in-q3fy25-reversing-previous-quarter-s-decline-article-12909668.html,moneycontrol.com,20250113141500,Entity matcher rejected (no positive signal or matched exclusion)
20250113144500-37,entity_matcher_rejected,"Stock Market Highlights 13 Jan 2025: Sensex tanks 1,049 pts, Nifty ends below 23,100, Nifty Realty falls 6.47%",https://www.thehindubusinessline.com/markets/share-market-highlights-13-january-2025/article69092154.ece,thehindubusinessline.com,20250113144500,Entity matcher rejected (no positive signal or matched exclusion)
20250113154500-1389,entity_matcher_rejected,"India's HCLTech misses Q3 revenue estimate, tightens forecast",https://finance.yahoo.com/news/indias-hcltech-misses-q3-revenue-122254901.html,yahoo.com,20250113154500,Entity matcher rejected (no positive signal or matched exclusion)
20250113161500-982,entity_matcher_rejected,"HCL's deal pipeline nears all-time high, growth across verticals seen this time: CEO C Vijayakumar",https://www.moneycontrol.com/news/business/earnings/hcl-s-deal-pipeline-nears-all-time-high-growth-across-verticals-seen-this-time-ceo-c-vijayakumar-12909718.html,moneycontrol.com,20250113161500,Entity matcher rejected (no positive signal or matched exclusion)
20250113164500-2120,entity_matcher_rejected,"Sustained deal flow, guidance revision signal gradual revival in demand for HCL Tech",https://economictimes.indiatimes.com/markets/stocks/news/sustained-deal-flow-guidance-revision-signal-gradual-revival-in-demand-for-hcl-tech/articleshow/117211301.cms,indiatimes.com,20250113164500,Entity matcher rejected (no positive signal or matched exclusion)
20250113164500-1075,entity_matcher_rejected,"HCLTech not dependent on H1B, new US regime will hardly impact business: Company executive",https://economictimes.indiatimes.com/tech/technology/hcltech-not-dependent-on-h1b-new-us-regime-will-hardly-impact-business-company-executive/articleshow/117211316.cms,indiatimes.com,20250113164500,Entity matcher rejected (no positive signal or matched exclusion)
20250113170000-891,entity_matcher_rejected,"HCLTech raises FY25 revenue guidance, planned contractual reductions in Q4 caps revision",https://www.moneycontrol.com/news/business/markets/hcltech-raises-fy25-revenue-guidance-planned-contractual-reductions-in-q4-caps-revision-12909735.html,moneycontrol.com,20250113170000,Entity matcher rejected (no positive signal or matched exclusion)
20250113173000-1211,entity_matcher_rejected,Stock market crash: Investors lose ₹25 lakh crore in four days of slump,https://www.hindustantimes.com/business/stock-market-crash-investors-lose-rs-25-lakh-crore-in-four-days-of-slump-101736777283739.html,hindustantimes.com,20250113173000,Entity matcher rejected (no positive signal or matched exclusion)
20250113181500-1059,entity_matcher_rejected,Rs 24.69 lakh cr of investors' wealth wiped out in 4 days,https://www.rediff.com/business/report/rs-2469-lakh-cr-of-investors-wealth-wiped-out-in-4-days/20250113.htm,rediff.com,20250113181500,Entity matcher rejected (no positive signal or matched exclusion)
20250113183000-1386,entity_matcher_rejected,Keki Mistry joins Kedaara Capital as independent operating advisor,https://indiantelevision.com/mam/marketing/brands/keki-mistry-joins-kedaara-capital-as-independent-operating-advisor-250113,indiantelevision.com,20250113183000,Entity matcher rejected (no positive signal or matched exclusion)
20250113201500-T1969,entity_matcher_rejected,"HCLTech की डील पाइपलाइन ऑल टाइम हाई पर, छोटे ऑर्डर के लिए ज्यादा मांग",https://hindi.moneycontrol.com/news/company/hcls-deal-pipeline-on-all-time-high-and-growth-across-verticals-this-time-says-ceo-c-vijayakumar-1950512.html,moneycontrol.com,20250113201500,Entity matcher rejected (no positive signal or matched exclusion)
20250113201500-T1978,entity_matcher_rejected,"HCL Tech ने Q3 में जोड़े 2134 एंप्लॉयीज, FY25 के लिए फ्रेशर्स की हायरिंग का टारगेट घटाया",https://hindi.moneycontrol.com/news/business/hcl-tech-headcount-increased-by-2134-employees-in-october-december-2024-quarter-cuts-fy25-fresher-intake-to-7000-1950507.html,moneycontrol.com,20250113201500,Entity matcher rejected (no positive signal or matched exclusion)
20250113213000-1565,entity_matcher_rejected,"FIIs exit, Sensex drops sharply",https://www.dailypioneer.com/2025/pioneer-exclusive/fiis-exit--sensex-drops-sharply.html,dailypioneer.com,20250113213000,Entity matcher rejected (no positive signal or matched exclusion)
20250114001500-870,entity_matcher_rejected,"HCLTech adds 2,134 employees",https://www.financialexpress.com/business/industry-hcltech-adds-2134-employees-3714174/,financialexpress.com,20250114001500,Entity matcher rejected (no positive signal or matched exclusion)
20250114011500-486,entity_matcher_rejected,"HCLTech Q3 profit up 5.5% to Rs 4,591 crore, revenue climbs 5%",https://economictimes.indiatimes.com/tech/information-tech/hcltech-q3-profit-up-5-5-to-rs-4591-crore-revenue-climbs-5/articleshow/117213501.cms,indiatimes.com,20250114011500,Entity matcher rejected (no positive signal or matched exclusion)
20250114014500-T522,entity_matcher_rejected,"Stocks to Watch: आज Crisil और AstraZeneca समेत इन शेयरों में दिखेगा ऐक्‍शन, लगाएंगे दांव?",https://navbharattimes.indiatimes.com/business/share-market/share-news/stock-market-prediction-today-these-shares-including-crisil-and-astrazeneca-showing-bullish-bias/articleshow/117213396.cms,indiatimes.com,20250114014500,Entity matcher rejected (no positive signal or matched exclusion)
20250114053000-386,entity_matcher_rejected,Markets bounce back after four days of slide,https://www.thehindu.com/business/markets/markets-bounce-back-after-four-days-of-slide/article69098217.ece,thehindu.com,20250114053000,Entity matcher rejected (no positive signal or matched exclusion)
20250114060000-T1843,entity_matcher_rejected,"Share Market Today 14 January updates bse Sensex opens green 400 points up Nse Nifty rises too तेजी के साथ खुला शेयर बाजार, सेंसेक्स और निफ्टी पर बंपर बढ़त",https://www.jansatta.com/business/share-market-today-14-january-updates-bse-sensex-opens-green-400-points-up-nse-nifty-rises-too/3777850/,jansatta.com,20250114060000,Entity matcher rejected (no positive signal or matched exclusion)
20250114060000-538,entity_matcher_rejected,"HCLTech not dependent on H1B, new US regime will hardly impact biz: Co exec",https://www.dailyexcelsior.com/hcltech-not-dependent-on-h1b-new-us-regime-will-hardly-impact-biz-co-exec/,dailyexcelsior.com,20250114060000,Entity matcher rejected (no positive signal or matched exclusion)
20250114061500-973,entity_matcher_rejected,Stock Market Sectors: Stock market update: Mining stocks up as market rises,https://economictimes.indiatimes.com/markets/stocks/stock-watch/stock-market-update-mining-stocks-up-as-market-rises/articleshow/117224077.cms,indiatimes.com,20250114061500,Entity matcher rejected (no positive signal or matched exclusion)
20250114061500-216,entity_matcher_rejected,"HCLTech Q3 Profit Up 5.5% to Rs 4,591 Crore",https://www.siliconindia.com/news/general/hcltech-q3-profit-up-55-to-rs-4591-crore-nid-233856-cid-1.html,siliconindia.com,20250114061500,Entity matcher rejected (no positive signal or matched exclusion)
20250114061500-376,entity_matcher_rejected,2025 to be year of electric vehicles: 64% of consumers likely to choose EV as their next vehicle,https://aninews.in/news/business/2025-to-be-year-of-electric-vehicles-64-of-consumers-likely-to-choose-ev-as-their-next-vehicle20250114111121/,aninews.in,20250114061500,Entity matcher rejected (no positive signal or matched exclusion)
20250114064500-312,entity_matcher_rejected,"HCL Tech shares tumble 10%; market valuation erodes by ₹46,987 crore post earnings announcement",https://www.thehindu.com/business/markets/hcl-tech-shares-tumble-10-market-valuation-erodes-by-46987-crore-post-earnings-announcement/article69098260.ece,thehindu.com,20250114064500,Entity matcher rejected (no positive signal or matched exclusion)
20250114064500-T744,entity_matcher_rejected,Stock Market Update: घरेलू बाजारों ने चार सत्र की गिरावट के बाद की वापसी,https://www.dainiktribuneonline.com/news/business/stock-market-update-domestic-markets-bounced-back-after-four-sessions-of-decline/,dainiktribuneonline.com,20250114064500,Entity matcher rejected (no positive signal or matched exclusion)
20250114070000-633,entity_matcher_rejected,2025 to be year of electric vehicles: 64% of consumers likely to choose EV as their next vehicle,https://www.thehindubusinessline.com/companies/2025-to-be-year-of-electric-vehicles-64-of-consumers-likely-to-choose-ev-as-their-next-vehicle/article69098273.ece,thehindubusinessline.com,20250114070000,Entity matcher rejected (no positive signal or matched exclusion)
20250114073000-521,entity_matcher_rejected,Markets Bounce Back After Four Days Of Slide; Sensex Jumps 449 Points,https://zeenews.india.com/economy/markets-bounce-back-after-four-days-of-slide-sensex-jumps-449-points-2843394.html,india.com,20250114073000,Entity matcher rejected (no positive signal or matched exclusion)
20250114074500-318,entity_matcher_rejected,"Stock Market Today: Sensex, Nifty Bounce Back After 4 Days of Sharp Decline Amid Value Buying at Lower Levels",https://www.latestly.com/agency-news/india-news-markets-bounce-back-after-four-days-of-slide-6563421.html,latestly.com,20250114074500,Entity matcher rejected (no positive signal or matched exclusion)
20250114074500-T2324,entity_matcher_rejected,"चार दिनों की गिरावट के बाद शेयर बाजार में उछाल, रुपये में भी दिखी मजबूती; जानें पूरी डिटेल - Stock Market Bounces Back After Four-Day Drop, Rupee Gains; Details Inside",https://www.jagran.com/markets/stock-update-stock-market-bounces-back-after-four-day-drop-rupee-gains-details-inside-23866351.html,jagran.com,20250114074500,Entity matcher rejected (no positive signal or matched exclusion)
20250114081500-55,entity_matcher_rejected,"Digital Therapeutics Market Set to Grow at CAGR of 28.6%, Reaching $30.04 Billion by 2029",https://whatech.com/og/markets-research/medical/922480-digital-therapeutics-market-set-to-grow-at-cagr-of-28-6-reaching-30-04-billion-by-2029.html,whatech.com,20250114081500,Entity matcher rejected (no positive signal or matched exclusion)
20250114084500-370,entity_matcher_rejected,Infosys Q3 FY25: Five key factors to watch,https://www.moneycontrol.com/technology/infosys-q3-fy25-five-key-factors-to-watch-article-12910114.html,moneycontrol.com,20250114084500,Entity matcher rejected (no positive signal or matched exclusion)
20250114100000-878,entity_matcher_rejected,"HCL serves up a heady cocktail, but valuation leaves no room for error",https://www.livemint.com/market/mark-to-market/hcltech-share-price-hcl-technologies-it-services-tcs-infosys-hcl-q3-results-total-contract-value-ebit-margin-11736841301395.html,livemint.com,20250114100000,Entity matcher rejected (no positive signal or matched exclusion)
20250114110000-964,entity_matcher_rejected,Stock Market Sectors: Stock market update: Fertilisers stocks up as market rises,https://economictimes.indiatimes.com/markets/stocks/stock-watch/stock-market-update-fertilisers-stocks-up-as-market-rises/articleshow/117234717.cms,indiatimes.com,20250114110000,Entity matcher rejected (no positive signal or matched exclusion)
20250114113000-915,entity_matcher_rejected,Stock Market Sectors: Stock market update: FMCG stocks up as market rises,https://economictimes.indiatimes.com/markets/stocks/stock-watch/stock-market-update-fmcg-stocks-up-as-market-rises/articleshow/117235484.cms,indiatimes.com,20250114113000,Entity matcher rejected (no positive signal or matched exclusion)
20250114113000-1233,entity_matcher_rejected,2025 to be year of electric vehicles: 64% of consumers likely to choose EV as their next vehicle,https://www.thehindubusinessline.com/economy/2025-to-be-year-of-electric-vehicles-64-of-consumers-likely-to-choose-ev-as-their-next-vehicle/article69098273.ece,thehindubusinessline.com,20250114113000,Entity matcher rejected (no positive signal or matched exclusion)
20250114114500-191,entity_matcher_rejected,Stock Market Sectors: Stock market update: Sugar stocks up as market rises,https://economictimes.indiatimes.com/markets/stocks/stock-watch/stock-market-update-sugar-stocks-up-as-market-rises/articleshow/117236305.cms,indiatimes.com,20250114114500,Entity matcher rejected (no positive signal or matched exclusion)
20250114114500-1300,entity_matcher_rejected,"HCL Tech shares tumble 10 pc; market valuation erodes by Rs 46,987 cr post earnings announcement",https://www.dailypioneer.com/2025/trending-news/hcl-tech-shares-tumble-10-pc--market-valuation-erodes-by-rs-46-987-cr-post-earnings-announcement.html,dailypioneer.com,20250114114500,Entity matcher rejected (no positive signal or matched exclusion)
20250114114500-387,entity_matcher_rejected,Markets bounce back after four days of slide,https://www.dailypioneer.com/2025/business/markets-bounce-back-after-four-days-of-slide.html,dailypioneer.com,20250114114500,Entity matcher rejected (no positive signal or matched exclusion)
20250114120000-767,entity_matcher_rejected,Indices: Stock market update: Nifty IT index 2.13%,https://economictimes.indiatimes.com/markets/stocks/stock-watch/stock-market-update-nifty-it-index-2-13/articleshow/117236765.cms,indiatimes.com,20250114120000,Entity matcher rejected (no positive signal or matched exclusion)
20250114120000-789,entity_matcher_rejected,"Sensex, Nifty Snap 4-day Losing Streak, Close Modestly Higher",https://www.rttnews.com/story.aspx?Id=3502929,rttnews.com,20250114120000,Entity matcher rejected (no positive signal or matched exclusion)
20250114121500-566,entity_matcher_rejected,share market: Share market update: Most active stocks in today's market in terms of volume,https://economictimes.indiatimes.com/markets/stocks/stock-watch/share-market-update-most-active-stocks-in-todays-market-in-terms-of-volume/articleshow/117237517.cms,indiatimes.com,20250114121500,Entity matcher rejected (no positive signal or matched exclusion)
20250114121500-841,entity_matcher_rejected,active stocks: Share market update: Most active stocks of the day in terms of traded value,https://economictimes.indiatimes.com/markets/stocks/stock-watch/share-market-update-most-active-stocks-of-the-day-in-terms-of-traded-value/articleshow/117237044.cms,indiatimes.com,20250114121500,Entity matcher rejected (no positive signal or matched exclusion)
20250114121500-845,entity_matcher_rejected,Stock Market Sectors: Stock market update: Power stocks up as market rises,https://economictimes.indiatimes.com/markets/stocks/stock-watch/stock-market-update-power-stocks-up-as-market-rises/articleshow/117237182.cms,indiatimes.com,20250114121500,Entity matcher rejected (no positive signal or matched exclusion)
20250114124500-1261,entity_matcher_rejected,"Sensex, Nifty Rebound Amid Easing Inflation, Buying In Bank, Energy Stocks",https://zeenews.india.com/economy/sensex-nifty-rebound-amid-easing-inflation-buying-in-bank-energy-stocks-2843604.html,india.com,20250114124500,Entity matcher rejected (no positive signal or matched exclusion)
20250114124500-1571,entity_matcher_rejected,India-Bulgaria Bilateral and Trade Relations,https://www.india-briefing.com/news/india-bulgaria-bilateral-and-trade-relations-35817.html,india-briefing.com,20250114124500,Entity matcher rejected (no positive signal or matched exclusion)
20250114124500-498,entity_matcher_rejected,"Sensex, Nifty rebound amid easing inflation, buying in bank, energy stocks",https://www.rediff.com/business/report/sensex-nifty-rebound-amid-easing-inflation-buying-in-bank-energy-stocks/20250114.htm,rediff.com,20250114124500,Entity matcher rejected (no positive signal or matched exclusion)
20250114124500-T634,entity_matcher_rejected,News - Daily Kesari,https://www.dailykesari.com/News/21459/%E0%A4%B6%E0%A5%87%E0%A4%85%E0%A4%B0-%E0%A4%AC%E0%A4%BE%E0%A4%9C%E0%A4%BE%E0%A4%B0%E0%A4%BE%E0%A4%B5%E0%A4%B0-%E2%80%98%E0%A4%B8%E0%A4%82%E0%A4%95%E0%A5%8D%E0%A4%B0%E0%A4%BE%E0%A4%82%E0%A4%A4%E2%80%99,dailykesari.com,20250114124500,Entity matcher rejected (no positive signal or matched exclusion)
20250114131500-124,entity_matcher_rejected,"Sensex, Nifty rebound amid easing inflation, buying in bank, energy stocks",https://www.thehindu.com/business/markets/sensex-nifty-rebound-amid-easing-inflation-buying-in-bank-energy-stocks/article69098701.ece,thehindu.com,20250114131500,Entity matcher rejected (no positive signal or matched exclusion)
20250114134500-1568,entity_matcher_rejected,"Sensex, Nifty Snap 4-day Losing Streak, Close Modestly Higher",https://www.rttnews.com/3502929/sensex-nifty-snap-4-day-losing-streak-close-modestly-higher.aspx,rttnews.com,20250114134500,Entity matcher rejected (no positive signal or matched exclusion)
20250114140000-766,entity_matcher_rejected,Indian stock indices slump third day with IT sector being only outlier,https://www.northkoreatimes.com/news/274928777/indian-stock-indices-slump-third-day-with-it-sector-being-only-outlier,northkoreatimes.com,20250114140000,Entity matcher rejected (no positive signal or matched exclusion)
20250114141500-1287,entity_matcher_rejected,"Sensex, Nifty rebound amid easing inflation, buying in bank, energy stocks",https://www.dailyexcelsior.com/sensex-nifty-rebound-amid-easing-inflation-buying-in-bank-energy-stocks/,dailyexcelsior.com,20250114141500,Entity matcher rejected (no positive signal or matched exclusion)
20250114161500-984,entity_matcher_rejected,Indian stock indices slump third day with IT sector being only outlier,https://www.sierraleonetimes.com/news/274928777/indian-stock-indices-slump-third-day-with-it-sector-being-only-outlier,sierraleonetimes.com,20250114161500,Entity matcher rejected (no positive signal or matched exclusion)
20250114161500-567,entity_matcher_rejected,"HCL Tech shares tumble 9%; market valuation erodes by ₹46,485 crore post earnings announcement",https://www.thehindubusinessline.com/info-tech/hcl-tech-shares-tumble-9-market-valuation-erodes-by-46485-crore-post-earnings-announcement/article69098648.ece,thehindubusinessline.com,20250114161500,Entity matcher rejected (no positive signal or matched exclusion)
20250114164500-868,entity_matcher_rejected,"Pharmacovigilance Outsourcing Market Outlook 2024-2028,",https://www.globenewswire.com/news-release/2025/01/14/3009505/0/en/Pharmacovigilance-Outsourcing-Market-Outlook-2024-2028-Featuring-a-Competitive-Landscape-for-Major-and-Innovative-Companies.html,globenewswire.com,20250114164500,Entity matcher rejected (no positive signal or matched exclusion)
20250114164500-T1875,entity_matcher_rejected,64 percent consumers eye evs for next purchase tcs study reveals print eco news zws 70 | इलेक्ट्रिक वाहनांबाबत 'टीसीएस'ची महत्त्वपूर्ण भविष्यवाणी,https://www.loksatta.com/business/finance/64-percent-consumers-eye-evs-for-next-purchase-tcs-study-reveals-print-eco-news-zws-70-4825227/,loksatta.com,20250114164500,Entity matcher rejected (no positive signal or matched exclusion)
20250114190000-2232,entity_matcher_rejected,"IBM, Globant, EPAM Top IT Bets For 2025, Driven by Demand Trends And Margin Expansion: Analyst - IBM (NYSE:IBM), EPAM Sys (NYSE:EPAM), Globant (NYSE:GLOB)",https://www.benzinga.com/trading-ideas/25/01/42983710/ibm-globant-epam-top-it-bets-for-2025-driven-by-demand-trends-and-margin-expansion-analyst,benzinga.com,20250114190000,Entity matcher rejected (no positive signal or matched exclusion)
20250114211500-1398,entity_matcher_rejected,[Mihir Sharma] Indians not so special in US,https://www.koreaherald.com:443/article/10390295,koreaherald.com,20250114211500,Entity matcher rejected (no positive signal or matched exclusion)
20250115013000-T740,entity_matcher_rejected,"Stocks to Watch: आज IDBI और Central Bank समेत ये शेयर कराएंगे फायदा, तेज के संकेत",https://navbharattimes.indiatimes.com/business/share-market/share-news/stock-market-prediction-today-these-shares-including-idbi-and-central-bank-showing-bullish-bias/articleshow/117244857.cms,indiatimes.com,20250115013000,Entity matcher rejected (no positive signal or matched exclusion)
20250115021500-1170,entity_matcher_rejected,MUFG Pension & Market Services awards tech mandate,https://www.financialstandard.com.au/news/mufg-pension-market-services-awards-tech-mandate-179807155,financialstandard.com.au,20250115021500,Entity matcher rejected (no positive signal or matched exclusion)
20250115023000-T179,entity_matcher_rejected,The market recovered in the second session.,https://www.tarunbharat.com/the-market-recovered-in-the-second-session/,tarunbharat.com,20250115023000,Entity matcher rejected (no positive signal or matched exclusion)
20250115054500-T1128,entity_matcher_rejected,"दुनियाभर के 64 फीसदी कंज्यूमर इलेक्ट्रिक वाहन अपनाने को तैयार, टीसीएस की नई स्टडी में खुलासा",https://navbharattimes.indiatimes.com/auto/car-bikes/64-percent-consumers-across-the-globe-are-ready-to-opt-electric-vehicles-tcs-report-says/articleshow/117253045.cms,indiatimes.com,20250115054500,Entity matcher rejected (no positive signal or matched exclusion)
20250115063000-449,entity_matcher_rejected,Indices: Stock market update: Nifty IT index 0.46% in an upbeat market,https://economictimes.indiatimes.com/markets/stocks/stock-watch/stock-market-update-nifty-it-index-0-46-in-an-upbeat-market/articleshow/117255855.cms,indiatimes.com,20250115063000,Entity matcher rejected (no positive signal or matched exclusion)
20250115071500-622,entity_matcher_rejected,StockNews.com Initiates Coverage on The Container Store Group (NYSE:TCS),https://www.modernreaders.com/news/2025/01/15/stocknews-com-initiates-coverage-on-the-container-store-group-nysetcs.html,modernreaders.com,20250115071500,Entity matcher rejected (no positive signal or matched exclusion)
20250115073000-794,entity_matcher_rejected,"H-1B visa: Why it's a hot issue, know the pros and cons",https://gulfnews.com/special-reports/h-1b-visa-why-its-a-hot-issue-know-the-pros-and-cons-1.500015463,gulfnews.com,20250115073000,Entity matcher rejected (no positive signal or matched exclusion)
20250115073000-712,entity_matcher_rejected,Infosys Q3 earnings on January 16: Here are 4 key things the street is watching out for - Industry News,https://www.financialexpress.com/business/industry-infosys-q3-earnings-on-january-16-here-are-4-key-things-the-street-is-watching-out-for-3715596/,financialexpress.com,20250115073000,Entity matcher rejected (no positive signal or matched exclusion)
20250115073000-477,entity_matcher_rejected,Infosys Q3 results tomorrow: 5 things to watch out for,https://www.livemint.com/companies/infosys-q3-results-5-things-to-watch-out-for-information-technology-tata-consultancy-services-hcl-tech-it-services-11736913373674.html,livemint.com,20250115073000,Entity matcher rejected (no positive signal or matched exclusion)
20250115074500-767,entity_matcher_rejected,IMI New Delhi Post Graduate Diploma in Management (Online): Master leadership excellence from a top business school,https://www.hindustantimes.com/education/admissions/imi-new-delhi-post-graduate-diploma-in-management-online-master-leadership-excellence-from-a-top-business-school-101736923071376.html,hindustantimes.com,20250115074500,Entity matcher rejected (no positive signal or matched exclusion)
20250115083000-994,entity_matcher_rejected,Top Website Designing Agencies in India: Best Creatives for Stunning and User-Friendly Websites,https://www.theusnews.com/news/274943965/top-website-designing-agencies-in-india-best-creatives-for-stunning-and-user-friendly-websites,theusnews.com,20250115083000,Entity matcher rejected (no positive signal or matched exclusion)
20250115104500-1003,entity_matcher_rejected,Top Website Designing Agencies in India: Best Creatives for Stunning and User-Friendly Websites,https://www.tennesseedaily.com/news/274943965/top-website-designing-agencies-in-india-best-creatives-for-stunning-and-user-friendly-websites,tennesseedaily.com,20250115104500,Entity matcher rejected (no positive signal or matched exclusion)
20250115120000-549,entity_matcher_rejected,Top Website Designing Agencies in India: Best Creatives for Stunning and User-Friendly Websites,https://www.bignewsnetwork.com/news/274944430/top-website-designing-agencies-in-india-best-creatives-for-stunning-and-user-friendly-websites,bignewsnetwork.com,20250115120000,Entity matcher rejected (no positive signal or matched exclusion)
20250115141500-239,entity_matcher_rejected,20% TCS on Educational Remittances: What It Means for Indian Students in 2025,https://www.careerindia.com/news/20-tcs-on-educational-remittances-what-it-means-for-indian-students-in-2025-047255.html,careerindia.com,20250115141500,Entity matcher rejected (no positive signal or matched exclusion)
20250115143000-1442,entity_matcher_rejected,X-EMINENCE 2025 at XIM Bhubaneswar: Reimagining the future,https://avenuemail.in/x-eminence-2025-at-xim-bhubaneswar-reimagining-the-future/,avenuemail.in,20250115143000,Entity matcher rejected (no positive signal or matched exclusion)
20250115144500-T2099,entity_matcher_rejected,SYM JOYRIDE 16 300 ABS/TCS: Νέα τιμή | gMotion by gazzetta,https://www.gazzetta.gr/gmotion/2409902/sym-joyride-16-300-abstcs-nea-timi,gazzetta.gr,20250115144500,Entity matcher rejected (no positive signal or matched exclusion)
20250115203000-T2005,entity_matcher_rejected,"ITC से लेकर सुजलॉन एनर्जी तक, इन 10 शेयरों में म्यूचुअल फंड्स ने घटा दी हिस्सेदारी",https://hindi.moneycontrol.com/news/markets/mutual-funds/from-itc-to-suzlon-energy-mutual-funds-reduce-stakes-in-these-10-shares-in-december-2024-1951009.html,moneycontrol.com,20250115203000,Entity matcher rejected (no positive signal or matched exclusion)
20250116011500-651,entity_matcher_rejected,TCS discusses safety protocols after a student was found with a gun at local high school,https://abc3340.com/news/local/tcs-discusses-safety-protocols-after-a-student-was-found-with-a-gun-at-local-high-school,abc3340.com,20250116011500,Entity matcher rejected (no positive signal or matched exclusion)
20250116021500-1075,entity_matcher_rejected,"MUFG announces strategic partnership to bolster super, pension services",https://www.superreview.com.au/news/technology/mufg-announces-strategic-partnership-bolster-super-pension-services,superreview.com.au,20250116021500,Entity matcher rejected (no positive signal or matched exclusion)
20250116051500-162,entity_matcher_rejected,Markets rally in early trade tracking global peers,https://indianexpress.com/article/business/market/business-early-trading-sensex-nifty-global-markets-9781549/,indianexpress.com,20250116051500,Entity matcher rejected (no positive signal or matched exclusion)
20250116053000-1163,entity_matcher_rejected,"Infosys Q3 Results Live Updates: Infosys Q3 revenue growth may be muted; all eyes on revenue guidance, next salary hike",https://www.financialexpress.com/business/industry-infosys-q3-results-live-updates-infosys-q3-revenue-growth-may-be-muted-all-eyes-on-revenue-guidance-next-salary-hike-3716603/,financialexpress.com,20250116053000,Entity matcher rejected (no positive signal or matched exclusion)
20250116060000-T1375,entity_matcher_rejected,"Share Market News: हरे रंग के निशान पर खुला शेयर बाजार, सेंसेक्स व निफ्टी उछले",https://www.dainiktribuneonline.com/news/topnews/share-market-news-stock-market-opened-on-green-mark-sensex-and-nifty-jumped/,dainiktribuneonline.com,20250116060000,Entity matcher rejected (no positive signal or matched exclusion)
20250116061500-904,entity_matcher_rejected,Indices: Stock market update: Nifty IT index 0.16% in an upbeat market,https://economictimes.indiatimes.com/markets/stocks/stock-watch/stock-market-update-nifty-it-index-0-16-in-an-upbeat-market/articleshow/117287291.cms,indiatimes.com,20250116061500,Entity matcher rejected (no positive signal or matched exclusion)
20250116061500-673,entity_matcher_rejected,TCS on sending money abroad is 20% in many cases: Will Budget 2025 reduce this to 5%?,https://economictimes.indiatimes.com/wealth/personal-finance-news/tcs-on-sending-money-abroad-is-20-in-many-cases-will-budget-2025-reduce-this-to-5/articleshow/117287514.cms,indiatimes.com,20250116061500,Entity matcher rejected (no positive signal or matched exclusion)
20250116064500-1026,entity_matcher_rejected,India News | Markets Rally in Early Trade Tracking Global Peers,https://www.latestly.com/agency-news/india-news-markets-rally-in-early-trade-tracking-global-peers-6569145.html,latestly.com,20250116064500,Entity matcher rejected (no positive signal or matched exclusion)
20250116073000-396,entity_matcher_rejected,'I can't divorce my partner of 17 years because of a pensions backlog',https://www.yahoo.com/news/t-divorce-partner-17-years-070000352.html,yahoo.com,20250116073000,Entity matcher rejected (no positive signal or matched exclusion)
20250116080000-T1390,entity_matcher_rejected,Die Pannenhilfe des TCS blickt auf ein intensives Jahr zurück,https://www.finanznachrichten.de/nachrichten-2025-01/64304561-die-pannenhilfe-des-tcs-blickt-auf-ein-intensives-jahr-zurueck-006.htm,finanznachrichten.de,20250116080000,Entity matcher rejected (no positive signal or matched exclusion)
20250116081500-1295,entity_matcher_rejected,"Reliance Industries Q3 Results Live Updates: RIL expected to post strong Q3 number; all eyes on retail, telecom biz performance",https://www.financialexpress.com/business/industry-reliance-industries-q3-results-live-updates-ril-expected-to-post-strong-q3-number-all-eyes-on-retail-telecom-biz-performance-3716685/,financialexpress.com,20250116081500,Entity matcher rejected (no positive signal or matched exclusion)
20250116094500-1253,entity_matcher_rejected,World Economic Forum celebrates New Champions,https://eturbonews.com/world-economic-forum-celebrates-new-champions/,eturbonews.com,20250116094500,Entity matcher rejected (no positive signal or matched exclusion)
20250116113000-574,entity_matcher_rejected,Stock Market Sectors: Stock market update: Mining stocks up as market rises,https://economictimes.indiatimes.com/markets/stocks/stock-watch/stock-market-update-mining-stocks-up-as-market-rises/articleshow/117299302.cms,indiatimes.com,20250116113000,Entity matcher rejected (no positive signal or matched exclusion)
20250116113000-T321,entity_matcher_rejected,Temperature sotto zero... e aumentano gli interventi del TCS,https://www.cdt.ch/news/svizzera/temperature-sotto-zero-e-aumentano-gli-interventi-del-tcs-382257,cdt.ch,20250116113000,Entity matcher rejected (no positive signal or matched exclusion)
20250116114500-551,entity_matcher_rejected,"80% Of HCL Employees In US Are Locals: Trump Regime Will Have No Impact On HCL - Trak.in - Indian Business of Tech, Mobile & Startups",https://trak.in/stories/80-of-hcl-employees-in-us-are-locals-trump-regime-will-have-no-impact-on-hcl/,trak.in,20250116114500,Entity matcher rejected (no positive signal or matched exclusion)
20250116114500-986,entity_matcher_rejected,Stock Market Sectors: Stock market update: Sugar stocks up as market rises,https://economictimes.indiatimes.com/markets/stocks/stock-watch/stock-market-update-sugar-stocks-up-as-market-rises/articleshow/117299824.cms,indiatimes.com,20250116114500,Entity matcher rejected (no positive signal or matched exclusion)
20250116114500-1247,entity_matcher_rejected,Stock Market Sectors: Stock market update: Power stocks up as market rises,https://economictimes.indiatimes.com/markets/stocks/stock-watch/stock-market-update-power-stocks-up-as-market-rises/articleshow/117300189.cms,indiatimes.com,20250116114500,Entity matcher rejected (no positive signal or matched exclusion)
20250116114500-51,entity_matcher_rejected,"Infosys adds 5,591 employees in Q3, headcount up for second consecutive quarter",https://www.moneycontrol.com/technology/infosys-adds-5-591-employees-in-q3-headcount-up-for-second-consecutive-quarter-article-12912386.html,moneycontrol.com,20250116114500,Entity matcher rejected (no positive signal or matched exclusion)
20250116120000-1289,entity_matcher_rejected,"Share Market Highlights 16 January 2024: Sensex gains 319 pts, Nifty settles above 23,300; Adani Group stocks rally",https://www.thehindubusinessline.com/markets/share-market-highlights-16-january-2025/article69101250.ece,thehindubusinessline.com,20250116120000,Entity matcher rejected (no positive signal or matched exclusion)
20250116121500-928,entity_matcher_rejected,Stock Market Sectors: Stock market update: FMCG stocks up as market rises,https://economictimes.indiatimes.com/markets/stocks/stock-watch/stock-market-update-fmcg-stocks-up-as-market-rises/articleshow/117300682.cms,indiatimes.com,20250116121500,Entity matcher rejected (no positive signal or matched exclusion)
20250116121500-1305,entity_matcher_rejected,"Sensex, Nifty extend gains for 3rd day on strong global cues, lower U.S. inflation",https://www.thehindu.com/business/markets/sensex-nifty-extend-gains-for-3rd-day-on-strong-global-cues-lower-us-inflation/article69104476.ece,thehindu.com,20250116121500,Entity matcher rejected (no positive signal or matched exclusion)
20250116123000-426,entity_matcher_rejected,Indices: Stock market update: Nifty IT index 0.49%,https://economictimes.indiatimes.com/markets/stocks/stock-watch/stock-market-update-nifty-it-index-0-49/articleshow/117301011.cms,indiatimes.com,20250116123000,Entity matcher rejected (no positive signal or matched exclusion)
20250116123000-469,entity_matcher_rejected,"Sensex, Nifty Extend Gains For 3rd Day On Strong Global Cues, Lower US Inflation",https://zeenews.india.com/economy/sensex-nifty-extend-gains-for-3rd-day-on-strong-global-cues-lower-us-inflation-2844423.html,india.com,20250116123000,Entity matcher rejected (no positive signal or matched exclusion)
20250116123000-1435,entity_matcher_rejected,"Sensex, Nifty extend gains for 3rd day on strong global cues, lower US inflation",https://www.dailyexcelsior.com/sensex-nifty-extend-gains-for-3rd-day-on-strong-global-cues-lower-us-inflation/,dailyexcelsior.com,20250116123000,Entity matcher rejected (no positive signal or matched exclusion)
20250116133000-1693,entity_matcher_rejected,"India's Infosys beats Q3 revenue view, raises full-year forecast",https://finance.yahoo.com/news/indias-infosys-beats-q3-revenue-105535566.html,yahoo.com,20250116133000,Entity matcher rejected (no positive signal or matched exclusion)
20250116141500-1899,entity_matcher_rejected,India's Infosys ups annual revenue forecast on US demand revival,https://www.channelnewsasia.com/business/indias-infosys-ups-annual-revenue-forecast-us-demand-revival-4862956,channelnewsasia.com,20250116141500,Entity matcher rejected (no positive signal or matched exclusion)
20250116143000-1741,entity_matcher_rejected,Top 10 Web Development Companies in India 2025,https://www.dnaindia.com/india/report-top-10-web-development-companies-in-india-2025-3127310,dnaindia.com,20250116143000,Entity matcher rejected (no positive signal or matched exclusion)
20250116153000-400,entity_matcher_rejected,"Infosys to hire over 20,000 freshers in FY26, says CFO",https://www.moneycontrol.com/technology/infosys-to-hire-over-20-000-freshers-in-fy26-article-12912618.html,moneycontrol.com,20250116153000,Entity matcher rejected (no positive signal or matched exclusion)
20250116154500-1122,entity_matcher_rejected,Tallys journey: Garage to serving 26 lakh customers,https://www.printweek.in/news/tallys-journey-garage-to-serving-26-lakh-customers-59873,printweek.in,20250116154500,Entity matcher rejected (no positive signal or matched exclusion)
20250116154500-1037,entity_matcher_rejected,TCS rolls out new guidelines for WFO exceptions,https://timesofindia.indiatimes.com/technology/tech-news/tcs-rolls-out-new-guidelines-for-wfo-exceptions/articleshow/117256655.cms,indiatimes.com,20250116154500,Entity matcher rejected (no positive signal or matched exclusion)
20250116160000-41,entity_matcher_rejected,"Sustained deal momentum, discretionary pick up hint at a better FY26 for Infosys",https://economictimes.indiatimes.com/markets/stocks/news/sustained-deal-momentum-discretionary-pick-up-hint-at-a-better-fy26-for-infosys/articleshow/117306497.cms,indiatimes.com,20250116160000,Entity matcher rejected (no positive signal or matched exclusion)
20250116163000-645,entity_matcher_rejected,Markets end in green; Sensex climbs 319 points,https://www.rediff.com/business/report/markets-end-in-green-sensex-climbs-319-points/20250116.htm,rediff.com,20250116163000,Entity matcher rejected (no positive signal or matched exclusion)
20250116190000-1906,entity_matcher_rejected,Tata Sons to tap in-house funds for growth,https://economictimes.indiatimes.com/news/company/corporate-trends/tata-sons-to-tap-in-house-funds-for-growth/articleshow/117310020.cms,indiatimes.com,20250116190000,Entity matcher rejected (no positive signal or matched exclusion)
20250117010000-1231,entity_matcher_rejected,Infosys profit surges 11%; company ups full-year revenue guidance,https://economictimes.indiatimes.com/tech/information-tech/infosys-profit-surges-11-company-ups-full-year-revenue-guidance/articleshow/117309065.cms,indiatimes.com,20250117010000,Entity matcher rejected (no positive signal or matched exclusion)
20250117013000-62,entity_matcher_rejected,Infosys earnings results: Infy profit surges 11%; co ups full-yr revenue guidance,https://economictimes.indiatimes.com/markets/stocks/earnings/infy-profit-surges-11-co-ups-full-yr-revenue-guidance/articleshow/117315434.cms,indiatimes.com,20250117013000,Entity matcher rejected (no positive signal or matched exclusion)
20250117013000-T33,entity_matcher_rejected,"Stocks to Watch: आज RVNL और GE Shipping समेत ये शेयर कराएंगे फायदा, तेजी के संकेत",https://navbharattimes.indiatimes.com/business/share-market/share-news/stock-market-prediction-today-these-shares-including-rvnl-and-ge-shipping-showing-bullish-bias/articleshow/117309481.cms,indiatimes.com,20250117013000,Entity matcher rejected (no positive signal or matched exclusion)
20250117021500-1682,entity_matcher_rejected,Charging infrastructure a major hurdle for EV growth,https://itbrief.co.nz/story/charging-infrastructure-a-major-hurdle-for-ev-growth,itbrief.co.nz,20250117021500,Entity matcher rejected (no positive signal or matched exclusion)
20250117024500-614,entity_matcher_rejected,"Stocks to Watch Today: Reliance Industries, Infosys, Axis Bank, LTIMindtree, Havells, HFCL, AstraZeneca, Jubilant Pharmova, Zaggle in focus on 17 January",https://www.moneycontrol.com/news/business/markets/stocks-to-watch-today-reliance-industries-infosys-axis-bank-ltimindtree-havells-hfcl-astrazeneca-jubilant-pharmova-zaggle-in-focus-on-17-january-12912713.html,moneycontrol.com,20250117024500,Entity matcher rejected (no positive signal or matched exclusion)
20250117024500-396,entity_matcher_rejected,These Are The Top Companies Using H-1B Visas In 2024,https://www.zerohedge.com/political/these-are-top-companies-using-h-1b-visas-2024,zerohedge.com,20250117024500,Entity matcher rejected (no positive signal or matched exclusion)
20250117030000-T506,entity_matcher_rejected,"TCS further tightens its work from office policy TCS ने अपनी वर्क फ्रॉम ऑफिस पॉलिसी को और सख्त किया, Business Hindi News",https://www.livehindustan.com/business/tcs-further-tightens-its-work-from-office-policy-201737080460117.html,livehindustan.com,20250117030000,Entity matcher rejected (no positive signal or matched exclusion)
20250117034500-T212,entity_matcher_rejected,"Stocks to Watch: वॉचलिस्ट से जोड़ें ये स्टॉक्स, सेंसेक्स की वीकली एक्सपायरी को इंट्रा-डे में दिखेगा तगड़ा मूवमेंट",https://hindi.moneycontrol.com/news/markets/stocks-to-watch-today-reliance-industries-infosys-axis-bank-ltimindtree-havells-hfcl-astrazeneca-jubilant-pharmova-zaggle-in-focus-on-17-january-sensex-weekly-expiry-1951271.html,moneycontrol.com,20250117034500,Entity matcher rejected (no positive signal or matched exclusion)
20250117044500-1070,entity_matcher_rejected,"Nifty, Sensex plunge due to falling IT stocks along with private banks and auto",https://www.hindustantimes.com/business/nifty-sensex-plunge-due-to-falling-it-stocks-along-with-private-banks-and-auto-101737085243410.html,hindustantimes.com,20250117044500,Entity matcher rejected (no positive signal or matched exclusion)
20250117051500-4,entity_matcher_rejected,"Q3 Results Live Updates: Wipro, Tech Mahindra, Jio Financial Services, among others to release their Q3 results today",https://www.financialexpress.com/business/industry-q3-results-live-updates-wipro-tech-mahindra-jio-financial-services-among-others-to-release-their-q3-results-today-3717762/,financialexpress.com,20250117051500,Entity matcher rejected (no positive signal or matched exclusion)
20250117054500-137,entity_matcher_rejected,Stock Market Sectors: Stock market update: Power stocks up as market falls,https://economictimes.indiatimes.com/markets/stocks/stock-watch/stock-market-update-power-stocks-up-as-market-falls/articleshow/117320989.cms,indiatimes.com,20250117054500,Entity matcher rejected (no positive signal or matched exclusion)
20250117054500-T1720,entity_matcher_rejected,Share Market Down Today Sensex Nifty 50 Share Price Gift Nifty Latest News Updates in Hindi शेयर बाजार में फिर मची भगदड़,https://www.jansatta.com/business/share-market-down-today-17-january-2025-bse-sensex-falls-485-points-nse-nifty-plunges-144-points/3782857/,jansatta.com,20250117054500,Entity matcher rejected (no positive signal or matched exclusion)
20250117060000-T1711,entity_matcher_rejected,"Share Market Update: लाल निशान पर खुला शेयर बाजार, सेंसेक्स व निफ्टी में शुरुआती कारोबार में लुढ़के",https://www.dainiktribuneonline.com/news/nation/share-market-update-stock-market-opened-on-red-mark-sensex-and-nifty-fell-in-early-trade/,dainiktribuneonline.com,20250117060000,Entity matcher rejected (no positive signal or matched exclusion)
20250117061500-98,entity_matcher_rejected,Indices: Stock market update: Nifty IT index 2.45% in a weak market,https://economictimes.indiatimes.com/markets/stocks/stock-watch/stock-market-update-nifty-it-index-2-45-in-a-weak-market/articleshow/117321718.cms,indiatimes.com,20250117061500,Entity matcher rejected (no positive signal or matched exclusion)
20250117061500-654,entity_matcher_rejected,"Markets drop in early trade dragged by Infosys, Axis Bank",https://www.thehindu.com/business/markets/markets-drop-in-early-trade-dragged-by-infosys-axis-bank/article69107564.ece,thehindu.com,20250117061500,Entity matcher rejected (no positive signal or matched exclusion)
20250117073000-706,entity_matcher_rejected,"Infosys investors blow hot and cold on Q3 revenue beat, guidance revision",https://www.livemint.com/market/mark-to-market/infosys-q3-revenue-growth-earnings-guidance-tcs-it-stocks-nifty-it-11737095008071.html,livemint.com,20250117073000,Entity matcher rejected (no positive signal or matched exclusion)
20250117074500-919,entity_matcher_rejected,Wipro Q3 earnings on January 17: Here are 4 key things the street is watching out for,https://www.financialexpress.com/business/industry-wipro-q3-earnings-on-january-17-here-are-4-key-things-the-street-is-watching-out-for-3717877/,financialexpress.com,20250117074500,Entity matcher rejected (no positive signal or matched exclusion)
20250117080000-315,entity_matcher_rejected,Nifty 50 index nears death cross as Indian rupee plunges,https://invezz.com/news/2025/01/17/nifty-50-index-nears-death-cross-as-indian-rupee-plunges/,invezz.com,20250117080000,Entity matcher rejected (no positive signal or matched exclusion)
20250117110000-586,entity_matcher_rejected,Stock Market Sectors: Stock market update: Mining stocks mixed as market falls,https://economictimes.indiatimes.com/markets/stocks/stock-watch/stock-market-update-mining-stocks-mixed-as-market-falls/articleshow/117331272.cms,indiatimes.com,20250117110000,Entity matcher rejected (no positive signal or matched exclusion)
20250117111500-645,entity_matcher_rejected,"Markets snap three-day winning run on selloff in Infosys, ICICI Bank; Sensex slumps over 400 pts",https://www.orissapost.com/markets-snap-three-day-winning-run-on-selloff-in-infosys-icici-bank-sensex-slumps-over-400-pts/,orissapost.com,20250117111500,Entity matcher rejected (no positive signal or matched exclusion)
20250117113000-401,entity_matcher_rejected,"Markets snap 3-day winning run on selloff in Infosys, ICICI Bank; Sensex slumps over 400 points",https://www.thehindu.com/business/markets/markets-snap-3-day-winning-run-on-selloff-in-infosys-icici-bank-sensex-slumps-over-400-points/article69108602.ece,thehindu.com,20250117113000,Entity matcher rejected (no positive signal or matched exclusion)
20250117114500-839,entity_matcher_rejected,Indices: Stock market update: Nifty IT index 2.68%,https://economictimes.indiatimes.com/markets/stocks/stock-watch/stock-market-update-nifty-it-index-2-68/articleshow/117332270.cms,indiatimes.com,20250117114500,Entity matcher rejected (no positive signal or matched exclusion)
20250117114500-166,entity_matcher_rejected,Stock Market Sectors: Stock market update: Power stocks up as market falls,https://economictimes.indiatimes.com/markets/stocks/stock-watch/stock-market-update-power-stocks-up-as-market-falls/articleshow/117332770.cms,indiatimes.com,20250117114500,Entity matcher rejected (no positive signal or matched exclusion)
20250117121500-1047,entity_matcher_rejected,"Tech Mahindra's headcount declines by 3,785 employees in Q3FY25",https://www.moneycontrol.com/technology/tech-mahindra-s-headcount-declines-by-3-785-employees-in-q3fy25-article-12913390.html,moneycontrol.com,20250117121500,Entity matcher rejected (no positive signal or matched exclusion)
20250117123000-1599,entity_matcher_rejected,India's Tech Mahindra misses Q3 revenue view on telecom weakness,https://www.channelnewsasia.com/business/indias-tech-mahindra-misses-q3-revenue-view-telecom-weakness-4869306,channelnewsasia.com,20250117123000,Entity matcher rejected (no positive signal or matched exclusion)
20250117131500-170,entity_matcher_rejected,"Spectrum refarming: 320 MHz spectrum will be available immediately, says Scindia, ET Telecom",https://telecom.economictimes.indiatimes.com/news/policy/320-mhz-spectrum-will-be-available-immediately-scindia/117328708,indiatimes.com,20250117131500,Entity matcher rejected (no positive signal or matched exclusion)
20250117151500-730,entity_matcher_rejected,"Tech Mahindra to deliver wage hikes in Q4, adverse margin impact likely",https://www.moneycontrol.com/news/business/earnings/tech-mahindra-to-deliver-wage-hikes-in-q4-adverse-margin-impact-likely-12913471.html,moneycontrol.com,20250117151500,Entity matcher rejected (no positive signal or matched exclusion)
20250117151500-1266,entity_matcher_rejected,Wipro Surpasses Q3 Revenue Estimates with Strong BFSI Growth,https://www.siliconindia.com/news/general/wipro-surpasses-q3-revenue-estimates-with-strong-bfsi-growth-nid-233932-cid-1.html,siliconindia.com,20250117151500,Entity matcher rejected (no positive signal or matched exclusion)
20250117163000-1965,entity_matcher_rejected,"Sensex slumps over 400 pts on selloff in IT, banking stocks",https://www.rediff.com/business/report/sensex-slumps-over-400-pts-on-selloff-in-it-banking-stocks/20250117.htm,rediff.com,20250117163000,Entity matcher rejected (no positive signal or matched exclusion)
20250117171500-534,entity_matcher_rejected,Infosys Shares Drop Amid Earnings Quality Concerns,http://www.econotimes.com/Infosys-Shares-Drop-Amid-Earnings-Quality-Concerns-1699470,econotimes.com,20250117171500,Entity matcher rejected (no positive signal or matched exclusion)
20250117173000-1120,entity_matcher_rejected,Bumpy Road To EV Adoption Tata Study Shows,https://www.forbes.com/sites/edgarsten/2025/01/17/bumpy-road-to-ev-adoption-tata-study-shows/,forbes.com,20250117173000,Entity matcher rejected (no positive signal or matched exclusion)
20250117180000-T224,entity_matcher_rejected,"Wipro में Q3 में घटे 1157 एंप्लॉयीज, इससे पहले की दो तिमाहियों में बढ़ी थी वर्कफोर्स",https://hindi.moneycontrol.com/news/business/wipro-headcount-decreased-by-1157-in-october-december-2024-quarter-now-company-have-232732-employees-1951458.html,moneycontrol.com,20250117180000,Entity matcher rejected (no positive signal or matched exclusion)
20250117181500-T1146,entity_matcher_rejected,"wipro q3 results profit jumps 24 percent to rs 3354 crore | विप्रोचा नफा २४ टक्के वाढीसह ३,३५४ कोटींवर",https://www.loksatta.com/business/finance/wipro-q3-results-profit-jumps-24-percent-to-rs-3354-crore-print-eco-news-zws-70-4831403/,loksatta.com,20250117181500,Entity matcher rejected (no positive signal or matched exclusion)
20250117190000-168,entity_matcher_rejected,"It's Going To Be A Bumpy Road To EV Adoption, Study Shows",https://www.forbes.com/sites/edgarsten/2025/01/17/its-going-to-be-a-bumpy-road-to-ev-adoption-study-shows/,forbes.com,20250117190000,Entity matcher rejected (no positive signal or matched exclusion)
20250117203000-1292,entity_matcher_rejected,Business This Week,https://moneylife.in/article/business-this-week/76131.html,moneylife.in,20250117203000,Entity matcher rejected (no positive signal or matched exclusion)
20250117220000-852,entity_matcher_rejected,Many CT offices rely on highly skilled immigrants with H-1B visas,https://ctmirror.org/2025/01/17/ct-companies-h-1b-visa-immigrant/,ctmirror.org,20250117220000,Entity matcher rejected (no positive signal or matched exclusion)
20250118054500-T614,entity_matcher_rejected,Banking-IT sales impact the market,https://www.tarunbharat.com/banking-it-sales-impact-the-market/,tarunbharat.com,20250118054500,Entity matcher rejected (no positive signal or matched exclusion)
20250118064500-331,entity_matcher_rejected,The Application Modernization Services Market Reach USD 69.8 Billion Globally by 2032 Growing at 16.5% CAGR,https://whatech.com/og/markets-research/it/923641-the-application-modernization-services-market-reach-usd-69-8-billion-globally-by-2032-growing-at-16-5-cagr.html,whatech.com,20250118064500,Entity matcher rejected (no positive signal or matched exclusion)
20250118120000-335,entity_matcher_rejected,"Top 5 IT firms' employee count down over 2,500 in Q3FY25, after a quarter of addition",https://www.moneycontrol.com/news/business/earnings/top-5-it-firms-shed-2-500-jobs-in-q3fy25-after-a-quarter-of-additions-12913680.html,moneycontrol.com,20250118120000,Entity matcher rejected (no positive signal or matched exclusion)
20250118150000-185,entity_matcher_rejected,India's Wipro banks on better 2025 after beating Q3 estimates,https://finance.yahoo.com/news/indias-wipro-beats-q3-revenue-101910157.html,yahoo.com,20250118150000,Entity matcher rejected (no positive signal or matched exclusion)
20250118191500-T252,entity_matcher_rejected,Szétcsúszott világ,https://nepszava.hu/3265335_szetcsuszott-vilag,nepszava.hu,20250118191500,Entity matcher rejected (no positive signal or matched exclusion)
20250119004500-717,entity_matcher_rejected,Tallest tower in the City woos firms — despite its sky-high rent,https://www.thetimes.com/business-money/companies/article/tallest-tower-in-the-city-woos-firms-despite-its-sky-high-rent-p0gpcb3n8,thetimes.com,20250119004500,Entity matcher rejected (no positive signal or matched exclusion)
20250119071500-215,entity_matcher_rejected,Delhi High Court Annual Digest 2024: Part IV [Citations 1201,https://www.livelaw.in/high-court/delhi-high-court/delhi-high-court-annual-digest-2024-part-iv-citations-1201-1394-281314,livelaw.in,20250119071500,Entity matcher rejected (no positive signal or matched exclusion)
20250119073000-617,entity_matcher_rejected,Market valuation of six of top 10 valued domestic firms erode by Rs 1.71 lakh crore,https://www.thestatesman.com/business/market-valuation-of-six-of-top-10-valued-domestic-firms-erode-by-rs-1-71-lakh-crore-1503388210.html,thestatesman.com,20250119073000,Entity matcher rejected (no positive signal or matched exclusion)
20250119081500-T1182,entity_matcher_rejected,"देश की टॉप 5 IT कंपनियों में से 3 ने Q3 में खोए 10312 कर्मचारी, 2 कंपनियों ने देखा 7725 का इजाफा",https://hindi.moneycontrol.com/news/business/indias-3-it-companies-among-top-five-tcs-wipro-tech-mahindra-saw-their-headcount-decrease-by-10312-in-q3-only-hcl-tech-and-infosys-saw-increase-1951642.html,moneycontrol.com,20250119081500,Entity matcher rejected (no positive signal or matched exclusion)
20250119081500-T1188,entity_matcher_rejected,"Market Valuation of Top Companies: टॉप 10 कंपनियों में से 6 का m-cap ₹1.71 लाख करोड़ घटा, दो IT कंपनियों को सबसे ज्यादा नुकसान",https://hindi.moneycontrol.com/news/markets/combined-market-valuation-of-six-of-the-top-10-most-valued-firms-eroded-by-rs-1-71-lakh-crore-last-week-infosys-and-tcs-taking-the-biggest-hit-1951665.html,moneycontrol.com,20250119081500,Entity matcher rejected (no positive signal or matched exclusion)
20250119091500-T531,entity_matcher_rejected,"6 out of top 10 Sensex companies suffered a loss of Rs 171000 crore सेंसेक्स की टॉप-10 में से 6 कंपनियों को 1.71 लाख करोड़ रुपये का झटका, Business Hindi News",https://www.livehindustan.com/business/6-out-of-top-10-sensex-companies-suffered-a-loss-of-rs-171000-crore-201737272343166.html,livehindustan.com,20250119091500,Entity matcher rejected (no positive signal or matched exclusion)
20250119104500-T1861,entity_matcher_rejected,"Infosys Reliance Market Value; LIC HDFC | ICICI SBI Bank Market Cap 2025 | टॉप-10 कंपनियों में 6 की वैल्यू ₹1.71 लाख करोड़ गिरी: इंफोसिस टॉप लूजर, रिलायंस की वैल्यू ₹79,773 करोड़ बढ़ी; बीते हफ्ते 759 अंक गिरा सेंसेक्स",https://www.bhaskar.com/business/news/infosys-market-value-reliance-lic-icici-hdfc-sbi-bank-market-cap-2025-134320181.html,bhaskar.com,20250119104500,Entity matcher rejected (no positive signal or matched exclusion)
20250119113000-359,entity_matcher_rejected,How Infosys' Narayana Murthy and his family lost Rs1.85b in a day,https://gulfnews.com/business/markets/how-infosys-narayana-murthy-and-his-family-lost-rs185b-in-a-day-1.500018754,gulfnews.com,20250119113000,Entity matcher rejected (no positive signal or matched exclusion)
20250119114500-264,entity_matcher_rejected,"IT firms Infosys, Wipro to speed up fresher hiring in FY26",https://economictimes.indiatimes.com/tech/information-tech/it-firms-infosys-wipro-to-speed-up-fresher-hiring-in-fy26/articleshow/117372549.cms,indiatimes.com,20250119114500,Entity matcher rejected (no positive signal or matched exclusion)
20250119143000-T93,entity_matcher_rejected,Market Valuation of Top Companies: दो IT कंपनियों को सबसे ज्यादा नुकसान………'टॉप 10 कंपनियों में से 6 का m-cap ₹1.71 लाख करोड़ घटा…. – Sanjeevni Today,https://sanjeevnitoday.com/market-valuation-of-top-companies-two-it-companies-suffered-the-most-loss/,sanjeevnitoday.com,20250119143000,Entity matcher rejected (no positive signal or matched exclusion)
20250120004500-274,entity_matcher_rejected,"Q3 throws focus on deal cycle, tenure for India's biggest IT service providers",https://www.livemint.com/companies/tcs-infosys-hcl-tech-wipro-tech-mahindra-q3-results-deal-cycle-it-services-companies-deal-tenures-global-investment-11737289856195.html,livemint.com,20250120004500,Entity matcher rejected (no positive signal or matched exclusion)
20250120004500-596,entity_matcher_rejected,Indian IT's top 5 might end this fiscal year a little better than the last,https://www.livemint.com/companies/tcs-infosys-hcl-tech-wipro-tech-mahindra-it-services-companies-us-federal-reserve-11737264617142.html,livemint.com,20250120004500,Entity matcher rejected (no positive signal or matched exclusion)
20250120014500-T1224,entity_matcher_rejected,"Stocks to Watch: आज GSFC और Hindustan Copper समेत इन शेयरों में दिखेगा ऐक्‍शन, क्‍या लगाएंगे दांव?",https://navbharattimes.indiatimes.com/business/share-market/share-news/stock-market-prediction-today-these-shares-including-gsfc-and-hindustan-copper-showing-bullish-bias/articleshow/117377816.cms,indiatimes.com,20250120014500,Entity matcher rejected (no positive signal or matched exclusion)
20250120033000-86,entity_matcher_rejected,"IT companies see recovery signs in BFSI spends uptick, AI boom",https://economictimes.indiatimes.com/tech/information-tech/it-companies-see-recovery-signs-in-bfsi-spends-uptick-ai-boom/articleshow/117378253.cms,indiatimes.com,20250120033000,Entity matcher rejected (no positive signal or matched exclusion)
20250120044500-T613,entity_matcher_rejected,"Infosys' market value falls MG showcases new SUV Magester and BYD showcases Seylion 7 EV | इंफोसिस की मार्केट वैल्यू ₹62,948 करोड़ गिरी: मोबिलिटी एक्सपो में MG ने नई SUV मैजेस्टर और BYD ने सीलायन 7 EV​​​​​​​ शोकेस की",https://www.bhaskar.com/business/news/infosys-market-value-falls-mg-showcases-new-suv-magester-and-byd-showcases-seylion-7-ev-134321568.html,bhaskar.com,20250120044500,Entity matcher rejected (no positive signal or matched exclusion)
20250120053000-709,entity_matcher_rejected,"Markets rally in early trade on firm global trends, surge in Kotak Mahindra Bank",https://www.tribuneindia.com/news/business/markets-rally-in-early-trade-on-firm-global-trends-surge-in-kotak-mahindra-bank/,tribuneindia.com,20250120053000,Entity matcher rejected (no positive signal or matched exclusion)
20250120054500-487,entity_matcher_rejected,Stock Market Sectors: Stock market update: Power stocks down as market rises,https://economictimes.indiatimes.com/markets/stocks/stock-watch/stock-market-update-power-stocks-down-as-market-rises/articleshow/117386897.cms,indiatimes.com,20250120054500,Entity matcher rejected (no positive signal or matched exclusion)
20250120060000-246,entity_matcher_rejected,Indices: Stock market update: Nifty IT index 0.08% in an upbeat market,https://economictimes.indiatimes.com/markets/stocks/stock-watch/stock-market-update-nifty-it-index-0-08-in-an-upbeat-market/articleshow/117387181.cms,indiatimes.com,20250120060000,Entity matcher rejected (no positive signal or matched exclusion)
20250120060000-298,entity_matcher_rejected,"Q3 Results this week: Paytm, HDFC Bank, Zomato, Adani Green, among 246 others to announce quarter earnings",https://www.financialexpress.com/business/industry-q3-results-this-week-paytm-hdfc-bank-zomato-adani-green-among-246-others-to-announce-quarter-earnings-3719914/,financialexpress.com,20250120060000,Entity matcher rejected (no positive signal or matched exclusion)
20250120063000-451,entity_matcher_rejected,Markets rally in early trade on firm global trends,https://www.siasat.com/markets-rally-in-early-trade-on-firm-global-trends-3167759/,siasat.com,20250120063000,Entity matcher rejected (no positive signal or matched exclusion)
20250120063000-267,entity_matcher_rejected,"Markets rally in early trade on firm global trends, surge in Kotak Mahindra Bank",https://www.thehindu.com/business/markets/markets-rally-in-early-trade-on-firm-global-trends-surge-in-kotak-mahindra-bank/article69118408.ece,thehindu.com,20250120063000,Entity matcher rejected (no positive signal or matched exclusion)
20250120063000-T1469,entity_matcher_rejected,Share Market Today 20 January 2025 BSE Sensex Rises 398 points nifty above 23300 points,https://www.jansatta.com/business/share-market-today-20-january-2025-bse-sensex-rises-398-points-nifty-above-23300-points/3786945/,jansatta.com,20250120063000,Entity matcher rejected (no positive signal or matched exclusion)
20250120064500-127,entity_matcher_rejected,Markets Rally In Early Trade On Firm Global Trends; Sensex Climbs 398 Points,https://zeenews.india.com/economy/markets-rally-in-early-trade-on-firm-global-trends-sensex-climbs-398-points-2846072.html,india.com,20250120064500,Entity matcher rejected (no positive signal or matched exclusion)
20250120081500-325,entity_matcher_rejected,"Markets Rally in Early Trade on Firm Global Trends, Surge in Kotak Mahindra Bank",https://kashmirlife.net/markets-rally-in-early-trade-on-firm-global-trends-surge-in-kotak-mahindra-bank-380219/,kashmirlife.net,20250120081500,Entity matcher rejected (no positive signal or matched exclusion)
20250120081500-T1138,entity_matcher_rejected,"Stock Market: हफ्ते के पहले दिन शेयर बाजार में धमाका... सेंसेक्स 262 अंक उछला, इन शेयरों में तेजी",https://www.punjabkesari.in/national/news/trading-stock-market-bse--nse-nifty-2092250,punjabkesari.in,20250120081500,Entity matcher rejected (no positive signal or matched exclusion)
20250120103000-307,entity_matcher_rejected,2025 is set to be the year of electric vehicles,https://it-online.co.za/2025/01/20/2025-is-set-to-be-the-year-of-electric-vehicles/,it-online.co.za,20250120103000,Entity matcher rejected (no positive signal or matched exclusion)
20250120103000-1190,entity_matcher_rejected,TCS - 6 out of 10 people will consider electric for next car,https://htxt.co.za/2025/01/tcs-6-out-of-10-people-will-consider-electric-for-next-car/,htxt.co.za,20250120103000,Entity matcher rejected (no positive signal or matched exclusion)
20250120103000-811,entity_matcher_rejected,"Good News For Graduates: 32,000 Freshers To Be Hired By Two Major IT Giants - Details Inside!",https://www.oneindia.com/india/good-news-for-graduates-32-000-freshers-to-be-hired-by-two-major-it-giants-details-inside-011-4047423.html,oneindia.com,20250120103000,Entity matcher rejected (no positive signal or matched exclusion)
20250120111500-1402,entity_matcher_rejected,"Stock markets rally on firm global trends, spike in Kotak Bank",https://www.orissapost.com/stock-markets-rally-on-firm-global-trends-spike-in-kotak-bank/,orissapost.com,20250120111500,Entity matcher rejected (no positive signal or matched exclusion)
20250120111500-394,entity_matcher_rejected,Indices: Stock market update: Nifty IT index 0.38%,https://economictimes.indiatimes.com/markets/stocks/stock-watch/stock-market-update-nifty-it-index-0-38/articleshow/117396722.cms,indiatimes.com,20250120111500,Entity matcher rejected (no positive signal or matched exclusion)
20250120114500-727,entity_matcher_rejected,In charts: How India's IT giants fared in their weakest quarter,https://www.livemint.com/industry/infotech/infosys-wipro-tcs-hcl-tech-q3-earnings-indian-it-firms-deal-value-employee-costs-attrition-in-it-firms-11737364648029.html,livemint.com,20250120114500,Entity matcher rejected (no positive signal or matched exclusion)
20250120120000-71,entity_matcher_rejected,APO Group - Africa Newsroom / Press release | Winners in the 2025 Middle East & North Africa Stevie® Awards Announced,https://www.africa-newsroom.com/press/winners-in-the-2025-middle-east-and-north-africa-stevier-awards-announced,africa-newsroom.com,20250120120000,Entity matcher rejected (no positive signal or matched exclusion)
20250120121500-612,entity_matcher_rejected,"Sensex spurts 454 points; Nifty closes above 23,300",https://www.rediff.com/business/report/sensex-spurts-454-points-nifty-closes-above-23300/20250120.htm,rediff.com,20250120121500,Entity matcher rejected (no positive signal or matched exclusion)
20250120121500-T2652,entity_matcher_rejected,"Share Market: एक दिन में ₹3 लाख करोड़ की कमाई! सेंसेक्स 454 अंक उछला, इन शेयरों में सबसे अधिक तेजी",https://hindi.moneycontrol.com/news/markets/share-market-today-sensex-jumps-454-ponits-ahead-of-donald-trump-oathtaking-investors-earns-about-rs-3-lakh-crores-1951924.html,moneycontrol.com,20250120121500,Entity matcher rejected (no positive signal or matched exclusion)
20250120121500-T2678,entity_matcher_rejected,"Gainers & Losers: ट्रंप के राष्ट्रपति बनने से पहले इन 10 शेयरों में रही तेज हलचल, इंट्रा-डे में बना तगड़ा पैसा",https://hindi.moneycontrol.com/news/markets/gainers-losers-south-indian-bank-kalyan-jewellers-tcs-and-more-that-moved-the-most-on-20th-january-ahead-us-president-inauguration-donald-trump-comeback-1951884.html,moneycontrol.com,20250120121500,Entity matcher rejected (no positive signal or matched exclusion)
20250120123000-702,entity_matcher_rejected,Winners in the 2025 Middle East & North Africa Stevie® Awards Announced,https://menafn.com/1109107450/Winners-in-the-2025-Middle-East-North-Africa-Stevie-Awards-Announced,menafn.com,20250120123000,Entity matcher rejected (no positive signal or matched exclusion)
20250120124500-202,entity_matcher_rejected,"Stock markets rally on firm global trends, spike in Kotak Bank",https://www.thehindu.com/business/markets/stock-markets-rally-on-firm-global-trends-spike-in-kotak-bank/article69119205.ece,thehindu.com,20250120124500,Entity matcher rejected (no positive signal or matched exclusion)
20250120124500-243,entity_matcher_rejected,"Stock markets rally on firm global trends, spike in Kotak Bank",https://www.tribuneindia.com/news/business/stock-markets-rally-on-firm-global-trends-spike-in-kotak-bank/,tribuneindia.com,20250120124500,Entity matcher rejected (no positive signal or matched exclusion)
20250120141500-1501,entity_matcher_rejected,"Sensex Rallies 454 Points, Nifty Ends Above 23,300 On Gains In Banking Shares, Firm Global Trends",https://zeenews.india.com/economy/sensex-rallies-454-points-nifty-ends-above-23300-on-gains-in-banking-shares-firm-global-trends-2846415.html,india.com,20250120141500,Entity matcher rejected (no positive signal or matched exclusion)
20250120160000-410,entity_matcher_rejected,TCS Opens New Delivery Centre in France,https://technuter.com/breaking-news/tcs-opens-new-delivery-centre-in-france.html,technuter.com,20250120160000,Entity matcher rejected (no positive signal or matched exclusion)
20250120160000-201,entity_matcher_rejected,Back to the office helps City of London's tallest tower to full capacity,https://www.cityam.com/back-to-the-office-helps-city-of-londons-tallest-tower-to-full-capacity/,cityam.com,20250120160000,Entity matcher rejected (no positive signal or matched exclusion)
20250120163000-1819,entity_matcher_rejected,IT companies show uptick in deal wins despite challenges - The Hindu BusinessLine,https://www.thehindubusinessline.com/info-tech/it-companies-show-uptick-in-deal-wins-despite-challenges/article69119177.ece,thehindubusinessline.com,20250120163000,Entity matcher rejected (no positive signal or matched exclusion)
20250120163000-1587,entity_matcher_rejected,Markets soar: Kotak Bank leads rally with 9% jump as Financial stocks shine,https://www.thehindubusinessline.com/markets/stock-markets/markets-soar-kotak-bank-leads-rally-with-9-jump-as-financial-stocks-shine/article69119328.ece,thehindubusinessline.com,20250120163000,Entity matcher rejected (no positive signal or matched exclusion)
20250120180000-T797,entity_matcher_rejected,"मजबूत वैश्विक रुख से सेंसेक्स 454 अंक चढ़ा, निफ्टी 23,300 अंक के पार",https://www.loktej.com/article/123467/sensex-rises-454-points-due-to-strong-global-trend--nifty-crosses-23-300-points,loktej.com,20250120180000,Entity matcher rejected (no positive signal or matched exclusion)
20250120180000-T812,entity_matcher_rejected,"दावोस बैठक में केंद्र, राज्यों ने मंडपों में दिखाई भारत की एकजुट तस्वीर",https://www.loktej.com/article/123529/center-and-svos,loktej.com,20250120180000,Entity matcher rejected (no positive signal or matched exclusion)
20250120184500-474,entity_matcher_rejected,PSE further hikes stake in PDS,https://www.philstar.com/business/2025/01/21/2415626/pse-further-hikes-stake-pds,philstar.com,20250120184500,Entity matcher rejected (no positive signal or matched exclusion)
20250120184500-857,entity_matcher_rejected,TCS opens new delivery centre in France | Central India's Premier English Daily,https://www.centralchronicle.com/tcs-opens-new-delivery-centre-in-france/,centralchronicle.com,20250120184500,Entity matcher rejected (no positive signal or matched exclusion)
20250120191500-473,entity_matcher_rejected,PM Internship phase 2: Offers sought from 220 more firms,https://economictimes.indiatimes.com/jobs/fresher/pm-internship-phase-2-offers-sought-from-220-more-firms/articleshow/117406358.cms,indiatimes.com,20250120191500,Entity matcher rejected (no positive signal or matched exclusion)
20250120220000-1228,entity_matcher_rejected,IT firms see shift to shorter deal cycles,https://www.financialexpress.com/business/industry-it-firms-see-shift-to-shorter-deal-cycles-3720861/,financialexpress.com,20250120220000,Entity matcher rejected (no positive signal or matched exclusion)
20250121013000-995,entity_matcher_rejected,TCS opens new delivery centre in France,https://www.financialexpress.com/business/industry-tcs-opens-new-delivery-centre-in-france-3720785/,financialexpress.com,20250121013000,Entity matcher rejected (no positive signal or matched exclusion)
20250121014500-T23,entity_matcher_rejected,"Stocks to Watch: आज Wipro और Tejas Networks समेत ये शेयर लगाएंगे दौड़, तेजी के संकेत",https://navbharattimes.indiatimes.com/business/share-market/share-news/stock-market-prediction-today-these-shares-including-wipro-and-tejas-networks-showing-bullish-bias/articleshow/117405468.cms,indiatimes.com,20250121014500,Entity matcher rejected (no positive signal or matched exclusion)
20250121020000-5,entity_matcher_rejected,Reimagining tech! AI's the art of the possible - The Economic Times,https://economictimes.indiatimes.com/tech/artificial-intelligence/reimagining-tech-ais-the-art-of-the-possible/articleshow/117405695.cms,indiatimes.com,20250121020000,Entity matcher rejected (no positive signal or matched exclusion)
20250121020000-345,entity_matcher_rejected,Top IT firms boost fresher hiring targets on signs of demand revival,https://economictimes.indiatimes.com/tech/information-tech/top-it-firms-boost-fresher-hiring-targets-on-signs-of-demand-revival/articleshow/117405913.cms,indiatimes.com,20250121020000,Entity matcher rejected (no positive signal or matched exclusion)
20250121024500-129,entity_matcher_rejected,"Stocks to Watch Today: MCX India, Oberoi Realty, Cipla, Venus Remedies, Dixon Technologies, L&T Finance in focus on 21 January",https://www.moneycontrol.com/news/business/markets/stocks-to-watch-today-mcx-india-oberoi-realty-cipla-venus-remedies-dixon-technologies-l-t-finance-in-focus-on-21-january-12915226.html,moneycontrol.com,20250121024500,Entity matcher rejected (no positive signal or matched exclusion)
20250121024500-1027,entity_matcher_rejected,"Stock Market Live Updates 21 January 2025: Sensex, Nifty set for flat open amid global optimism on Trump's day-one policies",https://www.thehindubusinessline.com/markets/share-market-nifty-sensex-live-updates-21-january-2025/article69119807.ece,thehindubusinessline.com,20250121024500,Entity matcher rejected (no positive signal or matched exclusion)
20250121031500-T60,entity_matcher_rejected,Market capitalization of 6 companies falls by Rs 1.71 lakh crore,https://www.tarunbharat.com/market-capitalization-of-6-companies-falls-by-rs-1-71-lakh-crore/,tarunbharat.com,20250121031500,Entity matcher rejected (no positive signal or matched exclusion)
20250121034500-140,entity_matcher_rejected,Stock that will see action today: 21 January 2025 - The Hindu BusinessLine,https://www.thehindubusinessline.com/markets/stocks-that-will-see-action-today-january-21-2025/article69122093.ece,thehindubusinessline.com,20250121034500,Entity matcher rejected (no positive signal or matched exclusion)
20250121040000-572,entity_matcher_rejected,"Strategy Consulting Market to Grow by USD 121.2 Billion (2024-2028), Driven by Demand for Enhanced Customer Digital Experience, AI Driving Market Transformation",https://www.itnewsonline.com/PRNewswire/Strategy-Consulting-Market-to-Grow-by-USD-121.2-Billion-2024-2028-Driven-by-Demand-for-Enhanced-Customer-Digital-Experience-AI-Driving-Market-Transformation---Technavio/1033933,itnewsonline.com,20250121040000,Entity matcher rejected (no positive signal or matched exclusion)
20250121041500-293,entity_matcher_rejected,"Strategy Consulting Market to Grow by USD 121.2 Billion (2024-2028), Driven by Demand for Enhanced Customer Digital Experience, AI Driving Market Transformation",https://www.prnewswire.com/news-releases/strategy-consulting-market-to-grow-by-usd-121-2-billion-2024-2028-driven-by-demand-for-enhanced-customer-digital-experience-ai-driving-market-transformation---technavio-302354886.html,prnewswire.com,20250121041500,Entity matcher rejected (no positive signal or matched exclusion)
20250121043000-112,entity_matcher_rejected,Top Stocks for Today - 21st January 2025,https://www.indiainfoline.com/news/markets/top-stocks-for-today-21st-january-2025,indiainfoline.com,20250121043000,Entity matcher rejected (no positive signal or matched exclusion)
20250121044500-835,entity_matcher_rejected,"Strategy Consulting Market to Grow by USD 121.2 Billion (2024-2028), Driven by Demand for Enhanced Customer Digital Experience, AI Driving Market Transformation",https://www.tmcnet.com/usubmit/2025/01/20/10133698.htm,tmcnet.com,20250121044500,Entity matcher rejected (no positive signal or matched exclusion)
20250121051500-T27,entity_matcher_rejected,"Stock market Live Updates sensex and nifty jumps in starting phase शुरुआती बढ़त के बाद फिसला शेयर, मार्केट में भारी गिरावट, सेंसेक्स 400 से अधिक अंक लुढ़का, Business Hindi News",https://www.livehindustan.com/business/stock-market-live-updates-sensex-and-nifty-jumps-in-starting-phase-201737430952847.html,livehindustan.com,20250121051500,Entity matcher rejected (no positive signal or matched exclusion)
20250121061500-135,entity_matcher_rejected,Man claims IndiGo staff left his luggage behind after being told there was no space on flight,https://www.hindustantimes.com/trending/man-claims-indigo-staff-left-his-luggage-behind-after-being-told-there-was-no-space-on-flight-101737435670350.html,hindustantimes.com,20250121061500,Entity matcher rejected (no positive signal or matched exclusion)
20250121080000-801,entity_matcher_rejected,"Man Claims IndiGo Left His Luggage Behind Due To Lack Of Space, Airline Responds",https://www.news18.com/viral/man-claims-indigo-left-his-luggage-behind-due-to-lack-of-space-airline-responds-aa-9196317.html,news18.com,20250121080000,Entity matcher rejected (no positive signal or matched exclusion)
20250121093000-118,entity_matcher_rejected,"What does Trump's win mean for H-1B visa holders, Indian techies",https://www.moneycontrol.com/news/world/what-does-trump-s-win-mean-for-h-1b-visa-holders-indian-techies-12915909.html,moneycontrol.com,20250121093000,Entity matcher rejected (no positive signal or matched exclusion)
20250121093000-41,entity_matcher_rejected,Winners in the 2025 Middle East & North Africa Stevie® Awards Announced,https://www.albawaba.com/business/pr/winners-2025-middle-east-north-africa-1598472,albawaba.com,20250121093000,Entity matcher rejected (no positive signal or matched exclusion)
20250121140000-99,entity_matcher_rejected,"Tumble Tuesday for Zomato, Swiggy shares; IT firms boost fresher hiring",https://economictimes.indiatimes.com/tech/newsletters/tech-top-5/tumble-tuesday-for-zomato-swiggy-shares-it-firms-boost-fresher-hiring/articleshow/117429749.cms,indiatimes.com,20250121140000,Entity matcher rejected (no positive signal or matched exclusion)
20250121150000-1598,entity_matcher_rejected,Trump halts US EV policy as world prepares for e-mobility,https://www.itweb.co.za/article/trump-halts-us-ev-policy-as-world-prepares-for-e-mobility/Olx4zMka56Zv56km,itweb.co.za,20250121150000,Entity matcher rejected (no positive signal or matched exclusion)
20250121150000-902,entity_matcher_rejected,IT companies report growth in margins in Q3 - The Hindu BusinessLine,https://www.thehindubusinessline.com/companies/it-companies-report-growth-in-margins-in-q3/article69123060.ece,thehindubusinessline.com,20250121150000,Entity matcher rejected (no positive signal or matched exclusion)
20250121213000-T1416,entity_matcher_rejected,DAYTONA ORAMA 125 ABS/TCS,https://www.inewsgr.com/374/DAYTONA-ORAMA-125-ABSTCS.htm,inewsgr.com,20250121213000,Entity matcher rejected (no positive signal or matched exclusion)
20250121234500-875,entity_matcher_rejected,On The Looming Conflicts Within The Trump Presidency,https://www.scoop.co.nz/stories/HL2501/S00032/on-the-looming-conflicts-within-the-trump-presidency.htm,scoop.co.nz,20250121234500,Entity matcher rejected (no positive signal or matched exclusion)
20250122000000-887,entity_matcher_rejected,'The fun stops here': Davos elites at economic forum grapple with realities of Trump's return,https://www.straitstimes.com/world/the-fun-stops-here-davos-elites-grapple-with-the-realities-of-the-return-of-trump,straitstimes.com,20250122000000,Entity matcher rejected (no positive signal or matched exclusion)
20250122004500-1788,entity_matcher_rejected,Indian IT services firms take a divergent AI approach,https://www.livemint.com/companies/it-services-companies-ai-tools-infosys-tech-mahindra-tcs-wipro-hcl-tech-ai-models-generative-ai-llms-slms-chatgpt-11737454537912.html,livemint.com,20250122004500,Entity matcher rejected (no positive signal or matched exclusion)
20250122014500-T159,entity_matcher_rejected,The upcoming financial year is positive for IT.,https://www.tarunbharat.com/the-upcoming-financial-year-is-positive-for-it/,tarunbharat.com,20250122014500,Entity matcher rejected (no positive signal or matched exclusion)
20250122050000-758,entity_matcher_rejected,Stock Market Sectors: Stock market update: FMCG stocks down as market rises,https://economictimes.indiatimes.com/markets/stocks/stock-watch/stock-market-update-fmcg-stocks-down-as-market-rises/articleshow/117444122.cms,indiatimes.com,20250122050000,Entity matcher rejected (no positive signal or matched exclusion)
20250122050000-1194,entity_matcher_rejected,Indices: Stock market update: Nifty IT index 0.78% in an upbeat market,https://economictimes.indiatimes.com/markets/stocks/stock-watch/stock-market-update-nifty-it-index-0-78-in-an-upbeat-market/articleshow/117444213.cms,indiatimes.com,20250122050000,Entity matcher rejected (no positive signal or matched exclusion)
20250122050000-482,entity_matcher_rejected,'The fun stops here': Davos elites at economic forum grapple with realities of Trump's return,https://asianews.network/the-fun-stops-here-davos-elites-at-economic-forum-grapple-with-realities-of-trumps-return/,asianews.network,20250122050000,Entity matcher rejected (no positive signal or matched exclusion)
20250122054500-920,entity_matcher_rejected,Sensex climbs 366 points in early trade amid mixed global equities,https://www.thehindu.com/business/markets/sensex-updates-on-january-22-2025/article69126311.ece,thehindu.com,20250122054500,Entity matcher rejected (no positive signal or matched exclusion)
20250122054500-407,entity_matcher_rejected,Stock Market Sectors: Stock market update: Fertilisers stocks down as market rises,https://economictimes.indiatimes.com/markets/stocks/stock-watch/stock-market-update-fertilisers-stocks-down-as-market-rises/articleshow/117445573.cms,indiatimes.com,20250122054500,Entity matcher rejected (no positive signal or matched exclusion)
20250122054500-259,entity_matcher_rejected,Stock Market Sectors: Stock market update: Mining stocks down as market rises,https://economictimes.indiatimes.com/markets/stocks/stock-watch/stock-market-update-mining-stocks-down-as-market-rises/articleshow/117444933.cms,indiatimes.com,20250122054500,Entity matcher rejected (no positive signal or matched exclusion)
20250122054500-264,entity_matcher_rejected,Stock Market Sectors: Stock market update: Power stocks down as market rises,https://economictimes.indiatimes.com/markets/stocks/stock-watch/stock-market-update-power-stocks-down-as-market-rises/articleshow/117445182.cms,indiatimes.com,20250122054500,Entity matcher rejected (no positive signal or matched exclusion)
20250122063000-614,entity_matcher_rejected,share market: Share market update: Most active stocks on D-Street today in terms of volume,https://economictimes.indiatimes.com/markets/stocks/stock-watch/share-market-update-most-active-stocks-on-d-street-today-in-terms-of-volume/articleshow/117446294.cms,indiatimes.com,20250122063000,Entity matcher rejected (no positive signal or matched exclusion)
20250122063000-205,entity_matcher_rejected,active stocks: Share market update: Most active stocks of the day in terms of total traded value,https://economictimes.indiatimes.com/markets/stocks/stock-watch/share-market-update-most-active-stocks-of-the-day-in-terms-of-total-traded-value/articleshow/117446146.cms,indiatimes.com,20250122063000,Entity matcher rejected (no positive signal or matched exclusion)
20250122064500-642,entity_matcher_rejected,The Container Store Group (NYSE:TCS) Now Covered by Analysts at StockNews.com,https://www.wkrb13.com/2025/01/22/the-container-store-group-nysetcs-now-covered-by-analysts-at-stocknews-com.html,wkrb13.com,20250122064500,Entity matcher rejected (no positive signal or matched exclusion)
20250122071500-T737,entity_matcher_rejected,"Indian Stock Market: सेंसेक्स, निफ्टी ने सकारात्मक रुख के साथ की कारोबार की शुरुआत",https://www.dainiktribuneonline.com/news/business/indian-stock-market-sensex-nifty-started-trading-with-a-positive-trend/,dainiktribuneonline.com,20250122071500,Entity matcher rejected (no positive signal or matched exclusion)
20250122081500-844,entity_matcher_rejected,Careers in automotive engineering: What you need to know,https://www.siliconrepublic.com/careers/automotive-engineering-careers-ireland-tcs-jlr-atu,siliconrepublic.com,20250122081500,Entity matcher rejected (no positive signal or matched exclusion)
20250122083000-778,entity_matcher_rejected,Markets rally in early trade amid mixed global equities,https://www.dailypioneer.com/2025/business/markets-rally-in-early-trade-amid-mixed-global-equities.html,dailypioneer.com,20250122083000,Entity matcher rejected (no positive signal or matched exclusion)
20250122084500-688,entity_matcher_rejected,​'The fun stops here': Davos elites at economic forum grapple with realities of Trump's return,https://www.phnompenhpost.com/business/-the-fun-stops-here-davos-elites-at-economic-forum-grapple-with-realities-of-trump-s-return,phnompenhpost.com,20250122084500,Entity matcher rejected (no positive signal or matched exclusion)
20250122090000-T613,entity_matcher_rejected,"Payments of salary to MLC Teachers clearance of bills worth thousands crore stuck in CFMS 2.0 implementation बिहार में CFMS 2.0 से कोहराम; 20 दिनों से अटका है MLC से टीचर तक का वेतन, हजारों करोड़ का बिल, Bihar Hindi News",https://www.livehindustan.com/bihar/payments-of-salary-to-mlc-teachers-clearance-of-bills-worth-thousands-crore-stuck-in-cfms-2-0-implementation-201737531374220.html,livehindustan.com,20250122090000,Entity matcher rejected (no positive signal or matched exclusion)
20250122100000-421,entity_matcher_rejected,Telangana highlights skill development initiatives at CII Breakfast Session in Davos,https://news.webindia123.com/news/Articles/Business/20250122/4279232.html,webindia123.com,20250122100000,Entity matcher rejected (no positive signal or matched exclusion)
20250122103000-661,entity_matcher_rejected,"Nifty 12% down from peak. BNP Paribas sets 25,500 target for C25, lists 18 top buy ideas",https://economictimes.indiatimes.com/markets/stocks/news/nifty-12-down-from-peak-bnp-paribas-sets-25500-target-for-c25-lists-18-top-buy-ideas/articleshow/117453954.cms,indiatimes.com,20250122103000,Entity matcher rejected (no positive signal or matched exclusion)
20250122103000-228,entity_matcher_rejected,Telangana highlights skill development initiatives at CII Breakfast Session in Davos,https://www.bignewsnetwork.com/news/274972945/telangana-highlights-skill-development-initiatives-at-cii-breakfast-session-in-davos,bignewsnetwork.com,20250122103000,Entity matcher rejected (no positive signal or matched exclusion)
20250122104500-805,entity_matcher_rejected,India's Strategic Advantage In Gccs Highlighted At WEF 2025,https://menafn.com/1109116648/Indias-Strategic-Advantage-In-Gccs-Highlighted-At-WEF-2025,menafn.com,20250122104500,Entity matcher rejected (no positive signal or matched exclusion)
20250122104500-111,entity_matcher_rejected,RAK to host Stevie Awards ceremony on February 22,https://news.webindia123.com/news/Articles/World/20250122/4279270.html,webindia123.com,20250122104500,Entity matcher rejected (no positive signal or matched exclusion)
20250122104500-732,entity_matcher_rejected,"Months after Ratan Tata's death, this Tata company ranks second global IT leader with brand valuation of Rs...",https://www.dnaindia.com/business/report-months-after-ratan-tata-s-death-this-tata-company-ranks-second-global-it-leader-with-brand-valuation-of-rs-3128329,dnaindia.com,20250122104500,Entity matcher rejected (no positive signal or matched exclusion)
20250122110000-621,entity_matcher_rejected,"Sensex, Nifty rebound on buying in Infosys, HDFC Bank, firm global trends",https://www.orissapost.com/sensex-nifty-rebound-on-buying-in-infosys-hdfc-bank-firm-global-trends/,orissapost.com,20250122110000,Entity matcher rejected (no positive signal or matched exclusion)
20250122111500-1199,entity_matcher_rejected,India's strategic advantage in GCCs highlighted at WEF 2025,https://www.prokerala.com/news/articles/a1600947.html,prokerala.com,20250122111500,Entity matcher rejected (no positive signal or matched exclusion)
20250122111500-450,entity_matcher_rejected,"Sensex, Nifty rebound on buying in Infosys, HDFC Bank, firm global trends",https://www.dailyexcelsior.com/sensex-nifty-rebound-on-buying-in-infosys-hdfc-bank-firm-global-trends/,dailyexcelsior.com,20250122111500,Entity matcher rejected (no positive signal or matched exclusion)
20250122111500-1406,entity_matcher_rejected,Telangana highlights skill development initiatives at CII Breakfast Session in Davos,https://aninews.in/news/business/telangana-highlights-skill-development-initiatives-at-cii-breakfast-session-in-davos20250122143536/,aninews.in,20250122111500,Entity matcher rejected (no positive signal or matched exclusion)
20250122111500-509,entity_matcher_rejected,RAK to host Stevie Awards ceremony on February 22,https://www.aninews.in/news/world/middle-east/rak-to-host-stevie-awards-ceremony-on-february-2220250122151001/,aninews.in,20250122111500,Entity matcher rejected (no positive signal or matched exclusion)
20250122111500-575,entity_matcher_rejected,RAK to host Stevie Awards ceremony on February 22,https://aninews.in/news/world/middle-east/rak-to-host-stevie-awards-ceremony-on-february-2220250122151001/,aninews.in,20250122111500,Entity matcher rejected (no positive signal or matched exclusion)
20250122111500-65,entity_matcher_rejected,"Sensex, Nifty rebound on buying in Infosys, HDFC Bank, firm global trends",https://www.thehindu.com/business/markets/sensex-nifty-rebound-on-buying-in-infosys-hdfc-bank-firm-global-trends/article69127358.ece,thehindu.com,20250122111500,Entity matcher rejected (no positive signal or matched exclusion)
20250122111500-1165,entity_matcher_rejected,Stock Market Sectors: Stock market update: Sugar stocks down as market rises,https://economictimes.indiatimes.com/markets/stocks/stock-watch/stock-market-update-sugar-stocks-down-as-market-rises/articleshow/117456049.cms,indiatimes.com,20250122111500,Entity matcher rejected (no positive signal or matched exclusion)
20250122111500-T1396,entity_matcher_rejected,"Share Market: सेंसेक्स उछला, फिर भी ₹2 लाख करोड़ के घाटे में रहे निवेशक, छोटे और मझोले शेयरों में मचा हाहाकार",https://hindi.moneycontrol.com/news/markets/share-market-today-sensex-nifty-surges-but-mid-and-smallcap-witness-bloodbath-investors-losts-over-rs-2-lakh-core-1952361.html,moneycontrol.com,20250122111500,Entity matcher rejected (no positive signal or matched exclusion)
20250122113000-611,entity_matcher_rejected,RAK to host Stevie Awards ceremony on February 22,https://www.bignewsnetwork.com/news/274972993/rak-to-host-stevie-awards-ceremony-on-february-22,bignewsnetwork.com,20250122113000,Entity matcher rejected (no positive signal or matched exclusion)
20250122113000-259,entity_matcher_rejected,Business News | Telangana Highlights Skill Development Initiatives at CII Breakfast Session in Davos,https://www.latestly.com/agency-news/business-news-telangana-highlights-skill-development-initiatives-at-cii-breakfast-session-in-davos-6584650.html,latestly.com,20250122113000,Entity matcher rejected (no positive signal or matched exclusion)
20250122113000-863,entity_matcher_rejected,RAK to host Stevie Awards ceremony on February 22,https://www.bignewsnetwork.com/news/274972990/rak-to-host-stevie-awards-ceremony-on-february-22,bignewsnetwork.com,20250122113000,Entity matcher rejected (no positive signal or matched exclusion)
20250122113000-321,entity_matcher_rejected,RAK to host Stevie Awards ceremony on February 22,https://theprint.in/world/rak-to-host-stevie-awards-ceremony-on-february-22/2457130/,theprint.in,20250122113000,Entity matcher rejected (no positive signal or matched exclusion)
20250122114500-643,entity_matcher_rejected,Interview with musician Madan Gopal Singh ahead of TCS Ruhaniyat 2025 in Bengaluru,https://www.thehindu.com/news/cities/bangalore/interview-with-musician-madan-gopal-singh-ahead-of-tcs-ruhaniyat-2025-in-bengaluru/article69123177.ece,thehindu.com,20250122114500,Entity matcher rejected (no positive signal or matched exclusion)
20250122114500-588,entity_matcher_rejected,RAK to host Stevie Awards ceremony on February 22,https://www.nigeriasun.com/news/274972993/rak-to-host-stevie-awards-ceremony-on-february-22,nigeriasun.com,20250122114500,Entity matcher rejected (no positive signal or matched exclusion)
20250122120000-759,entity_matcher_rejected,Indices: Stock market update: Nifty IT index 2.14%,https://economictimes.indiatimes.com/markets/stocks/stock-watch/stock-market-update-nifty-it-index-2-14/articleshow/117457495.cms,indiatimes.com,20250122120000,Entity matcher rejected (no positive signal or matched exclusion)
20250122120000-390,entity_matcher_rejected,RAK to host Stevie Awards ceremony on February 22,https://www.nigeriasun.com/news/274972990/rak-to-host-stevie-awards-ceremony-on-february-22,nigeriasun.com,20250122120000,Entity matcher rejected (no positive signal or matched exclusion)
20250122121500-884,entity_matcher_rejected,Telangana highlights skill development initiatives at CII Breakfast Session in Davos,https://www.srilankasource.com/news/274972945/telangana-highlights-skill-development-initiatives-at-cii-breakfast-session-in-davos,srilankasource.com,20250122121500,Entity matcher rejected (no positive signal or matched exclusion)
20250122123000-655,entity_matcher_rejected,active stocks: Share market update: Most active stocks of the day in terms of traded value,https://economictimes.indiatimes.com/markets/stocks/stock-watch/share-market-update-most-active-stocks-of-the-day-in-terms-of-traded-value/articleshow/117457773.cms,indiatimes.com,20250122123000,Entity matcher rejected (no positive signal or matched exclusion)
20250122123000-1121,entity_matcher_rejected,India's global capability centres transform from cost-arbitrage to innovation hubs: Indian leaders at Davos,https://economictimes.indiatimes.com/news/india/indias-global-capability-centres-transform-from-cost-arbitrage-to-innovation-hubs-indian-leaders-at-davos/articleshow/117458065.cms,indiatimes.com,20250122123000,Entity matcher rejected (no positive signal or matched exclusion)
20250122123000-731,entity_matcher_rejected,"BSNL makes 65,000 4G sites live, to ensure wider coverage: Robert Ravi, ET Telecom",https://telecom.economictimes.indiatimes.com/news/industry/bsnl-makes-65000-4g-sites-live-to-ensure-wider-coverage-robert-ravi/117455889,indiatimes.com,20250122123000,Entity matcher rejected (no positive signal or matched exclusion)
20250122130000-T1620,entity_matcher_rejected,"आईटी में खरीदारी से शेयर बाजार में रौनक लौटी, सेंसेक्स 567 अंक उछला",https://www.loktej.com/article/124295/stock-market-brightened-due-to-buying-in-it--sensex-jumped-567-points,loktej.com,20250122130000,Entity matcher rejected (no positive signal or matched exclusion)
20250122130000-T1597,entity_matcher_rejected,"Stock Market: शेयर बाजार में रौनक लौटी, 567 अंक उछला सेंसेक्स",https://www.prabhatkhabar.com/business/stock-market-sensex-surges-567-points-nifty-reclaims-23150-amid-positive-global-cues,prabhatkhabar.com,20250122130000,Entity matcher rejected (no positive signal or matched exclusion)
20250122133000-865,entity_matcher_rejected,"Sensex, Nifty rebound on buying in Infosys, HDFC Bank, firm global trends",https://www.tribuneindia.com/news/business/sensex-nifty-rebound-on-buying-in-infosys-hdfc-bank-firm-global-trends/,tribuneindia.com,20250122133000,Entity matcher rejected (no positive signal or matched exclusion)
20250122140000-295,entity_matcher_rejected,RAK to host Stevie Awards ceremony on February 22,https://www.sierraleonetimes.com/news/274972993/rak-to-host-stevie-awards-ceremony-on-february-22,sierraleonetimes.com,20250122140000,Entity matcher rejected (no positive signal or matched exclusion)
20250122140000-1475,entity_matcher_rejected,RAK to host Stevie Awards ceremony on February 22,https://www.sierraleonetimes.com/news/274972990/rak-to-host-stevie-awards-ceremony-on-february-22,sierraleonetimes.com,20250122140000,Entity matcher rejected (no positive signal or matched exclusion)
20250122143000-1577,entity_matcher_rejected,"India's GCCs transform from cost arbitrage to innovation hubs, driving global growth: CII session",https://aninews.in/news/business/indias-gccs-transform-from-cost-arbitrage-to-innovation-hubs-driving-global-growth-cii-session20250122175131/,aninews.in,20250122143000,Entity matcher rejected (no positive signal or matched exclusion)
20250122150000-1211,entity_matcher_rejected,Mastercard: Charging Ahead,https://www.finanznachrichten.de/nachrichten-2025-01/64355444-mastercard-charging-ahead-200.htm,finanznachrichten.de,20250122150000,Entity matcher rejected (no positive signal or matched exclusion)
20250122151500-192,entity_matcher_rejected,"Mastercard: Charging Ahead -January 22, 2025 at 09:54 am EST",https://www.marketscreener.com/quote/stock/TESLA-INC-6344549/news/Mastercard-Charging-Ahead-48838642/,marketscreener.com,20250122151500,Entity matcher rejected (no positive signal or matched exclusion)
20250122160000-1460,entity_matcher_rejected,"Sensex, Nifty rebound on buying in Infosys, HDFC Bank",https://www.rediff.com/business/report/sensex-nifty-rebound-on-buying-in-infosys-hdfc-bank/20250122.htm,rediff.com,20250122160000,Entity matcher rejected (no positive signal or matched exclusion)
20250122161500-1464,entity_matcher_rejected,Telangana highlights skill development initiatives at CII Breakfast Session in Davos,https://www.singaporestar.com/news/274972945/telangana-highlights-skill-development-initiatives-at-cii-breakfast-session-in-davos,singaporestar.com,20250122161500,Entity matcher rejected (no positive signal or matched exclusion)
20250122161500-475,entity_matcher_rejected,"India's GCCs transform from cost arbitrage to innovation hubs, driving global growth: CII session",https://www.singaporestar.com/news/274973402/india-gccs-transform-from-cost-arbitrage-to-innovation-hubs-driving-global-growth-cii-session,singaporestar.com,20250122161500,Entity matcher rejected (no positive signal or matched exclusion)
20250122163000-489,entity_matcher_rejected,Benchmark indices close high driven by tech stocks,https://www.thestatesman.com/business/benchmark-indices-close-high-driven-by-tech-stocks-1503389478.html,thestatesman.com,20250122163000,Entity matcher rejected (no positive signal or matched exclusion)
20250122184500-2219,entity_matcher_rejected,WEF: Trump's $500 billion AI bazooka adds to buzz in Davos – DW – 01/22/2025,https://www.dw.com/en/wef-donald-trumps-500-billion-ai-bazooka-adds-to-buzz-in-davos/a-71375833,dw.com,20250122184500,Entity matcher rejected (no positive signal or matched exclusion)
20250122190000-189,entity_matcher_rejected,"Sensex, Nifty rebound on buying in Infosys, HDFC Bank, firm global trends",https://indianexpress.com/article/business/sensex-nifty-infosys-hdfc-bank-firm-global-trends-9793289/,indianexpress.com,20250122190000,Entity matcher rejected (no positive signal or matched exclusion)
20250122193000-1291,entity_matcher_rejected,WEF: Trump's $500 billion AI bazooka adds to buzz in Davos – DW – 01/22/2025,https://www.dw.com/en/wef-trumps-500-billion-ai-bazooka-adds-to-buzz-in-davos/a-71375833,dw.com,20250122193000,Entity matcher rejected (no positive signal or matched exclusion)
20250122223000-546,entity_matcher_rejected,H-1B visa changes likely to have minimal impact on IT sector,https://www.financialexpress.com/business/industry-h-1b-visa-changes-likely-to-have-minimal-impact-on-it-sector-3723017/,financialexpress.com,20250122223000,Entity matcher rejected (no positive signal or matched exclusion)
20250122230000-873,entity_matcher_rejected,"Sensex, Nifty rebound on buying in Infosys, HDFC Bank, firm global trends",https://www.dailypioneer.com/2025/business/sensex--nifty-rebound-on-buying-in-infosys--hdfc-bank--firm-global-trends.html,dailypioneer.com,20250122230000,Entity matcher rejected (no positive signal or matched exclusion)
20250123033000-24,entity_matcher_rejected,Stevie Awards MENA 2025: Ras Al Khaimah Honors Regional Excellence,https://www.newkerala.com/news/o/rak-host-stevie-awards-ceremony-february-22-972,newkerala.com,20250123033000,Entity matcher rejected (no positive signal or matched exclusion)
20250123033000-453,entity_matcher_rejected,Telangana's Skill Development Vision at Davos 2025,https://www.newkerala.com/news/o/telangana-highlights-skill-development-initiatives-cii-breakfast-session-davos-491,newkerala.com,20250123033000,Entity matcher rejected (no positive signal or matched exclusion)
20250123064500-T651,entity_matcher_rejected,"Stock Market Live Updates Sensex nifty crashed today Stock Market Live Updates Today: शेयर बाजार में रिकवरी, सेंसेक्स और निफ्टी में उछाल, जोमैटो पर दांव लगा रहे निवेशक, Business Hindi News",https://www.livehindustan.com/business/stock-market-live-updates-sensex-nifty-crashed-today-201737603525705.html,livehindustan.com,20250123064500,Entity matcher rejected (no positive signal or matched exclusion)
20250123080000-793,entity_matcher_rejected,Davos: Trump's $500 billion AI bazooka adds to buzz at WEF – DW – 01/22/2025,https://www.dw.com/en/tech-titans-openai-oracle-softbank-join-trump-for-ai-billion-dollar-initiative/a-71375833,dw.com,20250123080000,Entity matcher rejected (no positive signal or matched exclusion)
20250123081500-821,entity_matcher_rejected,"Trump's birthright citizenship order likely to face legal hurdles, say experts",https://www.moneycontrol.com/technology/trump-s-birthright-citizenship-order-likely-to-face-legal-hurdles-say-experts-article-12917689.html,moneycontrol.com,20250123081500,Entity matcher rejected (no positive signal or matched exclusion)
20250123090000-798,entity_matcher_rejected,India's GCC Advantage: Strategic Growth at WEF 2025,https://www.newkerala.com/news/o/indias-strategic-advantage-gccs-highlighted-wef-2025-762,newkerala.com,20250123090000,Entity matcher rejected (no positive signal or matched exclusion)
20250123104500-9,entity_matcher_rejected,Trump's Latest Comment Gives IT Cos Hope,https://www.rediff.com/business/report/trumps-latest-comment-gives-it-cos-hope/20250123.htm,rediff.com,20250123104500,Entity matcher rejected (no positive signal or matched exclusion)
20250123114500-1584,entity_matcher_rejected,Indices: Stock market update: Nifty IT index 1.79%,https://economictimes.indiatimes.com/markets/stocks/stock-watch/stock-market-update-nifty-it-index-1-79/articleshow/117487056.cms,indiatimes.com,20250123114500,Entity matcher rejected (no positive signal or matched exclusion)
20250123134500-661,entity_matcher_rejected,"TCS, Infosys set to gain from sliding rupee; Bharti Airtel, Ola's parent brace for challenges: Moody's",https://economictimes.indiatimes.com/markets/stocks/news/tcs-infosys-set-to-gain-from-sliding-rupee-bharti-airtel-olas-parent-brace-for-challenges-moodys/articleshow/117490663.cms,indiatimes.com,20250123134500,Entity matcher rejected (no positive signal or matched exclusion)
20250123141500-1735,entity_matcher_rejected,Real Estate | Property in India | Buy/Sale/Rent Properties,https://www.magicbricks.com/property-for-sale-rent-area-Central-in-Bangalore/residential-real-estate-area-Central-in-Bangalore,magicbricks.com,20250123141500,Entity matcher rejected (no positive signal or matched exclusion)
20250123141500-545,entity_matcher_rejected,Real Estate | Property in India | Buy/Sale/Rent Properties,https://www.magicbricks.com/property-for-sale-rent-area-East-in-Bangalore/residential-real-estate-area-East-in-Bangalore,magicbricks.com,20250123141500,Entity matcher rejected (no positive signal or matched exclusion)
20250123141500-741,entity_matcher_rejected,Real Estate | Property in India | Buy/Sale/Rent Properties,https://www.magicbricks.com/property-for-sale-rent-area-North-in-Bangalore/residential-real-estate-area-North-in-Bangalore,magicbricks.com,20250123141500,Entity matcher rejected (no positive signal or matched exclusion)
20250123141500-1662,entity_matcher_rejected,Real Estate | Property in India | Buy/Sale/Rent Properties,https://www.magicbricks.com/property-for-sale-rent-area-South-in-Bangalore/residential-real-estate-area-South-in-Bangalore,magicbricks.com,20250123141500,Entity matcher rejected (no positive signal or matched exclusion)
20250123141500-1527,entity_matcher_rejected,Real Estate | Property in India | Buy/Sale/Rent Properties,https://www.magicbricks.com/property-for-sale-rent-area-West-in-Bangalore/residential-real-estate-area-West-in-Bangalore,magicbricks.com,20250123141500,Entity matcher rejected (no positive signal or matched exclusion)
20250124011500-1197,entity_matcher_rejected,Final Entry Deadline Extended in the 19th Annual Stevie® Awards for Sales & Customer Service,https://www.prweb.com/releases/final-entry-deadline-extended-in-the-19th-annual-stevie-awards-for-sales--customer-service-302358875.html,prweb.com,20250124011500,Entity matcher rejected (no positive signal or matched exclusion)
20250124053000-428,entity_matcher_rejected,Stock Market Sectors: Stock market update: Power stocks down as market falls,https://economictimes.indiatimes.com/markets/stocks/stock-watch/stock-market-update-power-stocks-down-as-market-falls/articleshow/117507171.cms,indiatimes.com,20250124053000,Entity matcher rejected (no positive signal or matched exclusion)
20250124054500-426,entity_matcher_rejected,"Tejas Networks says delivers RAN for 27,000 BSNL 4G, 5G sites in Q3, commences gear supply to Vodafone Idea, ET Telecom",https://telecom.economictimes.indiatimes.com/news/telecom-equipment/tejas-networks-says-delivers-ran-for-27000-bsnl-4g-5g-sites-in-q3-commences-gear-supply-to-vodafone-idea/117508482,indiatimes.com,20250124054500,Entity matcher rejected (no positive signal or matched exclusion)
20250124061500-673,entity_matcher_rejected,How Vivek Singh of Procam transformed India's running culture,https://www.livemint.com/mint-lounge/business-of-life/vivek-singh-procam-international-mint-business-lounge-11737638622929.html,livemint.com,20250124061500,Entity matcher rejected (no positive signal or matched exclusion)
20250124064500-374,entity_matcher_rejected,"Tejas Networks shares drop 9% as order book shrinks in Q3, inventory swells",https://economictimes.indiatimes.com/markets/stocks/news/tejas-networks-shares-drop-9-as-order-book-shrinks-in-q3-inventory-swells/articleshow/117510117.cms,indiatimes.com,20250124064500,Entity matcher rejected (no positive signal or matched exclusion)
20250124070000-618,entity_matcher_rejected,"BSNL eyes capacity expansion, takes 65,000 4G sites live, says Chairman",https://economictimes.indiatimes.com/industry/telecom/telecom-news/bsnl-eyes-capacity-expansion-takes-65000-4g-sites-live-says-chairman/articleshow/117510914.cms,indiatimes.com,20250124070000,Entity matcher rejected (no positive signal or matched exclusion)
20250124114500-896,entity_matcher_rejected,Budget 2025: Can some breather be expected in Tax Collected at Source (TCS) for students studying abroad?,https://www.businesstoday.in/union-budget/story/budget-2025-can-some-breather-be-expected-in-tax-collected-at-source-tcs-for-students-studying-abroad-461942-2025-01-24,businesstoday.in,20250124114500,Entity matcher rejected (no positive signal or matched exclusion)
20250124120000-47,entity_matcher_rejected,LTIMindtree names former employee Venugopal Lambu as CEO,https://economictimes.indiatimes.com/tech/information-tech/ltimindtree-names-former-employee-lambu-as-ceo/articleshow/117521847.cms,indiatimes.com,20250124120000,Entity matcher rejected (no positive signal or matched exclusion)
20250124173000-1474,entity_matcher_rejected,"More than 10% of all jobs that pay $100,000 or more are now available remotely",https://www.yahoo.com/news/more-10-jobs-pay-100-140000075.html,yahoo.com,20250124173000,Entity matcher rejected (no positive signal or matched exclusion)
20250124234500-766,entity_matcher_rejected,The Journey of Republic of India,https://www.dailyexcelsior.com/the-journey-of-republic-of-india/,dailyexcelsior.com,20250124234500,Entity matcher rejected (no positive signal or matched exclusion)
20250125024500-754,entity_matcher_rejected,"Digital Transformation Market in Oil and Gas to Grow by USD 56.4 Billion (2025-2029), Driven by Investments and Partnerships, Report Highlights AI-Driven Transformation",https://www.prnewswire.com/news-releases/digital-transformation-market-in-oil-and-gas-to-grow-by-usd-56-4-billion-2025-2029-driven-by-investments-and-partnerships-report-highlights-ai-driven-transformation---technavio-302358299.html,prnewswire.com,20250125024500,Entity matcher rejected (no positive signal or matched exclusion)
20250125041500-189,entity_matcher_rejected,"Digital Transformation Market In Oil And Gas To Grow By USD 56.4 Billion (2025-2029), Driven By Investments And Partnerships, Report Highlights AI-Dri...",https://menafn.com/1109127553/Digital-Transformation-Market-In-Oil-And-Gas-To-Grow-By-USD-564-Billion-2025-2029-Driven-By-Investments-And-Partnerships-Report-Highlights-AI-Driven-Transformation-Technavio,menafn.com,20250125041500,Entity matcher rejected (no positive signal or matched exclusion)
20250125084500-681,entity_matcher_rejected,"Asia-Pacific Digital Banking Market | Business Growth,",https://www.openpr.com/news/3832797/asia-pacific-digital-banking-market-business-growth,openpr.com,20250125084500,Entity matcher rejected (no positive signal or matched exclusion)
20250125084500-382,entity_matcher_rejected,"European Digital Banking Market | Business Growth, Development",https://www.openpr.com/news/3832794/european-digital-banking-market-business-growth-development,openpr.com,20250125084500,Entity matcher rejected (no positive signal or matched exclusion)
20250125084500-289,entity_matcher_rejected,"Indian Digital Banking Market | Business Growth, Development",https://www.openpr.com/news/3832799/indian-digital-banking-market-business-growth-development,openpr.com,20250125084500,Entity matcher rejected (no positive signal or matched exclusion)
20250125084500-17,entity_matcher_rejected,"Japan Digital Banking Market | Business Growth, Development",https://www.openpr.com/news/3832800/japan-digital-banking-market-business-growth-development,openpr.com,20250125084500,Entity matcher rejected (no positive signal or matched exclusion)
20250125161500-433,entity_matcher_rejected,"Global Banking Accounting Software Market Size, Share",https://www.openpr.com/news/3832866/global-banking-accounting-software-market-size-share,openpr.com,20250125161500,Entity matcher rejected (no positive signal or matched exclusion)
20250125170000-395,entity_matcher_rejected,F&O Query: Covered call on TCS and futures long on Coforge - The Hindu BusinessLine,https://www.thehindubusinessline.com/portfolio/commodity-analysis/fo-query-covered-call-on-tcs-and-futures-long-on-coforge/article69139571.ece,thehindubusinessline.com,20250125170000,Entity matcher rejected (no positive signal or matched exclusion)
20250125174500-457,entity_matcher_rejected,"Personal data breach notification, verifiable parental consent, dominate data rules consultation",https://economictimes.indiatimes.com/tech/information-tech/personal-data-breach-notification-verifiable-parental-consent-dominate-data-rules-consultation/articleshow/117559831.cms,indiatimes.com,20250125174500,Entity matcher rejected (no positive signal or matched exclusion)
20250126053000-441,entity_matcher_rejected,Four of 10 most valued firms lose Rs 1.25 lakh cr in market valuation; Reliance biggest laggard,https://www.orissapost.com/four-of-10-most-valued-firms-lose-rs-1-25-lakh-cr-in-market-valuation-reliance-biggest-laggard/,orissapost.com,20250126053000,Entity matcher rejected (no positive signal or matched exclusion)
20250126070000-30,entity_matcher_rejected,Four of 10 most valued firms lose Rs 1.25 lakh cr in market valuation; Reliance biggest laggard - Market News,https://www.financialexpress.com/market/four-of-10-most-valued-firms-lose-rs-1-25-lakh-crore-in-market-valuation-reliance-biggest-laggardnbsp-3726406/,financialexpress.com,20250126070000,Entity matcher rejected (no positive signal or matched exclusion)
20250126070000-T1163,entity_matcher_rejected,"Market Valuation of Top Companies: टॉप 10 कंपनियों में से 4 का m-cap ₹1.25 लाख करोड़ घटा, रिलायंस इंडस्ट्रीज को सबसे ज्यादा नुकसान",https://hindi.moneycontrol.com/news/markets/combined-market-valuation-of-four-of-the-top-10-most-valued-firms-declined-by-rs-1-25-lakh-crore-last-week-reliance-industries-taking-the-biggest-hit-1953151.html,moneycontrol.com,20250126070000,Entity matcher rejected (no positive signal or matched exclusion)
20250126071500-400,entity_matcher_rejected,Latest News | Four of 10 Most Valued Firms Lose Rs 1.25 Lakh Cr in Market Valuation; Reliance Biggest Laggard,https://www.latestly.com/agency-news/latest-news-four-of-10-most-valued-firms-lose-rs-1-25-lakh-cr-in-market-valuation-reliance-biggest-laggard-6593697.html,latestly.com,20250126071500,Entity matcher rejected (no positive signal or matched exclusion)
20250126094500-381,entity_matcher_rejected,4 of 10 most valued firms lose Rs 1.25 lakh crore in market valuation; Reliance biggest laggard,https://www.tribuneindia.com/news/business/4-of-10-most-valued-firms-lose-rs-1-25-lakh-crore-in-market-valuation-reliance-biggest-laggard/,tribuneindia.com,20250126094500,Entity matcher rejected (no positive signal or matched exclusion)
20250126113000-606,entity_matcher_rejected,Four of 10 most valued firms lose Rs 1.25 lakh cr in market valuation; Reliance biggest laggard,https://economictimes.indiatimes.com/markets/stocks/news/four-of-10-most-valued-firms-lose-rs-1-25-lakh-cr-in-market-valuation-reliance-biggest-laggard/articleshow/117572728.cms,indiatimes.com,20250126113000,Entity matcher rejected (no positive signal or matched exclusion)
20250126130000-375,entity_matcher_rejected,Intellectuals & Corporates Convene at RRU for CSRO Roundtable on Sustainable Development – Bilkul Online,https://bilkulonline.com/2025/01/26/intellectuals-corporates-convene-at-rru-for-csro-roundtable-on-sustainable-development/,bilkulonline.com,20250126130000,Entity matcher rejected (no positive signal or matched exclusion)
20250126131500-279,entity_matcher_rejected,"For large-cap IT investors, the wait for redemption can be a long one",https://www.livemint.com/companies/for-large-cap-it-investors-the-wait-for-redemption-can-be-a-long-one-hcl-infosys-tcs-wipro-trump-earnings-services-11737888531520.html,livemint.com,20250126131500,Entity matcher rejected (no positive signal or matched exclusion)
20250126181500-515,entity_matcher_rejected,"Andhra Pradesh to set up data city, AI hubs in Vizag",https://economictimes.indiatimes.com/news/india/andhra-pradesh-to-set-up-data-city-ai-hubs-in-vizag/articleshow/117583374.cms,indiatimes.com,20250126181500,Entity matcher rejected (no positive signal or matched exclusion)
20250126200000-T1409,entity_matcher_rejected,"टॉप 10 में शामिल 4 कंपनियों के मार्केट कैप में 1.25 लाख करोड़ की गिरावट, 6 का बाजार पूंजीकरण बढ़ा",https://www.tarunmitra.in/business/market-cap-of-4-companies-included-in-top-10-declined/article-71578,tarunmitra.in,20250126200000,Entity matcher rejected (no positive signal or matched exclusion)
20250127023000-799,entity_matcher_rejected,"Trading ideas: Gamuda, MAHB, Chin Hin, Scientex, LBS Bina, MRCB, TMC Life, Taghill, AmanahRaya REIT, SCIB, TCS, ICT Zone",https://www.thestar.com.my/business/business-news/2025/01/27/trading-ideas-gamuda-mahb-chin-hin-scientex-lbs-bina-mrcb-tmc-life-taghill-amanahraya-reit-scib-tcs-ict-zone,thestar.com.my,20250127023000,Entity matcher rejected (no positive signal or matched exclusion)
20250127054500-127,entity_matcher_rejected,Stock Market Sectors: Stock market update: Sugar stocks down as market falls,https://economictimes.indiatimes.com/markets/stocks/stock-watch/stock-market-update-sugar-stocks-down-as-market-falls/articleshow/117593008.cms,indiatimes.com,20250127054500,Entity matcher rejected (no positive signal or matched exclusion)
20250127054500-339,entity_matcher_rejected,"Markets fall in early trade, dragged down by Telecom stocks, weak global cues",https://www.thehindu.com/business/markets/markets-fall-in-early-trade-dragged-down-by-telecom-stocks-weak-global-cues/article69145554.ece,thehindu.com,20250127054500,Entity matcher rejected (no positive signal or matched exclusion)
20250127061500-606,entity_matcher_rejected,"The week in charts: Trumponomics, MSME boost, tax cut hopes",https://www.livemint.com/news/india/trump-tarrifs-us-birthright-citizenship-trump-executive-orders-startups-small-businesses-union-budget-tax-sops-11737622729717.html,livemint.com,20250127061500,Entity matcher rejected (no positive signal or matched exclusion)
20250127064500-560,entity_matcher_rejected,"Stock Market Crash Reason: Sensex slips 1%, Nifty below 22,850 - DeepSeek induced weak global cues among key factors behind market decline",https://www.moneycontrol.com/news/business/markets/sensex-slips-1-nifty-below-22-850-deepseek-induced-weak-global-cues-among-key-factors-behind-market-decline-12920066.html,moneycontrol.com,20250127064500,Entity matcher rejected (no positive signal or matched exclusion)
20250127070000-574,entity_matcher_rejected,121 Finance becomes the 1st Lender on GeM Sahay 2.0 Built on OCEN Framework,https://www.bignewsnetwork.com/news/274990248/121-finance-becomes-the-1st-lender-on-gem-sahay-20-built-on-ocen-framework,bignewsnetwork.com,20250127070000,Entity matcher rejected (no positive signal or matched exclusion)
20250127071500-817,entity_matcher_rejected,Revolutionizing MSME Finance: 121 Finance and GeM Sahay 2.0,https://www.devdiscourse.com/article/headlines/3240718-revolutionizing-msme-finance-121-finance-and-gem-sahay-20,devdiscourse.com,20250127071500,Entity matcher rejected (no positive signal or matched exclusion)
20250127071500-T1608,entity_matcher_rejected,"Share bazaar शेयर बाजार में शुरुआती कारोबार में गिरावट, Sensex 343 और निफ्टी 109 अंक फिसला",https://hindi.webdunia.com/stock-market/latest-prices-of-mumbai-stock-exchange-for-27-january-2025-125012700014_1.html,webdunia.com,20250127071500,Entity matcher rejected (no positive signal or matched exclusion)
20250127073000-49,entity_matcher_rejected,"Markets fall in early trade, dragged down by Telecom stocks, weak global cues",https://www.tribuneindia.com/news/business/markets-fall-in-early-trade-dragged-down-by-telecom-stocks-weak-global-cues/,tribuneindia.com,20250127073000,Entity matcher rejected (no positive signal or matched exclusion)
20250127073000-622,entity_matcher_rejected,121 Finance becomes the 1st Lender on GeM Sahay 2.0 Built on OCEN Framework,https://news.webindia123.com/news/Articles/Business/20250127/4280883.html,webindia123.com,20250127073000,Entity matcher rejected (no positive signal or matched exclusion)
20250127081500-768,entity_matcher_rejected,121 Finance becomes the 1st Lender on GeM Sahay 2.0 Built on OCEN Framework,https://aninews.in/news/business/121-finance-becomes-the-1st-lender-on-gem-sahay-20-built-on-ocen-framework20250127114931/,aninews.in,20250127081500,Entity matcher rejected (no positive signal or matched exclusion)
20250127091500-T2731,entity_matcher_rejected,"Indian Stock Market: घरेलू बाजारों सेंसेक्स, निफ्टी में शुरुआती कारोबार में गिरावट",https://www.dainiktribuneonline.com/news/nation/indian-stock-market-domestic-markets-sensex-nifty-fall-in-early-trade/,dainiktribuneonline.com,20250127091500,Entity matcher rejected (no positive signal or matched exclusion)
20250127091500-514,entity_matcher_rejected,"Good news for Narayana Murthy, Infosys earns Rs 250000000000 only in…bad news for Mukesh Ambani as Reliance loses Rs…",https://www.india.com/business/good-news-for-narayana-murthy-infosys-earns-rs-250000000000-only-in-five-days-bad-news-for-mukesh-ambani-as-reliance-loses-rs-74000-crore-7569182/,india.com,20250127091500,Entity matcher rejected (no positive signal or matched exclusion)
20250127113000-52,entity_matcher_rejected,121 Finance becomes the 1st Lender on GeM Sahay 2.0 Built on OCEN Framework,https://www.srilankasource.com/news/274990248/121-finance-becomes-the-1st-lender-on-gem-sahay-20-built-on-ocen-framework,srilankasource.com,20250127113000,Entity matcher rejected (no positive signal or matched exclusion)
20250127113000-607,entity_matcher_rejected,"After Hi-Tech City in Hyd, CBN To Build Data City in Vizag",https://www.gulte.com/political-news/337110/after-hi-tech-city-in-hyd-cbn-to-build-data-city-in-vizag,gulte.com,20250127113000,Entity matcher rejected (no positive signal or matched exclusion)
20250127131500-1033,entity_matcher_rejected,"Top 10 Indian firms shed Rs 94,409 crore in market cap, Reliance hit the most",https://www.prokerala.com/news/articles/a1602453.html,prokerala.com,20250127131500,Entity matcher rejected (no positive signal or matched exclusion)
20250127133000-7,entity_matcher_rejected,"Top 10 Indian Firms Shed Rs 94,409 Crore In Market Cap, Reliance Hit The Most",https://menafn.com/1109132914/Top-10-Indian-Firms-Shed-Rs-94409-Crore-In-Market-Cap-Reliance-Hit-The-Most,menafn.com,20250127133000,Entity matcher rejected (no positive signal or matched exclusion)
20250127133000-1321,entity_matcher_rejected,Gauzy Invited by Israel's Minister of Economy and Industry to Participate in Prestigious Economic Forum Designed to Foster Collaboration Between Israeli and Indian Companies,https://www.manilatimes.net/2025/01/27/tmt-newswire/globenewswire/gauzy-invited-by-israels-minister-of-economy-and-industry-to-participate-in-prestigious-economic-forum-designed-to-foster-collaboration-between-israeli-and-indian-companies/2045008,manilatimes.net,20250127133000,Entity matcher rejected (no positive signal or matched exclusion)
20250127144500-1015,entity_matcher_rejected,Sridhar Vembu steps down as CEO of Zoho Corp,https://yourstory.com:443/2025/01/zoho-corp-ceo-sridhar-vembu-steps-down-as-ceo,yourstory.com,20250127144500,Entity matcher rejected (no positive signal or matched exclusion)
20250127153000-943,entity_matcher_rejected,India to boost its iPhone exports with latest acquisition by Tata Electronics,https://americanbazaaronline.com/2025/01/27/india-to-boost-its-iphone-exports-with-latest-acquisition-by-tata-electronics458728/,americanbazaaronline.com,20250127153000,Entity matcher rejected (no positive signal or matched exclusion)
20250127153000-1108,entity_matcher_rejected,"TCS planning to inaugurate its Vizag office within three months, says Nara Lokesh",https://www.thehindu.com/news/cities/Visakhapatnam/tcs-planning-to-inaugurate-its-vizag-office-within-three-months-says-nara-lokesh/article69146380.ece,thehindu.com,20250127153000,Entity matcher rejected (no positive signal or matched exclusion)
20250127160000-125,entity_matcher_rejected,Top 10 CSR Funds Spending Companies In India,https://www.forbesindia.com/article/explainers/top-csr-funds-spending-companies-india/95166/1,forbesindia.com,20250127160000,Entity matcher rejected (no positive signal or matched exclusion)
20250127171500-457,entity_matcher_rejected,"Top 10 Indian firms shed Rs 94,409 crore in market cap, Reliance hit the most",https://indianewengland.com/top-10-indian-firms-shed-rs-94409-crore-in-market-cap-reliance-hit-the-most/,indianewengland.com,20250127171500,Entity matcher rejected (no positive signal or matched exclusion)
20250127183000-506,entity_matcher_rejected,"The skills you need this year, according to tech employers",https://www.siliconrepublic.com/advice/skills-tech-employers-in-demand-roles,siliconrepublic.com,20250127183000,Entity matcher rejected (no positive signal or matched exclusion)
20250127200000-1072,entity_matcher_rejected,"Top 10 Indian Firms Shed Rs 94,409 Crore In Market Cap, Reliance Hit Most",https://zeenews.india.com/economy/top-10-indian-firms-shed-rs-94409-crore-in-market-cap-reliance-hit-most-2849692.html,india.com,20250127200000,Entity matcher rejected (no positive signal or matched exclusion)
20250127201500-1264,entity_matcher_rejected,AI events at Davos's World Economic Forum draw big crowds,https://www.bostonglobe.com/2025/01/27/business/ai-davos-world-economic-forum-mit-john-werner/,bostonglobe.com,20250127201500,Entity matcher rejected (no positive signal or matched exclusion)
20250127231500-1537,entity_matcher_rejected,"IT Professional Services Market to Grow by USD 657.9 Billion (2025-2029), Driven by Digital Transformation, AI's Impact on Market Evolution - Technavio",https://www.citynewsokc.com/news/it-professional-services-market-to-grow-by-usd-657-9-billion-2025-2029-driven-by/article_9efcab7c-22fe-552d-a22f-210bbf10c9b1.html,citynewsokc.com,20250127231500,Entity matcher rejected (no positive signal or matched exclusion)
20250128014500-691,entity_matcher_rejected,"TCS skips BSNL 5G tender; Tejas, Lekha, Galore only bidders",https://www.financialexpress.com/life/technology-tcs-skips-bsnl-5g-tender-tejas-lekha-galore-only-bidders-3728190/,financialexpress.com,20250128014500,Entity matcher rejected (no positive signal or matched exclusion)
20250128030000-825,entity_matcher_rejected,Indian IT's CEOs prefer working where grass is greenest,https://www.livemint.com/companies/indian-it-s-ceos-prefer-working-where-grass-is-greenest-11737970697101.html,livemint.com,20250128030000,Entity matcher rejected (no positive signal or matched exclusion)
20250128034500-144,entity_matcher_rejected,"Wipro shares to turn ex-dividend today; payment date, stock price targets",https://www.businesstoday.in/markets/stocks/story/wipro-shares-to-turn-ex-dividend-today-payment-date-stock-price-targets-462211-2025-01-28,businesstoday.in,20250128034500,Entity matcher rejected (no positive signal or matched exclusion)
20250128044500-804,entity_matcher_rejected,TCS-CDoT consortium skips BSNL's 5G tender for Delhi-NCR; Tejas among bidders,https://www.moneycontrol.com/news/business/tcs-cdot-consortium-skips-bsnl-s-5g-tender-for-delhi-ncr-tejas-among-bidders-12920829.html,moneycontrol.com,20250128044500,Entity matcher rejected (no positive signal or matched exclusion)
20250128050000-512,entity_matcher_rejected,Exploring the Retail Core Banking Solution Market: $7.92,https://www.openpr.com/news/3835772/exploring-the-retail-core-banking-solution-market-7-92,openpr.com,20250128050000,Entity matcher rejected (no positive signal or matched exclusion)
20250128054500-263,entity_matcher_rejected,Markets Rally In Early Trade Amid Heavy Buying In Banking Stocks; Sensex Climbs 382 Points,https://zeenews.india.com/economy/markets-rally-in-early-trade-amid-heavy-buying-in-banking-stocks-sensex-climbs-382-points-2849868.html,india.com,20250128054500,Entity matcher rejected (no positive signal or matched exclusion)
20250128061500-755,entity_matcher_rejected,Indices: Stock market update: Nifty IT index advances 0.32% in an upbeat market,https://economictimes.indiatimes.com/markets/stocks/stock-watch/stock-market-update-nifty-it-index-advances-0-32-in-an-upbeat-market/articleshow/117619562.cms,indiatimes.com,20250128061500,Entity matcher rejected (no positive signal or matched exclusion)
20250128063000-532,entity_matcher_rejected,"Sensex, Nifty recover from 7-month lows as RBI's liquidity measures boost market",https://www.hindustantimes.com/business/sensex-nifty-recover-from-7-month-lows-as-rbis-liquidity-measures-boost-market-101738039972924.html,hindustantimes.com,20250128063000,Entity matcher rejected (no positive signal or matched exclusion)
20250128070000-1048,entity_matcher_rejected,Markets rally in early trade amid heavy buying in banking stocks,https://www.thehindu.com/business/markets/markets-rally-in-early-trade-amid-heavy-buying-in-banking-stocks/article69149540.ece,thehindu.com,20250128070000,Entity matcher rejected (no positive signal or matched exclusion)
20250128073000-951,entity_matcher_rejected,"Like Hitec City, AP Govt set to introduce Data City in Visakhapatnam",https://www.yovizag.com/like-hitec-city-ap-govt-set-to-introduce-data-city-in-visakhapatnam/,yovizag.com,20250128073000,Entity matcher rejected (no positive signal or matched exclusion)
20250128073000-1092,entity_matcher_rejected,TCS to kickstart its operations in Visakhapatnam in three months!,https://www.yovizag.com/tcs-to-kickstart-its-operations-in-visakhapatnam-in-three-months/,yovizag.com,20250128073000,Entity matcher rejected (no positive signal or matched exclusion)
20250128074500-T2073,entity_matcher_rejected,"Share Market Update: आरबीआई की उपायों की घोषणा के बाद सेंसेक्स, निफ्टी में आई तेजी",https://www.dainiktribuneonline.com/news/business/share-market-update-sensex-nifty-rise-after-rbis-announcement-of-measures/,dainiktribuneonline.com,20250128074500,Entity matcher rejected (no positive signal or matched exclusion)
20250128094500-T2323,entity_matcher_rejected,TCS: 1300 Repatriierungen in die Schweiz wegen Reiseunfällen,https://www.derbund.ch/immer-mehr-schweizer-erkranken-oder-verunfallen-im-ausland-162412762998,derbund.ch,20250128094500,Entity matcher rejected (no positive signal or matched exclusion)
20250128100000-T2465,entity_matcher_rejected,TCS: 1300 Repatriierungen in die Schweiz wegen Reiseunfällen,https://www.bernerzeitung.ch/immer-mehr-schweizer-erkranken-oder-verunfallen-im-ausland-162412762998,bernerzeitung.ch,20250128100000,Entity matcher rejected (no positive signal or matched exclusion)
20250128100000-T2367,entity_matcher_rejected,TCS: 1300 Repatriierungen in die Schweiz wegen Reiseunfällen,https://www.tagesanzeiger.ch/immer-mehr-schweizer-erkranken-oder-verunfallen-im-ausland-162412762998,tagesanzeiger.ch,20250128100000,Entity matcher rejected (no positive signal or matched exclusion)
20250128103000-T2319,entity_matcher_rejected,"Share Market Live Updates 28 January nse bse deepseek impact sensex nifty tech stocks रिकवरी मोड में लौटा शेयर बाजार, सेंसेक्स 1200 अंक उछला, निफ्टी की भी लंबी छलांग, Business Hindi News",https://www.livehindustan.com/business/share-market-live-updates-28-january-nse-bse-deepseek-impact-sensex-nifty-tech-stocks-201738034238004.html,livehindustan.com,20250128103000,Entity matcher rejected (no positive signal or matched exclusion)
20250128113000-332,entity_matcher_rejected,Stock markets recover after two days of fall; banking shares lead gains,https://www.thehindu.com/business/markets/stock-markets-recover-after-two-days-of-fall-banking-shares-lead-gains/article69150305.ece,thehindu.com,20250128113000,Entity matcher rejected (no positive signal or matched exclusion)
20250128113000-T1048,entity_matcher_rejected,TCS: 1300 Repatriierungen in die Schweiz wegen Reiseunfällen,https://www.bazonline.ch/immer-mehr-schweizer-erkranken-oder-verunfallen-im-ausland-162412762998,bazonline.ch,20250128113000,Entity matcher rejected (no positive signal or matched exclusion)
20250128114500-1482,entity_matcher_rejected,"Tata Steel reaffirms its commitment to Odisha's growth story at Utkarsh Odisha 2025 Conclave – Odisha Diary, Latest Odisha News, Breaking News Odisha",https://orissadiary.com/tata-steel-reaffirms-its-commitment-to-odishas-growth-story-at-utkarsh-odisha-2025-conclave/,orissadiary.com,20250128114500,Entity matcher rejected (no positive signal or matched exclusion)
20250128114500-206,entity_matcher_rejected,Stock markets recover after two days of fall; banking shares lead gains,https://www.orissapost.com/stock-markets-recover-after-two-days-of-fall-banking-shares-lead-gains/,orissapost.com,20250128114500,Entity matcher rejected (no positive signal or matched exclusion)
20250128121500-T1072,entity_matcher_rejected,Le TCS toujours plus sollicité pour des interventions à l'étranger,https://www.rfj.ch/rfj/Actualite/Suisse/Le-TCS-toujours-plus-sollicite-pour-des-interventions-a-l-etranger.html,rfj.ch,20250128121500,Entity matcher rejected (no positive signal or matched exclusion)
20250128121500-T2847,entity_matcher_rejected,TCS: Immer mehr Schweizer erkranken oder verunfallen im Ausland,https://www.20min.ch/story/tcs-warnt-immer-mehr-schweizer-kehren-im-ambulanz-jet-zurueck-103268898,20min.ch,20250128121500,Entity matcher rejected (no positive signal or matched exclusion)
20250128123000-906,entity_matcher_rejected,DeepSeek's LLM success triggers big debate: Is India's hesitation a strategic mistake?,https://www.moneycontrol.com/technology/deepseek-s-llm-success-triggers-big-debate-is-india-s-hesitation-a-strategic-mistake-article-12921811.html,moneycontrol.com,20250128123000,Entity matcher rejected (no positive signal or matched exclusion)
20250128124500-1150,entity_matcher_rejected,Stock Markets Recover After Two Days Of Fall; Banking Shares Lead Gains,https://zeenews.india.com/economy/stock-markets-recover-after-two-days-of-fall-banking-shares-lead-gains-2850055.html,india.com,20250128124500,Entity matcher rejected (no positive signal or matched exclusion)
20250128131500-T1126,entity_matcher_rejected,Le TCS toujours plus sollicité pour des interventions à l'étranger,https://www.rtn.ch/rtn/Actualite/Suisse/Le-TCS-toujours-plus-sollicite-pour-des-interventions-a-l-etranger.html,rtn.ch,20250128131500,Entity matcher rejected (no positive signal or matched exclusion)
20250128140000-1593,entity_matcher_rejected,Tata Steel reaffirms its long-term commitment to Odisha's growth story,https://www.asianage.com/nation/tata-steel-reaffirms-its-long-term-commitment-to-odishas-growth-story-1857257,asianage.com,20250128140000,Entity matcher rejected (no positive signal or matched exclusion)
20250128143000-T802,entity_matcher_rejected,Le TCS toujours plus sollicité pour des interventions à l'étranger,https://agefi.com/actualites/entreprises/le-tcs-toujours-plus-sollicite-pour-des-interventions-a-letranger,agefi.com,20250128143000,Entity matcher rejected (no positive signal or matched exclusion)
20250128154500-303,entity_matcher_rejected,Banking shares lead gains; Sensex climbs 535 points,https://www.rediff.com/business/report/banking-shares-lead-gains-sensex-climbs-535-points/20250128.htm,rediff.com,20250128154500,Entity matcher rejected (no positive signal or matched exclusion)
20250128154500-2175,entity_matcher_rejected,Hyderabad girl tops 'Communication Skills' senior category at TCS iON IntelliGem national competition,https://www.thehindu.com/news/national/telangana/hyderabad-girl-tops-communication-skills-senior-category-at-tcs-ion-intelligem-national-competition/article69149939.ece,thehindu.com,20250128154500,Entity matcher rejected (no positive signal or matched exclusion)
20250128154500-T999,entity_matcher_rejected,"शेयर बाजार में गिरावट थमी, बैंकिंग शेयरों में लिवाली से सेंसेक्स 535 अंक चढ़ा",https://www.loktej.com/article/126534/stock-market-declines--sensex-rises-535-points-due-to-buying-in-banking-stocks,loktej.com,20250128154500,Entity matcher rejected (no positive signal or matched exclusion)
20250128160000-784,entity_matcher_rejected,Global Wellness Summit Releases 10 Wellness Trends for 2025,https://www.prnewswire.com/news-releases/global-wellness-summit-releases-10-wellness-trends-for-2025-302361531.html,prnewswire.com,20250128160000,Entity matcher rejected (no positive signal or matched exclusion)
20250128163000-528,entity_matcher_rejected,"Market snaps 2-day losing streak led by auto, realty and financials",https://www.thestatesman.com/business/market-snaps-2-day-losing-streak-led-by-auto-realty-and-financials-1503391731.html,thestatesman.com,20250128163000,Entity matcher rejected (no positive signal or matched exclusion)
20250128163000-634,entity_matcher_rejected,Select Tata stocks plunge up to 51% from 52-week highs amid market correction – do you own any?,https://www.businesstoday.in/markets/company-stock/story/select-tata-stocks-plunge-up-to-51-from-52-week-highs-amid-market-correction-do-you-own-any-462311-2025-01-28,businesstoday.in,20250128163000,Entity matcher rejected (no positive signal or matched exclusion)
20250128180000-1628,entity_matcher_rejected,SC acquits death row convict in Esther Anuhya Rape and Murder Case | Central India's Premier English Daily,https://www.centralchronicle.com/sc-acquits-death-row-convict-in-esther-anuhya-rape-and-murder-case/,centralchronicle.com,20250128180000,Entity matcher rejected (no positive signal or matched exclusion)
20250128234500-818,entity_matcher_rejected,GoZero White Paper Guides Climate Compliance,https://www.miragenews.com/gozero-white-paper-guides-climate-compliance-1398477/,miragenews.com,20250128234500,Entity matcher rejected (no positive signal or matched exclusion)
20250129004500-T250,entity_matcher_rejected,"Stocks to Watch: आज Sobha Ltd और Balkrishna Industries समेत ये शेयर कराएंगे फायदा, लगाएंगे दांव?",https://navbharattimes.indiatimes.com/business/share-market/share-news/stock-market-prediction-today-these-shares-including-sobha-ltd-and-balkrishna-industries-showing-bullish-bias/articleshow/117650153.cms,indiatimes.com,20250129004500,Entity matcher rejected (no positive signal or matched exclusion)
20250129011500-1099,entity_matcher_rejected,Now Government Departments Open AI File,https://economictimes.indiatimes.com/epaper/delhicapital/2025/jan/29/et-front/now-govt-depts-open-ai-file/articleshow/117656071.cms,indiatimes.com,20250129011500,Entity matcher rejected (no positive signal or matched exclusion)
20250129011500-511,entity_matcher_rejected,Now government departments open artificial intelligence plan,https://economictimes.indiatimes.com/tech/artificial-intelligence/now-government-departments-open-artificial-intelligence-plan/articleshow/117652321.cms,indiatimes.com,20250129011500,Entity matcher rejected (no positive signal or matched exclusion)
20250129014500-T718,entity_matcher_rejected,"BTSC Doctor Bharti 2025: 3662 स्पेशल डॉक्टरों और 17,776 मेडिकल स्टाफ की होगी भर्ती, जल्द निकलेगा विज्ञापन - Bihar Health Department Recruitment 3662 Specialist Doctors and 17776 Medical Staff",https://www.jagran.com/bihar/patna-city-bihar-health-department-recruitment-3662-specialist-doctors-and-17776-medical-staff-23874702.html,jagran.com,20250129014500,Entity matcher rejected (no positive signal or matched exclusion)
20250129041500-940,entity_matcher_rejected,"Now government departments open artificial intelligence plan, Telecom News, ET Telecom",https://telecom.economictimes.indiatimes.com/news/internet/now-government-departments-open-artificial-intelligence-plan/117663546,indiatimes.com,20250129041500,Entity matcher rejected (no positive signal or matched exclusion)
20250129050000-819,entity_matcher_rejected,"Indian Stock Market Opens Higher, Nifty Above 23,000",https://menafn.com/1109141247/Indian-Stock-Market-Opens-Higher-Nifty-Above-23000,menafn.com,20250129050000,Entity matcher rejected (no positive signal or matched exclusion)
20250129050000-T1489,entity_matcher_rejected,最新おすすめの派遣会社ランキング、TCSが7年連続の総合1位｜ORICON NEWS｜Web東奥,https://www.toonippo.co.jp/articles/-/1949470,toonippo.co.jp,20250129050000,Entity matcher rejected (no positive signal or matched exclusion)
20250129051500-T661,entity_matcher_rejected,"Share Market Today: शेयर बाजार में लगातार दूसरे दिन तेजी, जोमैटो-टाटा स्टील में बड़ा उछाल - Share Market Today: Stock market rises for the second consecutive day, big jump in Zomato-Tata Steel",https://www.jagran.com/markets/stock-update-share-market-today-stock-market-rises-for-the-second-consecutive-day-big-jump-in-zomato-tata-steel-23874856.html,jagran.com,20250129051500,Entity matcher rejected (no positive signal or matched exclusion)
20250129054500-300,entity_matcher_rejected,"Indian stock market opens higher, Nifty above 23,000",https://www.prokerala.com/news/articles/a1602914.html,prokerala.com,20250129054500,Entity matcher rejected (no positive signal or matched exclusion)
20250129061500-563,entity_matcher_rejected,"TCS to begin operations in Visakhapatnam in 90 days, says minister Nara Lokesh",https://indianexpress.com/article/cities/hyderabad/tcs-visakhapatnam-operations-nara-lokesh-9805122/,indianexpress.com,20250129061500,Entity matcher rejected (no positive signal or matched exclusion)
20250129061500-355,entity_matcher_rejected,"Sensex, Nifty rise in early trade on buying in IT stocks, firm global market trends",https://www.thehindu.com/business/markets/sensex-nifty-rise-in-early-trade-on-buying-in-it-stocks-firm-global-market-trends/article69153592.ece,thehindu.com,20250129061500,Entity matcher rejected (no positive signal or matched exclusion)
20250129063000-453,entity_matcher_rejected,"Sensex, Nifty rise in early trade on buying in IT stocks, firm global market trends",https://indianexpress.com/article/business/sensex-nifty-rise-early-trade-it-stocks-global-market-trends-9805127/,indianexpress.com,20250129063000,Entity matcher rejected (no positive signal or matched exclusion)
20250129064500-T1236,entity_matcher_rejected,"Share Market News: सेंसेक्स, निफ्टी में शुरुआती कारोबार में तेजी",https://www.dainiktribuneonline.com/news/nation/share-market-news-sensex-nifty-rise-in-early-trade/,dainiktribuneonline.com,20250129064500,Entity matcher rejected (no positive signal or matched exclusion)
20250129073000-755,entity_matcher_rejected,'People just walked over her': Eyewitnesses recount scenes after stampede at Maha Kumbh,https://indianexpress.com/shorts/india/eyewitnesses-account-mahakumbh-stampede-9805225/,indianexpress.com,20250129073000,Entity matcher rejected (no positive signal or matched exclusion)
20250129081500-755,entity_matcher_rejected,"Indian Stock Market Rises, Nifty Crosses 23,000 Mark",https://www.newkerala.com/news/o/indian-stock-market-opens-higher-nifty-23000-161,newkerala.com,20250129081500,Entity matcher rejected (no positive signal or matched exclusion)
20250129081500-335,entity_matcher_rejected,"Sensex, Nifty rise in early trade on buying in IT stocks, firm global market trends",https://www.tribuneindia.com/news/business/sensex-nifty-rise-in-early-trade-on-buying-in-it-stocks-firm-global-market-trends/,tribuneindia.com,20250129081500,Entity matcher rejected (no positive signal or matched exclusion)
20250129133000-T1181,entity_matcher_rejected,Baselbiet: Regierung warnt vor TCS-Initiative zu Tempo 30,https://www.bazonline.ch/baselbiet-regierung-warnt-vor-tcs-initiative-zu-tempo-30-421202446778,bazonline.ch,20250129133000,Entity matcher rejected (no positive signal or matched exclusion)
20250129151500-1355,entity_matcher_rejected,Tata Steel Showcases Investments and Expansion Plans at Utkarsh Odisha 2025 Conclave,https://avenuemail.in/tata-steel-showcases-investments-and-expansion-plans-at-utkarsh-odisha-2025-conclave/,avenuemail.in,20250129151500,Entity matcher rejected (no positive signal or matched exclusion)
20250129170000-1232,entity_matcher_rejected,"Futures Flat Ahead Of Fed's Dovish Pause, Tech Giant Earnings",https://www.zerohedge.com/markets/futures-flat-ahead-feds-dovish-pause-tech-giant-earnings,zerohedge.com,20250129170000,Entity matcher rejected (no positive signal or matched exclusion)
20250129171500-1715,entity_matcher_rejected,"PSE, BAP reach deal on sale of PDS stake",https://www.philstar.com/business/2025/01/30/2417771/pse-bap-reach-deal-sale-pds-stake,philstar.com,20250129171500,Entity matcher rejected (no positive signal or matched exclusion)
20250129183000-2263,entity_matcher_rejected,India-US Relations: Washington Is Not Going To Be Benign Anymore – Analysis,https://www.eurasiareview.com/29012025-india-us-relations-washington-is-not-going-to-be-benign-anymore-analysis/,eurasiareview.com,20250129183000,Entity matcher rejected (no positive signal or matched exclusion)
20250129214500-568,entity_matcher_rejected,"""I Cannot..."": Why Father Of Techie Killed In 2014 Won't Contest Acquittal",https://www.ndtv.com/india-news/esther-anuhya-rape-murder-case-techies-2014-rape-murder-acquittal-10-years-later-and-a-helpless-father-7586711,ndtv.com,20250129214500,Entity matcher rejected (no positive signal or matched exclusion)
20250130010000-535,entity_matcher_rejected,TCS setting up 37-acre campus in Kochi,https://economictimes.indiatimes.com/tech/information-tech/tcs-setting-up-37-acre-campus-in-kochi/articleshow/117702056.cms,indiatimes.com,20250130010000,Entity matcher rejected (no positive signal or matched exclusion)
20250130053000-955,entity_matcher_rejected,Indices: Stock market update: Nifty IT index falls 0.1% in an upbeat market,https://economictimes.indiatimes.com/markets/stocks/stock-watch/stock-market-update-nifty-it-index-falls-0-1-in-an-upbeat-market/articleshow/117722085.cms,indiatimes.com,20250130053000,Entity matcher rejected (no positive signal or matched exclusion)
20250130054500-T281,entity_matcher_rejected,"'अब मैं और नहीं लड़ सकता', बेटी का 'हत्यारा' सुप्रीम कोर्ट से हुआ बरी, भावुक हुए पिता",https://www.dnaindia.com/hindi/india/news-mumbai-rape-murder-case-2014-of-esther-anuhya-supreme-court-acquits-accused-4148190,dnaindia.com,20250130054500,Entity matcher rejected (no positive signal or matched exclusion)
20250130070000-930,entity_matcher_rejected,union budget: Union Budget 2025: Time to top up the PM Internship stipend?,https://economictimes.indiatimes.com/jobs/hr-policies-trends/union-budget-2025-time-to-top-up-the-pm-internship-stipend/articleshow/117724730.cms,indiatimes.com,20250130070000,Entity matcher rejected (no positive signal or matched exclusion)
20250130110000-1350,entity_matcher_rejected,India leads in Global South's response to AI and automation: Report | Latest News India,https://www.hindustantimes.com/india-news/india-leads-in-global-south-s-response-to-ai-and-automation-report-101738233655543.html,hindustantimes.com,20250130110000,Entity matcher rejected (no positive signal or matched exclusion)
20250130113000-350,entity_matcher_rejected,"Sam Altman faces criticism over 'hopeless' AI competition remarks: ""People like Sam Altman are responsible for creating artificial scarcity in the field of AI"" |",https://timesofindia.indiatimes.com/technology/social/sam-altman-faces-criticism-over-hopeless-ai-competition-remarks-people-like-sam-altman-are-responsible-for-creating-artificial-scarcity-in-the-field-of-ai/articleshow/117733914.cms,indiatimes.com,20250130113000,Entity matcher rejected (no positive signal or matched exclusion)
20250130121500-959,entity_matcher_rejected,Indices: Stock market update: Nifty IT index falls 1.14%,https://economictimes.indiatimes.com/markets/stocks/stock-watch/stock-market-update-nifty-it-index-falls-1-14/articleshow/117739318.cms,indiatimes.com,20250130121500,Entity matcher rejected (no positive signal or matched exclusion)
20250130140000-T458,entity_matcher_rejected,"एआई एक निर्णायक मोड़, भविष्य के लिए कर्मचारियों को तैयार करने की जरूरत: टीसीएस अधिकारी",https://www.loktej.com/article/127415/ai-is-a-decisive-turn--need-to-prepare-employees-for-future--tcs-officer,loktej.com,20250130140000,Entity matcher rejected (no positive signal or matched exclusion)
20250130144500-565,entity_matcher_rejected,Managed Security Services Market Growth: Projected to Reach USD,https://www.openpr.com/news/3842493/managed-security-services-market-growth-projected-to-reach-usd,openpr.com,20250130144500,Entity matcher rejected (no positive signal or matched exclusion)
20250130144500-23,entity_matcher_rejected,Supply Chain Management Market is Poised to Grow a Robust CAGR,https://www.openpr.com/news/3842524/supply-chain-management-market-is-poised-to-grow-a-robust-cagr,openpr.com,20250130144500,Entity matcher rejected (no positive signal or matched exclusion)
20250131061500-567,entity_matcher_rejected,share market: Share market update: Most active stocks on D-Street today in terms of volume,https://economictimes.indiatimes.com/markets/stocks/stock-watch/share-market-update-most-active-stocks-on-d-street-today-in-terms-of-volume/articleshow/117773325.cms,indiatimes.com,20250131061500,Entity matcher rejected (no positive signal or matched exclusion)
20250131070000-108,entity_matcher_rejected,"Stock market today: Sensex, Nifty jump ahead of Economic Survey, all eyes on Union Budget 2025",https://www.businesstoday.in/union-budget/share-market/story/stock-market-today-sensex-nifty-jump-ahead-of-economic-survey-all-eyes-on-union-budget-2025-462710-2025-01-31,businesstoday.in,20250131070000,Entity matcher rejected (no positive signal or matched exclusion)
20250131080000-365,entity_matcher_rejected,TCS Inaugurates Oman Office: Expanding Middle East Presence,https://money.rediff.com/news/market/tcs-inaugurates-oman-office-expanding-middle-east-presence/21604020250131,rediff.com,20250131080000,Entity matcher rejected (no positive signal or matched exclusion)
20250131080000-801,entity_matcher_rejected,TCS Oman office set for inauguration on Feb 24: Head of firm's Middle East & Africa region,https://economictimes.indiatimes.com/tech/information-tech/tcs-oman-office-set-for-inauguration-on-feb-24-head-of-firms-middle-east-africa-region/articleshow/117773845.cms,indiatimes.com,20250131080000,Entity matcher rejected (no positive signal or matched exclusion)
20250131083000-961,entity_matcher_rejected,StockNews.com Initiates Coverage on The Container Store Group (NYSE:TCS),https://www.dailypolitical.com/2025/01/30/stocknews-com-initiates-coverage-on-the-container-store-group-nysetcs.html,dailypolitical.com,20250131083000,Entity matcher rejected (no positive signal or matched exclusion)
20250131100000-144,entity_matcher_rejected,Visakhapatnam in Andhra to create a new Data City: A new hub for tech and tourism,https://timesofindia.indiatimes.com/life-style/travel/destinations/visakhapatnam-in-andhra-to-create-a-new-data-city-a-new-hub-for-tech-and-tourism/articleshow/117782376.cms,indiatimes.com,20250131100000,Entity matcher rejected (no positive signal or matched exclusion)
20250131100000-40,entity_matcher_rejected,Mumbai activists allege BMC negligence after vaccinated dogs go missing from TCS premises | Mumbai News,https://timesofindia.indiatimes.com/city/mumbai/mumbai-activists-allege-bmc-negligence-after-vaccinated-dogs-go-missing-from-tcs-premises/articleshow/117782056.cms,indiatimes.com,20250131100000,Entity matcher rejected (no positive signal or matched exclusion)
20250131113000-114,entity_matcher_rejected,"MRSI Golden Key Awards 2024 to honor Ashok Das, C.K. Sharma, & Dr. Lalit S. Kanodia",https://www.adgully.com/mrsi-golden-key-awards-2024-to-honor-ashok-das-c-k-sharma-dr-lalit-s-kanodia-155741.html,adgully.com,20250131113000,Entity matcher rejected (no positive signal or matched exclusion)
20250131160000-1926,entity_matcher_rejected,"Business Process Outsourcing Market to Grow by USD 88.8 Billion (2025-2029), Focus on Cost Reduction Boosts the Market, Report on AI Impacting Market Trends",https://www.prnewswire.com/news-releases/business-process-outsourcing-market-to-grow-by-usd-88-8-billion-2025-2029-focus-on-cost-reduction-boosts-the-market-report-on-ai-impacting-market-trends---technavio-302365289.html,prnewswire.com,20250131160000,Entity matcher rejected (no positive signal or matched exclusion)
20250131161500-1779,entity_matcher_rejected,"Business Process Outsourcing Market to Grow by USD 88.8 Billion (2025-2029), Focus on Cost Reduction Boosts the Market, Report on AI Impacting Market Trends",https://www.itnewsonline.com/PRNewswire/Business-Process-Outsourcing-Market-to-Grow-by-USD-88.8-Billion-2025-2029-Focus-on-Cost-Reduction-Boosts-the-Market-Report-on-AI-Impacting-Market-Trends---Technavio/1036437,itnewsonline.com,20250131161500,Entity matcher rejected (no positive signal or matched exclusion)
20250131194500-1748,entity_matcher_rejected,Tax coson profits earned by replacing labour with AI,https://economictimes.indiatimes.com/news/economy/policy/tax-coson-profits-earned-by-replacing-labour-with-ai/articleshow/117801966.cms,indiatimes.com,20250131194500,Entity matcher rejected (no positive signal or matched exclusion)
