gkg_record_id,date,source,document_url,headline,human_label,notes
20250101000000-T485,20250101000000,elsalvador.com,https://www.elsalvador.com/entretenimiento/espectaculos/monica-casamiquela-despedida-gratitud-ultimo-dia-tcs-liberadas/1190894/2024/,Mónica Casamiquela fue despedida con gratitud en su último día en TCS,NOT_RELEVANT,Unrelated acronym or foreign mention
20250101004500-272,20250101004500,livemint.com,https://www.livemint.com/technology/companies-expected-to-increase-gen-ai-investments-by-half-this-year-11735644447856.html,Companies expected to increase Gen AI investments by half this year,NOT_RELEVANT,Unrelated acronym or foreign mention
20250101020000-T310,20250101020000,indiatimes.com,https://navbharattimes.indiatimes.com/business/share-market/share-news/stock-market-prediction-today-these-shares-including-crisil-and-rites-showing-bullish-bias/articleshow/116838976.cms,"Stocks to Watch: नए साल के पहले दिन Crisil और Rites समेत ये शेयर कराएंगे फायदा, तेजी के संकेत",NOT_RELEVANT,Unrelated acronym or foreign mention
20250101023000-772,20250101023000,indiatimes.com,https://economictimes.indiatimes.com/prime/technology-and-startups/indian-it-services-firms-must-redefine-their-playbook-to-crack-the-european-code/primearticleshow/116839169.cms,Indian IT services firms must redefine their playbook to crack the European code,NOT_RELEVANT,Unrelated acronym or foreign mention
20250101023000-417,20250101023000,thehindu.com,https://www.thehindu.com/data/republicans-donald-trump-team-diverge-on-immigration/article69045518.ece,Republicans and Trump's team diverge on immigration,NOT_RELEVANT,Unrelated acronym or foreign mention
20250101030000-304,20250101030000,thehindubusinessline.com,https://www.thehindubusinessline.com/markets/share-market-nifty-sensex-live-updates-january-1-2025/article69047392.ece,"Stock Market Live Updates January 1, 2025: Stock to buy today: Petronet LNG (₹346) BUY",NOT_RELEVANT,Unrelated acronym or foreign mention
20250101034500-T67,20250101034500,tarunbharat.com,https://www.tarunbharat.com/sensex-falls-in-final-session-of-2024/,Sensex falls in final session of 2024,NOT_RELEVANT,Unrelated acronym or foreign mention
20250101053000-99,20250101053000,indiatimes.com,https://economictimes.indiatimes.com/markets/stocks/stock-watch/stock-market-update-nifty-it-index-0-03-in-an-upbeat-market/articleshow/116846952.cms,Indices: Stock market update: Nifty IT index 0.03% in an upbeat market,NOT_RELEVANT,Unrelated acronym or foreign mention
20250101090000-T1628,20250101090000,business-standard.com,https://hindi.business-standard.com/companies/tcs-q3-results-result-will-be-announced-on-9th-january-record-date-for-third-dividend-keep-an-eye-on-final-stock-id-399196,"TCS Q3 results: 9 जनवरी को होगा रिजल्ट का ऐलान, तीसरे डिविडेंड के लिए रिकॉर्ड डेट फाइनल; स्टॉक पर रखें नजर - tcs q3 results result will be announced on 9th january record date for third dividend keep an eye on final stock",DIRECTLY_RELEVANT,"TCS Q3/FY25 earnings, financial performance, client deals, order wins, hiring, leadership, or dividend."
20250101113000-399,20250101113000,indiatimes.com,https://economictimes.indiatimes.com/markets/stocks/stock-watch/stock-market-update-nifty-it-index-0-08/articleshow/116855852.cms,Indices: Stock market update: Nifty IT index 0.08%,NOT_RELEVANT,Unrelated acronym or foreign mention
20250101113000-T2609,20250101113000,jagran.com,https://www.jagran.com/uttar-pradesh/lucknow-city-uttar-pradesh-rojgar-mission-to-provide-employment-opportunities-for-youth-by-yogi-government-23859308.html,"यूपी के युवाओं के लिए बड़ी खुशखबरी, योगी सरकार ने रोजगार मिशन का किया गठन... विदेशों में भी नौकरी के अवसर - uttar pradesh Rojgar Mission to Provide Employment Opportunities for Youth by yogi government",NOT_RELEVANT,Unrelated acronym or foreign mention
20250101120000-639,20250101120000,rediff.com,https://www.rediff.com/business/special/it-cos-will-ai-like-y2k-be-gamechanger/20250101.htm,"IT Cos: Will AI, Like Y2K, Be Gamechanger? - Rediff.com Business",NOT_RELEVANT,Unrelated acronym or foreign mention
20250101120000-547,20250101120000,livemint.com,https://www.livemint.com/industry/the-visas-dividing-maga-world-help-power-the-us-tech-industry-11735729071586.html,The visas dividing MAGA world help power the US tech industry,NOT_RELEVANT,Unrelated acronym or foreign mention
20250101131500-685,20250101131500,dailypioneer.com,https://www.dailypioneer.com/2025/business/sensex-declines-109-pts-in-final--session--ends-2024-with-over-8-pc-gains.html,"Sensex declines 109 pts in final session, ends 2024 with over 8 pc gains",NOT_RELEVANT,Unrelated acronym or foreign mention
20250101143000-2,20250101143000,indianexpress.com,https://indianexpress.com/article/cities/kolkata/west-bengal-silicon-valley-kalighat-skywalk-west-bengal-expected-gains-9755035/,From Bengal's Silicon Valley to the Kalighat skywalk: 5 expected gains for West Bengal this year | Kolkata News,NOT_RELEVANT,Unrelated acronym or foreign mention
20250101193000-204,20250101193000,sott.net,https://www.sott.net/article/496966-India-intensifies-lobbying-against-H-1B-curbs-in-touch-with-US-govt-at-every-level,"India intensifies lobbying against H-1B curbs, in touch with US govt 'at every level'",NOT_RELEVANT,Unrelated acronym or foreign mention
20250102001500-T1091,20250102001500,oltnertagblatt.ch,https://www.oltnertagblatt.ch/solothurn/kanton-solothurn/stuetzpunkt-oensingen-fuer-sorglose-und-sichere-fahrt-unterwegs-mit-dem-tcs-pannendienst-auf-den-solothurner-strassen-ld.2715257,TCS-Patrouilleur über die Tücken des Abschleppseils,NOT_RELEVANT,Unrelated acronym or foreign mention
20250102011500-262,20250102011500,fool.com.au,https://www.fool.com.au/2025/01/02/id-buy-these-2-asx-etfs-for-income-and-diversification-in-2025/,I'd buy these 2 ASX ETFs for income and diversification in 2025,NOT_RELEVANT,Unrelated acronym or foreign mention
20250102051500-2,20250102051500,theweek.in,https://www.theweek.in/wire-updates/business/2025/01/02/del5-biz-stocks-open.html,Markets climb in early trade on buying in IT bank stocks,NOT_RELEVANT,Unrelated acronym or foreign mention
20250102053000-457,20250102053000,indianexpress.com,https://indianexpress.com/article/cities/mumbai/markets-climb-in-early-trade-on-buying-in-it-bank-stocks-9755831/,"Markets climb in early trade on buying in IT, bank stocks",NOT_RELEVANT,Unrelated acronym or foreign mention
20250102053000-736,20250102053000,indiatimes.com,https://economictimes.indiatimes.com/nri/work/indian-it-biggies-like-tcs-hcltech-may-have-nothing-to-worry-about-when-it-comes-to-h-1b-visa-changes/articleshow/116871975.cms,H-1B visa: Indian IT biggies like TCS & HCLTech may have nothing to worry about when it comes to H-1B visa changes,DIRECTLY_RELEVANT,"TCS Q3/FY25 earnings, financial performance, client deals, order wins, hiring, leadership, or dividend."
20250102060000-197,20250102060000,thehindu.com,https://www.thehindu.com/business/markets/sensex-nifty-updates-on-january-2-2025/article69052607.ece,"Sensex, Nifty climb in early trade on buying in IT, bank stocks",NOT_RELEVANT,Unrelated acronym or foreign mention
20250102063000-747,20250102063000,businesstoday.in,https://www.businesstoday.in/markets/company-stock/story/tcs-dividend-record-date-announced-check-q3-results-date-share-price-target-more-459281-2025-01-02,"TCS dividend record date announced; check Q3 results date, share price target & more",DIRECTLY_RELEVANT,"TCS Q3/FY25 earnings, financial performance, client deals, order wins, hiring, leadership, or dividend."
20250102070000-591,20250102070000,tribuneindia.com,https://www.tribuneindia.com/news/business/markets-climb-in-early-trade-on-buying-in-it-bank-stocks/,"Markets climb in early trade on buying in IT, bank stocks",NOT_RELEVANT,Unrelated acronym or foreign mention
20250102073000-337,20250102073000,indianexpress.com,https://indianexpress.com/article/business/market/markets-climb-in-early-trade-on-buying-in-it-bank-stocks-9755831/,"Markets climb in early trade on buying in IT, bank stocks",NOT_RELEVANT,Unrelated acronym or foreign mention
20250102081500-T2343,20250102081500,dainiktribuneonline.com,https://www.dainiktribuneonline.com/news/nation/stock-market-news-greenery-prevails-in-the-stock-market-sensex-jumps-242-points-in-early-trade/,"Stock Market News: शेयर बाजार में छाई हरियाली, शुरुआती कारोबार में सेंसेक्स 242 अंक उछला",NOT_RELEVANT,Unrelated acronym or foreign mention
20250102083000-666,20250102083000,moneycontrol.com,https://www.moneycontrol.com/news/business/markets/sensex-higher-nifty-rallies-past-200-dma-on-earnings-optimism-and-consumption-revival-top-factors-at-play-12901908.html,"Share Market UP Today: Sensex soars 1,000 pts, Nifty rallies past 24,000 on earnings optimism and consumption revival: Top factors at play",NOT_RELEVANT,Unrelated acronym or foreign mention
20250102093000-795,20250102093000,businesstoday.in,https://www.businesstoday.in/nri/visa/story/tcs-wipro-infosys-hcl-us-h-1b-visa-policy-reforms-can-positively-affect-the-indian-it-firms-report-459306-2025-01-02,"TCS, Wipro, Infosys, HCL: US H-1B visa policy reforms can positively affect the Indian IT firms- Report",DIRECTLY_RELEVANT,"TCS Q3/FY25 earnings, financial performance, client deals, order wins, hiring, leadership, or dividend."
20250102100000-1109,20250102100000,indiatimes.com,https://economictimes.indiatimes.com/news/company/corporate-trends/2025-forecast-what-does-2025-hold-for-indias-it-services-sector-tech-jobs-it-hiring-it-sector/articleshow/116880465.cms,What does 2025 hold for India's IT services sector?,NOT_RELEVANT,Unrelated acronym or foreign mention
20250102114500-160,20250102114500,dailypioneer.com,https://www.dailypioneer.com/2025/business/markets-climb-in-early-trade-on-buying-in-it--bank-stocks.html,"Markets climb in early trade on buying in IT, bank stocks",NOT_RELEVANT,Unrelated acronym or foreign mention
20250102164500-790,20250102164500,rcrwireless.com,https://www.rcrwireless.com/20250102/featured/bsnl-4g-towers,"BSNL nears milestone of 100,000 made-in-India 4G towers",NOT_RELEVANT,Unrelated acronym or foreign mention
20250102191500-973,20250102191500,indiatimes.com,https://timesofindia.indiatimes.com/technology/tech-news/indian-it-companies-may-have-little-to-worry-about-h-1b-visa-says-report-suggests-these-changes-in-the-visa-programme/articleshow/116893698.cms,Indian IT companies may have little to worry about H-1B visa says report; suggests these 'changes' in the visa programme,NOT_RELEVANT,Unrelated acronym or foreign mention
20250102203000-T428,20250102203000,andhrajyothy.com,https://www.andhrajyothy.com/2025/andhra-pradesh/visakhapatnam/tcs-at-millennium-towers-1355164.html,మిలీనియం టవర్స్‌లో టీసీఎస్‌ | TCS at Millennium Towers,NOT_RELEVANT,Unrelated acronym or foreign mention
20250102234500-T228,20250102234500,eenadu.net,https://www.eenadu.net/telugu-news/business/tcs-third-quarter-figures-on-9th-of-this-month/0101/125001337,TCS: ఐటీ ఫలితాలు మురిపిస్తాయ్‌,NOT_RELEVANT,Unrelated acronym or foreign mention
20250103001500-1340,20250103001500,prnewswire.com,https://www.prnewswire.com/news-releases/third-party-banking-software-market-to-grow-by-usd-10-56-billion-2025-2029-digital-payment-solutions-boost-growth-ai-impact-on-market-trends---technavio-302340472.html,"Third-Party Banking Software Market to Grow by USD 10.56 Billion (2025-2029), Digital Payment Solutions Boost Growth, AI Impact on Market Trends",NOT_RELEVANT,Unrelated acronym or foreign mention
20250103001500-1509,20250103001500,tmcnet.com,https://www.tmcnet.com/usubmit/2025/01/02/10125630.htm,"Third-Party Banking Software Market to Grow by USD 10.56 Billion (2025-2029), Digital Payment Solutions Boost Growth, AI Impact on Market Trends",NOT_RELEVANT,Unrelated acronym or foreign mention
20250103001500-T16,20250103001500,andhrajyothy.com,https://www.andhrajyothy.com/2025/andhra-pradesh/state-cabinet-approves-bpc-tcs-projects-attracting-major-investments-1355208.html,"Investments: భారీ పెట్టుబడులు సాకారం! | State Cabinet Approves BPC, TCS Projects, Attracting Major Investments",NOT_RELEVANT,Unrelated acronym or foreign mention
20250103004500-385,20250103004500,lelezard.com,https://www.lelezard.com/en/news-21654637.html,"Third-Party Banking Software Market to Grow by USD 10.56 Billion (2025-2029), Digital Payment Solutions Boost Growth, AI Impact on Market Trends",NOT_RELEVANT,Unrelated acronym or foreign mention
20250103010000-391,20250103010000,eturbonews.com,https://eturbonews.com/tcs-world-travel-announces-2017-trip-schedule/,TCS World Travel announces 2017 trip schedule,NOT_RELEVANT,Unrelated acronym or foreign mention
20250103060000-779,20250103060000,latestly.com,https://www.latestly.com/agency-news/india-news-markets-decline-in-initial-trade-dragged-by-bank-it-stocks-6537230.html,"India News | Markets Decline in Initial Trade Dragged by Bank, IT Stocks",NOT_RELEVANT,Unrelated acronym or foreign mention
20250103060000-796,20250103060000,indianexpress.com,https://indianexpress.com/article/business/market/markets-decline-in-initial-trade-dragged-by-bank-it-stocks-9757735/,"Markets decline in initial trade dragged by bank, IT stocks",NOT_RELEVANT,Unrelated acronym or foreign mention
20250103060000-213,20250103060000,thehindu.com,https://www.thehindu.com/business/markets/sensex-and-nifty-updates-on-january-3-2024/article69056443.ece,"Markets decline in initial trade dragged by bank, IT stocks",NOT_RELEVANT,Unrelated acronym or foreign mention
20250103064500-282,20250103064500,tribuneindia.com,https://www.tribuneindia.com/news/business/markets-decline-in-initial-trade-dragged-by-bank-it-stocks/,"Markets decline in initial trade dragged by bank, IT stocks",NOT_RELEVANT,Unrelated acronym or foreign mention
20250103074500-250,20250103074500,moneycontrol.com,https://www.moneycontrol.com/technology/infosys-tcs-among-top-5-global-beneficiaries-of-h-1b-visa-ahead-of-meta-apple-report-article-12902696.html,"Infosys, TCS make global top 5 beneficiaries of H-1B visa, beat Meta, Apple: Report",NOT_RELEVANT,Unrelated acronym or foreign mention
20250103084500-69,20250103084500,indiatimes.com,https://timesofindia.indiatimes.com/this-is-how-you-should-invest-in-indian-tech-stocks-in-2025/articleshow/116908962.cms,This is how you should invest in Indian tech stocks in 2025,NOT_RELEVANT,Unrelated acronym or foreign mention
20250103094500-T199,20250103094500,punjabkesari.in,https://www.punjabkesari.in/business/news/growing-interest-of-chinese-investors-in-indian-stock-market-2084027,"Indian Stock Market में बढ़ा चीनी निवेश, चीन के केंद्रीय बैंक ने चुपके से बना लिया 40,000 करोड़ का पोर्टफोलियो - growing interest of chinese investors in indian stock market",NOT_RELEVANT,Unrelated acronym or foreign mention
20250103113000-324,20250103113000,thehindu.com,https://www.thehindu.com/business/markets/sensex-nifty-tank-nearly-1-on-selloff-in-banking-it-stocks/article69057252.ece,"Sensex, Nifty tank nearly 1% on selloff in banking, IT stocks",NOT_RELEVANT,Unrelated acronym or foreign mention
20250103113000-T2309,20250103113000,moneycontrol.com,https://hindi.moneycontrol.com/news/markets/share-market-today-sensex-falls-720-points-nifty-downs-at-24000-investors-wealth-drops-rs-80000-crore-1948264.html,"Share Market Today: शेयर बाजार में निवेशकों के ₹80,000 करोड़ डूबे, सेंसेक्स में 720 अंकों की तेज गिरावट",NOT_RELEVANT,Unrelated acronym or foreign mention
20250103114500-44,20250103114500,indiatimes.com,https://economictimes.indiatimes.com/markets/stocks/stock-watch/stock-market-update-fertilisers-stocks-up-as-market-falls/articleshow/116915916.cms,Stock Market Sectors: Stock market update: Fertilisers stocks up as market falls,NOT_RELEVANT,Unrelated acronym or foreign mention
20250103114500-676,20250103114500,indiatimes.com,https://economictimes.indiatimes.com/markets/stocks/stock-watch/stock-market-update-nifty-it-index-1-41/articleshow/116915566.cms,Indices: Stock market update: Nifty IT index 1.41%,NOT_RELEVANT,Unrelated acronym or foreign mention
20250103120000-1016,20250103120000,theweek.in,https://www.theweek.in/wire-updates/business/2025/01/03/del40-biz-stocks-close.html,Sensex Nifty tank nearly 1 pc on selloff in banking IT stocks,NOT_RELEVANT,Unrelated acronym or foreign mention
20250103121500-522,20250103121500,india.com,https://zeenews.india.com/economy/sensex-tanks-720-60-points-to-settle-at-79223-2839156.html,"Sensex Tanks 720.60 Points To Settle At 79,223",NOT_RELEVANT,Unrelated acronym or foreign mention
20250103134500-707,20250103134500,dailyexcelsior.com,https://www.dailyexcelsior.com/sensex-nifty-tank-nearly-1-pc-on-selloff-in-banking-it-stocks/,"Sensex, Nifty tank nearly 1 pc on selloff in banking, IT stocks",NOT_RELEVANT,Unrelated acronym or foreign mention
20250103140000-T407,20250103140000,dailykesari.com,https://www.dailykesari.com/%5C%E0%A4%AC%E0%A5%8D%E0%A4%B0%E0%A5%87%E0%A4%95%E0%A4%BF%E0%A4%82%E0%A4%97%5C20816%5C%E0%A4%B6%E0%A5%87%E0%A4%85%E0%A4%B0-%E0%A4%AC%E0%A4%BE%E0%A4%9C%E0%A4%BE%E0%A4%B0%E0%A4%BE%E0%A4%A4-%E0%A4%98%E0%A4%B8%E0%A4%B0%E0%A4%A3,ब्रेकिंग - Daily Kesari,NOT_RELEVANT,Unrelated acronym or foreign mention
20250103140000-T410,20250103140000,dailykesari.com,https://www.dailykesari.com/News/20816/%E0%A4%B6%E0%A5%87%E0%A4%85%E0%A4%B0-%E0%A4%AC%E0%A4%BE%E0%A4%9C%E0%A4%BE%E0%A4%B0%E0%A4%BE%E0%A4%A4-%E0%A4%98%E0%A4%B8%E0%A4%B0%E0%A4%A3,News - Daily Kesari,NOT_RELEVANT,Unrelated acronym or foreign mention
20250103181500-T2230,20250103181500,loktej.com,https://www.loktej.com/article/117444/market-fell-due-to-selling-in-banks--it-shares--sensex-fell-720-points,"बैंकों, आईटी शेयरों में बिकवाली से बाजार गिरा, सेंसेक्स 720 अंक लुढ़का",NOT_RELEVANT,Unrelated acronym or foreign mention
20250103184500-1050,20250103184500,americanbazaaronline.com,https://americanbazaaronline.com/2025/01/03/top-companies-that-have-historically-been-major-sponsors-of-h-1b-visas/,Top companies that have been major sponsors of H-1B visas,NOT_RELEVANT,Unrelated acronym or foreign mention
20250103190000-1798,20250103190000,sun-sentinel.com,https://www.sun-sentinel.com/2025/01/03/furor-over-worker-visas-is-all-about-musk-and-his-money-editorial/,Furor over worker visas is all about Musk and his money | Editorial,NOT_RELEVANT,Unrelated acronym or foreign mention
20250103231500-31,20250103231500,pymnts.com,https://www.pymnts.com/earnings/2025/report-uniqlo-and-7-eleven-earnings-reports-expected-to-describe-challenges/,Uniqlo and 7-Eleven Earnings Expected to Describe Challenges,NOT_RELEVANT,Unrelated acronym or foreign mention
20250103231500-T413,20250103231500,ebizlatam.com,https://ebizlatam.com/tcs-presenta-las-tendencias-que-transformaran-las-industrias-en-2025/,TCS presenta las tendencias que transformarán las industrias en 2025,NOT_RELEVANT,Unrelated acronym or foreign mention
20250103233000-T7,20250103233000,loksatta.com,https://www.loksatta.com/business/finance/stock-market-updates-sensex-fall-by-720-points-print-eco-news-css-98-4806430/,stock market updates sensex fall by 720 points नफावसुलीने सेन्सेक्सची ७२० अंश माघार,NOT_RELEVANT,Unrelated acronym or foreign mention
20250104071500-257,20250104071500,indiatimes.com,https://timesofindia.indiatimes.com/toi-plus/technology/this-is-how-you-should-invest-in-indian-tech-stocks-in-2025/articleshow/116908962.cms,This is how you should invest in Indian tech stocks in 2025,NOT_RELEVANT,Unrelated acronym or foreign mention
20250104123000-771,20250104123000,businesstoday.in,https://www.businesstoday.in/personal-finance/investment/story/crorepati-goal-through-sips-rs-2600-a-month-in-this-fund-for-24-years-gave-more-than-rs-1-crore-check-details-459594-2025-01-04,"Crorepati goal through SIPs: Rs 2,600 a month in this fund for 24 years gave more than Rs 1 crore; check details",NOT_RELEVANT,Unrelated acronym or foreign mention
20250105041500-70,20250105041500,thestatesman.com,https://www.thestatesman.com/opinion/many-sides-to-the-h1b-visa-debate-1503383056.html,Many sides to the H1B visa debate - The Statesman,NOT_RELEVANT,Unrelated acronym or foreign mention
20250105050000-241,20250105050000,indiatimes.com,https://economictimes.indiatimes.com/markets/stocks/news/-fii-action-among-8-factors-that-could-keep-d-street-on-toes-this-week/articleshow/116957819.cms,"TCS Q3 results, FII action among 8 factors that could keep D-Street on toes this week",DIRECTLY_RELEVANT,"TCS Q3/FY25 earnings, financial performance, client deals, order wins, hiring, leadership, or dividend."
20250105063000-460,20250105063000,indiatimes.com,https://economictimes.indiatimes.com/nri/work/tcs-infosys-other-indian-origin-tech-firms-corner-1/5th-of-h-1b-visas-issued-by-us/articleshow/116959388.cms,"H-1B visa: TCS, Infosys & other Indian-origin tech firms corner 1/5th of H-1B visas issued by US",DIRECTLY_RELEVANT,"TCS Q3/FY25 earnings, financial performance, client deals, order wins, hiring, leadership, or dividend."
20250105064500-58,20250105064500,indianexpress.com,https://indianexpress.com/article/news-today/indian-origin-tech-firms-corner-1-5th-of-h-1b-visas-issued-by-us-9760843/,Indian-origin tech firms corner 1/5th of H-1B visas issued by US,NOT_RELEVANT,Unrelated acronym or foreign mention
20250105070000-112,20250105070000,thehindu.com,https://www.thehindu.com/business/markets/market-capitalisation-of-four-of-top-10-most-valued-firms-erode-by-9660566-crore-hdfc-bank-hit-hard/article69064106.ece,"Market Capitalisation of four of top-10 most valued firms erode by ₹96,605.66 crore; HDFC Bank hit hard",NOT_RELEVANT,Unrelated acronym or foreign mention
20250105071500-322,20250105071500,thehindubusinessline.com,https://www.thehindubusinessline.com/info-tech/indian-origin-tech-firms-corner-15th-of-h1b-visas-issued-by-us/article69064056.ece,Indian-origin tech firms corner 1/5th of H1B visas issued by US,NOT_RELEVANT,Unrelated acronym or foreign mention
20250105071500-571,20250105071500,news18.com,https://www.news18.com/business/markets/global-trends-earnings-fii-trading-activity-major-drivers-for-markets-this-week-analysts-9177543.html,"Global Cues, FII Activity, Quarterly Earnings Major Drivers For Markets This Week: Analysts",NOT_RELEVANT,Unrelated acronym or foreign mention
20250105071500-402,20250105071500,thehindubusinessline.com,https://www.thehindubusinessline.com/markets/mcap-of-four-of-top-10-most-valued-firms-erode-by-9660566-cr-hdfc-bank-hit-hard/article69064051.ece,"Mcap of four of top-10 most valued firms erode by ₹96,605.66 cr; HDFC Bank hit hard",NOT_RELEVANT,Unrelated acronym or foreign mention
20250105083000-60,20250105083000,thestatesman.com,https://www.thestatesman.com/business/market-valuation-of-four-of-top-10-most-valued-firms-erode-by-rs-96605-66-crore-1503383064.html,"Market valuation of four of top 10 most valued firms erode by Rs 96,605.66 crore",NOT_RELEVANT,Unrelated acronym or foreign mention
20250105084500-220,20250105084500,moneycontrol.com,https://www.moneycontrol.com/news/business/markets/dalal-street-week-ahead-q3-earnings-fomc-minutes-us-unemployment-rate-among-10-key-factors-to-watch-12903567.html,"Dalal Street Week Ahead: Q3 earnings, FOMC minutes, US unemployment rate among 10 key factors to watch",NOT_RELEVANT,Unrelated acronym or foreign mention
20250105100000-183,20250105100000,indiatimes.com,https://economictimes.indiatimes.com/markets/stocks/news/q3-results-tcs-dmart-among-36-companies-to-announce-earnings-this-week/articleshow/116962319.cms,"Q3 results: TCS, DMart among 36 companies to announce earnings this week",DIRECTLY_RELEVANT,"TCS Q3/FY25 earnings, financial performance, client deals, order wins, hiring, leadership, or dividend."
20250105100000-136,20250105100000,financialexpress.com,https://www.financialexpress.com/market/market-cap-of-hdfc-bank-tcs-sbi-decline-nearly-by-rs-1-lakh-crore-this-week-ril-itc-emerge-winners-3707624/,"Market cap of HDFC Bank, TCS, SBI decline nearly by Rs 1 lakh crore this week; RIL, ITC emerge winners",DIRECTLY_RELEVANT,"TCS Q3/FY25 earnings, financial performance, client deals, order wins, hiring, leadership, or dividend."
20250105103000-308,20250105103000,tribuneindia.com,https://www.tribuneindia.com/news/business/indian-origin-tech-firms-corner-1-5th-of-h1b-visas-issued-by-us/,Indian-origin tech firms corner 1/5th of H1B visas issued by US,NOT_RELEVANT,Unrelated acronym or foreign mention
20250105110000-194,20250105110000,indiatimes.com,https://telecom.economictimes.indiatimes.com/news/enterprise-services/tcs-infosys-other-indian-origin-tech-firms-corner-1/5th-of-h-1b-visas-issued-by-us/116959916,"TCS, Infosys & other Indian-origin tech firms corner 1/5th of H-1B visas issued by US, ET Telecom",DIRECTLY_RELEVANT,"TCS Q3/FY25 earnings, financial performance, client deals, order wins, hiring, leadership, or dividend."
20250105111500-T182,20250105111500,moneycontrol.com,https://hindi.moneycontrol.com/news/markets/dalal-street-week-ahead-key-factors-that-determine-market-dynamics-next-week-q3-earnings-fomc-minutes-us-unemployment-rate-1948575.html,"Market This Week: इस हफ्ते किस ओर बढ़ेगा शेयर बाजार; Q3 नतीजे, US बेरोजगारी दर समेत ये फैक्टर करेंगे तय",NOT_RELEVANT,Unrelated acronym or foreign mention
20250105113000-651,20250105113000,businesstoday.in,https://www.businesstoday.in/nri/visa/story/h-1b-visa-indian-tech-companies-dominate-allocations-infosys-tcs-lead-with-maximum-recipients-459624-2025-01-05,"H-1B visa: Indian tech companies dominate allocations. Infosys, TCS lead with maximum recipients",DIRECTLY_RELEVANT,"TCS Q3/FY25 earnings, financial performance, client deals, order wins, hiring, leadership, or dividend."
20250105113000-682,20250105113000,orissapost.com,https://www.orissapost.com/mcap-of-four-of-top-10-most-valued-firms-erode-by-rs-96605-66-cr-hdfc-bank-hit-hard/,"Mcap of four of top-10 most valued firms erode by Rs 96,605.66 cr; HDFC Bank hit hard",NOT_RELEVANT,Unrelated acronym or foreign mention
20250105113000-88,20250105113000,thehindu.com,https://www.thehindu.com/news/national/indian-origin-tech-firms-corner-15th-of-h1b-visas-issued-by-us/article69064437.ece,Indian-origin tech firms corner 1/5th of H1B visas issued by U.S.,NOT_RELEVANT,Unrelated acronym or foreign mention
20250105144500-92,20250105144500,menafn.com,https://menafn.com/1109056382/Top-News-Of-Jan-5-Chopper-Crash-Ramesh-Bidhuris-Sexist-Remark-Golden-Globes-OYO-Says-NO-To-Unmarried-Couples-More,"Top News Of Jan 5: Chopper Crash, Ramesh Bidhuri's Sexist Remark, Golden Globes, OYO Says NO To Unmarried Couples, More",NOT_RELEVANT,Unrelated acronym or foreign mention
20250105151500-653,20250105151500,openpr.com,https://www.openpr.com/news/3803596/blockchain-in-banking-finance-market-to-see-huge-demand-by-2030,Blockchain in Banking & Finance Market to See Huge Demand by 2030:,NOT_RELEVANT,Unrelated acronym or foreign mention
20250105163000-85,20250105163000,thehindu.com,https://www.thehindu.com/news/cities/Visakhapatnam/tcs-to-make-millennium-towers-its-transit-building-in-visakhapatnam-to-start-functioning-with-2000-employees/article69064889.ece,"TCS to make Millennium Towers its transit building in Visakhapatnam, to start functioning with 2,000 employees",DIRECTLY_RELEVANT,"TCS Q3/FY25 earnings, financial performance, client deals, order wins, hiring, leadership, or dividend."
20250105164500-643,20250105164500,rediff.com,https://www.rediff.com/business/report/indian-origin-tech-firms-corner-15th-of-h-1b-visas/20250105.htm,Indian-origin tech firms corner 1/5th of H-1B visas,NOT_RELEVANT,Unrelated acronym or foreign mention
20250105170000-289,20250105170000,oneindia.com,https://www.oneindia.com/international/indian-tech-firms-dominate-h-1b-visa-issuance-with-infosys-and-tcs-leading-in-2024-011-4034049.html,Indian Tech Firms Dominate H-1B Visa Issuance With Infosys And TCS Leading In 2024,DIRECTLY_RELEVANT,"TCS Q3/FY25 earnings, financial performance, client deals, order wins, hiring, leadership, or dividend."
20250105201500-T970,20250105201500,oneindia.com,https://hindi.oneindia.com/news/international/indian-tech-companies-achieved-20-percent-american-h1b-visas-in-2024-1194187.html,"भारतीय टेक कंपनियों ने 2024 में 20 प्रतिशत अमेरिकी H1B वीजा हासिल किए, जानिए कौनसी कंपनी रही अव्वल",NOT_RELEVANT,Unrelated acronym or foreign mention
20250106011500-185,20250106011500,indiatimes.com,https://economictimes.indiatimes.com/news/company/corporate-trends/tata-sons-ends-debt-support-for-new-businesses-focus-on-independent-financing/articleshow/116971235.cms,"Tata Sons ends debt support for new businesses, focus on independent financing",NOT_RELEVANT,Unrelated acronym or foreign mention
20250106011500-297,20250106011500,indiatimes.com,https://economictimes.indiatimes.com/epaper/delhicapital/2025/jan/06/et-front/tata-cos-told-to-stand-on-own-feet-debt-wise/articleshow/116973752.cms,Tata Cos Told to Stand on Own Feet Debt-wise,NOT_RELEVANT,Unrelated acronym or foreign mention
20250106011500-720,20250106011500,indiatimes.com,https://economictimes.indiatimes.com/tech/information-tech/currency-tailwinds-may-help-it-companies-shake-off-seasonal-december-blues/articleshow/116971463.cms,technology outsourcing industry: Currency tailwinds may help IT companies shake off seasonal December blues,NOT_RELEVANT,Unrelated acronym or foreign mention
20250106020000-T1126,20250106020000,indiatimes.com,https://navbharattimes.indiatimes.com/business/share-market/share-news/stock-market-prediction-today-these-shares-including-iti-ltd-and-saregama-india-showing-bullish-bias/articleshow/116971165.cms,"Stocks to Watch: आज ITI Ltd और Saregama India समेत इन शेयरों से होगा प्रॉफिट, तेजी के संकेत",NOT_RELEVANT,Unrelated acronym or foreign mention
20250106020000-795,20250106020000,livemint.com,https://www.livemint.com/companies/indian-it-services-companies-shed-reliance-on-h-1b-visas-11735904527809.html,Indian IT services companies shed reliance on H-1B visas,NOT_RELEVANT,Unrelated acronym or foreign mention
20250106040000-674,20250106040000,indiatimes.com,https://retail.economictimes.indiatimes.com/news/industry/tata-sons-ends-debt-support-for-new-businesses-focus-on-independent-financing/116979579,"Tata Group Companies: Tata Sons ends debt support for new businesses, focus on independent financing, ET Retail",NOT_RELEVANT,Unrelated acronym or foreign mention
20250106041500-T174,20250106041500,business-standard.com,https://hindi.business-standard.com/markets/share-market/q3-results-tcs-dmart-to-ireda-results-of-these-companies-will-come-this-week-id-400601,"Q3 results: TCS, DMart से लेकर IREDA तक, इस हफ़्ते इन कंपनियों के आएंगे नतीजे; स्टॉक्स पर रखें नजर - q3 results tcs dmart to ireda results of these companies will come this week",DIRECTLY_RELEVANT,"TCS Q3/FY25 earnings, financial performance, client deals, order wins, hiring, leadership, or dividend."
20250106043000-445,20250106043000,tribuneindia.com,https://www.tribuneindia.com/news/india/indian-origin-tech-firms-corner-1-5th-of-h1b-visas-issued-by-us-2/,Indian-origin tech firms corner 1/5th of H1B visas issued by US,NOT_RELEVANT,Unrelated acronym or foreign mention
20250106044500-T657,20250106044500,indiatimes.com,https://navbharattimes.indiatimes.com/business/business-news/tata-sons-has-directed-the-management-of-all-group-companies-to-independently-manage-their-debts-and-liabilities/articleshow/116980205.cms,"Tata Group News,अपना इंतजाम खुद करो... नए साल में टाटा ग्रुप में बड़ा बदलाव, बंद कर दी कई साल पुरानी परंपरा - tata sons has directed the management of all group companies to independently manage their debts and liabilities",NOT_RELEVANT,Unrelated acronym or foreign mention
20250106050000-770,20250106050000,theweek.in,https://www.theweek.in/wire-updates/business/2025/01/06/del5-biz-stocks-open.html,Markets pare early gains amid foreign fund outflows caution ahead of earnings season,NOT_RELEVANT,Unrelated acronym or foreign mention
20250106053000-759,20250106053000,indiatimes.com,https://economictimes.indiatimes.com/markets/stocks/stock-watch/stock-market-update-mining-stocks-down-as-market-rises/articleshow/116981530.cms,Stock Market Sectors: Stock market update: Mining stocks down as market rises,NOT_RELEVANT,Unrelated acronym or foreign mention
20250106054500-1048,20250106054500,indiatimes.com,https://economictimes.indiatimes.com/markets/stocks/stock-watch/stock-market-update-fertilisers-stocks-down-as-market-falls/articleshow/116982314.cms,Stock Market Sectors: Stock market update: Fertilisers stocks down as market falls,NOT_RELEVANT,Unrelated acronym or foreign mention
20250106054500-695,20250106054500,thehindu.com,https://www.thehindu.com/business/markets/markets-pare-early-gains-amid-foreign-fund-outflows-caution-ahead-of-earnings-season/article69066994.ece,"Markets pare early gains amid foreign fund outflows, caution ahead of earnings season",NOT_RELEVANT,Unrelated acronym or foreign mention
20250106061500-1092,20250106061500,indiatimes.com,https://economictimes.indiatimes.com/markets/stocks/stock-watch/stock-market-update-sugar-stocks-down-as-market-falls/articleshow/116982783.cms,Stock Market Sectors: Stock market update: Sugar stocks down as market falls,NOT_RELEVANT,Unrelated acronym or foreign mention
20250106061500-934,20250106061500,indiatimes.com,https://economictimes.indiatimes.com/markets/stocks/stock-watch/stock-market-update-power-stocks-down-as-market-falls/articleshow/116982519.cms,Stock Market Sectors: Stock market update: Power stocks down as market falls,NOT_RELEVANT,Unrelated acronym or foreign mention
20250106064500-57,20250106064500,indiatimes.com,https://cio.economictimes.indiatimes.com/news/corporate-news/tcs-infosys-other-indian-origin-tech-firms-corner-1/5th-of-h-1b-visas-issued-by-us/116981532,"TCS, Infosys & other Indian-origin tech firms corner 1/5th of H-1B visas issued by US, ET CIO",DIRECTLY_RELEVANT,"TCS Q3/FY25 earnings, financial performance, client deals, order wins, hiring, leadership, or dividend."
20250106070000-133,20250106070000,ndtv.com,https://www.ndtv.com/business-news/sensex-slides-over-1-100-points-nifty-loses-1-5-in-stock-market-7409813,"Sensex Slides Over 1,100 Points, Nifty Loses 1.5 %",NOT_RELEVANT,Unrelated acronym or foreign mention
20250106073000-197,20250106073000,indiatimes.com,https://timesofindia.indiatimes.com/technology/tech-news/tcs-infosys-and-other-indian-it-companies-in-10-biggest-beneficiaries-of-h-1b-visa-list/articleshow/116984543.cms,"TCS, Infosys and other Indian IT companies in 10 biggest beneficiaries of H-1B visa list",DIRECTLY_RELEVANT,"TCS Q3/FY25 earnings, financial performance, client deals, order wins, hiring, leadership, or dividend."
20250106073000-346,20250106073000,tribuneindia.com,https://www.tribuneindia.com/news/business/markets-pare-early-gains-amid-foreign-fund-outflows-caution-ahead-of-earnings-season/,"Markets pare early gains amid foreign fund outflows, caution ahead of earnings season",NOT_RELEVANT,Unrelated acronym or foreign mention
20250106074500-T411,20250106074500,pardaphash.com,https://hindi.pardaphash.com/stock-market-crash-in-india-due-to-hmpv-virus-entry-big-selling-in-sensex-nifty/,"भारत में HMPV Virus Entry से Stock Market Crash, सेंसेक्स-निफ्टी में बड़ी बिकवाली",NOT_RELEVANT,Unrelated acronym or foreign mention
20250106080000-949,20250106080000,moneycontrol.com,https://www.moneycontrol.com/news/business/markets/sensex-nosedives-1-000-pts-nifty-below-23-700-hmpv-scare-among-key-factors-to-get-d-street-spooked-today-12904049.html,"Sensex nosedives 1,000 pts, Nifty below 23,700: HMPV scare among key factors to get D-Street spooked today",NOT_RELEVANT,Unrelated acronym or foreign mention
20250106083000-674,20250106083000,indiatimes.com,https://economictimes.indiatimes.com/markets/stocks/news/january-effect-favours-it-stocks-these-5-factors-can-seal-the-fate-of-nifty-bulls/articleshow/116987300.cms,January effect favours IT stocks. These 5 factors can seal the fate of Nifty bulls,NOT_RELEVANT,Unrelated acronym or foreign mention
20250106083000-T2269,20250106083000,techz.vn,https://www.techz.vn/192-125-2-ke-huy-diet-honda-air-blade-ra-mat-gia-478-trieu-dong-dong-co-150cc-co-abs-va-tcs-xin-nhu-sh-ylt638932.html,"'Kẻ hủy diệt Honda Air Blade' ra mắt giá 47,8 triệu đồng: Động cơ 150cc, có ABS và TCS xịn như SH",NOT_RELEVANT,Unrelated acronym or foreign mention
20250106090000-T606,20250106090000,punjabkesari.in,https://www.punjabkesari.in/business/news/big-change-in-tata-group-on-new-year-many-years-old-tradition-stopped-2085378,"Big change in Tata Group: नए साल पर टाटा ग्रुप में बड़ा बदलाव, बंद कर दी कई साल पुरानी परंपरा! - big change in tata group on new year many years old tradition stopped",NOT_RELEVANT,Unrelated acronym or foreign mention
20250106104500-332,20250106104500,businesstoday.in,https://www.businesstoday.in/markets/stocks/story/tcs-infosys-hcl-technologies-coforge-which-it-stock-to-buy-ahead-of-q3-results-459702-2025-01-06,"TCS, Infosys, HCL Technologies, Coforge: Which IT stock to buy ahead of Q3 results",DIRECTLY_RELEVANT,"TCS Q3/FY25 earnings, financial performance, client deals, order wins, hiring, leadership, or dividend."
20250106110000-547,20250106110000,indiatimes.com,https://economictimes.indiatimes.com/markets/stocks/stock-watch/stock-market-update-nifty-it-index-0-12/articleshow/116993029.cms,Indices: Stock market update: Nifty IT index 0.12%,NOT_RELEVANT,Unrelated acronym or foreign mention
20250106111500-630,20250106111500,firstpost.com,https://www.firstpost.com/business/sensex-tanks-over-1400-points-nifty-falls-below-23600-as-hmpv-scare-spreads-to-indian-stock-markets-13850308.html,"Sensex tanks over 1,400 points, Nifty falls below 23,600 as HMPV scare spreads to Indian stock markets",NOT_RELEVANT,Unrelated acronym or foreign mention
20250106113000-T1726,20250106113000,indiatimes.com,https://navbharattimes.indiatimes.com/business/business-news/tata-sons-has-directed-the-management-of-all-group-companies-to-independently-manage-their-debts-and-liabilities/amp_articleshow/116980205.cms,"Tata Group News,अपना इंतजाम खुद करो... नए साल में टाटा ग्रुप में बड़ा बदलाव, बंद कर दी कई साल पुरानी परंपरा - tata sons has directed the management of all group companies to independently manage their debts and liabilities",NOT_RELEVANT,Unrelated acronym or foreign mention
20250106121500-1057,20250106121500,vccircle.com,https://www.vccircle.com:443/banksconsumer-firms-drag-equities-as-q3-updates-underwhelm,"Banks, consumer firms drag Nifty as Q3 updates underwhelm",NOT_RELEVANT,Unrelated acronym or foreign mention
20250106124500-1558,20250106124500,creativebloq.com,https://www.creativebloq.com/3d/whats-the-future-of-digital-twins,What's the future of digital twins?,NOT_RELEVANT,Unrelated acronym or foreign mention
20250106124500-1294,20250106124500,livecharts.co.uk,https://www.livecharts.co.uk/share_prices/Share-Prices---TCS-Share-Price-Live-Updates---news1736162283.html,Share Prices - TCS Share Price Live Updates: TCS reports a closing price of Rs 4095.0,DIRECTLY_RELEVANT,"TCS Q3/FY25 earnings, financial performance, client deals, order wins, hiring, leadership, or dividend."
20250106133000-T1591,20250106133000,techz.vn,https://www.techz.vn/192-125-5-tin-xe-hot-6-1-vua-xe-ga-244cc-xin-hon-honda-sh-ra-mat-gia-95-trieu-dong-co-du-abs-2-kenh-va-tcs-ylt638995.html,"Tin xe hot 6/1: 'Vua xe ga' 244cc xịn hơn Honda SH ra mắt giá 95 triệu đồng, có đủ ABS 2 kênh và TCS",NOT_RELEVANT,Unrelated acronym or foreign mention
20250106190000-1142,20250106190000,siasat.com,https://www.siasat.com/trump-faces-twin-challenge-of-immigration-and-h-1b-visa-3160719/,Trump faces twin challenge of immigration and H-1B visa,NOT_RELEVANT,Unrelated acronym or foreign mention
20250106200000-816,20250106200000,sott.net,https://www.sott.net/article/497062-The-H-1B-system-is-undercutting-American-workers-Just-how-bad-is-it,The H-1B system is undercutting American workers: Just how bad is it?,NOT_RELEVANT,Unrelated acronym or foreign mention
20250106200000-T1327,20250106200000,radiopik.pl,"https://www.radiopik.pl/4,126169,koniec-73-tcs-wygral-tschofenig-wasek-osmy-w-bischofshofen-i-klasyfikacji-koncowej","Koniec 73. TCS. Wygrał Tschofenig, Wąsek ósmy w Bischofshofen i klasyfikacji końcowej",NOT_RELEVANT,Foreign corporate / sports entity collision
20250106220000-1638,20250106220000,computerweekly.com,https://bitpipe.computerweekly.com:443/detail/RES/1736177655_408.html,Real time mainframe data in the AWS Cloud,NOT_RELEVANT,Unrelated acronym or foreign mention
20250107031500-343,20250107031500,newyorker.com,https://www.newyorker.com/news/the-financial-page/why-the-maga-fight-over-h-1b-visas-is-crossing-party-lines,Why the MAGA Fight Over H-1B Visas Is Crossing Party Lines,NOT_RELEVANT,Unrelated acronym or foreign mention
20250107041500-23,20250107041500,indiatimes.com,https://economictimes.indiatimes.com/markets/stocks/news/fiis-bet-1-billion-on-it-stocks-before-q3-results-does-it-signal-a-happy-new-year/articleshow/117009315.cms,FIIs bet $1 billion on IT stocks before Q3 results. Does it signal a happy new year?,NOT_RELEVANT,Unrelated acronym or foreign mention
20250107051500-43,20250107051500,indiatimes.com,https://economictimes.indiatimes.com/markets/stocks/stock-watch/stock-market-update-power-stocks-up-as-market-rises/articleshow/117011182.cms,Stock Market Sectors: Stock market update: Power stocks up as market rises,NOT_RELEVANT,Unrelated acronym or foreign mention
20250107051500-251,20250107051500,indiatimes.com,https://economictimes.indiatimes.com/markets/stocks/stock-watch/stock-market-update-sugar-stocks-up-as-market-rises/articleshow/117011008.cms,Stock Market Sectors: Stock market update: Sugar stocks up as market rises,NOT_RELEVANT,Unrelated acronym or foreign mention
20250107054500-63,20250107054500,moneycontrol.com,https://www.moneycontrol.com/technology/hcltech-rolls-out-salary-hikes-for-junior-employees-senior-staff-await-increments-article-12904643.html,"HCLTech rolls out salary hikes for junior employees, senior staff await increments",NOT_RELEVANT,Unrelated acronym or foreign mention
20250107061500-614,20250107061500,indiatimes.com,https://economictimes.indiatimes.com/markets/stocks/stock-watch/stock-market-update-fmcg-stocks-up-as-market-rises/articleshow/117012805.cms,Stock Market Sectors: Stock market update: FMCG stocks up as market rises,NOT_RELEVANT,Unrelated acronym or foreign mention
20250107061500-833,20250107061500,indiatimes.com,https://economictimes.indiatimes.com/markets/stocks/stock-watch/stock-market-update-nifty-it-index-0-38-in-an-upbeat-market/articleshow/117012640.cms,Indices: Stock market update: Nifty IT index 0.38% in an upbeat market,NOT_RELEVANT,Unrelated acronym or foreign mention
20250107063000-286,20250107063000,indiatimes.com,https://economictimes.indiatimes.com/markets/stocks/stock-watch/share-market-update-most-active-stocks-of-the-day-in-terms-of-total-traded-value/articleshow/117013142.cms,active stocks: Share market update: Most active stocks of the day in terms of total traded value,NOT_RELEVANT,Unrelated acronym or foreign mention
20250107063000-683,20250107063000,indiatimes.com,https://economictimes.indiatimes.com/markets/stocks/stock-watch/stock-market-update-mining-stocks-up-as-market-rises/articleshow/117013002.cms,Stock Market Sectors: Stock market update: Mining stocks up as market rises,NOT_RELEVANT,Unrelated acronym or foreign mention
20250107063000-225,20250107063000,businesstoday.in,https://www.businesstoday.in/markets/stocks/story/zomato-tcs-infosys-coforge-bernstein-shares-stock-price-targets-459822-2025-01-07,"Zomato, TCS, Infosys, Coforge: Bernstein shares stock price targets",DIRECTLY_RELEVANT,"TCS Q3/FY25 earnings, financial performance, client deals, order wins, hiring, leadership, or dividend."
20250107063000-175,20250107063000,news18.com,https://www.news18.com/business/hcl-technologies-salary-hike-junior-employees-senior-staff-increments-9180320.html,"HCLTech Delays Senior Staff Salary Increments, Rolls Out Hikes For Juniors: Report",NOT_RELEVANT,Unrelated acronym or foreign mention
20250107074500-648,20250107074500,indiatimes.com,https://economictimes.indiatimes.com/tech/information-tech/hcltech-announces-wage-hikes-from-1-4-for-junior-employees/articleshow/117016153.cms,HCLTech salary hike: HCLTech announces 1-4% wage hikes for junior employees,NOT_RELEVANT,Unrelated acronym or foreign mention
20250107080000-686,20250107080000,businesstoday.in,https://www.businesstoday.in/markets/stocks/story/tcs-dividend-q3-results-on-friday-january-9-earnings-preview-target-prices-459838-2025-01-07,"TCS dividend, Q3 results on Friday, January 9; earnings preview, target prices",DIRECTLY_RELEVANT,"TCS Q3/FY25 earnings, financial performance, client deals, order wins, hiring, leadership, or dividend."
20250107104500-1175,20250107104500,moneycontrol.com,https://www.moneycontrol.com/news/business/earnings/tcs-q3-preview-furloughs-to-cap-revenue-growth-margins-to-get-boost-from-rupee-depreciation-12904911.html,"TCS Q3 Preview: Furloughs to cap revenue growth, margins to get boost from rupee depreciation",DIRECTLY_RELEVANT,"TCS Q3/FY25 earnings, financial performance, client deals, order wins, hiring, leadership, or dividend."
20250107104500-717,20250107104500,moneycontrol.com,https://www.moneycontrol.com/news/business/economy/moneycontrol-pro-panorama-belt-tightening-at-indian-it-to-pinch-consumption-12904935.html,Moneycontrol Pro Panorama | Belt tightening at Indian IT to pinch consumption,NOT_RELEVANT,Unrelated acronym or foreign mention
20250107110000-1154,20250107110000,indiatimes.com,https://economictimes.indiatimes.com/markets/stocks/stock-watch/share-market-update-most-active-stocks-of-the-day-in-terms-of-traded-value/articleshow/117022956.cms,active stocks: Share market update: Most active stocks of the day in terms of traded value,NOT_RELEVANT,Unrelated acronym or foreign mention
20250107110000-34,20250107110000,indiatimes.com,https://economictimes.indiatimes.com/markets/stocks/stock-watch/stock-market-update-power-stocks-up-as-market-rises/articleshow/117022705.cms,Stock Market Sectors: Stock market update: Power stocks up as market rises,NOT_RELEVANT,Unrelated acronym or foreign mention
20250107113000-389,20250107113000,indiatimes.com,https://economictimes.indiatimes.com/markets/stocks/stock-watch/stock-market-update-fmcg-stocks-up-as-market-rises/articleshow/117023448.cms,Stock Market Sectors: Stock market update: FMCG stocks up as market rises,NOT_RELEVANT,Unrelated acronym or foreign mention
20250107114500-891,20250107114500,thehindu.com,https://www.thehindu.com/business/markets/market-benchmarks-rebound-after-two-day-decline-as-reliance-icici-bank-rally/article69072061.ece,"Market benchmarks rebound after two-day decline as Reliance, ICICI Bank rally",NOT_RELEVANT,Unrelated acronym or foreign mention
20250107120000-441,20250107120000,orissapost.com,https://www.orissapost.com/microsoft-to-invest-3-billion-in-ai-cloud-expansion-in-india/,"Microsoft to invest $3 billion in AI, cloud expansion in India",NOT_RELEVANT,Unrelated acronym or foreign mention
20250107120000-511,20250107120000,indiatimes.com,https://economictimes.indiatimes.com/markets/stocks/stock-watch/share-market-update-most-active-stocks-in-todays-market-in-terms-of-volume/articleshow/117024609.cms,share market: Share market update: Most active stocks in today's market in terms of volume,NOT_RELEVANT,Unrelated acronym or foreign mention
20250107121500-510,20250107121500,indiatimes.com,https://economictimes.indiatimes.com/markets/stocks/stock-watch/stock-market-update-nifty-it-index-0-68/articleshow/117025353.cms,Indices: Stock market update: Nifty IT index 0.68%,NOT_RELEVANT,Unrelated acronym or foreign mention
20250107143000-557,20250107143000,indiatimes.com,https://economictimes.indiatimes.com/tech/newsletters/tech-top-5/microsofts-3-billion-india-investment-mobikwik-q2-report/articleshow/117027245.cms,Microsoft's $3 billion India AI bet; Mobikwik earnings,NOT_RELEVANT,Unrelated acronym or foreign mention
20250107143000-T2798,20250107143000,loktej.com,https://www.loktej.com/article/118757/the-trend-of-decline-in-the-stock-market-stopped--sensex-rose-by-234-points,"शेयर बाजार में गिरावट का सिलसिला थमा, सेंसेक्स 234 अंक चढ़ा",NOT_RELEVANT,Unrelated acronym or foreign mention
20250107150000-1671,20250107150000,thestatesman.com,https://www.thestatesman.com/business/market-recovers-previous-losses-nifty-inches-towards-23800-1503383905.html,"Market recovers previous losses; Nifty inches towards 23,800",NOT_RELEVANT,Unrelated acronym or foreign mention
20250107150000-T504,20250107150000,moneycontrol.com,https://hindi.moneycontrol.com/news/india/jobs/hcltech-delays-senior-staff-salary-increments-rolls-out-hikes-for-juniors-1949110.html,"HCLTech के जूनियर एंप्लॉयीज की सैलरी में मामूली बढ़ोतरी, सीनियर स्टाफ को करना होगा इंतजार",NOT_RELEVANT,Unrelated acronym or foreign mention
20250107153000-1256,20250107153000,dailyexcelsior.com,https://www.dailyexcelsior.com/microsoft-to-invest-usd-3-bn-in-india-for-cloud-and-ai-expansion-nadella/,"Microsoft to invest $3 bn in AI, cloud expansion in India",NOT_RELEVANT,Unrelated acronym or foreign mention
20250107154500-2009,20250107154500,rediff.com,https://www.rediff.com/business/report/ril-icici-bank-rally-helps-sensex-gain-234-points/20250107.htm,"RIL, ICICI Bank rally helps Sensex gain 234 points",NOT_RELEVANT,Unrelated acronym or foreign mention
20250107160000-909,20250107160000,newswire.net,https://newswire.net/business/top-10-application-management-services-companies-shaping-the-future-in-2025.html,Application Management: Enhancing Efficiency and Strategy -,NOT_RELEVANT,Unrelated acronym or foreign mention
20250107163000-779,20250107163000,financialexpress.com,https://www.financialexpress.com/business/industry-tcs-may-see-margin-growth-amid-muted-q3-revenues-analysts-3709625/,TCS may see margin growth amid muted Q3 revenues: Analysts,DIRECTLY_RELEVANT,"TCS Q3/FY25 earnings, financial performance, client deals, order wins, hiring, leadership, or dividend."
20250107183000-1263,20250107183000,trak.in,https://trak.in/stories/indian-it-firms-get-20-of-us-h1b-visas-tcs-infosys-top-the-list/,"Indian IT Firms Get 20% Of US H1B Visas: TCS, Infosys Top The List - Trak.in - Indian Business of Tech, Mobile & Startups",DIRECTLY_RELEVANT,"TCS Q3/FY25 earnings, financial performance, client deals, order wins, hiring, leadership, or dividend."
20250107210000-113,20250107210000,newsindiatimes.com,https://newsindiatimes.com/microsofts-nadella-pledges-3-billion-india-ai-investment/,Microsoft's Nadella pledges $3 billion India AI investment,NOT_RELEVANT,Unrelated acronym or foreign mention
20250107211500-143,20250107211500,dailypioneer.com,https://www.dailypioneer.com/2025/business/market-benchmarks-rebound-after-a-two-day-decline.html,Market benchmarks rebound after a two-day decline,NOT_RELEVANT,Unrelated acronym or foreign mention
20250107211500-1529,20250107211500,yahoo.com,https://www.yahoo.com/news/importance-h-1b-visas-mississippi-184920698.html,What's the importance of H-1B visas in Mississippi?,NOT_RELEVANT,Unrelated acronym or foreign mention
20250107211500-111,20250107211500,wenxuecity.com,https://blog.wenxuecity.com/myblog/80341/202501/5329.html,AI agent 生态系统公司Stock Ticker - 博客,NOT_RELEVANT,Unrelated acronym or foreign mention
20250107220000-1644,20250107220000,americanbazaaronline.com,https://americanbazaaronline.com/2025/01/07/indian-tech-companies-secured-one-fifth-of-h-1b-visas-in-2024458150/,Indian tech companies secured one fifth of H-1B visas in 2024,NOT_RELEVANT,Unrelated acronym or foreign mention
20250108013000-T1097,20250108013000,indiatimes.com,https://navbharattimes.indiatimes.com/business/share-market/share-news/stock-market-prediction-today-these-shares-including-intellect-design-and-ptc-industries-showing-bullish-bias/articleshow/117033233.cms,"Stocks to Watch: आज Intellect Design और PTC Industries समेत इन शेयरों में दिखेगा ऐक्‍शन, लगाएंगे दांव?",NOT_RELEVANT,Unrelated acronym or foreign mention
20250108020000-323,20250108020000,indiatimes.com,https://economictimes.indiatimes.com/nri/work/h-1b-visa-backlash-shows-indians-theyre-not-so-special-anymore/articleshow/117037972.cms,H-1B visa backlash shows Indians they're not so special anymore,NOT_RELEVANT,Unrelated acronym or foreign mention
20250108063000-T789,20250108063000,finanzen.net,https://www.finanzen.net/nachricht/aktien/ausblick-tata-consultancy-services-legt-quartalsergebnis-vor-14135585,Ausblick: Tata Consultancy Services legt Quartalsergebnis vor,DIRECTLY_RELEVANT,"TCS Q3/FY25 earnings, financial performance, client deals, order wins, hiring, leadership, or dividend."
20250108070000-1065,20250108070000,financialexpress.com,https://www.financialexpress.com/business/industry-tcs-to-announce-dividend-in-q3-results-on-jan-9-record-date-fixed-3710006/,"TCS to announce dividend in Q3 results on Jan 9, record date fixed - Industry News",DIRECTLY_RELEVANT,"TCS Q3/FY25 earnings, financial performance, client deals, order wins, hiring, leadership, or dividend."
20250108070000-1171,20250108070000,financialexpress.com,https://www.financialexpress.com/business/industry-tcs-q3-earnings-tomorrow-here-are-4-things-street-is-watching-out-for-3710076/,TCS Q3 Earnings tomorrow: Here are 4 things street is watching out for,DIRECTLY_RELEVANT,"TCS Q3/FY25 earnings, financial performance, client deals, order wins, hiring, leadership, or dividend."
20250108074500-157,20250108074500,moneycontrol.com,https://www.moneycontrol.com/news/business/markets/sensex-falls-550-pts-nifty-below-23-550-global-cues-q3-earnings-jitters-among-key-factors-behind-market-decline-today-12905527.html,"Sensex falls 600 pts, Nifty below 23,550: Global cues, Q3 earnings jitters among key factors behind market decline today",NOT_RELEVANT,Unrelated acronym or foreign mention
20250108080000-246,20250108080000,indiatimes.com,https://economictimes.indiatimes.com/markets/stocks/earnings/tcs-q3-preview-revenue-likely-to-rise-6-4-yoy-to-rs-64500-crore-key-focus-areas-to-watch/articleshow/117046388.cms,"TCS Q3 Preview: Revenue likely to rise 6.4% YoY to Rs 64,500 crore; key focus areas to watch",DIRECTLY_RELEVANT,"TCS Q3/FY25 earnings, financial performance, client deals, order wins, hiring, leadership, or dividend."
20250108083000-788,20250108083000,invezz.com,https://invezz.com/news/2025/01/08/tcs-q3-preview-what-analysts-expect-from-it-giants-earnings/,TCS Q3 preview: what analysts expects from the IT giant's earnings,DIRECTLY_RELEVANT,"TCS Q3/FY25 earnings, financial performance, client deals, order wins, hiring, leadership, or dividend."
20250108084500-134,20250108084500,developingtelecoms.com,https://developingtelecoms.com/telecom-technology/enterprise-ecosystems/17822-bsnl-and-echelon-edge-deploy-private-5g-for-coal-mine-operator.html,BSNL and Echelon Edge deploy private 5G for coal mine operator,NOT_RELEVANT,Unrelated acronym or foreign mention
20250108090000-729,20250108090000,wn.com,https://article.wn.com/view/2025/01/08/TCS_Q3_Results_Board_To_Consider_3rd_Interim_Dividend_Tomorr/,TCS Q3 Results: Board To Consider 3rd Interim Dividend Tomorrow; Check Record Date,DIRECTLY_RELEVANT,"TCS Q3/FY25 earnings, financial performance, client deals, order wins, hiring, leadership, or dividend."
20250108093000-759,20250108093000,thehitavada.com,https://www.thehitavada.com/Encyc/2025/1/8/Microsoft-to-invest-3-billion-in-AI-cloud-expansion-in-India.html,"Microsoft to invest $3 billion in AI, cloud expansion in India",NOT_RELEVANT,Unrelated acronym or foreign mention
20250108093000-T343,20250108093000,moneycontrol.com,https://hindi.moneycontrol.com/news/markets/share-market-down-today-on-6-main-reasons-sensex-tumbles-600-points-nifty-declines-below-23550-details-1949289.html,"Share Market: शेयर बाजार में इन 6 कारणों से भारी उठापटक, सेंसेक्स पहले 600 अंक टूटा, फिर हुआ पूरा रिकवर",NOT_RELEVANT,Unrelated acronym or foreign mention
20250108100000-576,20250108100000,moneycontrol.com,https://www.moneycontrol.com/technology/tcs-q3-earnings-preview-bsnl-deal-completion-timeline-client-budgets-for-2025-among-top-five-themes-to-watch-out-for-article-12905653.html,"TCS Q3 preview: BSNL deal completion timeline, client budgets among top 5 themes to watch for",DIRECTLY_RELEVANT,"TCS Q3/FY25 earnings, financial performance, client deals, order wins, hiring, leadership, or dividend."
20250108100000-1235,20250108100000,moneycontrol.com,https://www.moneycontrol.com/news/business/markets/sensex-jumps-800-pts-from-day-s-low-as-ril-leads-recovery-it-pares-losses-ahead-of-tcs-results-12905761.html,Sensex jumps 800 pts from day's low as RIL leads recovery; IT pares losses ahead of TCS results,DIRECTLY_RELEVANT,"TCS Q3/FY25 earnings, financial performance, client deals, order wins, hiring, leadership, or dividend."
20250108103000-942,20250108103000,financialexpress.com,https://www.financialexpress.com/business/industry-it-sector-q3-results-preview-seasonal-furloughs-to-weigh-on-growth-margin-expansion-expected-say-analysts-3710297/,"IT sector Q3 results preview: Seasonal furloughs to weigh on growth, margin expansion expected, say analysts",NOT_RELEVANT,Unrelated acronym or foreign mention
20250108104500-190,20250108104500,news18.com,https://www.news18.com/business/tcs-q3-results-preview-whats-expected-know-brokerage-firms-revenue-profit-estimates-9181697.html,"TCS Q3 Results Preview: What's Expected? Know Brokerage Firms' Revenue, Profit Estimates",DIRECTLY_RELEVANT,"TCS Q3/FY25 earnings, financial performance, client deals, order wins, hiring, leadership, or dividend."
20250108110000-498,20250108110000,indiatimes.com,https://economictimes.indiatimes.com/markets/stocks/stock-watch/share-market-update-most-active-stocks-of-the-day-in-terms-of-traded-value/articleshow/117052757.cms,active stocks: Share market update: Most active stocks of the day in terms of traded value,NOT_RELEVANT,Unrelated acronym or foreign mention
20250108111500-244,20250108111500,theweek.in,https://www.theweek.in/wire-updates/business/2025/01/08/del24-biz-stocks-close.html,Markets settle marginally lower on muted GDP growth projection HDFC ICICI Bank major drag,NOT_RELEVANT,Unrelated acronym or foreign mention
20250108113000-69,20250108113000,indiatimes.com,https://economictimes.indiatimes.com/markets/stocks/stock-watch/stock-market-update-fertilisers-stocks-down-as-market-falls/articleshow/117053673.cms,Stock Market Sectors: Stock market update: Fertilisers stocks down as market falls,NOT_RELEVANT,Unrelated acronym or foreign mention
20250108113000-1244,20250108113000,indiatimes.com,https://economictimes.indiatimes.com/markets/stocks/stock-watch/stock-market-update-sugar-stocks-down-as-market-falls/articleshow/117053814.cms,Stock Market Sectors: Stock market update: Sugar stocks down as market falls,NOT_RELEVANT,Unrelated acronym or foreign mention
20250108114500-347,20250108114500,indiatimes.com,https://economictimes.indiatimes.com/markets/stocks/stock-watch/stock-market-update-mining-stocks-down-as-market-falls/articleshow/117054204.cms,Stock Market Sectors: Stock market update: Mining stocks down as market falls,NOT_RELEVANT,Unrelated acronym or foreign mention
20250108120000-620,20250108120000,indiatimes.com,https://economictimes.indiatimes.com/markets/stocks/stock-watch/stock-market-update-fmcg-stocks-down-as-market-falls/articleshow/117054646.cms,Stock Market Sectors: Stock market update: FMCG stocks down as market falls,NOT_RELEVANT,Unrelated acronym or foreign mention
20250108120000-1021,20250108120000,thehindu.com,https://www.thehindu.com/business/markets/markets-settle-marginally-lower-on-muted-gdp-growth-projection-hdfc-icici-bank-major-drag/article69076150.ece,"Markets settle marginally lower on muted GDP growth projection; HDFC, ICICI Bank major drag",NOT_RELEVANT,Unrelated acronym or foreign mention
20250108121500-1468,20250108121500,indiatimes.com,https://economictimes.indiatimes.com/markets/stocks/stock-watch/stock-market-update-power-stocks-down-as-market-falls/articleshow/117055268.cms,Stock Market Sectors: Stock market update: Power stocks down as market falls,NOT_RELEVANT,Unrelated acronym or foreign mention
20250108130000-192,20250108130000,moneycontrol.com,https://www.moneycontrol.com/news/business/startup/it-q3fy25-earnings-from-wage-hike-delays-to-discretionary-spend-five-factors-to-watch-12905931.html,"IT Q3FY25 earnings: From wage hike delays to discretionary spend, five factors to watch",NOT_RELEVANT,Unrelated acronym or foreign mention
20250108133000-1025,20250108133000,tribuneindia.com,https://www.tribuneindia.com/news/business/markets-settle-marginally-lower-on-muted-gdp-growth-projection-hdfc-icici-bank-major-drag/,"Markets settle marginally lower on muted GDP growth projection; HDFC, ICICI Bank major drag",NOT_RELEVANT,Unrelated acronym or foreign mention
20250108144500-1068,20250108144500,indiatimes.com,https://economictimes.indiatimes.com/markets/stocks/earnings/tcs-likely-to-report-sluggish-revenue-growth-in-q3-while-weaker-rupee-may-support-margin/articleshow/117058809.cms,TCS likely to report sluggish revenue growth in Q3 while weaker rupee may support margin,DIRECTLY_RELEVANT,"TCS Q3/FY25 earnings, financial performance, client deals, order wins, hiring, leadership, or dividend."
20250108150000-T1164,20250108150000,business-standard.com,https://hindi.business-standard.com/markets/share-market/closing-bell-stock-market-recovered-from-big-fall-sensex-recovered-by-more-than-600-points-nifty-settled-at-23689-id-401536,"Closing Bell: रिलायंस और TCS ने बाजार को संभाला, Sensex में निचले स्तरों से 600 से ज्यादा अंकों की रिकवरी; निफ्टी 23,689 पर सेटल - closing bell stock market recovered from big fall sensex recovered by more than 600 points nifty settled at 23689",DIRECTLY_RELEVANT,"TCS Q3/FY25 earnings, financial performance, client deals, order wins, hiring, leadership, or dividend."
20250108154500-1284,20250108154500,india.com,https://zeenews.india.com/economy/markets-settle-marginally-lower-on-muted-gdp-growth-projection-hdfc-icici-bank-major-drag-2841158.html,"Markets Settle Marginally Lower On Muted GDP Growth Projection; HDFC, ICICI Bank Major Drag",NOT_RELEVANT,Unrelated acronym or foreign mention
20250108154500-1702,20250108154500,thestatesman.com,https://www.thestatesman.com/business/market-witness-sharp-rebound-sensex-nifty-end-flat-1503384318.html,"Market witness sharp rebound; Sensex, Nifty end flat",NOT_RELEVANT,Unrelated acronym or foreign mention
20250108160000-1228,20250108160000,rediff.com,https://www.rediff.com/business/report/gdp-growth-projection-spooks-markets-sensex-down-51-points/20250108.htm,GDP growth projection spooks markets; Sensex down 51 points,NOT_RELEVANT,Unrelated acronym or foreign mention
20250108200000-1816,20250108200000,dailypioneer.com,https://www.dailypioneer.com/2025/columnists/donald-trump---s-h-1b-dilemma.html,Donald Trump's H-1B dilemma,NOT_RELEVANT,Unrelated acronym or foreign mention
20250109010000-1265,20250109010000,indiatimes.com,https://economictimes.indiatimes.com/markets/stocks/news/stocks-in-news-tcs-tata-elxsi-lupin-hindalco-tata-motors/articleshow/117061214.cms,"Stocks in news: Stocks in news: TCS, Tata Elxsi, Lupin, Hindalco, Tata Motors",DIRECTLY_RELEVANT,"TCS Q3/FY25 earnings, financial performance, client deals, order wins, hiring, leadership, or dividend."
20250109010000-427,20250109010000,indiatimes.com,https://economictimes.indiatimes.com/tech/information-tech/tcs-eplane-company-in-partnership-to-build-e-aviation-ecosystem/articleshow/117064363.cms,"TCS: TCS, ePlane Company in partnership to build e-aviation ecosystem",DIRECTLY_RELEVANT,"TCS Q3/FY25 earnings, financial performance, client deals, order wins, hiring, leadership, or dividend."
20250109013000-845,20250109013000,dnaindia.com,https://www.dnaindia.com/business/report-meet-woman-who-is-leading-rs-9517-crore-company-daughter-of-pharma-billionaire-she-is-3126115,"Meet woman who is leading Rs 9517 crore company, daughter of pharma billionaire, she is...",NOT_RELEVANT,Unrelated acronym or foreign mention
20250109030000-951,20250109030000,marketscreener.com,https://www.marketscreener.com/quote/index/NIFTY-50-9743680/news/India-s-benchmark-indexes-set-for-muted-start-48710949/,India's benchmark indexes set for muted start,NOT_RELEVANT,Unrelated acronym or foreign mention
20250109031500-790,20250109031500,indiatimes.com,https://economictimes.indiatimes.com/markets/stocks/news/tcs-shares-in-focus-ahead-of-q3-results-today/articleshow/117069488.cms,TCS shares in focus ahead of Q3 results today,DIRECTLY_RELEVANT,"TCS Q3/FY25 earnings, financial performance, client deals, order wins, hiring, leadership, or dividend."
20250109031500-905,20250109031500,indiatimes.com,https://economictimes.indiatimes.com/markets/stocks/earnings/q3-results-today-tcs-tata-elxsi-ireda-among-9-companies-to-announce-earnings/articleshow/117068983.cms,"Q3 results today: TCS, Tata Elxsi, IREDA among 9 companies to announce earnings",DIRECTLY_RELEVANT,"TCS Q3/FY25 earnings, financial performance, client deals, order wins, hiring, leadership, or dividend."
20250109031500-661,20250109031500,rttnews.com,https://www.rttnews.com/3501632/sensex-nifty-likely-to-open-on-cautious-note.aspx,"Sensex, Nifty Likely To Open On Cautious Note",NOT_RELEVANT,Unrelated acronym or foreign mention
20250109031500-896,20250109031500,rttnews.com,https://www.rttnews.com/story.aspx?Id=3501632,"Sensex, Nifty Likely To Open On Cautious Note",NOT_RELEVANT,Unrelated acronym or foreign mention
20250109041500-1026,20250109041500,thehindubusinessline.com,https://www.thehindubusinessline.com/markets/share-market-nifty-sensex-live-updates-january-9-2025/article69077901.ece,"Share Market Live Updates 9 January 2025: Sensex, Nifty open lower; focus on TCS earnings and US policy uncertainty",DIRECTLY_RELEVANT,"TCS Q3/FY25 earnings, financial performance, client deals, order wins, hiring, leadership, or dividend."
20250109041500-1174,20250109041500,businesstoday.in,https://www.businesstoday.in/markets/story/stocks-in-news-today-tcs-hindalco-ntpc-green-page-industries-pi-industries-ireda-460088-2025-01-09,"Stocks in news today: TCS, Hindalco, NTPC Green, Page Industries, PI Industries & IREDA",DIRECTLY_RELEVANT,"TCS Q3/FY25 earnings, financial performance, client deals, order wins, hiring, leadership, or dividend."
20250109043000-T870,20250109043000,loksatta.com,https://www.loksatta.com/business/finance/markets-uneasy-over-concerns-of-gdp-slowdown-print-eco-news-amy-95-4815430/,Markets uneasy over concerns of GDP slowdown print eco news | 'जीडीपी' मंदावण्याच्या चिंतेने बाजारात अस्वस्थता,NOT_RELEVANT,Unrelated acronym or foreign mention
20250109043000-T1549,20250109043000,business-standard.com,https://hindi.business-standard.com/markets/share-market/stocks-to-watch-from-tcs-to-tamo-mm-manappuram-finance-lic-and-moil-action-can-be-seen-in-these-stocks-today-id-401725,"Stocks to Watch: TCS से लेकर TaMo, M&M, Manappuram Finance, LIC और MOIL, आज इन स्टॉक्स में दिख सकता है एक्शन - stocks to watch from tcs to tamo mm manappuram finance lic and moil action can be seen in these stocks today",DIRECTLY_RELEVANT,"TCS Q3/FY25 earnings, financial performance, client deals, order wins, hiring, leadership, or dividend."
20250109043000-652,20250109043000,financialexpress.com,https://www.financialexpress.com/business/industry-tcs-results-live-updates-tcs-q3-revenue-may-be-muted-focus-on-dividend-announcement-3710739/,TCS Results Live Updates: TCS Q3 revenue may be muted; focus on dividend announcement,DIRECTLY_RELEVANT,"TCS Q3/FY25 earnings, financial performance, client deals, order wins, hiring, leadership, or dividend."
20250109044500-131,20250109044500,indiatoday.in,https://www.indiatoday.in/business/story/stocks-to-watch-today-tcs-tata-motors-ireda-bhel-ntpc-green-energy-ril-2661942-2025-01-09,"Stocks to watch today: TCS, Tata Motors, IREDA, BHEL, NTPC Green Energy",DIRECTLY_RELEVANT,"TCS Q3/FY25 earnings, financial performance, client deals, order wins, hiring, leadership, or dividend."
20250109044500-467,20250109044500,news18.com,https://www.news18.com/business/markets/stocks-to-watch-tcs-tata-elxsi-hindalco-tata-motors-lic-titan-ongc-and-others-9182587.html,"Stocks To Watch: TCS, Tata Elxsi, Hindalco, Tata Motors, LIC, Titan, ONGC, And Others",DIRECTLY_RELEVANT,"TCS Q3/FY25 earnings, financial performance, client deals, order wins, hiring, leadership, or dividend."
20250109044500-869,20250109044500,news18.com,https://www.news18.com/business/markets/tcs-q3-results-today-shares-rise-ahead-of-q3fy25-earnings-should-you-buy-9182684.html,TCS Q3 Results Today: Shares Rise Ahead Of Q3FY25 Earnings; Should You Buy?,DIRECTLY_RELEVANT,"TCS Q3/FY25 earnings, financial performance, client deals, order wins, hiring, leadership, or dividend."
20250109050000-270,20250109050000,thehindubusinessline.com,https://www.thehindubusinessline.com/markets/q3-results-2025-live-updates-for-tcs-tata-elxsi-ireda-gtpl/article69077910.ece,"Q3 Results 2025 Live: TCS, Tata Elxsi, TPHQ, IREDA, Padam Cotton Yarns, GTPL in focus",DIRECTLY_RELEVANT,"TCS Q3/FY25 earnings, financial performance, client deals, order wins, hiring, leadership, or dividend."
20250109050000-18,20250109050000,indiatimes.com,https://economictimes.indiatimes.com/markets/stocks/live-blog/tcs-q3-results-tata-consultancy-services-q3-fy25-revenue-earning-profit-loss-dividend-report-date-time-09-january-2025/liveblog/117068312.cms,"TCS Q3 Results FY25 Live Updates: TCS Q3 revenue projected to grow 6.4% YoY to Rs 64,500 crore; key focus areas to watch",DIRECTLY_RELEVANT,"TCS Q3/FY25 earnings, financial performance, client deals, order wins, hiring, leadership, or dividend."
20250109050000-678,20250109050000,indiatimes.com,https://economictimes.indiatimes.com/markets/stocks/news/sensex-falls-over-250-pts-nifty-tests-23650-realty-bank-stocks-drag/articleshow/117070943.cms,"Share Market: Sensex falls over 250 pts, Nifty tests 23,650; realty, bank stocks drag",NOT_RELEVANT,Unrelated acronym or foreign mention
20250109050000-568,20250109050000,indiatimes.com,https://economictimes.indiatimes.com/markets/stocks/earnings/tcs-to-announce-q3-results-today-6-key-things-to-track/articleshow/117071963.cms,TCS to announce Q3 results today. 6 key things to track,DIRECTLY_RELEVANT,"TCS Q3/FY25 earnings, financial performance, client deals, order wins, hiring, leadership, or dividend."
20250109050000-96,20250109050000,thehindu.com,https://www.thehindu.com/business/markets/markets-decline-in-early-trade-on-unabated-foreign-fund-outflows/article69079290.ece,Markets decline in early trade on unabated foreign fund outflows,NOT_RELEVANT,Unrelated acronym or foreign mention
20250109051500-624,20250109051500,indiatimes.com,https://economictimes.indiatimes.com/markets/stocks/stock-watch/stock-market-update-power-stocks-down-as-market-falls/articleshow/117072398.cms,Stock Market Sectors: Stock market update: Power stocks down as market falls,NOT_RELEVANT,Unrelated acronym or foreign mention
20250109051500-783,20250109051500,moneycontrol.com,https://www.moneycontrol.com/news/business/earnings/q3-earnings-preview-top-line-growth-likely-to-remain-subdued-for-seventh-consecutive-quarter-12906269.html,Q3 Earnings Preview: Top line growth likely to remain subdued for seventh consecutive quarter,NOT_RELEVANT,Unrelated acronym or foreign mention
20250109051500-570,20250109051500,moneycontrol.com,https://www.moneycontrol.com/news/business/markets/sensex-falls-300-pts-nifty-below-23-650-as-realty-psu-banks-dampen-mood-it-index-falls-ahead-of-tcs-q3-12906259.html,"Sensex falls 300 pts, Nifty below 23,650 as realty, PSU banks dampen mood; IT index falls ahead of TCS Q3",DIRECTLY_RELEVANT,"TCS Q3/FY25 earnings, financial performance, client deals, order wins, hiring, leadership, or dividend."
20250109054500-426,20250109054500,businesstoday.in,https://www.businesstoday.in/markets/stocks/story/tcs-3rd-interim-dividend-announcement-today-dividend-history-more-460107-2025-01-09,TCS 3rd interim dividend announcement today; dividend history & more,DIRECTLY_RELEVANT,"TCS Q3/FY25 earnings, financial performance, client deals, order wins, hiring, leadership, or dividend."
20250109060000-371,20250109060000,tribuneindia.com,https://www.tribuneindia.com/news/business/markets-decline-in-early-trade-on-unabated-foreign-fund-outflows/,Markets decline in early trade on unabated foreign fund outflows,NOT_RELEVANT,Unrelated acronym or foreign mention
20250109061500-199,20250109061500,indiatimes.com,https://economictimes.indiatimes.com/markets/stocks/stock-watch/stock-market-update-nifty-it-index-0-47-in-a-weak-market/articleshow/117074219.cms,Indices: Stock market update: Nifty IT index 0.47% in a weak market,NOT_RELEVANT,Unrelated acronym or foreign mention
20250109061500-699,20250109061500,freepressjournal.in,https://www.freepressjournal.in/business/from-tcs-to-ireda-here-are-the-companies-slated-to-announce-their-q3-results-on-january-9,From TCS To IREDA: Here Are The Companies Slated To Announce Their Q3 Results On January 9,DIRECTLY_RELEVANT,"TCS Q3/FY25 earnings, financial performance, client deals, order wins, hiring, leadership, or dividend."
20250109064500-563,20250109064500,hindustantimes.com,https://www.hindustantimes.com/world-news/us-news/new-h-1b-ruling-shows-indian-talent-is-not-special-anymore-what-it-means-101736387721404.html,New H-1B ruling shows Indian talent is not 'special' anymore. What it means,NOT_RELEVANT,Unrelated acronym or foreign mention
20250109070000-645,20250109070000,moneycontrol.com,https://www.moneycontrol.com/news/business/earnings/tcs-q3-results-2025-live-updates-tata-consultancy-services-quarterly-q3-results-dividend-record-date-share-price-today-liveblog-12906431.html,"TCS Q3 Results Live: Marginal revenue dip expected, net profit set for 3% growth",DIRECTLY_RELEVANT,"TCS Q3/FY25 earnings, financial performance, client deals, order wins, hiring, leadership, or dividend."
20250109073000-597,20250109073000,businesstoday.in,https://www.businesstoday.in/markets/stocks/story/tcs-q3-results-dividend-earnings-preview-key-things-to-watch-today-460119-2025-01-09,"TCS Q3 results, dividend: Earnings preview, key things to watch today",DIRECTLY_RELEVANT,"TCS Q3/FY25 earnings, financial performance, client deals, order wins, hiring, leadership, or dividend."
20250109073000-625,20250109073000,moneycontrol.com,https://www.moneycontrol.com/news/business/markets/sensex-falls-nearly-500-pts-nifty-below-23-550-likely-trump-tariffs-q3-jitters-among-key-factors-behind-market-decline-today-12906379.html,"Sensex falls nearly 500 pts, Nifty below 23,550: Pessimism over Fed rate cut, Q3 jitters among key factors behind market decline today",NOT_RELEVANT,Unrelated acronym or foreign mention
20250109073000-167,20250109073000,moneycontrol.com,https://www.moneycontrol.com/news/business/markets/sensex-declines-over-300-pts-nifty-below-23-600-as-energy-psu-bank-stocks-tumble-fmcg-shines-all-eyes-on-tcs-q3-12906410.html,"Sensex declines over 300 pts, Nifty below 23,600 as energy, PSU bank stocks tumble; FMCG shines; all eyes on TCS Q3",DIRECTLY_RELEVANT,"TCS Q3/FY25 earnings, financial performance, client deals, order wins, hiring, leadership, or dividend."
20250109074500-114,20250109074500,thehindubusinessline.com,https://www.thehindubusinessline.com/info-tech/tcs-q3-results-preview-flattish-revenue-growth-expected-on-furloughs-bsnl-deal/article69079378.ece,"TCS Q3 Results preview: Flat revenue 4-5% growth expected on furloughs, BSNL deal",DIRECTLY_RELEVANT,"TCS Q3/FY25 earnings, financial performance, client deals, order wins, hiring, leadership, or dividend."
20250109080000-90,20250109080000,hindustantimes.com,https://www.hindustantimes.com/business/tcs-q3-results-preview-what-to-expect-top-5-things-to-track-101736399767292.html,TCS Q3 results preview: What to expect? Top 5 things to track,DIRECTLY_RELEVANT,"TCS Q3/FY25 earnings, financial performance, client deals, order wins, hiring, leadership, or dividend."
20250109081500-454,20250109081500,financialexpress.com,https://www.financialexpress.com/business/industry-q3-business-update-q3-earnings-season-kickstarts-today-here-are-key-business-numbers-by-india-inc-3710997/,Q3 Business Update: Q3 earnings season kickstarts today- Here are key business numbers by India Inc - Industry News,NOT_RELEVANT,Unrelated acronym or foreign mention
20250109081500-1056,20250109081500,financialexpress.com,https://www.financialexpress.com/market/tcs-shares-in-focus-here-are-5-things-to-know-ahead-of-q3-number-3710825/,TCS shares in focus: Here are 5 things to know ahead of Q3 number,DIRECTLY_RELEVANT,"TCS Q3/FY25 earnings, financial performance, client deals, order wins, hiring, leadership, or dividend."
20250109084500-28,20250109084500,moneycontrol.com,https://www.moneycontrol.com/news/business/stocks/tcs-shares-fall-nearly-2-ahead-of-q3-results-12906508.html,TCS shares fall nearly 2% ahead of Q3 results,DIRECTLY_RELEVANT,"TCS Q3/FY25 earnings, financial performance, client deals, order wins, hiring, leadership, or dividend."
20250109090000-1128,20250109090000,news18.com,https://www.news18.com/business/tcs-q3-results-today-earnings-time-profit-revenue-key-things-to-watch-out-for-9182818.html,"TCS Q3 Results Today: Earnings Time, Profit, Revenue, Key Things To Watch Out For",DIRECTLY_RELEVANT,"TCS Q3/FY25 earnings, financial performance, client deals, order wins, hiring, leadership, or dividend."
20250109094500-889,20250109094500,moneycontrol.com,https://www.moneycontrol.com/news/business/markets/markets-extend-decline-ahead-of-tcs-q3-results-sensex-down-600-pts-nifty-below-23-550-fmcg-shines-12906620.html,"Markets extend decline ahead of TCS Q3 results, Sensex down 600 pts, Nifty below 23,550; FMCG shines",DIRECTLY_RELEVANT,"TCS Q3/FY25 earnings, financial performance, client deals, order wins, hiring, leadership, or dividend."
20250109094500-272,20250109094500,indianexpress.com,https://indianexpress.com/article/trending/top-10-listing/top-10-american-companies-sponsoring-the-most-h-1b-visas-9768780/,Top 10 companies sponsoring the most H-1B visas: Indian IT firms lead,NOT_RELEVANT,Unrelated acronym or foreign mention
20250109110000-48,20250109110000,indiatimes.com,https://economictimes.indiatimes.com/markets/stocks/news/banks-it-stocks-weigh-on-d-street-sensex-skids-528-points-nifty-below-23600/articleshow/117082982.cms,"sensex news today: Market Wrap: Banks, IT stocks weigh on D-Street; Sensex skids 528 points, Nifty below 23,600",NOT_RELEVANT,Unrelated acronym or foreign mention
20250109110000-659,20250109110000,moneycontrol.com,https://www.moneycontrol.com/technology/tcs-q3-results-net-profit-rises-rs-12-380-crore-beats-estimates-rs-66-special-dividend-declared-article-12906497.html,"TCS Q3 results: Net profit rises to Rs 12,380 crore, beats estimates; Rs 66 special dividend declared",DIRECTLY_RELEVANT,"TCS Q3/FY25 earnings, financial performance, client deals, order wins, hiring, leadership, or dividend."
20250109111500-188,20250109111500,indiatimes.com,https://economictimes.indiatimes.com/markets/stocks/earnings/tcs-q3-results-profit-rises-12-yoy-to-rs-12380-crore-in-line-with-estimates/articleshow/117083727.cms,"TCS Q3 Results: Profit rises 12% YoY to Rs 12,380 crore, in-line with estimates",DIRECTLY_RELEVANT,"TCS Q3/FY25 earnings, financial performance, client deals, order wins, hiring, leadership, or dividend."
20250109111500-1113,20250109111500,indiatimes.com,https://economictimes.indiatimes.com/markets/stocks/earnings/tcs-to-pay-rs-10-per-share-as-interim-dividend-and-rs-66-per-share-as-special-dividend/articleshow/117082935.cms,TCS to pay Rs 10 per share as interim dividend and Rs 66 per share as special dividend,DIRECTLY_RELEVANT,"TCS Q3/FY25 earnings, financial performance, client deals, order wins, hiring, leadership, or dividend."
20250109113000-1003,20250109113000,indiatimes.com,https://auto.economictimes.indiatimes.com/news/auto-technology/tcs-eplane-company-in-partnership-to-build-e-aviation-ecosystem/117078464,"TCS, ePlane Company in partnership to build e-aviation ecosystem, ET Auto",DIRECTLY_RELEVANT,"TCS Q3/FY25 earnings, financial performance, client deals, order wins, hiring, leadership, or dividend."
20250109113000-343,20250109113000,financialexpress.com,https://www.financialexpress.com/market/share-market-slumps-as-hdfc-bank-leads-decline-q3-earnings-concerns-weigh-on-investor-confidence-3711233/,Share market slumps as HDFC Bank leads decline; Q3 earnings concerns weigh on investor confidence,NOT_RELEVANT,Unrelated acronym or foreign mention
20250109113000-1039,20250109113000,indiatimes.com,https://timesofindia.indiatimes.com/business/india-business/tcs-q3-results-tata-consultancy-services-sees-12-rise-in-profit-interim-dividend-of-rs-10-per-share-declared/articleshow/117084534.cms,TCS Q3 results: Tata Consultancy Services sees 12% rise in profit; interim dividend of Rs 10 per share declared,DIRECTLY_RELEVANT,"TCS Q3/FY25 earnings, financial performance, client deals, order wins, hiring, leadership, or dividend."
20250109113000-1156,20250109113000,financialexpress.com,https://www.financialexpress.com/business/industry-tcs-dividend-announced-interim-dividend-of-rs-10-special-dividend-of-rs-66-3711221/,"TCS dividend announced: Interim dividend of Rs 10, special dividend of Rs 66",DIRECTLY_RELEVANT,"TCS Q3/FY25 earnings, financial performance, client deals, order wins, hiring, leadership, or dividend."
20250109113000-381,20250109113000,thehindubusinessline.com,https://www.thehindubusinessline.com/info-tech/tcs-misses-q3-revenue-estimate/article69080445.ece,TCS misses Q3 revenue estimates as clients cut spending amid macro-economic uncertainty,DIRECTLY_RELEVANT,"TCS Q3/FY25 earnings, financial performance, client deals, order wins, hiring, leadership, or dividend."
20250109114500-566,20250109114500,dailyexcelsior.com,https://www.dailyexcelsior.com/sensex-nifty-tumble-nearly-1-pc-on-unabated-foreign-fund-outflows-tcs-earnings-in-focus/,"Sensex, Nifty tumble nearly 1 pc on unabated foreign fund outflows; TCS earnings in focus",DIRECTLY_RELEVANT,"TCS Q3/FY25 earnings, financial performance, client deals, order wins, hiring, leadership, or dividend."
20250109114500-258,20250109114500,moneycontrol.com,https://www.moneycontrol.com/technology/tcs-headcount-shrinks-by-5-370-in-q3-reversing-two-quarters-of-growth-article-12906600.html,"TCS headcount shrinks by 5,370 in Q3, reversing two quarters of growth",DIRECTLY_RELEVANT,"TCS Q3/FY25 earnings, financial performance, client deals, order wins, hiring, leadership, or dividend."
20250109114500-1162,20250109114500,news18.com,https://www.news18.com/business/markets/tcs-q3-results-announces-rs-10-share-as-interim-dividend-rs-66-share-as-special-dividend-9183153.html,TCS Announces Rs 10/Share As Interim Dividend; Rs 66/Share As Special Dividend,DIRECTLY_RELEVANT,"TCS Q3/FY25 earnings, financial performance, client deals, order wins, hiring, leadership, or dividend."
20250109114500-290,20250109114500,thehindu.com,https://www.thehindu.com/business/markets/sensex-nifty-tumble-nearly-1-on-unabated-foreign-fund-outflows-tcs-earnings-in-focus/article69080461.ece,"Sensex, Nifty tumble nearly 1% on unabated foreign fund outflows; TCS earnings in focus",DIRECTLY_RELEVANT,"TCS Q3/FY25 earnings, financial performance, client deals, order wins, hiring, leadership, or dividend."
20250109114500-1198,20250109114500,moneycontrol.com,https://www.moneycontrol.com/news/business/earnings/tcs-q3-results-net-profit-rises-rs-12-380-crore-beats-estimates-rs-66-special-dividend-declared-12906497.html,"TCS Q3 results: Net profit rises 12% to Rs 12,380 crore, beats estimates; Rs 66 special dividend declared",DIRECTLY_RELEVANT,"TCS Q3/FY25 earnings, financial performance, client deals, order wins, hiring, leadership, or dividend."
20250109114500-584,20250109114500,marketscreener.com,https://www.marketscreener.com/quote/stock/TATA-CONSULTANCY-SERVICES-9743454/news/Tata-Consultancy-Services-Reports-Rise-in-Quarterly-Net-Profit-48715128/,Tata Consultancy Services Reports Rise in Quarterly Net Profit,DIRECTLY_RELEVANT,"TCS Q3/FY25 earnings, financial performance, client deals, order wins, hiring, leadership, or dividend."
20250109114500-958,20250109114500,news18.com,https://www.news18.com/business/tcs-q3-results-net-profit-rises-5-5-yoy-to-rs-12380-crore-revenue-up-5-6-rs-76-dividend-declared-9183144.html,"TCS Q3 Results: Net Profit Rises 5.5% YoY to Rs 12,380 crore, Revenue Up 5.6%; Rs 76 Dividend Declared",DIRECTLY_RELEVANT,"TCS Q3/FY25 earnings, financial performance, client deals, order wins, hiring, leadership, or dividend."
20250109120000-321,20250109120000,moneycontrol.com,https://www.moneycontrol.com/technology/tcs-promoted-over-25-000-employees-in-q3-nearly-20-of-workforce-elevated-this-fiscal-article-12906785.html,"TCS promoted over 25,000 employees in Q3FY25, promoted nearly 20% of workforce this fiscal",DIRECTLY_RELEVANT,"TCS Q3/FY25 earnings, financial performance, client deals, order wins, hiring, leadership, or dividend."
20250109120000-1406,20250109120000,thehindu.com,https://www.thehindu.com/business/Industry/tcs-q3-net-profit-rises-1195-to-12380-crore/article69080588.ece,"TCS Q3 net profit rises 11.95% to ₹12,380 crore",DIRECTLY_RELEVANT,"TCS Q3/FY25 earnings, financial performance, client deals, order wins, hiring, leadership, or dividend."
20250109121500-343,20250109121500,indiatoday.in,https://www.indiatoday.in/business/story/tcs-q3-results-profit-rises-12-to-rs-12380-crore-announces-special-dividend-2662274-2025-01-09,"- TCS Q3 Results: Profit rises 12% to Rs 12,380 crore, announces special dividend of Rs 66",DIRECTLY_RELEVANT,"TCS Q3/FY25 earnings, financial performance, client deals, order wins, hiring, leadership, or dividend."
20250109121500-1004,20250109121500,prokerala.com,https://www.prokerala.com/news/articles/a1597256.html,"TCS reports employee headcount drop by 5,370 in Q3",DIRECTLY_RELEVANT,"TCS Q3/FY25 earnings, financial performance, client deals, order wins, hiring, leadership, or dividend."
20250109121500-T1175,20250109121500,indiatimes.com,https://navbharattimes.indiatimes.com/business/business-news/tcs-announces-q3-results-net-profit-rises-rupees-12380-crore-dividend-declared/articleshow/117085520.cms,"TCS Q3 Results: टाटा की इस कंपनी को 12380 करोड़ रुपये का फायदा, निवेशकों को दिया डिविडेंड का तोहफा",DIRECTLY_RELEVANT,"TCS Q3/FY25 earnings, financial performance, client deals, order wins, hiring, leadership, or dividend."
20250109123000-1225,20250109123000,dailypioneer.com,https://www.dailypioneer.com/2025/business/sensex--nifty-tumble-nearly-1-pc-on-unabated-foreign-fund-outflows--tcs-earnings-in-focus.html,"Sensex, Nifty tumble nearly 1 pc on unabated foreign fund outflows; TCS earnings in focus",DIRECTLY_RELEVANT,"TCS Q3/FY25 earnings, financial performance, client deals, order wins, hiring, leadership, or dividend."
20250109123000-1076,20250109123000,moneycontrol.com,https://www.moneycontrol.com/technology/tcs-q3-order-book-grows-26-yoy-to-10-2-billion-highest-in-past-five-fiscal-years-article-12906820.html,"TCS Q3 order book grows 26% YoY to $10.2 billion, highest in past five fiscal years",DIRECTLY_RELEVANT,"TCS Q3/FY25 earnings, financial performance, client deals, order wins, hiring, leadership, or dividend."
20250109124500-110,20250109124500,indiatimes.com,https://economictimes.indiatimes.com/news/company/corporate-trends/corporate-earnings-season-starts-will-q3-reverse-the-trend/articleshow/117086757.cms,Corporate earnings season starts: Will Q3 reverse the trend?,NOT_RELEVANT,Unrelated acronym or foreign mention
20250109124500-508,20250109124500,menafn.com,https://menafn.com/1109072411/TCS-Reports-Employee-Headcount-Drop-By-5370-In-Q3,"TCS Reports Employee Headcount Drop By 5,370 In Q3",DIRECTLY_RELEVANT,"TCS Q3/FY25 earnings, financial performance, client deals, order wins, hiring, leadership, or dividend."
20250109124500-T2497,20250109124500,navabharat.com,https://navabharat.com/?p=144993,"टीसीएस का तिमाही मुनाफा 12 प्रतिशत बढ़कर 12380 करोड़, 76 रुपये का लाभांश",DIRECTLY_RELEVANT,"TCS Q3/FY25 earnings, financial performance, client deals, order wins, hiring, leadership, or dividend."
20250109124500-T2494,20250109124500,livehindustan.com,https://www.livehindustan.com/business/tcs-q3-result-posted-net-profit-12380-rupees-declared-76-rupees-divivend-also-201736422556485.html,"TCS Q3 Result posted net profit 12380 rupees declared 76 rupees divivend also टाटा की इस कंपनी को हुआ ₹12380 करोड़ का मुनाफा, अब ₹76 डिविडेंड का ऐलान, Business Hindi News",DIRECTLY_RELEVANT,"TCS Q3/FY25 earnings, financial performance, client deals, order wins, hiring, leadership, or dividend."
20250109124500-T2441,20250109124500,moneycontrol.com,https://hindi.moneycontrol.com/news/business/tcs-headcount-shrinks-by-5370-in-q3-reversing-two-quarters-of-growth-1949653.html,"TCS Headcount: दिसंबर तिमाही में घटे 5370 कर्मचारी, एट्रिशन रेट में मामूली बढ़ोतरी",DIRECTLY_RELEVANT,"TCS Q3/FY25 earnings, financial performance, client deals, order wins, hiring, leadership, or dividend."
20250109124500-T2465,20250109124500,moneycontrol.com,https://hindi.moneycontrol.com/news/markets/tcs-q3-results-but-net-profit-rises-12-percent-to-rupees-12380-crore-beats-estimates-special-dividend-declared-record-date-fixed-share-price-slips-1949616.html,"TCS Q3 Result: मुनाफे में 12% का तगड़ा उछाल, उम्मीद से बेहतर नतीजे, शेयरहोल्डर्स को बिग डिविडेंड का तोहफा",DIRECTLY_RELEVANT,"TCS Q3/FY25 earnings, financial performance, client deals, order wins, hiring, leadership, or dividend."
20250109124500-T1327,20250109124500,loksatta.com,https://www.loksatta.com/business/finance/massive-dividend-to-shareholders-from-tcs-it-company-print-eco-news-asj-82-4816472/,massive dividend to shareholders from TCS IT company | मोठ्या आयटी कंपनीकडून भागधारकांना जबरदस्त 'डिव्हीडंड'; अजूनही समभाग खरेदीची संधी,DIRECTLY_RELEVANT,"TCS Q3/FY25 earnings, financial performance, client deals, order wins, hiring, leadership, or dividend."
20250109130000-1586,20250109130000,india.com,https://zeenews.india.com/economy/sensex-nifty-tumble-nearly-1-on-unabated-foreign-fund-outflows-tcs-earnings-in-focus-2841513.html,"Sensex, Nifty Tumble Nearly 1% On Unabated Foreign Fund Outflows; TCS Earnings In Focus",DIRECTLY_RELEVANT,"TCS Q3/FY25 earnings, financial performance, client deals, order wins, hiring, leadership, or dividend."
20250109130000-2,20250109130000,menafn.com,https://menafn.com/1109072576/TCS-Posts-12-Pc-Rise-In-Q3-Net-Profit-Declares-Special-Dividend-Of-Rs-66-A-Share,"TCS Posts 12 Pc Rise In Q3 Net Profit, Declares Special Dividend Of Rs 66 A Share",DIRECTLY_RELEVANT,"TCS Q3/FY25 earnings, financial performance, client deals, order wins, hiring, leadership, or dividend."
20250109130000-1182,20250109130000,prokerala.com,https://www.prokerala.com/news/articles/a1597267.html,"TCS posts 12 pc rise in Q3 net profit, declares special dividend of Rs 66 a share",DIRECTLY_RELEVANT,"TCS Q3/FY25 earnings, financial performance, client deals, order wins, hiring, leadership, or dividend."
20250109130000-1015,20250109130000,deccanherald.com,https://www.deccanherald.com/business/companies/tcs-q3-net-profit-rises-1195-to-rs-12380-crore-3348146,"TCS Q3 net profit rises 11.95% to Rs 12,380 crore",DIRECTLY_RELEVANT,"TCS Q3/FY25 earnings, financial performance, client deals, order wins, hiring, leadership, or dividend."
20250109130000-280,20250109130000,newkerala.com,https://www.newkerala.com/news/o/tcs-registers-12-profit-growth-oct-dec-quarter-revenue-56-175,TCS Q3 Earnings: 12% Profit Growth and Strong Performance,DIRECTLY_RELEVANT,"TCS Q3/FY25 earnings, financial performance, client deals, order wins, hiring, leadership, or dividend."
20250109130000-1422,20250109130000,news18.com,https://www.news18.com/business/markets/tcs-q3-results-attrition-rate-tata-consultancy-services-9183289.html,"TCS Q3 Results: Attrition Rises To 13%, Workforce Shrinks By Over 5,000",DIRECTLY_RELEVANT,"TCS Q3/FY25 earnings, financial performance, client deals, order wins, hiring, leadership, or dividend."
20250109130000-1356,20250109130000,webindia123.com,https://news.webindia123.com/news/Articles/Business/20250109/4274766.html,"TCS registers 12% profit growth in Oct-Dec quarter, revenue up 5.6%",DIRECTLY_RELEVANT,"TCS Q3/FY25 earnings, financial performance, client deals, order wins, hiring, leadership, or dividend."
20250109131500-1322,20250109131500,finanznachrichten.de,https://www.finanznachrichten.de/nachrichten-2025-01/64250989-tata-consultancy-services-q3-earnings-increase-020.htm,Tata Consultancy Services Q3 Earnings Increase,DIRECTLY_RELEVANT,"TCS Q3/FY25 earnings, financial performance, client deals, order wins, hiring, leadership, or dividend."
20250109131500-753,20250109131500,infotechlead.com,https://infotechlead.com/software/ten-facts-about-tcs-revenue-in-2024-oct-december-88244,Ten facts about TCS revenue in 2024 Oct-December,DIRECTLY_RELEVANT,"TCS Q3/FY25 earnings, financial performance, client deals, order wins, hiring, leadership, or dividend."
20250109131500-618,20250109131500,news18.com,https://www.news18.com/business/tcs-campus-hiring-2025-tata-consultancy-services-jobs-9183421.html,TCS Hiring 2025: IT Major Says Campus Recruitment Is On-Track For FY25,DIRECTLY_RELEVANT,"TCS Q3/FY25 earnings, financial performance, client deals, order wins, hiring, leadership, or dividend."
20250109131500-851,20250109131500,indiatimes.com,https://economictimes.indiatimes.com/markets/stocks/news/ril-to-announce-q3-earnings-on-january-16/articleshow/117088048.cms,RIL to announce Q3 earnings on January 16,NOT_RELEVANT,Unrelated acronym or foreign mention
20250109131500-1237,20250109131500,freepressjournal.in,https://www.freepressjournal.in/business/tcs-q3-fy25-net-profit-jumps-almost-12-to-12380-crore-declares-bumper-dividend-of-76-per-share,"TCS Q3 FY25 Net Profit Jumps Almost 12% To ₹12,380 Crore; Declares Bumper Dividend Of ₹76 Per Share",DIRECTLY_RELEVANT,"TCS Q3/FY25 earnings, financial performance, client deals, order wins, hiring, leadership, or dividend."
20250109133000-T2741,20250109133000,jagran.com,https://www.jagran.com/business/biz-tcs-q3-result-india-largest-it-company-announces-strong-performance-and-dividend-23863925.html,"TCS Q3 Result: देश की सबसे बड़ी IT कंपनी ने पेश किए दमदार नतीजे, डिविडेंड का भी एलान - TCS Q3 Result: India's Largest IT Company Announces Strong Performance and Dividend",DIRECTLY_RELEVANT,"TCS Q3/FY25 earnings, financial performance, client deals, order wins, hiring, leadership, or dividend."
20250109133000-256,20250109133000,aninews.in,https://aninews.in/news/business/tcs-registers-12-profit-growth-in-oct-dec-quarter-revenue-up-5620250109165516/,"TCS registers 12% profit growth in Oct-Dec quarter, revenue up 5.6%",DIRECTLY_RELEVANT,"TCS Q3/FY25 earnings, financial performance, client deals, order wins, hiring, leadership, or dividend."
20250109134500-946,20250109134500,indiatimes.com,https://economictimes.indiatimes.com/markets/stocks/news/tcs-q3-results-take-aways-profit-dividend-attrition-rate-among-5-key-details-to-know/articleshow/117088882.cms,"TCS Q3 results take aways: Profit, dividend, attrition rate, among 5 key details to know",DIRECTLY_RELEVANT,"TCS Q3/FY25 earnings, financial performance, client deals, order wins, hiring, leadership, or dividend."
20250109140000-262,20250109140000,indiatimes.com,https://economictimes.indiatimes.com/tech/newsletters/tech-top-5/nrai-vs-zomato-swiggy-dunzo-ceo-joins-flipkart/articleshow/117088647.cms,"Restaurant body vs Zomato, Swiggy; Dunzo CEO joins Flipkart",NOT_RELEVANT,Unrelated acronym or foreign mention
20250109141500-464,20250109141500,ndtv.com,https://www.ndtv.com/india-news/maya-leah-tata-join-sir-ratan-tata-industrial-institutes-board-of-trustees-7436509,"Maya, Leah Tata Join Sir Ratan Tata Industrial Institutes Board Of Trustees",NOT_RELEVANT,Unrelated acronym or foreign mention
20250109141500-447,20250109141500,financialexpress.com,https://www.financialexpress.com/market/why-is-the-stock-market-down-today-3-reasons-why-nifty-closed-at-23500-3711280/,Why is the stock market down today? 3 reasons why Nifty closed at 23500,NOT_RELEVANT,Unrelated acronym or foreign mention
20250109141500-1065,20250109141500,financialexpress.com,https://www.financialexpress.com/business/industry/tcs-headcount-falls-by-5370-in-q3-fy25/3711256/,"TCS headcount falls by 5,370 in Q3 FY25",DIRECTLY_RELEVANT,"TCS Q3/FY25 earnings, financial performance, client deals, order wins, hiring, leadership, or dividend."
20250109141500-626,20250109141500,tribuneindia.com,https://www.tribuneindia.com/news/business/markets-tumble-nearly-1-pc-amid-broad-based-selloff-sensex-sinks-below-78k/,Markets tumble nearly 1 pc amid broad-based selloff; Sensex sinks below 78k,NOT_RELEVANT,Unrelated acronym or foreign mention
20250109141500-T17,20250109141500,bhaskar.com,https://www.bhaskar.com/business/news/tcs-q3-results-update-net-profit-2025-revenue-134264167.html,"TCS Q3 Results Update; Quarterly Profit and Earnings | TCS को तीसरी तिमाही में ₹12,380 करोड़ का मुनाफा: ये तिमाही आधार पर 4% बढ़ा, 10 रुपए प्रति शेयर लाभांश भी देगी कंपनी",DIRECTLY_RELEVANT,"TCS Q3/FY25 earnings, financial performance, client deals, order wins, hiring, leadership, or dividend."
20250109143000-882,20250109143000,wn.com,https://article.wn.com/view/2025/01/09/TCS_Hiring_2025_IT_Major_Says_Campus_Recruitment_Is_OnTrack_/,TCS Hiring 2025: IT Major Says Campus Recruitment Is On-Track For FY25,DIRECTLY_RELEVANT,"TCS Q3/FY25 earnings, financial performance, client deals, order wins, hiring, leadership, or dividend."
20250109143000-1859,20250109143000,rttnews.com,https://www.rttnews.com/3501824/tata-consultancy-services-q3-earnings-increase.aspx,Tata Consultancy Services Q3 Earnings Increase,DIRECTLY_RELEVANT,"TCS Q3/FY25 earnings, financial performance, client deals, order wins, hiring, leadership, or dividend."
20250109143000-221,20250109143000,timesofoman.com,https://timesofoman.com/article/153889-tcs-registers-12-profit-growth-in-oct-dec-quarter-revenue-up-56,"TCS registers 12% profit growth in Oct-Dec quarter, revenue up 5.6%",DIRECTLY_RELEVANT,"TCS Q3/FY25 earnings, financial performance, client deals, order wins, hiring, leadership, or dividend."
20250109143000-T570,20250109143000,punjabkesari.in,https://www.punjabkesari.in/business/news/market-fall-this-stock-fell-the-most-investors-lost-rs-3-85-lakh-crore-2087252,"Reason of market fall: क्यों आई बाजार में गिरावट? ये शेयर सबसे ज्यादा टूटे, निवेशकों के 4 लाख करोड़ स्वाहा - market fall this stock fell the most investors lost rs 3 85 lakh crore",NOT_RELEVANT,Unrelated acronym or foreign mention
20250109143000-T564,20250109143000,business-standard.com,https://hindi.business-standard.com/companies/tcs-q3-results-it-company-released-results-profit-increased-by-5-percent-in-the-third-quarter-id-401911,"TCS Q3 Results: दिसंबर तिमाही में नेट प्रॉफिट 12% बढ़कर ₹12,380 करोड़, रेवेन्यू में 5.6% का इजाफा; डिविडेंड का एलान - tcs q3 results it company released results profit increased by 5 percent in the third quarter",DIRECTLY_RELEVANT,"TCS Q3/FY25 earnings, financial performance, client deals, order wins, hiring, leadership, or dividend."
20250109143000-T577,20250109143000,business-standard.com,https://hindi.business-standard.com/markets/share-market/tcs-shareholders-will-get-a-total-dividend-of-rs-76-on-every-share-note-down-when-the-money-will-come-to-the-account-id-401944,"TCS शेयरहोल्डर्स की बल्ले-बल्ले, हर शेयर पर कुल ₹76 का मिलेगा डिविडेंड; नोट कर लें अकॉउंट में कब आएंगे पैसे - tcs shareholders will get a total dividend of rs 76 on every share note down when the money will come to the account",DIRECTLY_RELEVANT,"TCS Q3/FY25 earnings, financial performance, client deals, order wins, hiring, leadership, or dividend."
20250109150000-638,20250109150000,newkerala.com,https://www.newkerala.com/news/o/tcs-reports-employee-headcount-drop-5370-q3-261,"TCS Headcount Drops 5,370 in Q3, Continues Strategic Workforce Shifts",DIRECTLY_RELEVANT,"TCS Q3/FY25 earnings, financial performance, client deals, order wins, hiring, leadership, or dividend."
20250109151500-665,20250109151500,wn.com,https://article.wn.com/view/2025/01/09/TCS_registers_12_profit_growth_in_OctDec_quarter_revenue_up_/,"TCS registers 12% profit growth in Oct-Dec quarter, revenue up 5.6%",DIRECTLY_RELEVANT,"TCS Q3/FY25 earnings, financial performance, client deals, order wins, hiring, leadership, or dividend."
20250109151500-T863,20250109151500,eenadu.net,https://www.eenadu.net/telugu-news/business/tcs-q3-net-profit-rises-12-pc-to-rs-12380-cr/0101/125005705,TCS Q3 Results: అదరగొట్టిన టీసీఎస్‌.. ఒక్కో షేరుపై ₹66 స్పెషల్‌ డివిడెండ్‌,DIRECTLY_RELEVANT,"TCS Q3/FY25 earnings, financial performance, client deals, order wins, hiring, leadership, or dividend."
20250109153000-1235,20250109153000,swissinfo.ch,https://www.swissinfo.ch/eng/treasury-rout-takes-a-break-in-run-up-to-jobs-data:-markets-wrap/88694334,Treasury Rout Takes a Break in Run-Up to Jobs Data: Markets Wrap,NOT_RELEVANT,Unrelated acronym or foreign mention
20250109154500-959,20250109154500,moneycontrol.com,https://www.moneycontrol.com/news/business/earnings/tcs-eyes-multiple-opportunities-to-mitigate-bsnl-deal-revenue-loss-ceo-krithivasan-12906916.html,TCS eyes multiple opportunities to mitigate BSNL deal revenue loss: CEO Krithivasan,DIRECTLY_RELEVANT,"TCS Q3/FY25 earnings, financial performance, client deals, order wins, hiring, leadership, or dividend."
20250109160000-1004,20250109160000,rediff.com,https://www.rediff.com/business/report/sensex-nifty-tumble-nearly-1-on-foreign-fund-outflows/20250109.htm,"Sensex, Nifty tumble nearly 1% on foreign fund outflows",NOT_RELEVANT,Unrelated acronym or foreign mention
20250109160000-1488,20250109160000,rediff.com,https://www.rediff.com/business/report/tcs-q3-net-profit-rises-1195-to-rs-12380-cr/20250109.htm,"TCS Q3 net profit rises 12% to Rs 12,380 cr",DIRECTLY_RELEVANT,"TCS Q3/FY25 earnings, financial performance, client deals, order wins, hiring, leadership, or dividend."
20250109160000-1279,20250109160000,thehindu.com,https://www.thehindu.com/business/tcs-q3-net-profit-grows-55-to-12380-crore-board-approves-dividend-of-76-per-share/article69081738.ece,"TCS Q3 net profit grows 5.5% to ₹12,380 crore, board approves dividend of ₹76 per share",DIRECTLY_RELEVANT,"TCS Q3/FY25 earnings, financial performance, client deals, order wins, hiring, leadership, or dividend."
20250109163000-1991,20250109163000,yahoo.com,https://finance.yahoo.com/news/tcs-misses-estimates-sign-spending-112723344.html,TCS Misses Estimates in Sign IT Spending Yet to Pick Up,DIRECTLY_RELEVANT,"TCS Q3/FY25 earnings, financial performance, client deals, order wins, hiring, leadership, or dividend."
20250109163000-1643,20250109163000,indiatimes.com,https://economictimes.indiatimes.com/markets/stocks/earnings/tcv-traction-uptick-in-bfsi-spend-special-dividend-likely-to-support-tcs-stock-in-short-term/articleshow/117092395.cms,"TCV traction, uptick in BFSI spend, special dividend likely to support TCS stock in short term",DIRECTLY_RELEVANT,"TCS Q3/FY25 earnings, financial performance, client deals, order wins, hiring, leadership, or dividend."
20250109164500-T325,20250109164500,moneycontrol.com,https://hindi.moneycontrol.com/news/markets/tcs-third-interim-dividend-and-special-dividend-declared-q3-results-net-profit-beats-estimates-1949635.html,"TCS Dividend: शेयरधारकों को डिविडेंड का डबल डोज, अंतरिम के साथ स्पेशल डिविडेंड का भी ऐलान",DIRECTLY_RELEVANT,"TCS Q3/FY25 earnings, financial performance, client deals, order wins, hiring, leadership, or dividend."
20250109164500-T332,20250109164500,moneycontrol.com,https://hindi.moneycontrol.com/news/company/company-results/tcs-q3-order-book-grows-26-percent-yoy-to-10-2-billion-dollar-highest-in-five-financial-years-1949683.html,"दिसंबर 2024 तिमाही में TCS के ऑर्डर बुक में शानदार बढ़ोतरी, पिछले 5 वित्त वर्ष का बना रिकॉर्ड",DIRECTLY_RELEVANT,"TCS Q3/FY25 earnings, financial performance, client deals, order wins, hiring, leadership, or dividend."
20250109164500-T333,20250109164500,moneycontrol.com,https://hindi.moneycontrol.com/news/business/tcs-promoted-over-25000-employees-in-december-quarter-nearly-20-percent-of-workforce-elevated-in-fy-2025-1949674.html,"दिसंबर तिमाही में TCS ने 25,000 से भी ज्यादा एंप्लॉयीज को प्रमोशन दिया, मौजूदा वित्त वर्ष में 20% स्टाफ का बढ़ा पद",DIRECTLY_RELEVANT,"TCS Q3/FY25 earnings, financial performance, client deals, order wins, hiring, leadership, or dividend."
20250109164500-T328,20250109164500,moneycontrol.com,https://hindi.moneycontrol.com/news/markets/stock-market-mall-will-nifty-break-the-22000-level-analysts-say-watch-thim-imprtant-level-1949688.html,"निफ्टी तोड़ देगा 22,000 का स्तर? डरा रही शेयर बाजार की ये गिरावट",NOT_RELEVANT,Unrelated acronym or foreign mention
20250109170000-1888,20250109170000,moneycontrol.com,https://www.moneycontrol.com/technology/new-us-govt-will-bring-certainty-on-policies-drive-discretionary-spending-tcs-ceo-article-12906979.html,"New US govt will bring certainty on policies, drive discretionary spending: TCS CEO",DIRECTLY_RELEVANT,"TCS Q3/FY25 earnings, financial performance, client deals, order wins, hiring, leadership, or dividend."
20250109170000-1141,20250109170000,thehindubusinessline.com,https://www.thehindubusinessline.com/companies/tcs-profit-up-55-per-cent-at-12380-crore-in-q3/article69081378.ece,"TCS profit up 5.5 per cent at ₹12,380 crore in Q3 - The Hindu BusinessLine",DIRECTLY_RELEVANT,"TCS Q3/FY25 earnings, financial performance, client deals, order wins, hiring, leadership, or dividend."
20250109170000-1626,20250109170000,morungexpress.com,https://morungexpress.com/tcs-posts-12-pc-rise-in-q3-net-profit-declares-special-dividend-of-rs-66-a-share,"TCS posts 12 pc rise in Q3 net profit, declares special dividend of Rs 66 a share",DIRECTLY_RELEVANT,"TCS Q3/FY25 earnings, financial performance, client deals, order wins, hiring, leadership, or dividend."
20250109170000-1757,20250109170000,moneycontrol.com,https://www.moneycontrol.com/news/business/earnings/optimistic-on-discretionary-demand-revival-as-deal-cycle-shortens-in-q3-tcs-ceo-krithivasan-12906954.html,Optimistic on discretionary demand revival as deal cycle shortens in Q3: TCS CEO Krithivasan,DIRECTLY_RELEVANT,"TCS Q3/FY25 earnings, financial performance, client deals, order wins, hiring, leadership, or dividend."
20250109173000-798,20250109173000,india.com,https://www.india.com/entertainment/meet-actress-genelia-dsouza-who-fell-in-love-at-16-quit-acting-after-marriage-started-her-career-with-amitabh-bachchan-her-husband-is-ritesh-deshmukh-7527150/,"Meet actress who fell in love at 16, quit acting after marriage, started her career with Amitabh Bachchan, her husband is...",NOT_RELEVANT,Unrelated acronym or foreign mention
20250109173000-1567,20250109173000,thehindubusinessline.com,https://www.thehindubusinessline.com/portfolio/tcs-q3fy25-results-growth-vs-valuation-disconnect-remains/article69081712.ece,TCS Q3FY25 Results: Growth vs Valuation Disconnect Remains - The Hindu BusinessLine,DIRECTLY_RELEVANT,"TCS Q3/FY25 earnings, financial performance, client deals, order wins, hiring, leadership, or dividend."
20250109180000-1933,20250109180000,centralchronicle.com,https://www.centralchronicle.com/tcs-net-up-12-pc-in-q3-at-rs-12380-cr-gives-rs-76-interim-dividend/,"TCS Net up 12 pc in Q3 at Rs 12,380 cr; gives Rs 76 interim dividend | Central India's Premier English Daily",DIRECTLY_RELEVANT,"TCS Q3/FY25 earnings, financial performance, client deals, order wins, hiring, leadership, or dividend."
20250109180000-833,20250109180000,swissinfo.ch,https://www.swissinfo.ch/eng/bond-traders-see-jobs-testing-hawkish-fed-pricing:-markets-wrap/88694334,Bond Traders See Jobs Testing Hawkish Fed Pricing: Markets Wrap,NOT_RELEVANT,Unrelated acronym or foreign mention
20250109181500-T2297,20250109181500,loktej.com,https://www.loktej.com/article/119560/sensex-fell-by-528-points-due-to-continued-withdrawal-of-foreign-capital--nifty-also-in-loss,"विदेशी पूंजी की निकासी जारी रहने से सेंसेक्स 528 अंक लुढ़का, निफ्टी भी नुकसान में",NOT_RELEVANT,Unrelated acronym or foreign mention
20250109190000-T2601,20250109190000,business-standard.com,https://hindi.business-standard.com/companies/it/big-news-came-regarding-headcounts-of-tata-consultancy-services-tcs-the-company-remained-silent-id-402077,"टाटा कंसल्टेंसी सर्विसेज (TCS) के Headcounts को लेकर आई बड़ी खबर, कंपनी ने चुप्पी साधी - big news came regarding headcounts of tata consultancy services tcs the company remained silent",DIRECTLY_RELEVANT,"TCS Q3/FY25 earnings, financial performance, client deals, order wins, hiring, leadership, or dividend."
20250109193000-372,20250109193000,newkerala.com,https://www.newkerala.com/news/o/tcs-posts-12-pc-rise-q3-net-profit-declares-750,TCS Q3 Results: 12% Net Profit Rise & Special Dividend,DIRECTLY_RELEVANT,"TCS Q3/FY25 earnings, financial performance, client deals, order wins, hiring, leadership, or dividend."
20250109204500-1378,20250109204500,indiablooms.com,http://indiablooms.com/finance/tcs-q3-fy25-net-profit-rises-119-to-rs-12380-cr/details,"TCS Q3 FY25 net profit rises 11.9% to Rs 12,380 cr | Indiablooms - First Portal on Digital News Management",DIRECTLY_RELEVANT,"TCS Q3/FY25 earnings, financial performance, client deals, order wins, hiring, leadership, or dividend."
20250109211500-T1222,20250109211500,loksatta.com,https://www.loksatta.com/business/finance/sensex-retreats-below-78-thousand-due-to-selling-pressure-print-eco-news-amy-95-4816922/,Sensex retreats below 78 thousand due to selling pressure | विक्रीच्या माऱ्याने सेन्सेक्सची ७८ हजारांखाली पीछेहाट,NOT_RELEVANT,Unrelated acronym or foreign mention
20250109220000-T1207,20250109220000,eenadu.net,https://www.eenadu.net/telugu-news/business/tcs-profit-was-rs-12380-crore/0101/125005843,"TCS: టీసీఎస్‌ లాభం రూ.12,380 కోట్లు",NOT_RELEVANT,Unrelated acronym or foreign mention
20250109221500-1474,20250109221500,dailypioneer.com,https://www.dailypioneer.com/2025/business/tcs-q3-net-profit-rises-11-95-per-cent-to-rs-12-380-crore--employee-base-dips.html,"TCS Q3 net profit rises 11.95 per cent to Rs 12,380 Crore, employee base dips",DIRECTLY_RELEVANT,"TCS Q3/FY25 earnings, financial performance, client deals, order wins, hiring, leadership, or dividend."
20250109231500-500,20250109231500,morningstar.com,https://www.morningstar.com/company-reports/1259056-tatas-wide-moat-is-underpinned-by-its-reputation-and-expertise,Tata's Wide Moat Is Underpinned by Its Reputation and Expertise,NOT_RELEVANT,Unrelated acronym or foreign mention
20250110003000-T1303,20250110003000,andhrajyothy.com,https://www.andhrajyothy.com/2025/business/tcss-profit-is-rs-12380-crores-1357992.html,"టీసీఎస్‌ లాభం రూ.12,380 కోట్లు | TCS's profit is Rs. 12,380 crores",DIRECTLY_RELEVANT,"TCS Q3/FY25 earnings, financial performance, client deals, order wins, hiring, leadership, or dividend."
20250110004500-96,20250110004500,financialexpress.com,https://www.financialexpress.com/business/industry-tcs-sees-decline-in-headcount-attrition-rises-slightly-3711515/,"TCS sees decline in headcount, attrition rises slightly",DIRECTLY_RELEVANT,"TCS Q3/FY25 earnings, financial performance, client deals, order wins, hiring, leadership, or dividend."
20250110004500-1047,20250110004500,financialexpress.com,https://www.financialexpress.com/business/industry-tcs-kicks-off-q3-with-missed-estimates-3711524/,TCS kicks off Q3 with missed estimates,DIRECTLY_RELEVANT,"TCS Q3/FY25 earnings, financial performance, client deals, order wins, hiring, leadership, or dividend."
20250110013000-412,20250110013000,indiatimes.com,https://economictimes.indiatimes.com/markets/stocks/news/stocks-in-focus-just-dial-tcs-ireda-adani-wilmar-adani-total-gas/articleshow/117094267.cms,"Stocks in news: Stocks in focus: Just Dial, TCS, IREDA, Adani Wilmar, Adani Total Gas",DIRECTLY_RELEVANT,"TCS Q3/FY25 earnings, financial performance, client deals, order wins, hiring, leadership, or dividend."
20250110013000-164,20250110013000,indiatimes.com,https://economictimes.indiatimes.com/tech/information-tech/tcs-q3-profit-up-3-9-quarter-on-quarter-lags-estimates/articleshow/117095569.cms,"Tata Consultancy Services: TCS Q3 profit up 3.9% quarter-on-quarter, lags estimates",DIRECTLY_RELEVANT,"TCS Q3/FY25 earnings, financial performance, client deals, order wins, hiring, leadership, or dividend."
20250110013000-584,20250110013000,indiatimes.com,https://economictimes.indiatimes.com/markets/stocks/earnings/tcs-q3-profit-up-3-9-quarter-on-quarter-lags-estimates/articleshow/117100823.cms,"Tata Consultancy Services: TCS Q3 profit up 3.9% quarter-on-quarter, lags estimates",DIRECTLY_RELEVANT,"TCS Q3/FY25 earnings, financial performance, client deals, order wins, hiring, leadership, or dividend."
20250110013000-1457,20250110013000,indiatimes.com,https://economictimes.indiatimes.com/epaper/delhicapital/2025/jan/10/et-front/tcs-q3-profit-up-3-9-qoq-lags-estimates/articleshow/117097714.cms,"TCS Q3 Profit Up 3.9% QoQ, Lags Estimates",DIRECTLY_RELEVANT,"TCS Q3/FY25 earnings, financial performance, client deals, order wins, hiring, leadership, or dividend."
20250110014500-1128,20250110014500,tribuneindia.com,https://www.tribuneindia.com/news/business/tcs-q3-net-profit-jumps-12-to-rs12-3k-cr/,TCS Q3 net profit jumps 12% to Rs12.3K cr,DIRECTLY_RELEVANT,"TCS Q3/FY25 earnings, financial performance, client deals, order wins, hiring, leadership, or dividend."
20250110014500-696,20250110014500,indiatimes.com,https://timesofindia.indiatimes.com/business/india-business/tcs-revenue-growth-flat-in-quarter-3-demand-yet-to-pick-up/articleshow/117100746.cms,"TCS revenue growth flat in quarter 3, demand yet to pick up",DIRECTLY_RELEVANT,"TCS Q3/FY25 earnings, financial performance, client deals, order wins, hiring, leadership, or dividend."
20250110024500-566,20250110024500,businesstoday.in,https://www.businesstoday.in/markets/stocks/story/tcs-shares-should-you-buy-hold-or-sell-stock-post-q3-results-dividend-460232-2025-01-10,"TCS shares: Should you buy, hold or sell stock post Q3 results, dividend?",DIRECTLY_RELEVANT,"TCS Q3/FY25 earnings, financial performance, client deals, order wins, hiring, leadership, or dividend."
20250110024500-756,20250110024500,indiatimes.com,https://economictimes.indiatimes.com/markets/stocks/news/stocks-to-buy-tcs-tata-elxsi-and-ireda-on-investors-radar/articleshow/117101632.cms,"Stocks to buy: TCS, Tata Elxsi and IREDA on investors' radar",DIRECTLY_RELEVANT,"TCS Q3/FY25 earnings, financial performance, client deals, order wins, hiring, leadership, or dividend."
20250110030000-273,20250110030000,moneycontrol.com,https://www.moneycontrol.com/news/business/markets/stocks-to-watch-today-tcs-tata-elxsi-adani-wilmar-mgl-ireda-senores-pharma-apollo-micro-systems-surya-roshni-in-focus-on-10-january-12907037.html,"Stocks to Watch Today: TCS, Tata Elxsi, Adani Wilmar, MGL, IREDA, Senores Pharma, Apollo Micro Systems, Surya Roshni in focus on 10 January",DIRECTLY_RELEVANT,"TCS Q3/FY25 earnings, financial performance, client deals, order wins, hiring, leadership, or dividend."
20250110030000-176,20250110030000,moneycontrol.com,https://www.moneycontrol.com/news/business/laxmi-dental-ipo-live-quadrant-future-tek-capital-infra-trust-ipo-allotment-status-cesc-pcbl-just-dial-q3-results-business-news-january-10-liveblog-12907058.html,Business News Live: Quadrant Future Tek IPO allotment likely today; check latest GMP and other details,NOT_RELEVANT,Unrelated acronym or foreign mention
20250110030000-T1190,20250110030000,bhaskar.com,https://divyamarathi.bhaskar.com/business/news/tcs-q3-results-update-quarterly-profit-and-earnings-134264215.html,"TCS Q3 Results Update; Quarterly Profit And Earnings | तिसऱ्या तिमाहीत TCSचा नफा ₹12,380 कोटी: तिमाही आधारावर 4%ने वाढ, कंपनी प्रति शेअर 10 रुपये लाभांश देणार",DIRECTLY_RELEVANT,"TCS Q3/FY25 earnings, financial performance, client deals, order wins, hiring, leadership, or dividend."
20250110031500-T1367,20250110031500,business-standard.com,https://hindi.business-standard.com/india-news/stocks-to-watch-jan-10-2025-tcs-ireda-tata-elxsi-swiggy-zomato-to-sail-these-stocks-will-be-in-focus-today-id-402144,"Stocks to Watch, Jan 10, 2025: TCS, IREDA, Tata Elxsi, Swiggy, Zomato से लेकर SAIL तक, आज इन स्टॉक्स पर रहेंगी नजरें - stocks to watch jan 10 2025 tcs ireda tata elxsi swiggy zomato to sail these stocks will be in focus today",DIRECTLY_RELEVANT,"TCS Q3/FY25 earnings, financial performance, client deals, order wins, hiring, leadership, or dividend."
20250110031500-T1520,20250110031500,zonebourse.com,https://www.zonebourse.com/cours/indice/NIFTY-50-9743680/actualite/Les-actions-indiennes-devraient-demarrer-en-douceur-avec-une-attention-particuliere-pour-TCS-48722515/,"Les actions indiennes devraient démarrer en douceur, avec une attention particulière pour TCS",NOT_RELEVANT,Unrelated acronym or foreign mention
20250110031500-1075,20250110031500,marketscreener.com,https://www.marketscreener.com/quote/index/NIFTY-50-9743680/news/Indian-shares-set-for-a-muted-start-with-the-focus-on-TCS-48722515/,"Indian shares set for a muted start, with the focus on TCS",DIRECTLY_RELEVANT,"TCS Q3/FY25 earnings, financial performance, client deals, order wins, hiring, leadership, or dividend."
20250110031500-582,20250110031500,indiatoday.in,https://www.indiatoday.in/business/story/stocks-to-watch-today-tcs-tata-elxsi-ireda-adani-wilmar-lt-mazagon-dock-2662632-2025-01-10,"Stocks to watch today: TCS, Tata Elxsi, IREDA, Adani Wilmar, L&T, Mazagon Dock",DIRECTLY_RELEVANT,"TCS Q3/FY25 earnings, financial performance, client deals, order wins, hiring, leadership, or dividend."
20250110033000-1156,20250110033000,rttnews.com,https://www.rttnews.com/story.aspx?Id=3501940,"Sensex, Nifty Seen Drifting Lower As TCS Misses Revenue Estimates",DIRECTLY_RELEVANT,"TCS Q3/FY25 earnings, financial performance, client deals, order wins, hiring, leadership, or dividend."
20250110033000-T1261,20250110033000,eleconomista.com.mx,https://www.eleconomista.com.mx/deportes/jaguar-tcs-defiende-campeonato-mundial-ia-20250109-741322.html,Jaguar TCS defiende campeonato mundial con IA,NOT_RELEVANT,Unrelated acronym or foreign mention
20250110034500-289,20250110034500,businesstoday.in,https://www.businesstoday.in/markets/story/stocks-in-news-tcs-shriram-finance-ireda-tata-elxsi-ntpc-green-cesc-adani-wilmar-pcbl-460234-2025-01-10,"Stocks in news: TCS, Shriram Finance, IREDA, Tata Elxsi, NTPC Green, CESC, Adani Wilmar & PCBL",DIRECTLY_RELEVANT,"TCS Q3/FY25 earnings, financial performance, client deals, order wins, hiring, leadership, or dividend."
20250110034500-377,20250110034500,biztoc.com,https://biztoc.com/x/dfea3fdcbe640632,"Indian shares set for a muted start, with the focus on TCS",DIRECTLY_RELEVANT,"TCS Q3/FY25 earnings, financial performance, client deals, order wins, hiring, leadership, or dividend."
20250110040000-436,20250110040000,financialexpress.com,https://www.financialexpress.com/market/tata-consultancy-services-share-price-today-live-updates-10-jan-2025-3711573/,"Tata Consultancy Services Share Price Today Live Updates, 10 Jan, 2025: Tata Consultancy Services on the radar",DIRECTLY_RELEVANT,"TCS Q3/FY25 earnings, financial performance, client deals, order wins, hiring, leadership, or dividend."
20250110040000-812,20250110040000,financialexpress.com,https://www.financialexpress.com/shorts/market/stock-in-focus-tcs-ireda-tata-elxsi-adani-total-gas-shriram-finance-hindustan-zinc-indian-overseas-bank-irb-infrastructure-and-more-3711585/,"Stock in Focus: TCS, IREDA, Tata Elxsi, Adani Total Gas, Shriram Finance, and more",DIRECTLY_RELEVANT,"TCS Q3/FY25 earnings, financial performance, client deals, order wins, hiring, leadership, or dividend."
20250110040000-1026,20250110040000,indiatimes.com,https://economictimes.indiatimes.com/markets/stocks/news/tcs-shares-in-focus-after-q3-profit-rises-12-yoy-to-rs-12380-crore-should-you-buy-sell-or-hold/articleshow/117102751.cms,"TCS shares in focus after Q3 profit rises 12% YoY to Rs 12,380 crore. Should you buy, sell, or hold?",DIRECTLY_RELEVANT,"TCS Q3/FY25 earnings, financial performance, client deals, order wins, hiring, leadership, or dividend."
20250110040000-961,20250110040000,financialexpress.com,https://www.financialexpress.com/market/stock-in-focus-tcs-ireda-tata-elxsi-adani-total-gas-shriram-finance-hindustan-zinc-indian-overseas-bank-irb-infrastructure-and-more-3711585/,"Stock in Focus: TCS, IREDA, Adani Total Gas, Shriram Finance, Hindustan Zinc, Indian Overseas Bank, IRB Infrastructure, and more - Market News",DIRECTLY_RELEVANT,"TCS Q3/FY25 earnings, financial performance, client deals, order wins, hiring, leadership, or dividend."
20250110040000-725,20250110040000,rttnews.com,https://www.rttnews.com/3501940/sensex-nifty-seen-drifting-lower-as-tcs-misses-revenue-estimates.aspx,"Sensex, Nifty Seen Drifting Lower As TCS Misses Revenue Estimates",DIRECTLY_RELEVANT,"TCS Q3/FY25 earnings, financial performance, client deals, order wins, hiring, leadership, or dividend."
20250110041500-365,20250110041500,indiatimes.com,https://economictimes.indiatimes.com/markets/stocks/live-blog/bse-sensex-today-live-nifty-stock-market-updates-10-january-2025/liveblog/117101476.cms,"Sensex Today | Stock Market LIVE Updates: Sensex gains over 200 pts, Nifty above 23,550; TCS rallies 4%, Tata Elxsi falls 6% post Q3 show",DIRECTLY_RELEVANT,"TCS Q3/FY25 earnings, financial performance, client deals, order wins, hiring, leadership, or dividend."
20250110041500-652,20250110041500,news18.com,https://www.news18.com/business/markets/stock-market-updates-sensex-100-points-higher-nifty-at-23540-tcs-up-4-9183886.html,"Stock Market Updates: Sensex 100 Points Higher; Nifty At 23,540; TCS Up 4%",DIRECTLY_RELEVANT,"TCS Q3/FY25 earnings, financial performance, client deals, order wins, hiring, leadership, or dividend."
20250110043000-T1459,20250110043000,bhaskar.com,https://www.bhaskar.com/business/news/business-news-update-share-market-gold-silver-rate-petrol-diesel-price-today-tcs-134268439.html,"Business News Update; share market, gold silver rate, petrol diesel price today, TCS | TCS को ₹12,380 करोड़ का मुनाफा: L&T चेयरमैन सुब्रह्मण्यन बोले- एक हफ्ते में 90 घंटे काम करें, पोको X7 प्रो स्मार्टफोन लॉन्च",DIRECTLY_RELEVANT,"TCS Q3/FY25 earnings, financial performance, client deals, order wins, hiring, leadership, or dividend."
20250110043000-T650,20250110043000,zonebourse.com,https://www.zonebourse.com/cours/action/TATA-CONSULTANCY-SERVICES-9743454/actualite/L-entreprise-indienne-TCS-fait-un-bond-de-4-dans-les-echanges-avant-l-ouverture-des-marches-en-48722732/,"L'entreprise indienne TCS fait un bond de 4 % dans les échanges avant l'ouverture des marchés, en raison des signes de reprise de la demande",NOT_RELEVANT,Unrelated acronym or foreign mention
20250110043000-494,20250110043000,moneycontrol.com,https://www.moneycontrol.com/news/business/moneycontrol-research/tcs-q3-fy25-seasonality-bites-but-the-commentary-is-reassuring-12907093.html,"TCS Q3 FY25 – Seasonality bites, but the commentary is reassuring",DIRECTLY_RELEVANT,"TCS Q3/FY25 earnings, financial performance, client deals, order wins, hiring, leadership, or dividend."
20250110043000-965,20250110043000,moneycontrol.com,https://www.moneycontrol.com/news/business/markets/strong-commentary-from-tcs-signs-of-demand-revival-turns-brokerages-optimistic-12907078.html,"Strong commentary from TCS, signs of demand revival turns brokerages optimistic; stock soars 4%",DIRECTLY_RELEVANT,"TCS Q3/FY25 earnings, financial performance, client deals, order wins, hiring, leadership, or dividend."
20250110044500-918,20250110044500,hindustantimes.com,https://www.hindustantimes.com/business/sensex-nifty-open-flat-a-day-after-diving-it-stocks-in-the-green-101736480797442.html,"Sensex, Nifty open flat a day after diving, IT stocks in the green",NOT_RELEVANT,Unrelated acronym or foreign mention
20250110050000-T813,20250110050000,khaskhabar.com,https://www.khaskhabar.com/news/india-news/news-indian-stock-market-opened-flat-tcs-stock-rose-nearly-4-percent-after-strong-results-news-hindi-1-695662-KKN.html,"Indian stock market opened flat, TCS stock rose nearly 4 percent after strong results",DIRECTLY_RELEVANT,"TCS Q3/FY25 earnings, financial performance, client deals, order wins, hiring, leadership, or dividend."
20250110050000-395,20250110050000,newkerala.com,https://www.newkerala.com/news/o/indian-stock-market-opens-flat-tcs-stock-nearly-pc-284,"Indian Stock Market Opens Flat, TCS Leads IT Sector Gains",DIRECTLY_RELEVANT,"TCS Q3/FY25 earnings, financial performance, client deals, order wins, hiring, leadership, or dividend."
20250110050000-619,20250110050000,indiatimes.com,https://economictimes.indiatimes.com/markets/stocks/news/sensex-slips-over-200-points-nifty-below-24450-financial-and-bank-stocks-drag/articleshow/117104155.cms,"Stock Market: Sensex slips over 500 points, Nifty below 23,400; financial and bank stocks drag",NOT_RELEVANT,Unrelated acronym or foreign mention
20250110050000-823,20250110050000,menafn.com,https://menafn.com/1109075173/Indian-Stock-Market-Opens-Flat-TCS-Stock-Up-Nearly-4-Pc-After-Strong-Result,"Indian Stock Market Opens Flat, TCS Stock Up Nearly 4 Pc After Strong Result",DIRECTLY_RELEVANT,"TCS Q3/FY25 earnings, financial performance, client deals, order wins, hiring, leadership, or dividend."
20250110050000-588,20250110050000,prokerala.com,https://www.prokerala.com/news/articles/a1597419.html,"Indian stock market opens flat, TCS stock up nearly 4 pc after strong result",DIRECTLY_RELEVANT,"TCS Q3/FY25 earnings, financial performance, client deals, order wins, hiring, leadership, or dividend."
20250110050000-702,20250110050000,indiatimes.com,https://economictimes.indiatimes.com/markets/stocks/news/stocks-to-buy-today-nuvama-maintained-a-buy-on-tcs-post-q3-results-macquarie-initiate-outperform-on-irctc/articleshow/117105274.cms,Stocks to buy today: Nuvama maintained a buy on TCS post Q3 results; Macquarie initiate outperform on IRCTC,DIRECTLY_RELEVANT,"TCS Q3/FY25 earnings, financial performance, client deals, order wins, hiring, leadership, or dividend."
20250110050000-464,20250110050000,indiatimes.com,https://economictimes.indiatimes.com/markets/stocks/stock-watch/stock-market-update-power-stocks-down-as-market-falls/articleshow/117105228.cms,Stock Market Sectors: Stock market update: Power stocks down as market falls,NOT_RELEVANT,Unrelated acronym or foreign mention
20250110051500-T156,20250110051500,livehindustan.com,https://www.livehindustan.com/business/stock-market-live-today-10-jan-2025-check-share-market-all-updates-here-201736479895320.html,"Stock Market Live Today 10 Jan 2025 check share market all updates here Stock Market Live Today: शेयर बाजार में तेज उछाल, सेंसेक्स और निफ्टी ने बनाई बढ़त, निवेशक खुश, Business Hindi News",NOT_RELEVANT,Unrelated acronym or foreign mention
20250110051500-T1188,20250110051500,zdnet.com,https://japan.zdnet.com/article/35228055/,製品ベンダー中立の立場で真のDXに寄与していく--日本TCS・ティアガラジャン社長,NOT_RELEVANT,Unrelated acronym or foreign mention
20250110051500-T151,20250110051500,livehindustan.com,https://www.livehindustan.com/business/tcs-share-jumps-4-percent-after-healthy-q3-result-and-dividend-announcement-201736481422437.html,"TCS share jumps 4 percent after healthy Q3 Result and dividend announcement Tata का यह स्टॉक दे रहा है एक शेयर पर ₹76 का डिविडेंड, आज शेयरों में 4% की उछाल, Q3 नतीजों से गदगद निवेशक, Business Hindi News",DIRECTLY_RELEVANT,"TCS Q3/FY25 earnings, financial performance, client deals, order wins, hiring, leadership, or dividend."
20250110051500-977,20250110051500,indiatimes.com,https://economictimes.indiatimes.com/tech/web-stories/tcs-posts-q3-results/slideshow/117105076.cms,TCS posts Q3 results,DIRECTLY_RELEVANT,"TCS Q3/FY25 earnings, financial performance, client deals, order wins, hiring, leadership, or dividend."
20250110053000-867,20250110053000,india.com,https://zeenews.india.com/economy/markets-give-up-early-gains-trade-lower-on-foreign-fund-exodus-2841821.html,Markets Give Up Early Gains; Trade Lower On Foreign Fund Exodus,NOT_RELEVANT,Unrelated acronym or foreign mention
20250110053000-223,20250110053000,moneycontrol.com,https://www.moneycontrol.com/news/business/markets/it-stocks-shine-in-weak-market-as-tcs-demand-outlook-deal-wins-bring-cheer-12907183.html,"IT stocks shine in weak market as TCS' demand outlook, deal wins bring cheer",DIRECTLY_RELEVANT,"TCS Q3/FY25 earnings, financial performance, client deals, order wins, hiring, leadership, or dividend."
20250110053000-480,20250110053000,marketscreener.com,https://www.marketscreener.com/quote/stock/TATA-CONSULTANCY-SERVICES-9743454/news/India-s-TCS-jumps-4-in-pre-open-trade-on-signs-of-demand-revival-48722732/,India's TCS jumps 4% in pre-open trade on signs of demand revival,NOT_RELEVANT,Unrelated acronym or foreign mention
20250110054500-374,20250110054500,indiatimes.com,https://economictimes.indiatimes.com/markets/stocks/stock-watch/stock-market-update-fertilisers-stocks-down-as-market-falls/articleshow/117106465.cms,Stock Market Sectors: Stock market update: Fertilisers stocks down as market falls,NOT_RELEVANT,Unrelated acronym or foreign mention
20250110054500-257,20250110054500,sakshipost.com,https://www.sakshipost.com/news/indian-stock-market-opens-flat-tcs-stock-nearly-4-pc-after-strong-result-366594,"January 10: Indian stock market opens flat, TCS stock up nearly 4 pc after strong result",DIRECTLY_RELEVANT,"TCS Q3/FY25 earnings, financial performance, client deals, order wins, hiring, leadership, or dividend."
20250110054500-974,20250110054500,indiatimes.com,https://economictimes.indiatimes.com/markets/stocks/news/ltim-infosys-lead-it-rally-as-stocks-rise-nearly-5-after-tcs-q3-beat/articleshow/117106757.cms,"LTIM, Infosys lead IT rally as stocks rise nearly 5% after TCS Q3 beat",DIRECTLY_RELEVANT,"TCS Q3/FY25 earnings, financial performance, client deals, order wins, hiring, leadership, or dividend."
20250110054500-298,20250110054500,wn.com,https://article.wn.com/view/2025/01/10/TCS_shares_jump_over_4_in_early_trade_on_signs_of_demand_rev/,TCS shares jump over 4% in early trade on signs of demand revival,DIRECTLY_RELEVANT,"TCS Q3/FY25 earnings, financial performance, client deals, order wins, hiring, leadership, or dividend."
20250110060000-988,20250110060000,moneycontrol.com,https://www.moneycontrol.com/news/business/markets/tcs-share-price-soars-4-5-on-signs-of-demand-revival-strong-deal-wins-in-q3-12907109.html,"TCS share price soars 4.5% on signs of demand revival, strong deal wins in Q3",DIRECTLY_RELEVANT,"TCS Q3/FY25 earnings, financial performance, client deals, order wins, hiring, leadership, or dividend."
20250110061500-943,20250110061500,yourstory.com,https://yourstory.com:443/enterprise-story/2025/01/tcs-posts-12-rise-in-net-profit-for-third-quarter,TCS posts 12% rise in net profit for third quarter of FY25,DIRECTLY_RELEVANT,"TCS Q3/FY25 earnings, financial performance, client deals, order wins, hiring, leadership, or dividend."
20250110061500-265,20250110061500,indiatimes.com,https://economictimes.indiatimes.com/markets/expert-view/sandip-sabharwal-expects-low-double-digit-returns-for-tcs-amid-mixed-sentiments/articleshow/117106740.cms,market strategy: Sandip Sabharwal expects low double-digit returns for TCS amid mixed sentiments,DIRECTLY_RELEVANT,"TCS Q3/FY25 earnings, financial performance, client deals, order wins, hiring, leadership, or dividend."
20250110061500-269,20250110061500,indiatimes.com,https://economictimes.indiatimes.com/markets/stocks/stock-watch/share-market-update-most-active-stocks-on-d-street-today-in-terms-of-volume/articleshow/117107009.cms,share market: Share market update: Most active stocks on D-Street today in terms of volume,NOT_RELEVANT,Unrelated acronym or foreign mention
20250110061500-913,20250110061500,indiatimes.com,https://economictimes.indiatimes.com/markets/stocks/stock-watch/share-market-update-most-active-stocks-of-the-day-in-terms-of-total-traded-value/articleshow/117107142.cms,active stocks: Share market update: Most active stocks of the day in terms of total traded value,NOT_RELEVANT,Unrelated acronym or foreign mention
20250110061500-649,20250110061500,indiatimes.com,https://economictimes.indiatimes.com/markets/stocks/stock-watch/stock-market-update-sugar-stocks-down-as-market-rises/articleshow/117107499.cms,Stock Market Sectors: Stock market update: Sugar stocks down as market rises,NOT_RELEVANT,Unrelated acronym or foreign mention
20250110063000-140,20250110063000,moneycontrol.com,https://www.moneycontrol.com/news/business/stocks/buy-tata-consultancy-services-target-of-rs-4810-prabhudas-lilladher-12907274.html,Buy Tata Consultancy Services; target of Rs 4810: Prabhudas Lilladher,DIRECTLY_RELEVANT,"TCS Q3/FY25 earnings, financial performance, client deals, order wins, hiring, leadership, or dividend."
20250110063000-812,20250110063000,theweek.in,https://www.theweek.in/news/biz-tech/2025/01/10/tcs-quarterly-profit-jumps-12-percent-shares-soar-on-tata-consultancy-services-earnings.html,"TCS quarterly profit jumps 12 per cent, shares soar on results",DIRECTLY_RELEVANT,"TCS Q3/FY25 earnings, financial performance, client deals, order wins, hiring, leadership, or dividend."
20250110063000-744,20250110063000,thehindu.com,https://www.thehindu.com/business/markets/markets-give-up-early-gains-trade-lower-on-foreign-fund-exodus/article69083629.ece,Markets give up early gains; trade lower on foreign fund exodus,NOT_RELEVANT,Unrelated acronym or foreign mention
20250110063000-T1751,20250110063000,samaylive.com,http://www.samaylive.com/business-news-in-hindi/522827/indian-stock-market-opens-flat-rally-seen-in-it-sector.html,"सपाट खुला भारतीय शेयर बाजार, मजबूत नतीजों के बाद टीसीएस का शेयर करीब 4 प्रतिशत चढ़ा",DIRECTLY_RELEVANT,"TCS Q3/FY25 earnings, financial performance, client deals, order wins, hiring, leadership, or dividend."
20250110064500-887,20250110064500,moneycontrol.com,https://www.moneycontrol.com/news/business/markets/sensex-jumps-800-pts-from-day-s-low-nifty-above-23-550-as-bulls-fight-back-tcs-up-5-5-12907246.html,"Sensex jumps 800 pts from day's low, Nifty above 23,550 as bulls fight back; TCS up 5.5%",DIRECTLY_RELEVANT,"TCS Q3/FY25 earnings, financial performance, client deals, order wins, hiring, leadership, or dividend."
20250110064500-831,20250110064500,news18.com,https://www.news18.com/business/markets/tcs-rises-4-on-strong-commentary-signs-of-demand-revival-should-you-buy-sell-or-hold-9183893.html,"TCS Rises 4% On Strong Commentary, Signs Of Demand Revival; Should You Buy, Sell Or Hold?",NOT_RELEVANT,Unrelated acronym or foreign mention
20250110070000-1029,20250110070000,moneycontrol.com,https://www.moneycontrol.com/news/business/stocks/buy-tata-consultancy-services-target-of-rs-5230-sharekhan-3-12907299.html,Buy Tata Consultancy Services; target of Rs 5230: Sharekhan,DIRECTLY_RELEVANT,"TCS Q3/FY25 earnings, financial performance, client deals, order wins, hiring, leadership, or dividend."
20250110070000-890,20250110070000,businesstoday.in,https://www.businesstoday.in/nri/visa/story/tcs-plans-to-reduce-dependence-on-us-h-1b-visas-hints-on-hiring-40000-trainees-in-2026-report-460284-2025-01-10,"TCS plans to reduce dependence on US H-1B visas: Hints on hiring 40,000 trainees in 2026- Report",DIRECTLY_RELEVANT,"TCS Q3/FY25 earnings, financial performance, client deals, order wins, hiring, leadership, or dividend."
20250110070000-664,20250110070000,businesstoday.in,https://www.businesstoday.in/markets/stocks/story/tcs-shares-jump-5-on-modest-q3-results-management-commentary-460253-2025-01-10,"TCS shares jump 5% on 'modest' Q3 results, management commentary",DIRECTLY_RELEVANT,"TCS Q3/FY25 earnings, financial performance, client deals, order wins, hiring, leadership, or dividend."
20250110070000-497,20250110070000,thehindubusinessline.com,https://www.thehindubusinessline.com/info-tech/tcs-profit-up-55-per-cent-at-12380-crore-in-q3/article69081378.ece,"TCS Q3 Results: Net profit up 5.5% at ₹12,380 cr - The Hindu BusinessLine",DIRECTLY_RELEVANT,"TCS Q3/FY25 earnings, financial performance, client deals, order wins, hiring, leadership, or dividend."
20250110070000-764,20250110070000,thehindubusinessline.com,https://www.thehindubusinessline.com/markets/stock-markets/tcs-shares-jump-over-4-in-early-trade-on-signs-of-demand-revival/article69083468.ece,TCS Shares: Jumps over 4% early signs on demand revival optimism,DIRECTLY_RELEVANT,"TCS Q3/FY25 earnings, financial performance, client deals, order wins, hiring, leadership, or dividend."
20250110071500-735,20250110071500,moneycontrol.com,https://www.moneycontrol.com/technology/tcs-sees-more-gen-ai-projects-move-into-production-in-q3-article-12907319.html,TCS sees more Gen AI projects move into production in Q3,DIRECTLY_RELEVANT,"TCS Q3/FY25 earnings, financial performance, client deals, order wins, hiring, leadership, or dividend."
20250110073000-144,20250110073000,indianexpress.com,https://indianexpress.com/article/business/markets-early-gains-trade-lower-foreign-fund-exodus-9771110/,Markets give up early gains; trade lower on foreign fund exodus,NOT_RELEVANT,Unrelated acronym or foreign mention
20250110073000-961,20250110073000,india.com,https://www.india.com/business/good-news-for-noel-tata-this-ratan-tatas-company-tcs-net-profit-jumps-to-rs-12380-crore-in-q3-results-announces-dividend-of-rs-76-7527922/,"Good news for Noel Tata, this Ratan Tata's company net profit jumps to Rs..., announces dividend of Rs…",NOT_RELEVANT,Unrelated acronym or foreign mention
20250110073000-1060,20250110073000,financialexpress.com,https://www.financialexpress.com/market/tcs-shares-jump-4-despite-muted-q3-here-are-4-reasons-why-brokerages-are-bullish-3711690/,TCS shares jump 4% despite muted Q3: Here are 4 reasons why brokerages are bullish,DIRECTLY_RELEVANT,"TCS Q3/FY25 earnings, financial performance, client deals, order wins, hiring, leadership, or dividend."
20250110073000-885,20250110073000,financialexpress.com,https://www.financialexpress.com/market/markets-give-up-early-gains-trade-lower-on-foreign-fund-exodusnbsp-3711717/,Markets give up early gains; trade lower on foreign fund exodus,NOT_RELEVANT,Unrelated acronym or foreign mention
20250110073000-T1486,20250110073000,dainiktribuneonline.com,https://www.dainiktribuneonline.com/news/business/stock-market-update-sensex-nifty-fall-after-initial-gains/,"Stock Market Update: सेंसेक्स, निफ्टी में शुरुआती बढ़त के बाद गिरावट",NOT_RELEVANT,Unrelated acronym or foreign mention
20250110074500-185,20250110074500,indiatimes.com,https://economictimes.indiatimes.com/markets/expert-view/more-confident-and-positive-about-2025-compared-to-2024-2026-will-be-even-better-tcs-ceo-k-krithivasan/articleshow/117110550.cms,TCS earnings | TCS share price: More confident and positive about 2025 compared to 2024; 2026 will be even better: TCS CEO K Krithivasan,DIRECTLY_RELEVANT,"TCS Q3/FY25 earnings, financial performance, client deals, order wins, hiring, leadership, or dividend."
20250110074500-762,20250110074500,indiatimes.com,https://economictimes.indiatimes.com/nri/work/tcs-says-not-expecting-any-major-disturbance-to-its-business-due-to-potential-changes-in-h-1b-rules/articleshow/117110087.cms,H-1B visa: TCS says not expecting any 'major disturbance' to its business due to potential changes in H-1B rules,DIRECTLY_RELEVANT,"Genuine TCS corporate event missed by matcher (France delivery centre, Visakhapatnam/Kochi campus, Oman expansion, BSNL 5G tender, H-1B commentary, WFO guidelines, iON platform)."
20250110074500-287,20250110074500,livemint.com,https://www.livemint.com/market/mark-to-market/tcs-q3fy25-earnings-it-companies-deal-wins-tcv-revenue-growth-outlook-bsnl-project-small-deals-it-spend-tcs-shares-bfsi-11736490249772.html,"TCS's outlook lends comfort, but a risk clouds FY26 revenue prospects",DIRECTLY_RELEVANT,"TCS Q3/FY25 earnings, financial performance, client deals, order wins, hiring, leadership, or dividend."
20250110074500-T2376,20250110074500,business-standard.com,https://hindi.business-standard.com/markets/share-market/tcs-share-stock-jumped-by-more-than-6-rupees-amid-weakness-in-the-market-brokerage-gave-buy-rating-after-q3-results-id-402189,"TCS Share: बाजार में कमजोरी के बीच स्टॉक 6% से ज्यादा उछला, Q3 नतीजों के बाद ब्रोकरेज ने दी BUY रेटिंग; चेक करें नए टारगेट्स - tcs share stock jumped by more than 6 rupees amid weakness in the market brokerage gave buy rating after q3 results",DIRECTLY_RELEVANT,"TCS Q3/FY25 earnings, financial performance, client deals, order wins, hiring, leadership, or dividend."
20250110091500-278,20250110091500,ibtimes.co.in,https://www.ibtimes.co.in/indian-stock-market-opens-flat-tcs-stock-nearly-4-after-strong-result-877812,"Indian stock market opens flat, TCS stock up nearly 4% after strong result",DIRECTLY_RELEVANT,"TCS Q3/FY25 earnings, financial performance, client deals, order wins, hiring, leadership, or dividend."
20250110094500-789,20250110094500,livemint.com,https://www.livemint.com/market/stock-market-news/high-return-stocks-2025-trent-zara-tata-consultancy-services-nestle-procter-and-gamble-interglobe-aviation-11736491167005.html,Top 5 high return stocks to watch out for in 2025,NOT_RELEVANT,Unrelated acronym or foreign mention
20250110094500-606,20250110094500,markets.com,https://www.markets.com/education-centre/stocks-to-watch-tcs-ireda-tata-elxsi-swiggy-zomato-sail/,"Stocks to Watch: TCS, IREDA, Tata Elxsi, Swiggy, Zomato, SAIL",DIRECTLY_RELEVANT,"TCS Q3/FY25 earnings, financial performance, client deals, order wins, hiring, leadership, or dividend."
20250110100000-124,20250110100000,moneycontrol.com,https://www.moneycontrol.com/news/business/stocks/buy-tcs-target-of-rs-5000-motilal-oswal-12907515.html,Buy TCS; target of Rs 5000: Motilal Oswal,DIRECTLY_RELEVANT,"TCS Q3/FY25 earnings, financial performance, client deals, order wins, hiring, leadership, or dividend."
20250110103000-T1875,20250110103000,bhaskar.com,https://www.bhaskar.com/business/news/tcs-shares-rise-6-after-third-quarter-results-134269290.html,"TCS shares rise 6% after third-quarter results | तिमाही नतीजों के बाद TCS का शेयर 6% चढ़ा: ₹4,278 पर कारोबार कर रहा, कंपनी को तीसरी तिमाही में ₹12,380 करोड़ का मुनाफा",DIRECTLY_RELEVANT,"TCS Q3/FY25 earnings, financial performance, client deals, order wins, hiring, leadership, or dividend."
20250110103000-1084,20250110103000,indiatimes.com,https://telecom.economictimes.indiatimes.com/news/enterprise-services/tcs-reports-employee-headcount-drop-by-5370-in-q3/117107621,"TCS Q3 FY25 Results: TCS reports employee headcount drop by 5,370 in Q3, ET Telecom",DIRECTLY_RELEVANT,"TCS Q3/FY25 earnings, financial performance, client deals, order wins, hiring, leadership, or dividend."
20250110110000-T1172,20250110110000,moneycontrol.com,https://hindi.moneycontrol.com/news/markets/share-market-today-rs-5-7-lakh-crore-gone-sensex-downs-241-points-nifty-below-23500-mid-smallcaps-crash-over-2-percent-1949867.html,"शेयर बाजार में ₹5.7 लाख करोड़ स्वाहा! लगातार तीसरे दिन गिरावट, 2% तक क्रैश हुए मिडकैप और स्मॉलकैप इंडेक्स",NOT_RELEVANT,Unrelated acronym or foreign mention
20250110110000-T1186,20250110110000,moneycontrol.com,https://hindi.moneycontrol.com/news/markets/it-stocks-including-tcs-ltimindtree-wipro-surged-upto-6-percent-today-nifty-it-indes-jumps-4-percent-here-is-reasons-1949832.html,"IT Stocks: आईटी शेयरों ने पकड़ी रफ्तार, TCS, Wipro, LTIMindtree के शेयर 6% तक उछले, जानें कार",DIRECTLY_RELEVANT,"TCS Q3/FY25 earnings, financial performance, client deals, order wins, hiring, leadership, or dividend."
20250110110000-508,20250110110000,moneycontrol.com,https://www.moneycontrol.com/news/business/markets/taking-stock-nifty-below-23-450-sensex-down-241-pts-it-stocks-rally-post-tcs-q3-results-12907469.html,"Taking Stock: Nifty below 23,450, Sensex down 241 pts; IT stocks rally post-TCS Q3 results",DIRECTLY_RELEVANT,"TCS Q3/FY25 earnings, financial performance, client deals, order wins, hiring, leadership, or dividend."
20250110111500-28,20250110111500,orissapost.com,https://www.orissapost.com/sensex-nifty-extend-losses-into-3rd-session-on-surging-crude-prices-fii-outflows/,"Sensex, Nifty extend losses into 3rd session on surging crude prices, FII outflows",NOT_RELEVANT,Unrelated acronym or foreign mention
20250110111500-8,20250110111500,newkerala.com,https://www.newkerala.com/news/o/indian-stock-indices-slump-third-day-sector-only-outlier-151,Indian Stocks Slump: IT Sector Shines Amid Market Downturn,NOT_RELEVANT,Unrelated acronym or foreign mention
20250110111500-988,20250110111500,aninews.in,https://aninews.in/news/business/indian-stock-indices-slump-third-day-with-it-sector-being-only-outlier20250110155334/,Indian stock indices slump third day with IT sector being only outlier,NOT_RELEVANT,Unrelated acronym or foreign mention
20250110111500-256,20250110111500,webindia123.com,https://news.webindia123.com/news/Articles/Business/20250110/4275097.html,Indian stock indices slump third day with IT sector being only outlier,NOT_RELEVANT,Unrelated acronym or foreign mention
20250110111500-T611,20250110111500,indiatimes.com,https://navbharattimes.indiatimes.com/business/share-market/share-news/tcs-shares-soar-6-percent-with-signs-of-demand-revival-and-strong-deal/articleshow/117117764.cms,"TCS Share Price,हर शेयर पर 225 रुपये से ज्यादा का फायदा, 6% उछली टाटा के इस शेयर की कीमत - tcs shares soar 6 percent with signs of demand revival and strong deal",DIRECTLY_RELEVANT,"TCS Q3/FY25 earnings, financial performance, client deals, order wins, hiring, leadership, or dividend."
20250110113000-134,20250110113000,investegate.co.uk,https://www.investegate.co.uk:443/announcement/rns/jpmorgan-emerging-markets-inv-trust--jmg/ten-largest-investments-/8658616,Ten Largest Investments | Company Announcement,NOT_RELEVANT,Unrelated acronym or foreign mention
20250110113000-756,20250110113000,indiatimes.com,https://economictimes.indiatimes.com/markets/stocks/stock-watch/stock-market-update-mining-stocks-down-as-market-falls/articleshow/117119256.cms,Stock Market Sectors: Stock market update: Mining stocks down as market falls,NOT_RELEVANT,Unrelated acronym or foreign mention
20250110113000-826,20250110113000,invezz.com,https://invezz.com/news/2025/01/10/accenture-stock-price-has-catalysts-after-the-robust-tcs-earnings/,Accenture stock price has catalysts after the robust TCS earnings,DIRECTLY_RELEVANT,"TCS Q3/FY25 earnings, financial performance, client deals, order wins, hiring, leadership, or dividend."
20250110113000-1220,20250110113000,indiatimes.com,https://economictimes.indiatimes.com/markets/stocks/news/gainers-amp-losers-tcs-adani-wilmar-among-10-stocks-in-limelight-on-friday/slideshow/117118424.cms,"Gainers & Losers: TCS, Adani Wilmar among 10 stocks in limelight on Friday",DIRECTLY_RELEVANT,"TCS Q3/FY25 earnings, financial performance, client deals, order wins, hiring, leadership, or dividend."
20250110113000-T606,20250110113000,techz.vn,https://www.techz.vn/192-125-2-ong-hoang-xe-ga-moi-chinh-thuc-ra-mat-manh-hon-honda-sh-160i-co-abs-va-tcs-gia-726-trieu-dong-ylt639333.html,"'Ông hoàng xe ga' mới chính thức ra mắt: Mạnh hơn Honda SH 160i, có ABS và TCS, giá 72,6 triệu đồng",NOT_RELEVANT,Unrelated acronym or foreign mention
20250110114500-1270,20250110114500,indiatimes.com,https://economictimes.indiatimes.com/markets/stocks/stock-watch/share-market-update-most-active-stocks-of-the-day-in-terms-of-traded-value/articleshow/117119543.cms,active stocks: Share market update: Most active stocks of the day in terms of traded value,NOT_RELEVANT,Unrelated acronym or foreign mention
20250110114500-178,20250110114500,indiatimes.com,https://economictimes.indiatimes.com/markets/stocks/stock-watch/stock-market-update-fertilisers-stocks-down-as-market-falls/articleshow/117119702.cms,Stock Market Sectors: Stock market update: Fertilisers stocks down as market falls,NOT_RELEVANT,Unrelated acronym or foreign mention
20250110114500-460,20250110114500,indiatimes.com,https://economictimes.indiatimes.com/markets/stocks/stock-watch/stock-market-update-power-stocks-down-as-market-falls/articleshow/117119427.cms,Stock Market Sectors: Stock market update: Power stocks down as market falls,NOT_RELEVANT,Unrelated acronym or foreign mention
20250110114500-1009,20250110114500,moneycontrol.com,https://www.moneycontrol.com/news/business/ipo/business-in-the-week-ahead-january-13-17-2025-12907647.html,"Business in the Week Ahead: January 13-17, 2025",NOT_RELEVANT,Unrelated acronym or foreign mention
20250110114500-1210,20250110114500,menafn.com,https://menafn.com/1109076116/Indian-Stock-Market-Ends-Lower-IT-Sector-Shines,"Indian Stock Market Ends Lower, IT Sector Shines",NOT_RELEVANT,Unrelated acronym or foreign mention
20250110114500-T2484,20250110114500,khaskhabar.com,https://www.khaskhabar.com/news/india-news/news-indian-stock-market-closed-in-red-it-sector-saw-growth-news-hindi-1-695761-KKN.html,"Indian stock market closed in red, IT sector saw growth",NOT_RELEVANT,Unrelated acronym or foreign mention
20250110120000-164,20250110120000,indiatimes.com,https://timesofindia.indiatimes.com/technology/appliances/tcs-hr-head-milind-lakkad-gives-update-on-campus-hiring-going-according-to-plan-and-/articleshow/117119440.cms,TCS HR head Milind Lakkad gives update on campus hiring: 'Going according to plan and ...',DIRECTLY_RELEVANT,"TCS Q3/FY25 earnings, financial performance, client deals, order wins, hiring, leadership, or dividend."
20250110121500-1175,20250110121500,indiatimes.com,https://economictimes.indiatimes.com/markets/stocks/stock-watch/stock-market-update-sugar-stocks-down-as-market-falls/articleshow/117120662.cms,Stock Market Sectors: Stock market update: Sugar stocks down as market falls,NOT_RELEVANT,Unrelated acronym or foreign mention
20250110121500-865,20250110121500,indiatimes.com,https://timesofindia.indiatimes.com/business/india-business/tcs-shares-surge-6-after-reporting-11-95-profit-increase-in-december-quarter/articleshow/117119833.cms,TCS shares surge 6% after reporting 11.95% profit increase in December quarter,DIRECTLY_RELEVANT,"TCS Q3/FY25 earnings, financial performance, client deals, order wins, hiring, leadership, or dividend."
20250110121500-1108,20250110121500,rttnews.com,https://www.rttnews.com/3502055/sensex-nifty-extend-losses-for-third-day-it-stocks-climb-after-tcs-results.aspx,"Sensex, Nifty Extend Losses For Third Day; IT Stocks Climb After TCS Results",DIRECTLY_RELEVANT,"TCS Q3/FY25 earnings, financial performance, client deals, order wins, hiring, leadership, or dividend."
20250110123000-1329,20250110123000,dailypioneer.com,https://www.dailypioneer.com/2025/trending-news/tcs-shares-jump-nearly-5-pc-post-december-quarter-earnings.html,TCS shares jump nearly 5 pc post-December quarter earnings,DIRECTLY_RELEVANT,"TCS Q3/FY25 earnings, financial performance, client deals, order wins, hiring, leadership, or dividend."
20250110123000-1574,20250110123000,prokerala.com,https://www.prokerala.com/news/articles/a1597540.html,"Indian stock market ends lower, IT sector shines",NOT_RELEVANT,Unrelated acronym or foreign mention
20250110124500-537,20250110124500,rttnews.com,https://www.rttnews.com/story.aspx?Id=3502055,"Sensex, Nifty Extend Losses For Third Day; IT Stocks Climb After TCS Results",DIRECTLY_RELEVANT,"TCS Q3/FY25 earnings, financial performance, client deals, order wins, hiring, leadership, or dividend."
20250110124500-1490,20250110124500,dailyexcelsior.com,https://www.dailyexcelsior.com/sensex-nifty-extend-losses-into-3rd-session-on-surging-crude-prices-fii-outflows/,"Sensex, Nifty extend losses into 3rd session on surging crude prices, FII outflows",NOT_RELEVANT,Unrelated acronym or foreign mention
20250110124500-225,20250110124500,thehindu.com,https://www.thehindu.com/business/markets/sensex-nifty-extend-losses-into-3rd-session-on-surging-crude-prices-fii-outflows/article69084710.ece,"Sensex, Nifty extend losses into 3rd session on surging crude prices, FII outflows",NOT_RELEVANT,Unrelated acronym or foreign mention
20250110130000-1169,20250110130000,thestatesman.com,https://www.thestatesman.com/business/tcs-posts-12-pc-rise-in-q3-net-profit-declares-special-dividend-of-rs-66-a-share-1503384814.html,"TCS posts 12 pc rise in Q3 net profit, declares special dividend of Rs 66 a share",DIRECTLY_RELEVANT,"TCS Q3/FY25 earnings, financial performance, client deals, order wins, hiring, leadership, or dividend."
20250110130000-374,20250110130000,thehindubusinessline.com,https://www.thehindubusinessline.com/markets/stock-markets/tcs-q3-results-tcs-shares-gain-6-post-q3-results-brokerages-bullish/article69084377.ece,"TCS Q3 Results: Shares gain 6%, optimistic stance of brokerages",DIRECTLY_RELEVANT,"TCS Q3/FY25 earnings, financial performance, client deals, order wins, hiring, leadership, or dividend."
20250110130000-467,20250110130000,firstpost.com,https://www.firstpost.com/explainers/why-indian-stock-market-fallen-third-day-13851633.html,Why has India stock market plunged for third day in a row? – Firstpost,NOT_RELEVANT,Unrelated acronym or foreign mention
20250110133000-1340,20250110133000,latestly.com,https://www.latestly.com/agency-news/business-news-indian-stock-indices-slump-third-day-with-it-sector-being-only-outlier-6554778.html,Business News | Indian Stock Indices Slump Third Day with IT Sector Being Only Outlier,NOT_RELEVANT,Unrelated acronym or foreign mention
20250110140000-169,20250110140000,indiatimes.com,https://economictimes.indiatimes.com/tech/newsletters/tech-top-5/sc-stays-gst-on-online-gaming-lt-chairman-sparks-work-life-balance-debate/articleshow/117122884.cms,SC stays GST on online gaming; L&T chairman sparks work-life balance debate,NOT_RELEVANT,Unrelated acronym or foreign mention
20250110141500-T1364,20250110141500,bhaskar.com,https://divyamarathi.bhaskar.com/business/news/tcs-shares-rise-6-after-third-quarter-results-134269398.html,"TCS Shares Rise 6% After Third quarter Results | तिमाही निकालानंतर TCS चे शेअर्स 6% वाढले: ₹4,278 वर व्यवहार करताहेत, कंपनीने तिसऱ्या तिमाहीत ₹ 12,380 कोटींचा नफा कमावला",DIRECTLY_RELEVANT,"TCS Q3/FY25 earnings, financial performance, client deals, order wins, hiring, leadership, or dividend."
20250110143000-T2473,20250110143000,palpalindia.com,https://www.palpalindia.com/2025/01/10/karobar-Business-Stock-Market-Sensex-241-points-Nifty-BSE-Smallcap.html,शेयर मार्केट: सेंसेक्स 241 अंक तो निफ्टी भी 95 अंक गिरा,NOT_RELEVANT,Unrelated acronym or foreign mention
20250110144500-180,20250110144500,oklahomacitysun.com,https://www.oklahomacitysun.com/news/274928777/indian-stock-indices-slump-third-day-with-it-sector-being-only-outlier,Indian stock indices slump third day with IT sector being only outlier,NOT_RELEVANT,Unrelated acronym or foreign mention
20250110144500-1513,20250110144500,businessinsider.com,https://markets.businessinsider.com/news/stocks/sensex-nifty-extend-losses-for-third-day-it-stocks-climb-after-tcs-results-1034213155,"Sensex, Nifty Extend Losses For Third Day; IT Stocks Climb After TCS Results",DIRECTLY_RELEVANT,"TCS Q3/FY25 earnings, financial performance, client deals, order wins, hiring, leadership, or dividend."
20250110144500-538,20250110144500,indiainfoline.com,https://www.indiainfoline.com/news/companies/tcs-acquires-two-subsidiaries-for-1625-crore,"TCS acquires two subsidiaries for ₹1,625 Crore",DIRECTLY_RELEVANT,"TCS Q3/FY25 earnings, financial performance, client deals, order wins, hiring, leadership, or dividend."
20250110144500-215,20250110144500,indiainfoline.com,https://www.indiainfoline.com/news/companies/tcs-declares-second-highest-dividend-for-fy25,TCS declares second-highest dividend for FY25,DIRECTLY_RELEVANT,"TCS Q3/FY25 earnings, financial performance, client deals, order wins, hiring, leadership, or dividend."
20250110150000-T412,20250110150000,khaskhabar.com,https://www.business.khaskhabar.com/business-news/indian-stock-market-closed-in-red-it-sector-saw-growth-695796-BKN.html,"भारतीय शेयर बाजार लाल निशान में बंद, आईटी सेक्टर में दिखी तेजी",NOT_RELEVANT,Unrelated acronym or foreign mention
20250110153000-1174,20250110153000,india.com,https://zeenews.india.com/economy/sensex-nifty-extend-losses-into-3rd-session-on-surging-crude-prices-fii-outflows-2842118.html,"Sensex, Nifty Extend Losses Into 3rd Session On Surging Crude Prices, FII Outflows",NOT_RELEVANT,Unrelated acronym or foreign mention
20250110160000-T508,20250110160000,loktej.com,https://www.loktej.com/article/119935/stock-market-fell-for-the-third-consecutive-day--sensex-slipped-241-points,"शेयर बाजार लगातार तीसरे दिन गिरा, सेंसेक्स 241 अंक फिसला",NOT_RELEVANT,Unrelated acronym or foreign mention
20250110164500-1622,20250110164500,newzealandstar.com,https://www.newzealandstar.com/news/274928777/indian-stock-indices-slump-third-day-with-it-sector-being-only-outlier,Indian stock indices slump third day with IT sector being only outlier,NOT_RELEVANT,Unrelated acronym or foreign mention
20250110171500-858,20250110171500,thestatesman.com,https://www.thestatesman.com/business/market-ends-lower-amid-volatility-nifty-below-23350-1503385148.html,"Market ends lower amid volatility, Nifty below 23,350",NOT_RELEVANT,Unrelated acronym or foreign mention
20250110181500-1115,20250110181500,nigeriasun.com,https://www.nigeriasun.com/news/274928777/indian-stock-indices-slump-third-day-with-it-sector-being-only-outlier,Indian stock indices slump third day with IT sector being only outlier,NOT_RELEVANT,Unrelated acronym or foreign mention
20250110220000-1339,20250110220000,financialexpress.com,https://www.financialexpress.com/market/tcss-optimistic-outlook-spurs-market-confidence-3712245/,TCS's optimistic outlook spurs market confidence - Market News,DIRECTLY_RELEVANT,"TCS Q3/FY25 earnings, financial performance, client deals, order wins, hiring, leadership, or dividend."
20250110220000-1170,20250110220000,theindianawaaz.com,https://theindianawaaz.com/tcs-building-one-of-the-worlds-largest-ai-ready-workforces/,TCS building one of the world's largest AI-ready workforces,DIRECTLY_RELEVANT,"TCS Q3/FY25 earnings, financial performance, client deals, order wins, hiring, leadership, or dividend."
20250110221500-1464,20250110221500,indianewengland.com,https://indianewengland.com/indian-stock-market-ends-lower-it-sector-shines/,"Indian stock market ends lower, IT sector shines - INDIA New England News",NOT_RELEVANT,Unrelated acronym or foreign mention
20250111013000-1399,20250111013000,eturbonews.com,https://eturbonews.com/emirates-spreads-its-wings-india/,Emirates spreads its wings in India,NOT_RELEVANT,Unrelated acronym or foreign mention
20250111030000-T437,20250111030000,divyabhaskar.co.in,https://www.divyabhaskar.co.in/business/news/tcs-shares-rise-6-after-quarterly-results-134270394.html,"TCS shares rise 6% after quarterly results | ત્રિમાસિક પરિણામો પછી TCSનો શેર 6% વધ્યો: ₹4,265 પર બંધ, કંપનીએ ત્રીજા ક્વાર્ટરમાં ₹12,380 કરોડનો નફો કર્યો",DIRECTLY_RELEVANT,"TCS Q3/FY25 earnings, financial performance, client deals, order wins, hiring, leadership, or dividend."
20250111031500-544,20250111031500,indiatimes.com,https://economictimes.indiatimes.com/markets/stocks/news/positive-tcs-outlook-triggers-rally-in-large-cap-it-stocks/articleshow/117135461.cms,Tata Consultancy Services: Positive TCS outlook triggers rally in large-cap IT stocks,DIRECTLY_RELEVANT,"TCS Q3/FY25 earnings, financial performance, client deals, order wins, hiring, leadership, or dividend."
20250111033000-T902,20250111033000,tarunbharat.com,https://www.tarunbharat.com/tcs-profits-up-by-rs-12380-crore/,"TCS profits up by Rs 12,380 crore",DIRECTLY_RELEVANT,"TCS Q3/FY25 earnings, financial performance, client deals, order wins, hiring, leadership, or dividend."
20250111043000-T5,20250111043000,loksatta.com,https://www.loksatta.com/business/market/third-consecutive-losing-session-for-sensex-nifty-print-eco-news-amy-95-4818827/,Third consecutive losing session for Sensex Nifty | 'आयटी' वगळता सारेच घसरणीला! सेन्सेक्स-निफ्टीसाठी सलग तिसरे नुकसानीचे सत्र,NOT_RELEVANT,Unrelated acronym or foreign mention
20250111074500-240,20250111074500,indiatimes.com,https://economictimes.indiatimes.com/markets/stocks/news/tcs-among-10-stocks-with-record-dates-for-dividends-bonuses-splits-rights-issue-next-week-do-you-own-any/articleshow/117141575.cms,"TCS among 10 stocks with record dates for dividends, bonuses, splits, rights issue next week. Do you own any?",DIRECTLY_RELEVANT,"TCS Q3/FY25 earnings, financial performance, client deals, order wins, hiring, leadership, or dividend."
20250111094500-367,20250111094500,ibtimes.co.in,https://www.ibtimes.co.in/stock-market-closure-weeks-trading-ends-far-lower-despite-it-sector-shining-877858,Stock Market Closure: Week's trading ends far lower despite IT sector shining,NOT_RELEVANT,Unrelated acronym or foreign mention
20250111094500-275,20250111094500,thebrunswicknews.com,https://thebrunswicknews.com/news/business/mihir-sharma-h-1b-backlash-shows-indians-they-re-not-so-special-anymore/article_b8cc812d-58b6-5794-875e-33c0df2a1ceb.html,Mihir Sharma: H-1B backlash shows Indians they're not so special anymore | Business,NOT_RELEVANT,Unrelated acronym or foreign mention
20250111120000-T1494,20250111120000,soaktuell.ch,https://www.soaktuell.ch/post/tcs-camping-sempach-gehoert-zu-den-hundert-besten-campingplaetzen-europas,TCS Camping Sempach gehört zu den hundert besten Campingplätzen Europas,NOT_RELEVANT,Unrelated acronym or foreign mention
20250111151500-382,20250111151500,indiaeducationdiary.in,https://indiaeducationdiary.in/second-csr-conclave-at-iit-bhubaneswar-delves-into-technology-innovation-and-circular-economy-for-sustainable-development/,"Second CSR Conclave at IIT Bhubaneswar delves into Technology, Innovation, and Circular Economy for Sustainable Development",NOT_RELEVANT,Unrelated acronym or foreign mention
20250111160000-68,20250111160000,orissadiary.com,https://orissadiary.com/second-csr-conclave-at-iit-bhubaneswar-delves-into-technology-innovation-and-circular-economy-for-sustainable-development/,"Second CSR Conclave at IIT Bhubaneswar delves into Technology, Innovation, and Circular Economy for Sustainable Development",NOT_RELEVANT,Unrelated acronym or foreign mention
20250111200000-717,20250111200000,dailypioneer.com,https://www.dailypioneer.com/2025/sunday-edition/the-shah-of-the-corporate-universe.html,The Shah of the corporate universe,NOT_RELEVANT,Unrelated acronym or foreign mention
20250112001500-257,20250112001500,tmcnet.com,https://www.tmcnet.com/usubmit/2025/01/11/10129815.htm,"Digital Transformation Market in Oil & Gas to Grow by USD 56.4 Billion from 2025-2029, Driven by Investments, Partnerships, and AI-Powered Market Evolution",NOT_RELEVANT,Unrelated acronym or foreign mention
20250112020000-171,20250112020000,menafn.com,https://menafn.com/1109079778/Digital-Transformation-Market-In-Oil-Gas-To-Grow-By-USD-564-Billion-From-2025-2029-Driven-By-Investments-Partnerships-And-AI-Powered-Market-Evolution-Technavio,"Digital Transformation Market In Oil & Gas To Grow By USD 56.4 Billion From 2025-2029, Driven By Investments, Partnerships, And AI-Powered Market Evol...",NOT_RELEVANT,Unrelated acronym or foreign mention
20250112020000-253,20250112020000,prnewswire.com,https://www.prnewswire.com/news-releases/digital-transformation-market-in-oil--gas-to-grow-by-usd-56-4-billion-from-2025-2029--driven-by-investments-partnerships-and-ai-powered-market-evolution---technavio-302347876.html,"Digital Transformation Market in Oil & Gas to Grow by USD 56.4 Billion from 2025-2029, Driven by Investments, Partnerships, and AI-Powered Market Evolution",NOT_RELEVANT,Unrelated acronym or foreign mention
20250112034500-168,20250112034500,itnewsonline.com,https://www.itnewsonline.com/PRNewswire/Digital-Transformation-Market-in-Oil--Gas-to-Grow-by-USD-56.4-Billion-from-2025-2029-Driven-by-Investments-Partnerships-and-AI-Powered-Market-Evolution---Technavio/1032298,"Digital Transformation Market in Oil & Gas to Grow by USD 56.4 Billion from 2025-2029, Driven by Investments, Partnerships, and AI-Powered Market Evolution",NOT_RELEVANT,Unrelated acronym or foreign mention
20250112050000-211,20250112050000,businesstoday.in,https://www.businesstoday.in/markets/stocks/story/dividend-bonus-stocks-splits-tcs-kitex-jai-balaji-lead-next-weeks-market-moves-460467-2025-01-12,"Dividend, bonus stocks, splits: TCS, Kitex, Jai Balaji lead next week's market moves",DIRECTLY_RELEVANT,"TCS Q3/FY25 earnings, financial performance, client deals, order wins, hiring, leadership, or dividend."
20250112060000-30,20250112060000,hindustantimes.com,https://www.hindustantimes.com/business/mcap-of-five-of-most-valued-firms-tumbles-rs-1-85-lakh-crore-hdfc-bank-hit-hard-101736658621614.html,Mcap of five of most-valued firms tumbles ₹1.85 lakh crore; HDFC Bank hit hard,NOT_RELEVANT,Unrelated acronym or foreign mention
20250112060000-195,20250112060000,indiatimes.com,https://economictimes.indiatimes.com/markets/stocks/news/mcap-of-five-of-top-10-most-valued-firms-tumbles-rs-1-85-lakh-cr-hdfc-bank-hit-hard/articleshow/117166567.cms,Mcap of five of top-10 most-valued firms tumbles Rs 1.85 lakh cr; HDFC Bank hit hard,NOT_RELEVANT,Unrelated acronym or foreign mention
20250112063000-T642,20250112063000,moneycontrol.com,https://hindi.moneycontrol.com/news/markets/combined-market-valuation-of-five-of-the-top-10-most-valued-firms-tumbled-rs-1-85-lakh-crore-last-week-hdfc-bank-taking-the-biggest-hit-1950137.html,"Market Valuation of Top Companies: टॉप 10 कंपनियों में से 5 का m-cap ₹1.85 लाख करोड़ घटा, HDFC Bank को सबसे ज्यादा नुकसान",NOT_RELEVANT,Unrelated acronym or foreign mention
20250112064500-397,20250112064500,dailyexcelsior.com,https://www.dailyexcelsior.com/mcap-of-five-of-top-10-most-valued-firms-tumbles-rs-1-85-lakh-cr-hdfc-bank-hit-hard/,Mcap of five of top-10 most-valued firms tumbles Rs 1.85 lakh cr; HDFC Bank hit hard,NOT_RELEVANT,Unrelated acronym or foreign mention
20250112073000-T679,20250112073000,zonebourse.com,https://www.zonebourse.com/cours/action/WALMART-INC-4841/actualite/L-entreprise-indienne-TCS-s-attend-a-une-relance-du-commerce-de-detail-et-de-l-industrie-manufactu-48738564/,L'entreprise indienne TCS s'attend à une relance du commerce de détail et de l'industrie manufacturière après la reprise du secteur bancaire,NOT_RELEVANT,Unrelated acronym or foreign mention
20250112073000-271,20250112073000,thestatesman.com,https://www.thestatesman.com/business/market-valuation-of-5-of-top-10-most-valued-firms-tumble-over-rs-1-85-trillion-1503385607.html,Market valuation of 5 of top 10 most-valued firms tumble over Rs 1.85 trillion,NOT_RELEVANT,Unrelated acronym or foreign mention
20250112074500-162,20250112074500,channelnewsasia.com,https://www.channelnewsasia.com/business/indias-tcs-expects-retail-manufacturing-revival-after-banking-recovery-4852641,"India's TCS expects retail, manufacturing revival after banking recovery",DIRECTLY_RELEVANT,"TCS Q3/FY25 earnings, financial performance, client deals, order wins, hiring, leadership, or dividend."
20250112080000-41,20250112080000,indiatimes.com,https://economictimes.indiatimes.com/tech/information-tech/tcs-expects-retail-manufacturing-revival-after-banking-recovery/articleshow/117168690.cms,"TCS expects retail, manufacturing revival after banking recovery",DIRECTLY_RELEVANT,"TCS Q3/FY25 earnings, financial performance, client deals, order wins, hiring, leadership, or dividend."
20250112081500-221,20250112081500,tribuneindia.com,https://www.tribuneindia.com/news/business/mcap-of-five-of-top-10-most-valued-firms-tumbles-rs-1-85-lakh-crore-hdfc-bank-hit-hard/,Mcap of five of top-10 most-valued firms tumbles Rs 1.85 lakh crore; HDFC Bank hit hard,NOT_RELEVANT,Unrelated acronym or foreign mention
20250112090000-95,20250112090000,thestar.com.my,https://www.thestar.com.my/tech/tech-news/2025/01/12/india039s-tcs-expects-retail-manufacturing-revival-after-banking-recovery,"India's TCS expects retail, manufacturing revival after banking recovery",DIRECTLY_RELEVANT,"TCS Q3/FY25 earnings, financial performance, client deals, order wins, hiring, leadership, or dividend."
20250112091500-215,20250112091500,orissapost.com,https://www.orissapost.com/mcap-of-five-of-top-10-most-valued-firms-tumbles-rs-1-85-lakh-cr-hdfc-bank-hit-hard/,Mcap of five of top-10 most-valued firms tumbles Rs 1.85 lakh cr; HDFC Bank hit hard,NOT_RELEVANT,Unrelated acronym or foreign mention
20250112093000-69,20250112093000,marketscreener.com,https://www.marketscreener.com/quote/stock/WALMART-INC-4841/news/India-s-TCS-expects-retail-manufacturing-revival-after-banking-recovery-48738564/,"India's TCS expects retail, manufacturing revival after banking recovery",DIRECTLY_RELEVANT,"TCS Q3/FY25 earnings, financial performance, client deals, order wins, hiring, leadership, or dividend."
20250112100000-212,20250112100000,financialexpress.com,https://www.financialexpress.com/market/mcap-of-five-of-top-10-firms-decline-nearly-by-rs-1-85-lakh-crore-this-week-hdfc-bank-sees-significant-erosion-3712957/,Market cap of five of top 10 firms decline nearly by Rs 1.85 lakh crore this week; HDFC bank sees significant erosion - Market News,NOT_RELEVANT,Unrelated acronym or foreign mention
20250112104500-348,20250112104500,indiatimes.com,https://economictimes.indiatimes.com/industry/telecom/telecom-news/tcs-expects-margin-benefits-as-bsnl-deal-tapers-to-create-25k-seat-capacity-in-bengaluru-cfo/articleshow/117172138.cms,TCS expects margin benefits as BSNL deal tapers; to create 25K-seat capacity in Bengaluru: CFO,DIRECTLY_RELEVANT,"TCS Q3/FY25 earnings, financial performance, client deals, order wins, hiring, leadership, or dividend."
20250112111500-T1670,20250112111500,bhaskar.com,https://www.bhaskar.com/business/news/hdfc-market-value-itc-sbi-icici-bank-market-cap-2025-update-134280839.html,"HDFC Market Value; ITC TCS HCL Technologies market capitalization 2025 Update | टॉप-10 कंपनियों में 5 की वैल्यू ₹1.86 लाख करोड़ गिरी: HDFC का मार्केट कैप ₹70,479 करोड़ कम हुआ, बीते हफ्ते 1845 अंक गिरा शेयर बाजार",DIRECTLY_RELEVANT,"TCS Q3/FY25 earnings, financial performance, client deals, order wins, hiring, leadership, or dividend."
20250112113000-117,20250112113000,todayheadline.co,https://todayheadline.co/indias-tcs-expects-retail-manufacturing-revival-after-banking-recovery-by-reuters-todayheadline/,"India's TCS expects retail, manufacturing revival after banking recovery By Reuters todayheadline",DIRECTLY_RELEVANT,"TCS Q3/FY25 earnings, financial performance, client deals, order wins, hiring, leadership, or dividend."
20250112114500-T2541,20250112114500,dailykesari.com,https://www.dailykesari.com/News/21308/%E0%A4%9A%E0%A5%80%E0%A4%A8%E0%A4%9A%E0%A5%80-%E0%A4%AD%E0%A4%BE%E0%A4%B0%E0%A4%A4%E0%A4%BE%E0%A4%A4-%E0%A4%AE%E0%A5%8B%E0%A4%A0%E0%A5%80-%E0%A4%97%E0%A5%81%E0%A4%82%E0%A4%A4%E0%A4%B5%E0%A4%A3%E0%A5%82%E0%A4%95-,News - Daily Kesari,NOT_RELEVANT,Unrelated acronym or foreign mention
20250112120000-437,20250112120000,morningexpress.in,https://morningexpress.in/market-cap-market-cap-of-these-5-companies-including-hdfc-bank-reliance-industries-decreased-by-1-85-lakh-crore-who-benefited/,"Market Cap: Market cap of these 5 companies including HDFC Bank, Reliance Industries decreased by 1.85 lakh crore, who benefited?",NOT_RELEVANT,Unrelated acronym or foreign mention
20250112123000-46,20250112123000,theweek.in,https://www.theweek.in/wire-updates/business/2025/01/12/dcm18-biz-tcs-bsnl.html,TCS expects margin benefits as BSNL deal tapers to create 25K-seat capacity in Bengaluru CFO,DIRECTLY_RELEVANT,"TCS Q3/FY25 earnings, financial performance, client deals, order wins, hiring, leadership, or dividend."
20250112124500-T666,20250112124500,livehindustan.com,https://www.livehindustan.com/business/market-cap-of-five-of-top-10-most-valued-firms-tumbles-1-lakh-85k-crore-hdfc-bank-hit-hard-stock-market-crash-201736679780262.html,"Market cap of five of top 10 most valued firms tumbles 1 lakh 85k crore hdfc bank hit hard stock market crash शेयर बाजार से झटका, सिर्फ 5 कंपनियों ने कराया ₹1.85 लाख करोड़ का नुकसान, Business Hindi News",NOT_RELEVANT,Unrelated acronym or foreign mention
20250112131500-412,20250112131500,gdnonline.com,https://www.gdnonline.com:443/Details/1341784,"Tech Talk: India's TCS expects retail, manufacturing revival after banking recovery",DIRECTLY_RELEVANT,"TCS Q3/FY25 earnings, financial performance, client deals, order wins, hiring, leadership, or dividend."
20250112133000-609,20250112133000,rediff.com,https://www.rediff.com/business/report/brokerages-upbeat-on-tcs-after-q3-miss/20250112.htm,Brokerages upbeat on TCS after Q3 miss,DIRECTLY_RELEVANT,"TCS Q3/FY25 earnings, financial performance, client deals, order wins, hiring, leadership, or dividend."
20250112140000-T2186,20250112140000,bhaskar.com,https://divyamarathi.bhaskar.com/business/news/hdfc-market-value-itc-tcs-hcl-technologies-market-capitalization-2025-update-134280911.html,"HDFC Market Value; ITC TCS HCL Technologies Market Capitalization 2025 Update | टॉप-5 कंपन्यांचे मूल्य ₹1.86 लाख कोटींनी घसरले: HDFC चे मार्केट कॅप ₹70,479 कोटींनी कमी झाले, बाजार गेल्या आठवड्यात 1845 अंकांनी घसरला",DIRECTLY_RELEVANT,"TCS Q3/FY25 earnings, financial performance, client deals, order wins, hiring, leadership, or dividend."
20250112141500-661,20250112141500,thefrontierpost.com,https://thefrontierpost.com/indias-tcs-expects-retail-manufacturing-revival-after-banking-recovery/,"India's TCS expects retail, manufacturing revival after banking recovery – The Frontier Post",DIRECTLY_RELEVANT,"TCS Q3/FY25 earnings, financial performance, client deals, order wins, hiring, leadership, or dividend."
20250112153000-698,20250112153000,aawsat.com,https://english.aawsat.com/technology/5100490-indias-tcs-expects-retail-manufacturing-revival-after-banking-recovery,"India's TCS Expects Retail, Manufacturing Revival after Banking Recovery",DIRECTLY_RELEVANT,"TCS Q3/FY25 earnings, financial performance, client deals, order wins, hiring, leadership, or dividend."
20250112164500-144,20250112164500,khaleejtimes.com,https://www.khaleejtimes.com/business/tech/indias-tcs-expects-retail-manufacturing-revival-after-banking-recovery,"India's TCS expects retail, manufacturing revival after banking recovery",DIRECTLY_RELEVANT,"TCS Q3/FY25 earnings, financial performance, client deals, order wins, hiring, leadership, or dividend."
20250112170000-565,20250112170000,taipeitimes.com,https://www.taipeitimes.com/News/editorials/archives/2025/01/13/2003830097,H-1B backlash shows Indians they are not so special anymore,NOT_RELEVANT,Unrelated acronym or foreign mention
20250112180000-T1089,20250112180000,manager.bg,https://manager.bg/%D0%B8%D0%BA%D0%BE%D0%BD%D0%BE%D0%BC%D0%B8%D0%BA%D0%B0/tcs-ochakva-ozivlenie-v-targoviata-na-drebno-v-sast-sled-vazstanovavaneto-na-bankovia-sektor,TCS очаква оживление в търговията на дребно в САЩ след възстановяването на банковия сектор,NOT_RELEVANT,Unrelated acronym or foreign mention
20250112193000-705,20250112193000,indiatimes.com,https://timesofindia.indiatimes.com/business/india-business/our-dependence-on-h-1b-visa-is-limited-tcs-chief/articleshow/117180527.cms,Our dependence on H-1B visa is limited: TCS chief,DIRECTLY_RELEVANT,"Genuine TCS corporate event missed by matcher (France delivery centre, Visakhapatnam/Kochi campus, Oman expansion, BSNL 5G tender, H-1B commentary, WFO guidelines, iON platform)."
20250112204500-827,20250112204500,menafn.com,https://menafn.com/1109081647/Top-Stories-On-Jan-12-GRAP-3-Curbs-In-Delhi-Revoked-IPL-2025-Date-Mcap-Of-Top-Five-Firms-Drops-%E2%82%B9185-Lakh-Crore-More,"Top Stories On Jan 12: GRAP 3 Curbs In Delhi Revoked, IPL 2025 Date, Mcap Of Top Five Firms Drops ₹1.85 Lakh Crore, More",NOT_RELEVANT,Unrelated acronym or foreign mention
20250112213000-561,20250112213000,yahoo.com,https://finance.yahoo.com/news/indias-tcs-expects-retail-manufacturing-070711881.html,"India's TCS expects retail, manufacturing revival after banking recovery",DIRECTLY_RELEVANT,"TCS Q3/FY25 earnings, financial performance, client deals, order wins, hiring, leadership, or dividend."
20250112231500-649,20250112231500,yahoo.com,https://finance.yahoo.com/news/indias-tcs-expects-retail-manufacturing-070711218.html,"India's TCS expects retail, manufacturing revival after banking recovery",DIRECTLY_RELEVANT,"TCS Q3/FY25 earnings, financial performance, client deals, order wins, hiring, leadership, or dividend."
20250113000000-264,20250113000000,transylvaniatimes.com,https://www.transylvaniatimes.com/education/tcs-students-staff-to-have-virtual-day-monday/article_9070497a-d132-11ef-a010-a3c00b5ee4d6.html,"TCS students, staff to have 'Virtual Day' Monday",DIRECTLY_RELEVANT,"TCS Q3/FY25 earnings, financial performance, client deals, order wins, hiring, leadership, or dividend."
20250113014500-340,20250113014500,indiatimes.com,https://economictimes.indiatimes.com/markets/expert-view/need-to-see-tcs-q3-show-in-larger-macro-context-ceo-k-krithivasan/articleshow/117185410.cms,Need to see TCS Q3 show in larger macro context: CEO K Krithivasan,DIRECTLY_RELEVANT,"TCS Q3/FY25 earnings, financial performance, client deals, order wins, hiring, leadership, or dividend."
20250113014500-T283,20250113014500,indiatimes.com,https://navbharattimes.indiatimes.com/business/share-market/share-news/stock-market-prediction-today-these-stocks-including-tcs-and-uno-minda-showing-bullish-bias/articleshow/117179785.cms,"Stocks to Watch: आज TCS और UNO Minda समेत ये शेयर कराएंगे फायदा, तेजी के संकेत",DIRECTLY_RELEVANT,"TCS Q3/FY25 earnings, financial performance, client deals, order wins, hiring, leadership, or dividend."
20250113020000-659,20250113020000,herald.co.zw,https://www.herald.co.zw/tata-expects-clients-to-step-up-tech-spending/,The Herald - Breaking news.,NOT_RELEVANT,Unrelated acronym or foreign mention
20250113020000-388,20250113020000,indiatimes.com,https://economictimes.indiatimes.com/tech/newsletters/morning-dispatch/ather-ipo-valuation-bump-tcs-ceo-on-q3-numbers/articleshow/117185605.cms,Ather IPO valuation bump; TCS CEO on Q3 numbers,DIRECTLY_RELEVANT,"TCS Q3/FY25 earnings, financial performance, client deals, order wins, hiring, leadership, or dividend."
20250113030000-384,20250113030000,indiatimes.com,https://timesofindia.indiatimes.com/business/india-business/top-stock-recommendations-for-january-13-2025-week-tcs-coal-india-best-stocks-to-buy-today/articleshow/117186375.cms,"Top stock recommendations for the week starting January 13, 2025",NOT_RELEVANT,Unrelated acronym or foreign mention
20250113031500-55,20250113031500,indiatimes.com,https://economictimes.indiatimes.com/tech/information-tech/need-to-see-tcs-q3-show-in-larger-macro-context-ceo-k-krithivasan/articleshow/117180677.cms,Need to see TCS Q3 show in larger macro context: CEO K Krithivasan,DIRECTLY_RELEVANT,"TCS Q3/FY25 earnings, financial performance, client deals, order wins, hiring, leadership, or dividend."
20250113031500-524,20250113031500,hindustantimes.com,https://www.hindustantimes.com/business/tcs-to-hire-40-000-freshers-from-campuses-this-year-with-ai-skills-expected-at-all-levels-chro-says-report-101736732604496.html,"TCS to hire 40,000 freshers from campuses this year with AI skills expected at all levels, CHRO says: Report",DIRECTLY_RELEVANT,"TCS Q3/FY25 earnings, financial performance, client deals, order wins, hiring, leadership, or dividend."
20250113031500-T589,20250113031500,livehindustan.com,https://www.livehindustan.com/business/bet-on-these-12-stocks-suggested-by-4-experts-today-see-the-target-price-201736736498035.html,"bet on these 12 stocks suggested by 4 experts today see the target price 4 एक्सपर्ट्स के सुझाए इन 12 शेयरों पर आज लगा लें दांव, देखें टार्गेट प्राइस, Business Hindi News",NOT_RELEVANT,Unrelated acronym or foreign mention
20250113034500-T127,20250113034500,loksatta.com,https://www.loksatta.com/business/personal-finance/tcs-results-what-about-the-quarterly-results-of-infosys-wipro-print-eco-news-ssb-93-4821243/,"TCS results... What about the quarterly results of Infosys, Wipro? ससा कासवाची गोष्ट : 'टीसीएस'ला फळले… इन्फोसिस, विप्रोच्या तिमाही निकालांचे काय ?",DIRECTLY_RELEVANT,"TCS Q3/FY25 earnings, financial performance, client deals, order wins, hiring, leadership, or dividend."
20250113040000-757,20250113040000,moneycontrol.com,https://www.moneycontrol.com/news/opinion/tcs-s-strong-order-inflows-should-allay-investor-concerns-about-gccs-12907450.html,TCS's strong order inflows should allay investor concerns about GCCs,DIRECTLY_RELEVANT,"TCS Q3/FY25 earnings, financial performance, client deals, order wins, hiring, leadership, or dividend."
20250113040000-853,20250113040000,moneycontrol.com,https://www.moneycontrol.com/news/business/markets/short-call-2025-may-not-be-the-year-everyone-is-hoping-for-tcs-tata-elxsi-in-focus-12908515.html,"Short Call: 2025 may not be the year everyone is hoping for; TCS, Tata Elxsi in focus",DIRECTLY_RELEVANT,"Genuine TCS corporate event missed by matcher (France delivery centre, Visakhapatnam/Kochi campus, Oman expansion, BSNL 5G tender, H-1B commentary, WFO guidelines, iON platform)."
20250113040000-733,20250113040000,moneycontrol.com,https://www.moneycontrol.com/technology/shorter-deal-closure-cycles-pick-up-in-discretionary-spend-why-tcs-ceo-is-bullish-on-2025-article-12908541.html,"Shorter deal closure cycles, pick up in discretionary spend: Why TCS CEO is bullish on 2025",DIRECTLY_RELEVANT,"TCS Q3/FY25 earnings, financial performance, client deals, order wins, hiring, leadership, or dividend."
20250113040000-768,20250113040000,indiatimes.com,https://telecom.economictimes.indiatimes.com/news/enterprise-services/tcs-expects-margin-benefits-as-bsnl-deal-tapers-to-create-25000-seat-capacity-in-bengaluru-cfo/117185877,"TCS expects margin benefits as BSNL deal tapers; to create 25,000-seat capacity in Bengaluru: CFO, ET Telecom",DIRECTLY_RELEVANT,"TCS Q3/FY25 earnings, financial performance, client deals, order wins, hiring, leadership, or dividend."
20250113041500-418,20250113041500,indiatimes.com,https://economictimes.indiatimes.com/markets/expert-view/tcs-shares-break-13-day-consolidation-ride-the-momentum-till-rs-4350-anand-james/articleshow/117174426.cms,"market analysis: TCS shares break 13-day consolidation, ride the momentum till Rs 4,350: Anand James",DIRECTLY_RELEVANT,"TCS Q3/FY25 earnings, financial performance, client deals, order wins, hiring, leadership, or dividend."
20250113041500-146,20250113041500,indiatimes.com,https://economictimes.indiatimes.com/markets/stocks/recos/buy-tcs-target-price-rs-5000-motilal-oswal-financial-services/articleshow/117104644.cms,"Buy TCS, target price Rs 5,000: Motilal Oswal Financial Services",DIRECTLY_RELEVANT,"TCS Q3/FY25 earnings, financial performance, client deals, order wins, hiring, leadership, or dividend."
20250113043000-16,20250113043000,financialexpress.com,https://www.financialexpress.com/market/stocks-to-watch-tcs-adani-group-avenue-supermarts-infosys-signature-global-macrotech-developers-coal-india-indus-towers-3713344/,"Stocks To Watch: TCS, Adani Group, Avenue Supermarts, Infosys, Signature Global, Macrotech Developers, Coal India, Indus Towers",DIRECTLY_RELEVANT,"TCS Q3/FY25 earnings, financial performance, client deals, order wins, hiring, leadership, or dividend."
20250113043000-139,20250113043000,financialexpress.com,https://www.financialexpress.com/business/industry-hcl-tech-q3-results-live-updates-hcl-tech-expected-to-post-steady-q3-growth-today-on-software-biz-expansion-to-announce-dividend-3713473/,HCL Tech Q3 Results Live Updates: HCL Tech expected to post steady Q3 growth today on software biz expansion - Industry News,NOT_RELEVANT,Unrelated acronym or foreign mention
20250113043000-463,20250113043000,financialexpress.com,https://www.financialexpress.com/business/industry-we-see-early-signs-of-revival-but-challenges-remain-tcs-cfo-samir-seksaria-3713325/,"'We see early signs of revival, but challenges remain', TCS CFO Samir Seksaria - Industry News",DIRECTLY_RELEVANT,"TCS Q3/FY25 earnings, financial performance, client deals, order wins, hiring, leadership, or dividend."
20250113044500-635,20250113044500,hindustantimes.com,https://www.hindustantimes.com/business/stock-market-crash-sensex-tanks-nearly-700-points-on-open-nifty-down-over-200-101736737599073.html,"Early trade: Rupee hits life-time low, Sensex and Nifty tanks",NOT_RELEVANT,Unrelated acronym or foreign mention
20250113050000-658,20250113050000,indiatimes.com,https://economictimes.indiatimes.com/markets/stocks/stock-watch/share-market-update-most-active-stocks-on-d-street-today-in-terms-of-volume/articleshow/117189492.cms,share market: Share market update: Most active stocks on D-Street today in terms of volume,NOT_RELEVANT,Unrelated acronym or foreign mention
20250113050000-701,20250113050000,indiatimes.com,https://economictimes.indiatimes.com/markets/stocks/stock-watch/stock-market-update-sugar-stocks-down-as-market-falls/articleshow/117189642.cms,Stock Market Sectors: Stock market update: Sugar stocks down as market falls,NOT_RELEVANT,Unrelated acronym or foreign mention
20250113053000-422,20250113053000,indiatimes.com,https://economictimes.indiatimes.com/markets/stocks/stock-watch/share-market-update-most-active-stocks-of-the-day-in-terms-of-total-traded-value/articleshow/117190118.cms,active stocks: Share market update: Most active stocks of the day in terms of total traded value,NOT_RELEVANT,Unrelated acronym or foreign mention
20250113053000-47,20250113053000,indiatimes.com,https://economictimes.indiatimes.com/markets/stocks/stock-watch/stock-market-update-mining-stocks-down-as-market-falls/articleshow/117190443.cms,Stock Market Sectors: Stock market update: Mining stocks down as market falls,NOT_RELEVANT,Unrelated acronym or foreign mention
20250113053000-202,20250113053000,thehindubusinessline.com,https://www.thehindubusinessline.com/info-tech/we-aspire-for-a-double-digit-growth-tcs-ceo-k-krithivasan/article69091905.ece,We aspire for a double-digit growth: TCS CEO K Krithivasan - The Hindu BusinessLine,DIRECTLY_RELEVANT,"TCS Q3/FY25 earnings, financial performance, client deals, order wins, hiring, leadership, or dividend."
20250113053000-692,20250113053000,thehindubusinessline.com,https://www.thehindubusinessline.com/info-tech/no-huge-advantage-in-building-your-own-llms-tcs-ceo-krithivasan/article69092060.ece,No huge advantage in building your own LLMs: TCS CEO Krithivasan,DIRECTLY_RELEVANT,"TCS Q3/FY25 earnings, financial performance, client deals, order wins, hiring, leadership, or dividend."
20250113054500-T1072,20250113054500,moneycontrol.com,https://hindi.moneycontrol.com/news/markets/tcs-share-price-expects-margin-benefits-as-bsnl-deal-tapers-says-cfo-samir-seksaria-1950243.html,"BSNL डील का प्रभाव कम होने के साथ TCS का मुनाफा मार्जिन बढ़ेगा, CFO ने दी जानकारी",DIRECTLY_RELEVANT,"TCS Q3/FY25 earnings, financial performance, client deals, order wins, hiring, leadership, or dividend."
20250113054500-419,20250113054500,indiatimes.com,https://economictimes.indiatimes.com/markets/stocks/stock-watch/stock-market-update-fmcg-stocks-down-as-market-falls/articleshow/117191154.cms,Stock Market Sectors: Stock market update: FMCG stocks down as market falls,NOT_RELEVANT,Unrelated acronym or foreign mention
20250113054500-817,20250113054500,indianexpress.com,https://indianexpress.com/article/business/market/sensex-nifty-tumble-weak-global-peers-foreign-fund-outflows-9775844/,"Sensex, Nifty tumble amid weak global peers, foreign fund outflows",NOT_RELEVANT,Unrelated acronym or foreign mention
20250113054500-130,20250113054500,thehindu.com,https://www.thehindu.com/business/markets/sensex-nifty-tumble-amid-weak-global-peers-foreign-fund-outflows/article69094407.ece,"Sensex, Nifty tumble amid weak global peers, foreign fund outflows",NOT_RELEVANT,Unrelated acronym or foreign mention
20250113060000-89,20250113060000,indiatimes.com,https://economictimes.indiatimes.com/markets/stocks/stock-watch/stock-market-update-power-stocks-down-as-market-falls/articleshow/117191748.cms,Stock Market Sectors: Stock market update: Power stocks down as market falls,NOT_RELEVANT,Unrelated acronym or foreign mention
20250113061500-711,20250113061500,indiatimes.com,https://economictimes.indiatimes.com/markets/stocks/stock-watch/stock-market-update-fertilisers-stocks-down-as-market-falls/articleshow/117192268.cms,Stock Market Sectors: Stock market update: Fertilisers stocks down as market falls,NOT_RELEVANT,Unrelated acronym or foreign mention
20250113061500-490,20250113061500,indiatimes.com,https://economictimes.indiatimes.com/markets/stocks/stock-watch/stock-market-update-nifty-it-index-0-43-in-a-weak-market/articleshow/117191901.cms,Indices: Stock market update: Nifty IT index 0.43% in a weak market,NOT_RELEVANT,Unrelated acronym or foreign mention
20250113063000-221,20250113063000,thehindubusinessline.com,https://www.thehindubusinessline.com/markets/stock-markets/tcs-stock-rises-after-strong-q3-results-special-dividend-announcement/article69094562.ece,"TCS stock rises after strong Q3 results, special dividend announcement",DIRECTLY_RELEVANT,"TCS Q3/FY25 earnings, financial performance, client deals, order wins, hiring, leadership, or dividend."
20250113070000-804,20250113070000,siliconindia.com,https://www.siliconindia.com/news/general/infosys-hcl-assess-business-outlook-under-trump-nid-233840-cid-1.html,"Infosys, HCL Assess Business Outlook Under Trump",NOT_RELEVANT,Unrelated acronym or foreign mention
20250113070000-898,20250113070000,tribuneindia.com,https://www.tribuneindia.com/news/business/sensex-nifty-tumble-amid-weak-global-peers-foreign-fund-outflows/,"Sensex, Nifty tumble amid weak global peers, foreign fund outflows",NOT_RELEVANT,Unrelated acronym or foreign mention
20250113071500-593,20250113071500,businesstoday.in,https://www.businesstoday.in/markets/stocks/story/hcl-tech-q3-results-preview-dividend-earnings-call-timing-more-460543-2025-01-13,"HCL Tech Q3 results preview, dividend, earnings call timing & more",NOT_RELEVANT,Unrelated acronym or foreign mention
20250113071500-T1524,20250113071500,tagesanzeiger.ch,https://www.tagesanzeiger.ch/tcs-biel-korruption-bei-fahrzeugpruefungen-714021914403,TCS Biel: Korruption bei Fahrzeugprüfungen,NOT_RELEVANT,Unrelated acronym or foreign mention
20250113073000-T2799,20250113073000,jansatta.com,https://www.jansatta.com/business/share-market-crash-today-13-january-2025-sensex-down-843-points-nifty-big-fall/3776069/,"Share Market Crash Today: Indian Stock Market Crash Today on 13 January 2025 Sensex Nifty Huge Drop, Why Share market is falling today? शेयर बाजार में सबुह-सुबह कोहराम, Sensex ने लगाया 843 पॉइन्ट का गोता, Nifty 258 अंक फिसला",NOT_RELEVANT,Unrelated acronym or foreign mention
20250113080000-93,20250113080000,rttnews.com,https://www.rttnews.com/story.aspx?Id=3502361,"Sensex, Nifty Extending Losses To 4th Straight Day",NOT_RELEVANT,Unrelated acronym or foreign mention
20250113083000-T73,20250113083000,bazonline.ch,https://www.bazonline.ch/tcs-biel-korruption-bei-fahrzeugpruefungen-714021914403,TCS Biel: Korruption bei Fahrzeugprüfungen,NOT_RELEVANT,Unrelated acronym or foreign mention
20250113083000-T2792,20250113083000,dainiktribuneonline.com,https://www.dainiktribuneonline.com/news/business/stock-market-crash-sensex-and-nifty-opened-in-red-again-sensex-fell-by-843-points/,"Stock Market Crash: फिर लाल निशान पर खुला सेंसेक्स व निफ्टी, Sensex 843 अंक गिरा",NOT_RELEVANT,Unrelated acronym or foreign mention
20250113084500-205,20250113084500,india.com,https://www.india.com/business/good-news-for-noel-tata-as-ratan-tatas-company-tcs-profit-rises-by-11-percent-year-on-year-jumps-to-rs-12380-7533732/,"Good news for Noel Tata as Ratan Tata's company profit rises to..., year-on-year jumps to Rs...",NOT_RELEVANT,Unrelated acronym or foreign mention
20250113091500-590,20250113091500,moneycontrol.com,https://www.moneycontrol.com/technology/tcs-not-worried-about-h-1b-visas-over-50-of-us-workforce-local-says-ceo-k-krithivasan-article-12909211.html,"TCS not worried about H-1B visas, over 50% of US workforce local, says CEO K Krithivasan",DIRECTLY_RELEVANT,"TCS Q3/FY25 earnings, financial performance, client deals, order wins, hiring, leadership, or dividend."
20250113093000-302,20250113093000,forextv.com,https://forextv.com/sensex-nifty-extending-losses-to-4th-straight-day/,"Sensex, Nifty Extending Losses To 4th Straight Day",NOT_RELEVANT,Unrelated acronym or foreign mention
20250113101500-T1466,20250113101500,dailykesari.com,https://www.dailykesari.com/%5C%E0%A4%AC%E0%A5%8D%E0%A4%B0%E0%A5%87%E0%A4%95%E0%A4%BF%E0%A4%82%E0%A4%97%5C21374%5C%E0%A4%86%E0%A4%A3%E0%A4%BF-%E0%A4%A8%E0%A4%BF%E0%A4%B6%E0%A4%BE%E0%A4%A3%E0%A4%BE-!,ब्रेकिंग - Daily Kesari,NOT_RELEVANT,Unrelated acronym or foreign mention
20250113101500-T1479,20250113101500,dailykesari.com,https://www.dailykesari.com/News/21374/%E0%A4%86%E0%A4%A3%E0%A4%BF-%E0%A4%A8%E0%A4%BF%E0%A4%B6%E0%A4%BE%E0%A4%A3%E0%A4%BE-!,News - Daily Kesari,NOT_RELEVANT,Unrelated acronym or foreign mention
20250113101500-3,20250113101500,businesstoday.in,https://www.businesstoday.in/nri/visa/story/h-1b-visa-row-us-companies-turning-to-remote-hiring-to-bypass-visa-challenges-and-costs-460578-2025-01-13,H-1B visa row: US companies turning to remote hiring to bypass visa challenges and costs,NOT_RELEVANT,Unrelated acronym or foreign mention
20250113103000-T1152,20250113103000,moneycontrol.com,https://hindi.moneycontrol.com/news/markets/mutual-funds/many-mf-companies-distanced-themselves-from-it-sector-before-the-results-know-the-reason-1950386.html,"कई MF कंपनियों ने IT सेक्टर से नतीजों से पहले बनाई दूरी, जानें वजह",NOT_RELEVANT,Unrelated acronym or foreign mention
20250113104500-798,20250113104500,rttnews.com,https://www.rttnews.com/3502361/sensex-nifty-extending-losses-to-4th-straight-day.aspx,"Sensex, Nifty Extending Losses To 4th Straight Day",NOT_RELEVANT,Unrelated acronym or foreign mention
20250113110000-552,20250113110000,indiatimes.com,https://economictimes.indiatimes.com/markets/stocks/stock-watch/stock-market-update-fmcg-stocks-down-as-market-falls/articleshow/117202651.cms,Stock Market Sectors: Stock market update: FMCG stocks down as market falls,NOT_RELEVANT,Unrelated acronym or foreign mention
20250113110000-T1707,20250113110000,20min.ch,https://www.20min.ch/story/bschiss-beim-tcs-korrupter-experte-fuehrte-scheinkontrollen-durch-103257171,Bschiss beim TCS: Korrupter Experte führte Scheinkontrollen durch,NOT_RELEVANT,Unrelated acronym or foreign mention
20250113111500-1138,20250113111500,indiatimes.com,https://economictimes.indiatimes.com/markets/stocks/stock-watch/stock-market-update-power-stocks-down-as-market-falls/articleshow/117203373.cms,Stock Market Sectors: Stock market update: Power stocks down as market falls,NOT_RELEVANT,Unrelated acronym or foreign mention
20250113111500-717,20250113111500,indiatimes.com,https://economictimes.indiatimes.com/markets/stocks/stock-watch/stock-market-update-sugar-stocks-down-as-market-falls/articleshow/117203116.cms,Stock Market Sectors: Stock market update: Sugar stocks down as market falls,NOT_RELEVANT,Unrelated acronym or foreign mention
20250113111500-1224,20250113111500,moneycontrol.com,https://www.moneycontrol.com/technology/not-much-difference-in-bsnl-deal-revenue-in-q3-from-previous-quarter-says-tcs-ceo-k-krithivasan-article-12909493.html,"Not much difference in BSNL deal revenue in Q3 from previous quarter, says TCS CEO K Krithivasan",DIRECTLY_RELEVANT,"TCS Q3/FY25 earnings, financial performance, client deals, order wins, hiring, leadership, or dividend."
20250113114500-502,20250113114500,indiatimes.com,https://economictimes.indiatimes.com/markets/stocks/stock-watch/share-market-update-most-active-stocks-of-the-day-in-terms-of-traded-value/articleshow/117204444.cms,active stocks: Share market update: Most active stocks of the day in terms of traded value,NOT_RELEVANT,Unrelated acronym or foreign mention
20250113114500-1267,20250113114500,indiatimes.com,https://economictimes.indiatimes.com/markets/stocks/stock-watch/stock-market-update-mining-stocks-down-as-market-falls/articleshow/117204146.cms,Stock Market Sectors: Stock market update: Mining stocks down as market falls,NOT_RELEVANT,Unrelated acronym or foreign mention
20250113114500-313,20250113114500,dailypioneer.com,https://www.dailypioneer.com/2025/top-stories/sensex--nifty-join-global-selloff-on-spike-in-crude-oil-prices--fii-outflows.html,"Sensex, Nifty join global selloff on spike in crude oil prices, FII outflows",NOT_RELEVANT,Unrelated acronym or foreign mention
20250113114500-7,20250113114500,dailypioneer.com,https://www.dailypioneer.com/2025/business/sensex--nifty-tumble-amid-weak-global-peers--foreign-fund-outflows.html,"Sensex, Nifty tumble amid weak global peers, foreign fund outflows",NOT_RELEVANT,Unrelated acronym or foreign mention
20250113120000-845,20250113120000,indiatimes.com,https://economictimes.indiatimes.com/markets/stocks/stock-watch/stock-market-update-fertilisers-stocks-down-as-market-falls/articleshow/117204723.cms,Stock Market Sectors: Stock market update: Fertilisers stocks down as market falls,NOT_RELEVANT,Unrelated acronym or foreign mention
20250113120000-346,20250113120000,rttnews.com,https://www.rttnews.com/story.aspx?Id=3502457,"Sensex, Nifty Close Sharply Lower For 4th Straight Day",NOT_RELEVANT,Unrelated acronym or foreign mention
20250113121500-914,20250113121500,hindustantimes.com,https://www.hindustantimes.com/business/sensex-crashes-1000-points-nifty-down-nearly-250-points-rupee-at-all-time-low-101736764251278.html,"Sensex crashes 1000 points, Nifty down nearly 250 points; rupee at all-time low",NOT_RELEVANT,Unrelated acronym or foreign mention
20250113123000-T1176,20250113123000,jansatta.com,https://www.jansatta.com/business/share-market-crash-today-on-13-january-2025-sensex-1000-points-nifty-huge-drop-shocking-news-for-investors-disturbed/3776832/,"Share Market Crash Today on 13 January 2025 Sensex 1000 points Nifty Huge Drop shocking news for investors disturbed बाप रे बाप! शेयर बाजार में आज हुई तबाही, सेंसेक्स 1000 अंक लुढ़का, निफ्टी भी धड़ाम, 12 लाख करोड़ स्वाहा",NOT_RELEVANT,Unrelated acronym or foreign mention
20250113130000-T936,20250113130000,watson.ch,https://www.watson.ch/schweiz/verbrechen/501514265-tcs-pruefer-vergibt-fuer-ueber-tausend-fahrzeuge-illegale-bestaetigungen,TCS-Prüfer vergibt für über tausend Fahrzeuge illegale Bestätigungen,NOT_RELEVANT,Unrelated acronym or foreign mention
20250113131500-559,20250113131500,ndtv.com,https://www.ndtv.com/india-news/investors-lose-rs-24-69-lakh-crore-in-wealth-after-4-days-of-market-slump-7464620,Investors Lose Rs 24.69 Lakh Crore In Wealth After 4 Days Of Market Slump,NOT_RELEVANT,Unrelated acronym or foreign mention
20250113133000-668,20250113133000,dailyexcelsior.com,https://www.dailyexcelsior.com/sensex-nifty-join-global-selloff-on-spike-in-crude-oil-prices-fii-outflows/,"Sensex, Nifty join global selloff on spike in crude oil prices, FII outflows",NOT_RELEVANT,Unrelated acronym or foreign mention
20250113133000-T2228,20250113133000,bluewin.ch,https://www.bluewin.ch/de/news/schweiz/fahrzeugpruefer-soll-1332-pruefungen-gefaelscht-haben-2518105.html,Korruptionsskandal beim TCS: Fahrzeugexperte soll 1332 Prüfungen gefälscht haben,NOT_RELEVANT,Unrelated acronym or foreign mention
20250113133000-T2790,20250113133000,jagran.com,https://www.jagran.com/business/biz-share-market-crash-investors-lose-rs-24-lakh-crore-in-4-days-rupee-hits-record-low-23866077.html,"शेयर बाजार में हाहाकार! चार दिन में निवेशकों के 24.69 लाख करोड़ रुपये डूबे, रुपया भी बेहाल - Share Market Crash: Investors Lose rs 24 Lakh Crore in 4 Days, Rupee Hits Record Low",NOT_RELEVANT,Unrelated acronym or foreign mention
20250113134500-1329,20250113134500,rediff.com,https://www.rediff.com/business/report/spike-in-crude-oil-price-fii-outflows-spook-markets/20250113.htm,"Spike in crude oil price, FII outflows spook markets",NOT_RELEVANT,Unrelated acronym or foreign mention
20250113141500-1636,20250113141500,thestatesman.com,https://www.thestatesman.com/business/market-extends-fall-for-4th-straight-session-amid-selling-1503386062.html,Market extends fall for 4th straight session amid selling,NOT_RELEVANT,Unrelated acronym or foreign mention
20250113141500-1225,20250113141500,moneycontrol.com,https://www.moneycontrol.com/technology/hcltech-adds-2-134-employees-in-q3fy25-reversing-previous-quarter-s-decline-article-12909668.html,"HCLTech adds 2,134 employees in Q3FY25, reversing previous quarter's decline",NOT_RELEVANT,Unrelated acronym or foreign mention
20250113144500-37,20250113144500,thehindubusinessline.com,https://www.thehindubusinessline.com/markets/share-market-highlights-13-january-2025/article69092154.ece,"Stock Market Highlights 13 Jan 2025: Sensex tanks 1,049 pts, Nifty ends below 23,100, Nifty Realty falls 6.47%",NOT_RELEVANT,Unrelated acronym or foreign mention
20250113144500-1401,20250113144500,thehindubusinessline.com,https://www.thehindubusinessline.com/markets/stock-markets/axis-bank-tcs-gain-amid-sensex-slide-zomato-power-grid-drag-markets/article69095529.ece,"Axis Bank, TCS gain amid Sensex slide; Zomato, Power Grid drag markets",DIRECTLY_RELEVANT,"TCS Q3/FY25 earnings, financial performance, client deals, order wins, hiring, leadership, or dividend."
20250113154500-1389,20250113154500,yahoo.com,https://finance.yahoo.com/news/indias-hcltech-misses-q3-revenue-122254901.html,"India's HCLTech misses Q3 revenue estimate, tightens forecast",NOT_RELEVANT,Unrelated acronym or foreign mention
20250113161500-982,20250113161500,moneycontrol.com,https://www.moneycontrol.com/news/business/earnings/hcl-s-deal-pipeline-nears-all-time-high-growth-across-verticals-seen-this-time-ceo-c-vijayakumar-12909718.html,"HCL's deal pipeline nears all-time high, growth across verticals seen this time: CEO C Vijayakumar",NOT_RELEVANT,Unrelated acronym or foreign mention
20250113164500-2120,20250113164500,indiatimes.com,https://economictimes.indiatimes.com/markets/stocks/news/sustained-deal-flow-guidance-revision-signal-gradual-revival-in-demand-for-hcl-tech/articleshow/117211301.cms,"Sustained deal flow, guidance revision signal gradual revival in demand for HCL Tech",NOT_RELEVANT,Unrelated acronym or foreign mention
20250113164500-1075,20250113164500,indiatimes.com,https://economictimes.indiatimes.com/tech/technology/hcltech-not-dependent-on-h1b-new-us-regime-will-hardly-impact-business-company-executive/articleshow/117211316.cms,"HCLTech not dependent on H1B, new US regime will hardly impact business: Company executive",NOT_RELEVANT,Unrelated acronym or foreign mention
20250113170000-891,20250113170000,moneycontrol.com,https://www.moneycontrol.com/news/business/markets/hcltech-raises-fy25-revenue-guidance-planned-contractual-reductions-in-q4-caps-revision-12909735.html,"HCLTech raises FY25 revenue guidance, planned contractual reductions in Q4 caps revision",NOT_RELEVANT,Unrelated acronym or foreign mention
20250113170000-T2734,20250113170000,business-standard.com,https://hindi.business-standard.com/markets/after-dividend-tcs-this-it-company-declared-a-dividend-of-rs-900-id-403054,"Dividend: TCS के बाद इस IT कंपनी ने घोषित किया 900% का डिविडेंड, जानें लें रिकॉर्ड डेट और बाकी जानकारी - after dividend tcs this it company declared a dividend of rs 900",DIRECTLY_RELEVANT,"TCS Q3/FY25 earnings, financial performance, client deals, order wins, hiring, leadership, or dividend."
20250113173000-1211,20250113173000,hindustantimes.com,https://www.hindustantimes.com/business/stock-market-crash-investors-lose-rs-25-lakh-crore-in-four-days-of-slump-101736777283739.html,Stock market crash: Investors lose ₹25 lakh crore in four days of slump,NOT_RELEVANT,Unrelated acronym or foreign mention
20250113181500-1059,20250113181500,rediff.com,https://www.rediff.com/business/report/rs-2469-lakh-cr-of-investors-wealth-wiped-out-in-4-days/20250113.htm,Rs 24.69 lakh cr of investors' wealth wiped out in 4 days,NOT_RELEVANT,Unrelated acronym or foreign mention
20250113183000-1386,20250113183000,indiantelevision.com,https://indiantelevision.com/mam/marketing/brands/keki-mistry-joins-kedaara-capital-as-independent-operating-advisor-250113,Keki Mistry joins Kedaara Capital as independent operating advisor,NOT_RELEVANT,Unrelated acronym or foreign mention
20250113201500-T1969,20250113201500,moneycontrol.com,https://hindi.moneycontrol.com/news/company/hcls-deal-pipeline-on-all-time-high-and-growth-across-verticals-this-time-says-ceo-c-vijayakumar-1950512.html,"HCLTech की डील पाइपलाइन ऑल टाइम हाई पर, छोटे ऑर्डर के लिए ज्यादा मांग",NOT_RELEVANT,Unrelated acronym or foreign mention
20250113201500-T1978,20250113201500,moneycontrol.com,https://hindi.moneycontrol.com/news/business/hcl-tech-headcount-increased-by-2134-employees-in-october-december-2024-quarter-cuts-fy25-fresher-intake-to-7000-1950507.html,"HCL Tech ने Q3 में जोड़े 2134 एंप्लॉयीज, FY25 के लिए फ्रेशर्स की हायरिंग का टारगेट घटाया",NOT_RELEVANT,Unrelated acronym or foreign mention
20250113211500-1874,20250113211500,techstory.in,https://techstory.in/tcs-to-hire-40000-fresh-graduates-in-2025-as-company-transitions-to-ai-first-organization/,"TCS to Hire 40,000 Fresh Graduates in 2025 as Company Transitions to AI-First Organization",DIRECTLY_RELEVANT,"TCS Q3/FY25 earnings, financial performance, client deals, order wins, hiring, leadership, or dividend."
20250113213000-1565,20250113213000,dailypioneer.com,https://www.dailypioneer.com/2025/pioneer-exclusive/fiis-exit--sensex-drops-sharply.html,"FIIs exit, Sensex drops sharply",NOT_RELEVANT,Unrelated acronym or foreign mention
20250113223000-176,20250113223000,americanbazaaronline.com,https://americanbazaaronline.com/2025/01/13/tata-consultancy-services-to-step-up-tech-spending-in-north-america458299/,Tata Consultancy Services to step up tech spending,DIRECTLY_RELEVANT,"TCS Q3/FY25 earnings, financial performance, client deals, order wins, hiring, leadership, or dividend."
20250114001500-870,20250114001500,financialexpress.com,https://www.financialexpress.com/business/industry-hcltech-adds-2134-employees-3714174/,"HCLTech adds 2,134 employees",NOT_RELEVANT,Unrelated acronym or foreign mention
20250114011500-486,20250114011500,indiatimes.com,https://economictimes.indiatimes.com/tech/information-tech/hcltech-q3-profit-up-5-5-to-rs-4591-crore-revenue-climbs-5/articleshow/117213501.cms,"HCLTech Q3 profit up 5.5% to Rs 4,591 crore, revenue climbs 5%",NOT_RELEVANT,Unrelated acronym or foreign mention
20250114014500-T522,20250114014500,indiatimes.com,https://navbharattimes.indiatimes.com/business/share-market/share-news/stock-market-prediction-today-these-shares-including-crisil-and-astrazeneca-showing-bullish-bias/articleshow/117213396.cms,"Stocks to Watch: आज Crisil और AstraZeneca समेत इन शेयरों में दिखेगा ऐक्‍शन, लगाएंगे दांव?",NOT_RELEVANT,Unrelated acronym or foreign mention
20250114053000-386,20250114053000,thehindu.com,https://www.thehindu.com/business/markets/markets-bounce-back-after-four-days-of-slide/article69098217.ece,Markets bounce back after four days of slide,NOT_RELEVANT,Unrelated acronym or foreign mention
20250114060000-T1843,20250114060000,jansatta.com,https://www.jansatta.com/business/share-market-today-14-january-updates-bse-sensex-opens-green-400-points-up-nse-nifty-rises-too/3777850/,"Share Market Today 14 January updates bse Sensex opens green 400 points up Nse Nifty rises too तेजी के साथ खुला शेयर बाजार, सेंसेक्स और निफ्टी पर बंपर बढ़त",NOT_RELEVANT,Unrelated acronym or foreign mention
20250114060000-538,20250114060000,dailyexcelsior.com,https://www.dailyexcelsior.com/hcltech-not-dependent-on-h1b-new-us-regime-will-hardly-impact-biz-co-exec/,"HCLTech not dependent on H1B, new US regime will hardly impact biz: Co exec",NOT_RELEVANT,Unrelated acronym or foreign mention
20250114061500-973,20250114061500,indiatimes.com,https://economictimes.indiatimes.com/markets/stocks/stock-watch/stock-market-update-mining-stocks-up-as-market-rises/articleshow/117224077.cms,Stock Market Sectors: Stock market update: Mining stocks up as market rises,NOT_RELEVANT,Unrelated acronym or foreign mention
20250114061500-216,20250114061500,siliconindia.com,https://www.siliconindia.com/news/general/hcltech-q3-profit-up-55-to-rs-4591-crore-nid-233856-cid-1.html,"HCLTech Q3 Profit Up 5.5% to Rs 4,591 Crore",NOT_RELEVANT,Unrelated acronym or foreign mention
20250114061500-376,20250114061500,aninews.in,https://aninews.in/news/business/2025-to-be-year-of-electric-vehicles-64-of-consumers-likely-to-choose-ev-as-their-next-vehicle20250114111121/,2025 to be year of electric vehicles: 64% of consumers likely to choose EV as their next vehicle,NOT_RELEVANT,Unrelated acronym or foreign mention
20250114064500-312,20250114064500,thehindu.com,https://www.thehindu.com/business/markets/hcl-tech-shares-tumble-10-market-valuation-erodes-by-46987-crore-post-earnings-announcement/article69098260.ece,"HCL Tech shares tumble 10%; market valuation erodes by ₹46,987 crore post earnings announcement",NOT_RELEVANT,Unrelated acronym or foreign mention
20250114064500-T744,20250114064500,dainiktribuneonline.com,https://www.dainiktribuneonline.com/news/business/stock-market-update-domestic-markets-bounced-back-after-four-sessions-of-decline/,Stock Market Update: घरेलू बाजारों ने चार सत्र की गिरावट के बाद की वापसी,NOT_RELEVANT,Unrelated acronym or foreign mention
20250114070000-633,20250114070000,thehindubusinessline.com,https://www.thehindubusinessline.com/companies/2025-to-be-year-of-electric-vehicles-64-of-consumers-likely-to-choose-ev-as-their-next-vehicle/article69098273.ece,2025 to be year of electric vehicles: 64% of consumers likely to choose EV as their next vehicle,NOT_RELEVANT,Unrelated acronym or foreign mention
20250114073000-521,20250114073000,india.com,https://zeenews.india.com/economy/markets-bounce-back-after-four-days-of-slide-sensex-jumps-449-points-2843394.html,Markets Bounce Back After Four Days Of Slide; Sensex Jumps 449 Points,NOT_RELEVANT,Unrelated acronym or foreign mention
20250114074500-318,20250114074500,latestly.com,https://www.latestly.com/agency-news/india-news-markets-bounce-back-after-four-days-of-slide-6563421.html,"Stock Market Today: Sensex, Nifty Bounce Back After 4 Days of Sharp Decline Amid Value Buying at Lower Levels",NOT_RELEVANT,Unrelated acronym or foreign mention
20250114074500-T2324,20250114074500,jagran.com,https://www.jagran.com/markets/stock-update-stock-market-bounces-back-after-four-day-drop-rupee-gains-details-inside-23866351.html,"चार दिनों की गिरावट के बाद शेयर बाजार में उछाल, रुपये में भी दिखी मजबूती; जानें पूरी डिटेल - Stock Market Bounces Back After Four-Day Drop, Rupee Gains; Details Inside",NOT_RELEVANT,Unrelated acronym or foreign mention
20250114081500-55,20250114081500,whatech.com,https://whatech.com/og/markets-research/medical/922480-digital-therapeutics-market-set-to-grow-at-cagr-of-28-6-reaching-30-04-billion-by-2029.html,"Digital Therapeutics Market Set to Grow at CAGR of 28.6%, Reaching $30.04 Billion by 2029",NOT_RELEVANT,Unrelated acronym or foreign mention
20250114084500-370,20250114084500,moneycontrol.com,https://www.moneycontrol.com/technology/infosys-q3-fy25-five-key-factors-to-watch-article-12910114.html,Infosys Q3 FY25: Five key factors to watch,NOT_RELEVANT,Unrelated acronym or foreign mention
20250114100000-878,20250114100000,livemint.com,https://www.livemint.com/market/mark-to-market/hcltech-share-price-hcl-technologies-it-services-tcs-infosys-hcl-q3-results-total-contract-value-ebit-margin-11736841301395.html,"HCL serves up a heady cocktail, but valuation leaves no room for error",NOT_RELEVANT,Unrelated acronym or foreign mention
20250114110000-964,20250114110000,indiatimes.com,https://economictimes.indiatimes.com/markets/stocks/stock-watch/stock-market-update-fertilisers-stocks-up-as-market-rises/articleshow/117234717.cms,Stock Market Sectors: Stock market update: Fertilisers stocks up as market rises,NOT_RELEVANT,Unrelated acronym or foreign mention
20250114111500-471,20250114111500,indiatimes.com,https://auto.economictimes.indiatimes.com/news/industry/tcs-study-reveals-64-of-consumers-open-to-evs-despite-charging-challenges/117226853,"EV Charging Infrastructure: TCS study reveals 64% of consumers open to EVs despite charging challenges, ET Auto",DIRECTLY_RELEVANT,"TCS Q3/FY25 earnings, financial performance, client deals, order wins, hiring, leadership, or dividend."
20250114113000-915,20250114113000,indiatimes.com,https://economictimes.indiatimes.com/markets/stocks/stock-watch/stock-market-update-fmcg-stocks-up-as-market-rises/articleshow/117235484.cms,Stock Market Sectors: Stock market update: FMCG stocks up as market rises,NOT_RELEVANT,Unrelated acronym or foreign mention
20250114113000-1238,20250114113000,indiatimes.com,https://economictimes.indiatimes.com/industry/renewables/nearly-64-of-consumers-likely-to-choose-ev-as-next-vehicle-tcs-global-study-finds/articleshow/117235498.cms,"EV Adoption Statistics: Nearly 64% of consumers likely to choose EV as next vehicle, TCS global study finds",DIRECTLY_RELEVANT,"TCS Q3/FY25 earnings, financial performance, client deals, order wins, hiring, leadership, or dividend."
20250114113000-1233,20250114113000,thehindubusinessline.com,https://www.thehindubusinessline.com/economy/2025-to-be-year-of-electric-vehicles-64-of-consumers-likely-to-choose-ev-as-their-next-vehicle/article69098273.ece,2025 to be year of electric vehicles: 64% of consumers likely to choose EV as their next vehicle,NOT_RELEVANT,Unrelated acronym or foreign mention
20250114114500-191,20250114114500,indiatimes.com,https://economictimes.indiatimes.com/markets/stocks/stock-watch/stock-market-update-sugar-stocks-up-as-market-rises/articleshow/117236305.cms,Stock Market Sectors: Stock market update: Sugar stocks up as market rises,NOT_RELEVANT,Unrelated acronym or foreign mention
20250114114500-1300,20250114114500,dailypioneer.com,https://www.dailypioneer.com/2025/trending-news/hcl-tech-shares-tumble-10-pc--market-valuation-erodes-by-rs-46-987-cr-post-earnings-announcement.html,"HCL Tech shares tumble 10 pc; market valuation erodes by Rs 46,987 cr post earnings announcement",NOT_RELEVANT,Unrelated acronym or foreign mention
20250114114500-387,20250114114500,dailypioneer.com,https://www.dailypioneer.com/2025/business/markets-bounce-back-after-four-days-of-slide.html,Markets bounce back after four days of slide,NOT_RELEVANT,Unrelated acronym or foreign mention
20250114114500-1165,20250114114500,moneycontrol.com,https://www.moneycontrol.com/news/business/tcs-global-study-finds-64-of-consumers-likely-to-choose-ev-as-next-vehicle-12910396.html,TCS global study finds 64% of consumers likely to choose EV as next vehicle,DIRECTLY_RELEVANT,"TCS Q3/FY25 earnings, financial performance, client deals, order wins, hiring, leadership, or dividend."
20250114120000-767,20250114120000,indiatimes.com,https://economictimes.indiatimes.com/markets/stocks/stock-watch/stock-market-update-nifty-it-index-2-13/articleshow/117236765.cms,Indices: Stock market update: Nifty IT index 2.13%,NOT_RELEVANT,Unrelated acronym or foreign mention
20250114120000-789,20250114120000,rttnews.com,https://www.rttnews.com/story.aspx?Id=3502929,"Sensex, Nifty Snap 4-day Losing Streak, Close Modestly Higher",NOT_RELEVANT,Unrelated acronym or foreign mention
20250114121500-566,20250114121500,indiatimes.com,https://economictimes.indiatimes.com/markets/stocks/stock-watch/share-market-update-most-active-stocks-in-todays-market-in-terms-of-volume/articleshow/117237517.cms,share market: Share market update: Most active stocks in today's market in terms of volume,NOT_RELEVANT,Unrelated acronym or foreign mention
20250114121500-841,20250114121500,indiatimes.com,https://economictimes.indiatimes.com/markets/stocks/stock-watch/share-market-update-most-active-stocks-of-the-day-in-terms-of-traded-value/articleshow/117237044.cms,active stocks: Share market update: Most active stocks of the day in terms of traded value,NOT_RELEVANT,Unrelated acronym or foreign mention
20250114121500-845,20250114121500,indiatimes.com,https://economictimes.indiatimes.com/markets/stocks/stock-watch/stock-market-update-power-stocks-up-as-market-rises/articleshow/117237182.cms,Stock Market Sectors: Stock market update: Power stocks up as market rises,NOT_RELEVANT,Unrelated acronym or foreign mention
20250114124500-1261,20250114124500,india.com,https://zeenews.india.com/economy/sensex-nifty-rebound-amid-easing-inflation-buying-in-bank-energy-stocks-2843604.html,"Sensex, Nifty Rebound Amid Easing Inflation, Buying In Bank, Energy Stocks",NOT_RELEVANT,Unrelated acronym or foreign mention
20250114124500-1571,20250114124500,india-briefing.com,https://www.india-briefing.com/news/india-bulgaria-bilateral-and-trade-relations-35817.html,India-Bulgaria Bilateral and Trade Relations,NOT_RELEVANT,Unrelated acronym or foreign mention
20250114124500-498,20250114124500,rediff.com,https://www.rediff.com/business/report/sensex-nifty-rebound-amid-easing-inflation-buying-in-bank-energy-stocks/20250114.htm,"Sensex, Nifty rebound amid easing inflation, buying in bank, energy stocks",NOT_RELEVANT,Unrelated acronym or foreign mention
20250114124500-959,20250114124500,financialexpress.com,https://www.financialexpress.com/business/express-mobility-64-consumers-would-opt-for-evs-but-worry-over-infrastructure-tcs-global-study-3714985/,64% consumers would opt for EVs but worry over infrastructure: TCS global Study,DIRECTLY_RELEVANT,"TCS Q3/FY25 earnings, financial performance, client deals, order wins, hiring, leadership, or dividend."
20250114124500-T634,20250114124500,dailykesari.com,https://www.dailykesari.com/News/21459/%E0%A4%B6%E0%A5%87%E0%A4%85%E0%A4%B0-%E0%A4%AC%E0%A4%BE%E0%A4%9C%E0%A4%BE%E0%A4%B0%E0%A4%BE%E0%A4%B5%E0%A4%B0-%E2%80%98%E0%A4%B8%E0%A4%82%E0%A4%95%E0%A5%8D%E0%A4%B0%E0%A4%BE%E0%A4%82%E0%A4%A4%E2%80%99,News - Daily Kesari,NOT_RELEVANT,Unrelated acronym or foreign mention
20250114131500-124,20250114131500,thehindu.com,https://www.thehindu.com/business/markets/sensex-nifty-rebound-amid-easing-inflation-buying-in-bank-energy-stocks/article69098701.ece,"Sensex, Nifty rebound amid easing inflation, buying in bank, energy stocks",NOT_RELEVANT,Unrelated acronym or foreign mention
20250114134500-1568,20250114134500,rttnews.com,https://www.rttnews.com/3502929/sensex-nifty-snap-4-day-losing-streak-close-modestly-higher.aspx,"Sensex, Nifty Snap 4-day Losing Streak, Close Modestly Higher",NOT_RELEVANT,Unrelated acronym or foreign mention
20250114140000-1264,20250114140000,india.com,https://zeenews.india.com/mobility/tcs-global-study-finds-64-of-consumers-likely-to-choose-ev-as-next-vehicle-2843669.html,TCS Global Study Finds 64% Of Consumers Likely To Choose EV As Next Vehicle,DIRECTLY_RELEVANT,"TCS Q3/FY25 earnings, financial performance, client deals, order wins, hiring, leadership, or dividend."
20250114140000-766,20250114140000,northkoreatimes.com,https://www.northkoreatimes.com/news/274928777/indian-stock-indices-slump-third-day-with-it-sector-being-only-outlier,Indian stock indices slump third day with IT sector being only outlier,NOT_RELEVANT,Unrelated acronym or foreign mention
20250114141500-1287,20250114141500,dailyexcelsior.com,https://www.dailyexcelsior.com/sensex-nifty-rebound-amid-easing-inflation-buying-in-bank-energy-stocks/,"Sensex, Nifty rebound amid easing inflation, buying in bank, energy stocks",NOT_RELEVANT,Unrelated acronym or foreign mention
20250114141500-1384,20250114141500,indiatimes.com,https://timesofindia.indiatimes.com/technology/tech-news/tcs-ceo-k-krithivasan-we-had-one-of-the-worst-toplines-but-one-of-the-/articleshow/117237256.cms,"TCS CEO K Krithivasan: We had one of the ""worst toplines"", but one of the ...",DIRECTLY_RELEVANT,"TCS Q3/FY25 earnings, financial performance, client deals, order wins, hiring, leadership, or dividend."
20250114161500-984,20250114161500,sierraleonetimes.com,https://www.sierraleonetimes.com/news/274928777/indian-stock-indices-slump-third-day-with-it-sector-being-only-outlier,Indian stock indices slump third day with IT sector being only outlier,NOT_RELEVANT,Unrelated acronym or foreign mention
20250114161500-567,20250114161500,thehindubusinessline.com,https://www.thehindubusinessline.com/info-tech/hcl-tech-shares-tumble-9-market-valuation-erodes-by-46485-crore-post-earnings-announcement/article69098648.ece,"HCL Tech shares tumble 9%; market valuation erodes by ₹46,485 crore post earnings announcement",NOT_RELEVANT,Unrelated acronym or foreign mention
20250114164500-868,20250114164500,globenewswire.com,https://www.globenewswire.com/news-release/2025/01/14/3009505/0/en/Pharmacovigilance-Outsourcing-Market-Outlook-2024-2028-Featuring-a-Competitive-Landscape-for-Major-and-Innovative-Companies.html,"Pharmacovigilance Outsourcing Market Outlook 2024-2028,",NOT_RELEVANT,Unrelated acronym or foreign mention
20250114164500-T1875,20250114164500,loksatta.com,https://www.loksatta.com/business/finance/64-percent-consumers-eye-evs-for-next-purchase-tcs-study-reveals-print-eco-news-zws-70-4825227/,64 percent consumers eye evs for next purchase tcs study reveals print eco news zws 70 | इलेक्ट्रिक वाहनांबाबत 'टीसीएस'ची महत्त्वपूर्ण भविष्यवाणी,DIRECTLY_RELEVANT,"Genuine TCS corporate event missed by matcher (France delivery centre, Visakhapatnam/Kochi campus, Oman expansion, BSNL 5G tender, H-1B commentary, WFO guidelines, iON platform)."
20250114190000-2232,20250114190000,benzinga.com,https://www.benzinga.com/trading-ideas/25/01/42983710/ibm-globant-epam-top-it-bets-for-2025-driven-by-demand-trends-and-margin-expansion-analyst,"IBM, Globant, EPAM Top IT Bets For 2025, Driven by Demand Trends And Margin Expansion: Analyst - IBM (NYSE:IBM), EPAM Sys (NYSE:EPAM), Globant (NYSE:GLOB)",NOT_RELEVANT,Unrelated acronym or foreign mention
20250114204500-T1544,20250114204500,business-standard.com,https://hindi.business-standard.com/companies/tcs-study-2025-64-consumers-can-consider-electric-vehicle-in-their-next-purchase-id-403567,TCS study 2025: 64% उपभोक्ता अगली खरीद में इलेक्ट्रिक वाहन पर कर सकते हैं विचार - tcs study 2025 64 consumers can consider electric vehicle in their next purchase,DIRECTLY_RELEVANT,"TCS Q3/FY25 earnings, financial performance, client deals, order wins, hiring, leadership, or dividend."
20250114211500-1398,20250114211500,koreaherald.com,https://www.koreaherald.com:443/article/10390295,[Mihir Sharma] Indians not so special in US,NOT_RELEVANT,Unrelated acronym or foreign mention
20250115013000-T740,20250115013000,indiatimes.com,https://navbharattimes.indiatimes.com/business/share-market/share-news/stock-market-prediction-today-these-shares-including-idbi-and-central-bank-showing-bullish-bias/articleshow/117244857.cms,"Stocks to Watch: आज IDBI और Central Bank समेत ये शेयर कराएंगे फायदा, तेज के संकेत",NOT_RELEVANT,Unrelated acronym or foreign mention
20250115021500-1170,20250115021500,financialstandard.com.au,https://www.financialstandard.com.au/news/mufg-pension-market-services-awards-tech-mandate-179807155,MUFG Pension & Market Services awards tech mandate,NOT_RELEVANT,Unrelated acronym or foreign mention
20250115021500-1262,20250115021500,trak.in,https://trak.in/stories/tcs-planning-25000-seater-office-in-bengaluru-for-work-from-office-model/,"TCS Planning 25,000 Seater Office In Bengaluru For Work From Office Model - Trak.in - Indian Business of Tech, Mobile & Startups",DIRECTLY_RELEVANT,"TCS Q3/FY25 earnings, financial performance, client deals, order wins, hiring, leadership, or dividend."
20250115023000-T179,20250115023000,tarunbharat.com,https://www.tarunbharat.com/the-market-recovered-in-the-second-session/,The market recovered in the second session.,NOT_RELEVANT,Unrelated acronym or foreign mention
20250115054500-T1128,20250115054500,indiatimes.com,https://navbharattimes.indiatimes.com/auto/car-bikes/64-percent-consumers-across-the-globe-are-ready-to-opt-electric-vehicles-tcs-report-says/articleshow/117253045.cms,"दुनियाभर के 64 फीसदी कंज्यूमर इलेक्ट्रिक वाहन अपनाने को तैयार, टीसीएस की नई स्टडी में खुलासा",DIRECTLY_RELEVANT,"Genuine TCS corporate event missed by matcher (France delivery centre, Visakhapatnam/Kochi campus, Oman expansion, BSNL 5G tender, H-1B commentary, WFO guidelines, iON platform)."
20250115063000-449,20250115063000,indiatimes.com,https://economictimes.indiatimes.com/markets/stocks/stock-watch/stock-market-update-nifty-it-index-0-46-in-an-upbeat-market/articleshow/117255855.cms,Indices: Stock market update: Nifty IT index 0.46% in an upbeat market,NOT_RELEVANT,Unrelated acronym or foreign mention
20250115071500-622,20250115071500,modernreaders.com,https://www.modernreaders.com/news/2025/01/15/stocknews-com-initiates-coverage-on-the-container-store-group-nysetcs.html,StockNews.com Initiates Coverage on The Container Store Group (NYSE:TCS),NOT_RELEVANT,Foreign corporate / sports entity collision
20250115073000-794,20250115073000,gulfnews.com,https://gulfnews.com/special-reports/h-1b-visa-why-its-a-hot-issue-know-the-pros-and-cons-1.500015463,"H-1B visa: Why it's a hot issue, know the pros and cons",NOT_RELEVANT,Unrelated acronym or foreign mention
20250115073000-712,20250115073000,financialexpress.com,https://www.financialexpress.com/business/industry-infosys-q3-earnings-on-january-16-here-are-4-key-things-the-street-is-watching-out-for-3715596/,Infosys Q3 earnings on January 16: Here are 4 key things the street is watching out for - Industry News,NOT_RELEVANT,Unrelated acronym or foreign mention
20250115073000-477,20250115073000,livemint.com,https://www.livemint.com/companies/infosys-q3-results-5-things-to-watch-out-for-information-technology-tata-consultancy-services-hcl-tech-it-services-11736913373674.html,Infosys Q3 results tomorrow: 5 things to watch out for,NOT_RELEVANT,Unrelated acronym or foreign mention
20250115074500-767,20250115074500,hindustantimes.com,https://www.hindustantimes.com/education/admissions/imi-new-delhi-post-graduate-diploma-in-management-online-master-leadership-excellence-from-a-top-business-school-101736923071376.html,IMI New Delhi Post Graduate Diploma in Management (Online): Master leadership excellence from a top business school,NOT_RELEVANT,Unrelated acronym or foreign mention
20250115083000-994,20250115083000,theusnews.com,https://www.theusnews.com/news/274943965/top-website-designing-agencies-in-india-best-creatives-for-stunning-and-user-friendly-websites,Top Website Designing Agencies in India: Best Creatives for Stunning and User-Friendly Websites,NOT_RELEVANT,Unrelated acronym or foreign mention
20250115104500-1003,20250115104500,tennesseedaily.com,https://www.tennesseedaily.com/news/274943965/top-website-designing-agencies-in-india-best-creatives-for-stunning-and-user-friendly-websites,Top Website Designing Agencies in India: Best Creatives for Stunning and User-Friendly Websites,NOT_RELEVANT,Unrelated acronym or foreign mention
20250115120000-549,20250115120000,bignewsnetwork.com,https://www.bignewsnetwork.com/news/274944430/top-website-designing-agencies-in-india-best-creatives-for-stunning-and-user-friendly-websites,Top Website Designing Agencies in India: Best Creatives for Stunning and User-Friendly Websites,NOT_RELEVANT,Unrelated acronym or foreign mention
20250115141500-239,20250115141500,careerindia.com,https://www.careerindia.com/news/20-tcs-on-educational-remittances-what-it-means-for-indian-students-in-2025-047255.html,20% TCS on Educational Remittances: What It Means for Indian Students in 2025,NOT_RELEVANT,Unrelated acronym or foreign mention
20250115143000-1442,20250115143000,avenuemail.in,https://avenuemail.in/x-eminence-2025-at-xim-bhubaneswar-reimagining-the-future/,X-EMINENCE 2025 at XIM Bhubaneswar: Reimagining the future,NOT_RELEVANT,Unrelated acronym or foreign mention
20250115144500-T2099,20250115144500,gazzetta.gr,https://www.gazzetta.gr/gmotion/2409902/sym-joyride-16-300-abstcs-nea-timi,SYM JOYRIDE 16 300 ABS/TCS: Νέα τιμή | gMotion by gazzetta,NOT_RELEVANT,Unrelated acronym or foreign mention
20250115203000-T2005,20250115203000,moneycontrol.com,https://hindi.moneycontrol.com/news/markets/mutual-funds/from-itc-to-suzlon-energy-mutual-funds-reduce-stakes-in-these-10-shares-in-december-2024-1951009.html,"ITC से लेकर सुजलॉन एनर्जी तक, इन 10 शेयरों में म्यूचुअल फंड्स ने घटा दी हिस्सेदारी",NOT_RELEVANT,Unrelated acronym or foreign mention
20250116011500-651,20250116011500,abc3340.com,https://abc3340.com/news/local/tcs-discusses-safety-protocols-after-a-student-was-found-with-a-gun-at-local-high-school,TCS discusses safety protocols after a student was found with a gun at local high school,NOT_RELEVANT,Unrelated acronym or foreign mention
20250116021500-1075,20250116021500,superreview.com.au,https://www.superreview.com.au/news/technology/mufg-announces-strategic-partnership-bolster-super-pension-services,"MUFG announces strategic partnership to bolster super, pension services",NOT_RELEVANT,Unrelated acronym or foreign mention
20250116051500-162,20250116051500,indianexpress.com,https://indianexpress.com/article/business/market/business-early-trading-sensex-nifty-global-markets-9781549/,Markets rally in early trade tracking global peers,NOT_RELEVANT,Unrelated acronym or foreign mention
20250116053000-1163,20250116053000,financialexpress.com,https://www.financialexpress.com/business/industry-infosys-q3-results-live-updates-infosys-q3-revenue-growth-may-be-muted-all-eyes-on-revenue-guidance-next-salary-hike-3716603/,"Infosys Q3 Results Live Updates: Infosys Q3 revenue growth may be muted; all eyes on revenue guidance, next salary hike",NOT_RELEVANT,Unrelated acronym or foreign mention
20250116060000-T1375,20250116060000,dainiktribuneonline.com,https://www.dainiktribuneonline.com/news/topnews/share-market-news-stock-market-opened-on-green-mark-sensex-and-nifty-jumped/,"Share Market News: हरे रंग के निशान पर खुला शेयर बाजार, सेंसेक्स व निफ्टी उछले",NOT_RELEVANT,Unrelated acronym or foreign mention
20250116061500-904,20250116061500,indiatimes.com,https://economictimes.indiatimes.com/markets/stocks/stock-watch/stock-market-update-nifty-it-index-0-16-in-an-upbeat-market/articleshow/117287291.cms,Indices: Stock market update: Nifty IT index 0.16% in an upbeat market,NOT_RELEVANT,Unrelated acronym or foreign mention
20250116061500-673,20250116061500,indiatimes.com,https://economictimes.indiatimes.com/wealth/personal-finance-news/tcs-on-sending-money-abroad-is-20-in-many-cases-will-budget-2025-reduce-this-to-5/articleshow/117287514.cms,TCS on sending money abroad is 20% in many cases: Will Budget 2025 reduce this to 5%?,NOT_RELEVANT,Unrelated acronym or foreign mention
20250116064500-1026,20250116064500,latestly.com,https://www.latestly.com/agency-news/india-news-markets-rally-in-early-trade-tracking-global-peers-6569145.html,India News | Markets Rally in Early Trade Tracking Global Peers,NOT_RELEVANT,Unrelated acronym or foreign mention
20250116064500-866,20250116064500,ndtvprofit.com,https://www.ndtvprofit.com/markets/tcs-dividend-in-focus-last-day-to-buy-shares-to-qualify-ahead-of-ex-date,TCS Dividend In Focus: Last Day To Buy Shares To Qualify Ahead Of Ex-Date,DIRECTLY_RELEVANT,"TCS Q3/FY25 earnings, financial performance, client deals, order wins, hiring, leadership, or dividend."
20250116073000-396,20250116073000,yahoo.com,https://www.yahoo.com/news/t-divorce-partner-17-years-070000352.html,'I can't divorce my partner of 17 years because of a pensions backlog',NOT_RELEVANT,Unrelated acronym or foreign mention
20250116080000-T1390,20250116080000,finanznachrichten.de,https://www.finanznachrichten.de/nachrichten-2025-01/64304561-die-pannenhilfe-des-tcs-blickt-auf-ein-intensives-jahr-zurueck-006.htm,Die Pannenhilfe des TCS blickt auf ein intensives Jahr zurück,NOT_RELEVANT,Unrelated acronym or foreign mention
20250116081500-1295,20250116081500,financialexpress.com,https://www.financialexpress.com/business/industry-reliance-industries-q3-results-live-updates-ril-expected-to-post-strong-q3-number-all-eyes-on-retail-telecom-biz-performance-3716685/,"Reliance Industries Q3 Results Live Updates: RIL expected to post strong Q3 number; all eyes on retail, telecom biz performance",NOT_RELEVANT,Unrelated acronym or foreign mention
20250116094500-1253,20250116094500,eturbonews.com,https://eturbonews.com/world-economic-forum-celebrates-new-champions/,World Economic Forum celebrates New Champions,NOT_RELEVANT,Unrelated acronym or foreign mention
20250116113000-574,20250116113000,indiatimes.com,https://economictimes.indiatimes.com/markets/stocks/stock-watch/stock-market-update-mining-stocks-up-as-market-rises/articleshow/117299302.cms,Stock Market Sectors: Stock market update: Mining stocks up as market rises,NOT_RELEVANT,Unrelated acronym or foreign mention
20250116113000-T321,20250116113000,cdt.ch,https://www.cdt.ch/news/svizzera/temperature-sotto-zero-e-aumentano-gli-interventi-del-tcs-382257,Temperature sotto zero... e aumentano gli interventi del TCS,NOT_RELEVANT,Unrelated acronym or foreign mention
20250116114500-551,20250116114500,trak.in,https://trak.in/stories/80-of-hcl-employees-in-us-are-locals-trump-regime-will-have-no-impact-on-hcl/,"80% Of HCL Employees In US Are Locals: Trump Regime Will Have No Impact On HCL - Trak.in - Indian Business of Tech, Mobile & Startups",NOT_RELEVANT,Unrelated acronym or foreign mention
20250116114500-986,20250116114500,indiatimes.com,https://economictimes.indiatimes.com/markets/stocks/stock-watch/stock-market-update-sugar-stocks-up-as-market-rises/articleshow/117299824.cms,Stock Market Sectors: Stock market update: Sugar stocks up as market rises,NOT_RELEVANT,Unrelated acronym or foreign mention
20250116114500-1247,20250116114500,indiatimes.com,https://economictimes.indiatimes.com/markets/stocks/stock-watch/stock-market-update-power-stocks-up-as-market-rises/articleshow/117300189.cms,Stock Market Sectors: Stock market update: Power stocks up as market rises,NOT_RELEVANT,Unrelated acronym or foreign mention
20250116114500-51,20250116114500,moneycontrol.com,https://www.moneycontrol.com/technology/infosys-adds-5-591-employees-in-q3-headcount-up-for-second-consecutive-quarter-article-12912386.html,"Infosys adds 5,591 employees in Q3, headcount up for second consecutive quarter",NOT_RELEVANT,Unrelated acronym or foreign mention
20250116120000-1289,20250116120000,thehindubusinessline.com,https://www.thehindubusinessline.com/markets/share-market-highlights-16-january-2025/article69101250.ece,"Share Market Highlights 16 January 2024: Sensex gains 319 pts, Nifty settles above 23,300; Adani Group stocks rally",NOT_RELEVANT,Unrelated acronym or foreign mention
20250116121500-928,20250116121500,indiatimes.com,https://economictimes.indiatimes.com/markets/stocks/stock-watch/stock-market-update-fmcg-stocks-up-as-market-rises/articleshow/117300682.cms,Stock Market Sectors: Stock market update: FMCG stocks up as market rises,NOT_RELEVANT,Unrelated acronym or foreign mention
20250116121500-1305,20250116121500,thehindu.com,https://www.thehindu.com/business/markets/sensex-nifty-extend-gains-for-3rd-day-on-strong-global-cues-lower-us-inflation/article69104476.ece,"Sensex, Nifty extend gains for 3rd day on strong global cues, lower U.S. inflation",NOT_RELEVANT,Unrelated acronym or foreign mention
20250116123000-426,20250116123000,indiatimes.com,https://economictimes.indiatimes.com/markets/stocks/stock-watch/stock-market-update-nifty-it-index-0-49/articleshow/117301011.cms,Indices: Stock market update: Nifty IT index 0.49%,NOT_RELEVANT,Unrelated acronym or foreign mention
20250116123000-469,20250116123000,india.com,https://zeenews.india.com/economy/sensex-nifty-extend-gains-for-3rd-day-on-strong-global-cues-lower-us-inflation-2844423.html,"Sensex, Nifty Extend Gains For 3rd Day On Strong Global Cues, Lower US Inflation",NOT_RELEVANT,Unrelated acronym or foreign mention
20250116123000-1435,20250116123000,dailyexcelsior.com,https://www.dailyexcelsior.com/sensex-nifty-extend-gains-for-3rd-day-on-strong-global-cues-lower-us-inflation/,"Sensex, Nifty extend gains for 3rd day on strong global cues, lower US inflation",NOT_RELEVANT,Unrelated acronym or foreign mention
20250116133000-1693,20250116133000,yahoo.com,https://finance.yahoo.com/news/indias-infosys-beats-q3-revenue-105535566.html,"India's Infosys beats Q3 revenue view, raises full-year forecast",NOT_RELEVANT,Unrelated acronym or foreign mention
20250116141500-1899,20250116141500,channelnewsasia.com,https://www.channelnewsasia.com/business/indias-infosys-ups-annual-revenue-forecast-us-demand-revival-4862956,India's Infosys ups annual revenue forecast on US demand revival,NOT_RELEVANT,Unrelated acronym or foreign mention
20250116143000-1741,20250116143000,dnaindia.com,https://www.dnaindia.com/india/report-top-10-web-development-companies-in-india-2025-3127310,Top 10 Web Development Companies in India 2025,NOT_RELEVANT,Unrelated acronym or foreign mention
20250116153000-400,20250116153000,moneycontrol.com,https://www.moneycontrol.com/technology/infosys-to-hire-over-20-000-freshers-in-fy26-article-12912618.html,"Infosys to hire over 20,000 freshers in FY26, says CFO",NOT_RELEVANT,Unrelated acronym or foreign mention
20250116154500-1122,20250116154500,printweek.in,https://www.printweek.in/news/tallys-journey-garage-to-serving-26-lakh-customers-59873,Tallys journey: Garage to serving 26 lakh customers,NOT_RELEVANT,Unrelated acronym or foreign mention
20250116154500-1037,20250116154500,indiatimes.com,https://timesofindia.indiatimes.com/technology/tech-news/tcs-rolls-out-new-guidelines-for-wfo-exceptions/articleshow/117256655.cms,TCS rolls out new guidelines for WFO exceptions,DIRECTLY_RELEVANT,"Genuine TCS corporate event missed by matcher (France delivery centre, Visakhapatnam/Kochi campus, Oman expansion, BSNL 5G tender, H-1B commentary, WFO guidelines, iON platform)."
20250116160000-41,20250116160000,indiatimes.com,https://economictimes.indiatimes.com/markets/stocks/news/sustained-deal-momentum-discretionary-pick-up-hint-at-a-better-fy26-for-infosys/articleshow/117306497.cms,"Sustained deal momentum, discretionary pick up hint at a better FY26 for Infosys",NOT_RELEVANT,Unrelated acronym or foreign mention
20250116163000-645,20250116163000,rediff.com,https://www.rediff.com/business/report/markets-end-in-green-sensex-climbs-319-points/20250116.htm,Markets end in green; Sensex climbs 319 points,NOT_RELEVANT,Unrelated acronym or foreign mention
20250116190000-1906,20250116190000,indiatimes.com,https://economictimes.indiatimes.com/news/company/corporate-trends/tata-sons-to-tap-in-house-funds-for-growth/articleshow/117310020.cms,Tata Sons to tap in-house funds for growth,NOT_RELEVANT,Unrelated acronym or foreign mention
20250116220000-509,20250116220000,indiawest.com,https://indiawest.com/tcs-bets-on-north-america-to-increase-tech-investments/,"TCS Bets On North America, To Increase Tech Investments - IndiaWest Journal News",DIRECTLY_RELEVANT,"TCS Q3/FY25 earnings, financial performance, client deals, order wins, hiring, leadership, or dividend."
20250117003000-T1159,20250117003000,eleconomista.com.mx,https://www.eleconomista.com.mx/empresas/onceavo-ano-consecutivo-tcs-obtiene-certificacion-top-employer-20250116-742088.html,"Por onceavo año consecutivo, TCS obtiene certificación Top Employer",DIRECTLY_RELEVANT,"TCS Q3/FY25 earnings, financial performance, client deals, order wins, hiring, leadership, or dividend."
20250117010000-1231,20250117010000,indiatimes.com,https://economictimes.indiatimes.com/tech/information-tech/infosys-profit-surges-11-company-ups-full-year-revenue-guidance/articleshow/117309065.cms,Infosys profit surges 11%; company ups full-year revenue guidance,NOT_RELEVANT,Unrelated acronym or foreign mention
20250117013000-62,20250117013000,indiatimes.com,https://economictimes.indiatimes.com/markets/stocks/earnings/infy-profit-surges-11-co-ups-full-yr-revenue-guidance/articleshow/117315434.cms,Infosys earnings results: Infy profit surges 11%; co ups full-yr revenue guidance,NOT_RELEVANT,Unrelated acronym or foreign mention
20250117013000-T33,20250117013000,indiatimes.com,https://navbharattimes.indiatimes.com/business/share-market/share-news/stock-market-prediction-today-these-shares-including-rvnl-and-ge-shipping-showing-bullish-bias/articleshow/117309481.cms,"Stocks to Watch: आज RVNL और GE Shipping समेत ये शेयर कराएंगे फायदा, तेजी के संकेत",NOT_RELEVANT,Unrelated acronym or foreign mention
20250117021500-1682,20250117021500,itbrief.co.nz,https://itbrief.co.nz/story/charging-infrastructure-a-major-hurdle-for-ev-growth,Charging infrastructure a major hurdle for EV growth,NOT_RELEVANT,Unrelated acronym or foreign mention
20250117024500-614,20250117024500,moneycontrol.com,https://www.moneycontrol.com/news/business/markets/stocks-to-watch-today-reliance-industries-infosys-axis-bank-ltimindtree-havells-hfcl-astrazeneca-jubilant-pharmova-zaggle-in-focus-on-17-january-12912713.html,"Stocks to Watch Today: Reliance Industries, Infosys, Axis Bank, LTIMindtree, Havells, HFCL, AstraZeneca, Jubilant Pharmova, Zaggle in focus on 17 January",NOT_RELEVANT,Unrelated acronym or foreign mention
20250117024500-396,20250117024500,zerohedge.com,https://www.zerohedge.com/political/these-are-top-companies-using-h-1b-visas-2024,These Are The Top Companies Using H-1B Visas In 2024,NOT_RELEVANT,Unrelated acronym or foreign mention
20250117030000-T506,20250117030000,livehindustan.com,https://www.livehindustan.com/business/tcs-further-tightens-its-work-from-office-policy-201737080460117.html,"TCS further tightens its work from office policy TCS ने अपनी वर्क फ्रॉम ऑफिस पॉलिसी को और सख्त किया, Business Hindi News",DIRECTLY_RELEVANT,"Genuine TCS corporate event missed by matcher (France delivery centre, Visakhapatnam/Kochi campus, Oman expansion, BSNL 5G tender, H-1B commentary, WFO guidelines, iON platform)."
20250117034500-T212,20250117034500,moneycontrol.com,https://hindi.moneycontrol.com/news/markets/stocks-to-watch-today-reliance-industries-infosys-axis-bank-ltimindtree-havells-hfcl-astrazeneca-jubilant-pharmova-zaggle-in-focus-on-17-january-sensex-weekly-expiry-1951271.html,"Stocks to Watch: वॉचलिस्ट से जोड़ें ये स्टॉक्स, सेंसेक्स की वीकली एक्सपायरी को इंट्रा-डे में दिखेगा तगड़ा मूवमेंट",NOT_RELEVANT,Unrelated acronym or foreign mention
20250117044500-1070,20250117044500,hindustantimes.com,https://www.hindustantimes.com/business/nifty-sensex-plunge-due-to-falling-it-stocks-along-with-private-banks-and-auto-101737085243410.html,"Nifty, Sensex plunge due to falling IT stocks along with private banks and auto",NOT_RELEVANT,Unrelated acronym or foreign mention
20250117051500-T353,20250117051500,livehindustan.com,https://www.livehindustan.com/business/share-market-live-updates-17-january-nse-bse-sensex-nifty-infosys-ril-tcs-201737082235138.html,"share market live updates 17 January nse bse sensex nifty infosys ril tcs Share Market Live Updates 17 January: शेयर मार्केट की तेजी पर ब्रेक, रिलायंस के शेयर उछले, इन्फोसिस के लुढ़के, Business Hindi News",DIRECTLY_RELEVANT,"TCS Q3/FY25 earnings, financial performance, client deals, order wins, hiring, leadership, or dividend."
20250117051500-4,20250117051500,financialexpress.com,https://www.financialexpress.com/business/industry-q3-results-live-updates-wipro-tech-mahindra-jio-financial-services-among-others-to-release-their-q3-results-today-3717762/,"Q3 Results Live Updates: Wipro, Tech Mahindra, Jio Financial Services, among others to release their Q3 results today",NOT_RELEVANT,Unrelated acronym or foreign mention
20250117054500-137,20250117054500,indiatimes.com,https://economictimes.indiatimes.com/markets/stocks/stock-watch/stock-market-update-power-stocks-up-as-market-falls/articleshow/117320989.cms,Stock Market Sectors: Stock market update: Power stocks up as market falls,NOT_RELEVANT,Unrelated acronym or foreign mention
20250117054500-T1720,20250117054500,jansatta.com,https://www.jansatta.com/business/share-market-down-today-17-january-2025-bse-sensex-falls-485-points-nse-nifty-plunges-144-points/3782857/,Share Market Down Today Sensex Nifty 50 Share Price Gift Nifty Latest News Updates in Hindi शेयर बाजार में फिर मची भगदड़,NOT_RELEVANT,Unrelated acronym or foreign mention
20250117060000-T1711,20250117060000,dainiktribuneonline.com,https://www.dainiktribuneonline.com/news/nation/share-market-update-stock-market-opened-on-red-mark-sensex-and-nifty-fell-in-early-trade/,"Share Market Update: लाल निशान पर खुला शेयर बाजार, सेंसेक्स व निफ्टी में शुरुआती कारोबार में लुढ़के",NOT_RELEVANT,Unrelated acronym or foreign mention
20250117061500-98,20250117061500,indiatimes.com,https://economictimes.indiatimes.com/markets/stocks/stock-watch/stock-market-update-nifty-it-index-2-45-in-a-weak-market/articleshow/117321718.cms,Indices: Stock market update: Nifty IT index 2.45% in a weak market,NOT_RELEVANT,Unrelated acronym or foreign mention
20250117061500-654,20250117061500,thehindu.com,https://www.thehindu.com/business/markets/markets-drop-in-early-trade-dragged-by-infosys-axis-bank/article69107564.ece,"Markets drop in early trade dragged by Infosys, Axis Bank",NOT_RELEVANT,Unrelated acronym or foreign mention
20250117073000-706,20250117073000,livemint.com,https://www.livemint.com/market/mark-to-market/infosys-q3-revenue-growth-earnings-guidance-tcs-it-stocks-nifty-it-11737095008071.html,"Infosys investors blow hot and cold on Q3 revenue beat, guidance revision",NOT_RELEVANT,Unrelated acronym or foreign mention
20250117074500-919,20250117074500,financialexpress.com,https://www.financialexpress.com/business/industry-wipro-q3-earnings-on-january-17-here-are-4-key-things-the-street-is-watching-out-for-3717877/,Wipro Q3 earnings on January 17: Here are 4 key things the street is watching out for,NOT_RELEVANT,Unrelated acronym or foreign mention
20250117080000-315,20250117080000,invezz.com,https://invezz.com/news/2025/01/17/nifty-50-index-nears-death-cross-as-indian-rupee-plunges/,Nifty 50 index nears death cross as Indian rupee plunges,NOT_RELEVANT,Unrelated acronym or foreign mention
20250117110000-586,20250117110000,indiatimes.com,https://economictimes.indiatimes.com/markets/stocks/stock-watch/stock-market-update-mining-stocks-mixed-as-market-falls/articleshow/117331272.cms,Stock Market Sectors: Stock market update: Mining stocks mixed as market falls,NOT_RELEVANT,Unrelated acronym or foreign mention
20250117111500-645,20250117111500,orissapost.com,https://www.orissapost.com/markets-snap-three-day-winning-run-on-selloff-in-infosys-icici-bank-sensex-slumps-over-400-pts/,"Markets snap three-day winning run on selloff in Infosys, ICICI Bank; Sensex slumps over 400 pts",NOT_RELEVANT,Unrelated acronym or foreign mention
20250117113000-401,20250117113000,thehindu.com,https://www.thehindu.com/business/markets/markets-snap-3-day-winning-run-on-selloff-in-infosys-icici-bank-sensex-slumps-over-400-points/article69108602.ece,"Markets snap 3-day winning run on selloff in Infosys, ICICI Bank; Sensex slumps over 400 points",NOT_RELEVANT,Unrelated acronym or foreign mention
20250117114500-839,20250117114500,indiatimes.com,https://economictimes.indiatimes.com/markets/stocks/stock-watch/stock-market-update-nifty-it-index-2-68/articleshow/117332270.cms,Indices: Stock market update: Nifty IT index 2.68%,NOT_RELEVANT,Unrelated acronym or foreign mention
20250117114500-166,20250117114500,indiatimes.com,https://economictimes.indiatimes.com/markets/stocks/stock-watch/stock-market-update-power-stocks-up-as-market-falls/articleshow/117332770.cms,Stock Market Sectors: Stock market update: Power stocks up as market falls,NOT_RELEVANT,Unrelated acronym or foreign mention
20250117121500-1047,20250117121500,moneycontrol.com,https://www.moneycontrol.com/technology/tech-mahindra-s-headcount-declines-by-3-785-employees-in-q3fy25-article-12913390.html,"Tech Mahindra's headcount declines by 3,785 employees in Q3FY25",NOT_RELEVANT,Unrelated acronym or foreign mention
20250117123000-1599,20250117123000,channelnewsasia.com,https://www.channelnewsasia.com/business/indias-tech-mahindra-misses-q3-revenue-view-telecom-weakness-4869306,India's Tech Mahindra misses Q3 revenue view on telecom weakness,NOT_RELEVANT,Unrelated acronym or foreign mention
20250117123000-200,20250117123000,dnaindia.com,https://www.dnaindia.com/business/report-new-stricter-work-from-office-guidelines-for-tcs-staff-emergency-exception-limited-to-six-days-per-quarter-3127480,"NEW stricter Work-from-Office guidelines for TCS staff, emergency exception limited to...",DIRECTLY_RELEVANT,"TCS Q3/FY25 earnings, financial performance, client deals, order wins, hiring, leadership, or dividend."
20250117131500-170,20250117131500,indiatimes.com,https://telecom.economictimes.indiatimes.com/news/policy/320-mhz-spectrum-will-be-available-immediately-scindia/117328708,"Spectrum refarming: 320 MHz spectrum will be available immediately, says Scindia, ET Telecom",NOT_RELEVANT,Unrelated acronym or foreign mention
20250117143000-200,20250117143000,financialexpress.com,https://www.financialexpress.com/business/industry/infosys-vs-tcs-whos-leading-the-it-turnaround-race-now/3718261/,Infosys Vs TCS: Who's leading the IT turnaround race now? - Industry News,DIRECTLY_RELEVANT,"TCS Q3/FY25 earnings, financial performance, client deals, order wins, hiring, leadership, or dividend."
20250117151500-730,20250117151500,moneycontrol.com,https://www.moneycontrol.com/news/business/earnings/tech-mahindra-to-deliver-wage-hikes-in-q4-adverse-margin-impact-likely-12913471.html,"Tech Mahindra to deliver wage hikes in Q4, adverse margin impact likely",NOT_RELEVANT,Unrelated acronym or foreign mention
20250117151500-1266,20250117151500,siliconindia.com,https://www.siliconindia.com/news/general/wipro-surpasses-q3-revenue-estimates-with-strong-bfsi-growth-nid-233932-cid-1.html,Wipro Surpasses Q3 Revenue Estimates with Strong BFSI Growth,NOT_RELEVANT,Unrelated acronym or foreign mention
20250117163000-1965,20250117163000,rediff.com,https://www.rediff.com/business/report/sensex-slumps-over-400-pts-on-selloff-in-it-banking-stocks/20250117.htm,"Sensex slumps over 400 pts on selloff in IT, banking stocks",NOT_RELEVANT,Unrelated acronym or foreign mention
20250117171500-534,20250117171500,econotimes.com,http://www.econotimes.com/Infosys-Shares-Drop-Amid-Earnings-Quality-Concerns-1699470,Infosys Shares Drop Amid Earnings Quality Concerns,NOT_RELEVANT,Unrelated acronym or foreign mention
20250117171500-T2799,20250117171500,business-standard.com,https://hindi.business-standard.com/companies/after-tcs-and-hcl-tech-now-this-it-company-has-declared-a-dividend-of-rs-300-id-404480,"TCS और HCL टेक के बाद अब इस IT कंपनी ने घोषित किया 300% का डिविडेंड, झूम उठे शेयरहोल्डर्स - after tcs and hcl tech now this it company has declared a dividend of rs 300",DIRECTLY_RELEVANT,"TCS Q3/FY25 earnings, financial performance, client deals, order wins, hiring, leadership, or dividend."
20250117173000-1120,20250117173000,forbes.com,https://www.forbes.com/sites/edgarsten/2025/01/17/bumpy-road-to-ev-adoption-tata-study-shows/,Bumpy Road To EV Adoption Tata Study Shows,NOT_RELEVANT,Unrelated acronym or foreign mention
20250117180000-T224,20250117180000,moneycontrol.com,https://hindi.moneycontrol.com/news/business/wipro-headcount-decreased-by-1157-in-october-december-2024-quarter-now-company-have-232732-employees-1951458.html,"Wipro में Q3 में घटे 1157 एंप्लॉयीज, इससे पहले की दो तिमाहियों में बढ़ी थी वर्कफोर्स",NOT_RELEVANT,Unrelated acronym or foreign mention
20250117181500-T1146,20250117181500,loksatta.com,https://www.loksatta.com/business/finance/wipro-q3-results-profit-jumps-24-percent-to-rs-3354-crore-print-eco-news-zws-70-4831403/,"wipro q3 results profit jumps 24 percent to rs 3354 crore | विप्रोचा नफा २४ टक्के वाढीसह ३,३५४ कोटींवर",NOT_RELEVANT,Unrelated acronym or foreign mention
20250117190000-168,20250117190000,forbes.com,https://www.forbes.com/sites/edgarsten/2025/01/17/its-going-to-be-a-bumpy-road-to-ev-adoption-study-shows/,"It's Going To Be A Bumpy Road To EV Adoption, Study Shows",NOT_RELEVANT,Unrelated acronym or foreign mention
20250117203000-1292,20250117203000,moneylife.in,https://moneylife.in/article/business-this-week/76131.html,Business This Week,NOT_RELEVANT,Unrelated acronym or foreign mention
20250117220000-852,20250117220000,ctmirror.org,https://ctmirror.org/2025/01/17/ct-companies-h-1b-visa-immigrant/,Many CT offices rely on highly skilled immigrants with H-1B visas,NOT_RELEVANT,Unrelated acronym or foreign mention
20250118001500-T399,20250118001500,eleconomista.com.mx,https://www.eleconomista.com.mx/empresas/onceavo-ano-consecutivo-tcs-obtiene-certificacion-top-employer-20250117-742483.html,"Por onceavo año consecutivo, TCS obtiene certificación Top Employer",DIRECTLY_RELEVANT,"TCS Q3/FY25 earnings, financial performance, client deals, order wins, hiring, leadership, or dividend."
20250118054500-T614,20250118054500,tarunbharat.com,https://www.tarunbharat.com/banking-it-sales-impact-the-market/,Banking-IT sales impact the market,NOT_RELEVANT,Unrelated acronym or foreign mention
20250118064500-331,20250118064500,whatech.com,https://whatech.com/og/markets-research/it/923641-the-application-modernization-services-market-reach-usd-69-8-billion-globally-by-2032-growing-at-16-5-cagr.html,The Application Modernization Services Market Reach USD 69.8 Billion Globally by 2032 Growing at 16.5% CAGR,NOT_RELEVANT,Unrelated acronym or foreign mention
20250118120000-335,20250118120000,moneycontrol.com,https://www.moneycontrol.com/news/business/earnings/top-5-it-firms-shed-2-500-jobs-in-q3fy25-after-a-quarter-of-additions-12913680.html,"Top 5 IT firms' employee count down over 2,500 in Q3FY25, after a quarter of addition",NOT_RELEVANT,Unrelated acronym or foreign mention
20250118150000-185,20250118150000,yahoo.com,https://finance.yahoo.com/news/indias-wipro-beats-q3-revenue-101910157.html,India's Wipro banks on better 2025 after beating Q3 estimates,NOT_RELEVANT,Unrelated acronym or foreign mention
20250118191500-T252,20250118191500,nepszava.hu,https://nepszava.hu/3265335_szetcsuszott-vilag,Szétcsúszott világ,NOT_RELEVANT,Unrelated acronym or foreign mention
20250119004500-717,20250119004500,thetimes.com,https://www.thetimes.com/business-money/companies/article/tallest-tower-in-the-city-woos-firms-despite-its-sky-high-rent-p0gpcb3n8,Tallest tower in the City woos firms — despite its sky-high rent,NOT_RELEVANT,Unrelated acronym or foreign mention
20250119063000-260,20250119063000,thehindubusinessline.com,https://www.thehindubusinessline.com/markets/mcap-6-of-10-most-valued-firms-erodes-by-171-lakh-cr-infosys-tcs-major-laggards/article69115471.ece,"Mcap: 6 of 10 most valued firms erodes by ₹1.71 lakh cr; Infosys, TCS major laggards",DIRECTLY_RELEVANT,"TCS Q3/FY25 earnings, financial performance, client deals, order wins, hiring, leadership, or dividend."
20250119064500-453,20250119064500,indiatimes.com,https://economictimes.indiatimes.com/markets/stocks/news/infosys-tcs-among-major-laggards-as-m-cap-of-6-leading-firms-shrinks-by-rs-1-71-lakh-crore/articleshow/117367501.cms,"Infosys, TCS among major laggards as m-cap of 6 leading firms shrinks by Rs 1.71 lakh crore",DIRECTLY_RELEVANT,"TCS Q3/FY25 earnings, financial performance, client deals, order wins, hiring, leadership, or dividend."
20250119071500-119,20250119071500,moneycontrol.com,https://www.moneycontrol.com/news/business/mcap-of-6-of-10-most-valued-firms-erodes-by-rs-1-71-lakh-cr-infosys-tcs-major-laggards-12913933.html,"Mcap of 6 of 10 most valued firms erodes by Rs 1.71 lakh cr; Infosys, TCS major laggards",DIRECTLY_RELEVANT,"TCS Q3/FY25 earnings, financial performance, client deals, order wins, hiring, leadership, or dividend."
20250119071500-215,20250119071500,livelaw.in,https://www.livelaw.in/high-court/delhi-high-court/delhi-high-court-annual-digest-2024-part-iv-citations-1201-1394-281314,Delhi High Court Annual Digest 2024: Part IV [Citations 1201,NOT_RELEVANT,Unrelated acronym or foreign mention
20250119073000-53,20250119073000,financialexpress.com,https://www.financialexpress.com/market/market-valuation-of-six-top-firms-falls-by-rs-1-71-lakh-cr-infosys-tcs-worst-hit-3719352/,"Market valuation of six top firms falls by Rs 1.71 lakh cr; Infosys, TCS worst hit",DIRECTLY_RELEVANT,"TCS Q3/FY25 earnings, financial performance, client deals, order wins, hiring, leadership, or dividend."
20250119073000-617,20250119073000,thestatesman.com,https://www.thestatesman.com/business/market-valuation-of-six-of-top-10-valued-domestic-firms-erode-by-rs-1-71-lakh-crore-1503388210.html,Market valuation of six of top 10 valued domestic firms erode by Rs 1.71 lakh crore,NOT_RELEVANT,Unrelated acronym or foreign mention
20250119081500-T1182,20250119081500,moneycontrol.com,https://hindi.moneycontrol.com/news/business/indias-3-it-companies-among-top-five-tcs-wipro-tech-mahindra-saw-their-headcount-decrease-by-10312-in-q3-only-hcl-tech-and-infosys-saw-increase-1951642.html,"देश की टॉप 5 IT कंपनियों में से 3 ने Q3 में खोए 10312 कर्मचारी, 2 कंपनियों ने देखा 7725 का इजाफा",NOT_RELEVANT,Unrelated acronym or foreign mention
20250119081500-T1188,20250119081500,moneycontrol.com,https://hindi.moneycontrol.com/news/markets/combined-market-valuation-of-six-of-the-top-10-most-valued-firms-eroded-by-rs-1-71-lakh-crore-last-week-infosys-and-tcs-taking-the-biggest-hit-1951665.html,"Market Valuation of Top Companies: टॉप 10 कंपनियों में से 6 का m-cap ₹1.71 लाख करोड़ घटा, दो IT कंपनियों को सबसे ज्यादा नुकसान",NOT_RELEVANT,Unrelated acronym or foreign mention
20250119091500-T531,20250119091500,livehindustan.com,https://www.livehindustan.com/business/6-out-of-top-10-sensex-companies-suffered-a-loss-of-rs-171000-crore-201737272343166.html,"6 out of top 10 Sensex companies suffered a loss of Rs 171000 crore सेंसेक्स की टॉप-10 में से 6 कंपनियों को 1.71 लाख करोड़ रुपये का झटका, Business Hindi News",NOT_RELEVANT,Unrelated acronym or foreign mention
20250119104500-510,20250119104500,orissapost.com,https://www.orissapost.com/mcap-of-6-of-10-most-valued-firms-erodes-by-rs-1-71-lakh-cr-infosys-tcs-major-laggards/,"Mcap of 6 of 10 most valued firms erodes by Rs 1.71 lakh cr; Infosys, TCS major laggards",DIRECTLY_RELEVANT,"TCS Q3/FY25 earnings, financial performance, client deals, order wins, hiring, leadership, or dividend."
20250119104500-T1861,20250119104500,bhaskar.com,https://www.bhaskar.com/business/news/infosys-market-value-reliance-lic-icici-hdfc-sbi-bank-market-cap-2025-134320181.html,"Infosys Reliance Market Value; LIC HDFC | ICICI SBI Bank Market Cap 2025 | टॉप-10 कंपनियों में 6 की वैल्यू ₹1.71 लाख करोड़ गिरी: इंफोसिस टॉप लूजर, रिलायंस की वैल्यू ₹79,773 करोड़ बढ़ी; बीते हफ्ते 759 अंक गिरा सेंसेक्स",NOT_RELEVANT,Unrelated acronym or foreign mention
20250119113000-359,20250119113000,gulfnews.com,https://gulfnews.com/business/markets/how-infosys-narayana-murthy-and-his-family-lost-rs185b-in-a-day-1.500018754,How Infosys' Narayana Murthy and his family lost Rs1.85b in a day,NOT_RELEVANT,Unrelated acronym or foreign mention
20250119114500-264,20250119114500,indiatimes.com,https://economictimes.indiatimes.com/tech/information-tech/it-firms-infosys-wipro-to-speed-up-fresher-hiring-in-fy26/articleshow/117372549.cms,"IT firms Infosys, Wipro to speed up fresher hiring in FY26",NOT_RELEVANT,Unrelated acronym or foreign mention
20250119120000-81,20250119120000,indiatimes.com,https://timesofindia.indiatimes.com/business/india-business/mcap-of-6-of-10-most-valued-firms-erodes-by-rs-1-71-lakh-crore-infosys-tcs-major-laggards/articleshow/117372806.cms,"Mcap of 6 of 10 most valued firms erodes by Rs 1.71 lakh crore; Infosys, TCS major laggards",DIRECTLY_RELEVANT,"TCS Q3/FY25 earnings, financial performance, client deals, order wins, hiring, leadership, or dividend."
20250119143000-T93,20250119143000,sanjeevnitoday.com,https://sanjeevnitoday.com/market-valuation-of-top-companies-two-it-companies-suffered-the-most-loss/,Market Valuation of Top Companies: दो IT कंपनियों को सबसे ज्यादा नुकसान………'टॉप 10 कंपनियों में से 6 का m-cap ₹1.71 लाख करोड़ घटा…. – Sanjeevni Today,NOT_RELEVANT,Unrelated acronym or foreign mention
20250119150000-T2021,20250119150000,business-standard.com,https://hindi.business-standard.com/markets/mcap-of-6-out-of-top-10-sensex-companies-decreased-by-rs-71-lakh-crore-tcs-and-infosys-suffered-the-biggest-loss-id-404772,"Sensex की टॉप-10 में से 6 कंपनियों का MCap 1.71 लाख करोड़ रुपये घटा, TCS और Infosys को हुआ सबसे ज्यदा नुकसान - mcap of 6 out of top 10 sensex companies decreased by rs 71 lakh crore tcs and infosys suffered the biggest loss",DIRECTLY_RELEVANT,"TCS Q3/FY25 earnings, financial performance, client deals, order wins, hiring, leadership, or dividend."
20250120004500-274,20250120004500,livemint.com,https://www.livemint.com/companies/tcs-infosys-hcl-tech-wipro-tech-mahindra-q3-results-deal-cycle-it-services-companies-deal-tenures-global-investment-11737289856195.html,"Q3 throws focus on deal cycle, tenure for India's biggest IT service providers",NOT_RELEVANT,Unrelated acronym or foreign mention
20250120004500-596,20250120004500,livemint.com,https://www.livemint.com/companies/tcs-infosys-hcl-tech-wipro-tech-mahindra-it-services-companies-us-federal-reserve-11737264617142.html,Indian IT's top 5 might end this fiscal year a little better than the last,NOT_RELEVANT,Unrelated acronym or foreign mention
20250120014500-T1224,20250120014500,indiatimes.com,https://navbharattimes.indiatimes.com/business/share-market/share-news/stock-market-prediction-today-these-shares-including-gsfc-and-hindustan-copper-showing-bullish-bias/articleshow/117377816.cms,"Stocks to Watch: आज GSFC और Hindustan Copper समेत इन शेयरों में दिखेगा ऐक्‍शन, क्‍या लगाएंगे दांव?",NOT_RELEVANT,Unrelated acronym or foreign mention
20250120033000-86,20250120033000,indiatimes.com,https://economictimes.indiatimes.com/tech/information-tech/it-companies-see-recovery-signs-in-bfsi-spends-uptick-ai-boom/articleshow/117378253.cms,"IT companies see recovery signs in BFSI spends uptick, AI boom",NOT_RELEVANT,Unrelated acronym or foreign mention
20250120044500-T613,20250120044500,bhaskar.com,https://www.bhaskar.com/business/news/infosys-market-value-falls-mg-showcases-new-suv-magester-and-byd-showcases-seylion-7-ev-134321568.html,"Infosys' market value falls MG showcases new SUV Magester and BYD showcases Seylion 7 EV | इंफोसिस की मार्केट वैल्यू ₹62,948 करोड़ गिरी: मोबिलिटी एक्सपो में MG ने नई SUV मैजेस्टर और BYD ने सीलायन 7 EV​​​​​​​ शोकेस की",NOT_RELEVANT,Unrelated acronym or foreign mention
20250120053000-709,20250120053000,tribuneindia.com,https://www.tribuneindia.com/news/business/markets-rally-in-early-trade-on-firm-global-trends-surge-in-kotak-mahindra-bank/,"Markets rally in early trade on firm global trends, surge in Kotak Mahindra Bank",NOT_RELEVANT,Unrelated acronym or foreign mention
20250120054500-487,20250120054500,indiatimes.com,https://economictimes.indiatimes.com/markets/stocks/stock-watch/stock-market-update-power-stocks-down-as-market-rises/articleshow/117386897.cms,Stock Market Sectors: Stock market update: Power stocks down as market rises,NOT_RELEVANT,Unrelated acronym or foreign mention
20250120054500-T93,20250120054500,infonegocios.biz,https://infonegocios.biz/y-ademas/tata-consultancy-services-es-destacada-nuevamente-como-top-employer-2025-en-uruguay,Tata Consultancy Services es destacada nuevamente como Top Employer 2025 en Uruguay,DIRECTLY_RELEVANT,"TCS Q3/FY25 earnings, financial performance, client deals, order wins, hiring, leadership, or dividend."
20250120060000-246,20250120060000,indiatimes.com,https://economictimes.indiatimes.com/markets/stocks/stock-watch/stock-market-update-nifty-it-index-0-08-in-an-upbeat-market/articleshow/117387181.cms,Indices: Stock market update: Nifty IT index 0.08% in an upbeat market,NOT_RELEVANT,Unrelated acronym or foreign mention
20250120060000-298,20250120060000,financialexpress.com,https://www.financialexpress.com/business/industry-q3-results-this-week-paytm-hdfc-bank-zomato-adani-green-among-246-others-to-announce-quarter-earnings-3719914/,"Q3 Results this week: Paytm, HDFC Bank, Zomato, Adani Green, among 246 others to announce quarter earnings",NOT_RELEVANT,Unrelated acronym or foreign mention
20250120063000-451,20250120063000,siasat.com,https://www.siasat.com/markets-rally-in-early-trade-on-firm-global-trends-3167759/,Markets rally in early trade on firm global trends,NOT_RELEVANT,Unrelated acronym or foreign mention
20250120063000-267,20250120063000,thehindu.com,https://www.thehindu.com/business/markets/markets-rally-in-early-trade-on-firm-global-trends-surge-in-kotak-mahindra-bank/article69118408.ece,"Markets rally in early trade on firm global trends, surge in Kotak Mahindra Bank",NOT_RELEVANT,Unrelated acronym or foreign mention
20250120063000-T1469,20250120063000,jansatta.com,https://www.jansatta.com/business/share-market-today-20-january-2025-bse-sensex-rises-398-points-nifty-above-23300-points/3786945/,Share Market Today 20 January 2025 BSE Sensex Rises 398 points nifty above 23300 points,NOT_RELEVANT,Unrelated acronym or foreign mention
20250120064500-127,20250120064500,india.com,https://zeenews.india.com/economy/markets-rally-in-early-trade-on-firm-global-trends-sensex-climbs-398-points-2846072.html,Markets Rally In Early Trade On Firm Global Trends; Sensex Climbs 398 Points,NOT_RELEVANT,Unrelated acronym or foreign mention
20250120081500-325,20250120081500,kashmirlife.net,https://kashmirlife.net/markets-rally-in-early-trade-on-firm-global-trends-surge-in-kotak-mahindra-bank-380219/,"Markets Rally in Early Trade on Firm Global Trends, Surge in Kotak Mahindra Bank",NOT_RELEVANT,Unrelated acronym or foreign mention
20250120081500-T1138,20250120081500,punjabkesari.in,https://www.punjabkesari.in/national/news/trading-stock-market-bse--nse-nifty-2092250,"Stock Market: हफ्ते के पहले दिन शेयर बाजार में धमाका... सेंसेक्स 262 अंक उछला, इन शेयरों में तेजी",NOT_RELEVANT,Unrelated acronym or foreign mention
20250120101500-T1082,20250120101500,business-standard.com,https://hindi.business-standard.com/markets/big-opportunity-in-it-stocks-after-q3-how-to-trade-in-infosys-tcs-wipro-what-does-the-technical-chart-say-id-405085,"IT stocks: Q3 के बाद IT शेयरों में बड़ा मौका! Infosys, TCS, Wipro में कैसे करें ट्रेड, क्या कहता है टेक्निकल चार्ट? - big opportunity in it stocks after q3 how to trade in infosys tcs wipro what does the technical chart say",DIRECTLY_RELEVANT,"TCS Q3/FY25 earnings, financial performance, client deals, order wins, hiring, leadership, or dividend."
20250120103000-307,20250120103000,it-online.co.za,https://it-online.co.za/2025/01/20/2025-is-set-to-be-the-year-of-electric-vehicles/,2025 is set to be the year of electric vehicles,NOT_RELEVANT,Unrelated acronym or foreign mention
20250120103000-1190,20250120103000,htxt.co.za,https://htxt.co.za/2025/01/tcs-6-out-of-10-people-will-consider-electric-for-next-car/,TCS - 6 out of 10 people will consider electric for next car,NOT_RELEVANT,Unrelated acronym or foreign mention
20250120103000-811,20250120103000,oneindia.com,https://www.oneindia.com/india/good-news-for-graduates-32-000-freshers-to-be-hired-by-two-major-it-giants-details-inside-011-4047423.html,"Good News For Graduates: 32,000 Freshers To Be Hired By Two Major IT Giants - Details Inside!",NOT_RELEVANT,Unrelated acronym or foreign mention
20250120111500-1402,20250120111500,orissapost.com,https://www.orissapost.com/stock-markets-rally-on-firm-global-trends-spike-in-kotak-bank/,"Stock markets rally on firm global trends, spike in Kotak Bank",NOT_RELEVANT,Unrelated acronym or foreign mention
20250120111500-394,20250120111500,indiatimes.com,https://economictimes.indiatimes.com/markets/stocks/stock-watch/stock-market-update-nifty-it-index-0-38/articleshow/117396722.cms,Indices: Stock market update: Nifty IT index 0.38%,NOT_RELEVANT,Unrelated acronym or foreign mention
20250120114500-727,20250120114500,livemint.com,https://www.livemint.com/industry/infotech/infosys-wipro-tcs-hcl-tech-q3-earnings-indian-it-firms-deal-value-employee-costs-attrition-in-it-firms-11737364648029.html,In charts: How India's IT giants fared in their weakest quarter,NOT_RELEVANT,Unrelated acronym or foreign mention
20250120120000-71,20250120120000,africa-newsroom.com,https://www.africa-newsroom.com/press/winners-in-the-2025-middle-east-and-north-africa-stevier-awards-announced,APO Group - Africa Newsroom / Press release | Winners in the 2025 Middle East & North Africa Stevie® Awards Announced,NOT_RELEVANT,Unrelated acronym or foreign mention
20250120121500-612,20250120121500,rediff.com,https://www.rediff.com/business/report/sensex-spurts-454-points-nifty-closes-above-23300/20250120.htm,"Sensex spurts 454 points; Nifty closes above 23,300",NOT_RELEVANT,Unrelated acronym or foreign mention
20250120121500-T2652,20250120121500,moneycontrol.com,https://hindi.moneycontrol.com/news/markets/share-market-today-sensex-jumps-454-ponits-ahead-of-donald-trump-oathtaking-investors-earns-about-rs-3-lakh-crores-1951924.html,"Share Market: एक दिन में ₹3 लाख करोड़ की कमाई! सेंसेक्स 454 अंक उछला, इन शेयरों में सबसे अधिक तेजी",NOT_RELEVANT,Unrelated acronym or foreign mention
20250120121500-T2678,20250120121500,moneycontrol.com,https://hindi.moneycontrol.com/news/markets/gainers-losers-south-indian-bank-kalyan-jewellers-tcs-and-more-that-moved-the-most-on-20th-january-ahead-us-president-inauguration-donald-trump-comeback-1951884.html,"Gainers & Losers: ट्रंप के राष्ट्रपति बनने से पहले इन 10 शेयरों में रही तेज हलचल, इंट्रा-डे में बना तगड़ा पैसा",NOT_RELEVANT,Unrelated acronym or foreign mention
20250120123000-702,20250120123000,menafn.com,https://menafn.com/1109107450/Winners-in-the-2025-Middle-East-North-Africa-Stevie-Awards-Announced,Winners in the 2025 Middle East & North Africa Stevie® Awards Announced,NOT_RELEVANT,Unrelated acronym or foreign mention
20250120124500-202,20250120124500,thehindu.com,https://www.thehindu.com/business/markets/stock-markets-rally-on-firm-global-trends-spike-in-kotak-bank/article69119205.ece,"Stock markets rally on firm global trends, spike in Kotak Bank",NOT_RELEVANT,Unrelated acronym or foreign mention
20250120124500-243,20250120124500,tribuneindia.com,https://www.tribuneindia.com/news/business/stock-markets-rally-on-firm-global-trends-spike-in-kotak-bank/,"Stock markets rally on firm global trends, spike in Kotak Bank",NOT_RELEVANT,Unrelated acronym or foreign mention
20250120141500-1501,20250120141500,india.com,https://zeenews.india.com/economy/sensex-rallies-454-points-nifty-ends-above-23300-on-gains-in-banking-shares-firm-global-trends-2846415.html,"Sensex Rallies 454 Points, Nifty Ends Above 23,300 On Gains In Banking Shares, Firm Global Trends",NOT_RELEVANT,Unrelated acronym or foreign mention
20250120143000-599,20250120143000,theindianawaaz.com,https://theindianawaaz.com/64-of-consumers-likely-to-choose-ev-as-their-next-vehicle-in-2025-tcs-study/,64% of Consumers Likely to Choose EV as Their Next Vehicle in 2025: TCS Study,DIRECTLY_RELEVANT,"TCS Q3/FY25 earnings, financial performance, client deals, order wins, hiring, leadership, or dividend."
20250120144500-506,20250120144500,marketscreener.com,https://www.marketscreener.com/quote/stock/TATA-CONSULTANCY-SERVICES-9743454/news/Tata-Consultancy-Services-TCS-Opens-New-Delivery-Centre-in-France-to-Drive-AI-Powered-Transformati-48811796/,"Tata Consultancy Services : TCS Opens New Delivery Centre in France to Drive AI-Powered Transformation for the Aerospace and Defence Industries -January 20, 2025 at 06:03 am EST",DIRECTLY_RELEVANT,"TCS Q3/FY25 earnings, financial performance, client deals, order wins, hiring, leadership, or dividend."
20250120160000-T566,20250120160000,america-retail.com,https://america-retail.com/paises/uruguay/tata-consultancy-services-logra-distincion-como-top-employer-2025-uruguayo/,Tata Consultancy Services logra distinción como top employer 2025 uruguayo,DIRECTLY_RELEVANT,"TCS Q3/FY25 earnings, financial performance, client deals, order wins, hiring, leadership, or dividend."
20250120160000-410,20250120160000,technuter.com,https://technuter.com/breaking-news/tcs-opens-new-delivery-centre-in-france.html,TCS Opens New Delivery Centre in France,DIRECTLY_RELEVANT,"Genuine TCS corporate event missed by matcher (France delivery centre, Visakhapatnam/Kochi campus, Oman expansion, BSNL 5G tender, H-1B commentary, WFO guidelines, iON platform)."
20250120160000-201,20250120160000,cityam.com,https://www.cityam.com/back-to-the-office-helps-city-of-londons-tallest-tower-to-full-capacity/,Back to the office helps City of London's tallest tower to full capacity,NOT_RELEVANT,Unrelated acronym or foreign mention
20250120163000-1819,20250120163000,thehindubusinessline.com,https://www.thehindubusinessline.com/info-tech/it-companies-show-uptick-in-deal-wins-despite-challenges/article69119177.ece,IT companies show uptick in deal wins despite challenges - The Hindu BusinessLine,NOT_RELEVANT,Unrelated acronym or foreign mention
20250120163000-1587,20250120163000,thehindubusinessline.com,https://www.thehindubusinessline.com/markets/stock-markets/markets-soar-kotak-bank-leads-rally-with-9-jump-as-financial-stocks-shine/article69119328.ece,Markets soar: Kotak Bank leads rally with 9% jump as Financial stocks shine,NOT_RELEVANT,Unrelated acronym or foreign mention
20250120180000-T797,20250120180000,loktej.com,https://www.loktej.com/article/123467/sensex-rises-454-points-due-to-strong-global-trend--nifty-crosses-23-300-points,"मजबूत वैश्विक रुख से सेंसेक्स 454 अंक चढ़ा, निफ्टी 23,300 अंक के पार",NOT_RELEVANT,Unrelated acronym or foreign mention
20250120180000-T812,20250120180000,loktej.com,https://www.loktej.com/article/123529/center-and-svos,"दावोस बैठक में केंद्र, राज्यों ने मंडपों में दिखाई भारत की एकजुट तस्वीर",NOT_RELEVANT,Unrelated acronym or foreign mention
20250120184500-474,20250120184500,philstar.com,https://www.philstar.com/business/2025/01/21/2415626/pse-further-hikes-stake-pds,PSE further hikes stake in PDS,NOT_RELEVANT,Unrelated acronym or foreign mention
20250120184500-857,20250120184500,centralchronicle.com,https://www.centralchronicle.com/tcs-opens-new-delivery-centre-in-france/,TCS opens new delivery centre in France | Central India's Premier English Daily,DIRECTLY_RELEVANT,"Genuine TCS corporate event missed by matcher (France delivery centre, Visakhapatnam/Kochi campus, Oman expansion, BSNL 5G tender, H-1B commentary, WFO guidelines, iON platform)."
20250120191500-473,20250120191500,indiatimes.com,https://economictimes.indiatimes.com/jobs/fresher/pm-internship-phase-2-offers-sought-from-220-more-firms/articleshow/117406358.cms,PM Internship phase 2: Offers sought from 220 more firms,NOT_RELEVANT,Unrelated acronym or foreign mention
20250120211500-1058,20250120211500,indiantelevision.com,https://indiantelevision.com/mam/marketing/brands/mandhir-bhatia-advances-to--tech-head-for-corporate-marketing-at-tcs-250120,Mandhir Bhatia advances to tech head for corporate marketing at TCS,DIRECTLY_RELEVANT,"TCS Q3/FY25 earnings, financial performance, client deals, order wins, hiring, leadership, or dividend."
20250120220000-1228,20250120220000,financialexpress.com,https://www.financialexpress.com/business/industry-it-firms-see-shift-to-shorter-deal-cycles-3720861/,IT firms see shift to shorter deal cycles,NOT_RELEVANT,Unrelated acronym or foreign mention
20250121013000-995,20250121013000,financialexpress.com,https://www.financialexpress.com/business/industry-tcs-opens-new-delivery-centre-in-france-3720785/,TCS opens new delivery centre in France,DIRECTLY_RELEVANT,"Genuine TCS corporate event missed by matcher (France delivery centre, Visakhapatnam/Kochi campus, Oman expansion, BSNL 5G tender, H-1B commentary, WFO guidelines, iON platform)."
20250121014500-T23,20250121014500,indiatimes.com,https://navbharattimes.indiatimes.com/business/share-market/share-news/stock-market-prediction-today-these-shares-including-wipro-and-tejas-networks-showing-bullish-bias/articleshow/117405468.cms,"Stocks to Watch: आज Wipro और Tejas Networks समेत ये शेयर लगाएंगे दौड़, तेजी के संकेत",NOT_RELEVANT,Unrelated acronym or foreign mention
20250121020000-5,20250121020000,indiatimes.com,https://economictimes.indiatimes.com/tech/artificial-intelligence/reimagining-tech-ais-the-art-of-the-possible/articleshow/117405695.cms,Reimagining tech! AI's the art of the possible - The Economic Times,NOT_RELEVANT,Unrelated acronym or foreign mention
20250121020000-345,20250121020000,indiatimes.com,https://economictimes.indiatimes.com/tech/information-tech/top-it-firms-boost-fresher-hiring-targets-on-signs-of-demand-revival/articleshow/117405913.cms,Top IT firms boost fresher hiring targets on signs of demand revival,NOT_RELEVANT,Unrelated acronym or foreign mention
20250121024500-129,20250121024500,moneycontrol.com,https://www.moneycontrol.com/news/business/markets/stocks-to-watch-today-mcx-india-oberoi-realty-cipla-venus-remedies-dixon-technologies-l-t-finance-in-focus-on-21-january-12915226.html,"Stocks to Watch Today: MCX India, Oberoi Realty, Cipla, Venus Remedies, Dixon Technologies, L&T Finance in focus on 21 January",NOT_RELEVANT,Unrelated acronym or foreign mention
20250121024500-1027,20250121024500,thehindubusinessline.com,https://www.thehindubusinessline.com/markets/share-market-nifty-sensex-live-updates-21-january-2025/article69119807.ece,"Stock Market Live Updates 21 January 2025: Sensex, Nifty set for flat open amid global optimism on Trump's day-one policies",NOT_RELEVANT,Unrelated acronym or foreign mention
20250121031500-T60,20250121031500,tarunbharat.com,https://www.tarunbharat.com/market-capitalization-of-6-companies-falls-by-rs-1-71-lakh-crore/,Market capitalization of 6 companies falls by Rs 1.71 lakh crore,NOT_RELEVANT,Unrelated acronym or foreign mention
20250121034500-140,20250121034500,thehindubusinessline.com,https://www.thehindubusinessline.com/markets/stocks-that-will-see-action-today-january-21-2025/article69122093.ece,Stock that will see action today: 21 January 2025 - The Hindu BusinessLine,NOT_RELEVANT,Unrelated acronym or foreign mention
20250121040000-572,20250121040000,itnewsonline.com,https://www.itnewsonline.com/PRNewswire/Strategy-Consulting-Market-to-Grow-by-USD-121.2-Billion-2024-2028-Driven-by-Demand-for-Enhanced-Customer-Digital-Experience-AI-Driving-Market-Transformation---Technavio/1033933,"Strategy Consulting Market to Grow by USD 121.2 Billion (2024-2028), Driven by Demand for Enhanced Customer Digital Experience, AI Driving Market Transformation",NOT_RELEVANT,Unrelated acronym or foreign mention
20250121041500-293,20250121041500,prnewswire.com,https://www.prnewswire.com/news-releases/strategy-consulting-market-to-grow-by-usd-121-2-billion-2024-2028-driven-by-demand-for-enhanced-customer-digital-experience-ai-driving-market-transformation---technavio-302354886.html,"Strategy Consulting Market to Grow by USD 121.2 Billion (2024-2028), Driven by Demand for Enhanced Customer Digital Experience, AI Driving Market Transformation",NOT_RELEVANT,Unrelated acronym or foreign mention
20250121043000-112,20250121043000,indiainfoline.com,https://www.indiainfoline.com/news/markets/top-stocks-for-today-21st-january-2025,Top Stocks for Today - 21st January 2025,NOT_RELEVANT,Unrelated acronym or foreign mention
20250121044500-835,20250121044500,tmcnet.com,https://www.tmcnet.com/usubmit/2025/01/20/10133698.htm,"Strategy Consulting Market to Grow by USD 121.2 Billion (2024-2028), Driven by Demand for Enhanced Customer Digital Experience, AI Driving Market Transformation",NOT_RELEVANT,Unrelated acronym or foreign mention
20250121050000-511,20250121050000,news18.com,https://www.news18.com/business/markets/stocks-to-watch-tata-technologies-zomato-cipla-vi-tcs-vedanta-and-others-9195940.html,"Stocks To Watch: Tata Technologies, Zomato, Cipla, Vi, TCS, Vedanta, And Others",DIRECTLY_RELEVANT,"TCS Q3/FY25 earnings, financial performance, client deals, order wins, hiring, leadership, or dividend."
20250121051500-857,20250121051500,financialexpress.com,https://www.financialexpress.com/market/stock-in-focus-oberoi-realty-dixon-technologies-vodafone-idea-mcx-tcs-vedanta-lampt-finance-and-more-3720985/,"Stock in Focus: Oberoi Realty, Dixon Technologies, Vodafone Idea, MCX, TCS, Vedanta, L&T Finance and more",DIRECTLY_RELEVANT,"TCS Q3/FY25 earnings, financial performance, client deals, order wins, hiring, leadership, or dividend."
20250121051500-T27,20250121051500,livehindustan.com,https://www.livehindustan.com/business/stock-market-live-updates-sensex-and-nifty-jumps-in-starting-phase-201737430952847.html,"Stock market Live Updates sensex and nifty jumps in starting phase शुरुआती बढ़त के बाद फिसला शेयर, मार्केट में भारी गिरावट, सेंसेक्स 400 से अधिक अंक लुढ़का, Business Hindi News",NOT_RELEVANT,Unrelated acronym or foreign mention
20250121061500-135,20250121061500,hindustantimes.com,https://www.hindustantimes.com/trending/man-claims-indigo-staff-left-his-luggage-behind-after-being-told-there-was-no-space-on-flight-101737435670350.html,Man claims IndiGo staff left his luggage behind after being told there was no space on flight,NOT_RELEVANT,Unrelated acronym or foreign mention
20250121071500-590,20250121071500,trak.in,https://trak.in/stories/25000-tcs-employees-promoted-in-90-days-almost-20-promoted-this-fiscal-year/,"25,000 TCS Employees Promoted In 90 Days: Almost 20% Promoted This Fiscal Year - Trak.in - Indian Business of Tech, Mobile & Startups",DIRECTLY_RELEVANT,"TCS Q3/FY25 earnings, financial performance, client deals, order wins, hiring, leadership, or dividend."
20250121073000-1194,20250121073000,indiatimes.com,https://timesofindia.indiatimes.com/business/india-business/tcs-infosys-other-top-it-firms-boost-fresher-hiring-targets-details-here/articleshow/117417949.cms,"TCS, Infosys & other top IT firms boost fresher hiring targets - details here",DIRECTLY_RELEVANT,"TCS Q3/FY25 earnings, financial performance, client deals, order wins, hiring, leadership, or dividend."
20250121080000-801,20250121080000,news18.com,https://www.news18.com/viral/man-claims-indigo-left-his-luggage-behind-due-to-lack-of-space-airline-responds-aa-9196317.html,"Man Claims IndiGo Left His Luggage Behind Due To Lack Of Space, Airline Responds",NOT_RELEVANT,Unrelated acronym or foreign mention
20250121093000-118,20250121093000,moneycontrol.com,https://www.moneycontrol.com/news/world/what-does-trump-s-win-mean-for-h-1b-visa-holders-indian-techies-12915909.html,"What does Trump's win mean for H-1B visa holders, Indian techies",NOT_RELEVANT,Unrelated acronym or foreign mention
20250121093000-41,20250121093000,albawaba.com,https://www.albawaba.com/business/pr/winners-2025-middle-east-north-africa-1598472,Winners in the 2025 Middle East & North Africa Stevie® Awards Announced,NOT_RELEVANT,Unrelated acronym or foreign mention
20250121100000-907,20250121100000,moneycontrol.com,https://www.moneycontrol.com/technology/davos-2025-strength-of-llms-lie-in-training-them-with-vast-data-that-s-what-it-companies-are-good-at-says-tcs-ceo-article-12915948.html,"Davos 2025: Strength of LLMs lie in training them with vast data, that's what IT companies are good at, says TCS CEO",DIRECTLY_RELEVANT,"TCS Q3/FY25 earnings, financial performance, client deals, order wins, hiring, leadership, or dividend."
20250121101500-725,20250121101500,theweek.in,https://www.theweek.in/news/biz-tech/2025/01/21/tcs-crosses-20-billion-in-brand-value-only-the-second-it-services-company-to-reach-the-milestone.html,"TCS crosses $20 billion in brand value, only the second IT services company to reach the milestone",DIRECTLY_RELEVANT,"TCS Q3/FY25 earnings, financial performance, client deals, order wins, hiring, leadership, or dividend."
20250121110000-1277,20250121110000,itbrief.co.nz,https://itbrief.co.nz/story/tcs-surpasses-usd-21-3-billion-in-global-brand-value,TCS surpasses USD $21.3 billion in global brand value,DIRECTLY_RELEVANT,"TCS Q3/FY25 earnings, financial performance, client deals, order wins, hiring, leadership, or dividend."
20250121111500-368,20250121111500,financialexpress.com,https://www.financialexpress.com/business/digital-transformation-how-ai-and-generative-ai-are-revolutionizing-aerospace-navigation-maintenance-and-sustainability-insights-from-tcs-anupam-singhal-3721543/,"How AI and Generative AI Are Revolutionizing Aerospace Navigation, Maintenance, and Sustainability: Insights from TCS' Anupam Singhal - Digital Transformation News",DIRECTLY_RELEVANT,"TCS Q3/FY25 earnings, financial performance, client deals, order wins, hiring, leadership, or dividend."
20250121124500-1195,20250121124500,indiatimes.com,https://timesofindia.indiatimes.com/technology/tech-news/tcs-becomes-second-global-it-giant-to-surpass-21-billion-brand-valuation/articleshow/117428698.cms,TCS becomes second global IT giant to surpass $21 billion brand valuation,DIRECTLY_RELEVANT,"TCS Q3/FY25 earnings, financial performance, client deals, order wins, hiring, leadership, or dividend."
20250121124500-908,20250121124500,indiablooms.com,http://indiablooms.com/finance/tcs-becomes-second-global-it-service-brand-to-cross-usd-20-bn-in-brand-value/details,TCS becomes second global IT service brand to cross USD 20 Bn in brand value | Indiablooms - First Portal on Digital News Management,DIRECTLY_RELEVANT,"TCS Q3/FY25 earnings, financial performance, client deals, order wins, hiring, leadership, or dividend."
20250121140000-99,20250121140000,indiatimes.com,https://economictimes.indiatimes.com/tech/newsletters/tech-top-5/tumble-tuesday-for-zomato-swiggy-shares-it-firms-boost-fresher-hiring/articleshow/117429749.cms,"Tumble Tuesday for Zomato, Swiggy shares; IT firms boost fresher hiring",NOT_RELEVANT,Unrelated acronym or foreign mention
20250121150000-1598,20250121150000,itweb.co.za,https://www.itweb.co.za/article/trump-halts-us-ev-policy-as-world-prepares-for-e-mobility/Olx4zMka56Zv56km,Trump halts US EV policy as world prepares for e-mobility,NOT_RELEVANT,Unrelated acronym or foreign mention
20250121150000-902,20250121150000,thehindubusinessline.com,https://www.thehindubusinessline.com/companies/it-companies-report-growth-in-margins-in-q3/article69123060.ece,IT companies report growth in margins in Q3 - The Hindu BusinessLine,NOT_RELEVANT,Unrelated acronym or foreign mention
20250121160000-1568,20250121160000,latestly.com,https://www.latestly.com/agency-news/latest-news-indian-tech-titans-tcs-infy-hcltech-others-shine-in-brand-finances-top-it-services-brands-list-6582595.html,"Latest News | Indian Tech Titans TCS, Infy, HCLTech, Others Shine in Brand Finance's Top IT Services Brands List",DIRECTLY_RELEVANT,"TCS Q3/FY25 earnings, financial performance, client deals, order wins, hiring, leadership, or dividend."
20250121164500-1357,20250121164500,airport-technology.com,https://www.airport-technology.com/news/tcs-ai-hub-aerospace-france/,TCS launches AI hub for aerospace in France,DIRECTLY_RELEVANT,"TCS Q3/FY25 earnings, financial performance, client deals, order wins, hiring, leadership, or dividend."
20250121184500-926,20250121184500,centralchronicle.com,https://www.centralchronicle.com/tcs-achieves-major-milestone-becoming-second-global-it-services-brand-to-cross-20bn-in-brand-value/,TCS achieves major milestone becoming second global IT services brand to cross $20Bn in brand value,DIRECTLY_RELEVANT,"TCS Q3/FY25 earnings, financial performance, client deals, order wins, hiring, leadership, or dividend."
20250121213000-T1416,20250121213000,inewsgr.com,https://www.inewsgr.com/374/DAYTONA-ORAMA-125-ABSTCS.htm,DAYTONA ORAMA 125 ABS/TCS,NOT_RELEVANT,Unrelated acronym or foreign mention
20250121234500-875,20250121234500,scoop.co.nz,https://www.scoop.co.nz/stories/HL2501/S00032/on-the-looming-conflicts-within-the-trump-presidency.htm,On The Looming Conflicts Within The Trump Presidency,NOT_RELEVANT,Unrelated acronym or foreign mention
20250122000000-887,20250122000000,straitstimes.com,https://www.straitstimes.com/world/the-fun-stops-here-davos-elites-grapple-with-the-realities-of-the-return-of-trump,'The fun stops here': Davos elites at economic forum grapple with realities of Trump's return,NOT_RELEVANT,Unrelated acronym or foreign mention
20250122004500-1788,20250122004500,livemint.com,https://www.livemint.com/companies/it-services-companies-ai-tools-infosys-tech-mahindra-tcs-wipro-hcl-tech-ai-models-generative-ai-llms-slms-chatgpt-11737454537912.html,Indian IT services firms take a divergent AI approach,NOT_RELEVANT,Unrelated acronym or foreign mention
20250122014500-T159,20250122014500,tarunbharat.com,https://www.tarunbharat.com/the-upcoming-financial-year-is-positive-for-it/,The upcoming financial year is positive for IT.,NOT_RELEVANT,Unrelated acronym or foreign mention
20250122050000-758,20250122050000,indiatimes.com,https://economictimes.indiatimes.com/markets/stocks/stock-watch/stock-market-update-fmcg-stocks-down-as-market-rises/articleshow/117444122.cms,Stock Market Sectors: Stock market update: FMCG stocks down as market rises,NOT_RELEVANT,Unrelated acronym or foreign mention
20250122050000-1194,20250122050000,indiatimes.com,https://economictimes.indiatimes.com/markets/stocks/stock-watch/stock-market-update-nifty-it-index-0-78-in-an-upbeat-market/articleshow/117444213.cms,Indices: Stock market update: Nifty IT index 0.78% in an upbeat market,NOT_RELEVANT,Unrelated acronym or foreign mention
20250122050000-482,20250122050000,asianews.network,https://asianews.network/the-fun-stops-here-davos-elites-at-economic-forum-grapple-with-realities-of-trumps-return/,'The fun stops here': Davos elites at economic forum grapple with realities of Trump's return,NOT_RELEVANT,Unrelated acronym or foreign mention
20250122054500-920,20250122054500,thehindu.com,https://www.thehindu.com/business/markets/sensex-updates-on-january-22-2025/article69126311.ece,Sensex climbs 366 points in early trade amid mixed global equities,NOT_RELEVANT,Unrelated acronym or foreign mention
20250122054500-407,20250122054500,indiatimes.com,https://economictimes.indiatimes.com/markets/stocks/stock-watch/stock-market-update-fertilisers-stocks-down-as-market-rises/articleshow/117445573.cms,Stock Market Sectors: Stock market update: Fertilisers stocks down as market rises,NOT_RELEVANT,Unrelated acronym or foreign mention
20250122054500-259,20250122054500,indiatimes.com,https://economictimes.indiatimes.com/markets/stocks/stock-watch/stock-market-update-mining-stocks-down-as-market-rises/articleshow/117444933.cms,Stock Market Sectors: Stock market update: Mining stocks down as market rises,NOT_RELEVANT,Unrelated acronym or foreign mention
20250122054500-264,20250122054500,indiatimes.com,https://economictimes.indiatimes.com/markets/stocks/stock-watch/stock-market-update-power-stocks-down-as-market-rises/articleshow/117445182.cms,Stock Market Sectors: Stock market update: Power stocks down as market rises,NOT_RELEVANT,Unrelated acronym or foreign mention
20250122063000-614,20250122063000,indiatimes.com,https://economictimes.indiatimes.com/markets/stocks/stock-watch/share-market-update-most-active-stocks-on-d-street-today-in-terms-of-volume/articleshow/117446294.cms,share market: Share market update: Most active stocks on D-Street today in terms of volume,NOT_RELEVANT,Unrelated acronym or foreign mention
20250122063000-205,20250122063000,indiatimes.com,https://economictimes.indiatimes.com/markets/stocks/stock-watch/share-market-update-most-active-stocks-of-the-day-in-terms-of-total-traded-value/articleshow/117446146.cms,active stocks: Share market update: Most active stocks of the day in terms of total traded value,NOT_RELEVANT,Unrelated acronym or foreign mention
20250122063000-T1725,20250122063000,indiatimes.com,https://navbharattimes.indiatimes.com/business/share-market/share-news/tata-group-company-tcs-becomes-second-global-it-giant-to-surpass-21-billion-dollar-brand-valuation/articleshow/117445587.cms,"टाटा ग्रुप की आईटी कंपनी टीसीएस को मिली यह उपलब्धि, दुनिया में दूसरा स्थान - tata group company tcs becomes second global it giant to surpass 21 billion dollar brand valuation",DIRECTLY_RELEVANT,"TCS Q3/FY25 earnings, financial performance, client deals, order wins, hiring, leadership, or dividend."
20250122064500-642,20250122064500,wkrb13.com,https://www.wkrb13.com/2025/01/22/the-container-store-group-nysetcs-now-covered-by-analysts-at-stocknews-com.html,The Container Store Group (NYSE:TCS) Now Covered by Analysts at StockNews.com,NOT_RELEVANT,Foreign corporate / sports entity collision
20250122071500-T737,20250122071500,dainiktribuneonline.com,https://www.dainiktribuneonline.com/news/business/indian-stock-market-sensex-nifty-started-trading-with-a-positive-trend/,"Indian Stock Market: सेंसेक्स, निफ्टी ने सकारात्मक रुख के साथ की कारोबार की शुरुआत",NOT_RELEVANT,Unrelated acronym or foreign mention
20250122081500-844,20250122081500,siliconrepublic.com,https://www.siliconrepublic.com/careers/automotive-engineering-careers-ireland-tcs-jlr-atu,Careers in automotive engineering: What you need to know,NOT_RELEVANT,Unrelated acronym or foreign mention
20250122083000-778,20250122083000,dailypioneer.com,https://www.dailypioneer.com/2025/business/markets-rally-in-early-trade-amid-mixed-global-equities.html,Markets rally in early trade amid mixed global equities,NOT_RELEVANT,Unrelated acronym or foreign mention
20250122084500-688,20250122084500,phnompenhpost.com,https://www.phnompenhpost.com/business/-the-fun-stops-here-davos-elites-at-economic-forum-grapple-with-realities-of-trump-s-return,​'The fun stops here': Davos elites at economic forum grapple with realities of Trump's return,NOT_RELEVANT,Unrelated acronym or foreign mention
20250122090000-930,20250122090000,orissadiary.com,https://orissadiary.com/tcs-achieves-major-milestone-becoming-the-2nd-global-it-services-brand-to-cross-20bn-in-brand-value/,TCS Achieves Major Milestone Becoming the 2nd Global IT Services Brand to Cross $20Bn In Brand Value,DIRECTLY_RELEVANT,"TCS Q3/FY25 earnings, financial performance, client deals, order wins, hiring, leadership, or dividend."
20250122090000-T613,20250122090000,livehindustan.com,https://www.livehindustan.com/bihar/payments-of-salary-to-mlc-teachers-clearance-of-bills-worth-thousands-crore-stuck-in-cfms-2-0-implementation-201737531374220.html,"Payments of salary to MLC Teachers clearance of bills worth thousands crore stuck in CFMS 2.0 implementation बिहार में CFMS 2.0 से कोहराम; 20 दिनों से अटका है MLC से टीचर तक का वेतन, हजारों करोड़ का बिल, Bihar Hindi News",NOT_RELEVANT,Unrelated acronym or foreign mention
20250122091500-78,20250122091500,businesstoday.in,https://www.businesstoday.in/wef-2025/story/wef-davos-2025-tcs-ceo-krithivasan-reacts-to-lt-chairmans-90-hour-work-week-461674-2025-01-22,'Don't take whatever he said...': TCS CEO Krithivasan reacts to L&T Chairman's 90-hour work week,DIRECTLY_RELEVANT,"TCS Q3/FY25 earnings, financial performance, client deals, order wins, hiring, leadership, or dividend."
20250122100000-421,20250122100000,webindia123.com,https://news.webindia123.com/news/Articles/Business/20250122/4279232.html,Telangana highlights skill development initiatives at CII Breakfast Session in Davos,NOT_RELEVANT,Unrelated acronym or foreign mention
20250122103000-661,20250122103000,indiatimes.com,https://economictimes.indiatimes.com/markets/stocks/news/nifty-12-down-from-peak-bnp-paribas-sets-25500-target-for-c25-lists-18-top-buy-ideas/articleshow/117453954.cms,"Nifty 12% down from peak. BNP Paribas sets 25,500 target for C25, lists 18 top buy ideas",NOT_RELEVANT,Unrelated acronym or foreign mention
20250122103000-228,20250122103000,bignewsnetwork.com,https://www.bignewsnetwork.com/news/274972945/telangana-highlights-skill-development-initiatives-at-cii-breakfast-session-in-davos,Telangana highlights skill development initiatives at CII Breakfast Session in Davos,NOT_RELEVANT,Unrelated acronym or foreign mention
20250122104500-805,20250122104500,menafn.com,https://menafn.com/1109116648/Indias-Strategic-Advantage-In-Gccs-Highlighted-At-WEF-2025,India's Strategic Advantage In Gccs Highlighted At WEF 2025,NOT_RELEVANT,Unrelated acronym or foreign mention
20250122104500-111,20250122104500,webindia123.com,https://news.webindia123.com/news/Articles/World/20250122/4279270.html,RAK to host Stevie Awards ceremony on February 22,NOT_RELEVANT,Unrelated acronym or foreign mention
20250122104500-732,20250122104500,dnaindia.com,https://www.dnaindia.com/business/report-months-after-ratan-tata-s-death-this-tata-company-ranks-second-global-it-leader-with-brand-valuation-of-rs-3128329,"Months after Ratan Tata's death, this Tata company ranks second global IT leader with brand valuation of Rs...",NOT_RELEVANT,Unrelated acronym or foreign mention
20250122110000-621,20250122110000,orissapost.com,https://www.orissapost.com/sensex-nifty-rebound-on-buying-in-infosys-hdfc-bank-firm-global-trends/,"Sensex, Nifty rebound on buying in Infosys, HDFC Bank, firm global trends",NOT_RELEVANT,Unrelated acronym or foreign mention
20250122111500-1199,20250122111500,prokerala.com,https://www.prokerala.com/news/articles/a1600947.html,India's strategic advantage in GCCs highlighted at WEF 2025,NOT_RELEVANT,Unrelated acronym or foreign mention
20250122111500-450,20250122111500,dailyexcelsior.com,https://www.dailyexcelsior.com/sensex-nifty-rebound-on-buying-in-infosys-hdfc-bank-firm-global-trends/,"Sensex, Nifty rebound on buying in Infosys, HDFC Bank, firm global trends",NOT_RELEVANT,Unrelated acronym or foreign mention
20250122111500-1406,20250122111500,aninews.in,https://aninews.in/news/business/telangana-highlights-skill-development-initiatives-at-cii-breakfast-session-in-davos20250122143536/,Telangana highlights skill development initiatives at CII Breakfast Session in Davos,NOT_RELEVANT,Unrelated acronym or foreign mention
20250122111500-509,20250122111500,aninews.in,https://www.aninews.in/news/world/middle-east/rak-to-host-stevie-awards-ceremony-on-february-2220250122151001/,RAK to host Stevie Awards ceremony on February 22,NOT_RELEVANT,Unrelated acronym or foreign mention
20250122111500-575,20250122111500,aninews.in,https://aninews.in/news/world/middle-east/rak-to-host-stevie-awards-ceremony-on-february-2220250122151001/,RAK to host Stevie Awards ceremony on February 22,NOT_RELEVANT,Unrelated acronym or foreign mention
20250122111500-65,20250122111500,thehindu.com,https://www.thehindu.com/business/markets/sensex-nifty-rebound-on-buying-in-infosys-hdfc-bank-firm-global-trends/article69127358.ece,"Sensex, Nifty rebound on buying in Infosys, HDFC Bank, firm global trends",NOT_RELEVANT,Unrelated acronym or foreign mention
20250122111500-250,20250122111500,rediff.com,https://www.rediff.com/business/report/tech-accenture-tcs-infosys-hcltech-top-2025-brand-finance-it-services-ranking/20250122.htm,"Accenture, TCS, Infosys, HCLTech top 2025 Brand Finance IT Services ranking",DIRECTLY_RELEVANT,"TCS Q3/FY25 earnings, financial performance, client deals, order wins, hiring, leadership, or dividend."
20250122111500-1165,20250122111500,indiatimes.com,https://economictimes.indiatimes.com/markets/stocks/stock-watch/stock-market-update-sugar-stocks-down-as-market-rises/articleshow/117456049.cms,Stock Market Sectors: Stock market update: Sugar stocks down as market rises,NOT_RELEVANT,Unrelated acronym or foreign mention
20250122111500-T1396,20250122111500,moneycontrol.com,https://hindi.moneycontrol.com/news/markets/share-market-today-sensex-nifty-surges-but-mid-and-smallcap-witness-bloodbath-investors-losts-over-rs-2-lakh-core-1952361.html,"Share Market: सेंसेक्स उछला, फिर भी ₹2 लाख करोड़ के घाटे में रहे निवेशक, छोटे और मझोले शेयरों में मचा हाहाकार",NOT_RELEVANT,Unrelated acronym or foreign mention
20250122113000-611,20250122113000,bignewsnetwork.com,https://www.bignewsnetwork.com/news/274972993/rak-to-host-stevie-awards-ceremony-on-february-22,RAK to host Stevie Awards ceremony on February 22,NOT_RELEVANT,Unrelated acronym or foreign mention
20250122113000-259,20250122113000,latestly.com,https://www.latestly.com/agency-news/business-news-telangana-highlights-skill-development-initiatives-at-cii-breakfast-session-in-davos-6584650.html,Business News | Telangana Highlights Skill Development Initiatives at CII Breakfast Session in Davos,NOT_RELEVANT,Unrelated acronym or foreign mention
20250122113000-863,20250122113000,bignewsnetwork.com,https://www.bignewsnetwork.com/news/274972990/rak-to-host-stevie-awards-ceremony-on-february-22,RAK to host Stevie Awards ceremony on February 22,NOT_RELEVANT,Unrelated acronym or foreign mention
20250122113000-321,20250122113000,theprint.in,https://theprint.in/world/rak-to-host-stevie-awards-ceremony-on-february-22/2457130/,RAK to host Stevie Awards ceremony on February 22,NOT_RELEVANT,Unrelated acronym or foreign mention
20250122114500-643,20250122114500,thehindu.com,https://www.thehindu.com/news/cities/bangalore/interview-with-musician-madan-gopal-singh-ahead-of-tcs-ruhaniyat-2025-in-bengaluru/article69123177.ece,Interview with musician Madan Gopal Singh ahead of TCS Ruhaniyat 2025 in Bengaluru,NOT_RELEVANT,Unrelated acronym or foreign mention
20250122114500-588,20250122114500,nigeriasun.com,https://www.nigeriasun.com/news/274972993/rak-to-host-stevie-awards-ceremony-on-february-22,RAK to host Stevie Awards ceremony on February 22,NOT_RELEVANT,Unrelated acronym or foreign mention
20250122120000-759,20250122120000,indiatimes.com,https://economictimes.indiatimes.com/markets/stocks/stock-watch/stock-market-update-nifty-it-index-2-14/articleshow/117457495.cms,Indices: Stock market update: Nifty IT index 2.14%,NOT_RELEVANT,Unrelated acronym or foreign mention
20250122120000-925,20250122120000,financialexpress.com,https://www.financialexpress.com/business/tcs-opens-ai-powered-delivery-center-in-toulouse-to-drive-aerospace-and-defence-innovation-3722491/,TCS Opens AI-Powered Delivery Center in Toulouse to Drive Aerospace and Defence Innovation - Business News,DIRECTLY_RELEVANT,"TCS Q3/FY25 earnings, financial performance, client deals, order wins, hiring, leadership, or dividend."
20250122120000-390,20250122120000,nigeriasun.com,https://www.nigeriasun.com/news/274972990/rak-to-host-stevie-awards-ceremony-on-february-22,RAK to host Stevie Awards ceremony on February 22,NOT_RELEVANT,Unrelated acronym or foreign mention
20250122121500-884,20250122121500,srilankasource.com,https://www.srilankasource.com/news/274972945/telangana-highlights-skill-development-initiatives-at-cii-breakfast-session-in-davos,Telangana highlights skill development initiatives at CII Breakfast Session in Davos,NOT_RELEVANT,Unrelated acronym or foreign mention
20250122123000-655,20250122123000,indiatimes.com,https://economictimes.indiatimes.com/markets/stocks/stock-watch/share-market-update-most-active-stocks-of-the-day-in-terms-of-traded-value/articleshow/117457773.cms,active stocks: Share market update: Most active stocks of the day in terms of traded value,NOT_RELEVANT,Unrelated acronym or foreign mention
20250122123000-1121,20250122123000,indiatimes.com,https://economictimes.indiatimes.com/news/india/indias-global-capability-centres-transform-from-cost-arbitrage-to-innovation-hubs-indian-leaders-at-davos/articleshow/117458065.cms,India's global capability centres transform from cost-arbitrage to innovation hubs: Indian leaders at Davos,NOT_RELEVANT,Unrelated acronym or foreign mention
20250122123000-731,20250122123000,indiatimes.com,https://telecom.economictimes.indiatimes.com/news/industry/bsnl-makes-65000-4g-sites-live-to-ensure-wider-coverage-robert-ravi/117455889,"BSNL makes 65,000 4G sites live, to ensure wider coverage: Robert Ravi, ET Telecom",NOT_RELEVANT,Unrelated acronym or foreign mention
20250122130000-T1620,20250122130000,loktej.com,https://www.loktej.com/article/124295/stock-market-brightened-due-to-buying-in-it--sensex-jumped-567-points,"आईटी में खरीदारी से शेयर बाजार में रौनक लौटी, सेंसेक्स 567 अंक उछला",NOT_RELEVANT,Unrelated acronym or foreign mention
20250122130000-T1597,20250122130000,prabhatkhabar.com,https://www.prabhatkhabar.com/business/stock-market-sensex-surges-567-points-nifty-reclaims-23150-amid-positive-global-cues,"Stock Market: शेयर बाजार में रौनक लौटी, 567 अंक उछला सेंसेक्स",NOT_RELEVANT,Unrelated acronym or foreign mention
20250122133000-865,20250122133000,tribuneindia.com,https://www.tribuneindia.com/news/business/sensex-nifty-rebound-on-buying-in-infosys-hdfc-bank-firm-global-trends/,"Sensex, Nifty rebound on buying in Infosys, HDFC Bank, firm global trends",NOT_RELEVANT,Unrelated acronym or foreign mention
20250122140000-295,20250122140000,sierraleonetimes.com,https://www.sierraleonetimes.com/news/274972993/rak-to-host-stevie-awards-ceremony-on-february-22,RAK to host Stevie Awards ceremony on February 22,NOT_RELEVANT,Unrelated acronym or foreign mention
20250122140000-1475,20250122140000,sierraleonetimes.com,https://www.sierraleonetimes.com/news/274972990/rak-to-host-stevie-awards-ceremony-on-february-22,RAK to host Stevie Awards ceremony on February 22,NOT_RELEVANT,Unrelated acronym or foreign mention
20250122140000-1803,20250122140000,thehindubusinessline.com,https://www.thehindubusinessline.com/markets/stock-markets/markets-end-higher-led-by-it-stocks-infosys-tcs-surge-while-tata-motors-powergrid-drop/article69127415.ece,"Markets end higher led by IT stocks; Infosys, TCS surge while Tata Motors, Powergrid drop",DIRECTLY_RELEVANT,"TCS Q3/FY25 earnings, financial performance, client deals, order wins, hiring, leadership, or dividend."
20250122143000-1577,20250122143000,aninews.in,https://aninews.in/news/business/indias-gccs-transform-from-cost-arbitrage-to-innovation-hubs-driving-global-growth-cii-session20250122175131/,"India's GCCs transform from cost arbitrage to innovation hubs, driving global growth: CII session",NOT_RELEVANT,Unrelated acronym or foreign mention
20250122150000-1211,20250122150000,finanznachrichten.de,https://www.finanznachrichten.de/nachrichten-2025-01/64355444-mastercard-charging-ahead-200.htm,Mastercard: Charging Ahead,NOT_RELEVANT,Unrelated acronym or foreign mention
20250122150000-1031,20250122150000,adgully.com,https://www.adgully.com/tcs-surpasses-20-billion-in-brand-value-secures-global-it-leadership-155378.html,"TCS surpasses $20 billion in brand value, secures global IT leadership",DIRECTLY_RELEVANT,"TCS Q3/FY25 earnings, financial performance, client deals, order wins, hiring, leadership, or dividend."
20250122151500-192,20250122151500,marketscreener.com,https://www.marketscreener.com/quote/stock/TESLA-INC-6344549/news/Mastercard-Charging-Ahead-48838642/,"Mastercard: Charging Ahead -January 22, 2025 at 09:54 am EST",NOT_RELEVANT,Unrelated acronym or foreign mention
20250122160000-1460,20250122160000,rediff.com,https://www.rediff.com/business/report/sensex-nifty-rebound-on-buying-in-infosys-hdfc-bank/20250122.htm,"Sensex, Nifty rebound on buying in Infosys, HDFC Bank",NOT_RELEVANT,Unrelated acronym or foreign mention
20250122161500-1464,20250122161500,singaporestar.com,https://www.singaporestar.com/news/274972945/telangana-highlights-skill-development-initiatives-at-cii-breakfast-session-in-davos,Telangana highlights skill development initiatives at CII Breakfast Session in Davos,NOT_RELEVANT,Unrelated acronym or foreign mention
20250122161500-475,20250122161500,singaporestar.com,https://www.singaporestar.com/news/274973402/india-gccs-transform-from-cost-arbitrage-to-innovation-hubs-driving-global-growth-cii-session,"India's GCCs transform from cost arbitrage to innovation hubs, driving global growth: CII session",NOT_RELEVANT,Unrelated acronym or foreign mention
20250122163000-489,20250122163000,thestatesman.com,https://www.thestatesman.com/business/benchmark-indices-close-high-driven-by-tech-stocks-1503389478.html,Benchmark indices close high driven by tech stocks,NOT_RELEVANT,Unrelated acronym or foreign mention
20250122184500-2219,20250122184500,dw.com,https://www.dw.com/en/wef-donald-trumps-500-billion-ai-bazooka-adds-to-buzz-in-davos/a-71375833,WEF: Trump's $500 billion AI bazooka adds to buzz in Davos – DW – 01/22/2025,NOT_RELEVANT,Unrelated acronym or foreign mention
20250122190000-T2045,20250122190000,business-standard.com,https://hindi.business-standard.com/markets/share-market/why-did-infosys-tcs-shares-rise-after-trumps-announcement-then-what-happened-in-the-market-id-406047,"Trump के एलान से क्योंं उछले Infosys, TCS के शेयर, फिर मार्केट में क्या हुआ - why did infosys tcs shares rise after trumps announcement then what happened in the market",DIRECTLY_RELEVANT,"TCS Q3/FY25 earnings, financial performance, client deals, order wins, hiring, leadership, or dividend."
20250122190000-189,20250122190000,indianexpress.com,https://indianexpress.com/article/business/sensex-nifty-infosys-hdfc-bank-firm-global-trends-9793289/,"Sensex, Nifty rebound on buying in Infosys, HDFC Bank, firm global trends",NOT_RELEVANT,Unrelated acronym or foreign mention
20250122193000-1291,20250122193000,dw.com,https://www.dw.com/en/wef-trumps-500-billion-ai-bazooka-adds-to-buzz-in-davos/a-71375833,WEF: Trump's $500 billion AI bazooka adds to buzz in Davos – DW – 01/22/2025,NOT_RELEVANT,Unrelated acronym or foreign mention
20250122204500-1067,20250122204500,menafn.com,https://menafn.com/1109119350/90-Hour-Work-Week-TCS-CEO-Krithivasan-Defends-LT-Chairman-Subrahmanyans-Comment,90-Hour Work Week: TCS CEO Krithivasan Defends L&T Chairman Subrahmanyan's Comment,DIRECTLY_RELEVANT,"TCS Q3/FY25 earnings, financial performance, client deals, order wins, hiring, leadership, or dividend."
20250122223000-546,20250122223000,financialexpress.com,https://www.financialexpress.com/business/industry-h-1b-visa-changes-likely-to-have-minimal-impact-on-it-sector-3723017/,H-1B visa changes likely to have minimal impact on IT sector,NOT_RELEVANT,Unrelated acronym or foreign mention
20250122230000-873,20250122230000,dailypioneer.com,https://www.dailypioneer.com/2025/business/sensex--nifty-rebound-on-buying-in-infosys--hdfc-bank--firm-global-trends.html,"Sensex, Nifty rebound on buying in Infosys, HDFC Bank, firm global trends",NOT_RELEVANT,Unrelated acronym or foreign mention
20250123033000-24,20250123033000,newkerala.com,https://www.newkerala.com/news/o/rak-host-stevie-awards-ceremony-february-22-972,Stevie Awards MENA 2025: Ras Al Khaimah Honors Regional Excellence,NOT_RELEVANT,Unrelated acronym or foreign mention
20250123033000-453,20250123033000,newkerala.com,https://www.newkerala.com/news/o/telangana-highlights-skill-development-initiatives-cii-breakfast-session-davos-491,Telangana's Skill Development Vision at Davos 2025,NOT_RELEVANT,Unrelated acronym or foreign mention
20250123064500-T651,20250123064500,livehindustan.com,https://www.livehindustan.com/business/stock-market-live-updates-sensex-nifty-crashed-today-201737603525705.html,"Stock Market Live Updates Sensex nifty crashed today Stock Market Live Updates Today: शेयर बाजार में रिकवरी, सेंसेक्स और निफ्टी में उछाल, जोमैटो पर दांव लगा रहे निवेशक, Business Hindi News",NOT_RELEVANT,Unrelated acronym or foreign mention
20250123080000-793,20250123080000,dw.com,https://www.dw.com/en/tech-titans-openai-oracle-softbank-join-trump-for-ai-billion-dollar-initiative/a-71375833,Davos: Trump's $500 billion AI bazooka adds to buzz at WEF – DW – 01/22/2025,NOT_RELEVANT,Unrelated acronym or foreign mention
20250123081500-821,20250123081500,moneycontrol.com,https://www.moneycontrol.com/technology/trump-s-birthright-citizenship-order-likely-to-face-legal-hurdles-say-experts-article-12917689.html,"Trump's birthright citizenship order likely to face legal hurdles, say experts",NOT_RELEVANT,Unrelated acronym or foreign mention
20250123090000-798,20250123090000,newkerala.com,https://www.newkerala.com/news/o/indias-strategic-advantage-gccs-highlighted-wef-2025-762,India's GCC Advantage: Strategic Growth at WEF 2025,NOT_RELEVANT,Unrelated acronym or foreign mention
20250123104500-9,20250123104500,rediff.com,https://www.rediff.com/business/report/trumps-latest-comment-gives-it-cos-hope/20250123.htm,Trump's Latest Comment Gives IT Cos Hope,NOT_RELEVANT,Unrelated acronym or foreign mention
20250123114500-1584,20250123114500,indiatimes.com,https://economictimes.indiatimes.com/markets/stocks/stock-watch/stock-market-update-nifty-it-index-1-79/articleshow/117487056.cms,Indices: Stock market update: Nifty IT index 1.79%,NOT_RELEVANT,Unrelated acronym or foreign mention
20250123134500-661,20250123134500,indiatimes.com,https://economictimes.indiatimes.com/markets/stocks/news/tcs-infosys-set-to-gain-from-sliding-rupee-bharti-airtel-olas-parent-brace-for-challenges-moodys/articleshow/117490663.cms,"TCS, Infosys set to gain from sliding rupee; Bharti Airtel, Ola's parent brace for challenges: Moody's",DIRECTLY_RELEVANT,"Genuine TCS corporate event missed by matcher (France delivery centre, Visakhapatnam/Kochi campus, Oman expansion, BSNL 5G tender, H-1B commentary, WFO guidelines, iON platform)."
20250123141500-1735,20250123141500,magicbricks.com,https://www.magicbricks.com/property-for-sale-rent-area-Central-in-Bangalore/residential-real-estate-area-Central-in-Bangalore,Real Estate | Property in India | Buy/Sale/Rent Properties,NOT_RELEVANT,Unrelated acronym or foreign mention
20250123141500-545,20250123141500,magicbricks.com,https://www.magicbricks.com/property-for-sale-rent-area-East-in-Bangalore/residential-real-estate-area-East-in-Bangalore,Real Estate | Property in India | Buy/Sale/Rent Properties,NOT_RELEVANT,Unrelated acronym or foreign mention
20250123141500-741,20250123141500,magicbricks.com,https://www.magicbricks.com/property-for-sale-rent-area-North-in-Bangalore/residential-real-estate-area-North-in-Bangalore,Real Estate | Property in India | Buy/Sale/Rent Properties,NOT_RELEVANT,Unrelated acronym or foreign mention
20250123141500-1662,20250123141500,magicbricks.com,https://www.magicbricks.com/property-for-sale-rent-area-South-in-Bangalore/residential-real-estate-area-South-in-Bangalore,Real Estate | Property in India | Buy/Sale/Rent Properties,NOT_RELEVANT,Unrelated acronym or foreign mention
20250123141500-1527,20250123141500,magicbricks.com,https://www.magicbricks.com/property-for-sale-rent-area-West-in-Bangalore/residential-real-estate-area-West-in-Bangalore,Real Estate | Property in India | Buy/Sale/Rent Properties,NOT_RELEVANT,Unrelated acronym or foreign mention
20250123180000-611,20250123180000,financialexpress.com,https://www.financialexpress.com/trending/tcs-ceo-krithivasan-responds-to-90-hour-work-week-controversy-says-were-making-too-much-of-this-stresses-on-personal-balance/3724355/,"TCS CEO Krithivasan, 90-hour workweek, work-life balance, L&T Chairman SN Subrahmanyan, Infosys co-founder Narayana Murthy, personal work balance, youth work ethics, working on Sundays, employee well-being, workweek debate, work-life balance controversy, employee health, work culture in India, workweek debate backlash, long work hours, work expectations, Krithivasan's perspective, meme-fest, Sunday work debate, work-life balance in India, 70-hour workweek, employee work culture - Trending News",DIRECTLY_RELEVANT,"TCS Q3/FY25 earnings, financial performance, client deals, order wins, hiring, leadership, or dividend."
20250123201500-647,20250123201500,theindianawaaz.com,https://theindianawaaz.com/tcs-becomes-2nd-global-it-services-brand-to-cross-20bn-in-brand-value/,TCS Becomes 2nd Global IT Services Brand to Cross $20Bn In Brand Value – The Indian Awaaz,DIRECTLY_RELEVANT,"TCS Q3/FY25 earnings, financial performance, client deals, order wins, hiring, leadership, or dividend."
20250124011500-1197,20250124011500,prweb.com,https://www.prweb.com/releases/final-entry-deadline-extended-in-the-19th-annual-stevie-awards-for-sales--customer-service-302358875.html,Final Entry Deadline Extended in the 19th Annual Stevie® Awards for Sales & Customer Service,NOT_RELEVANT,Unrelated acronym or foreign mention
20250124053000-428,20250124053000,indiatimes.com,https://economictimes.indiatimes.com/markets/stocks/stock-watch/stock-market-update-power-stocks-down-as-market-falls/articleshow/117507171.cms,Stock Market Sectors: Stock market update: Power stocks down as market falls,NOT_RELEVANT,Unrelated acronym or foreign mention
20250124053000-777,20250124053000,indiatimes.com,https://economictimes.indiatimes.com/markets/expert-view/tech-stocks-see-mixed-results-tcs-and-persistent-among-the-few-bright-spots-sandip-sabharwal/articleshow/117507352.cms,markets: Tech stocks see mixed results; TCS and Persistent among the few bright spots: Sandip Sabharwal,DIRECTLY_RELEVANT,"TCS Q3/FY25 earnings, financial performance, client deals, order wins, hiring, leadership, or dividend."
20250124054500-426,20250124054500,indiatimes.com,https://telecom.economictimes.indiatimes.com/news/telecom-equipment/tejas-networks-says-delivers-ran-for-27000-bsnl-4g-5g-sites-in-q3-commences-gear-supply-to-vodafone-idea/117508482,"Tejas Networks says delivers RAN for 27,000 BSNL 4G, 5G sites in Q3, commences gear supply to Vodafone Idea, ET Telecom",NOT_RELEVANT,Unrelated acronym or foreign mention
20250124061500-673,20250124061500,livemint.com,https://www.livemint.com/mint-lounge/business-of-life/vivek-singh-procam-international-mint-business-lounge-11737638622929.html,How Vivek Singh of Procam transformed India's running culture,NOT_RELEVANT,Unrelated acronym or foreign mention
20250124064500-374,20250124064500,indiatimes.com,https://economictimes.indiatimes.com/markets/stocks/news/tejas-networks-shares-drop-9-as-order-book-shrinks-in-q3-inventory-swells/articleshow/117510117.cms,"Tejas Networks shares drop 9% as order book shrinks in Q3, inventory swells",NOT_RELEVANT,Unrelated acronym or foreign mention
20250124070000-618,20250124070000,indiatimes.com,https://economictimes.indiatimes.com/industry/telecom/telecom-news/bsnl-eyes-capacity-expansion-takes-65000-4g-sites-live-says-chairman/articleshow/117510914.cms,"BSNL eyes capacity expansion, takes 65,000 4G sites live, says Chairman",NOT_RELEVANT,Unrelated acronym or foreign mention
20250124091500-27,20250124091500,moneycontrol.com,https://www.moneycontrol.com/technology/top-5-indian-it-companies-have-less-than-50-dependency-on-h-1b-visas-article-12918605.html,"TCS, Infosys, HCLTech, Wipro, Tech Mahindra have less than 50% dependency on H-1B visas",DIRECTLY_RELEVANT,"TCS Q3/FY25 earnings, financial performance, client deals, order wins, hiring, leadership, or dividend."
20250124101500-971,20250124101500,gulte.com,https://www.gulte.com/political-news/336497/ap-davos-after-google-and-tcs-its-cognizant,"AP @ Davos: After Google And TCS, It's Cognizant?",DIRECTLY_RELEVANT,"TCS Q3/FY25 earnings, financial performance, client deals, order wins, hiring, leadership, or dividend."
20250124114500-896,20250124114500,businesstoday.in,https://www.businesstoday.in/union-budget/story/budget-2025-can-some-breather-be-expected-in-tax-collected-at-source-tcs-for-students-studying-abroad-461942-2025-01-24,Budget 2025: Can some breather be expected in Tax Collected at Source (TCS) for students studying abroad?,NOT_RELEVANT,Tax Collected at Source (TCS) tax collision
20250124120000-47,20250124120000,indiatimes.com,https://economictimes.indiatimes.com/tech/information-tech/ltimindtree-names-former-employee-lambu-as-ceo/articleshow/117521847.cms,LTIMindtree names former employee Venugopal Lambu as CEO,NOT_RELEVANT,Unrelated acronym or foreign mention
20250124173000-1474,20250124173000,yahoo.com,https://www.yahoo.com/news/more-10-jobs-pay-100-140000075.html,"More than 10% of all jobs that pay $100,000 or more are now available remotely",NOT_RELEVANT,Unrelated acronym or foreign mention
20250124234500-766,20250124234500,dailyexcelsior.com,https://www.dailyexcelsior.com/the-journey-of-republic-of-india/,The Journey of Republic of India,NOT_RELEVANT,Unrelated acronym or foreign mention
20250125024500-754,20250125024500,prnewswire.com,https://www.prnewswire.com/news-releases/digital-transformation-market-in-oil-and-gas-to-grow-by-usd-56-4-billion-2025-2029-driven-by-investments-and-partnerships-report-highlights-ai-driven-transformation---technavio-302358299.html,"Digital Transformation Market in Oil and Gas to Grow by USD 56.4 Billion (2025-2029), Driven by Investments and Partnerships, Report Highlights AI-Driven Transformation",NOT_RELEVANT,Unrelated acronym or foreign mention
20250125041500-189,20250125041500,menafn.com,https://menafn.com/1109127553/Digital-Transformation-Market-In-Oil-And-Gas-To-Grow-By-USD-564-Billion-2025-2029-Driven-By-Investments-And-Partnerships-Report-Highlights-AI-Driven-Transformation-Technavio,"Digital Transformation Market In Oil And Gas To Grow By USD 56.4 Billion (2025-2029), Driven By Investments And Partnerships, Report Highlights AI-Dri...",NOT_RELEVANT,Unrelated acronym or foreign mention
20250125050000-610,20250125050000,news18.com,https://www.news18.com/business/tcs-ceo-krithivasan-defends-lt-chairman-on-90-hour-work-week-remard-we-worked-on-sundays-when-9201301.html,TCS CEO Krithivasan Defends L&T Chairman On 90-Hour Work Week Remard: 'We Worked On Sundays When...',DIRECTLY_RELEVANT,"TCS Q3/FY25 earnings, financial performance, client deals, order wins, hiring, leadership, or dividend."
20250125084500-681,20250125084500,openpr.com,https://www.openpr.com/news/3832797/asia-pacific-digital-banking-market-business-growth,"Asia-Pacific Digital Banking Market | Business Growth,",NOT_RELEVANT,Unrelated acronym or foreign mention
20250125084500-382,20250125084500,openpr.com,https://www.openpr.com/news/3832794/european-digital-banking-market-business-growth-development,"European Digital Banking Market | Business Growth, Development",NOT_RELEVANT,Unrelated acronym or foreign mention
20250125084500-289,20250125084500,openpr.com,https://www.openpr.com/news/3832799/indian-digital-banking-market-business-growth-development,"Indian Digital Banking Market | Business Growth, Development",NOT_RELEVANT,Unrelated acronym or foreign mention
20250125084500-17,20250125084500,openpr.com,https://www.openpr.com/news/3832800/japan-digital-banking-market-business-growth-development,"Japan Digital Banking Market | Business Growth, Development",NOT_RELEVANT,Unrelated acronym or foreign mention
20250125161500-433,20250125161500,openpr.com,https://www.openpr.com/news/3832866/global-banking-accounting-software-market-size-share,"Global Banking Accounting Software Market Size, Share",NOT_RELEVANT,Unrelated acronym or foreign mention
20250125170000-395,20250125170000,thehindubusinessline.com,https://www.thehindubusinessline.com/portfolio/commodity-analysis/fo-query-covered-call-on-tcs-and-futures-long-on-coforge/article69139571.ece,F&O Query: Covered call on TCS and futures long on Coforge - The Hindu BusinessLine,DIRECTLY_RELEVANT,"Genuine TCS corporate event missed by matcher (France delivery centre, Visakhapatnam/Kochi campus, Oman expansion, BSNL 5G tender, H-1B commentary, WFO guidelines, iON platform)."
20250125174500-457,20250125174500,indiatimes.com,https://economictimes.indiatimes.com/tech/information-tech/personal-data-breach-notification-verifiable-parental-consent-dominate-data-rules-consultation/articleshow/117559831.cms,"Personal data breach notification, verifiable parental consent, dominate data rules consultation",NOT_RELEVANT,Unrelated acronym or foreign mention
20250126053000-441,20250126053000,orissapost.com,https://www.orissapost.com/four-of-10-most-valued-firms-lose-rs-1-25-lakh-cr-in-market-valuation-reliance-biggest-laggard/,Four of 10 most valued firms lose Rs 1.25 lakh cr in market valuation; Reliance biggest laggard,NOT_RELEVANT,Unrelated acronym or foreign mention
20250126070000-30,20250126070000,financialexpress.com,https://www.financialexpress.com/market/four-of-10-most-valued-firms-lose-rs-1-25-lakh-crore-in-market-valuation-reliance-biggest-laggardnbsp-3726406/,Four of 10 most valued firms lose Rs 1.25 lakh cr in market valuation; Reliance biggest laggard - Market News,NOT_RELEVANT,Unrelated acronym or foreign mention
20250126070000-T1163,20250126070000,moneycontrol.com,https://hindi.moneycontrol.com/news/markets/combined-market-valuation-of-four-of-the-top-10-most-valued-firms-declined-by-rs-1-25-lakh-crore-last-week-reliance-industries-taking-the-biggest-hit-1953151.html,"Market Valuation of Top Companies: टॉप 10 कंपनियों में से 4 का m-cap ₹1.25 लाख करोड़ घटा, रिलायंस इंडस्ट्रीज को सबसे ज्यादा नुकसान",NOT_RELEVANT,Unrelated acronym or foreign mention
20250126071500-400,20250126071500,latestly.com,https://www.latestly.com/agency-news/latest-news-four-of-10-most-valued-firms-lose-rs-1-25-lakh-cr-in-market-valuation-reliance-biggest-laggard-6593697.html,Latest News | Four of 10 Most Valued Firms Lose Rs 1.25 Lakh Cr in Market Valuation; Reliance Biggest Laggard,NOT_RELEVANT,Unrelated acronym or foreign mention
20250126094500-381,20250126094500,tribuneindia.com,https://www.tribuneindia.com/news/business/4-of-10-most-valued-firms-lose-rs-1-25-lakh-crore-in-market-valuation-reliance-biggest-laggard/,4 of 10 most valued firms lose Rs 1.25 lakh crore in market valuation; Reliance biggest laggard,NOT_RELEVANT,Unrelated acronym or foreign mention
20250126113000-606,20250126113000,indiatimes.com,https://economictimes.indiatimes.com/markets/stocks/news/four-of-10-most-valued-firms-lose-rs-1-25-lakh-cr-in-market-valuation-reliance-biggest-laggard/articleshow/117572728.cms,Four of 10 most valued firms lose Rs 1.25 lakh cr in market valuation; Reliance biggest laggard,NOT_RELEVANT,Unrelated acronym or foreign mention
20250126130000-375,20250126130000,bilkulonline.com,https://bilkulonline.com/2025/01/26/intellectuals-corporates-convene-at-rru-for-csro-roundtable-on-sustainable-development/,Intellectuals & Corporates Convene at RRU for CSRO Roundtable on Sustainable Development – Bilkul Online,NOT_RELEVANT,Unrelated acronym or foreign mention
20250126131500-279,20250126131500,livemint.com,https://www.livemint.com/companies/for-large-cap-it-investors-the-wait-for-redemption-can-be-a-long-one-hcl-infosys-tcs-wipro-trump-earnings-services-11737888531520.html,"For large-cap IT investors, the wait for redemption can be a long one",NOT_RELEVANT,Unrelated acronym or foreign mention
20250126181500-515,20250126181500,indiatimes.com,https://economictimes.indiatimes.com/news/india/andhra-pradesh-to-set-up-data-city-ai-hubs-in-vizag/articleshow/117583374.cms,"Andhra Pradesh to set up data city, AI hubs in Vizag",NOT_RELEVANT,Unrelated acronym or foreign mention
20250126200000-T1409,20250126200000,tarunmitra.in,https://www.tarunmitra.in/business/market-cap-of-4-companies-included-in-top-10-declined/article-71578,"टॉप 10 में शामिल 4 कंपनियों के मार्केट कैप में 1.25 लाख करोड़ की गिरावट, 6 का बाजार पूंजीकरण बढ़ा",NOT_RELEVANT,Unrelated acronym or foreign mention
20250127023000-799,20250127023000,thestar.com.my,https://www.thestar.com.my/business/business-news/2025/01/27/trading-ideas-gamuda-mahb-chin-hin-scientex-lbs-bina-mrcb-tmc-life-taghill-amanahraya-reit-scib-tcs-ict-zone,"Trading ideas: Gamuda, MAHB, Chin Hin, Scientex, LBS Bina, MRCB, TMC Life, Taghill, AmanahRaya REIT, SCIB, TCS, ICT Zone",NOT_RELEVANT,Unrelated acronym or foreign mention
20250127054500-127,20250127054500,indiatimes.com,https://economictimes.indiatimes.com/markets/stocks/stock-watch/stock-market-update-sugar-stocks-down-as-market-falls/articleshow/117593008.cms,Stock Market Sectors: Stock market update: Sugar stocks down as market falls,NOT_RELEVANT,Unrelated acronym or foreign mention
20250127054500-339,20250127054500,thehindu.com,https://www.thehindu.com/business/markets/markets-fall-in-early-trade-dragged-down-by-telecom-stocks-weak-global-cues/article69145554.ece,"Markets fall in early trade, dragged down by Telecom stocks, weak global cues",NOT_RELEVANT,Unrelated acronym or foreign mention
20250127061500-606,20250127061500,livemint.com,https://www.livemint.com/news/india/trump-tarrifs-us-birthright-citizenship-trump-executive-orders-startups-small-businesses-union-budget-tax-sops-11737622729717.html,"The week in charts: Trumponomics, MSME boost, tax cut hopes",NOT_RELEVANT,Unrelated acronym or foreign mention
20250127064500-560,20250127064500,moneycontrol.com,https://www.moneycontrol.com/news/business/markets/sensex-slips-1-nifty-below-22-850-deepseek-induced-weak-global-cues-among-key-factors-behind-market-decline-12920066.html,"Stock Market Crash Reason: Sensex slips 1%, Nifty below 22,850 - DeepSeek induced weak global cues among key factors behind market decline",NOT_RELEVANT,Unrelated acronym or foreign mention
20250127070000-574,20250127070000,bignewsnetwork.com,https://www.bignewsnetwork.com/news/274990248/121-finance-becomes-the-1st-lender-on-gem-sahay-20-built-on-ocen-framework,121 Finance becomes the 1st Lender on GeM Sahay 2.0 Built on OCEN Framework,NOT_RELEVANT,Unrelated acronym or foreign mention
20250127071500-817,20250127071500,devdiscourse.com,https://www.devdiscourse.com/article/headlines/3240718-revolutionizing-msme-finance-121-finance-and-gem-sahay-20,Revolutionizing MSME Finance: 121 Finance and GeM Sahay 2.0,NOT_RELEVANT,Unrelated acronym or foreign mention
20250127071500-T1608,20250127071500,webdunia.com,https://hindi.webdunia.com/stock-market/latest-prices-of-mumbai-stock-exchange-for-27-january-2025-125012700014_1.html,"Share bazaar शेयर बाजार में शुरुआती कारोबार में गिरावट, Sensex 343 और निफ्टी 109 अंक फिसला",NOT_RELEVANT,Unrelated acronym or foreign mention
20250127073000-49,20250127073000,tribuneindia.com,https://www.tribuneindia.com/news/business/markets-fall-in-early-trade-dragged-down-by-telecom-stocks-weak-global-cues/,"Markets fall in early trade, dragged down by Telecom stocks, weak global cues",NOT_RELEVANT,Unrelated acronym or foreign mention
20250127073000-622,20250127073000,webindia123.com,https://news.webindia123.com/news/Articles/Business/20250127/4280883.html,121 Finance becomes the 1st Lender on GeM Sahay 2.0 Built on OCEN Framework,NOT_RELEVANT,Unrelated acronym or foreign mention
20250127081500-768,20250127081500,aninews.in,https://aninews.in/news/business/121-finance-becomes-the-1st-lender-on-gem-sahay-20-built-on-ocen-framework20250127114931/,121 Finance becomes the 1st Lender on GeM Sahay 2.0 Built on OCEN Framework,NOT_RELEVANT,Unrelated acronym or foreign mention
20250127091500-T2731,20250127091500,dainiktribuneonline.com,https://www.dainiktribuneonline.com/news/nation/indian-stock-market-domestic-markets-sensex-nifty-fall-in-early-trade/,"Indian Stock Market: घरेलू बाजारों सेंसेक्स, निफ्टी में शुरुआती कारोबार में गिरावट",NOT_RELEVANT,Unrelated acronym or foreign mention
20250127091500-514,20250127091500,india.com,https://www.india.com/business/good-news-for-narayana-murthy-infosys-earns-rs-250000000000-only-in-five-days-bad-news-for-mukesh-ambani-as-reliance-loses-rs-74000-crore-7569182/,"Good news for Narayana Murthy, Infosys earns Rs 250000000000 only in…bad news for Mukesh Ambani as Reliance loses Rs…",NOT_RELEVANT,Unrelated acronym or foreign mention
20250127101500-880,20250127101500,trak.in,https://trak.in/stories/tcs-ceo-defends-lt-chairman-over-90-hours-work-week-he-worked-on-sundays-as-well/,"TCS CEO Defends L&T Chairman Over 90 Hours Work Week; He Worked On Sundays As Well.. - Trak.in - Indian Business of Tech, Mobile & Startups",DIRECTLY_RELEVANT,"TCS Q3/FY25 earnings, financial performance, client deals, order wins, hiring, leadership, or dividend."
20250127113000-52,20250127113000,srilankasource.com,https://www.srilankasource.com/news/274990248/121-finance-becomes-the-1st-lender-on-gem-sahay-20-built-on-ocen-framework,121 Finance becomes the 1st Lender on GeM Sahay 2.0 Built on OCEN Framework,NOT_RELEVANT,Unrelated acronym or foreign mention
20250127113000-607,20250127113000,gulte.com,https://www.gulte.com/political-news/337110/after-hi-tech-city-in-hyd-cbn-to-build-data-city-in-vizag,"After Hi-Tech City in Hyd, CBN To Build Data City in Vizag",NOT_RELEVANT,Unrelated acronym or foreign mention
20250127131500-1033,20250127131500,prokerala.com,https://www.prokerala.com/news/articles/a1602453.html,"Top 10 Indian firms shed Rs 94,409 crore in market cap, Reliance hit the most",NOT_RELEVANT,Unrelated acronym or foreign mention
20250127133000-7,20250127133000,menafn.com,https://menafn.com/1109132914/Top-10-Indian-Firms-Shed-Rs-94409-Crore-In-Market-Cap-Reliance-Hit-The-Most,"Top 10 Indian Firms Shed Rs 94,409 Crore In Market Cap, Reliance Hit The Most",NOT_RELEVANT,Unrelated acronym or foreign mention
20250127133000-1321,20250127133000,manilatimes.net,https://www.manilatimes.net/2025/01/27/tmt-newswire/globenewswire/gauzy-invited-by-israels-minister-of-economy-and-industry-to-participate-in-prestigious-economic-forum-designed-to-foster-collaboration-between-israeli-and-indian-companies/2045008,Gauzy Invited by Israel's Minister of Economy and Industry to Participate in Prestigious Economic Forum Designed to Foster Collaboration Between Israeli and Indian Companies,NOT_RELEVANT,Unrelated acronym or foreign mention
20250127144500-1015,20250127144500,yourstory.com,https://yourstory.com:443/2025/01/zoho-corp-ceo-sridhar-vembu-steps-down-as-ceo,Sridhar Vembu steps down as CEO of Zoho Corp,NOT_RELEVANT,Unrelated acronym or foreign mention
20250127153000-943,20250127153000,americanbazaaronline.com,https://americanbazaaronline.com/2025/01/27/india-to-boost-its-iphone-exports-with-latest-acquisition-by-tata-electronics458728/,India to boost its iPhone exports with latest acquisition by Tata Electronics,NOT_RELEVANT,Unrelated acronym or foreign mention
20250127153000-1108,20250127153000,thehindu.com,https://www.thehindu.com/news/cities/Visakhapatnam/tcs-planning-to-inaugurate-its-vizag-office-within-three-months-says-nara-lokesh/article69146380.ece,"TCS planning to inaugurate its Vizag office within three months, says Nara Lokesh",DIRECTLY_RELEVANT,"Genuine TCS corporate event missed by matcher (France delivery centre, Visakhapatnam/Kochi campus, Oman expansion, BSNL 5G tender, H-1B commentary, WFO guidelines, iON platform)."
20250127160000-125,20250127160000,forbesindia.com,https://www.forbesindia.com/article/explainers/top-csr-funds-spending-companies-india/95166/1,Top 10 CSR Funds Spending Companies In India,NOT_RELEVANT,Unrelated acronym or foreign mention
20250127171500-457,20250127171500,indianewengland.com,https://indianewengland.com/top-10-indian-firms-shed-rs-94409-crore-in-market-cap-reliance-hit-the-most/,"Top 10 Indian firms shed Rs 94,409 crore in market cap, Reliance hit the most",NOT_RELEVANT,Unrelated acronym or foreign mention
20250127183000-506,20250127183000,siliconrepublic.com,https://www.siliconrepublic.com/advice/skills-tech-employers-in-demand-roles,"The skills you need this year, according to tech employers",NOT_RELEVANT,Unrelated acronym or foreign mention
20250127190000-639,20250127190000,computerweekly.com,https://www.computerweekly.com/news/366618459/TCS-to-inject-AI-and-quantum-computing-into-aerospace-through-French-delivery-centre,TCS to inject AI and quantum computing into aerospace through French delivery centre,DIRECTLY_RELEVANT,"TCS Q3/FY25 earnings, financial performance, client deals, order wins, hiring, leadership, or dividend."
20250127200000-1072,20250127200000,india.com,https://zeenews.india.com/economy/top-10-indian-firms-shed-rs-94409-crore-in-market-cap-reliance-hit-most-2849692.html,"Top 10 Indian Firms Shed Rs 94,409 Crore In Market Cap, Reliance Hit Most",NOT_RELEVANT,Unrelated acronym or foreign mention
20250127201500-1264,20250127201500,bostonglobe.com,https://www.bostonglobe.com/2025/01/27/business/ai-davos-world-economic-forum-mit-john-werner/,AI events at Davos's World Economic Forum draw big crowds,NOT_RELEVANT,Unrelated acronym or foreign mention
20250127231500-1537,20250127231500,citynewsokc.com,https://www.citynewsokc.com/news/it-professional-services-market-to-grow-by-usd-657-9-billion-2025-2029-driven-by/article_9efcab7c-22fe-552d-a22f-210bbf10c9b1.html,"IT Professional Services Market to Grow by USD 657.9 Billion (2025-2029), Driven by Digital Transformation, AI's Impact on Market Evolution - Technavio",NOT_RELEVANT,Unrelated acronym or foreign mention
20250128014500-691,20250128014500,financialexpress.com,https://www.financialexpress.com/life/technology-tcs-skips-bsnl-5g-tender-tejas-lekha-galore-only-bidders-3728190/,"TCS skips BSNL 5G tender; Tejas, Lekha, Galore only bidders",DIRECTLY_RELEVANT,"Genuine TCS corporate event missed by matcher (France delivery centre, Visakhapatnam/Kochi campus, Oman expansion, BSNL 5G tender, H-1B commentary, WFO guidelines, iON platform)."
20250128030000-825,20250128030000,livemint.com,https://www.livemint.com/companies/indian-it-s-ceos-prefer-working-where-grass-is-greenest-11737970697101.html,Indian IT's CEOs prefer working where grass is greenest,NOT_RELEVANT,Unrelated acronym or foreign mention
20250128034500-144,20250128034500,businesstoday.in,https://www.businesstoday.in/markets/stocks/story/wipro-shares-to-turn-ex-dividend-today-payment-date-stock-price-targets-462211-2025-01-28,"Wipro shares to turn ex-dividend today; payment date, stock price targets",NOT_RELEVANT,Unrelated acronym or foreign mention
20250128044500-804,20250128044500,moneycontrol.com,https://www.moneycontrol.com/news/business/tcs-cdot-consortium-skips-bsnl-s-5g-tender-for-delhi-ncr-tejas-among-bidders-12920829.html,TCS-CDoT consortium skips BSNL's 5G tender for Delhi-NCR; Tejas among bidders,DIRECTLY_RELEVANT,"Genuine TCS corporate event missed by matcher (France delivery centre, Visakhapatnam/Kochi campus, Oman expansion, BSNL 5G tender, H-1B commentary, WFO guidelines, iON platform)."
20250128050000-512,20250128050000,openpr.com,https://www.openpr.com/news/3835772/exploring-the-retail-core-banking-solution-market-7-92,Exploring the Retail Core Banking Solution Market: $7.92,NOT_RELEVANT,Unrelated acronym or foreign mention
20250128054500-263,20250128054500,india.com,https://zeenews.india.com/economy/markets-rally-in-early-trade-amid-heavy-buying-in-banking-stocks-sensex-climbs-382-points-2849868.html,Markets Rally In Early Trade Amid Heavy Buying In Banking Stocks; Sensex Climbs 382 Points,NOT_RELEVANT,Unrelated acronym or foreign mention
20250128061500-755,20250128061500,indiatimes.com,https://economictimes.indiatimes.com/markets/stocks/stock-watch/stock-market-update-nifty-it-index-advances-0-32-in-an-upbeat-market/articleshow/117619562.cms,Indices: Stock market update: Nifty IT index advances 0.32% in an upbeat market,NOT_RELEVANT,Unrelated acronym or foreign mention
20250128063000-532,20250128063000,hindustantimes.com,https://www.hindustantimes.com/business/sensex-nifty-recover-from-7-month-lows-as-rbis-liquidity-measures-boost-market-101738039972924.html,"Sensex, Nifty recover from 7-month lows as RBI's liquidity measures boost market",NOT_RELEVANT,Unrelated acronym or foreign mention
20250128070000-1048,20250128070000,thehindu.com,https://www.thehindu.com/business/markets/markets-rally-in-early-trade-amid-heavy-buying-in-banking-stocks/article69149540.ece,Markets rally in early trade amid heavy buying in banking stocks,NOT_RELEVANT,Unrelated acronym or foreign mention
20250128073000-951,20250128073000,yovizag.com,https://www.yovizag.com/like-hitec-city-ap-govt-set-to-introduce-data-city-in-visakhapatnam/,"Like Hitec City, AP Govt set to introduce Data City in Visakhapatnam",NOT_RELEVANT,Unrelated acronym or foreign mention
20250128073000-1092,20250128073000,yovizag.com,https://www.yovizag.com/tcs-to-kickstart-its-operations-in-visakhapatnam-in-three-months/,TCS to kickstart its operations in Visakhapatnam in three months!,DIRECTLY_RELEVANT,"Genuine TCS corporate event missed by matcher (France delivery centre, Visakhapatnam/Kochi campus, Oman expansion, BSNL 5G tender, H-1B commentary, WFO guidelines, iON platform)."
20250128074500-T2073,20250128074500,dainiktribuneonline.com,https://www.dainiktribuneonline.com/news/business/share-market-update-sensex-nifty-rise-after-rbis-announcement-of-measures/,"Share Market Update: आरबीआई की उपायों की घोषणा के बाद सेंसेक्स, निफ्टी में आई तेजी",NOT_RELEVANT,Unrelated acronym or foreign mention
20250128094500-T2323,20250128094500,derbund.ch,https://www.derbund.ch/immer-mehr-schweizer-erkranken-oder-verunfallen-im-ausland-162412762998,TCS: 1300 Repatriierungen in die Schweiz wegen Reiseunfällen,NOT_RELEVANT,Unrelated acronym or foreign mention
20250128100000-T2465,20250128100000,bernerzeitung.ch,https://www.bernerzeitung.ch/immer-mehr-schweizer-erkranken-oder-verunfallen-im-ausland-162412762998,TCS: 1300 Repatriierungen in die Schweiz wegen Reiseunfällen,NOT_RELEVANT,Unrelated acronym or foreign mention
20250128100000-T2367,20250128100000,tagesanzeiger.ch,https://www.tagesanzeiger.ch/immer-mehr-schweizer-erkranken-oder-verunfallen-im-ausland-162412762998,TCS: 1300 Repatriierungen in die Schweiz wegen Reiseunfällen,NOT_RELEVANT,Unrelated acronym or foreign mention
20250128103000-T2319,20250128103000,livehindustan.com,https://www.livehindustan.com/business/share-market-live-updates-28-january-nse-bse-deepseek-impact-sensex-nifty-tech-stocks-201738034238004.html,"Share Market Live Updates 28 January nse bse deepseek impact sensex nifty tech stocks रिकवरी मोड में लौटा शेयर बाजार, सेंसेक्स 1200 अंक उछला, निफ्टी की भी लंबी छलांग, Business Hindi News",NOT_RELEVANT,Unrelated acronym or foreign mention
20250128113000-332,20250128113000,thehindu.com,https://www.thehindu.com/business/markets/stock-markets-recover-after-two-days-of-fall-banking-shares-lead-gains/article69150305.ece,Stock markets recover after two days of fall; banking shares lead gains,NOT_RELEVANT,Unrelated acronym or foreign mention
20250128113000-T1048,20250128113000,bazonline.ch,https://www.bazonline.ch/immer-mehr-schweizer-erkranken-oder-verunfallen-im-ausland-162412762998,TCS: 1300 Repatriierungen in die Schweiz wegen Reiseunfällen,NOT_RELEVANT,Unrelated acronym or foreign mention
20250128114500-1482,20250128114500,orissadiary.com,https://orissadiary.com/tata-steel-reaffirms-its-commitment-to-odishas-growth-story-at-utkarsh-odisha-2025-conclave/,"Tata Steel reaffirms its commitment to Odisha's growth story at Utkarsh Odisha 2025 Conclave – Odisha Diary, Latest Odisha News, Breaking News Odisha",NOT_RELEVANT,Standalone other Tata Group company
20250128114500-206,20250128114500,orissapost.com,https://www.orissapost.com/stock-markets-recover-after-two-days-of-fall-banking-shares-lead-gains/,Stock markets recover after two days of fall; banking shares lead gains,NOT_RELEVANT,Unrelated acronym or foreign mention
20250128121500-T1072,20250128121500,rfj.ch,https://www.rfj.ch/rfj/Actualite/Suisse/Le-TCS-toujours-plus-sollicite-pour-des-interventions-a-l-etranger.html,Le TCS toujours plus sollicité pour des interventions à l'étranger,NOT_RELEVANT,Unrelated acronym or foreign mention
20250128121500-T2847,20250128121500,20min.ch,https://www.20min.ch/story/tcs-warnt-immer-mehr-schweizer-kehren-im-ambulanz-jet-zurueck-103268898,TCS: Immer mehr Schweizer erkranken oder verunfallen im Ausland,NOT_RELEVANT,Unrelated acronym or foreign mention
20250128123000-906,20250128123000,moneycontrol.com,https://www.moneycontrol.com/technology/deepseek-s-llm-success-triggers-big-debate-is-india-s-hesitation-a-strategic-mistake-article-12921811.html,DeepSeek's LLM success triggers big debate: Is India's hesitation a strategic mistake?,NOT_RELEVANT,Unrelated acronym or foreign mention
20250128124500-1150,20250128124500,india.com,https://zeenews.india.com/economy/stock-markets-recover-after-two-days-of-fall-banking-shares-lead-gains-2850055.html,Stock Markets Recover After Two Days Of Fall; Banking Shares Lead Gains,NOT_RELEVANT,Unrelated acronym or foreign mention
20250128131500-T1126,20250128131500,rtn.ch,https://www.rtn.ch/rtn/Actualite/Suisse/Le-TCS-toujours-plus-sollicite-pour-des-interventions-a-l-etranger.html,Le TCS toujours plus sollicité pour des interventions à l'étranger,NOT_RELEVANT,Unrelated acronym or foreign mention
20250128140000-1593,20250128140000,asianage.com,https://www.asianage.com/nation/tata-steel-reaffirms-its-long-term-commitment-to-odishas-growth-story-1857257,Tata Steel reaffirms its long-term commitment to Odisha's growth story,NOT_RELEVANT,Standalone other Tata Group company
20250128143000-T802,20250128143000,agefi.com,https://agefi.com/actualites/entreprises/le-tcs-toujours-plus-sollicite-pour-des-interventions-a-letranger,Le TCS toujours plus sollicité pour des interventions à l'étranger,NOT_RELEVANT,Unrelated acronym or foreign mention
20250128154500-303,20250128154500,rediff.com,https://www.rediff.com/business/report/banking-shares-lead-gains-sensex-climbs-535-points/20250128.htm,Banking shares lead gains; Sensex climbs 535 points,NOT_RELEVANT,Unrelated acronym or foreign mention
20250128154500-2175,20250128154500,thehindu.com,https://www.thehindu.com/news/national/telangana/hyderabad-girl-tops-communication-skills-senior-category-at-tcs-ion-intelligem-national-competition/article69149939.ece,Hyderabad girl tops 'Communication Skills' senior category at TCS iON IntelliGem national competition,DIRECTLY_RELEVANT,"Genuine TCS corporate event missed by matcher (France delivery centre, Visakhapatnam/Kochi campus, Oman expansion, BSNL 5G tender, H-1B commentary, WFO guidelines, iON platform)."
20250128154500-T999,20250128154500,loktej.com,https://www.loktej.com/article/126534/stock-market-declines--sensex-rises-535-points-due-to-buying-in-banking-stocks,"शेयर बाजार में गिरावट थमी, बैंकिंग शेयरों में लिवाली से सेंसेक्स 535 अंक चढ़ा",NOT_RELEVANT,Unrelated acronym or foreign mention
20250128160000-784,20250128160000,prnewswire.com,https://www.prnewswire.com/news-releases/global-wellness-summit-releases-10-wellness-trends-for-2025-302361531.html,Global Wellness Summit Releases 10 Wellness Trends for 2025,NOT_RELEVANT,Unrelated acronym or foreign mention
20250128163000-528,20250128163000,thestatesman.com,https://www.thestatesman.com/business/market-snaps-2-day-losing-streak-led-by-auto-realty-and-financials-1503391731.html,"Market snaps 2-day losing streak led by auto, realty and financials",NOT_RELEVANT,Unrelated acronym or foreign mention
20250128163000-634,20250128163000,businesstoday.in,https://www.businesstoday.in/markets/company-stock/story/select-tata-stocks-plunge-up-to-51-from-52-week-highs-amid-market-correction-do-you-own-any-462311-2025-01-28,Select Tata stocks plunge up to 51% from 52-week highs amid market correction – do you own any?,NOT_RELEVANT,Unrelated acronym or foreign mention
20250128180000-1628,20250128180000,centralchronicle.com,https://www.centralchronicle.com/sc-acquits-death-row-convict-in-esther-anuhya-rape-and-murder-case/,SC acquits death row convict in Esther Anuhya Rape and Murder Case | Central India's Premier English Daily,NOT_RELEVANT,Unrelated acronym or foreign mention
20250128234500-818,20250128234500,miragenews.com,https://www.miragenews.com/gozero-white-paper-guides-climate-compliance-1398477/,GoZero White Paper Guides Climate Compliance,NOT_RELEVANT,Unrelated acronym or foreign mention
20250129004500-T250,20250129004500,indiatimes.com,https://navbharattimes.indiatimes.com/business/share-market/share-news/stock-market-prediction-today-these-shares-including-sobha-ltd-and-balkrishna-industries-showing-bullish-bias/articleshow/117650153.cms,"Stocks to Watch: आज Sobha Ltd और Balkrishna Industries समेत ये शेयर कराएंगे फायदा, लगाएंगे दांव?",NOT_RELEVANT,Unrelated acronym or foreign mention
20250129011500-1099,20250129011500,indiatimes.com,https://economictimes.indiatimes.com/epaper/delhicapital/2025/jan/29/et-front/now-govt-depts-open-ai-file/articleshow/117656071.cms,Now Government Departments Open AI File,NOT_RELEVANT,Unrelated acronym or foreign mention
20250129011500-511,20250129011500,indiatimes.com,https://economictimes.indiatimes.com/tech/artificial-intelligence/now-government-departments-open-artificial-intelligence-plan/articleshow/117652321.cms,Now government departments open artificial intelligence plan,NOT_RELEVANT,Unrelated acronym or foreign mention
20250129014500-T718,20250129014500,jagran.com,https://www.jagran.com/bihar/patna-city-bihar-health-department-recruitment-3662-specialist-doctors-and-17776-medical-staff-23874702.html,"BTSC Doctor Bharti 2025: 3662 स्पेशल डॉक्टरों और 17,776 मेडिकल स्टाफ की होगी भर्ती, जल्द निकलेगा विज्ञापन - Bihar Health Department Recruitment 3662 Specialist Doctors and 17776 Medical Staff",NOT_RELEVANT,Unrelated acronym or foreign mention
20250129041500-940,20250129041500,indiatimes.com,https://telecom.economictimes.indiatimes.com/news/internet/now-government-departments-open-artificial-intelligence-plan/117663546,"Now government departments open artificial intelligence plan, Telecom News, ET Telecom",NOT_RELEVANT,Unrelated acronym or foreign mention
20250129050000-819,20250129050000,menafn.com,https://menafn.com/1109141247/Indian-Stock-Market-Opens-Higher-Nifty-Above-23000,"Indian Stock Market Opens Higher, Nifty Above 23,000",NOT_RELEVANT,Unrelated acronym or foreign mention
20250129050000-T1489,20250129050000,toonippo.co.jp,https://www.toonippo.co.jp/articles/-/1949470,最新おすすめの派遣会社ランキング、TCSが7年連続の総合1位｜ORICON NEWS｜Web東奥,NOT_RELEVANT,Unrelated acronym or foreign mention
20250129051500-T661,20250129051500,jagran.com,https://www.jagran.com/markets/stock-update-share-market-today-stock-market-rises-for-the-second-consecutive-day-big-jump-in-zomato-tata-steel-23874856.html,"Share Market Today: शेयर बाजार में लगातार दूसरे दिन तेजी, जोमैटो-टाटा स्टील में बड़ा उछाल - Share Market Today: Stock market rises for the second consecutive day, big jump in Zomato-Tata Steel",NOT_RELEVANT,Standalone other Tata Group company
20250129054500-300,20250129054500,prokerala.com,https://www.prokerala.com/news/articles/a1602914.html,"Indian stock market opens higher, Nifty above 23,000",NOT_RELEVANT,Unrelated acronym or foreign mention
20250129061500-563,20250129061500,indianexpress.com,https://indianexpress.com/article/cities/hyderabad/tcs-visakhapatnam-operations-nara-lokesh-9805122/,"TCS to begin operations in Visakhapatnam in 90 days, says minister Nara Lokesh",DIRECTLY_RELEVANT,"Genuine TCS corporate event missed by matcher (France delivery centre, Visakhapatnam/Kochi campus, Oman expansion, BSNL 5G tender, H-1B commentary, WFO guidelines, iON platform)."
20250129061500-355,20250129061500,thehindu.com,https://www.thehindu.com/business/markets/sensex-nifty-rise-in-early-trade-on-buying-in-it-stocks-firm-global-market-trends/article69153592.ece,"Sensex, Nifty rise in early trade on buying in IT stocks, firm global market trends",NOT_RELEVANT,Unrelated acronym or foreign mention
20250129063000-453,20250129063000,indianexpress.com,https://indianexpress.com/article/business/sensex-nifty-rise-early-trade-it-stocks-global-market-trends-9805127/,"Sensex, Nifty rise in early trade on buying in IT stocks, firm global market trends",NOT_RELEVANT,Unrelated acronym or foreign mention
20250129063000-T348,20250129063000,infonegocios.biz,https://infonegocios.biz/y-ademas/tata-consultancy-services-es-reconocida-como-top-employer-2025-en-uruguay,Tata Consultancy Services es reconocida como Top Employer 2025 en Uruguay,DIRECTLY_RELEVANT,"TCS Q3/FY25 earnings, financial performance, client deals, order wins, hiring, leadership, or dividend."
20250129064500-T1236,20250129064500,dainiktribuneonline.com,https://www.dainiktribuneonline.com/news/nation/share-market-news-sensex-nifty-rise-in-early-trade/,"Share Market News: सेंसेक्स, निफ्टी में शुरुआती कारोबार में तेजी",NOT_RELEVANT,Unrelated acronym or foreign mention
20250129070000-784,20250129070000,businesstoday.in,https://www.businesstoday.in/markets/stocks/story/deepseek-ai-impact-on-indian-it-tcs-infosys-wipro-hcl-tech-look-set-to-gain-heres-why-462370-2025-01-29,"DeepSeek AI impact on Indian IT: TCS, Infosys, Wipro, HCL Tech look set to gain; here's why",DIRECTLY_RELEVANT,"TCS Q3/FY25 earnings, financial performance, client deals, order wins, hiring, leadership, or dividend."
20250129073000-755,20250129073000,indianexpress.com,https://indianexpress.com/shorts/india/eyewitnesses-account-mahakumbh-stampede-9805225/,'People just walked over her': Eyewitnesses recount scenes after stampede at Maha Kumbh,NOT_RELEVANT,Unrelated acronym or foreign mention
20250129081500-755,20250129081500,newkerala.com,https://www.newkerala.com/news/o/indian-stock-market-opens-higher-nifty-23000-161,"Indian Stock Market Rises, Nifty Crosses 23,000 Mark",NOT_RELEVANT,Unrelated acronym or foreign mention
20250129081500-335,20250129081500,tribuneindia.com,https://www.tribuneindia.com/news/business/sensex-nifty-rise-in-early-trade-on-buying-in-it-stocks-firm-global-market-trends/,"Sensex, Nifty rise in early trade on buying in IT stocks, firm global market trends",NOT_RELEVANT,Unrelated acronym or foreign mention
20250129100000-990,20250129100000,ndtv.com,https://www.ndtv.com/india-news/andhra-pradesh-tcs-techie-esther-anuhya-murder-verdict-womans-father-says-i-leave-it-to-god-7585941,"TCS Techie Murder Verdict: ""I Leave It To God"", Says Woman's Father",DIRECTLY_RELEVANT,"TCS Q3/FY25 earnings, financial performance, client deals, order wins, hiring, leadership, or dividend."
20250129133000-T1181,20250129133000,bazonline.ch,https://www.bazonline.ch/baselbiet-regierung-warnt-vor-tcs-initiative-zu-tempo-30-421202446778,Baselbiet: Regierung warnt vor TCS-Initiative zu Tempo 30,NOT_RELEVANT,Unrelated acronym or foreign mention
20250129140000-772,20250129140000,indiatimes.com,https://telecom.economictimes.indiatimes.com/news/enterprise-services/tcs-to-carry-out-5g-upgrade-spectrum-talks-on/117682808,"TCS to carry out BSNL 5G upgrade, spectrum talks on: NG Subramaniam, ET Telecom",DIRECTLY_RELEVANT,"TCS Q3/FY25 earnings, financial performance, client deals, order wins, hiring, leadership, or dividend."
20250129151500-1355,20250129151500,avenuemail.in,https://avenuemail.in/tata-steel-showcases-investments-and-expansion-plans-at-utkarsh-odisha-2025-conclave/,Tata Steel Showcases Investments and Expansion Plans at Utkarsh Odisha 2025 Conclave,NOT_RELEVANT,Standalone other Tata Group company
20250129170000-1232,20250129170000,zerohedge.com,https://www.zerohedge.com/markets/futures-flat-ahead-feds-dovish-pause-tech-giant-earnings,"Futures Flat Ahead Of Fed's Dovish Pause, Tech Giant Earnings",NOT_RELEVANT,Unrelated acronym or foreign mention
20250129171500-1715,20250129171500,philstar.com,https://www.philstar.com/business/2025/01/30/2417771/pse-bap-reach-deal-sale-pds-stake,"PSE, BAP reach deal on sale of PDS stake",NOT_RELEVANT,Unrelated acronym or foreign mention
20250129183000-2263,20250129183000,eurasiareview.com,https://www.eurasiareview.com/29012025-india-us-relations-washington-is-not-going-to-be-benign-anymore-analysis/,India-US Relations: Washington Is Not Going To Be Benign Anymore – Analysis,NOT_RELEVANT,Unrelated acronym or foreign mention
20250129214500-568,20250129214500,ndtv.com,https://www.ndtv.com/india-news/esther-anuhya-rape-murder-case-techies-2014-rape-murder-acquittal-10-years-later-and-a-helpless-father-7586711,"""I Cannot..."": Why Father Of Techie Killed In 2014 Won't Contest Acquittal",NOT_RELEVANT,Unrelated acronym or foreign mention
20250130010000-535,20250130010000,indiatimes.com,https://economictimes.indiatimes.com/tech/information-tech/tcs-setting-up-37-acre-campus-in-kochi/articleshow/117702056.cms,TCS setting up 37-acre campus in Kochi,DIRECTLY_RELEVANT,"Genuine TCS corporate event missed by matcher (France delivery centre, Visakhapatnam/Kochi campus, Oman expansion, BSNL 5G tender, H-1B commentary, WFO guidelines, iON platform)."
20250130053000-955,20250130053000,indiatimes.com,https://economictimes.indiatimes.com/markets/stocks/stock-watch/stock-market-update-nifty-it-index-falls-0-1-in-an-upbeat-market/articleshow/117722085.cms,Indices: Stock market update: Nifty IT index falls 0.1% in an upbeat market,NOT_RELEVANT,Unrelated acronym or foreign mention
20250130054500-T281,20250130054500,dnaindia.com,https://www.dnaindia.com/hindi/india/news-mumbai-rape-murder-case-2014-of-esther-anuhya-supreme-court-acquits-accused-4148190,"'अब मैं और नहीं लड़ सकता', बेटी का 'हत्यारा' सुप्रीम कोर्ट से हुआ बरी, भावुक हुए पिता",NOT_RELEVANT,Unrelated acronym or foreign mention
20250130070000-930,20250130070000,indiatimes.com,https://economictimes.indiatimes.com/jobs/hr-policies-trends/union-budget-2025-time-to-top-up-the-pm-internship-stipend/articleshow/117724730.cms,union budget: Union Budget 2025: Time to top up the PM Internship stipend?,NOT_RELEVANT,Unrelated acronym or foreign mention
20250130110000-1350,20250130110000,hindustantimes.com,https://www.hindustantimes.com/india-news/india-leads-in-global-south-s-response-to-ai-and-automation-report-101738233655543.html,India leads in Global South's response to AI and automation: Report | Latest News India,NOT_RELEVANT,Unrelated acronym or foreign mention
20250130113000-350,20250130113000,indiatimes.com,https://timesofindia.indiatimes.com/technology/social/sam-altman-faces-criticism-over-hopeless-ai-competition-remarks-people-like-sam-altman-are-responsible-for-creating-artificial-scarcity-in-the-field-of-ai/articleshow/117733914.cms,"Sam Altman faces criticism over 'hopeless' AI competition remarks: ""People like Sam Altman are responsible for creating artificial scarcity in the field of AI"" |",NOT_RELEVANT,Unrelated acronym or foreign mention
20250130121500-959,20250130121500,indiatimes.com,https://economictimes.indiatimes.com/markets/stocks/stock-watch/stock-market-update-nifty-it-index-falls-1-14/articleshow/117739318.cms,Indices: Stock market update: Nifty IT index falls 1.14%,NOT_RELEVANT,Unrelated acronym or foreign mention
20250130140000-T458,20250130140000,loktej.com,https://www.loktej.com/article/127415/ai-is-a-decisive-turn--need-to-prepare-employees-for-future--tcs-officer,"एआई एक निर्णायक मोड़, भविष्य के लिए कर्मचारियों को तैयार करने की जरूरत: टीसीएस अधिकारी",DIRECTLY_RELEVANT,"Genuine TCS corporate event missed by matcher (France delivery centre, Visakhapatnam/Kochi campus, Oman expansion, BSNL 5G tender, H-1B commentary, WFO guidelines, iON platform)."
20250130144500-565,20250130144500,openpr.com,https://www.openpr.com/news/3842493/managed-security-services-market-growth-projected-to-reach-usd,Managed Security Services Market Growth: Projected to Reach USD,NOT_RELEVANT,Unrelated acronym or foreign mention
20250130144500-23,20250130144500,openpr.com,https://www.openpr.com/news/3842524/supply-chain-management-market-is-poised-to-grow-a-robust-cagr,Supply Chain Management Market is Poised to Grow a Robust CAGR,NOT_RELEVANT,Unrelated acronym or foreign mention
20250131050000-54,20250131050000,indiatimes.com,https://realty.economictimes.indiatimes.com/news/commercial/tcs-to-invest-rs-690-crore-to-set-up-37-acre-campus-in-kochi/117768826,"TCS to invest Rs 690 crore to set up 37-acre campus in Kochi, Real Estate News, ET RealEstate",DIRECTLY_RELEVANT,"TCS Q3/FY25 earnings, financial performance, client deals, order wins, hiring, leadership, or dividend."
20250131061500-567,20250131061500,indiatimes.com,https://economictimes.indiatimes.com/markets/stocks/stock-watch/share-market-update-most-active-stocks-on-d-street-today-in-terms-of-volume/articleshow/117773325.cms,share market: Share market update: Most active stocks on D-Street today in terms of volume,NOT_RELEVANT,Unrelated acronym or foreign mention
20250131070000-108,20250131070000,businesstoday.in,https://www.businesstoday.in/union-budget/share-market/story/stock-market-today-sensex-nifty-jump-ahead-of-economic-survey-all-eyes-on-union-budget-2025-462710-2025-01-31,"Stock market today: Sensex, Nifty jump ahead of Economic Survey, all eyes on Union Budget 2025",NOT_RELEVANT,Unrelated acronym or foreign mention
20250131080000-365,20250131080000,rediff.com,https://money.rediff.com/news/market/tcs-inaugurates-oman-office-expanding-middle-east-presence/21604020250131,TCS Inaugurates Oman Office: Expanding Middle East Presence,DIRECTLY_RELEVANT,"Genuine TCS corporate event missed by matcher (France delivery centre, Visakhapatnam/Kochi campus, Oman expansion, BSNL 5G tender, H-1B commentary, WFO guidelines, iON platform)."
20250131080000-801,20250131080000,indiatimes.com,https://economictimes.indiatimes.com/tech/information-tech/tcs-oman-office-set-for-inauguration-on-feb-24-head-of-firms-middle-east-africa-region/articleshow/117773845.cms,TCS Oman office set for inauguration on Feb 24: Head of firm's Middle East & Africa region,DIRECTLY_RELEVANT,"Genuine TCS corporate event missed by matcher (France delivery centre, Visakhapatnam/Kochi campus, Oman expansion, BSNL 5G tender, H-1B commentary, WFO guidelines, iON platform)."
20250131083000-961,20250131083000,dailypolitical.com,https://www.dailypolitical.com/2025/01/30/stocknews-com-initiates-coverage-on-the-container-store-group-nysetcs.html,StockNews.com Initiates Coverage on The Container Store Group (NYSE:TCS),NOT_RELEVANT,Foreign corporate / sports entity collision
20250131100000-144,20250131100000,indiatimes.com,https://timesofindia.indiatimes.com/life-style/travel/destinations/visakhapatnam-in-andhra-to-create-a-new-data-city-a-new-hub-for-tech-and-tourism/articleshow/117782376.cms,Visakhapatnam in Andhra to create a new Data City: A new hub for tech and tourism,NOT_RELEVANT,Unrelated acronym or foreign mention
20250131100000-40,20250131100000,indiatimes.com,https://timesofindia.indiatimes.com/city/mumbai/mumbai-activists-allege-bmc-negligence-after-vaccinated-dogs-go-missing-from-tcs-premises/articleshow/117782056.cms,Mumbai activists allege BMC negligence after vaccinated dogs go missing from TCS premises | Mumbai News,NOT_RELEVANT,Unrelated acronym or foreign mention
20250131113000-114,20250131113000,adgully.com,https://www.adgully.com/mrsi-golden-key-awards-2024-to-honor-ashok-das-c-k-sharma-dr-lalit-s-kanodia-155741.html,"MRSI Golden Key Awards 2024 to honor Ashok Das, C.K. Sharma, & Dr. Lalit S. Kanodia",NOT_RELEVANT,Unrelated acronym or foreign mention
20250131160000-1926,20250131160000,prnewswire.com,https://www.prnewswire.com/news-releases/business-process-outsourcing-market-to-grow-by-usd-88-8-billion-2025-2029-focus-on-cost-reduction-boosts-the-market-report-on-ai-impacting-market-trends---technavio-302365289.html,"Business Process Outsourcing Market to Grow by USD 88.8 Billion (2025-2029), Focus on Cost Reduction Boosts the Market, Report on AI Impacting Market Trends",NOT_RELEVANT,Unrelated acronym or foreign mention
20250131161500-1779,20250131161500,itnewsonline.com,https://www.itnewsonline.com/PRNewswire/Business-Process-Outsourcing-Market-to-Grow-by-USD-88.8-Billion-2025-2029-Focus-on-Cost-Reduction-Boosts-the-Market-Report-on-AI-Impacting-Market-Trends---Technavio/1036437,"Business Process Outsourcing Market to Grow by USD 88.8 Billion (2025-2029), Focus on Cost Reduction Boosts the Market, Report on AI Impacting Market Trends",NOT_RELEVANT,Unrelated acronym or foreign mention
20250131194500-1748,20250131194500,indiatimes.com,https://economictimes.indiatimes.com/news/economy/policy/tax-coson-profits-earned-by-replacing-labour-with-ai/articleshow/117801966.cms,Tax coson profits earned by replacing labour with AI,NOT_RELEVANT,Unrelated acronym or foreign mention
