article_id,ticker,headline,url,canonical_url,source,published_at,trading_date,timestamp_basis,human_label,human_notes
20250401004500-466,TCS.NS,"Upcoming Q4 earnings and dividend: From TCS, Infosys to HDFC Bank, UltraTech watch out for these 10 companies",https://www.financialexpress.com/business/industry/upcoming-q4-earnings-and-dividend-from-tcs-infosys-to-hdfc-bank-ultratech-watch-out-for-these-10-companies/3794357/,https://www.financialexpress.com/business/industry/upcoming-q4-earnings-and-dividend-from-tcs-infosys-to-hdfc-bank-ultratech-watch-out-for-these-10-companies/3794357/,financialexpress.com,2025-04-01T06:15:00+05:30,2025-04-01,gdelt_gkg_observation,DIRECTLY_RELEVANT,"TCS Q4/FY25 earnings, revenue growth, order book, deal wins, hiring, leadership, or dividend."
20250401071500-795,TCS.NS,"Infosys, TCS, Persistent Systems, other IT stocks decline up to 4% ahead of Trump tariff reveal",https://www.moneycontrol.com/news/business/markets/infosys-tcs-persistent-systems-other-it-stocks-decline-up-to-4-ahead-of-trump-tariff-reveal-12981201.html,https://www.moneycontrol.com/news/business/markets/infosys-tcs-persistent-systems-other-it-stocks-decline-up-to-4-ahead-of-trump-tariff-reveal-12981201.html,moneycontrol.com,2025-04-01T12:45:00+05:30,2025-04-01,gdelt_gkg_observation,DIRECTLY_RELEVANT,"TCS Q4/FY25 earnings, revenue growth, order book, deal wins, hiring, leadership, or dividend."
20250401093000-T1517,TCS.NS,"Tariff Imapct: ट्रंप के टैरिफ के खुलासे से पहले आईटी शेयर 4% तक गिरे, इंफोसिस, TCS, परसिस्टेंट सिस्टम्स फिसले",https://hindi.moneycontrol.com/news/markets/it-stocks-decline-up-to-4-percent-ahead-of-trump-tariff-reveal-infosys-tcs-persistent-systems-declined-1966847.html,https://hindi.moneycontrol.com/news/markets/it-stocks-decline-up-to-4-percent-ahead-of-trump-tariff-reveal-infosys-tcs-persistent-systems-declined-1966847.html,moneycontrol.com,2025-04-01T15:00:00+05:30,2025-04-01,gdelt_gkg_observation,DIRECTLY_RELEVANT,"TCS Q4/FY25 earnings, revenue growth, order book, deal wins, hiring, leadership, or dividend."
20250402074500-956,TCS.NS,"Infosys, TCS, Wipro, Coforge, Mphasis: IT stocks to consider ahead of Q4 results",https://www.businesstoday.in/markets/stocks/story/infosys-tcs-wipro-coforge-mphasis-it-stocks-to-consider-ahead-of-q4-results-470297-2025-04-02,https://www.businesstoday.in/markets/stocks/story/infosys-tcs-wipro-coforge-mphasis-it-stocks-to-consider-ahead-of-q4-results-470297-2025-04-02,businesstoday.in,2025-04-02T13:15:00+05:30,2025-04-02,gdelt_gkg_observation,DIRECTLY_RELEVANT,"TCS Q4/FY25 earnings, revenue growth, order book, deal wins, hiring, leadership, or dividend."
20250403080000-1044,TCS.NS,TCS shares fall 3.5% as Trump imposes 27% tax on Indian imports,https://www.thehindubusinessline.com/markets/stock-markets/tariffs-hit-hard-tcs-shares-fall-35-as-trump-imposes-27-tax-on-indian-imports/article69407193.ece,https://www.thehindubusinessline.com/markets/stock-markets/tariffs-hit-hard-tcs-shares-fall-35-as-trump-imposes-27-tax-on-indian-imports/article69407193.ece,thehindubusinessline.com,2025-04-03T13:30:00+05:30,2025-04-03,gdelt_gkg_observation,DIRECTLY_RELEVANT,"TCS Q4/FY25 earnings, revenue growth, order book, deal wins, hiring, leadership, or dividend."
20250403113000-771,TCS.NS,"NSE BSE Top gainers, losers today: Sensex, Nifty drag as Trump's tariffs weigh, IT majors TCS, Wipro, Tech Mahindra, Infosys, Coforge plunge",https://www.thehindubusinessline.com/markets/stock-markets/top-gainers-losers-intraday-april-3-2025-trumps-tariffs-drag-market-it-majors-tcs-wipro-tech-mahindra-infosys-coforge-plunge/article69407364.ece,https://www.thehindubusinessline.com/markets/stock-markets/top-gainers-losers-intraday-april-3-2025-trumps-tariffs-drag-market-it-majors-tcs-wipro-tech-mahindra-infosys-coforge-plunge/article69407364.ece,thehindubusinessline.com,2025-04-03T17:00:00+05:30,2025-04-04,gdelt_gkg_observation,DIRECTLY_RELEVANT,"TCS Q4/FY25 earnings, revenue growth, order book, deal wins, hiring, leadership, or dividend."
20250403164500-962,TCS.NS,"Tata consultancy firm in UK targeted older, non-Indian nationals, tribunal hears",https://biztoc.com/x/5dd788b992aff67f,https://biztoc.com/x/5dd788b992aff67f,biztoc.com,2025-04-03T22:15:00+05:30,2025-04-04,gdelt_gkg_observation,DIRECTLY_RELEVANT,"TCS Q4/FY25 earnings, revenue growth, order book, deal wins, hiring, leadership, or dividend."
20250404051500-178,TCS.NS,"IT Stocks Live: TCS, Infosys, Wipro, Tech Mahindra, HCL Tech, Coforge shares continue downfall on second trading session after Liberation Day tariffs",https://www.thehindubusinessline.com/markets/stock-markets/indian-it-stocks-live-tcs-infosys-wipro-tech-mahindra-hcltech-cts-share-price-live-updates/article69411332.ece,https://www.thehindubusinessline.com/markets/stock-markets/indian-it-stocks-live-tcs-infosys-wipro-tech-mahindra-hcltech-cts-share-price-live-updates/article69411332.ece,thehindubusinessline.com,2025-04-04T10:45:00+05:30,2025-04-04,gdelt_gkg_observation,DIRECTLY_RELEVANT,"TCS Q4/FY25 earnings, revenue growth, order book, deal wins, hiring, leadership, or dividend."
20250404070000-928,TCS.NS,"Trump Tariffs: India Inc faces the heat, TCS, Infy to Tata Motors and Sun Pharma in turmoil",https://indianexpress.com/article/business/trump-tariffs-india-inc-tcs-infy-tata-motors-sun-pharma-9924190/,https://indianexpress.com/article/business/trump-tariffs-india-inc-tcs-infy-tata-motors-sun-pharma-9924190/,indianexpress.com,2025-04-04T12:30:00+05:30,2025-04-04,gdelt_gkg_observation,DIRECTLY_RELEVANT,"TCS Q4/FY25 earnings, revenue growth, order book, deal wins, hiring, leadership, or dividend."
20250404074500-656,TCS.NS,"TCS, Infosys to Coforge: Indian IT stocks bleed up to 6% as US recession fears mount. Is the worst set to come?",https://www.livemint.com/market/stock-market-news/us-recession-fears-trigger-sharp-drop-in-indian-it-stocks-is-the-worst-yet-to-come-11743747064932.html,https://www.livemint.com/market/stock-market-news/us-recession-fears-trigger-sharp-drop-in-indian-it-stocks-is-the-worst-yet-to-come-11743747064932.html,livemint.com,2025-04-04T13:15:00+05:30,2025-04-04,gdelt_gkg_observation,DIRECTLY_RELEVANT,"TCS Q4/FY25 earnings, revenue growth, order book, deal wins, hiring, leadership, or dividend."
20250404090000-T702,TCS.NS,"ഐ.ടി വീണ്ടും പ്രതിസന്ധിയില്‍: 40%വരെ ഇടിവ്: ഇപ്പോള്‍ നിക്ഷേപിക്കാമോ? , Trump tariffs, Indian IT stocks, TCS, Infosys, HCL Tech, US recession, business news",https://www.mathrubhumi.com/money/stock-market/trump-tariffs-recession-fears-hit-indian-it-stocks-hard-1.10482196,https://www.mathrubhumi.com/money/stock-market/trump-tariffs-recession-fears-hit-indian-it-stocks-hard-1.10482196,mathrubhumi.com,2025-04-04T14:30:00+05:30,2025-04-04,gdelt_gkg_observation,DIRECTLY_RELEVANT,"TCS Q4/FY25 earnings, revenue growth, order book, deal wins, hiring, leadership, or dividend."
20250404090000-347,TCS.NS,TCS Shares Dip 3.5% as US Slaps 27% Tariff on Indian Imports,https://www.siliconindia.com/news/general/tcs-shares-dip-35-as-us-slaps-27-tariff-on-indian-imports-nid-235312-cid-1.html,https://www.siliconindia.com/news/general/tcs-shares-dip-35-as-us-slaps-27-tariff-on-indian-imports-nid-235312-cid-1.html,siliconindia.com,2025-04-04T14:30:00+05:30,2025-04-04,gdelt_gkg_observation,DIRECTLY_RELEVANT,"TCS Q4/FY25 earnings, revenue growth, order book, deal wins, hiring, leadership, or dividend."
20250404114500-T25,TCS.NS,"TCS, Infosys, HCL समेत कई दिग्गज IT Stocks डाउनग्रेड, ब्रोकरेज ने टारगेट भी घटाया; ट्रंप टैरिफ के बाद कैसे बनाएं स्ट्रैटजी - trump tariffs impact icici sec downgrades it sector cuts rating targets on stocks including tcs infosys hcl details",https://hindi.business-standard.com/markets/share-market/trump-tariffs-impact-icici-sec-downgrades-it-sector-cuts-rating-targets-on-stocks-including-tcs-infosys-hcl-details-id-427828,https://hindi.business-standard.com/markets/share-market/trump-tariffs-impact-icici-sec-downgrades-it-sector-cuts-rating-targets-on-stocks-including-tcs-infosys-hcl-details-id-427828,business-standard.com,2025-04-04T17:15:00+05:30,2025-04-07,gdelt_gkg_observation,DIRECTLY_RELEVANT,"TCS Q4/FY25 earnings, revenue growth, order book, deal wins, hiring, leadership, or dividend."
20250405034500-826,TCS.NS,"Infosys, TCS, Wipro to HCL Technologies: Which IT stock to buy for long-term amid Trump's tariff flare?",https://www.livemint.com/market/stock-market-news/infosys-tcs-wipro-to-hcl-technologies-which-it-stock-to-buy-for-long-term-amid-trump-s-tariff-flare-11743760992646.html,https://www.livemint.com/market/stock-market-news/infosys-tcs-wipro-to-hcl-technologies-which-it-stock-to-buy-for-long-term-amid-trump-s-tariff-flare-11743760992646.html,livemint.com,2025-04-05T09:15:00+05:30,2025-04-07,gdelt_gkg_observation,DIRECTLY_RELEVANT,"TCS Q4/FY25 earnings, revenue growth, order book, deal wins, hiring, leadership, or dividend."
20250405184500-965,TCS.NS,"TCS Q4 Update: India's largest IT major to declare March quarter results on THIS date, consider final dividend for FY25",https://www.livemint.com/market/stock-market-news/tcs-q4-update-indias-largest-it-major-to-declare-march-quarter-results-on-april-10-consider-final-dividend-for-fy25-11743869175878.html,https://www.livemint.com/market/stock-market-news/tcs-q4-update-indias-largest-it-major-to-declare-march-quarter-results-on-april-10-consider-final-dividend-for-fy25-11743869175878.html,livemint.com,2025-04-06T00:15:00+05:30,2025-04-07,gdelt_gkg_observation,DIRECTLY_RELEVANT,"TCS Q4/FY25 earnings, revenue growth, order book, deal wins, hiring, leadership, or dividend."
20250406044500-433,TCS.NS,"Q4 results this week: Earnings season to kick off with TCS, Anand Rathi, and more",https://economictimes.indiatimes.com/markets/stocks/earnings/q4-results-this-week-earnings-season-to-kick-off-with-tcs-anand-rathi-and-more/articleshow/120031391.cms,https://economictimes.indiatimes.com/markets/stocks/earnings/q4-results-this-week-earnings-season-to-kick-off-with-tcs-anand-rathi-and-more/articleshow/120031391.cms,indiatimes.com,2025-04-06T10:15:00+05:30,2025-04-07,gdelt_gkg_observation,DIRECTLY_RELEVANT,"TCS Q4/FY25 earnings, revenue growth, order book, deal wins, hiring, leadership, or dividend."
20250406081500-91,TCS.NS,"Q4 results: TCS, Anand Rathi, Tranformers and Rectifiers among companies to declare earnings next week; check list here",https://www.livemint.com/market/stock-market-news/q4-results-tcs-anand-rathi-tranformers-and-rectifiers-among-companies-to-declare-earnings-next-week-check-list-here-11743912285312.html,https://www.livemint.com/market/stock-market-news/q4-results-tcs-anand-rathi-tranformers-and-rectifiers-among-companies-to-declare-earnings-next-week-check-list-here-11743912285312.html,livemint.com,2025-04-06T13:45:00+05:30,2025-04-07,gdelt_gkg_observation,DIRECTLY_RELEVANT,"TCS Q4/FY25 earnings, revenue growth, order book, deal wins, hiring, leadership, or dividend."
20250406084500-246,TCS.NS,"M-cap of nine of top-10 most valued firms slumps by Rs 3 lakh cr; TCS, RIL hit hard",https://economictimes.indiatimes.com/markets/stocks/news/m-cap-of-nine-of-top-10-most-valued-firms-slumps-by-rs-3-lakh-cr-tcs-ril-hit-hard/articleshow/120034112.cms,https://economictimes.indiatimes.com/markets/stocks/news/m-cap-of-nine-of-top-10-most-valued-firms-slumps-by-rs-3-lakh-cr-tcs-ril-hit-hard/articleshow/120034112.cms,indiatimes.com,2025-04-06T14:15:00+05:30,2025-04-07,gdelt_gkg_observation,DIRECTLY_RELEVANT,"TCS Q4/FY25 earnings, revenue growth, order book, deal wins, hiring, leadership, or dividend."
20250406090000-T1044,TCS.NS,"टॉप 10 कंपनियों में से 9 का m-cap ₹2.94 लाख करोड़ घटा, TCS ने झेला सबसे ज्यादा नुकसान",https://hindi.moneycontrol.com/news/markets/combined-market-valuation-of-nine-of-the-top-10-most-valued-firms-eroded-by-rs-2-94-lakh-crore-last-week-tcs-taking-the-biggest-hit-1968146.html,https://hindi.moneycontrol.com/news/markets/combined-market-valuation-of-nine-of-the-top-10-most-valued-firms-eroded-by-rs-2-94-lakh-crore-last-week-tcs-taking-the-biggest-hit-1968146.html,moneycontrol.com,2025-04-06T14:30:00+05:30,2025-04-07,gdelt_gkg_observation,DIRECTLY_RELEVANT,"TCS Q4/FY25 earnings, revenue growth, order book, deal wins, hiring, leadership, or dividend."
20250406090000-T1047,TCS.NS,"TCS Q4 Results: इस दिन जारी होंगे Tata Consultancy Services के मार्च तिमाही के नतीजे, डिविडेंड का भी हो सकता है ऐलान",https://hindi.moneycontrol.com/news/markets/tcs-q4-results-tata-consultancy-services-to-announce-january-march-quarter-results-on-april-10-can-declared-final-dividend-too-1968129.html,https://hindi.moneycontrol.com/news/markets/tcs-q4-results-tata-consultancy-services-to-announce-january-march-quarter-results-on-april-10-can-declared-final-dividend-too-1968129.html,moneycontrol.com,2025-04-06T14:30:00+05:30,2025-04-07,gdelt_gkg_observation,DIRECTLY_RELEVANT,"TCS Q4/FY25 earnings, revenue growth, order book, deal wins, hiring, leadership, or dividend."
20250406110000-2,TCS.NS,Ratan Tata's TCS loses Rs 110351 crore in just 96 hours after...; becomes biggest...,https://www.dnaindia.com/business/report-ratan-tata-tcs-loses-rs-110351-crore-in-just-96-hours-after-tcs-shares-fell-takes-biggest-hit-amid-bearish-trend-3143631,https://www.dnaindia.com/business/report-ratan-tata-tcs-loses-rs-110351-crore-in-just-96-hours-after-tcs-shares-fell-takes-biggest-hit-amid-bearish-trend-3143631,dnaindia.com,2025-04-06T16:30:00+05:30,2025-04-07,gdelt_gkg_observation,DIRECTLY_RELEVANT,"TCS Q4/FY25 earnings, revenue growth, order book, deal wins, hiring, leadership, or dividend."
20250406121500-801,TCS.NS,"Mcap of nine of top-10 most valued firms slumps by ₹2.9 lakh cr; TCS, RIL hit hard",https://www.thehindubusinessline.com/markets/mcap-of-nine-of-top-10-most-valued-firms-slumps-by-29-lakh-cr-tcs-ril-hit-hard/article69419238.ece,https://www.thehindubusinessline.com/markets/mcap-of-nine-of-top-10-most-valued-firms-slumps-by-29-lakh-cr-tcs-ril-hit-hard/article69419238.ece,thehindubusinessline.com,2025-04-06T17:45:00+05:30,2025-04-07,gdelt_gkg_observation,DIRECTLY_RELEVANT,"TCS Q4/FY25 earnings, revenue growth, order book, deal wins, hiring, leadership, or dividend."
20250406130000-492,TCS.NS,"Mcap of nine of top-10 most valued firms slumps by Rs 2.9 lakh cr; TCS, RIL hit hard",https://www.orissapost.com/mcap-of-nine-of-top-10-most-valued-firms-slumps-by-rs-2-9-lakh-cr-tcs-ril-hit-hard/,https://www.orissapost.com/mcap-of-nine-of-top-10-most-valued-firms-slumps-by-rs-2-9-lakh-cr-tcs-ril-hit-hard/,orissapost.com,2025-04-06T18:30:00+05:30,2025-04-07,gdelt_gkg_observation,DIRECTLY_RELEVANT,"TCS Q4/FY25 earnings, revenue growth, order book, deal wins, hiring, leadership, or dividend."
20250406133000-868,TCS.NS,"Mcap of nine of top-10 most valued firms slumps by Rs 2.9 lakh crore; TCS, RIL hit hard",https://www.tribuneindia.com/news/business/mcap-of-nine-of-top-10-most-valued-firms-slumps-by-rs-2-9-lakh-crore-tcs-ril-hit-hard/,https://www.tribuneindia.com/news/business/mcap-of-nine-of-top-10-most-valued-firms-slumps-by-rs-2-9-lakh-crore-tcs-ril-hit-hard/,tribuneindia.com,2025-04-06T19:00:00+05:30,2025-04-07,gdelt_gkg_observation,DIRECTLY_RELEVANT,"TCS Q4/FY25 earnings, revenue growth, order book, deal wins, hiring, leadership, or dividend."
20250406140000-277,TCS.NS,"Top 10 firms lose Rs 2.9 lakh crore in market capitalization, TCS and Reliance bear the brunt",https://timesofindia.indiatimes.com/business/india-business/top-10-firms-lose-rs-2-9-lakh-crore-in-market-capitalization-tcs-and-reliance-bear-the-brunt/articleshow/120038903.cms,https://timesofindia.indiatimes.com/business/india-business/top-10-firms-lose-rs-2-9-lakh-crore-in-market-capitalization-tcs-and-reliance-bear-the-brunt/articleshow/120038903.cms,indiatimes.com,2025-04-06T19:30:00+05:30,2025-04-07,gdelt_gkg_observation,DIRECTLY_RELEVANT,"TCS Q4/FY25 earnings, revenue growth, order book, deal wins, hiring, leadership, or dividend."
20250406141500-T305,TCS.NS,"Share Market: सेंसेक्स-निफ्टी की गिरावट से हिली कंपनियां, TCS को सबसे बड़ा झटका, एयरटेल ने दमखम दिखाया - stock market crash top 10 companies lose market cap tcs reliance nifty sensex down bharti airtel gains",https://hindi.business-standard.com/markets/share-market/stock-market-crash-top-10-companies-lose-market-cap-tcs-reliance-nifty-sensex-down-bharti-airtel-gains-id-428217,https://hindi.business-standard.com/markets/share-market/stock-market-crash-top-10-companies-lose-market-cap-tcs-reliance-nifty-sensex-down-bharti-airtel-gains-id-428217,business-standard.com,2025-04-06T19:45:00+05:30,2025-04-07,gdelt_gkg_observation,DIRECTLY_RELEVANT,"TCS Q4/FY25 earnings, revenue growth, order book, deal wins, hiring, leadership, or dividend."
20250407033000-T129,TCS.NS,"FY25 Q4 के रिजल्ट कब जारी करेंगी TCS, Infosys, Wipro, HCL Tech? जानिए शेड्यूल और डिविडेंड की डिटेल",https://hindi.moneycontrol.com/news/markets/it-companies-q4-results-2025-schedule-dividend-1968150.html,https://hindi.moneycontrol.com/news/markets/it-companies-q4-results-2025-schedule-dividend-1968150.html,moneycontrol.com,2025-04-07T09:00:00+05:30,2025-04-07,gdelt_gkg_observation,DIRECTLY_RELEVANT,"TCS Q4/FY25 earnings, revenue growth, order book, deal wins, hiring, leadership, or dividend."
20250407040000-235,TCS.NS,TCS Dividend announcement on April 10? 5 crucial factors to watch ahead of Q4 results,https://www.financialexpress.com/market/tcs-dividend-announcement-on-april-10-5-crucial-factors-to-watch-ahead-of-q4-results-3801093/,https://www.financialexpress.com/market/tcs-dividend-announcement-on-april-10-5-crucial-factors-to-watch-ahead-of-q4-results-3801093/,financialexpress.com,2025-04-07T09:30:00+05:30,2025-04-07,gdelt_gkg_observation,DIRECTLY_RELEVANT,"TCS Q4/FY25 earnings, revenue growth, order book, deal wins, hiring, leadership, or dividend."
20250407061500-884,TCS.NS,"Tata Sons chief N Chandrasekaran to group firms: Embrace AI or risk falling behind, ET Retail",https://retail.economictimes.indiatimes.com/news/industry/tata-sons-chief-n-chandrasekaran-to-group-firms-embrace-ai-or-risk-falling-behind/120051776,https://retail.economictimes.indiatimes.com/news/industry/tata-sons-chief-n-chandrasekaran-to-group-firms-embrace-ai-or-risk-falling-behind/120051776,indiatimes.com,2025-04-07T11:45:00+05:30,2025-04-07,gdelt_gkg_observation,DIRECTLY_RELEVANT,"TCS Q4/FY25 earnings, revenue growth, order book, deal wins, hiring, leadership, or dividend."
20250407063000-560,TCS.NS,"Tata Sons chief N Chandrasekaran to group firms: Embrace AI or risk falling behind, ET Telecom",https://telecom.economictimes.indiatimes.com/news/industry/tata-sons-chief-n-chandrasekaran-to-group-firms-embrace-ai-or-risk-falling-behind/120049715,https://telecom.economictimes.indiatimes.com/news/industry/tata-sons-chief-n-chandrasekaran-to-group-firms-embrace-ai-or-risk-falling-behind/120049715,indiatimes.com,2025-04-07T12:00:00+05:30,2025-04-07,gdelt_gkg_observation,DIRECTLY_RELEVANT,"TCS Q4/FY25 earnings, revenue growth, order book, deal wins, hiring, leadership, or dividend."
20250407070000-T1957,TCS.NS,"Shares of TCS Titan Tata Motors Reliance sank in the stock market tsunami शेयर मार्केट की सुनामी में डूबे टीसीएस, टाइटन, टाटा मोटर्स, रिलायंस के शेयर, Business Hindi News",https://www.livehindustan.com/business/shares-of-tcs-titan-tata-motors-reliance-sank-in-the-stock-market-tsunami-201744006379209.html,https://www.livehindustan.com/business/shares-of-tcs-titan-tata-motors-reliance-sank-in-the-stock-market-tsunami-201744006379209.html,livehindustan.com,2025-04-07T12:30:00+05:30,2025-04-07,gdelt_gkg_observation,DIRECTLY_RELEVANT,"TCS Q4/FY25 earnings, revenue growth, order book, deal wins, hiring, leadership, or dividend."
20250407091500-225,TCS.NS,"Trent, TCS, Titan: Top-5 Tata stocks crash up to 19%; investors lose Rs 1.56 lakh crore",https://www.businesstoday.in/markets/stocks/story/trent-tcs-titan-top-5-tata-stocks-crash-up-to-19-investors-lose-rs-156-lakh-crore-470951-2025-04-07,https://www.businesstoday.in/markets/stocks/story/trent-tcs-titan-top-5-tata-stocks-crash-up-to-19-investors-lose-rs-156-lakh-crore-470951-2025-04-07,businesstoday.in,2025-04-07T14:45:00+05:30,2025-04-07,gdelt_gkg_observation,DIRECTLY_RELEVANT,"TCS Q4/FY25 earnings, revenue growth, order book, deal wins, hiring, leadership, or dividend."
20250407101500-T600,TCS.NS,Black Monday : TCS-रिलायंस धड़ाम; टैरिफ से हिला शेयर बाजार,https://www.pratahkal.com/Encyc/2025/4/7/Stocks-Shaken-Tariff-Hits-Heavyweights.html,https://www.pratahkal.com/Encyc/2025/4/7/Stocks-Shaken-Tariff-Hits-Heavyweights.html,pratahkal.com,2025-04-07T15:45:00+05:30,2025-04-08,gdelt_gkg_observation,DIRECTLY_RELEVANT,"TCS Q4/FY25 earnings, revenue growth, order book, deal wins, hiring, leadership, or dividend."
20250407104500-1029,TCS.NS,"Infosys, TCS, HCL Tech, Tech Mahindra investors lose Rs 2.73 lakh crore since April 2; Nifty IT hits 17-month low",https://www.businesstoday.in/markets/stocks/story/infosys-tcs-hcl-tech-tech-mahindra-investors-lose-rs-273-lakh-crore-since-april-2-nifty-it-hits-17-month-low-470982-2025-04-07,https://www.businesstoday.in/markets/stocks/story/infosys-tcs-hcl-tech-tech-mahindra-investors-lose-rs-273-lakh-crore-since-april-2-nifty-it-hits-17-month-low-470982-2025-04-07,businesstoday.in,2025-04-07T16:15:00+05:30,2025-04-08,gdelt_gkg_observation,DIRECTLY_RELEVANT,"TCS Q4/FY25 earnings, revenue growth, order book, deal wins, hiring, leadership, or dividend."
20250407111500-295,TCS.NS,"Bad news for employees of this company, over 700 sacked due to..., not Narayana Murthy's Infosys, Ratan Tata's TCS, company is..., Indians are...",https://www.india.com/business/bad-news-for-employees-of-this-company-over-700-sacked-due-to-ethical-grounds-not-narayana-murthys-infosys-ratan-tatas-tcs-company-is-indians-are-telgu-7738075/,https://www.india.com/business/bad-news-for-employees-of-this-company-over-700-sacked-due-to-ethical-grounds-not-narayana-murthys-infosys-ratan-tatas-tcs-company-is-indians-are-telgu-7738075/,india.com,2025-04-07T16:45:00+05:30,2025-04-08,gdelt_gkg_observation,DIRECTLY_RELEVANT,"TCS Q4/FY25 earnings, revenue growth, order book, deal wins, hiring, leadership, or dividend."
20250408034500-953,TCS.NS,TCS Q4 to signal IT sector outlook amid tariff jitters,https://www.financialexpress.com/business/industry/tcs-q4-to-signal-it-sector-outlook-amid-tariff-jitters/3802338/,https://www.financialexpress.com/business/industry/tcs-q4-to-signal-it-sector-outlook-amid-tariff-jitters/3802338/,financialexpress.com,2025-04-08T09:15:00+05:30,2025-04-08,gdelt_gkg_observation,DIRECTLY_RELEVANT,"TCS Q4/FY25 earnings, revenue growth, order book, deal wins, hiring, leadership, or dividend."
20250408100000-322,TCS.NS,"TCS Q4 Results Preview: Revenue, profit growth to stay muted; margins likely to improve; outlook on US tariffs eyed",https://www.livemint.com/market/stock-market-news/tcs-q4-results-preview-revenue-profit-growth-to-stay-muted-margins-likely-to-improve-outlook-on-us-tariffs-eyed-11744099942975.html,https://www.livemint.com/market/stock-market-news/tcs-q4-results-preview-revenue-profit-growth-to-stay-muted-margins-likely-to-improve-outlook-on-us-tariffs-eyed-11744099942975.html,livemint.com,2025-04-08T15:30:00+05:30,2025-04-09,gdelt_gkg_observation,DIRECTLY_RELEVANT,"TCS Q4/FY25 earnings, revenue growth, order book, deal wins, hiring, leadership, or dividend."
20250408123000-T1557,TCS.NS,"TCS Q4 Preview: आईटी कंपनी के नतीजों पर निवेशकों की नजर, मुनाफे में होगा सुधार या आएगी गिरावट? जानें एनालिस्ट्स की राय - tcs q4 preview investors are eyeing tcss march quarter results know the opinion of analysts",https://hindi.business-standard.com/markets/share-market/tcs-q4-preview-investors-are-eyeing-tcss-march-quarter-results-know-the-opinion-of-analysts-id-428909,https://hindi.business-standard.com/markets/share-market/tcs-q4-preview-investors-are-eyeing-tcss-march-quarter-results-know-the-opinion-of-analysts-id-428909,business-standard.com,2025-04-08T18:00:00+05:30,2025-04-09,gdelt_gkg_observation,DIRECTLY_RELEVANT,"TCS Q4/FY25 earnings, revenue growth, order book, deal wins, hiring, leadership, or dividend."
20250408160000-T1532,TCS.NS,"TCS Q4 Results Preview: चौथी तिमाही में मुनाफे और रेवन्यू में दिख सकता है मामूली इजाफा, गाइडेंस पर रहेगी बाजार की नजर",https://hindi.moneycontrol.com/news/company/company-results/tcs-q4-results-preview-there-may-be-a-slight-increase-in-profit-and-revenue-in-the-fourth-quarter-the-market-will-keep-an-eye-on-guidance-1968813.html,https://hindi.moneycontrol.com/news/company/company-results/tcs-q4-results-preview-there-may-be-a-slight-increase-in-profit-and-revenue-in-the-fourth-quarter-the-market-will-keep-an-eye-on-guidance-1968813.html,moneycontrol.com,2025-04-08T21:30:00+05:30,2025-04-09,gdelt_gkg_observation,DIRECTLY_RELEVANT,"TCS Q4/FY25 earnings, revenue growth, order book, deal wins, hiring, leadership, or dividend."
20250408184500-2080,TCS.NS,TCS School Board approves new cell phone policy | Thomasville Times Enterprise,https://timesenterprise.com/2025/04/08/tcs-school-board-approves-new-cell-phone-policy/,https://timesenterprise.com/2025/04/08/tcs-school-board-approves-new-cell-phone-policy/,timesenterprise.com,2025-04-09T00:15:00+05:30,2025-04-09,gdelt_gkg_observation,DIRECTLY_RELEVANT,"TCS Q4/FY25 earnings, revenue growth, order book, deal wins, hiring, leadership, or dividend."
20250409053000-T1643,TCS.NS,Ausblick: Tata Consultancy Services gewährt Anlegern Blick in die Bücher,https://www.finanzen.net/nachricht/aktien/ausblick-tata-consultancy-services-gewaehrt-anlegern-blick-in-die-buecher-14379132,https://www.finanzen.net/nachricht/aktien/ausblick-tata-consultancy-services-gewaehrt-anlegern-blick-in-die-buecher-14379132,finanzen.net,2025-04-09T11:00:00+05:30,2025-04-09,gdelt_gkg_observation,DIRECTLY_RELEVANT,"TCS Q4/FY25 earnings, revenue growth, order book, deal wins, hiring, leadership, or dividend."
20250409060000-54,TCS.NS,"Wipro, Mphasis, TCS shares fall up to 5% amid downgrades by Jefferies; brokerage trims FY26 outlook for IT",https://www.moneycontrol.com/news/business/markets/wipro-tcs-shares-fall-up-to-5-after-jefferies-it-downgrade-citing-tariff-hit-on-us-growth-12989246.html,https://www.moneycontrol.com/news/business/markets/wipro-tcs-shares-fall-up-to-5-after-jefferies-it-downgrade-citing-tariff-hit-on-us-growth-12989246.html,moneycontrol.com,2025-04-09T11:30:00+05:30,2025-04-09,gdelt_gkg_observation,DIRECTLY_RELEVANT,"TCS Q4/FY25 earnings, revenue growth, order book, deal wins, hiring, leadership, or dividend."
20250409060000-1009,TCS.NS,TCS Q4 Earnings: 5 themes to watch out for,https://www.moneycontrol.com/technology/tcs-q4-earnings-5-themes-to-watch-out-for-article-12989290.html,https://www.moneycontrol.com/technology/tcs-q4-earnings-5-themes-to-watch-out-for-article-12989290.html,moneycontrol.com,2025-04-09T11:30:00+05:30,2025-04-09,gdelt_gkg_observation,DIRECTLY_RELEVANT,"TCS Q4/FY25 earnings, revenue growth, order book, deal wins, hiring, leadership, or dividend."
20250409063000-865,TCS.NS,"TCS Share Price, Q4 Results Preview LIVE: TCS shares decline 2% ahead of Q4 results, IT stocks drag amid Trump tariff shock",https://www.thehindubusinessline.com/markets/stock-markets/tcs-share-price-tcs-q4-results-preview-live-updates/article69429830.ece,https://www.thehindubusinessline.com/markets/stock-markets/tcs-share-price-tcs-q4-results-preview-live-updates/article69429830.ece,thehindubusinessline.com,2025-04-09T12:00:00+05:30,2025-04-09,gdelt_gkg_observation,DIRECTLY_RELEVANT,"TCS Q4/FY25 earnings, revenue growth, order book, deal wins, hiring, leadership, or dividend."
20250409073000-244,TCS.NS,"TCS CEO Krithivasan faces biggest challenge amid macroeconomic uncertainty, threat posed by GenAI",https://www.livemint.com/companies/tcs-economic-slowdown-krithivasan-ceo-macroeconomic-uncertainty-genai-revenue-hiring-demand-management-commentary-11744171754733.html,https://www.livemint.com/companies/tcs-economic-slowdown-krithivasan-ceo-macroeconomic-uncertainty-genai-revenue-hiring-demand-management-commentary-11744171754733.html,livemint.com,2025-04-09T13:00:00+05:30,2025-04-09,gdelt_gkg_observation,DIRECTLY_RELEVANT,"TCS Q4/FY25 earnings, revenue growth, order book, deal wins, hiring, leadership, or dividend."
20250409073000-859,TCS.NS,"TCS share price dips ahead of Q4 result on Thursday. Should you buy, sell or hold this IT stock?",https://www.livemint.com/market/stock-market-news/tcs-share-price-dips-ahead-of-q4-result-on-thursday-should-you-buy-sell-or-hold-this-it-stock-11744180953675.html,https://www.livemint.com/market/stock-market-news/tcs-share-price-dips-ahead-of-q4-result-on-thursday-should-you-buy-sell-or-hold-this-it-stock-11744180953675.html,livemint.com,2025-04-09T13:00:00+05:30,2025-04-09,gdelt_gkg_observation,DIRECTLY_RELEVANT,"TCS Q4/FY25 earnings, revenue growth, order book, deal wins, hiring, leadership, or dividend."
20250409104500-1310,TCS.NS,"TCS Q4 Results Preview: Constant currency revenue may drop; US tariff impact, FY26 outlook in focus",https://economictimes.indiatimes.com/markets/stocks/earnings/tcs-q4-results-preview-constant-currency-revenue-may-drop-us-tariff-impact-fy26-outlook-in-focus/articleshow/120123671.cms,https://economictimes.indiatimes.com/markets/stocks/earnings/tcs-q4-results-preview-constant-currency-revenue-may-drop-us-tariff-impact-fy26-outlook-in-focus/articleshow/120123671.cms,indiatimes.com,2025-04-09T16:15:00+05:30,2025-04-10,gdelt_gkg_observation,DIRECTLY_RELEVANT,"TCS Q4/FY25 earnings, revenue growth, order book, deal wins, hiring, leadership, or dividend."
20250409110000-534,TCS.NS,TCS shares fall 1.6% day ahead of Q4 results tomorrow; FY25 final dividend announcement likely,https://www.moneycontrol.com/news/business/markets/tcs-shares-fall-1-6-day-ahead-of-q4-results-tomorrow-fy25-final-dividend-announcement-likely-12989827.html,https://www.moneycontrol.com/news/business/markets/tcs-shares-fall-1-6-day-ahead-of-q4-results-tomorrow-fy25-final-dividend-announcement-likely-12989827.html,moneycontrol.com,2025-04-09T16:30:00+05:30,2025-04-10,gdelt_gkg_observation,DIRECTLY_RELEVANT,"TCS Q4/FY25 earnings, revenue growth, order book, deal wins, hiring, leadership, or dividend."
20250410030000-531,TCS.NS,TCS likely to log 2nd straight weak quarter amid global uncertainty & tariff woes,https://economictimes.indiatimes.com/markets/stocks/earnings/tcs-likely-to-log-2nd-straight-weak-quarter-amid-global-uncertainty-tariff-woes/articleshow/120144835.cms,https://economictimes.indiatimes.com/markets/stocks/earnings/tcs-likely-to-log-2nd-straight-weak-quarter-amid-global-uncertainty-tariff-woes/articleshow/120144835.cms,indiatimes.com,2025-04-10T08:30:00+05:30,2025-04-10,gdelt_gkg_observation,DIRECTLY_RELEVANT,"TCS Q4/FY25 earnings, revenue growth, order book, deal wins, hiring, leadership, or dividend."
20250410033000-787,TCS.NS,Q4 results today: TCS and 2 other companies will announce earnings on Thursday,https://economictimes.indiatimes.com/markets/stocks/earnings/q4-results-today-tcs-and-2-other-companies-will-announce-earnings-on-thursday/articleshow/120145055.cms,https://economictimes.indiatimes.com/markets/stocks/earnings/q4-results-today-tcs-and-2-other-companies-will-announce-earnings-on-thursday/articleshow/120145055.cms,indiatimes.com,2025-04-10T09:00:00+05:30,2025-04-10,gdelt_gkg_observation,DIRECTLY_RELEVANT,"TCS Q4/FY25 earnings, revenue growth, order book, deal wins, hiring, leadership, or dividend."
20250410033000-764,TCS.NS,TCS Q4 results set to disappoint? Here are 5 things to track for investors,https://economictimes.indiatimes.com/markets/stocks/earnings/tcs-q4-results-set-to-disappoint-here-are-5-things-to-track-for-investors/articleshow/120145093.cms,https://economictimes.indiatimes.com/markets/stocks/earnings/tcs-q4-results-set-to-disappoint-here-are-5-things-to-track-for-investors/articleshow/120145093.cms,indiatimes.com,2025-04-10T09:00:00+05:30,2025-04-10,gdelt_gkg_observation,DIRECTLY_RELEVANT,"TCS Q4/FY25 earnings, revenue growth, order book, deal wins, hiring, leadership, or dividend."
20250410040000-4,TCS.NS,TCS Q4 results preview: 4 crucial factors to watch ahead of earnings,https://www.financialexpress.com/business/industry-tcs-q4-results-preview-4-crucial-factors-to-watch-ahead-of-earnings-3804869/,https://www.financialexpress.com/business/industry-tcs-q4-results-preview-4-crucial-factors-to-watch-ahead-of-earnings-3804869/,financialexpress.com,2025-04-10T09:30:00+05:30,2025-04-10,gdelt_gkg_observation,DIRECTLY_RELEVANT,"TCS Q4/FY25 earnings, revenue growth, order book, deal wins, hiring, leadership, or dividend."
20250410050000-779,TCS.NS,TCS Q4 Results Preview: BSNL ramp-down expected to hurt revenue growth,https://www.thehindubusinessline.com/info-tech/tcs-q4-results-preview-bsnl-rampdown-expected-to-hurt-revenue-growth/article69434008.ece,https://www.thehindubusinessline.com/info-tech/tcs-q4-results-preview-bsnl-rampdown-expected-to-hurt-revenue-growth/article69434008.ece,thehindubusinessline.com,2025-04-10T10:30:00+05:30,2025-04-10,gdelt_gkg_observation,DIRECTLY_RELEVANT,"TCS Q4/FY25 earnings, revenue growth, order book, deal wins, hiring, leadership, or dividend."
20250410050000-794,TCS.NS,TCS Q4 Results & Share Price LIVE: Analysts expect muted revenue growth amid Trump tariff shock,https://www.thehindubusinessline.com/markets/stock-markets/tcs-q4-results-today-tcs-share-price-live-updates/article69429830.ece,https://www.thehindubusinessline.com/markets/stock-markets/tcs-q4-results-today-tcs-share-price-live-updates/article69429830.ece,thehindubusinessline.com,2025-04-10T10:30:00+05:30,2025-04-10,gdelt_gkg_observation,DIRECTLY_RELEVANT,"TCS Q4/FY25 earnings, revenue growth, order book, deal wins, hiring, leadership, or dividend."
20250410063000-740,TCS.NS,"TCS Q4 Results 2025 Today: Know Revenue & Profit Expectations, Key Things To Watch Out For",https://www.news18.com/business/tcs-q4-results-2025-today-know-revenue-profit-expectations-key-things-to-watch-out-for-9293434.html,https://www.news18.com/business/tcs-q4-results-2025-today-know-revenue-profit-expectations-key-things-to-watch-out-for-9293434.html,news18.com,2025-04-10T12:00:00+05:30,2025-04-10,gdelt_gkg_observation,DIRECTLY_RELEVANT,"TCS Q4/FY25 earnings, revenue growth, order book, deal wins, hiring, leadership, or dividend."
20250410064500-670,TCS.NS,TCS Q4 Results Live Updates: TCS likely to post muted Q4 earnings; all eyes on dividend announcement,https://www.financialexpress.com/business/industry-tcs-q4-results-live-updates-tcs-likely-to-post-muted-q4-earnings-all-eyes-on-dividend-announcement-3804990/,https://www.financialexpress.com/business/industry-tcs-q4-results-live-updates-tcs-likely-to-post-muted-q4-earnings-all-eyes-on-dividend-announcement-3804990/,financialexpress.com,2025-04-10T12:15:00+05:30,2025-04-10,gdelt_gkg_observation,DIRECTLY_RELEVANT,"TCS Q4/FY25 earnings, revenue growth, order book, deal wins, hiring, leadership, or dividend."
20250410070000-1267,TCS.NS,TCS Q4 preview: modest growth expected amid seasonal weakness,https://www.moneycontrol.com/news/business/earnings/tcs-q4-preview-modest-growth-expected-amid-seasonal-weakness-12989168.html,https://www.moneycontrol.com/news/business/earnings/tcs-q4-preview-modest-growth-expected-amid-seasonal-weakness-12989168.html,moneycontrol.com,2025-04-10T12:30:00+05:30,2025-04-10,gdelt_gkg_observation,DIRECTLY_RELEVANT,"TCS Q4/FY25 earnings, revenue growth, order book, deal wins, hiring, leadership, or dividend."
20250410070000-1173,TCS.NS,TCS Q4 Results 2025 Live: IT giant likely to announce FY25 final dividend today,https://www.moneycontrol.com/news/business/tcs-q4-results-2025-live-it-giant-likely-to-announce-fy25-final-dividend-today-liveblog-12990656.html,https://www.moneycontrol.com/news/business/tcs-q4-results-2025-live-it-giant-likely-to-announce-fy25-final-dividend-today-liveblog-12990656.html,moneycontrol.com,2025-04-10T12:30:00+05:30,2025-04-10,gdelt_gkg_observation,DIRECTLY_RELEVANT,"TCS Q4/FY25 earnings, revenue growth, order book, deal wins, hiring, leadership, or dividend."
20250410070000-980,TCS.NS,"TCS Q4 results preview: Margins, TCV, guidance, divided among key monitorables; check targets",https://www.businesstoday.in/markets/stocks/story/tcs-q4-results-preview-margins-tcv-guidance-divided-among-key-monitorables-check-targets-471499-2025-04-10,https://www.businesstoday.in/markets/stocks/story/tcs-q4-results-preview-margins-tcv-guidance-divided-among-key-monitorables-check-targets-471499-2025-04-10,businesstoday.in,2025-04-10T12:30:00+05:30,2025-04-10,gdelt_gkg_observation,DIRECTLY_RELEVANT,"TCS Q4/FY25 earnings, revenue growth, order book, deal wins, hiring, leadership, or dividend."
20250410073000-84,TCS.NS,"TCS Q4 Results 2025 LIVE: IT major likely to post muted earnings show; all eyes on dividend, outlook on US tariffs",https://www.livemint.com/market/stock-market-news/tcs-q4-results-2025-live-updates-dividend-announcement-profit-earnings-tcs-share-price-11744266655282.html,https://www.livemint.com/market/stock-market-news/tcs-q4-results-2025-live-updates-dividend-announcement-profit-earnings-tcs-share-price-11744266655282.html,livemint.com,2025-04-10T13:00:00+05:30,2025-04-10,gdelt_gkg_observation,DIRECTLY_RELEVANT,"TCS Q4/FY25 earnings, revenue growth, order book, deal wins, hiring, leadership, or dividend."
20250410081500-T791,TCS.NS,"TCS Q4 Results Today: आईटी कंपनी आज पेश करेगी मार्च तिमाही के नतीजे, सुस्ती या उछाल? जानें क्या हैं उम्मीदें - tcs q4 results today it company will announce its q4 results on april 10 analysts predict slow growth",https://hindi.business-standard.com/companies/tcs-q4-results-today-it-company-will-announce-its-q4-results-on-april-10-analysts-predict-slow-growth-id-429437,https://hindi.business-standard.com/companies/tcs-q4-results-today-it-company-will-announce-its-q4-results-on-april-10-analysts-predict-slow-growth-id-429437,business-standard.com,2025-04-10T13:45:00+05:30,2025-04-10,gdelt_gkg_observation,DIRECTLY_RELEVANT,"TCS Q4/FY25 earnings, revenue growth, order book, deal wins, hiring, leadership, or dividend."
20250410081500-T822,TCS.NS,"Q4 results today: TCS समेत इन 3 कंपनियों के आज आएंगे नतीजे, शेयरों पर रखें नजर; दिख सकता है एक्शन - q4 results today tcs anand rathi wealth evoq remedies will declare q4 results on april 10",https://hindi.business-standard.com/markets/share-market/q4-results-today-tcs-anand-rathi-wealth-evoq-remedies-will-declare-q4-results-on-april-10-id-429444,https://hindi.business-standard.com/markets/share-market/q4-results-today-tcs-anand-rathi-wealth-evoq-remedies-will-declare-q4-results-on-april-10-id-429444,business-standard.com,2025-04-10T13:45:00+05:30,2025-04-10,gdelt_gkg_observation,DIRECTLY_RELEVANT,"TCS Q4/FY25 earnings, revenue growth, order book, deal wins, hiring, leadership, or dividend."
20250410090000-797,TCS.NS,TCS to Kick Off Q4 Earnings Season Amid Global Headwinds,https://www.deccanchronicle.com/business/tcs-to-kick-off-q4-earnings-season-amid-global-headwinds-1872106,https://www.deccanchronicle.com/business/tcs-to-kick-off-q4-earnings-season-amid-global-headwinds-1872106,deccanchronicle.com,2025-04-10T14:30:00+05:30,2025-04-10,gdelt_gkg_observation,DIRECTLY_RELEVANT,"TCS Q4/FY25 earnings, revenue growth, order book, deal wins, hiring, leadership, or dividend."
20250410091500-1113,TCS.NS,"TCS Q4 results timing, dividend: Why tariff impact on client demand holds key",https://www.businesstoday.in/markets/stocks/story/tcs-q4-results-timing-dividend-why-tariff-impact-on-client-demand-holds-key-471528-2025-04-10,https://www.businesstoday.in/markets/stocks/story/tcs-q4-results-timing-dividend-why-tariff-impact-on-client-demand-holds-key-471528-2025-04-10,businesstoday.in,2025-04-10T14:45:00+05:30,2025-04-10,gdelt_gkg_observation,DIRECTLY_RELEVANT,"TCS Q4/FY25 earnings, revenue growth, order book, deal wins, hiring, leadership, or dividend."
20250410110000-1078,TCS.NS,TCS Announces Final Dividend Of Rs 30 For 2024-25; Check Details,https://www.news18.com/business/markets/tcs-q4-results-2025-tata-consultancy-services-dividend-per-share-tcs-stock-price-today-9293877.html,https://www.news18.com/business/markets/tcs-q4-results-2025-tata-consultancy-services-dividend-per-share-tcs-stock-price-today-9293877.html,news18.com,2025-04-10T16:30:00+05:30,2025-04-11,gdelt_gkg_observation,DIRECTLY_RELEVANT,"TCS Q4/FY25 earnings, revenue growth, order book, deal wins, hiring, leadership, or dividend."
20250410110000-918,TCS.NS,"TCS Q4 Results 2025 Live: Net Profit Falls 1.7% YoY To Rs 12,224 Crore, Revenue Up 5.3%, Rs 30 Dividend Declared",https://www.news18.com/business/tcs-q4-results-2025-live-tata-consultancy-services-net-profit-revenue-growth-dividend-per-share-tcs-stock-price-today-9293887.html,https://www.news18.com/business/tcs-q4-results-2025-live-tata-consultancy-services-net-profit-revenue-growth-dividend-per-share-tcs-stock-price-today-9293887.html,news18.com,2025-04-10T16:30:00+05:30,2025-04-11,gdelt_gkg_observation,DIRECTLY_RELEVANT,"TCS Q4/FY25 earnings, revenue growth, order book, deal wins, hiring, leadership, or dividend."
20250410111500-1366,TCS.NS,"TCS Q4 Results: Profit falls 2% YoY to Rs 12,224 crore, misses estimates",https://economictimes.indiatimes.com/markets/stocks/earnings/tcs-q4-results-profit-falls-2-yoy-to-rs-12224-crore-misses-estimates/articleshow/120155548.cms,https://economictimes.indiatimes.com/markets/stocks/earnings/tcs-q4-results-profit-falls-2-yoy-to-rs-12224-crore-misses-estimates/articleshow/120155548.cms,indiatimes.com,2025-04-10T16:45:00+05:30,2025-04-11,gdelt_gkg_observation,DIRECTLY_RELEVANT,"TCS Q4/FY25 earnings, revenue growth, order book, deal wins, hiring, leadership, or dividend."
20250410113000-T1433,TCS.NS,"TCS Q4 Results profit fall 2 percent in march quarter declared 30 rupees per share dividend टाटा की दिग्गज कंपनी के मुनाफे में गिरावट, बावजूद हर शेयर पर ₹30 डिविडेंड देने का ऐलान, Business Hindi News",https://www.livehindustan.com/business/tcs-q4-results-profit-fall-2-percent-in-march-quarter-declared-30-rupees-per-share-dividend-201744283400899.html,https://www.livehindustan.com/business/tcs-q4-results-profit-fall-2-percent-in-march-quarter-declared-30-rupees-per-share-dividend-201744283400899.html,livehindustan.com,2025-04-10T17:00:00+05:30,2025-04-11,gdelt_gkg_observation,DIRECTLY_RELEVANT,"TCS Q4/FY25 earnings, revenue growth, order book, deal wins, hiring, leadership, or dividend."
20250410113000-28,TCS.NS,TCS headcount up 625 in Q4 after a quarter of decline,https://www.moneycontrol.com/technology/tcs-headcount-rises-by-625-in-q4fy25-reversing-previous-quarter-s-decline-article-12990994.html,https://www.moneycontrol.com/technology/tcs-headcount-rises-by-625-in-q4fy25-reversing-previous-quarter-s-decline-article-12990994.html,moneycontrol.com,2025-04-10T17:00:00+05:30,2025-04-11,gdelt_gkg_observation,DIRECTLY_RELEVANT,"TCS Q4/FY25 earnings, revenue growth, order book, deal wins, hiring, leadership, or dividend."
20250410113000-994,TCS.NS,"TCS Q4 results: Net profit falls 2% YoY to Rs 12,224 crore, misses estimate",https://www.moneycontrol.com/news/business/earnings/tcs-q4-results-net-profit-falls-2-yoy-to-rs-12-224-crore-misses-estimate-12990760.html,https://www.moneycontrol.com/news/business/earnings/tcs-q4-results-net-profit-falls-2-yoy-to-rs-12-224-crore-misses-estimate-12990760.html,moneycontrol.com,2025-04-10T17:00:00+05:30,2025-04-11,gdelt_gkg_observation,DIRECTLY_RELEVANT,"TCS Q4/FY25 earnings, revenue growth, order book, deal wins, hiring, leadership, or dividend."
20250410114500-454,TCS.NS,"TCS reverses headcount to add 625 employees in Q4, 6,433 in full year FY25",https://economictimes.indiatimes.com/tech/information-tech/tcs-reverses-headcount-to-add-625-employees-in-q4-6433-in-full-year-fy25/articleshow/120157206.cms,https://economictimes.indiatimes.com/tech/information-tech/tcs-reverses-headcount-to-add-625-employees-in-q4-6433-in-full-year-fy25/articleshow/120157206.cms,indiatimes.com,2025-04-10T17:15:00+05:30,2025-04-11,gdelt_gkg_observation,DIRECTLY_RELEVANT,"TCS Q4/FY25 earnings, revenue growth, order book, deal wins, hiring, leadership, or dividend."
20250410114500-1068,TCS.NS,"TCS clocks nearly 2 pc drop in Q4 profit, announces Rs 30 final dividend",https://www.prokerala.com/news/articles/a1624227.html,https://www.prokerala.com/news/articles/a1624227.html,prokerala.com,2025-04-10T17:15:00+05:30,2025-04-11,gdelt_gkg_observation,DIRECTLY_RELEVANT,"TCS Q4/FY25 earnings, revenue growth, order book, deal wins, hiring, leadership, or dividend."
20250410120000-1660,TCS.NS,TCS Dividend 2025: Tata Group giant declares final dividend of Rs 30 - Check details,https://www.indiatvnews.com/business/markets/tcs-q4-results-2025-dividend-amount-check-details-quarterly-results-2025-04-10-984877,https://www.indiatvnews.com/business/markets/tcs-q4-results-2025-dividend-amount-check-details-quarterly-results-2025-04-10-984877,indiatvnews.com,2025-04-10T17:30:00+05:30,2025-04-11,gdelt_gkg_observation,DIRECTLY_RELEVANT,"TCS Q4/FY25 earnings, revenue growth, order book, deal wins, hiring, leadership, or dividend."
20250410120000-791,TCS.NS,"TCS Q4 Result: From PAT, revenue to dividend— 6 key takeaways from IT major's March quarter earnings",https://www.livemint.com/companies/company-results/tcs-q4-result-from-pat-revenue-to-dividend-5-key-takeaways-from-it-majors-march-quarter-earnings-11744281354565.html,https://www.livemint.com/companies/company-results/tcs-q4-result-from-pat-revenue-to-dividend-5-key-takeaways-from-it-majors-march-quarter-earnings-11744281354565.html,livemint.com,2025-04-10T17:30:00+05:30,2025-04-11,gdelt_gkg_observation,DIRECTLY_RELEVANT,"TCS Q4/FY25 earnings, revenue growth, order book, deal wins, hiring, leadership, or dividend."
20250410120000-144,TCS.NS,TCS Q4 Results: Headcount rises 625 QoQ despite a 13.3% attrition rate in last 1 year,https://www.livemint.com/market/stock-market-news/tcs-q4-results-headcount-rises-625-qoq-despite-a-13-3-attrition-rate-in-last-1-year-11744284243917.html,https://www.livemint.com/market/stock-market-news/tcs-q4-results-headcount-rises-625-qoq-despite-a-13-3-attrition-rate-in-last-1-year-11744284243917.html,livemint.com,2025-04-10T17:30:00+05:30,2025-04-11,gdelt_gkg_observation,DIRECTLY_RELEVANT,"TCS Q4/FY25 earnings, revenue growth, order book, deal wins, hiring, leadership, or dividend."
20250410120000-20,TCS.NS,"TCS Q4 profit falls 1.7% to ₹12,224 cr; US tariff uncertainty hits spending",https://www.thehindubusinessline.com/info-tech/tcs-q4-profit-falls-17-revenue-misses-amid-us-market-slowdown/article69435024.ece,https://www.thehindubusinessline.com/info-tech/tcs-q4-profit-falls-17-revenue-misses-amid-us-market-slowdown/article69435024.ece,thehindubusinessline.com,2025-04-10T17:30:00+05:30,2025-04-11,gdelt_gkg_observation,DIRECTLY_RELEVANT,"TCS Q4/FY25 earnings, revenue growth, order book, deal wins, hiring, leadership, or dividend."
20250410120000-T94,TCS.NS,"TCS profit fell 2 percent in the fourth quarter of FY 25, income increased, Mumbai News in Hindi",https://www.khaskhabar.com/local/maharashtra/mumbai-news/news-tcs-profit-fell-2-percent-in-the-fourth-quarter-of-fy-25-income-increased-news-hindi-1-714502-KKN.html,https://www.khaskhabar.com/local/maharashtra/mumbai-news/news-tcs-profit-fell-2-percent-in-the-fourth-quarter-of-fy-25-income-increased-news-hindi-1-714502-KKN.html,khaskhabar.com,2025-04-10T17:30:00+05:30,2025-04-11,gdelt_gkg_observation,DIRECTLY_RELEVANT,"TCS Q4/FY25 earnings, revenue growth, order book, deal wins, hiring, leadership, or dividend."
20250410123000-859,TCS.NS,TCS Q4 results: Net profit drops 1.67% despite rise in revenue as expenses mount,https://www.hindustantimes.com/business/tcs-q4-results-net-profit-drops-1-67-despite-rise-in-revenue-as-expenses-mount-101744283984634.html,https://www.hindustantimes.com/business/tcs-q4-results-net-profit-drops-1-67-despite-rise-in-revenue-as-expenses-mount-101744283984634.html,hindustantimes.com,2025-04-10T18:00:00+05:30,2025-04-11,gdelt_gkg_observation,DIRECTLY_RELEVANT,"TCS Q4/FY25 earnings, revenue growth, order book, deal wins, hiring, leadership, or dividend."
20250410124500-1747,TCS.NS,TCS Q4 Results: Company hails AI adoption as it crosses $30 billion in annual revenues,https://www.financialexpress.com/business/industry-tcs-q4-results-company-hails-ai-adoption-as-it-crosses-30-billion-in-annual-revenues-3805479/,https://www.financialexpress.com/business/industry-tcs-q4-results-company-hails-ai-adoption-as-it-crosses-30-billion-in-annual-revenues-3805479/,financialexpress.com,2025-04-10T18:15:00+05:30,2025-04-11,gdelt_gkg_observation,DIRECTLY_RELEVANT,"TCS Q4/FY25 earnings, revenue growth, order book, deal wins, hiring, leadership, or dividend."
20250410124500-1755,TCS.NS,TCS Dividend 2025 Announcement: TCS declares final dividend of Rs 30 per share,https://www.financialexpress.com/market/tcs-dividend-2025-announcement-after-q4-result-check-history-record-date-3805475/,https://www.financialexpress.com/market/tcs-dividend-2025-announcement-after-q4-result-check-history-record-date-3805475/,financialexpress.com,2025-04-10T18:15:00+05:30,2025-04-11,gdelt_gkg_observation,DIRECTLY_RELEVANT,"TCS Q4/FY25 earnings, revenue growth, order book, deal wins, hiring, leadership, or dividend."
20250410124500-1322,TCS.NS,TCS Q4 results: Attrition rate rises 13.3% in last twelve months - Industry News,https://www.financialexpress.com/business/industry/tcs-q4-results-attrition-rate-rises-13-3-in-last-twelve-months/3805404/,https://www.financialexpress.com/business/industry/tcs-q4-results-attrition-rate-rises-13-3-in-last-twelve-months/3805404/,financialexpress.com,2025-04-10T18:15:00+05:30,2025-04-11,gdelt_gkg_observation,DIRECTLY_RELEVANT,"TCS Q4/FY25 earnings, revenue growth, order book, deal wins, hiring, leadership, or dividend."
20250410124500-687,TCS.NS,"TCS Q4 FY25 results: Net profit declines 1.6% YoY, revenue up 5.3%; announces final dividend",https://www.financialexpress.com/business/industry/tcs-q4-fy25-results-net-profit-declines-1-6-yoy-revenue-up-53-announces-final-dividend/3805602/,https://www.financialexpress.com/business/industry/tcs-q4-fy25-results-net-profit-declines-1-6-yoy-revenue-up-53-announces-final-dividend/3805602/,financialexpress.com,2025-04-10T18:15:00+05:30,2025-04-11,gdelt_gkg_observation,DIRECTLY_RELEVANT,"TCS Q4/FY25 earnings, revenue growth, order book, deal wins, hiring, leadership, or dividend."
20250410124500-232,TCS.NS,"TCS Q4 profit dips 1.7%, but FY25 revenue crosses $30 billion mark",https://timesofindia.indiatimes.com/business/india-business/tcs-q4-profit-dips-1-7-but-fy25-revenue-crosses-30-billion-mark/articleshow/120158977.cms,https://timesofindia.indiatimes.com/business/india-business/tcs-q4-profit-dips-1-7-but-fy25-revenue-crosses-30-billion-mark/articleshow/120158977.cms,indiatimes.com,2025-04-10T18:15:00+05:30,2025-04-11,gdelt_gkg_observation,DIRECTLY_RELEVANT,"TCS Q4/FY25 earnings, revenue growth, order book, deal wins, hiring, leadership, or dividend."
20250410130000-614,TCS.NS,"TCS net profit dips 1.68% to Rs 12,224 cr in March quarter",https://www.rediff.com/business/report/tech-tcs-net-profit-dips-168-to-rs-12224-cr-in-march-quarter/20250410.htm,https://www.rediff.com/business/report/tech-tcs-net-profit-dips-168-to-rs-12224-cr-in-march-quarter/20250410.htm,rediff.com,2025-04-10T18:30:00+05:30,2025-04-11,gdelt_gkg_observation,DIRECTLY_RELEVANT,"TCS Q4/FY25 earnings, revenue growth, order book, deal wins, hiring, leadership, or dividend."
20250410130000-908,TCS.NS,TCS wage hikes coming soon? Top management gives important update,https://economictimes.indiatimes.com/jobs/mid-career/tcs-wage-hike-coming-soon-top-management-gives-important-update/articleshow/120160849.cms,https://economictimes.indiatimes.com/jobs/mid-career/tcs-wage-hike-coming-soon-top-management-gives-important-update/articleshow/120160849.cms,indiatimes.com,2025-04-10T18:30:00+05:30,2025-04-11,gdelt_gkg_observation,DIRECTLY_RELEVANT,"TCS Q4/FY25 earnings, revenue growth, order book, deal wins, hiring, leadership, or dividend."
20250410130000-1552,TCS.NS,"TCS Q4 order book declines 7% YoY to $12.2 billion, but beats estimates",https://www.moneycontrol.com/news/business/earnings/tcs-q4-order-book-declines-7-yoy-to-12-2-billion-but-beats-estimates-12991059.html,https://www.moneycontrol.com/news/business/earnings/tcs-q4-order-book-declines-7-yoy-to-12-2-billion-but-beats-estimates-12991059.html,moneycontrol.com,2025-04-10T18:30:00+05:30,2025-04-11,gdelt_gkg_observation,DIRECTLY_RELEVANT,"TCS Q4/FY25 earnings, revenue growth, order book, deal wins, hiring, leadership, or dividend."
20250410130000-1101,TCS.NS,"TCS adds 625 employees in Q4, reversing workforce decline from last quarter",https://www.prokerala.com/news/articles/a1624240.html,https://www.prokerala.com/news/articles/a1624240.html,prokerala.com,2025-04-10T18:30:00+05:30,2025-04-11,gdelt_gkg_observation,DIRECTLY_RELEVANT,"TCS Q4/FY25 earnings, revenue growth, order book, deal wins, hiring, leadership, or dividend."
20250410130000-385,TCS.NS,TCS Salary Hike: When Will Employees Receive Increment This Year Amid IT Sector Woes?,https://www.news18.com/business/tcs-salary-hike-when-will-employees-receive-increment-this-year-amid-it-sector-woes-9294265.html,https://www.news18.com/business/tcs-salary-hike-when-will-employees-receive-increment-this-year-amid-it-sector-woes-9294265.html,news18.com,2025-04-10T18:30:00+05:30,2025-04-11,gdelt_gkg_observation,DIRECTLY_RELEVANT,"TCS Q4/FY25 earnings, revenue growth, order book, deal wins, hiring, leadership, or dividend."
20250410130000-245,TCS.NS,"TCS net profit dips 1.68% to ₹12,224 crore in March quarter",https://www.thehindu.com/business/Industry/tcs-net-profit-dips-168-to-12224-crore-in-march-quarter/article69435181.ece,https://www.thehindu.com/business/Industry/tcs-net-profit-dips-168-to-12224-crore-in-march-quarter/article69435181.ece,thehindu.com,2025-04-10T18:30:00+05:30,2025-04-11,gdelt_gkg_observation,DIRECTLY_RELEVANT,"TCS Q4/FY25 earnings, revenue growth, order book, deal wins, hiring, leadership, or dividend."
20250410130000-T816,TCS.NS,"TCS Q4 Results 2025 Update; Tata Consultancy Services | Net Profit Revenue | FY25 की चौथी तिमाही में TCS को ₹12,293 ​​​​​​​करोड़ मुनाफा: सालाना आधार पर 1.67% कम हुआ, रेवेन्यू 5% बढ़ा; 30 रुपए प्रति शेयर डिविडेंड देगी कंपनी",https://www.bhaskar.com/business/news/tcs-q4fy25-profit-and-revenue-increase-gives-dividend-to-shareholders-134811526.html,https://www.bhaskar.com/business/news/tcs-q4fy25-profit-and-revenue-increase-gives-dividend-to-shareholders-134811526.html,bhaskar.com,2025-04-10T18:30:00+05:30,2025-04-11,gdelt_gkg_observation,DIRECTLY_RELEVANT,"TCS Q4/FY25 earnings, revenue growth, order book, deal wins, hiring, leadership, or dividend."
20250410131500-T513,TCS.NS,"TCS Q4 Results: 3000% डिविडेंड का ऐलान, मुनाफा 1.7% घटकर ₹12,224 करोड़ आया, रेवेन्यू में बढ़त - tcs q4 results 3000 dividend announced profit fell 1 7 to %e2%82%b9 12224 crore increase in revenue",https://hindi.business-standard.com/companies/tcs-q4-results-3000-dividend-announced-profit-fell-1-7-to-%E2%82%B9-12224-crore-increase-in-revenue-id-429532,https://hindi.business-standard.com/companies/tcs-q4-results-3000-dividend-announced-profit-fell-1-7-to-%E2%82%B9-12224-crore-increase-in-revenue-id-429532,business-standard.com,2025-04-10T18:45:00+05:30,2025-04-11,gdelt_gkg_observation,DIRECTLY_RELEVANT,"TCS Q4/FY25 earnings, revenue growth, order book, deal wins, hiring, leadership, or dividend."
20250410131500-1153,TCS.NS,"TCS Clocks Nearly 2% Drop In Q4 Profit, Announces ₹30 Final Dividend",https://www.freepressjournal.in/business/tcs-clocks-nearly-2-drop-in-q4-profit-announces-30-final-dividend,https://www.freepressjournal.in/business/tcs-clocks-nearly-2-drop-in-q4-profit-announces-30-final-dividend,freepressjournal.in,2025-04-10T18:45:00+05:30,2025-04-11,gdelt_gkg_observation,DIRECTLY_RELEVANT,"TCS Q4/FY25 earnings, revenue growth, order book, deal wins, hiring, leadership, or dividend."
20250410134500-192,TCS.NS,"TCS Q4 Results Updates: Profit falls short, revenue at ₹64,479 cr as US clients tighten budgets",https://www.thehindubusinessline.com/markets/stock-markets/tcs-q4-results-today-tcs-share-price-highlights/article69429830.ece,https://www.thehindubusinessline.com/markets/stock-markets/tcs-q4-results-today-tcs-share-price-highlights/article69429830.ece,thehindubusinessline.com,2025-04-10T19:15:00+05:30,2025-04-11,gdelt_gkg_observation,DIRECTLY_RELEVANT,"TCS Q4/FY25 earnings, revenue growth, order book, deal wins, hiring, leadership, or dividend."
20250410134500-1449,TCS.NS,"TCS clocks nearly 2 pc drop in Q4 profit, announces Rs 30 final dividend",https://morungexpress.com/tcs-clocks-nearly-2-pc-drop-in-q4-profit-announces-rs-30-final-dividend,https://morungexpress.com/tcs-clocks-nearly-2-pc-drop-in-q4-profit-announces-rs-30-final-dividend,morungexpress.com,2025-04-10T19:15:00+05:30,2025-04-11,gdelt_gkg_observation,DIRECTLY_RELEVANT,"TCS Q4/FY25 earnings, revenue growth, order book, deal wins, hiring, leadership, or dividend."
20250410134500-289,TCS.NS,"TCS beats analyst estimates, yet reports slowest full-year revenue growth in four years",https://www.livemint.com/companies/tcs-earning-it-industry-q4-earnings-tariffs-attrition-revenues-profits-genai-11744284483997.html,https://www.livemint.com/companies/tcs-earning-it-industry-q4-earnings-tariffs-attrition-revenues-profits-genai-11744284483997.html,livemint.com,2025-04-10T19:15:00+05:30,2025-04-11,gdelt_gkg_observation,DIRECTLY_RELEVANT,"TCS Q4/FY25 earnings, revenue growth, order book, deal wins, hiring, leadership, or dividend."
20250410134500-T1966,TCS.NS,TCS Q4 results: తగ్గిన టీసీఎస్‌ లాభం.. ఒక్కో షేరుపై రూ.30 డివిడెండ్‌,https://www.eenadu.net/telugu-news/business/tcs-q4-results-profit-falls-2pc-yoy-to-rs-12224-crore/0101/125065005,https://www.eenadu.net/telugu-news/business/tcs-q4-results-profit-falls-2pc-yoy-to-rs-12224-crore/0101/125065005,eenadu.net,2025-04-10T19:15:00+05:30,2025-04-11,gdelt_gkg_observation,DIRECTLY_RELEVANT,"TCS Q4/FY25 earnings, revenue growth, order book, deal wins, hiring, leadership, or dividend."
20250410140000-T1410,TCS.NS,"Q4 में अनुमान से अधिक रही TCS की ऑर्डर बुक, FY25 में 39.4 अरब डॉलर पर पहुंचा आंकड़ा",https://hindi.moneycontrol.com/news/business/tata-consultancy-services-reported-12-2-billion-dollar-in-total-contract-value-for-march-quarter-beating-street-estimates-1969397.html,https://hindi.moneycontrol.com/news/business/tata-consultancy-services-reported-12-2-billion-dollar-in-total-contract-value-for-march-quarter-beating-street-estimates-1969397.html,moneycontrol.com,2025-04-10T19:30:00+05:30,2025-04-11,gdelt_gkg_observation,DIRECTLY_RELEVANT,"TCS Q4/FY25 earnings, revenue growth, order book, deal wins, hiring, leadership, or dividend."
20250410140000-T1413,TCS.NS,"TCS ने Q4 में अपने साथ जोड़े 625 नए कर्मचारी, कंपनी छोड़कर जाने की दर में मामूली इजाफा",https://hindi.moneycontrol.com/news/business/tcs-headcount-increased-by-625-employees-on-a-net-basis-in-q4-attrition-for-the-quarter-marginally-rose-1969377.html,https://hindi.moneycontrol.com/news/business/tcs-headcount-increased-by-625-employees-on-a-net-basis-in-q4-attrition-for-the-quarter-marginally-rose-1969377.html,moneycontrol.com,2025-04-10T19:30:00+05:30,2025-04-11,gdelt_gkg_observation,DIRECTLY_RELEVANT,"TCS Q4/FY25 earnings, revenue growth, order book, deal wins, hiring, leadership, or dividend."
20250410140000-T1414,TCS.NS,"TCS Q4 Results: मार्च तिमाही में मुनाफा लगभग 2% गिरा, रेवेन्यू 5% बढ़ा; देगी ₹30 का फाइनल डिविडेंड",https://hindi.moneycontrol.com/news/markets/tcs-q4-results-consolidated-net-profit-down-1-6-percent-during-march-quarter-revenue-up-5-percent-rs-30-per-share-final-dividend-announced-1969352.html,https://hindi.moneycontrol.com/news/markets/tcs-q4-results-consolidated-net-profit-down-1-6-percent-during-march-quarter-revenue-up-5-percent-rs-30-per-share-final-dividend-announced-1969352.html,moneycontrol.com,2025-04-10T19:30:00+05:30,2025-04-11,gdelt_gkg_observation,DIRECTLY_RELEVANT,"TCS Q4/FY25 earnings, revenue growth, order book, deal wins, hiring, leadership, or dividend."
20250410140000-1536,TCS.NS,"TCS Q4 Results: Profit falls 2% on-year to Rs 12,224 crore, misses estimates, ET Telecom",https://telecom.economictimes.indiatimes.com/news/enterprise-services/tcs-q4-results-profit-falls-2-on-year-to-rs-12224-crore-misses-estimates/120161593,https://telecom.economictimes.indiatimes.com/news/enterprise-services/tcs-q4-results-profit-falls-2-on-year-to-rs-12224-crore-misses-estimates/120161593,indiatimes.com,2025-04-10T19:30:00+05:30,2025-04-11,gdelt_gkg_observation,DIRECTLY_RELEVANT,"TCS Q4/FY25 earnings, revenue growth, order book, deal wins, hiring, leadership, or dividend."
20250410140000-1366,TCS.NS,"Tata Consultancy Services: TCS names Aarthi Subramanian as COO; appoints Mangesh Sathe as Chief Strategy Officer, ET Telecom",https://telecom.economictimes.indiatimes.com/news/enterprise-services/tcs-names-aarthi-subramanian-as-coo-appoints-mangesh-sathe-as-chief-strategy-officer/120161705,https://telecom.economictimes.indiatimes.com/news/enterprise-services/tcs-names-aarthi-subramanian-as-coo-appoints-mangesh-sathe-as-chief-strategy-officer/120161705,indiatimes.com,2025-04-10T19:30:00+05:30,2025-04-11,gdelt_gkg_observation,DIRECTLY_RELEVANT,"TCS Q4/FY25 earnings, revenue growth, order book, deal wins, hiring, leadership, or dividend."
20250410140000-328,TCS.NS,"TCS Q4 results: Profit slips 1.68%, annual revenue crosses $30 bn mark; final dividend announced",https://indianexpress.com/article/business/companies/tcs-q4-results-profit-slips-annual-revenue-final-dividend-announced-9936772/,https://indianexpress.com/article/business/companies/tcs-q4-results-profit-slips-annual-revenue-final-dividend-announced-9936772/,indianexpress.com,2025-04-10T19:30:00+05:30,2025-04-11,gdelt_gkg_observation,DIRECTLY_RELEVANT,"TCS Q4/FY25 earnings, revenue growth, order book, deal wins, hiring, leadership, or dividend."
20250410140000-1132,TCS.NS,TCS Q4 profit dips; Urban Company heads to D-Street,https://economictimes.indiatimes.com/tech/newsletters/tech-top-5/tcs-q4-profit-dips-urban-company-heads-to-d-street/articleshow/120162566.cms,https://economictimes.indiatimes.com/tech/newsletters/tech-top-5/tcs-q4-profit-dips-urban-company-heads-to-d-street/articleshow/120162566.cms,indiatimes.com,2025-04-10T19:30:00+05:30,2025-04-11,gdelt_gkg_observation,DIRECTLY_RELEVANT,"TCS Q4/FY25 earnings, revenue growth, order book, deal wins, hiring, leadership, or dividend."
20250410141500-10,TCS.NS,"Meet woman who gets key role in Ratan Tata's TCS, to lead India's largest IT services company as...",https://www.dnaindia.com/business/report-meet-woman-aarthi-subramanian-who-has-joined-ratan-tatas-tcs-in-key-role-to-indias-largest-it-services-company-as-coo-3144552,https://www.dnaindia.com/business/report-meet-woman-aarthi-subramanian-who-has-joined-ratan-tatas-tcs-in-key-role-to-indias-largest-it-services-company-as-coo-3144552,dnaindia.com,2025-04-10T19:45:00+05:30,2025-04-11,gdelt_gkg_observation,DIRECTLY_RELEVANT,"TCS Q4/FY25 earnings, revenue growth, order book, deal wins, hiring, leadership, or dividend."
20250410141500-2214,TCS.NS,India's TCS warns US tariff chaos hurting client sentiment,https://www.marketscreener.com/quote/stock/WIPRO-LIMITED-6494362/news/India-s-TCS-warns-US-tariff-chaos-hurting-client-sentiment-49585033/,https://www.marketscreener.com/quote/stock/WIPRO-LIMITED-6494362/news/India-s-TCS-warns-US-tariff-chaos-hurting-client-sentiment-49585033/,marketscreener.com,2025-04-10T19:45:00+05:30,2025-04-11,gdelt_gkg_observation,DIRECTLY_RELEVANT,"TCS Q4/FY25 earnings, revenue growth, order book, deal wins, hiring, leadership, or dividend."
20250410141500-1891,TCS.NS,"TCS Clocks Nearly 2% Drop In Q4 Profit, Announces Rs 30 Final Dividend",https://zeenews.india.com/economy/tcs-clocks-nearly-2-drop-in-q4-profit-announces-rs-30-final-dividend-2884293.html,https://zeenews.india.com/economy/tcs-clocks-nearly-2-drop-in-q4-profit-announces-rs-30-final-dividend-2884293.html,india.com,2025-04-10T19:45:00+05:30,2025-04-11,gdelt_gkg_observation,DIRECTLY_RELEVANT,"TCS Q4/FY25 earnings, revenue growth, order book, deal wins, hiring, leadership, or dividend."
20250410143000-671,TCS.NS,India's TCS posts small profits dip in 'challenging' environment,https://www.terradaily.com/afp/250410121326.pb55iaw0.html,https://www.terradaily.com/afp/250410121326.pb55iaw0.html,terradaily.com,2025-04-10T20:00:00+05:30,2025-04-11,gdelt_gkg_observation,DIRECTLY_RELEVANT,"TCS Q4/FY25 earnings, revenue growth, order book, deal wins, hiring, leadership, or dividend."
20250410151500-130,TCS.NS,"Bad news for TCS employees, Tata Group firm delays salary hikes due to 'uncertain environment'",https://www.dnaindia.com/business/report-bad-news-for-tcs-employees-tata-group-firm-delays-salary-hikes-due-to-uncertain-environment-3144559,https://www.dnaindia.com/business/report-bad-news-for-tcs-employees-tata-group-firm-delays-salary-hikes-due-to-uncertain-environment-3144559,dnaindia.com,2025-04-10T20:45:00+05:30,2025-04-11,gdelt_gkg_observation,DIRECTLY_RELEVANT,"TCS Q4/FY25 earnings, revenue growth, order book, deal wins, hiring, leadership, or dividend."
20250410151500-455,TCS.NS,TCS names Aarthi Subramanian as COO; appoints Mangesh Sathe as Chief Strategy Officer,https://www.moneycontrol.com/news/business/companies/tcs-names-aarthi-subramanian-as-coo-appoints-mangesh-sathe-as-chief-strategy-officer-12991144.html,https://www.moneycontrol.com/news/business/companies/tcs-names-aarthi-subramanian-as-coo-appoints-mangesh-sathe-as-chief-strategy-officer-12991144.html,moneycontrol.com,2025-04-10T20:45:00+05:30,2025-04-11,gdelt_gkg_observation,DIRECTLY_RELEVANT,"TCS Q4/FY25 earnings, revenue growth, order book, deal wins, hiring, leadership, or dividend."
20250410151500-1995,TCS.NS,TCS full-year net headcount up in FY25 after declining first time in 19 years in FY24,https://www.moneycontrol.com/technology/tcs-full-year-net-headcount-up-in-fy25-after-declining-first-time-in-19-years-in-fy24-article-12991087.html,https://www.moneycontrol.com/technology/tcs-full-year-net-headcount-up-in-fy25-after-declining-first-time-in-19-years-in-fy24-article-12991087.html,moneycontrol.com,2025-04-10T20:45:00+05:30,2025-04-11,gdelt_gkg_observation,DIRECTLY_RELEVANT,"TCS Q4/FY25 earnings, revenue growth, order book, deal wins, hiring, leadership, or dividend."
20250410153000-1673,TCS.NS,"TCS puts April salary hikes on hold, cites economic uncertainty, tariff concerns",https://www.businesstoday.in/latest/corporate/story/tcs-puts-april-salary-hikes-on-hold-cites-economic-uncertainty-tariff-concerns-471595-2025-04-10,https://www.businesstoday.in/latest/corporate/story/tcs-puts-april-salary-hikes-on-hold-cites-economic-uncertainty-tariff-concerns-471595-2025-04-10,businesstoday.in,2025-04-10T21:00:00+05:30,2025-04-11,gdelt_gkg_observation,DIRECTLY_RELEVANT,"TCS Q4/FY25 earnings, revenue growth, order book, deal wins, hiring, leadership, or dividend."
20250410153000-1880,TCS.NS,TCS Q4 Profit Dips Slightly Amid $30 Billion Revenue Milestone,https://www.newkerala.com/news/o/tcs-clocks-nearly-pc-drop-q4-profit-announces-rs-257,https://www.newkerala.com/news/o/tcs-clocks-nearly-pc-drop-q4-profit-announces-rs-257,newkerala.com,2025-04-10T21:00:00+05:30,2025-04-11,gdelt_gkg_observation,DIRECTLY_RELEVANT,"TCS Q4/FY25 earnings, revenue growth, order book, deal wins, hiring, leadership, or dividend."
20250410153000-T2802,TCS.NS,"TCS Q4FY25 Profit And Revenue Increase Gives Dividend To Shareholders | FY25 च्या चौथ्या तिमाहीत TCS ला 12,293 कोटींचा नफा: वार्षिक आधारावर महसूल 5% ने वाढला, कंपनी प्रति शेअर 30 रुपये लाभांश देईल",https://divyamarathi.bhaskar.com/business/news/tcs-posts-profit-of-rs-12293-crore-in-q4-fy25-134811668.html,https://divyamarathi.bhaskar.com/business/news/tcs-posts-profit-of-rs-12293-crore-in-q4-fy25-134811668.html,bhaskar.com,2025-04-10T21:00:00+05:30,2025-04-11,gdelt_gkg_observation,DIRECTLY_RELEVANT,"TCS Q4/FY25 earnings, revenue growth, order book, deal wins, hiring, leadership, or dividend."
20250410154500-649,TCS.NS,"TCS Reverses Workforce Decline, Adds 625 Employees in Q4",https://www.newkerala.com/news/o/tcs-adds-625-employees-q4-reversing-workforce-decline-last-446,https://www.newkerala.com/news/o/tcs-adds-625-employees-q4-reversing-workforce-decline-last-446,newkerala.com,2025-04-10T21:15:00+05:30,2025-04-11,gdelt_gkg_observation,DIRECTLY_RELEVANT,"TCS Q4/FY25 earnings, revenue growth, order book, deal wins, hiring, leadership, or dividend."
20250410154500-1516,TCS.NS,"TCS flags project delays, deal clampdowns on Trump's tariff chaos; Retail, auto verticals among worst hit",https://www.livemint.com/market/stock-market-news/tcs-flags-project-delays-deal-clampdowns-on-trumps-tariff-chaos-retail-auto-verticals-among-most-vulnerable-11744292835795.html,https://www.livemint.com/market/stock-market-news/tcs-flags-project-delays-deal-clampdowns-on-trumps-tariff-chaos-retail-auto-verticals-among-most-vulnerable-11744292835795.html,livemint.com,2025-04-10T21:15:00+05:30,2025-04-11,gdelt_gkg_observation,DIRECTLY_RELEVANT,"TCS Q4/FY25 earnings, revenue growth, order book, deal wins, hiring, leadership, or dividend."
20250410154500-1033,TCS.NS,"TCS Q4 net profit falls 1.7% to ₹12,224 crore, board proposes final dividend of ₹30",https://www.thehindu.com/business/tcs-q4-net-profit-falls-17-to-12224-crore-board-proposes-final-dividend-of-30/article69436188.ece,https://www.thehindu.com/business/tcs-q4-net-profit-falls-17-to-12224-crore-board-proposes-final-dividend-of-30/article69436188.ece,thehindu.com,2025-04-10T21:15:00+05:30,2025-04-11,gdelt_gkg_observation,DIRECTLY_RELEVANT,"TCS Q4/FY25 earnings, revenue growth, order book, deal wins, hiring, leadership, or dividend."
20250410164500-1051,TCS.NS,TCS revenue up 3.8% to $30.2 bn in fiscal despite AI focus,https://infotechlead.com/software/tcs-revenue-up-3-8-to-30-2-bn-in-fiscal-despite-ai-focus-89236,https://infotechlead.com/software/tcs-revenue-up-3-8-to-30-2-bn-in-fiscal-despite-ai-focus-89236,infotechlead.com,2025-04-10T22:15:00+05:30,2025-04-11,gdelt_gkg_observation,DIRECTLY_RELEVANT,"TCS Q4/FY25 earnings, revenue growth, order book, deal wins, hiring, leadership, or dividend."
20250410170000-T867,TCS.NS,"TCS का शुद्ध लाभ मार्च तिमाही में 1.68% घटकर 12,224 करोड़ रुपए पर - tcs net profit falls 1 68 to rs 12 224 crore in march quarter",https://www.punjabkesari.in/business/news/tcs-net-profit-falls-1-68-to-rs-12-224-crore-in-march-quarter-2133664,https://www.punjabkesari.in/business/news/tcs-net-profit-falls-1-68-to-rs-12-224-crore-in-march-quarter-2133664,punjabkesari.in,2025-04-10T22:30:00+05:30,2025-04-11,gdelt_gkg_observation,DIRECTLY_RELEVANT,"TCS Q4/FY25 earnings, revenue growth, order book, deal wins, hiring, leadership, or dividend."
20250410173000-856,TCS.NS,Strong deal momentum by TCS shifts focus on long term prospects away from short term hiccups,https://economictimes.indiatimes.com/markets/stocks/earnings/strong-deal-momentum-by-tcs-shifts-focus-on-long-term-prospects-away-from-short-term-hiccups/articleshow/120170622.cms,https://economictimes.indiatimes.com/markets/stocks/earnings/strong-deal-momentum-by-tcs-shifts-focus-on-long-term-prospects-away-from-short-term-hiccups/articleshow/120170622.cms,indiatimes.com,2025-04-10T23:00:00+05:30,2025-04-11,gdelt_gkg_observation,DIRECTLY_RELEVANT,"TCS Q4/FY25 earnings, revenue growth, order book, deal wins, hiring, leadership, or dividend."
20250410174500-1388,TCS.NS,"TCS Q4 results: Valuation froth out, but not a buy yet - The Hindu BusinessLine",https://www.thehindubusinessline.com/portfolio/tcs-q4-results-valuation-froth-out-but-not-a-buy-yet/article69436395.ece,https://www.thehindubusinessline.com/portfolio/tcs-q4-results-valuation-froth-out-but-not-a-buy-yet/article69436395.ece,thehindubusinessline.com,2025-04-10T23:15:00+05:30,2025-04-11,gdelt_gkg_observation,DIRECTLY_RELEVANT,"TCS Q4/FY25 earnings, revenue growth, order book, deal wins, hiring, leadership, or dividend."
20250410174500-T949,TCS.NS,सैलरी की उम्मीद लगाए बैठे कर्मचारियों को झटका – TCS ने कहा 'फिलहाल नहीं' - shock to employees expecting salary tcs said not currently,https://hindi.business-standard.com/companies/shock-to-employees-expecting-salary-tcs-said-not-currently-id-429576,https://hindi.business-standard.com/companies/shock-to-employees-expecting-salary-tcs-said-not-currently-id-429576,business-standard.com,2025-04-10T23:15:00+05:30,2025-04-11,gdelt_gkg_observation,DIRECTLY_RELEVANT,"TCS Q4/FY25 earnings, revenue growth, order book, deal wins, hiring, leadership, or dividend."
20250410174500-T1657,TCS.NS,"TCS profit falls 1.68 percent to Rs 12,224 crore, declares final dividend of Rs 30 'टीसीएस'चा नफा १.६८ टक्क्यांनी घसरून १२,२२४ कोटींवर, ३० रुपये अंतिम लाभांश जाहीर",https://www.loksatta.com/business/finance/tcs-profit-falls-1-68-percent-to-rs-12224-crore-declares-final-dividend-of-rs-30-print-eco-news-ssb-93-5011785/,https://www.loksatta.com/business/finance/tcs-profit-falls-1-68-percent-to-rs-12224-crore-declares-final-dividend-of-rs-30-print-eco-news-ssb-93-5011785/,loksatta.com,2025-04-10T23:15:00+05:30,2025-04-11,gdelt_gkg_observation,DIRECTLY_RELEVANT,"TCS Q4/FY25 earnings, revenue growth, order book, deal wins, hiring, leadership, or dividend."
20250410174500-T968,TCS.NS,"TCS की नई COO बनीं आरती सुब्रमण्यन, पांच साल के कार्यकाल के लिए हुई नियुक्ति - aarti subramanian appointed for five years of tcss new coo",https://hindi.business-standard.com/companies/aarti-subramanian-appointed-for-five-years-of-tcss-new-coo-id-429594,https://hindi.business-standard.com/companies/aarti-subramanian-appointed-for-five-years-of-tcss-new-coo-id-429594,business-standard.com,2025-04-10T23:15:00+05:30,2025-04-11,gdelt_gkg_observation,DIRECTLY_RELEVANT,"TCS Q4/FY25 earnings, revenue growth, order book, deal wins, hiring, leadership, or dividend."
20250410194500-T1205,TCS.NS,"TCS Q4 results: టీసీఎస్‌ తడబాటు.. లాభం, ఆదాయాలు ఇలా..",https://www.sakshi.com/telugu-news/business/tcs-q4-results-net-profit-falls-1-7pc-rs-12224-crore-dividend-declared-2419686,https://www.sakshi.com/telugu-news/business/tcs-q4-results-net-profit-falls-1-7pc-rs-12224-crore-dividend-declared-2419686,sakshi.com,2025-04-11T01:15:00+05:30,2025-04-11,gdelt_gkg_observation,DIRECTLY_RELEVANT,"TCS Q4/FY25 earnings, revenue growth, order book, deal wins, hiring, leadership, or dividend."
20250410214500-1643,TCS.NS,"TCS Q4 Profit Slips 1.7% YoY, Misses Estimates; Declares Rs 30 Final Dividend",https://www.businessworld.in/article/tcs-q4-profit-slips-17-yoy-misses-estimates-declares-rs-30-final-dividend-553264,https://www.businessworld.in/article/tcs-q4-profit-slips-17-yoy-misses-estimates-declares-rs-30-final-dividend-553264,businessworld.in,2025-04-11T03:15:00+05:30,2025-04-11,gdelt_gkg_observation,DIRECTLY_RELEVANT,"TCS Q4/FY25 earnings, revenue growth, order book, deal wins, hiring, leadership, or dividend."
20250410223000-1512,TCS.NS,TCS revenue growth slows to 2.5% in Q4 - Times of India,https://timesofindia.indiatimes.com/business/india-business/tcs-revenue-growth-slows-to-2-5-in-q4/articleshow/120176915.cms,https://timesofindia.indiatimes.com/business/india-business/tcs-revenue-growth-slows-to-2-5-in-q4/articleshow/120176915.cms,indiatimes.com,2025-04-11T04:00:00+05:30,2025-04-11,gdelt_gkg_observation,DIRECTLY_RELEVANT,"TCS Q4/FY25 earnings, revenue growth, order book, deal wins, hiring, leadership, or dividend."
20250410223000-T1480,TCS.NS,"TCS को झटका! मुनाफा गिरा, अमेरिकी शुल्क बना बड़ा रोड़ा - shock to tcs profit falls us duty becomes a big hurdle",https://hindi.business-standard.com/companies/shock-to-tcs-profit-falls-us-duty-becomes-a-big-hurdle-id-429612,https://hindi.business-standard.com/companies/shock-to-tcs-profit-falls-us-duty-becomes-a-big-hurdle-id-429612,business-standard.com,2025-04-11T04:00:00+05:30,2025-04-11,gdelt_gkg_observation,DIRECTLY_RELEVANT,"TCS Q4/FY25 earnings, revenue growth, order book, deal wins, hiring, leadership, or dividend."
20250411014500-908,TCS.NS,"Stocks to watch: TCS, Bharti Hexacom, Infosys, BHEL among shares in focus today",https://www.livemint.com/market/stock-market-news/stocks-to-watch-tcs-bharti-hexacom-infosys-bhel-among-shares-in-focus-today-11744317630063.html,https://www.livemint.com/market/stock-market-news/stocks-to-watch-tcs-bharti-hexacom-infosys-bhel-among-shares-in-focus-today-11744317630063.html,livemint.com,2025-04-11T07:15:00+05:30,2025-04-11,gdelt_gkg_observation,DIRECTLY_RELEVANT,"TCS Q4/FY25 earnings, revenue growth, order book, deal wins, hiring, leadership, or dividend."
20250411014500-T629,TCS.NS,టీసీఎస్‌.. ప్చ్‌! | TCS Reports Disappointing Q4 Results Declines in Profit,https://www.andhrajyothy.com/2025/business/tcs-reports-disappointing-q4-results-declines-in-profit-1391695.html,https://www.andhrajyothy.com/2025/business/tcs-reports-disappointing-q4-results-declines-in-profit-1391695.html,andhrajyothy.com,2025-04-11T07:15:00+05:30,2025-04-11,gdelt_gkg_observation,DIRECTLY_RELEVANT,"TCS Q4/FY25 earnings, revenue growth, order book, deal wins, hiring, leadership, or dividend."
20250411014500-T633,TCS.NS,"TCS Q4 Results: టీసీఎస్‌ లాభం రూ.12,224 కోట్లు",https://www.eenadu.net/telugu-news/business/profit-falls-2pc-to-rs-12224-crore-final-dividend-at-rs-30/0101/125065281,https://www.eenadu.net/telugu-news/business/profit-falls-2pc-to-rs-12224-crore-final-dividend-at-rs-30/0101/125065281,eenadu.net,2025-04-11T07:15:00+05:30,2025-04-11,gdelt_gkg_observation,DIRECTLY_RELEVANT,"TCS Q4/FY25 earnings, revenue growth, order book, deal wins, hiring, leadership, or dividend."
20250411023000-367,TCS.NS,"Top stocks to watch: TCS, Tata Steel, GAIL, Infosys, BHEL, Sun Pharma, NBCC, Bharti Hexacom & Eternal",https://www.businesstoday.in/markets/stocks/story/top-stocks-to-watch-tcs-tata-steel-gail-infosys-bhel-sun-pharma-nbcc-bharti-hexacom-eternal-471605-2025-04-11,https://www.businesstoday.in/markets/stocks/story/top-stocks-to-watch-tcs-tata-steel-gail-infosys-bhel-sun-pharma-nbcc-bharti-hexacom-eternal-471605-2025-04-11,businesstoday.in,2025-04-11T08:00:00+05:30,2025-04-11,gdelt_gkg_observation,DIRECTLY_RELEVANT,"TCS Q4/FY25 earnings, revenue growth, order book, deal wins, hiring, leadership, or dividend."
20250411023000-862,TCS.NS,"From TCS, Infosys, Bharti Hexacom to Tata Steel - Here are 8 stocks to watch - Market News",https://www.financialexpress.com/market/stocks-to-watch-tata-consultancy-services-nbcc-bharti-hexacom-infosys-tata-steel-bhel-coromandel-international-sun-pharma-3806028/,https://www.financialexpress.com/market/stocks-to-watch-tata-consultancy-services-nbcc-bharti-hexacom-infosys-tata-steel-bhel-coromandel-international-sun-pharma-3806028/,financialexpress.com,2025-04-11T08:00:00+05:30,2025-04-11,gdelt_gkg_observation,DIRECTLY_RELEVANT,"TCS Q4/FY25 earnings, revenue growth, order book, deal wins, hiring, leadership, or dividend."
20250411023000-270,TCS.NS,"TCS misses profit, revenue estimates, sees better FY26",https://www.financialexpress.com/business/industry/tcs-misses-profit-revenue-estimates-sees-better-fy26/3805898/,https://www.financialexpress.com/business/industry/tcs-misses-profit-revenue-estimates-sees-better-fy26/3805898/,financialexpress.com,2025-04-11T08:00:00+05:30,2025-04-11,gdelt_gkg_observation,DIRECTLY_RELEVANT,"TCS Q4/FY25 earnings, revenue growth, order book, deal wins, hiring, leadership, or dividend."
20250411033000-T1027,TCS.NS,"Stocks to Watch: Biocon, TCS, Anand Rathi, TaMo, Sun Pharma, 'ट्रंप टैरिफ' पॉज से इन शेयरों में आज दिखेगी तेजी - stocks to watch today biocon tcs anand rathi tamo sun pharma these stocks can jump on 11 april after trump tariff pause",https://hindi.business-standard.com/markets/share-market/stocks-to-watch-today-biocon-tcs-anand-rathi-tamo-sun-pharma-these-stocks-can-jump-on-11-april-after-trump-tariff-pause-id-429693,https://hindi.business-standard.com/markets/share-market/stocks-to-watch-today-biocon-tcs-anand-rathi-tamo-sun-pharma-these-stocks-can-jump-on-11-april-after-trump-tariff-pause-id-429693,business-standard.com,2025-04-11T09:00:00+05:30,2025-04-11,gdelt_gkg_observation,DIRECTLY_RELEVANT,"TCS Q4/FY25 earnings, revenue growth, order book, deal wins, hiring, leadership, or dividend."
20250411033000-131,TCS.NS,"TCS Q4 net profit falls 1.7% to 12,224 crore on US uncertainties",https://economictimes.indiatimes.com/tech/information-tech/tcs-q4-net-profit-falls-1-7-to-12224-crore-on-us-uncertainties/articleshow/120173403.cms,https://economictimes.indiatimes.com/tech/information-tech/tcs-q4-net-profit-falls-1-7-to-12224-crore-on-us-uncertainties/articleshow/120173403.cms,indiatimes.com,2025-04-11T09:00:00+05:30,2025-04-11,gdelt_gkg_observation,DIRECTLY_RELEVANT,"TCS Q4/FY25 earnings, revenue growth, order book, deal wins, hiring, leadership, or dividend."
20250411033000-622,TCS.NS,"TCS shares in focus after analysts cut price targets post Q4 results. Should you buy, sell or hold?",https://economictimes.indiatimes.com/markets/stocks/news/tcs-shares-in-focus-after-analysts-cut-price-targets-post-q4-results-should-you-buy-sell-or-hold/articleshow/120187587.cms,https://economictimes.indiatimes.com/markets/stocks/news/tcs-shares-in-focus-after-analysts-cut-price-targets-post-q4-results-should-you-buy-sell-or-hold/articleshow/120187587.cms,indiatimes.com,2025-04-11T09:00:00+05:30,2025-04-11,gdelt_gkg_observation,DIRECTLY_RELEVANT,"TCS Q4/FY25 earnings, revenue growth, order book, deal wins, hiring, leadership, or dividend."
20250411034500-553,TCS.NS,"TCS share price in focus after TCS Q4 results, wage hike delay announcement. Is it a stock to buy today?",https://www.livemint.com/market/stock-market-news/tcs-share-price-in-focus-after-tcs-q4-result-wage-hike-delay-announcement-is-it-a-stock-to-buy-today-11744339598830.html,https://www.livemint.com/market/stock-market-news/tcs-share-price-in-focus-after-tcs-q4-result-wage-hike-delay-announcement-is-it-a-stock-to-buy-today-11744339598830.html,livemint.com,2025-04-11T09:15:00+05:30,2025-04-11,gdelt_gkg_observation,DIRECTLY_RELEVANT,"TCS Q4/FY25 earnings, revenue growth, order book, deal wins, hiring, leadership, or dividend."
20250411041500-408,TCS.NS,"Infosys, Wipro, other IT stocks in focus after ADRs decline following weak TCS Q4 results",https://economictimes.indiatimes.com/markets/stocks/news/infosys-wipro-other-it-stocks-in-focus-after-adrs-decline-following-weak-tcs-q4-results/articleshow/120188755.cms,https://economictimes.indiatimes.com/markets/stocks/news/infosys-wipro-other-it-stocks-in-focus-after-adrs-decline-following-weak-tcs-q4-results/articleshow/120188755.cms,indiatimes.com,2025-04-11T09:45:00+05:30,2025-04-11,gdelt_gkg_observation,DIRECTLY_RELEVANT,"TCS Q4/FY25 earnings, revenue growth, order book, deal wins, hiring, leadership, or dividend."
20250411044500-896,TCS.NS,TCS Q4 FY25 – Is it worth a look post the U-turn on US tariff?,https://www.moneycontrol.com/news/business/moneycontrol-research/tcs-q4-fy25-is-it-worth-a-look-post-the-u-turn-on-us-tariff-12991446.html,https://www.moneycontrol.com/news/business/moneycontrol-research/tcs-q4-fy25-is-it-worth-a-look-post-the-u-turn-on-us-tariff-12991446.html,moneycontrol.com,2025-04-11T10:15:00+05:30,2025-04-11,gdelt_gkg_observation,DIRECTLY_RELEVANT,"TCS Q4/FY25 earnings, revenue growth, order book, deal wins, hiring, leadership, or dividend."
20250411044500-354,TCS.NS,TCS reports low single digit growth for the second full year,https://www.moneycontrol.com/technology/tcs-reports-low-single-digit-growth-for-the-second-full-year-article-12991465.html,https://www.moneycontrol.com/technology/tcs-reports-low-single-digit-growth-for-the-second-full-year-article-12991465.html,moneycontrol.com,2025-04-11T10:15:00+05:30,2025-04-11,gdelt_gkg_observation,DIRECTLY_RELEVANT,"TCS Q4/FY25 earnings, revenue growth, order book, deal wins, hiring, leadership, or dividend."
20250411044500-281,TCS.NS,"TCS Shares Slip 1% After Muted Q4 Result, Delayed Salary Hike Announcement; Buy, Sell Or Hold?",https://www.news18.com/business/markets/tcs-shares-in-focus-after-muted-q4-result-delayed-salary-hike-announcement-buy-sell-or-hold-ws-kl-9294710.html,https://www.news18.com/business/markets/tcs-shares-in-focus-after-muted-q4-result-delayed-salary-hike-announcement-buy-sell-or-hold-ws-kl-9294710.html,news18.com,2025-04-11T10:15:00+05:30,2025-04-11,gdelt_gkg_observation,DIRECTLY_RELEVANT,"TCS Q4/FY25 earnings, revenue growth, order book, deal wins, hiring, leadership, or dividend."
20250411044500-216,TCS.NS,"Stocks To Watch: TCS, Sun Pharma, Zomato, Tata Steel, GAIL, BHEL, Adani Ent, And Others",https://www.news18.com/business/markets/stocks-to-watch-tcs-sun-pharma-zomato-tata-steel-gail-bhel-adani-ent-and-others-9294661.html,https://www.news18.com/business/markets/stocks-to-watch-tcs-sun-pharma-zomato-tata-steel-gail-bhel-adani-ent-and-others-9294661.html,news18.com,2025-04-11T10:15:00+05:30,2025-04-11,gdelt_gkg_observation,DIRECTLY_RELEVANT,"TCS Q4/FY25 earnings, revenue growth, order book, deal wins, hiring, leadership, or dividend."
20250411050000-235,TCS.NS,"TCS Q4 results, TCS Stocks & Share Price LIVE: TCS shares gain 1% in early trade following Q4 results, net profit dips 1.68%",https://www.thehindubusinessline.com/markets/stock-markets/tcs-stocks-today-tcs-share-price-live-updates-post-q4-results/article69438155.ece,https://www.thehindubusinessline.com/markets/stock-markets/tcs-stocks-today-tcs-share-price-live-updates-post-q4-results/article69438155.ece,thehindubusinessline.com,2025-04-11T10:30:00+05:30,2025-04-11,gdelt_gkg_observation,DIRECTLY_RELEVANT,"TCS Q4/FY25 earnings, revenue growth, order book, deal wins, hiring, leadership, or dividend."
20250411050000-28,TCS.NS,"TCS plans to onboard 42,000 freshers in FY26, remains cautious on salary increments",https://www.orissapost.com/tcs-plans-to-onboard-42000-freshers-in-fy26-remains-cautious-on-salary-increments/,https://www.orissapost.com/tcs-plans-to-onboard-42000-freshers-in-fy26-remains-cautious-on-salary-increments/,orissapost.com,2025-04-11T10:30:00+05:30,2025-04-11,gdelt_gkg_observation,DIRECTLY_RELEVANT,"TCS Q4/FY25 earnings, revenue growth, order book, deal wins, hiring, leadership, or dividend."
20250411053000-T2188,TCS.NS,"TCS's growth slowed: लगातार दूसरे वित्त वर्ष 5% से कम रफ्तार से बढ़ी टीसीएस, अब आगे ये है रुझान",https://hindi.moneycontrol.com/news/business/tcs-growth-slowed-low-single-digit-growth-for-the-second-full-year-1969539.html,https://hindi.moneycontrol.com/news/business/tcs-growth-slowed-low-single-digit-growth-for-the-second-full-year-1969539.html,moneycontrol.com,2025-04-11T11:00:00+05:30,2025-04-11,gdelt_gkg_observation,DIRECTLY_RELEVANT,"TCS Q4/FY25 earnings, revenue growth, order book, deal wins, hiring, leadership, or dividend."
20250411054500-146,TCS.NS,tata consultancy services: Stocks to buy today: Centrum upgrades TCS post Q4 results; Motilal initiates coverage on HAL,https://economictimes.indiatimes.com/markets/stocks/news/stocks-to-buy-today-centrum-upgrades-tcs-post-q4-results-motilal-initiates-coverage-on-hal/articleshow/120192083.cms,https://economictimes.indiatimes.com/markets/stocks/news/stocks-to-buy-today-centrum-upgrades-tcs-post-q4-results-motilal-initiates-coverage-on-hal/articleshow/120192083.cms,indiatimes.com,2025-04-11T11:15:00+05:30,2025-04-11,gdelt_gkg_observation,DIRECTLY_RELEVANT,"TCS Q4/FY25 earnings, revenue growth, order book, deal wins, hiring, leadership, or dividend."
20250411054500-826,TCS.NS,India's TCS warns U.S. tariff chaos hurting client sentiment,https://www.thehindu.com/sci-tech/technology/indias-tcs-warns-us-tariff-chaos-hurting-client-sentiment/article69438129.ece,https://www.thehindu.com/sci-tech/technology/indias-tcs-warns-us-tariff-chaos-hurting-client-sentiment/article69438129.ece,thehindu.com,2025-04-11T11:15:00+05:30,2025-04-11,gdelt_gkg_observation,DIRECTLY_RELEVANT,"TCS Q4/FY25 earnings, revenue growth, order book, deal wins, hiring, leadership, or dividend."
20250411060000-647,TCS.NS,"Tata Motors, Tata Steel & TCS Share Price LIVE: Tata Motors, Tata Steel & TCS shares in focus",https://www.thehindubusinessline.com/markets/stock-markets/tcs-group-stocks-today-tata-motors-tata-steel-tcs-share-price-live-updates-post-q4-results/article69438155.ece,https://www.thehindubusinessline.com/markets/stock-markets/tcs-group-stocks-today-tata-motors-tata-steel-tcs-share-price-live-updates-post-q4-results/article69438155.ece,thehindubusinessline.com,2025-04-11T11:30:00+05:30,2025-04-11,gdelt_gkg_observation,DIRECTLY_RELEVANT,"TCS Q4/FY25 earnings, revenue growth, order book, deal wins, hiring, leadership, or dividend."
20250411061500-694,TCS.NS,"Market Opening Bell: Sensex gains 988 points, Nifty above 22,600, TCS shares drag after Q4 results",https://www.indiatvnews.com/business/markets/gift-nifty-today-global-indices-dow-jones-us-stock-market-sgx-tcs-q4-results-quarter-anand-rathi-quarterly-results-dividned-2025-04-11-984990,https://www.indiatvnews.com/business/markets/gift-nifty-today-global-indices-dow-jones-us-stock-market-sgx-tcs-q4-results-quarter-anand-rathi-quarterly-results-dividned-2025-04-11-984990,indiatvnews.com,2025-04-11T11:45:00+05:30,2025-04-11,gdelt_gkg_observation,DIRECTLY_RELEVANT,"TCS Q4/FY25 earnings, revenue growth, order book, deal wins, hiring, leadership, or dividend."
20250411063000-101,TCS.NS,"TCS dividend: Rs 44,962 crore payout in FY25! Here's dividend history",https://www.businesstoday.in/markets/stocks/story/tcs-dividend-rs-44962-crore-payout-in-fy25-heres-dividend-history-471624-2025-04-11,https://www.businesstoday.in/markets/stocks/story/tcs-dividend-rs-44962-crore-payout-in-fy25-heres-dividend-history-471624-2025-04-11,businesstoday.in,2025-04-11T12:00:00+05:30,2025-04-11,gdelt_gkg_observation,DIRECTLY_RELEVANT,"TCS Q4/FY25 earnings, revenue growth, order book, deal wins, hiring, leadership, or dividend."
20250411073000-229,TCS.NS,"TCS defers employee salary hike for 2025, confirms CHRO",https://www.financialexpress.com/business/industry-tcs-defers-employee-salary-hike-for-2025-confirms-chro-3806515/,https://www.financialexpress.com/business/industry-tcs-defers-employee-salary-hike-for-2025-confirms-chro-3806515/,financialexpress.com,2025-04-11T13:00:00+05:30,2025-04-11,gdelt_gkg_observation,DIRECTLY_RELEVANT,"TCS Q4/FY25 earnings, revenue growth, order book, deal wins, hiring, leadership, or dividend."
20250411073000-816,TCS.NS,"TCS employees bear the brunt of Trump tariff-induced uncertainties, wage hikes on hold",https://www.theweek.in/news/biz-tech/2025/04/11/tcs-employees-bear-the-brunt-of-trump-tariff-induced-uncertainties-wage-hikes-on-hold.html,https://www.theweek.in/news/biz-tech/2025/04/11/tcs-employees-bear-the-brunt-of-trump-tariff-induced-uncertainties-wage-hikes-on-hold.html,theweek.in,2025-04-11T13:00:00+05:30,2025-04-11,gdelt_gkg_observation,DIRECTLY_RELEVANT,"TCS Q4/FY25 earnings, revenue growth, order book, deal wins, hiring, leadership, or dividend."
20250411074500-641,TCS.NS,TCS defers wage hike: What does it signal for IT sector employees & economy?,https://www.livemint.com/market/stock-market-news/tcs-defers-wage-hike-what-does-it-signal-for-it-sector-employees-economy-11744351359495.html,https://www.livemint.com/market/stock-market-news/tcs-defers-wage-hike-what-does-it-signal-for-it-sector-employees-economy-11744351359495.html,livemint.com,2025-04-11T13:15:00+05:30,2025-04-11,gdelt_gkg_observation,DIRECTLY_RELEVANT,"TCS Q4/FY25 earnings, revenue growth, order book, deal wins, hiring, leadership, or dividend."
20250411083000-T698,TCS.NS,"टाटा की आईटी कंपनी की कमाई में गिरावट, फिर भी हर शेयर पर ₹30 डिविडेंड देने का ऐलान - tcs announced a dividend of rs 30 per share despite a fall in its q4 profits",https://hindi.business-standard.com/markets/share-market/tcs-announced-a-dividend-of-rs-30-per-share-despite-a-fall-in-its-q4-profits-id-429706,https://hindi.business-standard.com/markets/share-market/tcs-announced-a-dividend-of-rs-30-per-share-despite-a-fall-in-its-q4-profits-id-429706,business-standard.com,2025-04-11T14:00:00+05:30,2025-04-11,gdelt_gkg_observation,DIRECTLY_RELEVANT,"TCS Q4/FY25 earnings, revenue growth, order book, deal wins, hiring, leadership, or dividend."
20250411083000-210,TCS.NS,"TCS Misses Profit, Revenue Estimates, Sees Better FY26 -",https://www.khabarindia.in/tcs-misses-profit-revenue-estimates-sees-better-fy26/,https://www.khabarindia.in/tcs-misses-profit-revenue-estimates-sees-better-fy26/,khabarindia.in,2025-04-11T14:00:00+05:30,2025-04-11,gdelt_gkg_observation,DIRECTLY_RELEVANT,"TCS Q4/FY25 earnings, revenue growth, order book, deal wins, hiring, leadership, or dividend."
20250411090000-553,TCS.NS,"TCS commentary offers some optimism, but the Street isn't buying it",https://www.livemint.com/market/mark-to-market/tcs-march-quarter-results-guidance-commentary-donald-trump-tariff-hikes-impact-indian-it-services-fy26-outlook-11744355132311.html,https://www.livemint.com/market/mark-to-market/tcs-march-quarter-results-guidance-commentary-donald-trump-tariff-hikes-impact-indian-it-services-fy26-outlook-11744355132311.html,livemint.com,2025-04-11T14:30:00+05:30,2025-04-11,gdelt_gkg_observation,DIRECTLY_RELEVANT,"TCS Q4/FY25 earnings, revenue growth, order book, deal wins, hiring, leadership, or dividend."
20250411091500-291,TCS.NS,"Rs 1,370 crore investment approved for TCS in Visakhapatnam",https://www.yovizag.com/rs-1370-crore-investment-approved-for-tcs-in-visakhapatnam/,https://www.yovizag.com/rs-1370-crore-investment-approved-for-tcs-in-visakhapatnam/,yovizag.com,2025-04-11T14:45:00+05:30,2025-04-11,gdelt_gkg_observation,DIRECTLY_RELEVANT,"TCS Q4/FY25 earnings, revenue growth, order book, deal wins, hiring, leadership, or dividend."
20250411091500-20,TCS.NS,"Tata Motors, Tata Steel soar over 5%, TCS trades firm following Q4 results, Should you buy, sell or hold?",https://www.thehindubusinessline.com/markets/stock-markets/tata-motors-tata-steel-soar-over-5-tcs-trades-firm-following-q4-results/article69438429.ece,https://www.thehindubusinessline.com/markets/stock-markets/tata-motors-tata-steel-soar-over-5-tcs-trades-firm-following-q4-results/article69438429.ece,thehindubusinessline.com,2025-04-11T14:45:00+05:30,2025-04-11,gdelt_gkg_observation,DIRECTLY_RELEVANT,"TCS Q4/FY25 earnings, revenue growth, order book, deal wins, hiring, leadership, or dividend."
20250411094500-796,TCS.NS,TCS to delay salary hikes on uncertain business environment,https://economictimes.indiatimes.com/tech/information-tech/tcs-to-delay-salary-hikes-on-uncertain-business-environment/articleshow/120199847.cms,https://economictimes.indiatimes.com/tech/information-tech/tcs-to-delay-salary-hikes-on-uncertain-business-environment/articleshow/120199847.cms,indiatimes.com,2025-04-11T15:15:00+05:30,2025-04-11,gdelt_gkg_observation,DIRECTLY_RELEVANT,"TCS Q4/FY25 earnings, revenue growth, order book, deal wins, hiring, leadership, or dividend."
20250411094500-T1990,TCS.NS,"IT stocks : अमेरिका से आई खबर के चलते फोकस में IT कंपनियां, लाल निशान में इंफोसिस, कोफोर्ज और TCS",https://hindi.moneycontrol.com/news/markets/it-stocks-it-companies-in-focus-due-to-news-from-america-infosys-coforge-and-tcs-in-red-mark-1969613.html,https://hindi.moneycontrol.com/news/markets/it-stocks-it-companies-in-focus-due-to-news-from-america-infosys-coforge-and-tcs-in-red-mark-1969613.html,moneycontrol.com,2025-04-11T15:15:00+05:30,2025-04-11,gdelt_gkg_observation,DIRECTLY_RELEVANT,"TCS Q4/FY25 earnings, revenue growth, order book, deal wins, hiring, leadership, or dividend."
20250411094500-T1991,TCS.NS,"TCS Q4 results: ट्रंप टैरिफ चुनौतियों के साथ-साथ अवसर भी है, आगे सभी सेगमेंट में अच्छी ग्रोथ की उम्मीद - TCS के समीर सेकसरिया",https://hindi.moneycontrol.com/news/markets/tcs-q4-results-trump-tariffs-are-challenges-as-well-as-opportunities-good-growth-expected-in-all-segments-going-forward-sameer-seksaria-of-tcs-1969544.html,https://hindi.moneycontrol.com/news/markets/tcs-q4-results-trump-tariffs-are-challenges-as-well-as-opportunities-good-growth-expected-in-all-segments-going-forward-sameer-seksaria-of-tcs-1969544.html,moneycontrol.com,2025-04-11T15:15:00+05:30,2025-04-11,gdelt_gkg_observation,DIRECTLY_RELEVANT,"TCS Q4/FY25 earnings, revenue growth, order book, deal wins, hiring, leadership, or dividend."
20250411101500-1124,TCS.NS,TCS Share Price: Tech giant's stock under pressure after net profit dips 1.7 per cent,https://www.indiatvnews.com/business/markets/tcs-share-price-q4-results-salary-hike-wage-uncertain-revenue-net-profit-2025-04-11-985025,https://www.indiatvnews.com/business/markets/tcs-share-price-q4-results-salary-hike-wage-uncertain-revenue-net-profit-2025-04-11-985025,indiatvnews.com,2025-04-11T15:45:00+05:30,2025-04-15,gdelt_gkg_observation,DIRECTLY_RELEVANT,"TCS Q4/FY25 earnings, revenue growth, order book, deal wins, hiring, leadership, or dividend."
20250411104500-115,TCS.NS,TCS Q4 Results: CEO K Krithivasan Says 'AI For Business' Gaining Traction,https://www.forbesindia.com/article/take-one-big-story-of-the-day/tcs-q4-ceo-k-krithivasan-says-ai-for-business-gaining-traction/95773/1,https://www.forbesindia.com/article/take-one-big-story-of-the-day/tcs-q4-ceo-k-krithivasan-says-ai-for-business-gaining-traction/95773/1,forbesindia.com,2025-04-11T16:15:00+05:30,2025-04-15,gdelt_gkg_observation,DIRECTLY_RELEVANT,"TCS Q4/FY25 earnings, revenue growth, order book, deal wins, hiring, leadership, or dividend."
20250411110000-680,TCS.NS,"TCS net profit falls 1.7% in Q4, wage hikes delayed amid business worries; employees say, 'we should give 2% effort and work less'",https://www.indiatimes.com/news/tcs-net-profit-falls-17-in-q4-wage-hikes-delayed-amid-business-worries-employees-say-we-should-give-2-effort-and-work-less-656640.html,https://www.indiatimes.com/news/tcs-net-profit-falls-17-in-q4-wage-hikes-delayed-amid-business-worries-employees-say-we-should-give-2-effort-and-work-less-656640.html,indiatimes.com,2025-04-11T16:30:00+05:30,2025-04-15,gdelt_gkg_observation,DIRECTLY_RELEVANT,"TCS Q4/FY25 earnings, revenue growth, order book, deal wins, hiring, leadership, or dividend."
20250411121500-681,TCS.NS,TCS shares end flat post earnings announcement,https://www.livemint.com/companies/company-results/tcs-shares-end-flat-post-earnings-announcement-11744371790014.html,https://www.livemint.com/companies/company-results/tcs-shares-end-flat-post-earnings-announcement-11744371790014.html,livemint.com,2025-04-11T17:45:00+05:30,2025-04-15,gdelt_gkg_observation,DIRECTLY_RELEVANT,"TCS Q4/FY25 earnings, revenue growth, order book, deal wins, hiring, leadership, or dividend."
20250411130000-498,TCS.NS,1 in 6 people got promotion in FY25: TCS CFO; says this on wage hike review,https://www.businesstoday.in/markets/stocks/story/1-in-6-people-got-promotion-in-fy25-tcs-cfo-says-this-on-wage-hike-review-471716-2025-04-11,https://www.businesstoday.in/markets/stocks/story/1-in-6-people-got-promotion-in-fy25-tcs-cfo-says-this-on-wage-hike-review-471716-2025-04-11,businesstoday.in,2025-04-11T18:30:00+05:30,2025-04-15,gdelt_gkg_observation,DIRECTLY_RELEVANT,"TCS Q4/FY25 earnings, revenue growth, order book, deal wins, hiring, leadership, or dividend."
20250411130000-T1103,TCS.NS,"TCS : 1 साल के हाई से 29% डिस्काउंट पर स्टॉक, Q4 रिजल्ट के बाद शेयर पर BUY रेटिंग, चेक करें ब्रोकरेज के नए टारगेट्स - tcs share price brokerages bullish on tcs check next target expected return",https://hindi.business-standard.com/markets/share-market/tcs-share-price-brokerages-bullish-on-tcs-check-next-target-expected-return-id-429776,https://hindi.business-standard.com/markets/share-market/tcs-share-price-brokerages-bullish-on-tcs-check-next-target-expected-return-id-429776,business-standard.com,2025-04-11T18:30:00+05:30,2025-04-15,gdelt_gkg_observation,DIRECTLY_RELEVANT,"TCS Q4/FY25 earnings, revenue growth, order book, deal wins, hiring, leadership, or dividend."
20250411144500-782,TCS.NS,India's TCS posts small profits dip in 'challenging' environment,https://www.spacedaily.com/reports/Indias_TCS_posts_small_profits_dip_in_challenging_environment_999.html,https://www.spacedaily.com/reports/Indias_TCS_posts_small_profits_dip_in_challenging_environment_999.html,spacedaily.com,2025-04-11T20:15:00+05:30,2025-04-15,gdelt_gkg_observation,DIRECTLY_RELEVANT,"TCS Q4/FY25 earnings, revenue growth, order book, deal wins, hiring, leadership, or dividend."
20250411150000-23,TCS.NS,TCS defers wage hikes; Google layoffs,https://economictimes.indiatimes.com/tech/newsletters/tech-top-5/tcs-defers-wage-hikes-google-layoffs/articleshow/120209009.cms,https://economictimes.indiatimes.com/tech/newsletters/tech-top-5/tcs-defers-wage-hikes-google-layoffs/articleshow/120209009.cms,indiatimes.com,2025-04-11T20:30:00+05:30,2025-04-15,gdelt_gkg_observation,DIRECTLY_RELEVANT,"TCS Q4/FY25 earnings, revenue growth, order book, deal wins, hiring, leadership, or dividend."
20250411184500-451,TCS.NS,TCS outlook strong despite Q4 miss,https://www.financialexpress.com/business/industry-tcs-outlook-strong-despite-q4-miss-3807107/,https://www.financialexpress.com/business/industry-tcs-outlook-strong-despite-q4-miss-3807107/,financialexpress.com,2025-04-12T00:15:00+05:30,2025-04-15,gdelt_gkg_observation,DIRECTLY_RELEVANT,"TCS Q4/FY25 earnings, revenue growth, order book, deal wins, hiring, leadership, or dividend."
20250411200000-1330,TCS.NS,India's TCS warns US tariff chaos hurting client sentiment,https://finance.yahoo.com/news/indias-tcs-warns-us-tariff-104640967.html,https://finance.yahoo.com/news/indias-tcs-warns-us-tariff-104640967.html,yahoo.com,2025-04-12T01:30:00+05:30,2025-04-15,gdelt_gkg_observation,DIRECTLY_RELEVANT,"TCS Q4/FY25 earnings, revenue growth, order book, deal wins, hiring, leadership, or dividend."
20250411204500-1384,TCS.NS,India's TCS warns US tariff chaos hurting client sentiment,https://finance.yahoo.com/news/indias-tcs-misses-fourth-quarter-104640504.html,https://finance.yahoo.com/news/indias-tcs-misses-fourth-quarter-104640504.html,yahoo.com,2025-04-12T02:15:00+05:30,2025-04-15,gdelt_gkg_observation,DIRECTLY_RELEVANT,"TCS Q4/FY25 earnings, revenue growth, order book, deal wins, hiring, leadership, or dividend."
20250412010000-219,TCS.NS,TCS Calls Up Group Veterans to Lead the Voyage into AI,https://economictimes.indiatimes.com/tech/artificial-intelligence/tcs-calls-up-group-veterans-to-lead-the-voyage-into-ai/articleshow/120214647.cms,https://economictimes.indiatimes.com/tech/artificial-intelligence/tcs-calls-up-group-veterans-to-lead-the-voyage-into-ai/articleshow/120214647.cms,indiatimes.com,2025-04-12T06:30:00+05:30,2025-04-15,gdelt_gkg_observation,DIRECTLY_RELEVANT,"TCS Q4/FY25 earnings, revenue growth, order book, deal wins, hiring, leadership, or dividend."
20250412014500-T35,TCS.NS,"TCS posts net profit of Rs 12,224 crore",https://www.tarunbharat.com/tcs-posts-net-profit-of-rs-12224-crore/,https://www.tarunbharat.com/tcs-posts-net-profit-of-rs-12224-crore/,tarunbharat.com,2025-04-12T07:15:00+05:30,2025-04-15,gdelt_gkg_observation,DIRECTLY_RELEVANT,"TCS Q4/FY25 earnings, revenue growth, order book, deal wins, hiring, leadership, or dividend."
20250412040000-416,TCS.NS,TCS calls up group veterans to lead the voyage into AI,https://economictimes.indiatimes.com/tech/information-tech/tcs-calls-up-group-veterans-to-lead-the-voyage-into-ai/articleshow/120214491.cms,https://economictimes.indiatimes.com/tech/information-tech/tcs-calls-up-group-veterans-to-lead-the-voyage-into-ai/articleshow/120214491.cms,indiatimes.com,2025-04-12T09:30:00+05:30,2025-04-15,gdelt_gkg_observation,DIRECTLY_RELEVANT,"TCS Q4/FY25 earnings, revenue growth, order book, deal wins, hiring, leadership, or dividend."
20250412040000-202,TCS.NS,Tariff turmoil just a blip; analysts gung-ho on TCS,https://economictimes.indiatimes.com/tech/information-tech/tariff-turmoil-just-a-blip-analysts-gung-ho-on-tcs/articleshow/120214673.cms,https://economictimes.indiatimes.com/tech/information-tech/tariff-turmoil-just-a-blip-analysts-gung-ho-on-tcs/articleshow/120214673.cms,indiatimes.com,2025-04-12T09:30:00+05:30,2025-04-15,gdelt_gkg_observation,DIRECTLY_RELEVANT,"TCS Q4/FY25 earnings, revenue growth, order book, deal wins, hiring, leadership, or dividend."
20250412070000-332,TCS.NS,"TCS to delay salary hikes: We will decide within the ..., says HR head",https://timesofindia.indiatimes.com/technology/tech-news/tcs-to-delay-salary-hikes-we-will-decide-within-the-says-hr-head/articleshow/120226082.cms,https://timesofindia.indiatimes.com/technology/tech-news/tcs-to-delay-salary-hikes-we-will-decide-within-the-says-hr-head/articleshow/120226082.cms,indiatimes.com,2025-04-12T12:30:00+05:30,2025-04-15,gdelt_gkg_observation,DIRECTLY_RELEVANT,"TCS Q4/FY25 earnings, revenue growth, order book, deal wins, hiring, leadership, or dividend."
20250412110000-386,TCS.NS,TCS delays salary hikes amid global uncertainty,https://www.prokerala.com/news/articles/a1624853.html,https://www.prokerala.com/news/articles/a1624853.html,prokerala.com,2025-04-12T16:30:00+05:30,2025-04-15,gdelt_gkg_observation,DIRECTLY_RELEVANT,"TCS Q4/FY25 earnings, revenue growth, order book, deal wins, hiring, leadership, or dividend."
20250412120000-T308,TCS.NS,"TCS delays salary hike amid global uncertainty, Mumbai News in Hindi",https://www.khaskhabar.com/local/maharashtra/mumbai-news/news-tcs-delays-salary-hike-amid-global-uncertainty-news-hindi-1-715024-KKN.html,https://www.khaskhabar.com/local/maharashtra/mumbai-news/news-tcs-delays-salary-hike-amid-global-uncertainty-news-hindi-1-715024-KKN.html,khaskhabar.com,2025-04-12T17:30:00+05:30,2025-04-15,gdelt_gkg_observation,DIRECTLY_RELEVANT,"TCS Q4/FY25 earnings, revenue growth, order book, deal wins, hiring, leadership, or dividend."
20250412120000-469,TCS.NS,Bad News For TCS Employees! Company Delays Salary Hikes Due To THIS Reason,https://zeenews.india.com/economy/bad-news-for-tcs-employees-company-delays-salary-hikes-due-to-this-reason-2885299.html,https://zeenews.india.com/economy/bad-news-for-tcs-employees-company-delays-salary-hikes-due-to-this-reason-2885299.html,india.com,2025-04-12T17:30:00+05:30,2025-04-15,gdelt_gkg_observation,DIRECTLY_RELEVANT,"TCS Q4/FY25 earnings, revenue growth, order book, deal wins, hiring, leadership, or dividend."
20250412131500-T899,TCS.NS,"Q4 FY25 Results: HDFC बैंक, ICICI बैंक से लेकर Wipro तक, अगले हफ्ते इन कंपनियों के आएंगे रिजल्ट; निवेशक रखें नजर - q4 fy25 results infosys wipro hdfc bank icici bank yes bank tcs earnings report indian stock market updates april 2025",https://hindi.business-standard.com/companies/q4-fy25-results-infosys-wipro-hdfc-bank-icici-bank-yes-bank-tcs-earnings-report-indian-stock-market-updates-april-2025-id-430082,https://hindi.business-standard.com/companies/q4-fy25-results-infosys-wipro-hdfc-bank-icici-bank-yes-bank-tcs-earnings-report-indian-stock-market-updates-april-2025-id-430082,business-standard.com,2025-04-12T18:45:00+05:30,2025-04-15,gdelt_gkg_observation,DIRECTLY_RELEVANT,"TCS Q4/FY25 earnings, revenue growth, order book, deal wins, hiring, leadership, or dividend."
20250412144500-649,TCS.NS,"Infosys, TCS among LinkedIn's top 50 companies in US, Alphabet ranks 1st; And all are hiring! | World News",https://www.hindustantimes.com/world-news/infosys-tcs-among-linkedin-s-top-50-companies-in-us-alphabet-ranks-1st-and-all-are-hiring-101744463142930.html,https://www.hindustantimes.com/world-news/infosys-tcs-among-linkedin-s-top-50-companies-in-us-alphabet-ranks-1st-and-all-are-hiring-101744463142930.html,hindustantimes.com,2025-04-12T20:15:00+05:30,2025-04-15,gdelt_gkg_observation,DIRECTLY_RELEVANT,"TCS Q4/FY25 earnings, revenue growth, order book, deal wins, hiring, leadership, or dividend."
20250412170000-114,TCS.NS,Will other IT companies follow TCS and put salary hike on hold?,https://www.theweek.in/news/biz-tech/2025/04/12/will-other-it-companies-follow-tcs-and-put-salary-hike-on-hold.html,https://www.theweek.in/news/biz-tech/2025/04/12/will-other-it-companies-follow-tcs-and-put-salary-hike-on-hold.html,theweek.in,2025-04-12T22:30:00+05:30,2025-04-15,gdelt_gkg_observation,DIRECTLY_RELEVANT,"TCS Q4/FY25 earnings, revenue growth, order book, deal wins, hiring, leadership, or dividend."
20250412214500-296,TCS.NS,Q4 profit dip prompts analysts to cut TCS' target price,https://www.rediff.com/business/report/q4-profit-dip-prompts-analysts-to-cut-tcs-target-price/20250413.htm,https://www.rediff.com/business/report/q4-profit-dip-prompts-analysts-to-cut-tcs-target-price/20250413.htm,rediff.com,2025-04-13T03:15:00+05:30,2025-04-15,gdelt_gkg_observation,DIRECTLY_RELEVANT,"TCS Q4/FY25 earnings, revenue growth, order book, deal wins, hiring, leadership, or dividend."
20250413054500-40,TCS.NS,"TCS Announces Record 3000% Dividend For Shareholders Worth Rs 44,962 Crore - Trak.in - Indian Business of Tech, Mobile & Startups",https://trak.in/stories/tcs-announces-record-3000-dividend-for-shareholders-worth-rs-44962-crore/,https://trak.in/stories/tcs-announces-record-3000-dividend-for-shareholders-worth-rs-44962-crore/,trak.in,2025-04-13T11:15:00+05:30,2025-04-15,gdelt_gkg_observation,DIRECTLY_RELEVANT,"TCS Q4/FY25 earnings, revenue growth, order book, deal wins, hiring, leadership, or dividend."
20250413091500-552,TCS.NS,"TCS says retail, travel clients more exposed to US tariff turmoil",https://economictimes.indiatimes.com/tech/information-tech/tcs-says-retail-travel-clients-more-exposed-to-us-tariff-turmoil/articleshow/120251664.cms,https://economictimes.indiatimes.com/tech/information-tech/tcs-says-retail-travel-clients-more-exposed-to-us-tariff-turmoil/articleshow/120251664.cms,indiatimes.com,2025-04-13T14:45:00+05:30,2025-04-15,gdelt_gkg_observation,DIRECTLY_RELEVANT,"TCS Q4/FY25 earnings, revenue growth, order book, deal wins, hiring, leadership, or dividend."
20250413091500-252,TCS.NS,"India's TCS says retail, travel clients more exposed to US tariff turmoil",https://www.channelnewsasia.com/business/indias-tcs-says-retail-travel-clients-more-exposed-us-tariff-turmoil-5062906,https://www.channelnewsasia.com/business/indias-tcs-says-retail-travel-clients-more-exposed-us-tariff-turmoil-5062906,channelnewsasia.com,2025-04-13T14:45:00+05:30,2025-04-15,gdelt_gkg_observation,DIRECTLY_RELEVANT,"TCS Q4/FY25 earnings, revenue growth, order book, deal wins, hiring, leadership, or dividend."
20250413093000-642,TCS.NS,"India's TCS says retail, travel clients more exposed to US tariff turmoil",https://www.thestar.com.my/tech/tech-news/2025/04/13/india039s-tcs-says-retail-travel-clients-more-exposed-to-us-tariff-turmoil,https://www.thestar.com.my/tech/tech-news/2025/04/13/india039s-tcs-says-retail-travel-clients-more-exposed-to-us-tariff-turmoil,thestar.com.my,2025-04-13T15:00:00+05:30,2025-04-15,gdelt_gkg_observation,DIRECTLY_RELEVANT,"TCS Q4/FY25 earnings, revenue growth, order book, deal wins, hiring, leadership, or dividend."
20250413103000-114,TCS.NS,"India's TCS says retail, travel clients more exposed to US tariff turmoil",https://www.marketscreener.com/quote/stock/TATA-CONSULTANCY-SERVICES-9743454/news/India-s-TCS-says-retail-travel-clients-more-exposed-to-US-tariff-turmoil-49605642/,https://www.marketscreener.com/quote/stock/TATA-CONSULTANCY-SERVICES-9743454/news/India-s-TCS-says-retail-travel-clients-more-exposed-to-US-tariff-turmoil-49605642/,marketscreener.com,2025-04-13T16:00:00+05:30,2025-04-15,gdelt_gkg_observation,DIRECTLY_RELEVANT,"TCS Q4/FY25 earnings, revenue growth, order book, deal wins, hiring, leadership, or dividend."
20250413104500-484,TCS.NS,"India's TCS says retail, travel clients more exposed to US tariff turmoil - Business & Finance",https://www.brecorder.com/news/40357369/indias-tcs-says-retail-travel-clients-more-exposed-to-us-tariff-turmoil,https://www.brecorder.com/news/40357369/indias-tcs-says-retail-travel-clients-more-exposed-to-us-tariff-turmoil,brecorder.com,2025-04-13T16:15:00+05:30,2025-04-15,gdelt_gkg_observation,DIRECTLY_RELEVANT,"TCS Q4/FY25 earnings, revenue growth, order book, deal wins, hiring, leadership, or dividend."
20250413113000-168,TCS.NS,"TCS says retail, travel clients more exposed to US tariff turmoil",https://www.thehindubusinessline.com/info-tech/tcs-says-retail-travel-clients-more-exposed-to-us-tariff-turmoil/article69445701.ece,https://www.thehindubusinessline.com/info-tech/tcs-says-retail-travel-clients-more-exposed-to-us-tariff-turmoil/article69445701.ece,thehindubusinessline.com,2025-04-13T17:00:00+05:30,2025-04-15,gdelt_gkg_observation,DIRECTLY_RELEVANT,"TCS Q4/FY25 earnings, revenue growth, order book, deal wins, hiring, leadership, or dividend."
20250413114500-206,TCS.NS,"TCS CEO warns of tariff fallout on retail, travel, and auto sectors amid trade uncertainty",https://www.moneycontrol.com/news/business/companies/tcs-ceo-warns-of-tariff-fallout-on-retail-travel-and-auto-sectors-amid-trade-uncertainty-12992818.html,https://www.moneycontrol.com/news/business/companies/tcs-ceo-warns-of-tariff-fallout-on-retail-travel-and-auto-sectors-amid-trade-uncertainty-12992818.html,moneycontrol.com,2025-04-13T17:15:00+05:30,2025-04-15,gdelt_gkg_observation,DIRECTLY_RELEVANT,"TCS Q4/FY25 earnings, revenue growth, order book, deal wins, hiring, leadership, or dividend."
20250413120000-T343,TCS.NS,L'entreprise indienne TCS déclare que les clients du secteur de la vente au détail et du voyage sont plus exposés à la crise des tarifs douaniers américains,https://www.zonebourse.com/cours/action/TATA-CONSULTANCY-SERVICES-9743454/actualite/L-entreprise-indienne-TCS-declare-que-les-clients-du-secteur-de-la-vente-au-detail-et-du-voyage-so-49605642/,https://www.zonebourse.com/cours/action/TATA-CONSULTANCY-SERVICES-9743454/actualite/L-entreprise-indienne-TCS-declare-que-les-clients-du-secteur-de-la-vente-au-detail-et-du-voyage-so-49605642/,zonebourse.com,2025-04-13T17:30:00+05:30,2025-04-15,gdelt_gkg_observation,DIRECTLY_RELEVANT,"TCS Q4/FY25 earnings, revenue growth, order book, deal wins, hiring, leadership, or dividend."
20250413143000-288,TCS.NS,Tata Group's TCS loses Rs 24295 crore in just 4 days amid delay in annual salary hikes,https://www.dnaindia.com/business/report-tata-group-tcs-loses-rs-24295-crore-in-just-4-days-amid-delay-in-annual-salary-hikes-for-2025-ratan-tata-firm-3145260,https://www.dnaindia.com/business/report-tata-group-tcs-loses-rs-24295-crore-in-just-4-days-amid-delay-in-annual-salary-hikes-for-2025-ratan-tata-firm-3145260,dnaindia.com,2025-04-13T20:00:00+05:30,2025-04-15,gdelt_gkg_observation,DIRECTLY_RELEVANT,"TCS Q4/FY25 earnings, revenue growth, order book, deal wins, hiring, leadership, or dividend."
20250413153000-434,TCS.NS,Tariff moves-induced uncertainty will be short-lived: TCS CEO,https://www.livemint.com/companies/news/tariff-moves-induced-uncertainty-will-be-short-lived-tcs-ceo-11744545216739.html,https://www.livemint.com/companies/news/tariff-moves-induced-uncertainty-will-be-short-lived-tcs-ceo-11744545216739.html,livemint.com,2025-04-13T21:00:00+05:30,2025-04-15,gdelt_gkg_observation,DIRECTLY_RELEVANT,"TCS Q4/FY25 earnings, revenue growth, order book, deal wins, hiring, leadership, or dividend."
20250413184500-258,TCS.NS,Our capex & margins are on track: TCS,https://www.financialexpress.com/business/industry-our-capex-margins-are-on-track-tcs-3808630/,https://www.financialexpress.com/business/industry-our-capex-margins-are-on-track-tcs-3808630/,financialexpress.com,2025-04-14T00:15:00+05:30,2025-04-15,gdelt_gkg_observation,DIRECTLY_RELEVANT,"TCS Q4/FY25 earnings, revenue growth, order book, deal wins, hiring, leadership, or dividend."
20250413214500-379,TCS.NS,Bad news for employees of TCS waiting for salary hike as Ratan Tata's company loses Rs 242950000000 in....,https://www.india.com/business/bad-news-for-employees-of-tcs-waiting-for-salary-hike-as-ratan-tatas-company-loses-rs-242950000000-in-ratan-tata-tariff-concern-bse-sensex-nse-nifty-7753144/,https://www.india.com/business/bad-news-for-employees-of-tcs-waiting-for-salary-hike-as-ratan-tatas-company-loses-rs-242950000000-in-ratan-tata-tariff-concern-bse-sensex-nse-nifty-7753144/,india.com,2025-04-14T03:15:00+05:30,2025-04-15,gdelt_gkg_observation,DIRECTLY_RELEVANT,"TCS Q4/FY25 earnings, revenue growth, order book, deal wins, hiring, leadership, or dividend."
20250413220000-T202,TCS.NS,"TCS का 50 अरब डॉलर का लक्ष्य: 2026 में बढ़ेगा कारोबार, नई रणनीतियों से होगी रफ्तार - tcss target of 50 billion will increase business in 2026 with new strategies",https://hindi.business-standard.com/companies/tcss-target-of-50-billion-will-increase-business-in-2026-with-new-strategies-id-430264,https://hindi.business-standard.com/companies/tcss-target-of-50-billion-will-increase-business-in-2026-with-new-strategies-id-430264,business-standard.com,2025-04-14T03:30:00+05:30,2025-04-15,gdelt_gkg_observation,DIRECTLY_RELEVANT,"TCS Q4/FY25 earnings, revenue growth, order book, deal wins, hiring, leadership, or dividend."
20250414011500-304,TCS.NS,Sometimes willingness to cannibalise is a strength: TCS CEO Krithivasan,https://www.livemint.com/companies/news/sometimes-willingness-to-cannibalise-is-a-strength-tcs-ceo-krithivasan-11744523432549.html,https://www.livemint.com/companies/news/sometimes-willingness-to-cannibalise-is-a-strength-tcs-ceo-krithivasan-11744523432549.html,livemint.com,2025-04-14T06:45:00+05:30,2025-04-15,gdelt_gkg_observation,DIRECTLY_RELEVANT,"TCS Q4/FY25 earnings, revenue growth, order book, deal wins, hiring, leadership, or dividend."
20250414011500-T230,TCS.NS,TCS CEO Krithivasan: సుంకాల అనిశ్చితి కొద్ది కాలమే | US Tariff Uncertainty Temporary Says TCS CEO Krithivasan,https://www.andhrajyothy.com/2025/business/us-tariff-uncertainty-temporary-says-tcs-ceo-krithivasan-1392725.html,https://www.andhrajyothy.com/2025/business/us-tariff-uncertainty-temporary-says-tcs-ceo-krithivasan-1392725.html,andhrajyothy.com,2025-04-14T06:45:00+05:30,2025-04-15,gdelt_gkg_observation,DIRECTLY_RELEVANT,"TCS Q4/FY25 earnings, revenue growth, order book, deal wins, hiring, leadership, or dividend."
20250414041500-381,TCS.NS,"India's TCS says retail, travel clients more exposed to US tariff turmoil",https://finance.yahoo.com/news/indias-tcs-says-retail-travel-083903633.html,https://finance.yahoo.com/news/indias-tcs-says-retail-travel-083903633.html,yahoo.com,2025-04-14T09:45:00+05:30,2025-04-15,gdelt_gkg_observation,DIRECTLY_RELEVANT,"TCS Q4/FY25 earnings, revenue growth, order book, deal wins, hiring, leadership, or dividend."
20250414043000-383,TCS.NS,"India's TCS says retail, travel clients more exposed to U.S. tariff turmoil",https://www.thehindu.com/sci-tech/technology/indias-tcs-says-retail-travel-clients-more-exposed-to-us-tariff-turmoil/article69448191.ece,https://www.thehindu.com/sci-tech/technology/indias-tcs-says-retail-travel-clients-more-exposed-to-us-tariff-turmoil/article69448191.ece,thehindu.com,2025-04-14T10:00:00+05:30,2025-04-15,gdelt_gkg_observation,DIRECTLY_RELEVANT,"TCS Q4/FY25 earnings, revenue growth, order book, deal wins, hiring, leadership, or dividend."
20250414050000-495,TCS.NS,"TCS Employees Will Get Promotions, But No Salary Hike - Trak.in - Indian Business of Tech, Mobile & Startups",https://trak.in/stories/tcs-employees-will-get-promotions-but-no-salary-hike/,https://trak.in/stories/tcs-employees-will-get-promotions-but-no-salary-hike/,trak.in,2025-04-14T10:30:00+05:30,2025-04-15,gdelt_gkg_observation,DIRECTLY_RELEVANT,"TCS Q4/FY25 earnings, revenue growth, order book, deal wins, hiring, leadership, or dividend."
20250414053000-291,TCS.NS,"TCS: Travel, Retail Clients Most at Risk from U.S. Tariff Uncertainty",https://www.siliconindia.com/news/general/tcs-travel-retail-clients-most-at-risk-from-us-tariff-uncertainty-nid-235481-cid-1.html,https://www.siliconindia.com/news/general/tcs-travel-retail-clients-most-at-risk-from-us-tariff-uncertainty-nid-235481-cid-1.html,siliconindia.com,2025-04-14T11:00:00+05:30,2025-04-15,gdelt_gkg_observation,DIRECTLY_RELEVANT,"TCS Q4/FY25 earnings, revenue growth, order book, deal wins, hiring, leadership, or dividend."
20250414070000-664,TCS.NS,"After Narayana Murthy's Infosys, now this IT company sacks hundreds of employees due to..., not Ratan Tata's TCS, Microsoft, name is...",https://www.india.com/business/after-narayana-murthys-infosys-now-sundar-pichai-led-it-company-sacks-hundreds-of-employees-due-to-not-ratan-tatas-tcs-microsoft-name-is-google-7753567/,https://www.india.com/business/after-narayana-murthys-infosys-now-sundar-pichai-led-it-company-sacks-hundreds-of-employees-due-to-not-ratan-tatas-tcs-microsoft-name-is-google-7753567/,india.com,2025-04-14T12:30:00+05:30,2025-04-15,gdelt_gkg_observation,DIRECTLY_RELEVANT,"TCS Q4/FY25 earnings, revenue growth, order book, deal wins, hiring, leadership, or dividend."
20250414073000-192,TCS.NS,TCS CEO Krithivasan expects tariff 'uncertainty' to be 'resolved soon': Report,https://www.moneycontrol.com/technology/tcs-ceo-krithivasan-expects-tariff-uncertainty-to-be-resolved-soon-report-article-12993111.html,https://www.moneycontrol.com/technology/tcs-ceo-krithivasan-expects-tariff-uncertainty-to-be-resolved-soon-report-article-12993111.html,moneycontrol.com,2025-04-14T13:00:00+05:30,2025-04-15,gdelt_gkg_observation,DIRECTLY_RELEVANT,"TCS Q4/FY25 earnings, revenue growth, order book, deal wins, hiring, leadership, or dividend."
20250414081500-T211,TCS.NS,"Tcs ceo k krithivasan: टीसीएस के सीईओ ने कहा- ट्रंप टैरिफ का सबसे ज्यादा असर रिटेल, ट्रैवल और ऑटो सेक्टर पर पड़ेगा",https://hindi.moneycontrol.com/news/markets/tcs-ceo-k-krithivasan-says-trump-tariff-will-impact-retail-travel-and-auto-sectors-most-1970217.html,https://hindi.moneycontrol.com/news/markets/tcs-ceo-k-krithivasan-says-trump-tariff-will-impact-retail-travel-and-auto-sectors-most-1970217.html,moneycontrol.com,2025-04-14T13:45:00+05:30,2025-04-15,gdelt_gkg_observation,DIRECTLY_RELEVANT,"TCS Q4/FY25 earnings, revenue growth, order book, deal wins, hiring, leadership, or dividend."
20250414093000-2,TCS.NS,"TCS promotes over 1.1 lakh employees in FY25; to hire 42,000 trainees in FY26 despite deferred increments",https://economictimes.indiatimes.com/jobs/fresher/tcs-promotes-over-1-1-lakh-employees-in-fy25-to-hire-42000-trainees-in-fy26-despite-deferred-increments/articleshow/120276138.cms,https://economictimes.indiatimes.com/jobs/fresher/tcs-promotes-over-1-1-lakh-employees-in-fy25-to-hire-42000-trainees-in-fy26-despite-deferred-increments/articleshow/120276138.cms,indiatimes.com,2025-04-14T15:00:00+05:30,2025-04-15,gdelt_gkg_observation,DIRECTLY_RELEVANT,"TCS Q4/FY25 earnings, revenue growth, order book, deal wins, hiring, leadership, or dividend."
20250414110000-1138,TCS.NS,"Today's Cache | Trump says electronics tariff exemptions temporary; Apple shares lead tech higher; TCS says retail, travel clients more exposed to tariffs",https://www.thehindu.com/newsletter/newsletter-today-cache/todays-cache-trump-says-electronics-tariff-exemptions-temporary-apple-shares-lead-tech-higher-tcs-says-retail-travel-clients-more-exposed-to-tariffs/article69448812.ece,https://www.thehindu.com/newsletter/newsletter-today-cache/todays-cache-trump-says-electronics-tariff-exemptions-temporary-apple-shares-lead-tech-higher-tcs-says-retail-travel-clients-more-exposed-to-tariffs/article69448812.ece,thehindu.com,2025-04-14T16:30:00+05:30,2025-04-15,gdelt_gkg_observation,DIRECTLY_RELEVANT,"TCS Q4/FY25 earnings, revenue growth, order book, deal wins, hiring, leadership, or dividend."
20250414114500-T1285,TCS.NS,"₹32,722 करोड़ का डिविडेंड! TCS से रिकॉर्ड डिविडेंड पाएगी Tata Sons, कई नए प्रोजेक्ट्स में लगेगा पैसा - dividend of %e2%82%b932722 crores tata sons will get record dividend from tcs will make big investments in semiconductor and aviation projects",https://hindi.business-standard.com/companies/dividend-of-%E2%82%B932722-crores-tata-sons-will-get-record-dividend-from-tcs-will-make-big-investments-in-semiconductor-and-aviation-projects-id-430453,https://hindi.business-standard.com/companies/dividend-of-%E2%82%B932722-crores-tata-sons-will-get-record-dividend-from-tcs-will-make-big-investments-in-semiconductor-and-aviation-projects-id-430453,business-standard.com,2025-04-14T17:15:00+05:30,2025-04-15,gdelt_gkg_observation,DIRECTLY_RELEVANT,"TCS Q4/FY25 earnings, revenue growth, order book, deal wins, hiring, leadership, or dividend."
20250415020000-1216,TCS.NS,TCS's Ms Fixit becomes Indian IT's first woman COO,https://timesofindia.indiatimes.com/business/india-business/tcss-new-coo-aarthi-breaks-it-glass-ceiling/articleshow/120294128.cms,https://timesofindia.indiatimes.com/business/india-business/tcss-new-coo-aarthi-breaks-it-glass-ceiling/articleshow/120294128.cms,indiatimes.com,2025-04-15T07:30:00+05:30,2025-04-15,gdelt_gkg_observation,DIRECTLY_RELEVANT,"TCS Q4/FY25 earnings, revenue growth, order book, deal wins, hiring, leadership, or dividend."
20250415021500-468,TCS.NS,Mint Primer | Will IT get better or worse? TCS points to cautious growth ahead,https://www.livemint.com/industry/infotech/mint-primer-will-it-get-better-or-worse-tcs-points-to-cautious-growth-ahead-11744653333141.html,https://www.livemint.com/industry/infotech/mint-primer-will-it-get-better-or-worse-tcs-points-to-cautious-growth-ahead-11744653333141.html,livemint.com,2025-04-15T07:45:00+05:30,2025-04-15,gdelt_gkg_observation,DIRECTLY_RELEVANT,"TCS Q4/FY25 earnings, revenue growth, order book, deal wins, hiring, leadership, or dividend."
20250415024500-877,TCS.NS,GenAI will aid margins despite cannibalisation of productivity gains: TCS CFO,https://economictimes.indiatimes.com/tech/information-tech/genai-will-aid-margins-despite-cannibalisation-of-productivity-gains-tcs-cfo/articleshow/120289033.cms,https://economictimes.indiatimes.com/tech/information-tech/genai-will-aid-margins-despite-cannibalisation-of-productivity-gains-tcs-cfo/articleshow/120289033.cms,indiatimes.com,2025-04-15T08:15:00+05:30,2025-04-15,gdelt_gkg_observation,DIRECTLY_RELEVANT,"TCS Q4/FY25 earnings, revenue growth, order book, deal wins, hiring, leadership, or dividend."
20250415070000-240,TCS.NS,Who is Aarthi Subramanian? TCS' new COO leading the charge for women in India's male-centric tech sector,https://economictimes.indiatimes.com/news/company/corporate-trends/who-is-aarthi-subramanian-tcs-new-coo-leading-the-charge-for-women-in-indias-male-centric-tech-sector/articleshow/120301523.cms,https://economictimes.indiatimes.com/news/company/corporate-trends/who-is-aarthi-subramanian-tcs-new-coo-leading-the-charge-for-women-in-indias-male-centric-tech-sector/articleshow/120301523.cms,indiatimes.com,2025-04-15T12:30:00+05:30,2025-04-15,gdelt_gkg_observation,DIRECTLY_RELEVANT,"TCS Q4/FY25 earnings, revenue growth, order book, deal wins, hiring, leadership, or dividend."
20250415100000-144,TCS.NS,Tata Sons' Aarthi Subramanian appointed executive director-president and COO of TCS,https://www.domain-b.com/technology/information-technology/tata-sons-aarthi-subramanian-appointed-executive-director-president-and-coo-of-tcs,https://www.domain-b.com/technology/information-technology/tata-sons-aarthi-subramanian-appointed-executive-director-president-and-coo-of-tcs,domain-b.com,2025-04-15T15:30:00+05:30,2025-04-16,gdelt_gkg_observation,DIRECTLY_RELEVANT,"TCS Q4/FY25 earnings, revenue growth, order book, deal wins, hiring, leadership, or dividend."
20250415101500-839,TCS.NS,TCS delays salary hikes amid global uncertainty,https://www.thestatesman.com/technology/tcs-delays-salary-hikes-amid-global-uncertainty-1503419747.html,https://www.thestatesman.com/technology/tcs-delays-salary-hikes-amid-global-uncertainty-1503419747.html,thestatesman.com,2025-04-15T15:45:00+05:30,2025-04-16,gdelt_gkg_observation,DIRECTLY_RELEVANT,"TCS Q4/FY25 earnings, revenue growth, order book, deal wins, hiring, leadership, or dividend."
20250415103000-844,TCS.NS,"Who is Aarthi Subramanian? TCS's first woman COO to take charge from May 1, 2025",https://www.livemint.com/companies/people/who-is-aarthi-subramanian-tcss-first-woman-coo-to-take-charge-from-may-1-2025-11744706475701.html,https://www.livemint.com/companies/people/who-is-aarthi-subramanian-tcss-first-woman-coo-to-take-charge-from-may-1-2025-11744706475701.html,livemint.com,2025-04-15T16:00:00+05:30,2025-04-16,gdelt_gkg_observation,DIRECTLY_RELEVANT,"TCS Q4/FY25 earnings, revenue growth, order book, deal wins, hiring, leadership, or dividend."
20250415121500-336,TCS.NS,"Profile: Meet Aarthi Subramanian, the new COO of TCS - The Hindu BusinessLine",https://www.thehindubusinessline.com/info-tech/profile-meet-aarthi-subramanian-the-new-coo-of-tcs/article69452258.ece,https://www.thehindubusinessline.com/info-tech/profile-meet-aarthi-subramanian-the-new-coo-of-tcs/article69452258.ece,thehindubusinessline.com,2025-04-15T17:45:00+05:30,2025-04-16,gdelt_gkg_observation,DIRECTLY_RELEVANT,"TCS Q4/FY25 earnings, revenue growth, order book, deal wins, hiring, leadership, or dividend."
20250415121500-1493,TCS.NS,"TCS to invest ₹1,370 crore in Visakhapatnam - The Hindu BusinessLine",https://www.thehindubusinessline.com/companies/tcs-to-invest-1370-crore-in-visakhapatnam/article69452386.ece,https://www.thehindubusinessline.com/companies/tcs-to-invest-1370-crore-in-visakhapatnam/article69452386.ece,thehindubusinessline.com,2025-04-15T17:45:00+05:30,2025-04-16,gdelt_gkg_observation,DIRECTLY_RELEVANT,"TCS Q4/FY25 earnings, revenue growth, order book, deal wins, hiring, leadership, or dividend."
20250415141500-339,TCS.NS,Andhra offers 21 acres to TCS at 99 paise in push to make Vizag a tech hub,https://www.thenewsminute.com/andhra-pradesh/andhra-offers-21-acres-to-tcs-at-99-paise-in-push-to-make-vizag-a-tech-hub,https://www.thenewsminute.com/andhra-pradesh/andhra-offers-21-acres-to-tcs-at-99-paise-in-push-to-make-vizag-a-tech-hub,thenewsminute.com,2025-04-15T19:45:00+05:30,2025-04-16,gdelt_gkg_observation,DIRECTLY_RELEVANT,"TCS Q4/FY25 earnings, revenue growth, order book, deal wins, hiring, leadership, or dividend."
20250415154500-1817,TCS.NS,Andhra Pradesh offers TCS land in Vizag for 99 paisa to woo major tech investment | Indiablooms - First Portal on Digital News Management,http://indiablooms.com/finance/andhra-pradesh-offers-tcs-land-in-vizag-for-99-paisa-to-woo-major-tech-investment/details,http://indiablooms.com/finance/andhra-pradesh-offers-tcs-land-in-vizag-for-99-paisa-to-woo-major-tech-investment/details,indiablooms.com,2025-04-15T21:15:00+05:30,2025-04-16,gdelt_gkg_observation,DIRECTLY_RELEVANT,"TCS Q4/FY25 earnings, revenue growth, order book, deal wins, hiring, leadership, or dividend."
20250415154500-1211,TCS.NS,"Tata Group's TCS gets 21.16 acres land at just 99 paisa in THIS state, IT firm to invest Rs 1370 crore",https://www.dnaindia.com/business/report-tata-group-tcs-gets-2116-acres-land-at-just-99-paisa-in-andhra-pradesh-it-firm-to-invest-rs-1370-crore-3145665,https://www.dnaindia.com/business/report-tata-group-tcs-gets-2116-acres-land-at-just-99-paisa-in-andhra-pradesh-it-firm-to-invest-rs-1370-crore-3145665,dnaindia.com,2025-04-15T21:15:00+05:30,2025-04-16,gdelt_gkg_observation,DIRECTLY_RELEVANT,"TCS Q4/FY25 earnings, revenue growth, order book, deal wins, hiring, leadership, or dividend."
20250415160000-1281,TCS.NS,"TCS to invest ₹1,370 crore in Visakhapatnam - The Hindu BusinessLine",https://www.thehindubusinessline.com/info-tech/tcs-to-invest-1370-crore-in-visakhapatnam/article69452386.ece,https://www.thehindubusinessline.com/info-tech/tcs-to-invest-1370-crore-in-visakhapatnam/article69452386.ece,thehindubusinessline.com,2025-04-15T21:30:00+05:30,2025-04-16,gdelt_gkg_observation,DIRECTLY_RELEVANT,"TCS Q4/FY25 earnings, revenue growth, order book, deal wins, hiring, leadership, or dividend."
20250415173000-869,TCS.NS,'We can continue this momentum': TCS CEO Krithivasan on surpassing $30 billion revenue mark,https://economictimes.indiatimes.com/tech/information-tech/we-can-continue-this-momentum-tcs-ceo-krithivasan-on-surpassing-30-billion-revenue-mark/articleshow/120318296.cms,https://economictimes.indiatimes.com/tech/information-tech/we-can-continue-this-momentum-tcs-ceo-krithivasan-on-surpassing-30-billion-revenue-mark/articleshow/120318296.cms,indiatimes.com,2025-04-15T23:00:00+05:30,2025-04-16,gdelt_gkg_observation,DIRECTLY_RELEVANT,"TCS Q4/FY25 earnings, revenue growth, order book, deal wins, hiring, leadership, or dividend."
20250415203000-T545,TCS.NS,"21 एकड़ जमीन सिर्फ 99 पैसे में! आंध्र प्रदेश सरकार ने TCS पर लुटाया प्यार, विशाखापत्तनम को IT हब बनाने की तैयारी - 21 acres of land for just 99 paise andhra pradesh government looted love on tcs preparations to make visakhapatnam it hub",https://hindi.business-standard.com/companies/21-acres-of-land-for-just-99-paise-andhra-pradesh-government-looted-love-on-tcs-preparations-to-make-visakhapatnam-it-hub-id-430893,https://hindi.business-standard.com/companies/21-acres-of-land-for-just-99-paise-andhra-pradesh-government-looted-love-on-tcs-preparations-to-make-visakhapatnam-it-hub-id-430893,business-standard.com,2025-04-16T02:00:00+05:30,2025-04-16,gdelt_gkg_observation,DIRECTLY_RELEVANT,"TCS Q4/FY25 earnings, revenue growth, order book, deal wins, hiring, leadership, or dividend."
20250416023000-T276,TCS.NS,"TCS Tata consultancy services updates Andhra pradesh government land deal मात्र 99 पैसे में 21 एकड़ जमीन, कैसे आंध्र प्रदेश ने TCS को इतने सस्ते में दे दी डील, India Hindi News",https://www.livehindustan.com/national/tcs-tata-consultancy-services-updates-andhra-pradesh-government-land-deal-201744764206815.html,https://www.livehindustan.com/national/tcs-tata-consultancy-services-updates-andhra-pradesh-government-land-deal-201744764206815.html,livehindustan.com,2025-04-16T08:00:00+05:30,2025-04-16,gdelt_gkg_observation,DIRECTLY_RELEVANT,"TCS Q4/FY25 earnings, revenue growth, order book, deal wins, hiring, leadership, or dividend."
20250416040000-568,TCS.NS,"Top stocks to watch: TCS, IndusInd Bank, ICICI Pru Life, IREDA, Vedanta, Adani Total Gas, Swiggy & NHPC",https://www.businesstoday.in/markets/stocks/story/top-stocks-to-watch-tcs-indusind-bank-icici-pru-life-ireda-vedanta-adani-total-gas-swiggy-nhpc-472163-2025-04-16,https://www.businesstoday.in/markets/stocks/story/top-stocks-to-watch-tcs-indusind-bank-icici-pru-life-ireda-vedanta-adani-total-gas-swiggy-nhpc-472163-2025-04-16,businesstoday.in,2025-04-16T09:30:00+05:30,2025-04-16,gdelt_gkg_observation,DIRECTLY_RELEVANT,"TCS Q4/FY25 earnings, revenue growth, order book, deal wins, hiring, leadership, or dividend."
20250416073000-1289,TCS.NS,"Ratan Tata's TCS gets 21 acres land only for 99 paisa in this state, not Gujarat, UP, Karnataka, Assam, IT firm will invest Rs 13700000000 in…",https://www.india.com/business/ratan-tatas-tcs-gets-21-acres-land-only-for-99-paisa-in-andhra-pradesh-not-gujarat-up-karnataka-assam-it-firm-will-invest-rs-13700000000-in-it-campus-7758425/,https://www.india.com/business/ratan-tatas-tcs-gets-21-acres-land-only-for-99-paisa-in-andhra-pradesh-not-gujarat-up-karnataka-assam-it-firm-will-invest-rs-13700000000-in-it-campus-7758425/,india.com,2025-04-16T13:00:00+05:30,2025-04-16,gdelt_gkg_observation,DIRECTLY_RELEVANT,"TCS Q4/FY25 earnings, revenue growth, order book, deal wins, hiring, leadership, or dividend."
20250416073000-1278,TCS.NS,"Meet man who quit high-paying job at Ratan Tata's TCS to become farmer, now has annual turnover of Rs..., his business is...",https://www.india.com/business/meet-man-who-quit-high-paying-job-at-ratan-tatas-tcs-to-become-farmer-now-has-annual-turnover-of-rs-30-lakh-his-business-is-organic-moringa-farming-7758508/,https://www.india.com/business/meet-man-who-quit-high-paying-job-at-ratan-tatas-tcs-to-become-farmer-now-has-annual-turnover-of-rs-30-lakh-his-business-is-organic-moringa-farming-7758508/,india.com,2025-04-16T13:00:00+05:30,2025-04-16,gdelt_gkg_observation,DIRECTLY_RELEVANT,"TCS Q4/FY25 earnings, revenue growth, order book, deal wins, hiring, leadership, or dividend."
20250416080000-873,TCS.NS,TCS gets 21-acre Vizag plot for 99 paise as Andhra government signals big IT push,https://www.businesstoday.in/technology/news/story/tcs-gets-21-acre-vizag-plot-for-99-paise-as-andhra-government-signals-big-it-push-472222-2025-04-16,https://www.businesstoday.in/technology/news/story/tcs-gets-21-acre-vizag-plot-for-99-paise-as-andhra-government-signals-big-it-push-472222-2025-04-16,businesstoday.in,2025-04-16T13:30:00+05:30,2025-04-16,gdelt_gkg_observation,DIRECTLY_RELEVANT,"TCS Q4/FY25 earnings, revenue growth, order book, deal wins, hiring, leadership, or dividend."
20250416081500-757,TCS.NS,TCS becomes the world's second-biggest IT services company: Read CEO K Krithivasan ... note to employees,https://timesofindia.indiatimes.com/technology/tech-news/tcs-becomes-the-worlds-second-biggest-it-services-company-read-ceo-k-krithivasan-note-to-employees/articleshow/120336780.cms,https://timesofindia.indiatimes.com/technology/tech-news/tcs-becomes-the-worlds-second-biggest-it-services-company-read-ceo-k-krithivasan-note-to-employees/articleshow/120336780.cms,indiatimes.com,2025-04-16T13:45:00+05:30,2025-04-16,gdelt_gkg_observation,DIRECTLY_RELEVANT,"TCS Q4/FY25 earnings, revenue growth, order book, deal wins, hiring, leadership, or dividend."
20250416093000-T1610,TCS.NS,"सिर्फ 99 पैसे में मिली TCS को 21.16 एकड़ जमीन, जानिए पूरी डील - tcs got 21 16 acres of land for just 99 paise know the whole deal",https://www.punjabkesari.in/business/news/tcs-got-21-16-acres-of-land-for-just-99-paise-know-the-whole-deal-2136570,https://www.punjabkesari.in/business/news/tcs-got-21-16-acres-of-land-for-just-99-paise-know-the-whole-deal-2136570,punjabkesari.in,2025-04-16T15:00:00+05:30,2025-04-16,gdelt_gkg_observation,DIRECTLY_RELEVANT,"TCS Q4/FY25 earnings, revenue growth, order book, deal wins, hiring, leadership, or dividend."
20250416100000-740,TCS.NS,"TCS Gets Vizag Land For 99 Paise, AP Eyes Global Tech Hub",https://www.freepressjournal.in/business/tcs-gets-vizag-land-for-99-paise-ap-eyes-global-tech-hub,https://www.freepressjournal.in/business/tcs-gets-vizag-land-for-99-paise-ap-eyes-global-tech-hub,freepressjournal.in,2025-04-16T15:30:00+05:30,2025-04-17,gdelt_gkg_observation,DIRECTLY_RELEVANT,"TCS Q4/FY25 earnings, revenue growth, order book, deal wins, hiring, leadership, or dividend."
20250416121500-298,TCS.NS,"Infosys Q4 results - Wipro, TCS Q4 results out; will Infosys surprise stock market on Thursday, April 17? - Wipro, TCS Q4 results out; will Infosys surprise stock market on Thursday, April 17? BusinessToday",https://www.businesstoday.in/markets/stocks/story/wipro-tcs-q4-results-out-will-infosys-surprise-stock-market-on-thursday-april-17-472294-2025-04-16,https://www.businesstoday.in/markets/stocks/story/wipro-tcs-q4-results-out-will-infosys-surprise-stock-market-on-thursday-april-17-472294-2025-04-16,businesstoday.in,2025-04-16T17:45:00+05:30,2025-04-17,gdelt_gkg_observation,DIRECTLY_RELEVANT,"TCS Q4/FY25 earnings, revenue growth, order book, deal wins, hiring, leadership, or dividend."
20250416210000-1690,TCS.NS,TCS to Become Game Changer in AP's IT Sector,https://www.deccanchronicle.com/southern-states/andhra-pradesh/tcs-to-become-game-changer-in-aps-it-sector-1873281,https://www.deccanchronicle.com/southern-states/andhra-pradesh/tcs-to-become-game-changer-in-aps-it-sector-1873281,deccanchronicle.com,2025-04-17T02:30:00+05:30,2025-04-17,gdelt_gkg_observation,DIRECTLY_RELEVANT,"TCS Q4/FY25 earnings, revenue growth, order book, deal wins, hiring, leadership, or dividend."
20250417070000-815,TCS.NS,"Wipro, Infosys, TCS, HCL Tech: IT Shares Fall Up To 5.6% Amid Weak Q4 Earnings",https://www.news18.com/business/markets/wipro-infosys-tcs-hcl-tech-it-shares-fall-up-to-5-6-amid-weak-q4-earnings-9302382.html,https://www.news18.com/business/markets/wipro-infosys-tcs-hcl-tech-it-shares-fall-up-to-5-6-amid-weak-q4-earnings-9302382.html,news18.com,2025-04-17T12:30:00+05:30,2025-04-17,gdelt_gkg_observation,DIRECTLY_RELEVANT,"TCS Q4/FY25 earnings, revenue growth, order book, deal wins, hiring, leadership, or dividend."
20250417111500-623,TCS.NS,"TCS under fire in US for being 'biased' towards Indian staff, laying off Americans; IT major calls claims 'meritless'",https://www.livemint.com/companies/news/tcs-under-fire-in-us-for-being-biased-towards-indian-staff-laying-off-americans-it-major-calls-claims-meritless-11744884840100.html,https://www.livemint.com/companies/news/tcs-under-fire-in-us-for-being-biased-towards-indian-staff-laying-off-americans-it-major-calls-claims-meritless-11744884840100.html,livemint.com,2025-04-17T16:45:00+05:30,2025-04-21,gdelt_gkg_observation,DIRECTLY_RELEVANT,"TCS Q4/FY25 earnings, revenue growth, order book, deal wins, hiring, leadership, or dividend."
20250417144500-1138,TCS.NS,TCS partners with Vishal Sikka's AI firm Vianai Systems,https://www.thestatesman.com/business/tcs-partners-with-vishal-sikkas-ai-firm-vianai-systems-1503421563.html,https://www.thestatesman.com/business/tcs-partners-with-vishal-sikkas-ai-firm-vianai-systems-1503421563.html,thestatesman.com,2025-04-17T20:15:00+05:30,2025-04-21,gdelt_gkg_observation,DIRECTLY_RELEVANT,"TCS Q4/FY25 earnings, revenue growth, order book, deal wins, hiring, leadership, or dividend."
20250417144500-221,TCS.NS,TCS to collaborate with Vianai for real-time business insights with conversational AI,https://www.thehindubusinessline.com/info-tech/tcs-to-collaborate-with-vianai-for-real-time-business-insights-with-conversational-ai/article69460586.ece,https://www.thehindubusinessline.com/info-tech/tcs-to-collaborate-with-vianai-for-real-time-business-insights-with-conversational-ai/article69460586.ece,thehindubusinessline.com,2025-04-17T20:15:00+05:30,2025-04-21,gdelt_gkg_observation,DIRECTLY_RELEVANT,"TCS Q4/FY25 earnings, revenue growth, order book, deal wins, hiring, leadership, or dividend."
20250417150000-561,TCS.NS,"TCS, Vishal Sikka's Vianai Systems tie up to bring GenAI tools to boardrooms",https://economictimes.indiatimes.com/tech/information-tech/tcs-vishal-sikkas-vianai-systems-tie-up-to-bring-genai-tools-to-boardrooms/articleshow/120384321.cms,https://economictimes.indiatimes.com/tech/information-tech/tcs-vishal-sikkas-vianai-systems-tie-up-to-bring-genai-tools-to-boardrooms/articleshow/120384321.cms,indiatimes.com,2025-04-17T20:30:00+05:30,2025-04-21,gdelt_gkg_observation,DIRECTLY_RELEVANT,"TCS Q4/FY25 earnings, revenue growth, order book, deal wins, hiring, leadership, or dividend."
20250417164500-1727,TCS.NS,"TCS, Infosys, Wipro add over 13,500 employees in FY25, reversing last year's decline",https://www.moneycontrol.com/news/business/tcs-infosys-wipro-add-over-13-500-employees-in-fy25-reversing-last-fiscal-s-decline-12997832.html,https://www.moneycontrol.com/news/business/tcs-infosys-wipro-add-over-13-500-employees-in-fy25-reversing-last-fiscal-s-decline-12997832.html,moneycontrol.com,2025-04-17T22:15:00+05:30,2025-04-21,gdelt_gkg_observation,DIRECTLY_RELEVANT,"TCS Q4/FY25 earnings, revenue growth, order book, deal wins, hiring, leadership, or dividend."
20250417164500-247,TCS.NS,"TCS, Infosys, Wipro's hiring: Top IT firms hire 13,500 in FY25; Infosys leads on wage hikes - TCS, Infosys, Wipro's hiring: Top IT firms hire 13,500 in FY25; Infosys leads on wage hikes BusinessToday",https://www.businesstoday.in/latest/corporate/story/tcs-infosys-wipros-hiring-top-it-firms-hire-13500-in-fy25-infosys-leads-on-wage-hikes-472491-2025-04-17,https://www.businesstoday.in/latest/corporate/story/tcs-infosys-wipros-hiring-top-it-firms-hire-13500-in-fy25-infosys-leads-on-wage-hikes-472491-2025-04-17,businesstoday.in,2025-04-17T22:15:00+05:30,2025-04-21,gdelt_gkg_observation,DIRECTLY_RELEVANT,"TCS Q4/FY25 earnings, revenue growth, order book, deal wins, hiring, leadership, or dividend."
20250417180000-1913,TCS.NS,"US probes discrimination claims against India's TCS, workers allege bias towards Indian staff holding H-1B visas - World News",https://www.financialexpress.com/world-news/us-probes-discrimination-claims-against-indias-tcs-workers-allege-bias-towards-indian-staff/3813204/,https://www.financialexpress.com/world-news/us-probes-discrimination-claims-against-indias-tcs-workers-allege-bias-towards-indian-staff/3813204/,financialexpress.com,2025-04-17T23:30:00+05:30,2025-04-21,gdelt_gkg_observation,DIRECTLY_RELEVANT,"TCS Q4/FY25 earnings, revenue growth, order book, deal wins, hiring, leadership, or dividend."
20250417184500-1622,TCS.NS,TCS and Vianai reimagine future of Decision Intelligence with Conversational AI | Central India's Premier English Daily,https://www.centralchronicle.com/tcs-and-vianai-reimagine-future-of-decision-intelligence-with-conversational-ai/,https://www.centralchronicle.com/tcs-and-vianai-reimagine-future-of-decision-intelligence-with-conversational-ai/,centralchronicle.com,2025-04-18T00:15:00+05:30,2025-04-21,gdelt_gkg_observation,DIRECTLY_RELEVANT,"TCS Q4/FY25 earnings, revenue growth, order book, deal wins, hiring, leadership, or dividend."
20250418031500-368,TCS.NS,TCS Partners With Vishal Sikka's Vianai To Bring Conversational AI To Enterprise Decision-making,https://www.businessworld.in/article/tcs-partners-with-vishal-sikkas-vianai-to-bring-conversational-ai-to-enterprise-decision-making-554071,https://www.businessworld.in/article/tcs-partners-with-vishal-sikkas-vianai-to-bring-conversational-ai-to-enterprise-decision-making-554071,businessworld.in,2025-04-18T08:45:00+05:30,2025-04-21,gdelt_gkg_observation,DIRECTLY_RELEVANT,"TCS Q4/FY25 earnings, revenue growth, order book, deal wins, hiring, leadership, or dividend."
20250418031500-T712,TCS.NS,"TCS, Infosys और Wipro की कमजोरी से IT सेक्टर धराशायी, Nifty IT का 17 साल में सबसे कमजोर प्रदर्शन - tcs infosys drag nifty it to worst performance since 2008",https://hindi.business-standard.com/markets/tcs-infosys-drag-nifty-it-to-worst-performance-since-2008-id-431555,https://hindi.business-standard.com/markets/tcs-infosys-drag-nifty-it-to-worst-performance-since-2008-id-431555,business-standard.com,2025-04-18T08:45:00+05:30,2025-04-21,gdelt_gkg_observation,DIRECTLY_RELEVANT,"TCS Q4/FY25 earnings, revenue growth, order book, deal wins, hiring, leadership, or dividend."
20250418034500-648,TCS.NS,"""Misleading"": TCS Denies Bias Towards Indian Staff In US During Layoffs",https://www.ndtv.com/world-news/misleading-tcs-denies-bias-towards-indian-staff-in-us-during-layoffs-8192845,https://www.ndtv.com/world-news/misleading-tcs-denies-bias-towards-indian-staff-in-us-during-layoffs-8192845,ndtv.com,2025-04-18T09:15:00+05:30,2025-04-21,gdelt_gkg_observation,DIRECTLY_RELEVANT,"TCS Q4/FY25 earnings, revenue growth, order book, deal wins, hiring, leadership, or dividend."
20250418043000-572,TCS.NS,TCS vs Infosys vs Wipro Q4 results: What IT sector Q4 earnings signal? What should investors do?,https://www.livemint.com/market/stock-market-news/tcs-vs-infosys-vs-wipro-q4-results-what-it-sector-q4-earnings-signal-what-should-investors-do-11744942880896.html,https://www.livemint.com/market/stock-market-news/tcs-vs-infosys-vs-wipro-q4-results-what-it-sector-q4-earnings-signal-what-should-investors-do-11744942880896.html,livemint.com,2025-04-18T10:00:00+05:30,2025-04-21,gdelt_gkg_observation,DIRECTLY_RELEVANT,"TCS Q4/FY25 earnings, revenue growth, order book, deal wins, hiring, leadership, or dividend."
20250418043000-735,TCS.NS,From Infosys to TCS: Are IT companies in a downturn? Are IT jobs in danger? Zoho CEO Sridhar Vembu says...,https://www.livemint.com/companies/people/from-infosys-to-tcs-are-it-companies-in-a-downturn-are-it-jobs-in-danger-zoho-ceo-sridhar-vembu-says-11744940660866.html,https://www.livemint.com/companies/people/from-infosys-to-tcs-are-it-companies-in-a-downturn-are-it-jobs-in-danger-zoho-ceo-sridhar-vembu-says-11744940660866.html,livemint.com,2025-04-18T10:00:00+05:30,2025-04-21,gdelt_gkg_observation,DIRECTLY_RELEVANT,"TCS Q4/FY25 earnings, revenue growth, order book, deal wins, hiring, leadership, or dividend."
20250418061500-71,TCS.NS,"TCS denies bias towards H-1B workers during layoffs in US, calls charges 'misleading'",https://www.hindustantimes.com/world-news/us-news/tcs-denies-bias-towards-h-1b-workers-during-layoffs-in-us-calls-charges-misleading-101744948825618.html,https://www.hindustantimes.com/world-news/us-news/tcs-denies-bias-towards-h-1b-workers-during-layoffs-in-us-calls-charges-misleading-101744948825618.html,hindustantimes.com,2025-04-18T11:45:00+05:30,2025-04-21,gdelt_gkg_observation,DIRECTLY_RELEVANT,"TCS Q4/FY25 earnings, revenue growth, order book, deal wins, hiring, leadership, or dividend."
20250418061500-818,TCS.NS,TCS Faces Probe In US For Alleged Discrimination In Layoffs Against Americans; Company Responds,https://www.news18.com/business/tcs-faces-probe-in-us-for-alleged-discrimination-in-layoffs-against-americans-company-responds-9303971.html,https://www.news18.com/business/tcs-faces-probe-in-us-for-alleged-discrimination-in-layoffs-against-americans-company-responds-9303971.html,news18.com,2025-04-18T11:45:00+05:30,2025-04-21,gdelt_gkg_observation,DIRECTLY_RELEVANT,"TCS Q4/FY25 earnings, revenue growth, order book, deal wins, hiring, leadership, or dividend."
20250418080000-605,TCS.NS,"From TCS To Infosys, Why Are IT Firms Facing Earnings Pressure? Zoho's Sridhar Vembu Says...",https://www.news18.com/business/from-tcs-to-infosys-why-are-it-firms-facing-earnings-pressure-zohos-sridhar-vembu-says-9304031.html,https://www.news18.com/business/from-tcs-to-infosys-why-are-it-firms-facing-earnings-pressure-zohos-sridhar-vembu-says-9304031.html,news18.com,2025-04-18T13:30:00+05:30,2025-04-21,gdelt_gkg_observation,DIRECTLY_RELEVANT,"TCS Q4/FY25 earnings, revenue growth, order book, deal wins, hiring, leadership, or dividend."
20250418084500-137,TCS.NS,TCS Accused of Favoring Indian Employees Amid US Workforce Cuts!,https://www.sakshipost.com/news/national/tcs-accused-favoring-indian-employees-amid-us-workforce-cuts-398951,https://www.sakshipost.com/news/national/tcs-accused-favoring-indian-employees-amid-us-workforce-cuts-398951,sakshipost.com,2025-04-18T14:15:00+05:30,2025-04-21,gdelt_gkg_observation,DIRECTLY_RELEVANT,"TCS Q4/FY25 earnings, revenue growth, order book, deal wins, hiring, leadership, or dividend."
20250418084500-432,TCS.NS,Dozens accuse TCS of favoring Indian workers over older US employees; company says allegations 'misleading',https://timesofindia.indiatimes.com/business/india-business/dozens-accuse-tcs-of-favoring-indian-workers-over-older-us-employees-company-says-allegations-misleading/articleshow/120402881.cms,https://timesofindia.indiatimes.com/business/india-business/dozens-accuse-tcs-of-favoring-indian-workers-over-older-us-employees-company-says-allegations-misleading/articleshow/120402881.cms,indiatimes.com,2025-04-18T14:15:00+05:30,2025-04-21,gdelt_gkg_observation,DIRECTLY_RELEVANT,"TCS Q4/FY25 earnings, revenue growth, order book, deal wins, hiring, leadership, or dividend."
20250418104500-49,TCS.NS,"TCS vs Infosys vs Wipro: What Q4 results, guidance & commentaries signal - TCS vs Infosys vs Wipro: What Q4 results, guidance & commentaries signal BusinessToday",https://www.businesstoday.in/markets/stocks/story/tcs-vs-infosys-vs-wipro-what-weak-q4-results-guidance-commentaries-signal-472533-2025-04-18,https://www.businesstoday.in/markets/stocks/story/tcs-vs-infosys-vs-wipro-what-weak-q4-results-guidance-commentaries-signal-472533-2025-04-18,businesstoday.in,2025-04-18T16:15:00+05:30,2025-04-21,gdelt_gkg_observation,DIRECTLY_RELEVANT,"TCS Q4/FY25 earnings, revenue growth, order book, deal wins, hiring, leadership, or dividend."
20250418104500-T91,TCS.NS,"HDFC Bank Market Value; Airtel Reliance | LIC SBI TCS Market Cap 2025 | इस हफ्ते टॉप-10 कंपनियों की वैल्यू ₹3.84 लाख करोड़ बढ़ी: HDFC बैंक टॉप गेनर, इसका मार्केट कैप ₹76,484 करोड़ बढ़कर ₹14.59 करोड़",https://www.bhaskar.com/business/news/hdfc-bank-market-value-airtel-reliance-lic-sbi-tcs-market-cap-2025-134861800.html,https://www.bhaskar.com/business/news/hdfc-bank-market-value-airtel-reliance-lic-sbi-tcs-market-cap-2025-134861800.html,bhaskar.com,2025-04-18T16:15:00+05:30,2025-04-21,gdelt_gkg_observation,DIRECTLY_RELEVANT,"TCS Q4/FY25 earnings, revenue growth, order book, deal wins, hiring, leadership, or dividend."
20250418120000-337,TCS.NS,Infosys Vs Wipro Vs TCS: How did tech majors perform in Q4FY25? A look at key signals for FY26,https://www.financialexpress.com/business/industry-infosys-vs-wipro-vs-tcs-how-did-tech-majors-perform-in-q4fy25-a-look-at-key-signals-for-fy26-3813920/,https://www.financialexpress.com/business/industry-infosys-vs-wipro-vs-tcs-how-did-tech-majors-perform-in-q4fy25-a-look-at-key-signals-for-fy26-3813920/,financialexpress.com,2025-04-18T17:30:00+05:30,2025-04-21,gdelt_gkg_observation,DIRECTLY_RELEVANT,"TCS Q4/FY25 earnings, revenue growth, order book, deal wins, hiring, leadership, or dividend."
20250418180000-1411,TCS.NS,TCS vs Infosys vs Wipro: How many freshers are IT majors hiring in FY26? Job outlook for upcoming year explained,https://www.livemint.com/companies/news/tcs-vs-infosys-vs-wipro-how-many-freshers-are-it-majors-hiring-in-fy26-job-outlook-for-upcoming-year-explained-11744989746165.html,https://www.livemint.com/companies/news/tcs-vs-infosys-vs-wipro-how-many-freshers-are-it-majors-hiring-in-fy26-job-outlook-for-upcoming-year-explained-11744989746165.html,livemint.com,2025-04-18T23:30:00+05:30,2025-04-21,gdelt_gkg_observation,DIRECTLY_RELEVANT,"TCS Q4/FY25 earnings, revenue growth, order book, deal wins, hiring, leadership, or dividend."
20250419030000-672,TCS.NS,"Meet Tata Group Chairman N Chandrasekaran, who was once intern in TCS, now owns Rs 98 crore home near Mukesh Ambani's Antilia; Know about his bond with Ratan Tata, salary and...",https://www.dnaindia.com/business/report-meet-tata-group-chairman-n-chandrasekaran-who-was-once-intern-in-tcs-now-owns-rs-98-crore-home-near-mukesh-ambani-s-antilia-know-about-his-bond-with-ratan-tata-salary-and-3146404,https://www.dnaindia.com/business/report-meet-tata-group-chairman-n-chandrasekaran-who-was-once-intern-in-tcs-now-owns-rs-98-crore-home-near-mukesh-ambani-s-antilia-know-about-his-bond-with-ratan-tata-salary-and-3146404,dnaindia.com,2025-04-19T08:30:00+05:30,2025-04-21,gdelt_gkg_observation,DIRECTLY_RELEVANT,"TCS Q4/FY25 earnings, revenue growth, order book, deal wins, hiring, leadership, or dividend."
20250419054500-132,TCS.NS,"Techies hired and fired: TCS, Infosys, Wipro add 1,400 jobs, but trade turmoil keeps IT headcount in check",https://economictimes.indiatimes.com/jobs/hr-policies-trends/techies-hired-and-fired-tcs-infosys-wipro-add-1400-jobs-but-trade-turmoil-keeps-it-headcount-in-check/articleshow/120424294.cms,https://economictimes.indiatimes.com/jobs/hr-policies-trends/techies-hired-and-fired-tcs-infosys-wipro-add-1400-jobs-but-trade-turmoil-keeps-it-headcount-in-check/articleshow/120424294.cms,indiatimes.com,2025-04-19T11:15:00+05:30,2025-04-21,gdelt_gkg_observation,DIRECTLY_RELEVANT,"TCS Q4/FY25 earnings, revenue growth, order book, deal wins, hiring, leadership, or dividend."
20250419130000-683,TCS.NS,"Case Filed Against TCS For Firing Americans Instead Of H1b Visa Holders - Trak.in - Indian Business of Tech, Mobile & Startups",https://trak.in/stories/case-filed-against-tcs-for-firing-americans-instead-of-h1b-visa-holders/,https://trak.in/stories/case-filed-against-tcs-for-firing-americans-instead-of-h1b-visa-holders/,trak.in,2025-04-19T18:30:00+05:30,2025-04-21,gdelt_gkg_observation,DIRECTLY_RELEVANT,"TCS Q4/FY25 earnings, revenue growth, order book, deal wins, hiring, leadership, or dividend."
20250419130000-228,TCS.NS,"Infosys Fastest In Salary Hike; 13,553 Techies Hired By TCS, Infosys, Wipro - Trak.in - Indian Business of Tech, Mobile & Startups",https://trak.in/stories/infosys-fastest-in-salary-hike-13553-techies-hired-by-tcs-infosys-wipro/,https://trak.in/stories/infosys-fastest-in-salary-hike-13553-techies-hired-by-tcs-infosys-wipro/,trak.in,2025-04-19T18:30:00+05:30,2025-04-21,gdelt_gkg_observation,DIRECTLY_RELEVANT,"TCS Q4/FY25 earnings, revenue growth, order book, deal wins, hiring, leadership, or dividend."
20250420063000-127,TCS.NS,"Meet Indian man whose salary increased around 14% to over Rs 70 crore, doesn't work for Narayana Murthy's Infosys, TCS, Reliance, is CEO of...",https://www.dnaindia.com/business/report-meet-indian-man-whose-salary-increased-around-14-to-over-rs-70-crore-doesn-t-work-for-narayana-murthy-s-infosys-tcs-reliance-is-ceo-of-cognizant-ravi-kumar-3146642,https://www.dnaindia.com/business/report-meet-indian-man-whose-salary-increased-around-14-to-over-rs-70-crore-doesn-t-work-for-narayana-murthy-s-infosys-tcs-reliance-is-ceo-of-cognizant-ravi-kumar-3146642,dnaindia.com,2025-04-20T12:00:00+05:30,2025-04-21,gdelt_gkg_observation,DIRECTLY_RELEVANT,"TCS Q4/FY25 earnings, revenue growth, order book, deal wins, hiring, leadership, or dividend."
20250420071500-T1716,TCS.NS,"Reliance Vs Tcs Market Cap,HDFC Bank को TCS से तीन गुना फायदा, कैसा रहा मुकेश अंबानी की रिलायंस इंडस्ट्रीज का हाल? - market cap of 10 top companies jumps 3.84 lakh crore hdfc and airtel biggest gainers",https://navbharattimes.indiatimes.com/business/business-news/market-cap-of-10-top-companies-jumps-3-84-lakh-crore-hdfc-and-airtel-biggest-gainers/articleshow/120450385.cms,https://navbharattimes.indiatimes.com/business/business-news/market-cap-of-10-top-companies-jumps-3-84-lakh-crore-hdfc-and-airtel-biggest-gainers/articleshow/120450385.cms,indiatimes.com,2025-04-20T12:45:00+05:30,2025-04-21,gdelt_gkg_observation,DIRECTLY_RELEVANT,"TCS Q4/FY25 earnings, revenue growth, order book, deal wins, hiring, leadership, or dividend."
20250420081500-595,TCS.NS,"After TCS , Wipro Is Undecided On Salary Hikes For 2025 - Trak.in - Indian Business of Tech, Mobile & Startups",https://trak.in/stories/after-tcs-wipro-is-undecided-on-salary-hikes-for-2025/,https://trak.in/stories/after-tcs-wipro-is-undecided-on-salary-hikes-for-2025/,trak.in,2025-04-20T13:45:00+05:30,2025-04-21,gdelt_gkg_observation,DIRECTLY_RELEVANT,"TCS Q4/FY25 earnings, revenue growth, order book, deal wins, hiring, leadership, or dividend."
20250420104500-430,TCS.NS,"Bad news for employees of this company as many to be sacked due to..., not Google, Ratan Tata's TCS, Narayana Murthy's Infosys, Microsoft, name is..",https://www.dnaindia.com/business/report-bad-news-employees-of-this-company-ibm-many-to-be-sacked-due-to-not-google-ratan-tata-tcs-narayana-murthy-infosys-microsoft-name-is-3146681,https://www.dnaindia.com/business/report-bad-news-employees-of-this-company-ibm-many-to-be-sacked-due-to-not-google-ratan-tata-tcs-narayana-murthy-infosys-microsoft-name-is-3146681,dnaindia.com,2025-04-20T16:15:00+05:30,2025-04-21,gdelt_gkg_observation,DIRECTLY_RELEVANT,"TCS Q4/FY25 earnings, revenue growth, order book, deal wins, hiring, leadership, or dividend."
20250420123000-687,TCS.NS,Bad news for Ratan Tata's TCS as IT giant faces accusation of favouring Indian workers over...,https://www.india.com/business/bad-news-for-ratan-tatas-tcs-as-it-giant-faces-accusation-of-favouring-indian-workers-over-us-employees-7767047/,https://www.india.com/business/bad-news-for-ratan-tatas-tcs-as-it-giant-faces-accusation-of-favouring-indian-workers-over-us-employees-7767047/,india.com,2025-04-20T18:00:00+05:30,2025-04-21,gdelt_gkg_observation,DIRECTLY_RELEVANT,"TCS Q4/FY25 earnings, revenue growth, order book, deal wins, hiring, leadership, or dividend."
20250420151500-T1274,TCS.NS,"Dividend Alert: HDFC Bank, Infosys, TCS समेत 10 बड़ी कंपनियां घोषित कर चुकी हैं फाइनल डिविडेंड, चेक करें रिकॉर्ड डेट",https://hindi.moneycontrol.com/news/markets/10-companies-including-hdfc-bank-tcs-infosys-swaraj-engines-hdfc-amc-declared-final-dividend-for-fy25-check-record-date-1971815.html,https://hindi.moneycontrol.com/news/markets/10-companies-including-hdfc-bank-tcs-infosys-swaraj-engines-hdfc-amc-declared-final-dividend-for-fy25-check-record-date-1971815.html,moneycontrol.com,2025-04-20T20:45:00+05:30,2025-04-21,gdelt_gkg_observation,DIRECTLY_RELEVANT,"TCS Q4/FY25 earnings, revenue growth, order book, deal wins, hiring, leadership, or dividend."
20250420154500-382,TCS.NS,"TCS, Infosys, Wipro witness 15% QoQ uptick in deal win size, led by smaller deals",https://www.thehindubusinessline.com/info-tech/tcs-infosys-wipro-witness-15-qoq-uptick-in-deal-win-size-led-by-smaller-deals/article69471085.ece,https://www.thehindubusinessline.com/info-tech/tcs-infosys-wipro-witness-15-qoq-uptick-in-deal-win-size-led-by-smaller-deals/article69471085.ece,thehindubusinessline.com,2025-04-20T21:15:00+05:30,2025-04-21,gdelt_gkg_observation,DIRECTLY_RELEVANT,"TCS Q4/FY25 earnings, revenue growth, order book, deal wins, hiring, leadership, or dividend."
20250420171500-482,TCS.NS,Ratan Tata's TCS earns Rs 24114 crore in just 72 hours amid delay in annual salary hikes,https://www.dnaindia.com/business/report-ratan-tata-tcs-earns-rs-24114-crore-in-just-72-hours-amid-delay-in-annual-salary-hikes-3146778,https://www.dnaindia.com/business/report-ratan-tata-tcs-earns-rs-24114-crore-in-just-72-hours-amid-delay-in-annual-salary-hikes-3146778,dnaindia.com,2025-04-20T22:45:00+05:30,2025-04-21,gdelt_gkg_observation,DIRECTLY_RELEVANT,"TCS Q4/FY25 earnings, revenue growth, order book, deal wins, hiring, leadership, or dividend."
20250421023000-T1028,TCS.NS,"Upcoming Q4 Results: TCS, Infosys के बाद 100 से ज्यादा कंपनियां जारी करेंगी तिमाही नतीजे, जानिए किस दिन कौन पेश करेगा रिपोर्ट - q4 earnings calendar 2025 more than 100 companies to announce results",https://hindi.business-standard.com/companies/q4-earnings-calendar-2025-more-than-100-companies-to-announce-results-id-432134,https://hindi.business-standard.com/companies/q4-earnings-calendar-2025-more-than-100-companies-to-announce-results-id-432134,business-standard.com,2025-04-21T08:00:00+05:30,2025-04-21,gdelt_gkg_observation,DIRECTLY_RELEVANT,"TCS Q4/FY25 earnings, revenue growth, order book, deal wins, hiring, leadership, or dividend."
20250421041500-2,TCS.NS,"Stocks to Watch Today: Infosys, ICICI Bank, HDFC Bank, HDFC Life, NIIT, ABB India, Tata Elxsi, Just Dial, TCS in focus on 21 April",https://www.moneycontrol.com/news/business/markets/stocks-to-watch-today-infosys-icici-bank-hdfc-bank-hdfc-life-niit-abb-india-tata-elxsi-just-dial-tcs-in-focus-on-21-april-12999043.html,https://www.moneycontrol.com/news/business/markets/stocks-to-watch-today-infosys-icici-bank-hdfc-bank-hdfc-life-niit-abb-india-tata-elxsi-just-dial-tcs-in-focus-on-21-april-12999043.html,moneycontrol.com,2025-04-21T09:45:00+05:30,2025-04-21,gdelt_gkg_observation,DIRECTLY_RELEVANT,"TCS Q4/FY25 earnings, revenue growth, order book, deal wins, hiring, leadership, or dividend."
20250421073000-223,TCS.NS,"Bad news for employees of this company as it ends 'work from home' policy, not Narayana Murthy's Infosys, Ratan Tata's TCS, name is...",https://www.india.com/business/bad-news-for-employees-of-this-company-as-it-ends-work-from-home-policy-not-narayana-murthys-infosys-ratan-tatas-tcs-name-is-flipkart-7768132/,https://www.india.com/business/bad-news-for-employees-of-this-company-as-it-ends-work-from-home-policy-not-narayana-murthys-infosys-ratan-tatas-tcs-name-is-flipkart-7768132/,india.com,2025-04-21T13:00:00+05:30,2025-04-21,gdelt_gkg_observation,DIRECTLY_RELEVANT,"TCS Q4/FY25 earnings, revenue growth, order book, deal wins, hiring, leadership, or dividend."
20250421080000-T1559,TCS.NS,"Tata Group News,टाटा ग्रुप के लिए TCS नहीं रही 'दुधारू गाय'! 16 साल के लो पर पहुंची कंपनी की हिस्सेदारी - tcs share in tata group market cap hits a 16 year low",https://navbharattimes.indiatimes.com/business/share-market/share-news/tcs-share-in-tata-group-market-cap-hits-a-16-year-low/articleshow/120476275.cms,https://navbharattimes.indiatimes.com/business/share-market/share-news/tcs-share-in-tata-group-market-cap-hits-a-16-year-low/articleshow/120476275.cms,indiatimes.com,2025-04-21T13:30:00+05:30,2025-04-21,gdelt_gkg_observation,DIRECTLY_RELEVANT,"TCS Q4/FY25 earnings, revenue growth, order book, deal wins, hiring, leadership, or dividend."
20250421121500-586,TCS.NS,TCS Deal A Cover-Up For Massive Scam Brewing in Vizag?,https://www.sakshipost.com/news/andhrapradesh/tcs-deal-cover-massive-scam-brewing-vizag-399876,https://www.sakshipost.com/news/andhrapradesh/tcs-deal-cover-massive-scam-brewing-vizag-399876,sakshipost.com,2025-04-21T17:45:00+05:30,2025-04-22,gdelt_gkg_observation,DIRECTLY_RELEVANT,"TCS Q4/FY25 earnings, revenue growth, order book, deal wins, hiring, leadership, or dividend."
20250421131500-772,TCS.NS,"IT called a 'washout' after TCS, Wipro and Infosys results: Zoho CEO Sridhar Vembu responds",https://timesofindia.indiatimes.com/technology/social/it-called-a-washout-after-tcs-wipro-and-infosys-results-zoho-ceo-sridhar-vembu-responds/articleshow/120486676.cms,https://timesofindia.indiatimes.com/technology/social/it-called-a-washout-after-tcs-wipro-and-infosys-results-zoho-ceo-sridhar-vembu-responds/articleshow/120486676.cms,indiatimes.com,2025-04-21T18:45:00+05:30,2025-04-22,gdelt_gkg_observation,DIRECTLY_RELEVANT,"TCS Q4/FY25 earnings, revenue growth, order book, deal wins, hiring, leadership, or dividend."
20250421141500-1002,TCS.NS,"Infosys vs TCS vs Wipro: Amid Trump's tariff flair, which IT stock is racing ahead after Q4 results 2025?",https://www.livemint.com/market/stock-market-news/infosys-vs-tcs-vs-wipro-amid-trumps-tariff-flair-which-it-stock-is-racing-ahead-after-q4-results-2025-11745238022383.html,https://www.livemint.com/market/stock-market-news/infosys-vs-tcs-vs-wipro-amid-trumps-tariff-flair-which-it-stock-is-racing-ahead-after-q4-results-2025-11745238022383.html,livemint.com,2025-04-21T19:45:00+05:30,2025-04-22,gdelt_gkg_observation,DIRECTLY_RELEVANT,"TCS Q4/FY25 earnings, revenue growth, order book, deal wins, hiring, leadership, or dividend."
20250422050000-18,TCS.NS,"Infosys, Wipro, TCS: Ahead of HCL Tech Q4 results, Emkay says sell IT stocks on rise - Infosys, Wipro, TCS: Ahead of HCL Tech Q4 results, Emkay says sell IT stocks on rise BusinessToday",https://www.businesstoday.in/markets/stocks/story/infosys-wipro-tcs-ahead-of-hcl-tech-q4-results-emkay-says-sell-it-stocks-on-rise-472960-2025-04-22,https://www.businesstoday.in/markets/stocks/story/infosys-wipro-tcs-ahead-of-hcl-tech-q4-results-emkay-says-sell-it-stocks-on-rise-472960-2025-04-22,businesstoday.in,2025-04-22T10:30:00+05:30,2025-04-22,gdelt_gkg_observation,DIRECTLY_RELEVANT,"TCS Q4/FY25 earnings, revenue growth, order book, deal wins, hiring, leadership, or dividend."
20250422061500-30,TCS.NS,"Big jolt to employees of this company as it ends 'work from home' facility due to..., not Narayana Murthy's Infosys, Google, Wipro, Ratan Tata's TCS, name is...",https://www.dnaindia.com/business/report-big-jolt-to-employees-of-this-company-as-it-ends-work-from-home-facility-due-to-not-narayana-murthy-s-infosys-google-wipro-ratan-tata-s-tcs-name-is-flipkart-3147043,https://www.dnaindia.com/business/report-big-jolt-to-employees-of-this-company-as-it-ends-work-from-home-facility-due-to-not-narayana-murthy-s-infosys-google-wipro-ratan-tata-s-tcs-name-is-flipkart-3147043,dnaindia.com,2025-04-22T11:45:00+05:30,2025-04-22,gdelt_gkg_observation,DIRECTLY_RELEVANT,"TCS Q4/FY25 earnings, revenue growth, order book, deal wins, hiring, leadership, or dividend."
20250422064500-970,TCS.NS,TCS' m-cap contribution to Tata Group drops to lowest level since 2009,https://www.moneycontrol.com/news/business/markets/tcs-m-cap-contribution-to-tata-group-drops-to-lowest-level-since-2009-13000620.html,https://www.moneycontrol.com/news/business/markets/tcs-m-cap-contribution-to-tata-group-drops-to-lowest-level-since-2009-13000620.html,moneycontrol.com,2025-04-22T12:15:00+05:30,2025-04-22,gdelt_gkg_observation,DIRECTLY_RELEVANT,"TCS Q4/FY25 earnings, revenue growth, order book, deal wins, hiring, leadership, or dividend."
20250422083000-581,TCS.NS,ICICI Securities partners with TCS to upgrade its retail trading platform - ICICI Securities partners with TCS to upgrade its retail trading platform BusinessToday,https://www.businesstoday.in/markets/stocks/story/icici-securities-partners-with-tcs-to-upgrade-its-retail-trading-platform-473018-2025-04-22,https://www.businesstoday.in/markets/stocks/story/icici-securities-partners-with-tcs-to-upgrade-its-retail-trading-platform-473018-2025-04-22,businesstoday.in,2025-04-22T14:00:00+05:30,2025-04-22,gdelt_gkg_observation,DIRECTLY_RELEVANT,"TCS Q4/FY25 earnings, revenue growth, order book, deal wins, hiring, leadership, or dividend."
20250422113000-1301,TCS.NS,ICICI Securities taps TCS to revamp trading platform,https://economictimes.indiatimes.com/tech/information-tech/icici-securities-taps-tcs-to-revamp-trading-platform/articleshow/120517407.cms,https://economictimes.indiatimes.com/tech/information-tech/icici-securities-taps-tcs-to-revamp-trading-platform/articleshow/120517407.cms,indiatimes.com,2025-04-22T17:00:00+05:30,2025-04-23,gdelt_gkg_observation,DIRECTLY_RELEVANT,"TCS Q4/FY25 earnings, revenue growth, order book, deal wins, hiring, leadership, or dividend."
20250422113000-T1509,TCS.NS,"HDFC Bank becomes third Indian company to achieve Rs 15 lakh crore market cap after Reliance and TCS | HDFC बैंक का मार्केट कैप ₹15 लाख करोड़ पार: यह आंकड़ा पार करने वाली देश की तीसरी कंपनी बनी, बैंक का शेयर आज 1.71% चढ़ा",https://www.bhaskar.com/business/news/hdfc-bank-becomes-third-indian-company-to-achieve-rs-15-lakh-crore-market-cap-after-reliance-and-tcs-134886773.html,https://www.bhaskar.com/business/news/hdfc-bank-becomes-third-indian-company-to-achieve-rs-15-lakh-crore-market-cap-after-reliance-and-tcs-134886773.html,bhaskar.com,2025-04-22T17:00:00+05:30,2025-04-23,gdelt_gkg_observation,DIRECTLY_RELEVANT,"TCS Q4/FY25 earnings, revenue growth, order book, deal wins, hiring, leadership, or dividend."
20250422130000-865,TCS.NS,TCS to upgrade retail trading platform for ICICI Securities,https://www.indiainfoline.com/news/companies/tcs-to-upgrade-retail-trading-platform-for-icici-securities,https://www.indiainfoline.com/news/companies/tcs-to-upgrade-retail-trading-platform-for-icici-securities,indiainfoline.com,2025-04-22T18:30:00+05:30,2025-04-23,gdelt_gkg_observation,DIRECTLY_RELEVANT,"TCS Q4/FY25 earnings, revenue growth, order book, deal wins, hiring, leadership, or dividend."
20250422164500-T1777,TCS.NS,"HDFC Bank Becomes Third Indian Company To Achieve Rs 15 Lakh Crore Market Cap After Reliance And TCS | HDFC बँकेचे बाजार भांडवल 15 लाख कोटींच्या पुढे: हा आकडा ओलांडणारी देशातील तिसरी कंपनी बनली, बँकेचा शेअर आज 1.71% वाढला",https://divyamarathi.bhaskar.com/business/news/hdfc-bank-becomes-third-indian-company-to-achieve-rs-15-lakh-crore-market-cap-after-reliance-and-tcs-134887428.html,https://divyamarathi.bhaskar.com/business/news/hdfc-bank-becomes-third-indian-company-to-achieve-rs-15-lakh-crore-market-cap-after-reliance-and-tcs-134887428.html,bhaskar.com,2025-04-22T22:15:00+05:30,2025-04-23,gdelt_gkg_observation,DIRECTLY_RELEVANT,"TCS Q4/FY25 earnings, revenue growth, order book, deal wins, hiring, leadership, or dividend."
20250422170000-397,TCS.NS,Andhra Pradesh: YSRCP Alleges Massive Land Scam In TDP-TCS Deal; TDP Reacts,https://zeenews.india.com/india/andhra-pradesh-ysrcp-alleges-massive-land-scam-in-tdp-tcs-deal-tdp-reacts-2889757.html,https://zeenews.india.com/india/andhra-pradesh-ysrcp-alleges-massive-land-scam-in-tdp-tcs-deal-tdp-reacts-2889757.html,india.com,2025-04-22T22:30:00+05:30,2025-04-23,gdelt_gkg_observation,DIRECTLY_RELEVANT,"TCS Q4/FY25 earnings, revenue growth, order book, deal wins, hiring, leadership, or dividend."
20250422171500-T393,TCS.NS,आईसीआईसीआई सिक्योरिटीज ने कारोबार प्लेटफॉर्म को उन्नत बनाने के लिए टीसीएस से किया करार,https://navabharat.com/?p=201389,https://navabharat.com/?p=201389,navabharat.com,2025-04-22T22:45:00+05:30,2025-04-23,gdelt_gkg_observation,DIRECTLY_RELEVANT,"TCS Q4/FY25 earnings, revenue growth, order book, deal wins, hiring, leadership, or dividend."
20250422190000-273,TCS.NS,"HCLTech growth outpaces TCS, Infy, but tempers FY26 outlook on macro challenges",https://www.livemint.com/companies/company-results/hcltech-grows-faster-than-ipeers-tcs-infosys-wipro-but-tempers-fy26-outlook-macro-challenges-us-tariff-donald-trump-11745332332289.html,https://www.livemint.com/companies/company-results/hcltech-grows-faster-than-ipeers-tcs-infosys-wipro-but-tempers-fy26-outlook-macro-challenges-us-tariff-donald-trump-11745332332289.html,livemint.com,2025-04-23T00:30:00+05:30,2025-04-23,gdelt_gkg_observation,DIRECTLY_RELEVANT,"TCS Q4/FY25 earnings, revenue growth, order book, deal wins, hiring, leadership, or dividend."
20250423020000-68,TCS.NS,"Ratan Tata TCS' mcap contribution to Tata Group drops to lowest level, share price reduces to Rs...",https://www.dnaindia.com/business/report-ratan-tata-tcs-mcap-contribution-to-tata-group-drops-to-lowest-level-share-price-reduces-to-rs-3147195,https://www.dnaindia.com/business/report-ratan-tata-tcs-mcap-contribution-to-tata-group-drops-to-lowest-level-share-price-reduces-to-rs-3147195,dnaindia.com,2025-04-23T07:30:00+05:30,2025-04-23,gdelt_gkg_observation,DIRECTLY_RELEVANT,"TCS Q4/FY25 earnings, revenue growth, order book, deal wins, hiring, leadership, or dividend."
20250423034500-316,TCS.NS,"TCS vs Infosys vs Wipro vs HCL Tech: Hiring plans, salary hike, headcount ratio, layoffs",https://www.livemint.com/companies/tcs-vs-infosys-vs-wipro-vs-hcl-tech-hiring-plans-salary-hike-headcount-ratio-layoffs-compared-11745368725550.html,https://www.livemint.com/companies/tcs-vs-infosys-vs-wipro-vs-hcl-tech-hiring-plans-salary-hike-headcount-ratio-layoffs-compared-11745368725550.html,livemint.com,2025-04-23T09:15:00+05:30,2025-04-23,gdelt_gkg_observation,DIRECTLY_RELEVANT,"TCS Q4/FY25 earnings, revenue growth, order book, deal wins, hiring, leadership, or dividend."
20250423051500-672,TCS.NS,"HCL Tech share price: FIIs hit sell button on TCS, Infosys and 5 other IT stocks. Is this peak pessimism?",https://economictimes.indiatimes.com/markets/stocks/news/fiis-hit-sell-button-on-tcs-infosys-and-5-other-it-stocks-is-this-peak-pessimism/articleshow/120539541.cms,https://economictimes.indiatimes.com/markets/stocks/news/fiis-hit-sell-button-on-tcs-infosys-and-5-other-it-stocks-is-this-peak-pessimism/articleshow/120539541.cms,indiatimes.com,2025-04-23T10:45:00+05:30,2025-04-23,gdelt_gkg_observation,DIRECTLY_RELEVANT,"TCS Q4/FY25 earnings, revenue growth, order book, deal wins, hiring, leadership, or dividend."
20250423070000-T2319,TCS.NS,"boom boom in IT stocks from hcl tech to tcs there is a huge jump आईटी शेयरों में बूम-बूम, एचसीएल टेक से TCS तक में बंपर उछाल, दिख रहा 10 का दम, Business Hindi News",https://www.livehindustan.com/business/boom-boom-in-it-stocks-from-hcl-tech-to-tcs-there-is-a-huge-jump-201745389588358.html,https://www.livehindustan.com/business/boom-boom-in-it-stocks-from-hcl-tech-to-tcs-there-is-a-huge-jump-201745389588358.html,livehindustan.com,2025-04-23T12:30:00+05:30,2025-04-23,gdelt_gkg_observation,DIRECTLY_RELEVANT,"TCS Q4/FY25 earnings, revenue growth, order book, deal wins, hiring, leadership, or dividend."
20250423091500-345,TCS.NS,"From watches to handbags, and paintings: Income Tax dept notifies luxury items on which taxpayers will have to pay 1% TCS",https://indianexpress.com/article/business/watches-handbags-paintings-income-tax-dept-notifies-luxury-items-taxpayers-tcs-9960845/,https://indianexpress.com/article/business/watches-handbags-paintings-income-tax-dept-notifies-luxury-items-taxpayers-tcs-9960845/,indianexpress.com,2025-04-23T14:45:00+05:30,2025-04-23,gdelt_gkg_observation,DIRECTLY_RELEVANT,"TCS Q4/FY25 earnings, revenue growth, order book, deal wins, hiring, leadership, or dividend."
20250423093000-619,TCS.NS,"Luxury Goods Over ₹10 Lakh To Attract 1% TCS From April 22, Tax Department Notifies New Rule",https://www.freepressjournal.in/business/luxury-goods-over-10-lakh-to-attract-1-tcs-from-april-22-tax-department-notifies-new-rule,https://www.freepressjournal.in/business/luxury-goods-over-10-lakh-to-attract-1-tcs-from-april-22-tax-department-notifies-new-rule,freepressjournal.in,2025-04-23T15:00:00+05:30,2025-04-23,gdelt_gkg_observation,DIRECTLY_RELEVANT,"TCS Q4/FY25 earnings, revenue growth, order book, deal wins, hiring, leadership, or dividend."
20250423104500-1478,TCS.NS,"Who's the king of IT dividends? Infosys, TCS, Wipro and HCL Tech FY25 payout details - Market News",https://www.financialexpress.com/market/whos-the-king-of-it-dividends-infosys-tcs-wipro-and-hcl-tech-fy25-payout-details-3819339/,https://www.financialexpress.com/market/whos-the-king-of-it-dividends-infosys-tcs-wipro-and-hcl-tech-fy25-payout-details-3819339/,financialexpress.com,2025-04-23T16:15:00+05:30,2025-04-24,gdelt_gkg_observation,DIRECTLY_RELEVANT,"TCS Q4/FY25 earnings, revenue growth, order book, deal wins, hiring, leadership, or dividend."
20250423104500-664,TCS.NS,New Tax Rules: Now pay 1% TCS on luxury goods worth Rs 10 lakh and above - Money News,https://www.financialexpress.com/money/new-tax-rules-now-pay-1-additional-tax-on-luxury-goods-worth-more-than-rs-10-lakh-3819238/,https://www.financialexpress.com/money/new-tax-rules-now-pay-1-additional-tax-on-luxury-goods-worth-more-than-rs-10-lakh-3819238/,financialexpress.com,2025-04-23T16:15:00+05:30,2025-04-24,gdelt_gkg_observation,DIRECTLY_RELEVANT,"TCS Q4/FY25 earnings, revenue growth, order book, deal wins, hiring, leadership, or dividend."
20250423113000-1341,TCS.NS,New Tax Rules: Now pay 1 per cent TCS on luxury goods costing above Rs...; check list of items,https://www.dnaindia.com/personal-finance/report-new-tax-rules-now-pay-1-per-cent-tcs-on-luxury-goods-costing-above-rs-10-lakh-check-list-of-items-3147318,https://www.dnaindia.com/personal-finance/report-new-tax-rules-now-pay-1-per-cent-tcs-on-luxury-goods-costing-above-rs-10-lakh-check-list-of-items-3147318,dnaindia.com,2025-04-23T17:00:00+05:30,2025-04-24,gdelt_gkg_observation,DIRECTLY_RELEVANT,"TCS Q4/FY25 earnings, revenue growth, order book, deal wins, hiring, leadership, or dividend."
20250423114500-443,TCS.NS,US-based TCS employee Bitan Adhikary shot dead in Pahalgam attack,https://timesofindia.indiatimes.com/technology/tech-news/us-based-tcs-employee-bitan-adhikary-shot-dead-in-pahalgam-attack/articleshow/120550098.cms,https://timesofindia.indiatimes.com/technology/tech-news/us-based-tcs-employee-bitan-adhikary-shot-dead-in-pahalgam-attack/articleshow/120550098.cms,indiatimes.com,2025-04-23T17:15:00+05:30,2025-04-24,gdelt_gkg_observation,DIRECTLY_RELEVANT,"TCS Q4/FY25 earnings, revenue growth, order book, deal wins, hiring, leadership, or dividend."
20250423114500-T16,TCS.NS,"10 लाख से महंगे हैंडबैग-घड़ी-जूते पर लगेगा 1% TCS, सरकार ने लक्जरी खर्च पर कसी लगाम - luxury goods above rs 10 lakh now attract 1 pc tcs says income tax dept",https://hindi.business-standard.com/money/luxury-goods-above-rs-10-lakh-now-attract-1-pc-tcs-says-income-tax-dept-id-432953,https://hindi.business-standard.com/money/luxury-goods-above-rs-10-lakh-now-attract-1-pc-tcs-says-income-tax-dept-id-432953,business-standard.com,2025-04-23T17:15:00+05:30,2025-04-24,gdelt_gkg_observation,DIRECTLY_RELEVANT,"TCS Q4/FY25 earnings, revenue growth, order book, deal wins, hiring, leadership, or dividend."
20250423130000-T2407,TCS.NS,"Income Tax: महंगी घड़ी, कॉइन, पेंटिंग्स खरीदने पर अब लगेगा 1% TCS, जानिए क्या है इनकम टैक्स का यह नया नियम",https://hindi.moneycontrol.com/news/your-money/income-tax-tcs-on-purchase-of-costly-watch-coin-paintings-handbags-know-about-the-new-rule-of-income-tax-1972683.html,https://hindi.moneycontrol.com/news/your-money/income-tax-tcs-on-purchase-of-costly-watch-coin-paintings-handbags-know-about-the-new-rule-of-income-tax-1972683.html,moneycontrol.com,2025-04-23T18:30:00+05:30,2025-04-24,gdelt_gkg_observation,DIRECTLY_RELEVANT,"TCS Q4/FY25 earnings, revenue growth, order book, deal wins, hiring, leadership, or dividend."
20250423171500-1549,TCS.NS,Luxury Items Over Rs 10 Lakh to Attract 1% TCS Tax,https://www.newkerala.com/news/o/several-luxury-items-including-watches-sunglasses-costing-rs-10-168,https://www.newkerala.com/news/o/several-luxury-items-including-watches-sunglasses-costing-rs-10-168,newkerala.com,2025-04-23T22:45:00+05:30,2025-04-24,gdelt_gkg_observation,DIRECTLY_RELEVANT,"TCS Q4/FY25 earnings, revenue growth, order book, deal wins, hiring, leadership, or dividend."
20250424071500-528,TCS.NS,"Bad news for this Indian company employees, set to sack 600 people due to..., not Narayana Murthy Infosys, Ratan Tata TCS, Wipro, Google, name is...",https://www.india.com/business/arcelormittal-layoffs-united-states-lakshmi-mittal-steel-company-donald-trump-luxembourg-europe-tariff-war-reliance-mukesh-ambani-ratan-tata-infosys-narayana-murthy-gautam-adani-7775269/,https://www.india.com/business/arcelormittal-layoffs-united-states-lakshmi-mittal-steel-company-donald-trump-luxembourg-europe-tariff-war-reliance-mukesh-ambani-ratan-tata-infosys-narayana-murthy-gautam-adani-7775269/,india.com,2025-04-24T12:45:00+05:30,2025-04-24,gdelt_gkg_observation,DIRECTLY_RELEVANT,"TCS Q4/FY25 earnings, revenue growth, order book, deal wins, hiring, leadership, or dividend."
20250424080000-868,TCS.NS,Several new items come under TCS as I-T widens tax net,https://economictimes.indiatimes.com/news/economy/policy/several-new-items-come-under-tcs-as-i-t-widens-tax-net/articleshow/120574141.cms,https://economictimes.indiatimes.com/news/economy/policy/several-new-items-come-under-tcs-as-i-t-widens-tax-net/articleshow/120574141.cms,indiatimes.com,2025-04-24T13:30:00+05:30,2025-04-24,gdelt_gkg_observation,DIRECTLY_RELEVANT,"TCS Q4/FY25 earnings, revenue growth, order book, deal wins, hiring, leadership, or dividend."
20250424090000-1219,TCS.NS,TCS: 21.3bn reasons why tech firm sponsors the London Marathon,https://www.cityam.com/21-3bn-reasons-why-tcs-partners-with-the-london-marathon/,https://www.cityam.com/21-3bn-reasons-why-tcs-partners-with-the-london-marathon/,cityam.com,2025-04-24T14:30:00+05:30,2025-04-24,gdelt_gkg_observation,DIRECTLY_RELEVANT,"TCS Q4/FY25 earnings, revenue growth, order book, deal wins, hiring, leadership, or dividend."
20250424123000-219,TCS.NS,"Tata Consultancy Services: TCS launches localised cloud infrastructure, data security solutions for India, ET Telecom",https://telecom.economictimes.indiatimes.com/news/enterprise-services/tcs-launches-localised-cloud-infrastructure-data-security-solutions-for-india/120583802,https://telecom.economictimes.indiatimes.com/news/enterprise-services/tcs-launches-localised-cloud-infrastructure-data-security-solutions-for-india/120583802,indiatimes.com,2025-04-24T18:00:00+05:30,2025-04-25,gdelt_gkg_observation,DIRECTLY_RELEVANT,"TCS Q4/FY25 earnings, revenue growth, order book, deal wins, hiring, leadership, or dividend."
20250424130000-544,TCS.NS,"TCS collaborates with MeitY to launch AI-powered sovereign cloud, low-code no-code platform, cyber defense suite",https://www.moneycontrol.com/technology/tcs-collaborates-with-meity-to-launch-ai-powered-sovereign-cloud-low-code-no-code-platform-cyber-defense-suite-article-13003402.html,https://www.moneycontrol.com/technology/tcs-collaborates-with-meity-to-launch-ai-powered-sovereign-cloud-low-code-no-code-platform-cyber-defense-suite-article-13003402.html,moneycontrol.com,2025-04-24T18:30:00+05:30,2025-04-25,gdelt_gkg_observation,DIRECTLY_RELEVANT,"TCS Q4/FY25 earnings, revenue growth, order book, deal wins, hiring, leadership, or dividend."
20250424134500-557,TCS.NS,"TCS eyes public sector growth with the launch of AI-powered sovereign cloud, low-code no-code platform, cybersecurity suite",https://www.moneycontrol.com/technology/tcs-eyes-public-sector-growth-with-the-launch-of-ai-powered-sovereign-cloud-low-code-no-code-platform-cybersecurity-suite-article-13003402.html,https://www.moneycontrol.com/technology/tcs-eyes-public-sector-growth-with-the-launch-of-ai-powered-sovereign-cloud-low-code-no-code-platform-cybersecurity-suite-article-13003402.html,moneycontrol.com,2025-04-24T19:15:00+05:30,2025-04-25,gdelt_gkg_observation,DIRECTLY_RELEVANT,"TCS Q4/FY25 earnings, revenue growth, order book, deal wins, hiring, leadership, or dividend."
20250424151500-1120,TCS.NS,TCS launches India-focused sovereign cloud to boost domestic revenue,https://www.livemint.com/companies/tcs-sovereign-cloud-revenue-growth-sovereignsecure-india-infosys-hcl-cyber-defense-suite-11745496469728.html,https://www.livemint.com/companies/tcs-sovereign-cloud-revenue-growth-sovereignsecure-india-infosys-hcl-cyber-defense-suite-11745496469728.html,livemint.com,2025-04-24T20:45:00+05:30,2025-04-25,gdelt_gkg_observation,DIRECTLY_RELEVANT,"TCS Q4/FY25 earnings, revenue growth, order book, deal wins, hiring, leadership, or dividend."
20250424161500-848,TCS.NS,TCS launches next-gen AI products to deepen focus on Deep-Tech - TCS launches next gen AI products to deepen focus on Deep Tech BusinessToday,https://www.businesstoday.in/tech-today/news/story/tcs-launches-next-gen-ai-products-to-deepen-focus-on-deep-tech-473516-2025-04-24,https://www.businesstoday.in/tech-today/news/story/tcs-launches-next-gen-ai-products-to-deepen-focus-on-deep-tech-473516-2025-04-24,businesstoday.in,2025-04-24T21:45:00+05:30,2025-04-25,gdelt_gkg_observation,DIRECTLY_RELEVANT,"TCS Q4/FY25 earnings, revenue growth, order book, deal wins, hiring, leadership, or dividend."
20250424163000-951,TCS.NS,TCS launches Sovereignsecure Cloud to power India's digital future,https://www.thehindubusinessline.com/info-tech/tcs-launches-sovereignsecure-cloud-to-power-indias-digital-future/article69487000.ece,https://www.thehindubusinessline.com/info-tech/tcs-launches-sovereignsecure-cloud-to-power-indias-digital-future/article69487000.ece,thehindubusinessline.com,2025-04-24T22:00:00+05:30,2025-04-25,gdelt_gkg_observation,DIRECTLY_RELEVANT,"TCS Q4/FY25 earnings, revenue growth, order book, deal wins, hiring, leadership, or dividend."
20250424164500-T980,TCS.NS,TCS & Infosys Latest Update: इन शेयरों में क्या करें? आगे कितने रिटर्न की रखें उम्मीद,https://www.sharemanthan.in/462-advice/77881-expert-shomesh-kumar-recommendations-in-tcs-and-infosys-stocks-and-future-return-expectations-20250424,https://www.sharemanthan.in/462-advice/77881-expert-shomesh-kumar-recommendations-in-tcs-and-infosys-stocks-and-future-return-expectations-20250424,sharemanthan.in,2025-04-24T22:15:00+05:30,2025-04-25,gdelt_gkg_observation,DIRECTLY_RELEVANT,"TCS Q4/FY25 earnings, revenue growth, order book, deal wins, hiring, leadership, or dividend."
20250425013000-1224,TCS.NS,"Meet man, IIT graduate, who once worked at Ratan Tata's TCS, built Rs 28996 crore firm, now a billionaire with net worth of Rs...",https://www.dnaindia.com/business/report-meet-man-bharat-desai-iit-graduate-who-once-worked-at-ratan-tatas-tcs-built-rs-28996-crore-firm-now-a-billionaire-with-net-worth-of-rs-3147643,https://www.dnaindia.com/business/report-meet-man-bharat-desai-iit-graduate-who-once-worked-at-ratan-tatas-tcs-built-rs-28996-crore-firm-now-a-billionaire-with-net-worth-of-rs-3147643,dnaindia.com,2025-04-25T07:00:00+05:30,2025-04-25,gdelt_gkg_observation,DIRECTLY_RELEVANT,"TCS Q4/FY25 earnings, revenue growth, order book, deal wins, hiring, leadership, or dividend."
20250425043000-913,TCS.NS,"Stocks in focus: Wipro, TCS, Concor, BHEL, PowerGrid on April 25",https://www.thehindubusinessline.com/markets/stocks-in-focus-wipro-tcs-concor-bhel-powergrid-on-april-25/article69489277.ece,https://www.thehindubusinessline.com/markets/stocks-in-focus-wipro-tcs-concor-bhel-powergrid-on-april-25/article69489277.ece,thehindubusinessline.com,2025-04-25T10:00:00+05:30,2025-04-25,gdelt_gkg_observation,DIRECTLY_RELEVANT,"TCS Q4/FY25 earnings, revenue growth, order book, deal wins, hiring, leadership, or dividend."
20250425044500-T1952,TCS.NS,"आज निफ्टी, सन फार्मास्यूटिकल इंडस्ट्रीज और टाटा कंसल्टेंसी सर्विसेज में करें सौदे : आईसीआईसीआई डायरेक्ट",https://www.sharemanthan.in/technical-tips/intraday-tips/77884-icici-direct-momentum-picks-20250425,https://www.sharemanthan.in/technical-tips/intraday-tips/77884-icici-direct-momentum-picks-20250425,sharemanthan.in,2025-04-25T10:15:00+05:30,2025-04-25,gdelt_gkg_observation,DIRECTLY_RELEVANT,"TCS Q4/FY25 earnings, revenue growth, order book, deal wins, hiring, leadership, or dividend."
20250425120000-128,TCS.NS,TCS launches SovereignSecure Cloud aligned with India's data localization needs,https://www.networkworld.com/article/3970885/tcs-launches-sovereignsecure-cloud-aligned-with-indias-data-localization-needs.html,https://www.networkworld.com/article/3970885/tcs-launches-sovereignsecure-cloud-aligned-with-indias-data-localization-needs.html,networkworld.com,2025-04-25T17:30:00+05:30,2025-04-28,gdelt_gkg_observation,DIRECTLY_RELEVANT,"TCS Q4/FY25 earnings, revenue growth, order book, deal wins, hiring, leadership, or dividend."
20250425134500-343,TCS.NS,Lateral hiring: TCS holding interviews in Bengaluru on Saturday,https://economictimes.indiatimes.com/tech/information-tech/lateral-hiring-tcs-holding-interviews-in-bengaluru-on-saturday/articleshow/120621933.cms,https://economictimes.indiatimes.com/tech/information-tech/lateral-hiring-tcs-holding-interviews-in-bengaluru-on-saturday/articleshow/120621933.cms,indiatimes.com,2025-04-25T19:15:00+05:30,2025-04-28,gdelt_gkg_observation,DIRECTLY_RELEVANT,"TCS Q4/FY25 earnings, revenue growth, order book, deal wins, hiring, leadership, or dividend."
20250426081500-555,TCS.NS,Runners and schoolchildren target TCS London Marathon finish line,https://www.aol.co.uk/runners-schoolchildren-target-tcs-london-074912735.html,https://www.aol.co.uk/runners-schoolchildren-target-tcs-london-074912735.html,aol.co.uk,2025-04-26T13:45:00+05:30,2025-04-28,gdelt_gkg_observation,DIRECTLY_RELEVANT,"TCS Q4/FY25 earnings, revenue growth, order book, deal wins, hiring, leadership, or dividend."
20250426083000-527,TCS.NS,Runners and schoolchildren target TCS London Marathon finish line,https://www.kentonline.co.uk/news/national/runners-and-schoolchildren-target-tcs-london-marathon-finish-line-144961/,https://www.kentonline.co.uk/news/national/runners-and-schoolchildren-target-tcs-london-marathon-finish-line-144961/,kentonline.co.uk,2025-04-26T14:00:00+05:30,2025-04-28,gdelt_gkg_observation,DIRECTLY_RELEVANT,"TCS Q4/FY25 earnings, revenue growth, order book, deal wins, hiring, leadership, or dividend."
20250426090000-142,TCS.NS,Runners and schoolchildren target TCS London Marathon finish line,https://www.inverness-courier.co.uk/news/national/runners-and-schoolchildren-target-tcs-london-marathon-finish-line-132219/,https://www.inverness-courier.co.uk/news/national/runners-and-schoolchildren-target-tcs-london-marathon-finish-line-132219/,inverness-courier.co.uk,2025-04-26T14:30:00+05:30,2025-04-28,gdelt_gkg_observation,DIRECTLY_RELEVANT,"TCS Q4/FY25 earnings, revenue growth, order book, deal wins, hiring, leadership, or dividend."
20250426090000-506,TCS.NS,Runners and schoolchildren target TCS London Marathon finish line,https://www.johnogroat-journal.co.uk/news/national/runners-and-schoolchildren-target-tcs-london-marathon-finish-line-132219/,https://www.johnogroat-journal.co.uk/news/national/runners-and-schoolchildren-target-tcs-london-marathon-finish-line-132219/,johnogroat-journal.co.uk,2025-04-26T14:30:00+05:30,2025-04-28,gdelt_gkg_observation,DIRECTLY_RELEVANT,"TCS Q4/FY25 earnings, revenue growth, order book, deal wins, hiring, leadership, or dividend."
20250426091500-523,TCS.NS,Runners and schoolchildren target TCS London Marathon finish line,https://www.lynnnews.co.uk/national/runners-and-schoolchildren-target-tcs-london-marathon-finish-line-144961/,https://www.lynnnews.co.uk/national/runners-and-schoolchildren-target-tcs-london-marathon-finish-line-144961/,lynnnews.co.uk,2025-04-26T14:45:00+05:30,2025-04-28,gdelt_gkg_observation,DIRECTLY_RELEVANT,"TCS Q4/FY25 earnings, revenue growth, order book, deal wins, hiring, leadership, or dividend."
20250426091500-573,TCS.NS,Runners and schoolchildren target TCS London Marathon finish line,https://www.dissexpress.co.uk/national/runners-and-schoolchildren-target-tcs-london-marathon-finish-line-144961/,https://www.dissexpress.co.uk/national/runners-and-schoolchildren-target-tcs-london-marathon-finish-line-144961/,dissexpress.co.uk,2025-04-26T14:45:00+05:30,2025-04-28,gdelt_gkg_observation,DIRECTLY_RELEVANT,"TCS Q4/FY25 earnings, revenue growth, order book, deal wins, hiring, leadership, or dividend."
20250426111500-506,TCS.NS,Schoolchildren target TCS Mini London Marathon finish line | ITV News,https://www.itv.com/news/london/2025-04-26/schoolchildren-target-tcs-mini-london-marathon-finish-line,https://www.itv.com/news/london/2025-04-26/schoolchildren-target-tcs-mini-london-marathon-finish-line,itv.com,2025-04-26T16:45:00+05:30,2025-04-28,gdelt_gkg_observation,DIRECTLY_RELEVANT,"TCS Q4/FY25 earnings, revenue growth, order book, deal wins, hiring, leadership, or dividend."
20250427031500-347,TCS.NS,"Infosys Give Fastest Salary Hike; TCS, Wipro Still Undecided - Trak.in - Indian Business of Tech, Mobile & Startups",https://trak.in/stories/infosys-give-fastest-salary-hike-tcs-wipro-still-undecided/,https://trak.in/stories/infosys-give-fastest-salary-hike-tcs-wipro-still-undecided/,trak.in,2025-04-27T08:45:00+05:30,2025-04-28,gdelt_gkg_observation,DIRECTLY_RELEVANT,"TCS Q4/FY25 earnings, revenue growth, order book, deal wins, hiring, leadership, or dividend."
20250427053000-637,TCS.NS,TCS leads as market cap of 6 six of top 10 most valued firms jumps by Rs 1.18 lakh crore,https://timesofindia.indiatimes.com/business/india-business/tcs-leads-as-market-cap-of-6-six-of-top-10-most-valued-firms-jumps-by-rs-1-18-lakh-crore/articleshow/120660222.cms,https://timesofindia.indiatimes.com/business/india-business/tcs-leads-as-market-cap-of-6-six-of-top-10-most-valued-firms-jumps-by-rs-1-18-lakh-crore/articleshow/120660222.cms,indiatimes.com,2025-04-27T11:00:00+05:30,2025-04-28,gdelt_gkg_observation,DIRECTLY_RELEVANT,"TCS Q4/FY25 earnings, revenue growth, order book, deal wins, hiring, leadership, or dividend."
20250427063000-393,TCS.NS,Mcap of six of top 10 valued firms soars by Rs 1.18 lakh cr; TCS biggest winner,https://economictimes.indiatimes.com/markets/stocks/news/mcap-of-six-of-top-10-valued-firms-soars-by-rs-1-18-lakh-cr-tcs-biggest-winner/articleshow/120661856.cms,https://economictimes.indiatimes.com/markets/stocks/news/mcap-of-six-of-top-10-valued-firms-soars-by-rs-1-18-lakh-cr-tcs-biggest-winner/articleshow/120661856.cms,indiatimes.com,2025-04-27T12:00:00+05:30,2025-04-28,gdelt_gkg_observation,DIRECTLY_RELEVANT,"TCS Q4/FY25 earnings, revenue growth, order book, deal wins, hiring, leadership, or dividend."
20250427071500-T135,TCS.NS,"शीर्ष 10 कंपनियों में छह का Mcap 1.18 लाख करोड़ रुपये बढ़ा, TCS सबसे ज्यादा लाभ में",https://www.dainiktribuneonline.com/news/topnews/mcap-of-six-of-top-10-valued-firms-soars-by-rs-1-lakh-cr-tcs-biggest-winner/,https://www.dainiktribuneonline.com/news/topnews/mcap-of-six-of-top-10-valued-firms-soars-by-rs-1-lakh-cr-tcs-biggest-winner/,dainiktribuneonline.com,2025-04-27T12:45:00+05:30,2025-04-28,gdelt_gkg_observation,DIRECTLY_RELEVANT,"TCS Q4/FY25 earnings, revenue growth, order book, deal wins, hiring, leadership, or dividend."
20250427073000-245,TCS.NS,Mcap of 6 of top 10 most valued firms soars by ₹1.18 lakh crore; TCS biggest gainer,https://www.livemint.com/market/stock-market-news/mcap-of-6-of-top-10-most-valued-firms-soars-by-1-18-lakh-crore-tcs-biggest-gainer-11745734940246.html,https://www.livemint.com/market/stock-market-news/mcap-of-6-of-top-10-most-valued-firms-soars-by-1-18-lakh-crore-tcs-biggest-gainer-11745734940246.html,livemint.com,2025-04-27T13:00:00+05:30,2025-04-28,gdelt_gkg_observation,DIRECTLY_RELEVANT,"TCS Q4/FY25 earnings, revenue growth, order book, deal wins, hiring, leadership, or dividend."
20250427084500-55,TCS.NS,From Reliance Industries to TCS: Here are the top 10 valued firms in India by market cap,https://www.theweek.in/news/biz-tech/2025/04/27/from-reliance-industries-to-tcs-here-are-the-top-10-valued-firms-in-india-by-market-cap.html,https://www.theweek.in/news/biz-tech/2025/04/27/from-reliance-industries-to-tcs-here-are-the-top-10-valued-firms-in-india-by-market-cap.html,theweek.in,2025-04-27T14:15:00+05:30,2025-04-28,gdelt_gkg_observation,DIRECTLY_RELEVANT,"TCS Q4/FY25 earnings, revenue growth, order book, deal wins, hiring, leadership, or dividend."
20250427090000-547,TCS.NS,Mcap of six of top 10 valued firms soars by Rs 1.18 lakh crore; TCS biggest winner,https://www.financialexpress.com/market/mcap-of-six-of-top-10-valued-firms-soars-by-rs-1-18-lakh-crore-tcs-biggest-winner-3823923/,https://www.financialexpress.com/market/mcap-of-six-of-top-10-valued-firms-soars-by-rs-1-18-lakh-crore-tcs-biggest-winner-3823923/,financialexpress.com,2025-04-27T14:30:00+05:30,2025-04-28,gdelt_gkg_observation,DIRECTLY_RELEVANT,"TCS Q4/FY25 earnings, revenue growth, order book, deal wins, hiring, leadership, or dividend."
20250427091500-614,TCS.NS,Mcap of six of top 10 valued firms soars by Rs 1.18 lakh cr; TCS biggest winner,https://www.moneycontrol.com/news/business/mcap-of-six-of-top-10-valued-firms-soars-by-rs-1-18-lakh-cr-tcs-biggest-winner-13005871.html,https://www.moneycontrol.com/news/business/mcap-of-six-of-top-10-valued-firms-soars-by-rs-1-18-lakh-cr-tcs-biggest-winner-13005871.html,moneycontrol.com,2025-04-27T14:45:00+05:30,2025-04-28,gdelt_gkg_observation,DIRECTLY_RELEVANT,"TCS Q4/FY25 earnings, revenue growth, order book, deal wins, hiring, leadership, or dividend."
20250427091500-358,TCS.NS,Six of top 10 valued firms see mcap surge of ₹1.18 lakh cr; TCS gains most,https://www.thehindubusinessline.com/markets/six-of-top-10-valued-firms-see-mcap-surge-of-118-lakh-cr-tcs-gains-most/article69496910.ece,https://www.thehindubusinessline.com/markets/six-of-top-10-valued-firms-see-mcap-surge-of-118-lakh-cr-tcs-gains-most/article69496910.ece,thehindubusinessline.com,2025-04-27T14:45:00+05:30,2025-04-28,gdelt_gkg_observation,DIRECTLY_RELEVANT,"TCS Q4/FY25 earnings, revenue growth, order book, deal wins, hiring, leadership, or dividend."
20250427100000-T50,TCS.NS,"Mcap of six of top 10 valued firms soars by Rs 1.18 lakh cr; TCS and reliance biggest winner | टॉप-10-कंपनियों में से 6 की मार्केट-वैल्यू ₹1.18 लाख करोड़ बढ़ी: TCS टॉप गेनर रही; इसका मार्केट कैप ₹53,692 करोड़ बढ़कर ₹12.47 लाख करोड़ हुआ",https://www.bhaskar.com/business/news/mcap-of-six-of-top-10-valued-firms-soars-by-rs-118-lakh-cr-tcs-and-reliance-biggest-winner-134919045.html,https://www.bhaskar.com/business/news/mcap-of-six-of-top-10-valued-firms-soars-by-rs-118-lakh-cr-tcs-and-reliance-biggest-winner-134919045.html,bhaskar.com,2025-04-27T15:30:00+05:30,2025-04-28,gdelt_gkg_observation,DIRECTLY_RELEVANT,"TCS Q4/FY25 earnings, revenue growth, order book, deal wins, hiring, leadership, or dividend."
20250427104500-T1793,TCS.NS,"Mcap Of Six Of Top 10 Valued Firms Soars By Rs 1.18 Lakh Cr; TCS And Reliance Biggest Winner | टॉप-6 कंपन्यांचे बाजारमूल्य 1.18 लाख कोटींनी वाढले: टीसीएस टॉप गेनर; बाजार भांडवल ₹53,692 कोटींनी वाढून ₹12.47 लाख कोटीवर",https://divyamarathi.bhaskar.com/business/news/mcap-of-six-of-top-10-valued-firms-soars-by-rs-118-lakh-cr-tcs-and-reliance-biggest-winner-134919148.html,https://divyamarathi.bhaskar.com/business/news/mcap-of-six-of-top-10-valued-firms-soars-by-rs-118-lakh-cr-tcs-and-reliance-biggest-winner-134919148.html,bhaskar.com,2025-04-27T16:15:00+05:30,2025-04-28,gdelt_gkg_observation,DIRECTLY_RELEVANT,"TCS Q4/FY25 earnings, revenue growth, order book, deal wins, hiring, leadership, or dividend."
20250427113000-360,TCS.NS,"Good news for Ratan Tata's TCS as it earns Rs 53692 crore in just 5 days, emerges biggest...",https://www.dnaindia.com/business/report-good-news-for-ratan-tatas-tcs-as-it-earns-rs-53692-crore-in-just-5-days-emerges-biggest-winner-tcs-mcap-3148098,https://www.dnaindia.com/business/report-good-news-for-ratan-tatas-tcs-as-it-earns-rs-53692-crore-in-just-5-days-emerges-biggest-winner-tcs-mcap-3148098,dnaindia.com,2025-04-27T17:00:00+05:30,2025-04-28,gdelt_gkg_observation,DIRECTLY_RELEVANT,"TCS Q4/FY25 earnings, revenue growth, order book, deal wins, hiring, leadership, or dividend."
20250427113000-147,TCS.NS,"Artificial intelligence is about skill transformation, not job loss: TCS Global AI head",https://economictimes.indiatimes.com/tech/information-tech/artificial-intelligence-is-about-skill-transformation-not-job-loss-tcs-global-ai-head/articleshow/120666656.cms,https://economictimes.indiatimes.com/tech/information-tech/artificial-intelligence-is-about-skill-transformation-not-job-loss-tcs-global-ai-head/articleshow/120666656.cms,indiatimes.com,2025-04-27T17:00:00+05:30,2025-04-28,gdelt_gkg_observation,DIRECTLY_RELEVANT,"TCS Q4/FY25 earnings, revenue growth, order book, deal wins, hiring, leadership, or dividend."
20250427120000-617,TCS.NS,"Artificial intelligence is about skill transformation, not job loss: TCS Global AI head, ET Telecom",https://telecom.economictimes.indiatimes.com/news/enterprise-services/artificial-intelligence-is-about-skill-transformation-not-job-loss-tcs-global-ai-head/120667714,https://telecom.economictimes.indiatimes.com/news/enterprise-services/artificial-intelligence-is-about-skill-transformation-not-job-loss-tcs-global-ai-head/120667714,indiatimes.com,2025-04-27T17:30:00+05:30,2025-04-28,gdelt_gkg_observation,DIRECTLY_RELEVANT,"TCS Q4/FY25 earnings, revenue growth, order book, deal wins, hiring, leadership, or dividend."
20250427120000-T132,TCS.NS,"MCap: TCS चमकी, रिलायंस-इंफोसिस ने भी बढ़ाया दम, टॉप कंपनियों का मार्केट कैप उछला - tcs reliance infosys boost top companies market capitalisation surges",https://hindi.business-standard.com/markets/tcs-reliance-infosys-boost-top-companies-market-capitalisation-surges-id-433905,https://hindi.business-standard.com/markets/tcs-reliance-infosys-boost-top-companies-market-capitalisation-surges-id-433905,business-standard.com,2025-04-27T17:30:00+05:30,2025-04-28,gdelt_gkg_observation,DIRECTLY_RELEVANT,"TCS Q4/FY25 earnings, revenue growth, order book, deal wins, hiring, leadership, or dividend."
20250427123000-109,TCS.NS,Mcap of six of top 10 valued firms soars by Rs 1.18 lakh crore; TCS biggest winner,https://www.orissapost.com/mcap-of-six-of-top-10-valued-firms-soars-by-rs-1-18-lakh-cr-tcs-biggest-winner/,https://www.orissapost.com/mcap-of-six-of-top-10-valued-firms-soars-by-rs-1-18-lakh-cr-tcs-biggest-winner/,orissapost.com,2025-04-27T18:00:00+05:30,2025-04-28,gdelt_gkg_observation,DIRECTLY_RELEVANT,"TCS Q4/FY25 earnings, revenue growth, order book, deal wins, hiring, leadership, or dividend."
20250427133000-359,TCS.NS,TCS Leads Rs 1.18 Lakh Crore Market Value Surge,https://www.newkerala.com/news/o/market-valuation-six-top-10-firms-jumps-rs-118-752,https://www.newkerala.com/news/o/market-valuation-six-top-10-firms-jumps-rs-118-752,newkerala.com,2025-04-27T19:00:00+05:30,2025-04-28,gdelt_gkg_observation,DIRECTLY_RELEVANT,"TCS Q4/FY25 earnings, revenue growth, order book, deal wins, hiring, leadership, or dividend."
20250427133000-438,TCS.NS,"Artificial Intelligence is about skill transformation, not job loss: TCS Global AI Head",https://www.thehindubusinessline.com/info-tech/artificial-intelligence-is-about-skill-transformation-not-job-loss-tcs-global-ai-head/article69497709.ece,https://www.thehindubusinessline.com/info-tech/artificial-intelligence-is-about-skill-transformation-not-job-loss-tcs-global-ai-head/article69497709.ece,thehindubusinessline.com,2025-04-27T19:00:00+05:30,2025-04-28,gdelt_gkg_observation,DIRECTLY_RELEVANT,"TCS Q4/FY25 earnings, revenue growth, order book, deal wins, hiring, leadership, or dividend."
20250427171500-439,TCS.NS,'Our city deserves better': Tejasvi Surya slams Bengaluru's poor infrastructure after TCS World 10K race - India News,https://www.financialexpress.com/india-news/our-city-deserves-better-tejasvi-surya-slams-bengalurus-poor-infrastructure-after-tcs-world-10k-race/3824367/,https://www.financialexpress.com/india-news/our-city-deserves-better-tejasvi-surya-slams-bengalurus-poor-infrastructure-after-tcs-world-10k-race/3824367/,financialexpress.com,2025-04-27T22:45:00+05:30,2025-04-28,gdelt_gkg_observation,DIRECTLY_RELEVANT,"TCS Q4/FY25 earnings, revenue growth, order book, deal wins, hiring, leadership, or dividend."
20250427173000-98,TCS.NS,"BJP MP Tejasvi Surya compares Bengaluru infra to Mumbai, says TCS marathon turned obstacle",https://economictimes.indiatimes.com/news/politics-and-nation/bjp-mp-tejasvi-surya-compares-bengaluru-infra-to-mumbai-says-tcs-marathon-turned-obstacle/articleshow/120673128.cms,https://economictimes.indiatimes.com/news/politics-and-nation/bjp-mp-tejasvi-surya-compares-bengaluru-infra-to-mumbai-says-tcs-marathon-turned-obstacle/articleshow/120673128.cms,indiatimes.com,2025-04-27T23:00:00+05:30,2025-04-28,gdelt_gkg_observation,DIRECTLY_RELEVANT,"TCS Q4/FY25 earnings, revenue growth, order book, deal wins, hiring, leadership, or dividend."
20250428031500-456,TCS.NS,"Nifty Bank: TCS, Coforge, Intellect showing recovery signs: Rupak De",https://economictimes.indiatimes.com/markets/expert-view/tcs-coforge-intellect-showing-recovery-signs-rupak-de/articleshow/120681534.cms,https://economictimes.indiatimes.com/markets/expert-view/tcs-coforge-intellect-showing-recovery-signs-rupak-de/articleshow/120681534.cms,indiatimes.com,2025-04-28T08:45:00+05:30,2025-04-28,gdelt_gkg_observation,DIRECTLY_RELEVANT,"TCS Q4/FY25 earnings, revenue growth, order book, deal wins, hiring, leadership, or dividend."
20250428040000-T969,TCS.NS,"Business News Update; share market, gold silver, petrol diesel, TCS | पेट्रोल-डीजल के दाम में आज कोई बदलाव नहीं: TCS का मार्केट कैप ₹53,692 करोड़ बढ़ा, आधार-पैन में एक साथ नाम और नंबर बदलेगा",https://www.bhaskar.com/business/news/business-news-update-share-market-gold-silver-petrol-diesel-tcs-134920637.html,https://www.bhaskar.com/business/news/business-news-update-share-market-gold-silver-petrol-diesel-tcs-134920637.html,bhaskar.com,2025-04-28T09:30:00+05:30,2025-04-28,gdelt_gkg_observation,DIRECTLY_RELEVANT,"TCS Q4/FY25 earnings, revenue growth, order book, deal wins, hiring, leadership, or dividend."
20250428053000-876,TCS.NS,"'Not a single stretch free of potholes': BJP MP Tejasvi Surya fumes over poor Bengaluru roads, infrastructure after TCS World 10K run | Bengaluru News",https://timesofindia.indiatimes.com/city/bengaluru/tejasvi-surya-chides-dk-shivakumar-for-poor-central-business-district-roads/articleshow/120674995.cms,https://timesofindia.indiatimes.com/city/bengaluru/tejasvi-surya-chides-dk-shivakumar-for-poor-central-business-district-roads/articleshow/120674995.cms,indiatimes.com,2025-04-28T11:00:00+05:30,2025-04-28,gdelt_gkg_observation,DIRECTLY_RELEVANT,"TCS Q4/FY25 earnings, revenue growth, order book, deal wins, hiring, leadership, or dividend."
20250428110000-1035,TCS.NS,TCS share in Tata group mcap declines,https://www.rediff.com/business/report/tech-tcs-share-in-tata-group-mcap-declines/20250428.htm,https://www.rediff.com/business/report/tech-tcs-share-in-tata-group-mcap-declines/20250428.htm,rediff.com,2025-04-28T16:30:00+05:30,2025-04-29,gdelt_gkg_observation,DIRECTLY_RELEVANT,"TCS Q4/FY25 earnings, revenue growth, order book, deal wins, hiring, leadership, or dividend."
20250429100000-1034,TCS.NS,"TCS, Accenture, Infosys, Cognizant and more: LinkedIn announces Top 10 tech employers for this year 2025",https://timesofindia.indiatimes.com/technology/tech-news/tcs-accenture-infosys-cognizant-and-more-linkedin-announces-top-10-tech-employers-for-this-year-2025/articleshow/120724992.cms,https://timesofindia.indiatimes.com/technology/tech-news/tcs-accenture-infosys-cognizant-and-more-linkedin-announces-top-10-tech-employers-for-this-year-2025/articleshow/120724992.cms,indiatimes.com,2025-04-29T15:30:00+05:30,2025-04-30,gdelt_gkg_observation,DIRECTLY_RELEVANT,"TCS Q4/FY25 earnings, revenue growth, order book, deal wins, hiring, leadership, or dividend."
20250429103000-1460,TCS.NS,'We will believe that Bengaluru roads have no potholes': Tejasvi Surya responds to BBMP's defense of TCS 10K route - India News,https://www.financialexpress.com/india-news/will-believe-that-bengaluru-roads-have-no-potholes-tejasvi-surya-responds-to-bbmps-defense-of-tcs-10k-route/3826273/,https://www.financialexpress.com/india-news/will-believe-that-bengaluru-roads-have-no-potholes-tejasvi-surya-responds-to-bbmps-defense-of-tcs-10k-route/3826273/,financialexpress.com,2025-04-29T16:00:00+05:30,2025-04-30,gdelt_gkg_observation,DIRECTLY_RELEVANT,"TCS Q4/FY25 earnings, revenue growth, order book, deal wins, hiring, leadership, or dividend."
20250430103000-1251,TCS.NS,TCS Collaborates with SAP to Enable Enterprise-wide GenAI and Cloud Adoption For its Customers,https://technuter.com/breaking-news/tcs-collaborates-with-sap-to-enable-enterprise-wide-genai-and-cloud-adoption-for-its-customers.html,https://technuter.com/breaking-news/tcs-collaborates-with-sap-to-enable-enterprise-wide-genai-and-cloud-adoption-for-its-customers.html,technuter.com,2025-04-30T16:00:00+05:30,2025-05-02,gdelt_gkg_observation,DIRECTLY_RELEVANT,"TCS Q4/FY25 earnings, revenue growth, order book, deal wins, hiring, leadership, or dividend."
20250430154500-885,TCS.NS,"TCS, SAP to accelerate cloud adoption for customers - The Hindu BusinessLine",https://www.thehindubusinessline.com/info-tech/tcs-sap-to-accelerate-cloud-adoption-for-customers/article69509958.ece,https://www.thehindubusinessline.com/info-tech/tcs-sap-to-accelerate-cloud-adoption-for-customers/article69509958.ece,thehindubusinessline.com,2025-04-30T21:15:00+05:30,2025-05-02,gdelt_gkg_observation,DIRECTLY_RELEVANT,"TCS Q4/FY25 earnings, revenue growth, order book, deal wins, hiring, leadership, or dividend."
